join_morning,finviz_asof,ticker,sector,price,avg_vol,mcap,rvol,change_pct,chg_open_pct,gap_pct,ah_change_pct,pweek,flag_rvol_ge_2,flag_rvol_ge_3,flag_rvol_ge_5,flag_abs_chg_ge_5,flag_abs_chg_ge_8,flag_abs_chg_ge_10,flag_abs_gap_ge_3,flag_abs_gap_ge_5,flag_abs_ah_chg_ge_2,flag_abs_ah_chg_ge_5,flag_pweek_ge_15,flag_pweek_ge_40,any_opp
2026-09-16,2026-09-15,A,Healthcare,150.27,2182.63,42365.44,0.77,2.36,2.22,0.14,0.0,2.33,0,0,0,0,0,0,0,0,0,0,0,0,0
2026-09-16,2026-09-15,AA,Basic Materials,46.52,5499.52,12277.07,0.66,-0.92,-1.4,0.49,-0.07,-10.09,0,0,0,0,0,0,0,0,0,0,0,0,0
2026-09-16,2026-09-15,AADX,Industrials,12.22,1305.33,2106.64,2.19,4.89,1.24,3.61,2.2,-1.37,1,0,0,0,0,0,1,0,1,0,0,0,1
2026-09-16,2026-09-15,AAL,Industrials,12.77,98846.16,8453.36,0.84,-2.52,-2.52,0.0,0.0,-1.08,0,0,0,0,0,0,0,0,0,0,0,0,0
2026-09-16,2026-09-15,AAOI,Technology,95.29,10431.46,8090.72,0.44,-0.49,-1.75,1.28,0.24,-14.58,0,0,0,0,0,0,0,0,0,0,0,0,0
2026-09-16,2026-09-15,AAON,Industrials,74.32,1104.94,6127.96,1.1,-1.62,-2.96,1.39,0.3,-6.4,0,0,0,0,0,0,0,0,0,0,0,0,0
2026-09-16,2026-09-15,AAP,Consumer Cyclical,43.47,1925.36,2625.58,0.72,-3.42,-2.82,-0.62,0.87,2.14,0,0,0,0,0,0,0,0,0,0,0,0,0
2026-09-16,2026-09-15,AAPL,Technology,331.34,53814.16,4835635.44,0.59,-0.52,0.36,-0.88,0.13,4.78,0,0,0,0,0,0,0,0,0,0,0,0,0
2026-09-16,2026-09-15,AAUC,Basic Materials,21.1,668.12,2940.29,0.7,-2.27,-2.36,0.09,0.09,-7.86,0,0,0,0,0,0,0,0,0,0,0,0,0
2026-09-16,2026-09-15,ABBV,Healthcare,263.04,6392.06,464822.55,0.8,0.49,1.17,-0.68,-0.03,5.73,0,0,0,0,0,0,0,0,0,0,0,0,0
2026-09-16,2026-09-15,ABCL,Healthcare,11.41,7428.28,3697.38,0.5,2.15,2.15,0.0,-0.46,-0.26,0,0,0,0,0,0,0,0,0,0,0,0,0
2026-09-16,2026-09-15,ABEO,Healthcare,5.47,1437.44,312.8,1.35,0.74,0.92,-0.18,0.0,-6.5,0,0,0,0,0,0,0,0,0,0,0,0,0
2026-09-16,2026-09-15,ABNB,Consumer Cyclical,168.32,4433.75,100787.62,0.55,-1.37,-0.33,-1.04,-0.06,-3.56,0,0,0,0,0,0,0,0,0,0,0,0,0
2026-09-16,2026-09-15,ABSI,Healthcare,7.94,4515.41,1362.62,0.52,-1.85,-1.43,-0.43,0.5,-10.89,0,0,0,0,0,0,0,0,0,0,0,0,0
2026-09-16,2026-09-15,ABT,Healthcare,102.03,10814.52,176551.01,0.69,-1.03,-0.92,-0.11,0.0,-3.31,0,0,0,0,0,0,0,0,0,0,0,0,0
2026-09-16,2026-09-15,ABTC,Financial,7.99,1652.68,581.83,0.81,-7.63,-5.09,-2.68,-0.9,-4.99,0,0,0,1,0,0,0,0,0,0,0,0,1
2026-09-16,2026-09-15,ABUS,Healthcare,5.06,3107.04,1002.41,1.3,-1.36,-0.98,-0.39,0.13,-2.32,0,0,0,0,0,0,0,0,0,0,0,0,0
2026-09-16,2026-09-15,ABVX,Healthcare,106.66,1440.39,9316.75,1.39,-6.09,-5.61,-0.51,1.13,-10.33,0,0,0,1,0,0,0,0,0,0,0,0,1
2026-09-16,2026-09-15,ABX,Financial,9.33,600.61,912.4,0.62,-1.69,-1.37,-0.32,-0.09,-4.11,0,0,0,0,0,0,0,0,0,0,0,0,0
2026-09-16,2026-09-15,ACA,Industrials,145.15,808.91,7127.85,0.61,0.0,0.02,-0.02,-0.06,-0.34,0,0,0,0,0,0,0,0,0,0,0,0,0
2026-09-16,2026-09-15,ACAD,Healthcare,26.76,1670.19,4610.9,0.66,-2.76,-2.73,-0.04,-0.04,-2.97,0,0,0,0,0,0,0,0,0,0,0,0,0
2026-09-16,2026-09-15,ACGL,Financial,97.04,2210.37,33112.87,1.87,-0.93,-0.85,-0.08,0.0,1.39,0,0,0,0,0,0,0,0,0,0,0,0,0
2026-09-16,2026-09-15,ACHC,Healthcare,27.38,2588.07,2549.09,0.46,-2.21,-2.0,-0.21,-0.79,-0.44,0,0,0,0,0,0,0,0,0,0,0,0,0
2026-09-16,2026-09-15,ACHR,Industrials,5.47,35214.69,4212.03,0.7,-0.73,0.0,-0.73,-0.16,-6.17,0,0,0,0,0,0,0,0,0,0,0,0,0
2026-09-16,2026-09-15,ACHV,Healthcare,7.32,1862.32,753.24,0.74,1.24,1.39,-0.14,1.23,-6.63,0,0,0,0,0,0,0,0,0,0,0,0,0
2026-09-16,2026-09-15,ACI,Consumer Defensive,12.84,8595.53,6231.58,1.16,0.94,1.5,-0.55,0.89,5.77,0,0,0,0,0,0,0,0,0,0,0,0,0
2026-09-16,2026-09-15,ACIW,Technology,51.29,1023.64,5177.99,0.92,-2.58,-1.44,-1.16,0.0,-1.33,0,0,0,0,0,0,0,0,0,0,0,0,0
2026-09-16,2026-09-15,ACM,Industrials,64.16,2047.48,8257.16,0.72,-0.68,0.22,-0.9,0.0,-2.85,0,0,0,0,0,0,0,0,0,0,0,0,0
2026-09-16,2026-09-15,ACMR,Technology,63.94,1212.78,4453.37,1.04,-4.37,-6.14,1.88,0.25,-16.86,0,0,0,0,0,0,0,0,0,0,0,0,0
2026-09-16,2026-09-15,ACN,Technology,193.4,8397.0,118349.61,0.68,-0.82,1.51,-2.29,-0.03,8.03,0,0,0,0,0,0,0,0,0,0,0,0,0
2026-09-16,2026-09-15,ACRS,Healthcare,5.53,2097.44,813.27,0.63,-2.04,-1.34,-0.71,1.0,-8.83,0,0,0,0,0,0,0,0,0,0,0,0,0
2026-09-16,2026-09-15,ACVA,Consumer Cyclical,10.43,5935.08,1771.1,2.06,0.19,0.0,0.19,0.0,48.36,1,0,0,0,0,0,0,0,0,0,1,1,1
2026-09-16,2026-09-15,ADBE,Technology,257.76,5842.16,102459.6,0.84,-2.95,-1.51,-1.47,0.23,0.19,0,0,0,0,0,0,0,0,0,0,0,0,0
2026-09-16,2026-09-15,ADC,Real Estate,70.07,1331.61,8715.26,0.99,-1.0,-0.78,-0.23,0.51,-3.72,0,0,0,0,0,0,0,0,0,0,0,0,0
2026-09-16,2026-09-15,ADEA,Technology,24.9,1265.0,2745.98,0.9,0.97,0.81,0.16,0.4,-8.46,0,0,0,0,0,0,0,0,0,0,0,0,0
2026-09-16,2026-09-15,ADI,Technology,361.35,4256.61,175097.73,0.56,0.09,-0.31,0.4,0.0,-0.51,0,0,0,0,0,0,0,0,0,0,0,0,0
2026-09-16,2026-09-15,ADIG,Technology,20.44,1082.63,1551.87,0.79,0.44,-0.1,0.54,0.0,-2.15,0,0,0,0,0,0,0,0,0,0,0,0,0
2026-09-16,2026-09-15,ADM,Consumer Defensive,86.61,3735.99,41742.52,0.84,0.2,0.7,-0.5,0.0,2.5,0,0,0,0,0,0,0,0,0,0,0,0,0
2026-09-16,2026-09-15,ADMA,Healthcare,8.61,2702.79,1928.51,1.33,-5.8,-5.18,-0.66,0.12,-9.75,0,0,0,1,0,0,0,0,0,0,0,0,1
2026-09-16,2026-09-15,ADNT,Consumer Cyclical,18.37,978.24,1416.27,0.84,-2.08,-4.82,2.88,0.0,-2.18,0,0,0,0,0,0,0,0,0,0,0,0,0
2026-09-16,2026-09-15,ADP,Technology,276.53,2464.18,109855.07,0.9,-0.04,0.94,-0.97,0.63,3.2,0,0,0,0,0,0,0,0,0,0,0,0,0
2026-09-16,2026-09-15,ADPT,Healthcare,26.68,2753.47,4258.02,1.5,7.67,7.58,0.08,1.57,9.61,0,0,0,1,0,0,0,0,0,0,0,0,1
2026-09-16,2026-09-15,ADSK,Technology,226.5,2459.9,47338.5,1.38,-1.06,1.24,-2.27,0.3,6.73,0,0,0,0,0,0,0,0,0,0,0,0,0
2026-09-16,2026-09-15,ADT,Industrials,7.1,7825.68,5186.97,0.77,0.28,1.0,-0.71,0.0,-1.66,0,0,0,0,0,0,0,0,0,0,0,0,0
2026-09-16,2026-09-15,ADTN,Technology,7.08,2080.01,576.89,0.89,0.57,-0.98,1.56,0.0,-6.6,0,0,0,0,0,0,0,0,0,0,0,0,0
2026-09-16,2026-09-15,AEE,Utilities,103.02,1624.65,28520.39,0.76,-0.91,-0.97,0.06,1.59,-3.48,0,0,0,0,0,0,0,0,0,0,0,0,0
2026-09-16,2026-09-15,AEG,Financial,9.06,4872.7,13378.9,1.06,0.0,-0.44,0.44,1.55,-0.66,0,0,0,0,0,0,0,0,0,0,0,0,0
2026-09-16,2026-09-15,AEHR,Technology,81.58,2714.81,2664.37,0.69,-2.15,-5.11,3.12,-0.47,-10.14,0,0,0,0,0,0,1,0,0,0,0,0,1
2026-09-16,2026-09-15,AEIS,Industrials,250.57,750.7,10035.44,0.97,-1.49,-2.88,1.44,-0.19,-13.21,0,0,0,0,0,0,0,0,0,0,0,0,0
2026-09-16,2026-09-15,AEM,Basic Materials,196.9,2978.65,100316.61,0.45,-0.33,-0.63,0.3,0.9,-2.45,0,0,0,0,0,0,0,0,0,0,0,0,0
2026-09-16,2026-09-15,AEO,Consumer Cyclical,14.81,5425.5,2481.76,1.37,-4.02,-3.46,-0.58,0.07,-14.0,0,0,0,0,0,0,0,0,0,0,0,0,0
2026-09-16,2026-09-15,AEP,Utilities,120.61,4349.03,65659.77,0.73,-1.33,-1.69,0.37,0.0,-3.84,0,0,0,0,0,0,0,0,0,0,0,0,0
2026-09-16,2026-09-15,AER,Industrials,138.32,1091.0,21360.77,1.4,-0.79,-0.95,0.16,0.0,-3.64,0,0,0,0,0,0,0,0,0,0,0,0,0
2026-09-16,2026-09-15,AES,Utilities,14.8,7577.11,10558.89,1.31,0.0,-0.2,0.2,0.0,-0.2,0,0,0,0,0,0,0,0,0,0,0,0,0
2026-09-16,2026-09-15,AESI,Energy,13.63,3179.86,1703.8,0.92,3.73,2.79,0.91,0.0,-2.57,0,0,0,0,0,0,0,0,0,0,0,0,0
2026-09-16,2026-09-15,AEVA,Technology,14.19,1838.54,989.12,0.62,-3.27,-3.14,-0.14,-0.21,-12.68,0,0,0,0,0,0,0,0,0,0,0,0,0
2026-09-16,2026-09-15,AFL,Financial,117.55,2214.55,58932.91,0.99,0.46,0.63,-0.17,0.0,2.08,0,0,0,0,0,0,0,0,0,0,0,0,0
2026-09-16,2026-09-15,AFRM,Financial,72.09,4421.28,24324.7,0.79,-1.76,-1.92,0.16,-0.06,0.01,0,0,0,0,0,0,0,0,0,0,0,0,0
2026-09-16,2026-09-15,AG,Basic Materials,18.64,10493.17,9187.84,0.52,-0.85,-1.43,0.59,0.16,-10.17,0,0,0,0,0,0,0,0,0,0,0,0,0
2026-09-16,2026-09-15,AGCO,Industrials,123.79,942.54,8669.23,0.91,1.22,1.13,0.09,0.0,-2.76,0,0,0,0,0,0,0,0,0,0,0,0,0
2026-09-16,2026-09-15,AGEN,Healthcare,7.16,4237.83,322.35,0.18,0.42,1.56,-1.12,1.12,-3.63,0,0,0,0,0,0,0,0,0,0,0,0,0
2026-09-16,2026-09-15,AGI,Basic Materials,35.17,4670.21,14722.16,0.94,-1.37,-1.68,0.31,1.43,-3.51,0,0,0,0,0,0,0,0,0,0,0,0,0
2026-09-16,2026-09-15,AGIO,Healthcare,32.81,1106.14,1958.82,1.22,-1.23,-1.26,0.03,0.0,-2.21,0,0,0,0,0,0,0,0,0,0,0,0,0
2026-09-16,2026-09-15,AGNC,Real Estate,9.96,18498.43,11807.4,1.53,-1.29,-1.29,0.0,0.2,-6.74,0,0,0,0,0,0,0,0,0,0,0,0,0
2026-09-16,2026-09-15,AGRO,Consumer Defensive,11.56,855.84,1668.2,0.8,-1.37,-0.69,-0.68,-1.3,-5.56,0,0,0,0,0,0,0,0,0,0,0,0,0
2026-09-16,2026-09-15,AHCO,Healthcare,5.82,2698.31,793.52,1.3,-1.02,-0.85,-0.17,0.0,-5.98,0,0,0,0,0,0,0,0,0,0,0,0,0
2026-09-16,2026-09-15,AHR,Real Estate,53.09,3331.52,11655.48,1.3,-0.58,-1.26,0.69,1.45,-2.77,0,0,0,0,0,0,0,0,0,0,0,0,0
2026-09-16,2026-09-15,AI,Technology,10.79,5389.81,1734.81,0.82,-3.4,-1.64,-1.79,0.37,2.66,0,0,0,0,0,0,0,0,0,0,0,0,0
2026-09-16,2026-09-15,AIG,Financial,75.98,3785.7,39729.42,0.93,-0.41,-0.21,-0.2,0.0,1.74,0,0,0,0,0,0,0,0,0,0,0,0,0
2026-09-16,2026-09-15,AIP,Technology,20.41,809.6,1003.19,0.69,-0.97,-0.97,0.0,-0.78,-10.17,0,0,0,0,0,0,0,0,0,0,0,0,0
2026-09-16,2026-09-15,AJG,Financial,248.04,1532.8,63572.65,1.07,-2.08,-1.25,-0.84,0.0,-1.36,0,0,0,0,0,0,0,0,0,0,0,0,0
2026-09-16,2026-09-15,AKAM,Technology,105.4,3577.93,15147.73,0.79,-0.16,-0.22,0.06,0.58,-0.2,0,0,0,0,0,0,0,0,0,0,0,0,0
2026-09-16,2026-09-15,ALAB,Technology,252.54,4782.43,43811.92,0.63,-1.75,-2.66,0.94,0.6,-12.57,0,0,0,0,0,0,0,0,0,0,0,0,0
2026-09-16,2026-09-15,ALB,Basic Materials,113.45,2344.37,13387.67,1.0,-1.37,-1.59,0.22,0.0,-12.44,0,0,0,0,0,0,0,0,0,0,0,0,0
2026-09-16,2026-09-15,ALC,Healthcare,67.76,1923.05,32667.1,0.78,0.03,1.04,-1.0,0.34,-1.97,0,0,0,0,0,0,0,0,0,0,0,0,0
2026-09-16,2026-09-15,ALGM,Technology,33.26,2775.67,6199.73,0.81,-1.74,-3.37,1.68,0.12,-8.8,0,0,0,0,0,0,0,0,0,0,0,0,0
2026-09-16,2026-09-15,ALGN,Healthcare,147.0,953.51,10442.86,1.08,-3.92,-2.94,-1.01,0.34,-4.23,0,0,0,0,0,0,0,0,0,0,0,0,0
2026-09-16,2026-09-15,ALGT,Industrials,78.16,559.34,2136.72,0.89,-0.43,-0.8,0.37,0.0,2.76,0,0,0,0,0,0,0,0,0,0,0,0,0
2026-09-16,2026-09-15,ALH,Consumer Cyclical,21.1,1091.85,4194.45,0.92,-0.8,-1.22,0.42,0.0,-5.08,0,0,0,0,0,0,0,0,0,0,0,0,0
2026-09-16,2026-09-15,ALHC,Healthcare,10.37,5100.45,2151.1,5.6,-19.86,-14.83,-5.91,-0.16,-22.96,1,1,1,1,1,1,1,1,0,0,0,0,1
2026-09-16,2026-09-15,ALIT,Technology,11.87,857.68,319.77,0.38,-4.04,-2.3,-1.78,1.1,-11.75,0,0,0,0,0,0,0,0,0,0,0,0,0
2026-09-16,2026-09-15,ALK,Industrials,39.91,2813.29,4454.08,1.01,-1.97,-1.6,-0.37,0.35,-2.04,0,0,0,0,0,0,0,0,0,0,0,0,0
2026-09-16,2026-09-15,ALKS,Healthcare,46.03,1883.33,7722.14,1.14,0.44,0.66,-0.22,0.0,1.19,0,0,0,0,0,0,0,0,0,0,0,0,0
2026-09-16,2026-09-15,ALKT,Technology,19.25,1630.43,2058.64,0.94,-3.17,-1.58,-1.61,0.0,-0.67,0,0,0,0,0,0,0,0,0,0,0,0,0
2026-09-16,2026-09-15,ALL,Financial,257.21,1746.21,65037.6,0.72,-0.49,-0.42,-0.07,0.0,1.48,0,0,0,0,0,0,0,0,0,0,0,0,0
2026-09-16,2026-09-15,ALLE,Industrials,154.6,1331.75,13146.69,0.8,-0.51,-0.01,-0.5,0.0,-0.93,0,0,0,0,0,0,0,0,0,0,0,0,0
2026-09-16,2026-09-15,ALLY,Financial,41.58,3036.21,12648.62,2.06,-0.86,-0.02,-0.83,-0.43,-1.66,1,0,0,0,0,0,0,0,0,0,0,0,1
2026-09-16,2026-09-15,ALM,Basic Materials,14.04,6557.89,4050.27,0.73,-4.49,-4.36,-0.14,0.28,-26.57,0,0,0,0,0,0,0,0,0,0,0,0,0
2026-09-16,2026-09-15,ALMS,Healthcare,8.4,2191.89,1121.36,1.83,-8.89,-8.5,-0.43,0.0,-20.6,0,0,0,1,1,0,0,0,0,0,0,0,1
2026-09-16,2026-09-15,ALMU,Technology,13.13,525.86,252.96,1.21,4.7,1.08,3.59,1.75,-1.35,0,0,0,0,0,0,1,0,0,0,0,0,1
2026-09-16,2026-09-15,ALNY,Healthcare,238.27,1825.07,31882.7,1.19,-4.69,-3.53,-1.2,0.48,-8.39,0,0,0,0,0,0,0,0,0,0,0,0,0
2026-09-16,2026-09-15,ALOY,Basic Materials,8.47,2791.85,587.63,0.51,-0.65,0.18,-0.82,-0.06,-16.11,0,0,0,0,0,0,0,0,0,0,0,0,0
2026-09-16,2026-09-15,ALSN,Consumer Cyclical,122.4,1050.48,10107.55,0.58,-0.88,-1.44,0.57,0.0,-6.25,0,0,0,0,0,0,0,0,0,0,0,0,0
2026-09-16,2026-09-15,ALV,Consumer Cyclical,116.2,663.27,8510.16,0.88,-1.94,-1.64,-0.3,0.0,-3.37,0,0,0,0,0,0,0,0,0,0,0,0,0
2026-09-16,2026-09-15,ALVO,Healthcare,5.02,934.31,1959.97,0.65,-0.59,-0.59,0.0,0.0,-3.28,0,0,0,0,0,0,0,0,0,0,0,0,0
2026-09-16,2026-09-15,AM,Energy,21.33,2349.29,10124.79,1.22,-1.34,-1.93,0.6,0.0,-6.86,0,0,0,0,0,0,0,0,0,0,0,0,0
2026-09-16,2026-09-15,AMAT,Technology,421.17,8948.94,334239.43,0.63,-0.72,-2.02,1.33,0.14,-10.92,0,0,0,0,0,0,0,0,0,0,0,0,0
2026-09-16,2026-09-15,AMBA,Technology,64.33,1811.12,2839.59,0.8,0.55,-1.21,1.78,0.89,1.34,0,0,0,0,0,0,0,0,0,0,0,0,0
2026-09-16,2026-09-15,AMBQ,Technology,60.85,572.67,1471.63,0.63,2.08,0.33,1.74,0.08,2.06,0,0,0,0,0,0,0,0,0,0,0,0,0
2026-09-16,2026-09-15,AMCR,Consumer Cyclical,42.46,3605.2,19631.19,0.96,0.5,0.35,0.14,0.0,-4.24,0,0,0,0,0,0,0,0,0,0,0,0,0
2026-09-16,2026-09-15,AMCX,Communication Services,12.19,625.62,502.84,0.86,-0.65,0.25,-0.9,0.0,0.91,0,0,0,0,0,0,0,0,0,0,0,0,0
2026-09-16,2026-09-15,AMD,Technology,504.2,25472.39,823093.9,0.67,2.19,0.5,1.68,-0.03,-0.3,0,0,0,0,0,0,0,0,0,0,0,0,0
2026-09-16,2026-09-15,AME,Industrials,234.45,1253.28,53750.3,1.14,0.34,-0.06,0.4,0.0,-1.39,0,0,0,0,0,0,0,0,0,0,0,0,0
2026-09-16,2026-09-15,AMGN,Healthcare,375.65,2686.44,203088.42,0.97,-1.53,-1.2,-0.33,0.46,-4.46,0,0,0,0,0,0,0,0,0,0,0,0,0
2026-09-16,2026-09-15,AMH,Real Estate,31.62,2201.23,11377.35,1.58,-0.03,0.73,-0.76,0.0,-2.11,0,0,0,0,0,0,0,0,0,0,0,0,0
2026-09-16,2026-09-15,AMKR,Technology,46.38,5424.37,11523.23,0.94,-1.57,-2.97,1.44,-0.04,-8.56,0,0,0,0,0,0,0,0,0,0,0,0,0
2026-09-16,2026-09-15,AMLX,Healthcare,33.15,2469.54,4160.76,0.74,-1.46,-0.21,-1.25,-1.96,-2.15,0,0,0,0,0,0,0,0,0,0,0,0,0
2026-09-16,2026-09-15,AMN,Healthcare,34.15,782.93,1322.63,1.41,-0.12,1.73,-1.81,-0.24,1.25,0,0,0,0,0,0,0,0,0,0,0,0,0
2026-09-16,2026-09-15,AMP,Financial,559.34,581.78,49408.31,1.18,0.14,0.63,-0.48,0.0,0.48,0,0,0,0,0,0,0,0,0,0,0,0,0
2026-09-16,2026-09-15,AMPL,Technology,13.37,2155.6,1670.12,0.6,-2.05,0.3,-2.34,-1.42,6.79,0,0,0,0,0,0,0,0,0,0,0,0,0
2026-09-16,2026-09-15,AMPX,Industrials,9.16,6081.95,1338.1,0.62,-0.11,-0.11,0.0,0.0,-11.84,0,0,0,0,0,0,0,0,0,0,0,0,0
2026-09-16,2026-09-15,AMRC,Industrials,22.35,660.7,1186.03,1.22,-1.46,-2.78,1.37,0.0,-6.6,0,0,0,0,0,0,0,0,0,0,0,0,0
2026-09-16,2026-09-15,AMRX,Healthcare,16.65,1925.09,5317.24,0.93,-3.31,-3.31,0.0,0.77,-2.35,0,0,0,0,0,0,0,0,0,0,0,0,0
2026-09-16,2026-09-15,AMRZ,Basic Materials,39.4,3525.84,21809.34,1.32,-0.08,-0.15,0.08,0.0,-6.08,0,0,0,0,0,0,0,0,0,0,0,0,0
2026-09-16,2026-09-15,AMSC,Industrials,27.7,769.11,1341.85,0.94,1.54,0.04,1.5,0.47,-9.0,0,0,0,0,0,0,0,0,0,0,0,0,0
2026-09-16,2026-09-15,AMT,Real Estate,177.71,2869.62,82805.76,0.79,0.44,0.92,-0.48,0.0,1.13,0,0,0,0,0,0,0,0,0,0,0,0,0
2026-09-16,2026-09-15,AMTM,Industrials,20.14,2096.55,4924.36,0.93,2.03,2.7,-0.66,-0.17,0.0,0,0,0,0,0,0,0,0,0,0,0,0,0
2026-09-16,2026-09-15,AMX,Communication Services,23.2,2223.14,71005.92,3.2,0.35,0.78,-0.43,-0.0,0.87,1,1,0,0,0,0,0,0,0,0,0,0,1
2026-09-16,2026-09-15,AMZN,Consumer Cyclical,248.42,46860.39,2679536.21,0.77,-2.02,-1.51,-0.51,0.01,-3.33,0,0,0,0,0,0,0,0,0,0,0,0,0
2026-09-16,2026-09-15,ANAB,Healthcare,54.68,592.97,1618.99,0.59,1.05,0.74,0.31,0.0,-3.39,0,0,0,0,0,0,0,0,0,0,0,0,0
2026-09-16,2026-09-15,ANET,Technology,192.84,7246.3,243214.55,0.68,2.68,0.5,2.17,-0.1,-1.09,0,0,0,0,0,0,0,0,0,0,0,0,0
2026-09-16,2026-09-15,ANF,Consumer Cyclical,135.17,1537.99,5735.85,0.97,-3.88,-3.55,-0.33,0.33,-10.74,0,0,0,0,0,0,0,0,0,0,0,0,0
2026-09-16,2026-09-15,ANGX,Communication Services,5.27,1445.77,984.2,1.84,-3.83,-3.66,-0.18,-1.71,8.44,0,0,0,0,0,0,0,0,0,0,0,0,0
2026-09-16,2026-09-15,ANRO,Healthcare,30.25,553.66,1187.07,0.76,-4.51,-3.66,-0.88,0.0,-15.53,0,0,0,0,0,0,0,0,0,0,0,0,0
2026-09-16,2026-09-15,AON,Financial,304.67,1476.83,64628.26,1.22,-2.21,-2.22,0.02,0.0,-3.52,0,0,0,0,0,0,0,0,0,0,0,0,0
2026-09-16,2026-09-15,AORT,Healthcare,25.38,715.65,1237.43,1.33,1.64,1.97,-0.32,1.46,0.99,0,0,0,0,0,0,0,0,0,0,0,0,0
2026-09-16,2026-09-15,AOS,Industrials,57.22,1637.51,7776.68,0.75,-0.28,-0.45,0.17,0.0,-2.72,0,0,0,0,0,0,0,0,0,0,0,0,0
2026-09-16,2026-09-15,AOSL,Technology,24.76,657.17,749.22,0.82,2.23,0.81,1.4,-1.94,-2.94,0,0,0,0,0,0,0,0,0,0,0,0,0
2026-09-16,2026-09-15,APA,Energy,47.41,5592.55,16610.17,1.15,5.29,3.81,1.42,0.0,8.86,0,0,0,1,0,0,0,0,0,0,0,0,1
2026-09-16,2026-09-15,APAM,Financial,36.73,849.42,2977.79,0.83,-2.03,-1.77,-0.27,0.0,-10.55,0,0,0,0,0,0,0,0,0,0,0,0,0
2026-09-16,2026-09-15,APD,Basic Materials,290.56,1212.06,64703.51,0.82,1.19,0.89,0.3,0.0,-2.4,0,0,0,0,0,0,0,0,0,0,0,0,0
2026-09-16,2026-09-15,APG,Industrials,36.97,3058.86,16124.85,0.89,-0.4,-0.75,0.35,0.0,-8.03,0,0,0,0,0,0,0,0,0,0,0,0,0
2026-09-16,2026-09-15,APGE,Healthcare,135.07,2766.03,10223.45,0.0,0.0,0.0,0.0,,,0,0,0,0,0,0,0,0,0,0,0,0,0
2026-09-16,2026-09-15,APH,Technology,77.65,13799.33,191482.35,0.63,-1.15,-1.06,-0.09,0.06,-5.03,0,0,0,0,0,0,0,0,0,0,0,0,0
2026-09-16,2026-09-15,APLD,Technology,23.42,18163.04,6826.21,0.74,-4.72,-3.58,-1.18,0.81,-17.27,0,0,0,0,0,0,0,0,0,0,0,0,0
2026-09-16,2026-09-15,APLE,Real Estate,15.44,2844.06,3645.12,0.72,-0.26,-0.13,-0.13,0.06,1.18,0,0,0,0,0,0,0,0,0,0,0,0,0
2026-09-16,2026-09-15,APO,Financial,127.0,3918.94,74998.99,0.65,-1.02,-0.98,-0.04,0.0,-3.65,0,0,0,0,0,0,0,0,0,0,0,0,0
2026-09-16,2026-09-15,APP,Communication Services,331.46,5950.76,110923.41,1.11,-0.83,0.95,-1.77,-0.72,6.23,0,0,0,0,0,0,0,0,0,0,0,0,0
2026-09-16,2026-09-15,APPN,Technology,37.92,879.21,2716.14,0.84,-1.02,-0.29,-0.73,0.18,9.66,0,0,0,0,0,0,0,0,0,0,0,0,0
2026-09-16,2026-09-15,APPS,Technology,11.38,3899.13,1377.17,0.6,-2.94,-1.13,-1.83,-0.19,0.71,0,0,0,0,0,0,0,0,0,0,0,0,0
2026-09-16,2026-09-15,APTV,Consumer Cyclical,43.75,3826.2,9083.96,0.97,-2.32,-0.93,-1.41,0.25,-4.33,0,0,0,0,0,0,0,0,0,0,0,0,0
2026-09-16,2026-09-15,AQN,Utilities,5.28,4095.02,4186.51,1.09,-1.31,-1.12,-0.19,0.0,-7.04,0,0,0,0,0,0,0,0,0,0,0,0,0
2026-09-16,2026-09-15,AR,Energy,38.83,4284.75,11937.86,0.84,1.92,0.34,1.57,0.0,-0.64,0,0,0,0,0,0,0,0,0,0,0,0,0
2026-09-16,2026-09-15,ARCC,Financial,19.37,4621.84,13908.1,0.87,-2.17,0.23,-2.39,0.26,-1.68,0,0,0,0,0,0,0,0,0,0,0,0,0
2026-09-16,2026-09-15,ARCO,Consumer Cyclical,7.78,1164.61,1620.99,0.89,-2.02,-2.14,0.13,1.93,-4.89,0,0,0,0,0,0,0,0,0,0,0,0,0
2026-09-16,2026-09-15,ARCT,Healthcare,15.84,856.5,450.22,0.65,3.6,3.29,0.29,-1.39,1.34,0,0,0,0,0,0,0,0,0,0,0,0,0
2026-09-16,2026-09-15,ARE,Real Estate,52.93,1821.54,9222.92,0.95,1.87,2.44,-0.56,0.0,4.25,0,0,0,0,0,0,0,0,0,0,0,0,0
2026-09-16,2026-09-15,ARES,Financial,129.1,2252.88,42638.79,0.6,-1.84,-1.84,0.0,0.0,-6.87,0,0,0,0,0,0,0,0,0,0,0,0,0
2026-09-16,2026-09-15,ARHS,Consumer Cyclical,7.3,1301.72,1035.49,0.77,-10.04,-9.7,-0.37,0.93,-13.75,0,0,0,1,1,1,0,0,0,0,0,0,1
2026-09-16,2026-09-15,ARI,Real Estate,6.51,5318.3,836.83,0.36,-0.91,-0.61,-0.3,1.14,-4.12,0,0,0,0,0,0,0,0,0,0,0,0,0
2026-09-16,2026-09-15,ARIS,Basic Materials,18.56,1550.07,3830.78,0.55,-0.64,-1.12,0.48,0.11,-7.11,0,0,0,0,0,0,0,0,0,0,0,0,0
2026-09-16,2026-09-15,ARLO,Industrials,13.52,1302.89,1454.93,1.11,-1.74,-2.24,0.51,0.22,-4.18,0,0,0,0,0,0,0,0,0,0,0,0,0
2026-09-16,2026-09-15,ARM,Technology,241.83,6273.22,258274.44,0.6,1.18,0.08,1.09,-0.23,-7.53,0,0,0,0,0,0,0,0,0,0,0,0,0
2026-09-16,2026-09-15,ARMK,Industrials,58.28,2522.57,15364.06,1.35,-0.43,-0.66,0.24,0.0,1.22,0,0,0,0,0,0,0,0,0,0,0,0,0
2026-09-16,2026-09-15,AROC,Energy,30.58,1972.18,5361.84,1.45,0.3,-0.1,0.39,0.0,-8.33,0,0,0,0,0,0,0,0,0,0,0,0,0
2026-09-16,2026-09-15,ARQQ,Technology,18.27,698.19,317.95,1.1,12.15,9.66,2.27,0.16,-19.12,0,0,0,1,1,1,0,0,0,0,0,0,1
2026-09-16,2026-09-15,ARQT,Healthcare,23.51,1745.45,2955.01,1.98,-3.13,-2.97,-0.16,0.0,-3.61,0,0,0,0,0,0,0,0,0,0,0,0,0
2026-09-16,2026-09-15,ARR,Real Estate,15.05,3855.61,2130.37,0.92,-2.9,-1.63,-1.29,0.47,-7.27,0,0,0,0,0,0,0,0,0,0,0,0,0
2026-09-16,2026-09-15,ARVN,Healthcare,8.26,771.1,540.09,3.27,-1.67,-0.96,-0.71,0.61,-9.03,1,1,0,0,0,0,0,0,0,0,0,0,1
2026-09-16,2026-09-15,ARW,Technology,212.83,591.15,10834.2,0.94,-0.48,-1.95,1.5,0.0,-2.11,0,0,0,0,0,0,0,0,0,0,0,0,0
2026-09-16,2026-09-15,ARWR,Healthcare,70.67,2033.32,9982.46,2.15,-12.4,-14.74,2.75,1.63,-16.97,1,0,0,1,1,1,0,0,0,0,0,0,1
2026-09-16,2026-09-15,ARX,Financial,19.81,3723.33,4302.51,0.6,-0.1,-0.25,0.15,0.0,-0.15,0,0,0,0,0,0,0,0,0,0,0,0,0
2026-09-16,2026-09-15,ARXS,Industrials,49.72,905.23,21420.68,0.76,1.24,1.06,0.18,0.56,-6.52,0,0,0,0,0,0,0,0,0,0,0,0,0
2026-09-16,2026-09-15,AS,Consumer Cyclical,26.62,5534.32,15488.11,1.22,-3.38,-2.1,-1.31,1.09,-7.22,0,0,0,0,0,0,0,0,0,0,0,0,0
2026-09-16,2026-09-15,ASAN,Technology,9.5,5495.68,2175.21,1.05,-1.66,0.74,-2.38,-3.79,8.08,0,0,0,0,0,0,0,0,1,0,0,0,1
2026-09-16,2026-09-15,ASB,Financial,30.32,1947.84,5725.92,1.29,1.27,1.37,-0.1,0.0,-0.62,0,0,0,0,0,0,0,0,0,0,0,0,0
2026-09-16,2026-09-15,ASC,Industrials,18.74,626.08,765.56,1.1,-0.05,-0.05,0.0,1.09,4.17,0,0,0,0,0,0,0,0,0,0,0,0,0
2026-09-16,2026-09-15,ASH,Basic Materials,70.27,797.22,3217.9,0.87,0.86,0.8,0.06,0.47,-3.24,0,0,0,0,0,0,0,0,0,0,0,0,0
2026-09-16,2026-09-15,ASM,Basic Materials,6.14,3930.87,1042.88,0.88,-1.44,-2.23,0.8,0.61,-15.89,0,0,0,0,0,0,0,0,0,0,0,0,0
2026-09-16,2026-09-15,ASML,Technology,1591.48,1683.93,613388.21,0.94,1.04,-1.49,2.57,0.11,-9.82,0,0,0,0,0,0,0,0,0,0,0,0,0
2026-09-16,2026-09-15,ASND,Healthcare,239.77,656.3,15745.7,4.51,-9.49,-6.77,-2.93,0.09,-11.23,1,1,0,1,1,0,0,0,0,0,0,0,1
2026-09-16,2026-09-15,ASO,Consumer Cyclical,50.44,1703.47,3106.03,1.36,-7.02,-5.9,-1.2,0.12,12.82,0,0,0,1,0,0,0,0,0,0,0,0,1
2026-09-16,2026-09-15,ASST,Financial,27.57,5722.4,2571.25,1.88,-5.03,-1.54,-3.55,-1.52,1.51,0,0,0,1,0,0,1,0,0,0,0,0,1
2026-09-16,2026-09-15,ASTH,Healthcare,38.35,557.38,1902.32,0.56,-3.16,-3.4,0.25,-3.18,0.66,0,0,0,0,0,0,0,0,1,0,0,0,1
2026-09-16,2026-09-15,ASTS,Technology,58.77,14821.35,22871.37,0.49,-2.05,-1.57,-0.48,-0.2,-11.12,0,0,0,0,0,0,0,0,0,0,0,0,0
2026-09-16,2026-09-15,ASX,Technology,37.12,9227.28,81619.82,0.45,0.11,-1.72,1.86,-0.16,-6.71,0,0,0,0,0,0,0,0,0,0,0,0,0
2026-09-16,2026-09-15,ATAI,Healthcare,7.35,14359.01,2725.86,0.0,0.0,0.0,0.0,,-0.54,0,0,0,0,0,0,0,0,0,0,0,0,0
2026-09-16,2026-09-15,ATAT,Consumer Cyclical,31.3,926.88,3533.77,1.34,-3.57,-2.46,-1.14,0.0,-5.95,0,0,0,0,0,0,0,0,0,0,0,0,0
2026-09-16,2026-09-15,ATEC,Healthcare,10.66,2555.18,1646.45,1.12,-1.84,-1.3,-0.55,0.09,16.0,0,0,0,0,0,0,0,0,0,0,1,0,1
2026-09-16,2026-09-15,ATEN,Technology,26.75,1310.67,1942.29,1.06,4.45,5.31,-0.82,-1.94,9.09,0,0,0,0,0,0,0,0,0,0,0,0,0
2026-09-16,2026-09-15,ATHM,Communication Services,21.35,804.56,2471.48,0.65,-1.66,0.19,-1.84,0.0,-2.2,0,0,0,0,0,0,0,0,0,0,0,0,0
2026-09-16,2026-09-15,ATI,Industrials,186.69,1722.81,25421.65,1.08,-0.78,-2.45,1.71,0.7,-9.95,0,0,0,0,0,0,0,0,0,0,0,0,0
2026-09-16,2026-09-15,ATKR,Industrials,94.55,781.93,3193.24,1.32,0.51,0.24,0.27,0.01,0.72,0,0,0,0,0,0,0,0,0,0,0,0,0
2026-09-16,2026-09-15,ATMU,Consumer Cyclical,44.31,707.4,3615.49,1.08,-0.14,-0.52,0.38,0.0,-6.58,0,0,0,0,0,0,0,0,0,0,0,0,0
2026-09-16,2026-09-15,ATO,Utilities,162.04,1075.91,27382.9,1.03,-1.1,-1.08,-0.02,0.0,-3.59,0,0,0,0,0,0,0,0,0,0,0,0,0
2026-09-16,2026-09-15,ATRC,Healthcare,56.22,950.44,2859.7,1.51,0.77,0.39,0.38,0.7,4.63,0,0,0,0,0,0,0,0,0,0,0,0,0
2026-09-16,2026-09-15,ATRO,Industrials,66.64,676.97,2860.52,1.1,-6.09,-6.1,0.01,1.49,-12.32,0,0,0,1,0,0,0,0,0,0,0,0,1
2026-09-16,2026-09-15,AU,Basic Materials,100.71,3095.49,50859.3,0.45,0.23,-0.42,0.65,-0.7,-6.6,0,0,0,0,0,0,0,0,0,0,0,0,0
2026-09-16,2026-09-15,AUB,Financial,39.89,1147.95,5696.89,0.84,-0.13,0.18,-0.3,-0.03,-0.82,0,0,0,0,0,0,0,0,0,0,0,0,0
2026-09-16,2026-09-15,AUGO,Basic Materials,85.77,1030.68,7186.6,1.02,-0.61,-0.48,-0.14,-0.2,0.54,0,0,0,0,0,0,0,0,0,0,0,0,0
2026-09-16,2026-09-15,AUPH,Healthcare,16.13,1372.97,2146.12,0.69,-1.71,-1.35,-0.37,1.67,0.37,0,0,0,0,0,0,0,0,0,0,0,0,0
2026-09-16,2026-09-15,AUR,Consumer Cyclical,6.44,27311.2,12906.7,0.88,-0.31,-1.83,1.55,-0.62,-1.08,0,0,0,0,0,0,0,0,0,0,0,0,0
2026-09-16,2026-09-15,AURA,Healthcare,6.92,663.03,717.64,1.07,-1.28,-2.67,1.43,-1.01,-5.98,0,0,0,0,0,0,0,0,0,0,0,0,0
2026-09-16,2026-09-15,AVA,Utilities,36.31,699.35,3041.06,1.51,-0.93,-1.06,0.14,0.0,-3.46,0,0,0,0,0,0,0,0,0,0,0,0,0
2026-09-16,2026-09-15,AVAH,Healthcare,14.31,2821.7,3123.74,1.23,-0.49,-0.21,-0.28,-0.34,4.76,0,0,0,0,0,0,0,0,0,0,0,0,0
2026-09-16,2026-09-15,AVAV,Industrials,156.99,1907.38,7978.35,1.32,2.34,3.1,-0.74,0.0,5.52,0,0,0,0,0,0,0,0,0,0,0,0,0
2026-09-16,2026-09-15,AVBP,Healthcare,27.97,530.84,1379.14,0.64,-2.1,-1.89,-0.21,0.0,-7.63,0,0,0,0,0,0,0,0,0,0,0,0,0
2026-09-16,2026-09-15,AVEX,Industrials,16.13,1898.45,1839.49,0.58,-0.8,-1.04,0.25,0.87,-5.73,0,0,0,0,0,0,0,0,0,0,0,0,0
2026-09-16,2026-09-15,AVGO,Technology,339.27,23924.79,1619549.36,1.04,-1.58,-1.96,0.38,0.04,-7.95,0,0,0,0,0,0,0,0,0,0,0,0,0
2026-09-16,2026-09-15,AVNT,Basic Materials,40.97,882.0,3757.75,0.9,-0.46,-0.51,0.05,1.95,-3.85,0,0,0,0,0,0,0,0,0,0,0,0,0
2026-09-16,2026-09-15,AVO,Consumer Defensive,12.39,1008.67,1086.34,0.93,-3.28,-3.28,0.0,0.89,-3.73,0,0,0,0,0,0,0,0,0,0,0,0,0
2026-09-16,2026-09-15,AVPT,Technology,13.6,2200.42,2876.23,0.94,-0.04,1.68,-1.69,0.0,3.19,0,0,0,0,0,0,0,0,0,0,0,0,0
2026-09-16,2026-09-15,AVR,Healthcare,8.34,1036.29,812.81,0.56,-4.36,-3.92,-0.46,0.72,-3.25,0,0,0,0,0,0,0,0,0,0,0,0,0
2026-09-16,2026-09-15,AVT,Technology,92.64,1218.76,7603.24,1.18,0.32,0.32,0.0,-1.77,0.24,0,0,0,0,0,0,0,0,0,0,0,0,0
2026-09-16,2026-09-15,AVTR,Healthcare,15.44,9221.06,10442.98,0.89,1.85,1.45,0.4,0.0,1.25,0,0,0,0,0,0,0,0,0,0,0,0,0
2026-09-16,2026-09-15,AVTX,Healthcare,16.07,1230.7,861.83,0.9,-0.68,-0.37,-0.31,-1.99,-18.47,0,0,0,0,0,0,0,0,0,0,0,0,0
2026-09-16,2026-09-15,AVY,Consumer Cyclical,171.52,886.53,12999.18,0.78,0.35,0.51,-0.16,0.0,0.48,0,0,0,0,0,0,0,0,0,0,0,0,0
2026-09-16,2026-09-15,AWK,Utilities,138.02,2271.83,27428.58,0.73,-0.65,-0.53,-0.12,0.0,-1.68,0,0,0,0,0,0,0,0,0,0,0,0,0
2026-09-16,2026-09-15,AXGN,Healthcare,44.97,1286.05,2417.66,1.09,2.72,2.55,0.16,0.0,-3.68,0,0,0,0,0,0,0,0,0,0,0,0,0
2026-09-16,2026-09-15,AXON,Industrials,442.08,951.54,35913.43,2.92,-9.81,-5.47,-4.59,0.39,-12.53,1,0,0,1,1,0,1,0,0,0,0,0,1
2026-09-16,2026-09-15,AXP,Financial,324.43,2848.94,219090.76,0.72,-1.02,-0.68,-0.34,0.21,-0.51,0,0,0,0,0,0,0,0,0,0,0,0,0
2026-09-16,2026-09-15,AXS,Financial,100.54,701.04,7336.03,1.18,0.54,1.25,-0.7,-1.65,1.96,0,0,0,0,0,0,0,0,0,0,0,0,0
2026-09-16,2026-09-15,AXSM,Healthcare,204.07,839.95,10689.36,0.7,-5.78,-5.09,-0.72,0.95,-1.8,0,0,0,1,0,0,0,0,0,0,0,0,1
2026-09-16,2026-09-15,AXTA,Basic Materials,33.29,1732.24,7124.72,1.63,-1.13,-0.98,-0.15,0.0,-6.3,0,0,0,0,0,0,0,0,0,0,0,0,0
2026-09-16,2026-09-15,AXTI,Technology,57.7,10326.07,3783.58,0.45,1.12,-0.38,1.51,-0.59,-17.05,0,0,0,0,0,0,0,0,0,0,0,0,0
2026-09-16,2026-09-15,AYA,Basic Materials,26.7,838.56,3845.87,1.13,-0.78,-1.15,0.37,-0.33,-8.4,0,0,0,0,0,0,0,0,0,0,0,0,0
2026-09-16,2026-09-15,AZN,Healthcare,161.85,3233.08,251011.56,0.91,-1.18,0.27,-1.44,-0.09,1.13,0,0,0,0,0,0,0,0,0,0,0,0,0
2026-09-16,2026-09-15,AZTA,Healthcare,33.03,717.92,1446.99,1.0,3.09,3.45,-0.34,0.0,7.17,0,0,0,0,0,0,0,0,0,0,0,0,0
2026-09-16,2026-09-15,B,Basic Materials,42.7,10038.7,70279.08,0.71,0.64,0.29,0.34,0.07,-3.17,0,0,0,0,0,0,0,0,0,0,0,0,0
2026-09-16,2026-09-15,BA,Industrials,209.69,5532.79,165732.68,0.65,-0.28,-0.56,0.29,0.0,-0.49,0,0,0,0,0,0,0,0,0,0,0,0,0
2026-09-16,2026-09-15,BABA,Consumer Cyclical,109.34,12225.87,271778.78,0.63,0.1,-0.38,0.49,-0.03,-2.95,0,0,0,0,0,0,0,0,0,0,0,0,0
2026-09-16,2026-09-15,BAC,Financial,59.52,32798.64,416208.39,1.55,0.08,0.26,-0.18,0.25,-4.6,0,0,0,0,0,0,0,0,0,0,0,0,0
2026-09-16,2026-09-15,BAH,Industrials,80.06,2208.24,9630.01,0.84,1.2,2.63,-1.39,-0.25,11.02,0,0,0,0,0,0,0,0,0,0,0,0,0
2026-09-16,2026-09-15,BALL,Consumer Cyclical,61.01,2181.59,16149.55,0.98,0.49,0.58,-0.08,0.0,-0.02,0,0,0,0,0,0,0,0,0,0,0,0,0
2026-09-16,2026-09-15,BAM,Financial,45.84,2567.57,75096.46,1.03,-1.69,-1.57,-0.13,0.31,-6.2,0,0,0,0,0,0,0,0,0,0,0,0,0
2026-09-16,2026-09-15,BANC,Financial,18.6,2971.12,2946.76,1.04,0.76,1.09,-0.33,-0.17,-0.11,0,0,0,0,0,0,0,0,0,0,0,0,0
2026-09-16,2026-09-15,BAND,Technology,50.08,1243.6,1611.61,0.78,2.27,1.15,1.1,-1.96,14.81,0,0,0,0,0,0,0,0,0,0,0,0,0
2026-09-16,2026-09-15,BATRK,Communication Services,50.7,572.13,3259.81,1.13,1.58,2.14,-0.54,0.0,0.48,0,0,0,0,0,0,0,0,0,0,0,0,0
2026-09-16,2026-09-15,BAX,Healthcare,23.71,6349.62,12257.97,0.97,-0.63,-0.96,0.34,0.0,-4.63,0,0,0,0,0,0,0,0,0,0,0,0,0
2026-09-16,2026-09-15,BB,Technology,7.8,19073.5,4571.58,0.41,0.65,1.43,-0.77,-0.13,-0.89,0,0,0,0,0,0,0,0,0,0,0,0,0
2026-09-16,2026-09-15,BBAR,Financial,14.56,679.58,2973.73,0.57,-1.62,-1.09,-0.54,0.0,-2.41,0,0,0,0,0,0,0,0,0,0,0,0,0
2026-09-16,2026-09-15,BBDC,Financial,8.73,719.55,914.09,0.54,-0.46,0.0,-0.46,-0.57,-1.47,0,0,0,0,0,0,0,0,0,0,0,0,0
2026-09-16,2026-09-15,BBIO,Healthcare,68.39,3034.23,13369.76,1.32,-5.51,-5.36,-0.17,0.31,-8.52,0,0,0,1,0,0,0,0,0,0,0,0,1
2026-09-16,2026-09-15,BBNX,Healthcare,19.23,1150.11,865.15,1.48,14.94,14.94,0.0,-7.96,-0.52,0,0,0,1,1,1,0,0,1,1,0,0,1
2026-09-16,2026-09-15,BBT,Financial,31.33,844.21,2625.96,1.31,-0.1,0.0,-0.1,0.0,-0.35,0,0,0,0,0,0,0,0,0,0,0,0,0
2026-09-16,2026-09-15,BBVA,Financial,28.83,1427.09,158686.09,0.66,-0.93,-0.24,-0.69,-1.08,-1.57,0,0,0,0,0,0,0,0,0,0,0,0,0
2026-09-16,2026-09-15,BBW,Consumer Cyclical,25.74,543.38,317.1,1.24,-5.23,-6.37,1.22,0.97,-11.67,0,0,0,1,0,0,0,0,0,0,0,0,1
2026-09-16,2026-09-15,BBWI,Consumer Cyclical,16.72,5879.23,3371.51,1.45,-6.64,-6.64,0.0,0.6,-11.53,0,0,0,1,0,0,0,0,0,0,0,0,1
2026-09-16,2026-09-15,BBY,Consumer Cyclical,93.24,3805.28,19555.01,0.97,-1.68,-1.85,0.18,0.0,4.38,0,0,0,0,0,0,0,0,0,0,0,0,0
2026-09-16,2026-09-15,BC,Consumer Cyclical,68.8,712.85,4458.06,1.21,-1.91,-1.08,-0.84,0.0,-4.38,0,0,0,0,0,0,0,0,0,0,0,0,0
2026-09-16,2026-09-15,BCAX,Healthcare,22.67,718.8,1500.14,0.98,-2.28,-1.9,-0.39,0.0,-4.39,0,0,0,0,0,0,0,0,0,0,0,0,0
2026-09-16,2026-09-15,BCE,Communication Services,22.9,3665.69,21354.94,2.0,-2.43,-1.72,-0.72,0.1,-3.17,1,0,0,0,0,0,0,0,0,0,0,0,1
2026-09-16,2026-09-15,BCO,Industrials,108.85,505.58,4483.49,0.72,-0.39,0.44,-0.83,0.0,3.2,0,0,0,0,0,0,0,0,0,0,0,0,0
2026-09-16,2026-09-15,BCRX,Healthcare,8.16,4478.97,2085.16,1.36,-0.85,-0.37,-0.49,-0.86,-9.98,0,0,0,0,0,0,0,0,0,0,0,0,0
2026-09-16,2026-09-15,BCS,Financial,25.44,4292.06,85277.43,1.51,-1.62,-1.28,-0.35,-1.22,-5.07,0,0,0,0,0,0,0,0,0,0,0,0,0
2026-09-16,2026-09-15,BDC,Technology,111.33,509.38,4350.58,1.31,-1.83,-2.68,0.86,0.57,-8.78,0,0,0,0,0,0,0,0,0,0,0,0,0
2026-09-16,2026-09-15,BDX,Healthcare,185.92,2090.25,50642.15,1.0,1.65,1.94,-0.28,-0.13,3.81,0,0,0,0,0,0,0,0,0,0,0,0,0
2026-09-16,2026-09-15,BE,Industrials,259.35,15194.42,76385.67,0.71,0.89,-0.63,1.54,0.02,-6.45,0,0,0,0,0,0,0,0,0,0,0,0,0
2026-09-16,2026-09-15,BEAM,Healthcare,23.22,2146.1,2398.34,1.2,-3.73,-2.52,-1.24,0.3,-13.46,0,0,0,0,0,0,0,0,0,0,0,0,0
2026-09-16,2026-09-15,BEKE,Real Estate,16.21,3909.06,17108.84,1.64,-2.93,-0.25,-2.69,-0.99,-6.14,0,0,0,0,0,0,0,0,0,0,0,0,0
2026-09-16,2026-09-15,BEN,Financial,33.29,4150.9,16913.88,0.71,-0.54,-0.36,-0.18,0.0,-3.92,0,0,0,0,0,0,0,0,0,0,0,0,0
2026-09-16,2026-09-15,BEP,Utilities,28.81,919.23,8646.17,0.8,-2.11,-2.54,0.44,0.0,-10.33,0,0,0,0,0,0,0,0,0,0,0,0,0
2026-09-16,2026-09-15,BEPC,Utilities,29.05,1705.38,5392.93,1.05,-2.22,-2.35,0.13,1.55,-10.78,0,0,0,0,0,0,0,0,0,0,0,0,0
2026-09-16,2026-09-15,BETA,Industrials,20.66,1785.72,4833.22,1.53,-0.1,0.05,-0.15,-0.63,-2.27,0,0,0,0,0,0,0,0,0,0,0,0,0
2026-09-16,2026-09-15,BETR,Financial,12.77,529.67,242.77,0.97,0.04,1.19,-1.14,-1.76,-6.1,0,0,0,0,0,0,0,0,0,0,0,0,0
2026-09-16,2026-09-15,BF-B,Consumer Defensive,26.18,2503.49,12098.79,0.88,-0.23,0.61,-0.84,0.0,-0.8,0,0,0,0,0,0,0,0,0,0,0,0,0
2026-09-16,2026-09-15,BFAM,Consumer Cyclical,67.41,849.38,3278.5,1.43,0.81,1.51,-0.69,-1.94,1.2,0,0,0,0,0,0,0,0,0,0,0,0,0
2026-09-16,2026-09-15,BFH,Financial,107.65,591.04,4135.84,1.24,-1.45,-2.19,0.76,-1.53,-0.51,0,0,0,0,0,0,0,0,0,0,0,0,0
2026-09-16,2026-09-15,BFLY,Healthcare,7.8,8089.41,2116.02,0.88,5.26,5.55,-0.27,-0.38,3.72,0,0,0,1,0,0,0,0,0,0,0,0,1
2026-09-16,2026-09-15,BG,Consumer Defensive,121.76,1542.64,23392.42,0.98,0.44,0.82,-0.38,0.0,-1.72,0,0,0,0,0,0,0,0,0,0,0,0,0
2026-09-16,2026-09-15,BGC,Financial,12.14,3142.0,5772.16,1.38,-0.16,0.5,-0.66,0.0,1.42,0,0,0,0,0,0,0,0,0,0,0,0,0
2026-09-16,2026-09-15,BHC,Healthcare,5.67,3628.06,2120.52,0.44,-4.22,-3.9,-0.34,-0.13,-11.82,0,0,0,0,0,0,0,0,0,0,0,0,0
2026-09-16,2026-09-15,BHF,Financial,49.0,778.1,2818.07,2.65,-2.0,-2.51,0.52,0.0,-6.2,1,0,0,0,0,0,0,0,0,0,0,0,1
2026-09-16,2026-09-15,BHP,Basic Materials,84.77,2620.96,215441.25,0.57,0.04,-0.29,0.33,0.28,-7.85,0,0,0,0,0,0,0,0,0,0,0,0,0
2026-09-16,2026-09-15,BHVN,Healthcare,12.34,3038.53,1863.88,1.01,-2.37,-1.83,-0.55,0.49,-16.17,0,0,0,0,0,0,0,0,0,0,0,0,0
2026-09-16,2026-09-15,BIDU,Communication Services,90.39,2627.38,24964.81,0.69,-1.64,-1.01,-0.64,0.07,-2.33,0,0,0,0,0,0,0,0,0,0,0,0,0
2026-09-16,2026-09-15,BIIB,Healthcare,216.17,1103.91,31939.98,0.68,-0.55,-0.25,-0.3,0.0,1.73,0,0,0,0,0,0,0,0,0,0,0,0,0
2026-09-16,2026-09-15,BILI,Communication Services,15.46,2720.12,5240.79,0.74,-1.78,-0.64,-1.14,0.78,-4.57,0,0,0,0,0,0,0,0,0,0,0,0,0
2026-09-16,2026-09-15,BILL,Technology,49.96,2358.1,4260.43,0.82,0.58,1.88,-1.27,-0.22,4.96,0,0,0,0,0,0,0,0,0,0,0,0,0
2026-09-16,2026-09-15,BIOA,Healthcare,8.18,873.92,375.44,0.74,-3.54,-3.54,0.0,0.96,-12.93,0,0,0,0,0,0,0,0,0,0,0,0,0
2026-09-16,2026-09-15,BIP,Utilities,35.04,873.84,16135.53,0.8,-1.71,-2.18,0.48,0.63,-5.96,0,0,0,0,0,0,0,0,0,0,0,0,0
2026-09-16,2026-09-15,BIPC,Utilities,35.2,1065.61,4788.45,1.45,-1.73,-1.95,0.22,0.85,-6.13,0,0,0,0,0,0,0,0,0,0,0,0,0
2026-09-16,2026-09-15,BIRK,Consumer Cyclical,30.01,2307.78,5338.41,0.81,-2.12,-2.41,0.29,0.45,-8.0,0,0,0,0,0,0,0,0,0,0,0,0,0
2026-09-16,2026-09-15,BJ,Consumer Defensive,95.06,1854.87,12007.47,0.77,-0.26,0.08,-0.35,-0.14,5.8,0,0,0,0,0,0,0,0,0,0,0,0,0
2026-09-16,2026-09-15,BJRI,Consumer Cyclical,60.34,520.67,1283.66,1.04,-2.9,-2.0,-0.92,0.0,-1.21,0,0,0,0,0,0,0,0,0,0,0,0,0
2026-09-16,2026-09-15,BKD,Healthcare,11.85,5094.51,2829.98,1.19,-0.5,-1.58,1.09,0.0,-1.99,0,0,0,0,0,0,0,0,0,0,0,0,0
2026-09-16,2026-09-15,BKH,Utilities,69.96,808.05,5334.67,1.26,-0.93,-1.1,0.17,0.0,-5.7,0,0,0,0,0,0,0,0,0,0,0,0,0
2026-09-16,2026-09-15,BKKT,Technology,7.71,1265.96,347.48,1.14,-6.77,-5.51,-1.33,-0.13,-6.66,0,0,0,1,0,0,0,0,0,0,0,0,1
2026-09-16,2026-09-15,BKNG,Consumer Cyclical,171.32,6787.28,128726.51,1.33,-2.3,-1.41,-0.9,0.32,-4.98,0,0,0,0,0,0,0,0,0,0,0,0,0
2026-09-16,2026-09-15,BKR,Energy,56.72,8409.87,56304.47,1.02,-0.11,-0.79,0.69,0.48,-11.26,0,0,0,0,0,0,0,0,0,0,0,0,0
2026-09-16,2026-09-15,BKSY,Industrials,21.38,1249.08,874.98,0.85,2.79,3.79,-0.96,-0.33,-3.17,0,0,0,0,0,0,0,0,0,0,0,0,0
2026-09-16,2026-09-15,BKU,Financial,44.6,928.92,3176.96,1.43,0.29,0.29,0.0,0.0,-2.09,0,0,0,0,0,0,0,0,0,0,0,0,0
2026-09-16,2026-09-15,BKV,Energy,24.35,1323.61,2664.81,0.86,2.23,0.41,1.81,1.93,-9.01,0,0,0,0,0,0,0,0,0,0,0,0,0
2026-09-16,2026-09-15,BL,Technology,29.14,1071.04,1693.77,0.75,-3.8,-1.52,-2.31,0.03,-3.32,0,0,0,0,0,0,0,0,0,0,0,0,0
2026-09-16,2026-09-15,BLBD,Industrials,61.8,519.86,1957.58,1.76,-0.98,-1.72,0.75,0.0,-3.36,0,0,0,0,0,0,0,0,0,0,0,0,0
2026-09-16,2026-09-15,BLDR,Industrials,60.2,2258.87,6477.31,1.41,-0.07,-0.05,-0.02,0.0,-3.8,0,0,0,0,0,0,0,0,0,0,0,0,0
2026-09-16,2026-09-15,BLFS,Healthcare,36.39,1132.81,1780.32,0.81,2.71,2.48,0.23,0.0,2.85,0,0,0,0,0,0,0,0,0,0,0,0,0
2026-09-16,2026-09-15,BLK,Financial,1058.66,721.04,172007.04,0.62,-0.65,-0.33,-0.32,-0.09,-3.35,0,0,0,0,0,0,0,0,0,0,0,0,0
2026-09-16,2026-09-15,BLKB,Technology,45.08,701.82,2046.19,0.7,-1.29,-2.49,1.23,0.0,-0.4,0,0,0,0,0,0,0,0,0,0,0,0,0
2026-09-16,2026-09-15,BLLN,Healthcare,104.27,718.16,4920.2,0.52,3.42,2.49,0.91,-0.2,5.26,0,0,0,0,0,0,0,0,0,0,0,0,0
2026-09-16,2026-09-15,BLMN,Consumer Cyclical,8.01,2070.7,685.82,1.54,-10.1,-9.08,-1.12,0.0,-16.39,0,0,0,1,1,1,0,0,0,0,0,0,1
2026-09-16,2026-09-15,BLSH,Technology,35.46,1616.87,5329.72,1.11,-5.74,-3.41,-2.42,-2.03,-0.2,0,0,0,1,0,0,0,0,1,0,0,0,1
2026-09-16,2026-09-15,BLZE,Technology,12.99,3594.18,804.09,0.35,1.17,3.67,-2.41,-1.85,-6.48,0,0,0,0,0,0,0,0,0,0,0,0,0
2026-09-16,2026-09-15,BMNR,Financial,23.6,39179.51,14236.14,1.34,-8.39,-4.03,-4.54,-1.27,-4.72,0,0,0,1,1,0,1,0,0,0,0,0,1
2026-09-16,2026-09-15,BMO,Financial,173.7,807.67,120688.49,0.37,-0.33,-1.39,1.07,0.0,-0.77,0,0,0,0,0,0,0,0,0,0,0,0,0
2026-09-16,2026-09-15,BMRN,Healthcare,64.45,1960.77,12475.82,0.95,-2.95,-2.02,-0.95,-0.98,-0.28,0,0,0,0,0,0,0,0,0,0,0,0,0
2026-09-16,2026-09-15,BMY,Healthcare,63.73,11193.82,130182.2,0.89,-0.58,-0.33,-0.25,0.0,-1.48,0,0,0,0,0,0,0,0,0,0,0,0,0
2026-09-16,2026-09-15,BN,Financial,37.13,4055.07,82887.53,0.93,-1.28,-0.99,-0.29,0.48,-5.45,0,0,0,0,0,0,0,0,0,0,0,0,0
2026-09-16,2026-09-15,BNL,Real Estate,19.97,2065.04,3832.11,1.09,-1.72,-1.33,-0.39,0.0,-4.72,0,0,0,0,0,0,0,0,0,0,0,0,0
2026-09-16,2026-09-15,BNS,Financial,93.28,2527.87,114970.4,0.6,-0.16,0.32,-0.48,0.0,0.47,0,0,0,0,0,0,0,0,0,0,0,0,0
2026-09-16,2026-09-15,BNTX,Healthcare,96.69,1164.39,24288.53,0.51,-2.2,-0.36,-1.84,-0.41,-2.0,0,0,0,0,0,0,0,0,0,0,0,0,0
2026-09-16,2026-09-15,BNY,Financial,154.67,3423.68,104944.24,1.48,-1.9,-1.05,-0.86,0.76,-5.02,0,0,0,0,0,0,0,0,0,0,0,0,0
2026-09-16,2026-09-15,BOBS,Consumer Cyclical,14.56,953.71,1902.81,0.95,-9.85,-10.4,0.62,1.99,-16.8,0,0,0,1,1,0,0,0,0,0,0,0,1
2026-09-16,2026-09-15,BOOT,Consumer Cyclical,128.37,666.51,3887.67,2.84,-10.13,-9.6,-0.59,0.46,-15.88,1,0,0,1,1,1,0,0,0,0,0,0,1
2026-09-16,2026-09-15,BOX,Technology,34.8,2793.4,4774.59,1.03,-0.17,1.02,-1.18,1.32,1.46,0,0,0,0,0,0,0,0,0,0,0,0,0
2026-09-16,2026-09-15,BP,Energy,46.96,9222.4,120940.31,1.34,2.24,2.19,0.05,-0.09,4.63,0,0,0,0,0,0,0,0,0,0,0,0,0
2026-09-16,2026-09-15,BPOP,Financial,164.9,509.85,10517.07,0.96,-0.47,-0.55,0.08,0.0,-1.6,0,0,0,0,0,0,0,0,0,0,0,0,0
2026-09-16,2026-09-15,BR,Technology,170.25,1303.51,19412.21,0.73,-2.37,-1.02,-1.36,0.0,0.97,0,0,0,0,0,0,0,0,0,0,0,0,0
2026-09-16,2026-09-15,BRBR,Consumer Defensive,9.15,4675.35,1063.95,0.78,-0.54,0.33,-0.87,0.0,-6.54,0,0,0,0,0,0,0,0,0,0,0,0,0
2026-09-16,2026-09-15,BRK-B,Financial,516.76,4444.78,994431.34,0.85,0.35,0.34,0.01,-0.05,2.16,0,0,0,0,0,0,0,0,0,0,0,0,0
2026-09-16,2026-09-15,BRKR,Healthcare,55.75,2179.14,8494.03,1.38,5.87,5.45,0.4,0.0,-4.49,0,0,0,1,0,0,0,0,0,0,0,0,1
2026-09-16,2026-09-15,BRO,Financial,67.23,2452.48,22495.86,0.87,-1.61,-0.8,-0.82,0.0,-1.39,0,0,0,0,0,0,0,0,0,0,0,0,0
2026-09-16,2026-09-15,BROS,Consumer Cyclical,41.98,3654.57,7334.15,1.25,-4.7,-4.83,0.14,0.05,-8.5,0,0,0,0,0,0,0,0,0,0,0,0,0
2026-09-16,2026-09-15,BRSL,Consumer Cyclical,10.58,1789.01,1946.72,0.83,-1.03,-0.56,-0.47,0.0,-4.77,0,0,0,0,0,0,0,0,0,0,0,0,0
2026-09-16,2026-09-15,BRUN,Technology,13.57,1960.99,1137.78,1.53,-6.86,-6.86,0.0,-0.27,-27.9,0,0,0,1,0,0,0,0,0,0,0,0,1
2026-09-16,2026-09-15,BRX,Real Estate,28.36,2379.44,8702.9,2.55,-0.74,-0.6,-0.14,0.0,-2.71,1,0,0,0,0,0,0,0,0,0,0,0,1
2026-09-16,2026-09-15,BRZE,Technology,25.42,2625.73,2887.31,0.59,-0.7,2.17,-2.81,-0.04,-16.13,0,0,0,0,0,0,0,0,0,0,0,0,0
2026-09-16,2026-09-15,BSBR,Financial,5.86,3374.79,21938.49,1.32,-1.51,-0.17,-1.34,0.0,-1.51,0,0,0,0,0,0,0,0,0,0,0,0,0
2026-09-16,2026-09-15,BSP,Technology,39.4,2548.61,25234.26,0.61,-4.02,-2.35,-1.71,3.17,0.82,0,0,0,0,0,0,0,0,1,0,0,0,1
2026-09-16,2026-09-15,BSX,Healthcare,43.87,20175.08,63577.7,0.79,-2.62,-1.02,-1.62,0.07,-2.47,0,0,0,0,0,0,0,0,0,0,0,0,0
2026-09-16,2026-09-15,BSY,Technology,31.88,2864.07,9630.72,1.46,0.57,0.73,-0.16,0.0,-2.92,0,0,0,0,0,0,0,0,0,0,0,0,0
2026-09-16,2026-09-15,BTDR,Technology,10.91,11758.77,2965.14,0.76,-6.43,-3.71,-2.83,0.09,-13.89,0,0,0,1,0,0,0,0,0,0,0,0,1
2026-09-16,2026-09-15,BTE,Energy,5.17,17132.56,3614.86,1.11,2.78,2.38,0.4,-0.19,5.73,0,0,0,0,0,0,0,0,0,0,0,0,0
2026-09-16,2026-09-15,BTG,Basic Materials,5.22,25406.5,6897.66,0.82,0.0,-0.38,0.38,0.19,-4.22,0,0,0,0,0,0,0,0,0,0,0,0,0
2026-09-16,2026-09-15,BTGO,Financial,7.25,1407.77,852.21,2.16,-7.99,-5.48,-2.66,-0.41,-6.33,1,0,0,1,0,0,0,0,0,0,0,0,1
2026-09-16,2026-09-15,BTI,Consumer Defensive,56.52,4679.01,121707.34,1.16,-1.34,0.11,-1.45,0.38,2.48,0,0,0,0,0,0,0,0,0,0,0,0,0
2026-09-16,2026-09-15,BTSG,Healthcare,58.84,3440.45,11642.33,0.42,-2.42,-2.42,0.0,0.61,-5.95,0,0,0,0,0,0,0,0,0,0,0,0,0
2026-09-16,2026-09-15,BTU,Energy,26.66,2484.48,3249.86,1.3,-2.52,-3.05,0.55,1.46,-9.47,0,0,0,0,0,0,0,0,0,0,0,0,0
2026-09-16,2026-09-15,BUD,Consumer Defensive,79.46,2169.44,139017.65,0.57,-0.45,0.03,-0.48,0.0,-0.34,0,0,0,0,0,0,0,0,0,0,0,0,0
2026-09-16,2026-09-15,BULL,Technology,8.66,12501.88,4587.76,1.27,-4.2,-2.26,-1.99,-3.0,-9.51,0,0,0,0,0,0,0,0,1,0,0,0,1
2026-09-16,2026-09-15,BURL,Consumer Cyclical,227.28,999.27,14276.64,1.27,-2.14,-2.77,0.65,0.71,-11.02,0,0,0,0,0,0,0,0,0,0,0,0,0
2026-09-16,2026-09-15,BUSE,Financial,30.54,790.81,2521.9,0.62,0.03,0.63,-0.59,0.0,0.39,0,0,0,0,0,0,0,0,0,0,0,0,0
2026-09-16,2026-09-15,BV,Industrials,10.9,1041.68,1009.34,0.68,-3.11,-2.85,-0.27,0.0,-2.5,0,0,0,0,0,0,0,0,0,0,0,0,0
2026-09-16,2026-09-15,BVN,Basic Materials,33.24,1105.56,8433.65,0.84,0.12,0.0,0.12,0.0,-2.69,0,0,0,0,0,0,0,0,0,0,0,0,0
2026-09-16,2026-09-15,BVS,Healthcare,13.0,703.48,1093.2,0.66,-1.22,-0.38,-0.84,-0.09,-6.0,0,0,0,0,0,0,0,0,0,0,0,0,0
2026-09-16,2026-09-15,BW,Industrials,6.98,4598.23,1039.77,0.73,-0.71,-1.13,0.43,0.0,-9.82,0,0,0,0,0,0,0,0,0,0,0,0,0
2026-09-16,2026-09-15,BWA,Consumer Cyclical,62.49,2268.43,12727.11,0.69,-2.28,-2.72,0.45,-0.02,-5.69,0,0,0,0,0,0,0,0,0,0,0,0,0
2026-09-16,2026-09-15,BWIN,Financial,32.49,1767.39,4532.3,6.81,1.53,1.53,0.0,-0.28,9.36,1,1,1,0,0,0,0,0,0,0,0,0,1
2026-09-16,2026-09-15,BWXT,Industrials,146.7,1013.73,13440.94,0.9,-1.23,-2.52,1.32,0.46,-8.55,0,0,0,0,0,0,0,0,0,0,0,0,0
2026-09-16,2026-09-15,BX,Financial,126.7,4552.94,157340.72,0.7,-1.24,-1.12,-0.12,0.0,-5.43,0,0,0,0,0,0,0,0,0,0,0,0,0
2026-09-16,2026-09-15,BXP,Real Estate,63.84,1360.52,11141.96,0.67,-1.02,-0.7,-0.33,0.0,-2.89,0,0,0,0,0,0,0,0,0,0,0,0,0
2026-09-16,2026-09-15,BYD,Consumer Cyclical,76.08,913.87,5527.63,1.05,-1.39,-1.17,-0.22,0.0,-0.58,0,0,0,0,0,0,0,0,0,0,0,0,0
2026-09-16,2026-09-15,BZ,Communication Services,15.03,5499.73,5942.43,1.7,-2.69,-1.8,-0.91,0.0,-9.54,0,0,0,0,0,0,0,0,0,0,0,0,0
2026-09-16,2026-09-15,BZH,Consumer Cyclical,33.35,633.32,889.76,1.41,0.36,0.09,0.27,0.0,0.3,0,0,0,0,0,0,0,0,0,0,0,0,0
2026-09-16,2026-09-15,C,Financial,136.17,11284.16,228416.56,0.92,-0.01,-1.33,1.34,0.24,-0.42,0,0,0,0,0,0,0,0,0,0,0,0,0
2026-09-16,2026-09-15,CADL,Healthcare,11.12,1519.98,850.89,0.7,4.17,4.61,-0.42,0.27,-11.75,0,0,0,0,0,0,0,0,0,0,0,0,0
2026-09-16,2026-09-15,CAE,Industrials,23.71,715.19,7598.11,1.31,-2.51,-2.35,-0.16,0.08,-2.35,0,0,0,0,0,0,0,0,0,0,0,0,0
2026-09-16,2026-09-15,CAG,Consumer Defensive,15.02,15884.85,7188.06,0.72,1.56,2.25,-0.68,-0.13,-1.57,0,0,0,0,0,0,0,0,0,0,0,0,0
2026-09-16,2026-09-15,CAH,Healthcare,232.65,2055.81,54108.74,0.87,-0.95,-0.53,-0.43,0.0,-3.26,0,0,0,0,0,0,0,0,0,0,0,0,0
2026-09-16,2026-09-15,CAI,Healthcare,28.5,4318.45,8053.96,2.05,9.4,10.47,-0.96,0.7,14.83,1,0,0,1,1,0,0,0,0,0,0,0,1
2026-09-16,2026-09-15,CAKE,Consumer Cyclical,96.73,1636.39,4813.35,1.37,-8.03,-7.86,-0.18,0.21,-9.78,0,0,0,1,1,0,0,0,0,0,0,0,1
2026-09-16,2026-09-15,CAL,Consumer Cyclical,12.31,546.08,424.75,1.05,-1.83,-1.08,-0.76,0.0,2.33,0,0,0,0,0,0,0,0,0,0,0,0,0
2026-09-16,2026-09-15,CALM,Consumer Defensive,74.39,926.11,3490.16,0.73,-0.84,-0.23,-0.61,0.0,-0.59,0,0,0,0,0,0,0,0,0,0,0,0,0
2026-09-16,2026-09-15,CALX,Technology,35.5,1155.54,2235.22,0.69,2.16,1.89,0.26,-0.06,0.45,0,0,0,0,0,0,0,0,0,0,0,0,0
2026-09-16,2026-09-15,CALY,Consumer Cyclical,15.09,1966.76,2693.72,0.95,-1.11,-1.63,0.52,1.66,-3.08,0,0,0,0,0,0,0,0,0,0,0,0,0
2026-09-16,2026-09-15,CAPR,Healthcare,8.56,6440.29,497.67,0.34,-2.84,-3.06,0.23,-0.58,-5.52,0,0,0,0,0,0,0,0,0,0,0,0,0
2026-09-16,2026-09-15,CAR,Industrials,118.53,503.21,4187.16,0.71,-0.14,0.41,-0.55,1.31,-11.44,0,0,0,0,0,0,0,0,0,0,0,0,0
2026-09-16,2026-09-15,CARG,Communication Services,35.0,1103.53,3117.58,0.88,0.2,1.1,-0.89,0.0,6.81,0,0,0,0,0,0,0,0,0,0,0,0,0
2026-09-16,2026-09-15,CARR,Industrials,55.54,5985.44,45783.01,2.22,-3.0,-3.59,0.61,0.0,-6.04,1,0,0,0,0,0,0,0,0,0,0,0,1
2026-09-16,2026-09-15,CARS,Communication Services,11.8,659.44,631.69,0.69,0.77,0.6,0.17,0.0,4.89,0,0,0,0,0,0,0,0,0,0,0,0,0
2026-09-16,2026-09-15,CART,Consumer Cyclical,46.81,4135.99,10836.52,1.25,-5.4,-0.43,-4.99,1.72,-2.48,0,0,0,1,0,0,1,0,0,0,0,0,1
2026-09-16,2026-09-15,CAT,Industrials,783.54,3104.58,360173.63,0.73,-0.06,-0.75,0.7,0.17,-4.73,0,0,0,0,0,0,0,0,0,0,0,0,0
2026-09-16,2026-09-15,CAVA,Consumer Cyclical,49.99,3247.23,5839.14,2.28,-8.93,-7.77,-1.26,0.71,-16.88,1,0,0,1,1,0,0,0,0,0,0,0,1
2026-09-16,2026-09-15,CB,Financial,341.86,1762.33,131889.53,0.92,0.0,0.15,-0.14,-0.82,1.55,0,0,0,0,0,0,0,0,0,0,0,0,0
2026-09-16,2026-09-15,CBC,Financial,31.97,803.06,7656.98,1.61,-1.69,-1.78,0.09,0.0,-1.72,0,0,0,0,0,0,0,0,0,0,0,0,0
2026-09-16,2026-09-15,CBOE,Financial,270.44,1273.13,28242.32,0.84,-4.94,-3.86,-1.12,0.26,-7.8,0,0,0,0,0,0,0,0,0,0,0,0,0
2026-09-16,2026-09-15,CBRE,Real Estate,140.11,1731.57,40572.4,0.9,-0.56,0.65,-1.21,0.0,-1.51,0,0,0,0,0,0,0,0,0,0,0,0,0
2026-09-16,2026-09-15,CBRL,Consumer Cyclical,45.15,919.93,1009.17,1.48,-10.65,-9.03,-1.78,0.78,-14.42,0,0,0,1,1,1,0,0,0,0,0,0,1
2026-09-16,2026-09-15,CBRS,Technology,184.03,7083.49,41194.84,0.5,1.56,1.28,0.28,-0.28,-7.88,0,0,0,0,0,0,0,0,0,0,0,0,0
2026-09-16,2026-09-15,CBSH,Financial,58.51,1111.51,8392.22,0.83,-0.24,-0.44,0.2,0.0,0.41,0,0,0,0,0,0,0,0,0,0,0,0,0
2026-09-16,2026-09-15,CBZ,Industrials,54.68,1334.22,2967.15,0.57,0.15,0.15,0.0,,0.05,0,0,0,0,0,0,0,0,0,0,0,0,0
2026-09-16,2026-09-15,CC,Basic Materials,14.68,2527.03,2209.33,1.1,0.69,1.24,-0.55,0.07,-4.98,0,0,0,0,0,0,0,0,0,0,0,0,0
2026-09-16,2026-09-15,CCC,Technology,6.6,10300.33,3887.36,1.69,-2.37,-1.05,-1.33,0.45,-6.78,0,0,0,0,0,0,0,0,0,0,0,0,0
2026-09-16,2026-09-15,CCEP,Consumer Defensive,103.01,1823.62,45655.85,0.67,-1.59,-0.73,-0.86,0.0,-3.32,0,0,0,0,0,0,0,0,0,0,0,0,0
2026-09-16,2026-09-15,CCI,Real Estate,73.25,3828.27,31164.61,1.64,-1.24,1.99,-3.17,0.0,-3.58,0,0,0,0,0,0,1,0,0,0,0,0,1
2026-09-16,2026-09-15,CCJ,Energy,91.21,3158.82,39724.69,0.72,-2.2,-2.71,0.53,0.0,-10.55,0,0,0,0,0,0,0,0,0,0,0,0,0
2026-09-16,2026-09-15,CCK,Consumer Cyclical,112.33,1012.83,12217.07,0.62,-0.04,-0.15,0.12,0.0,-0.79,0,0,0,0,0,0,0,0,0,0,0,0,0
2026-09-16,2026-09-15,CCL,Consumer Cyclical,22.11,20339.36,30282.94,0.96,-1.99,-3.11,1.15,0.09,-4.7,0,0,0,0,0,0,0,0,0,0,0,0,0
2026-09-16,2026-09-15,CCOI,Communication Services,9.24,1608.39,473.49,1.02,-0.8,1.37,-2.15,0.16,-4.1,0,0,0,0,0,0,0,0,0,0,0,0,0
2026-09-16,2026-09-15,CCXI,Financial,12.05,3201.04,671.19,1.42,0.42,0.17,0.25,0.5,-11.4,0,0,0,0,0,0,0,0,0,0,0,0,0
2026-09-16,2026-09-15,CDE,Basic Materials,19.91,38049.28,20466.19,1.06,0.15,-0.33,0.48,-0.05,-3.63,0,0,0,0,0,0,0,0,0,0,0,0,0
2026-09-16,2026-09-15,CDNA,Healthcare,52.64,1153.01,2723.29,0.82,0.52,0.84,-0.32,-1.41,4.63,0,0,0,0,0,0,0,0,0,0,0,0,0
2026-09-16,2026-09-15,CDNL,Industrials,33.71,761.05,1600.32,0.62,0.51,-0.35,0.86,0.0,-11.8,0,0,0,0,0,0,0,0,0,0,0,0,0
2026-09-16,2026-09-15,CDNS,Technology,273.96,2384.11,75446.66,1.09,-1.83,-1.23,-0.6,0.38,-3.57,0,0,0,0,0,0,0,0,0,0,0,0,0
2026-09-16,2026-09-15,CDP,Real Estate,34.6,944.63,7823.54,0.77,-0.92,-0.75,-0.17,0.0,-2.4,0,0,0,0,0,0,0,0,0,0,0,0,0
2026-09-16,2026-09-15,CDW,Technology,153.74,1912.3,19220.18,0.75,1.34,1.32,0.02,0.0,6.41,0,0,0,0,0,0,0,0,0,0,0,0,0
2026-09-16,2026-09-15,CE,Basic Materials,47.22,1768.89,5182.35,1.3,5.45,4.89,0.54,-1.95,6.04,0,0,0,1,0,0,0,0,0,0,0,0,1
2026-09-16,2026-09-15,CECO,Industrials,67.46,843.1,3951.12,1.1,-4.54,-5.95,1.5,-0.31,-14.75,0,0,0,0,0,0,0,0,0,0,0,0,0
2026-09-16,2026-09-15,CEG,Utilities,259.89,3017.69,92080.94,0.98,-1.77,-2.22,0.46,0.37,-13.09,0,0,0,0,0,0,0,0,0,0,0,0,0
2026-09-16,2026-09-15,CELC,Healthcare,82.7,1221.22,4046.67,0.64,-0.99,-1.14,0.14,0.5,-11.09,0,0,0,0,0,0,0,0,0,0,0,0,0
2026-09-16,2026-09-15,CELH,Consumer Defensive,27.63,9761.85,6991.36,0.6,-2.88,-1.92,-0.98,1.88,-6.53,0,0,0,0,0,0,0,0,0,0,0,0,0
2026-09-16,2026-09-15,CENX,Basic Materials,39.71,2148.46,3931.02,0.92,-4.41,-5.43,1.08,0.38,-17.18,0,0,0,0,0,0,0,0,0,0,0,0,0
2026-09-16,2026-09-15,CERT,Healthcare,8.4,3656.55,1281.33,0.58,5.0,5.4,-0.38,-0.6,8.53,0,0,0,1,0,0,0,0,0,0,0,0,1
2026-09-16,2026-09-15,CEVA,Technology,27.91,801.77,785.78,0.58,0.47,-1.03,1.51,-1.67,-1.17,0,0,0,0,0,0,0,0,0,0,0,0,0
2026-09-16,2026-09-15,CF,Basic Materials,135.54,2581.95,20512.37,1.21,3.28,3.86,-0.56,0.25,0.9,0,0,0,0,0,0,0,0,0,0,0,0,0
2026-09-16,2026-09-15,CFFN,Financial,8.87,833.22,1114.94,1.16,-0.45,1.14,-1.57,0.0,0.8,0,0,0,0,0,0,0,0,0,0,0,0,0
2026-09-16,2026-09-15,CFG,Financial,70.24,4052.4,29583.46,0.76,-0.43,-0.55,0.13,0.0,0.36,0,0,0,0,0,0,0,0,0,0,0,0,0
2026-09-16,2026-09-15,CFR,Financial,162.16,584.46,10078.05,0.79,-0.75,-0.89,0.14,-1.04,-0.89,0,0,0,0,0,0,0,0,0,0,0,0,0
2026-09-16,2026-09-15,CG,Financial,41.42,3609.74,14759.31,1.16,-0.96,-0.19,-0.77,0.85,-9.86,0,0,0,0,0,0,0,0,0,0,0,0,0
2026-09-16,2026-09-15,CGAU,Basic Materials,22.08,1579.32,4319.07,0.61,1.38,0.91,0.46,0.14,-3.33,0,0,0,0,0,0,0,0,0,0,0,0,0
2026-09-16,2026-09-15,CGBD,Financial,11.46,568.1,788.5,0.8,0.79,0.97,-0.18,0.0,-0.26,0,0,0,0,0,0,0,0,0,0,0,0,0
2026-09-16,2026-09-15,CGEM,Healthcare,20.54,853.46,1321.85,1.24,0.69,0.79,-0.1,-1.15,-5.3,0,0,0,0,0,0,0,0,0,0,0,0,0
2026-09-16,2026-09-15,CGNT,Technology,8.48,622.37,626.68,1.19,1.8,1.8,0.0,0.0,3.04,0,0,0,0,0,0,0,0,0,0,0,0,0
2026-09-16,2026-09-15,CGNX,Technology,59.15,2129.11,9950.44,0.84,-1.25,-2.33,1.1,0.59,-4.95,0,0,0,0,0,0,0,0,0,0,0,0,0
2026-09-16,2026-09-15,CGON,Healthcare,72.55,936.64,6430.86,1.11,-1.68,-2.13,0.46,0.0,-1.16,0,0,0,0,0,0,0,0,0,0,0,0,0
2026-09-16,2026-09-15,CHA,Consumer Cyclical,12.21,779.44,1532.23,1.31,-2.4,-2.16,-0.24,0.0,-3.02,0,0,0,0,0,0,0,0,0,0,0,0,0
2026-09-16,2026-09-15,CHD,Consumer Defensive,94.51,1891.87,22418.15,1.3,-0.07,0.55,-0.62,0.0,-2.1,0,0,0,0,0,0,0,0,0,0,0,0,0
2026-09-16,2026-09-15,CHDN,Consumer Cyclical,80.6,1036.75,5617.84,0.97,-3.59,-3.08,-0.53,0.81,-6.09,0,0,0,0,0,0,0,0,0,0,0,0,0
2026-09-16,2026-09-15,CHEF,Consumer Defensive,106.46,659.7,4343.15,1.05,-5.65,-5.65,0.0,-0.61,-2.2,0,0,0,1,0,0,0,0,0,0,0,0,1
2026-09-16,2026-09-15,CHH,Consumer Cyclical,97.42,565.48,4384.74,1.22,0.91,0.59,0.32,0.0,-2.59,0,0,0,0,0,0,0,0,0,0,0,0,0
2026-09-16,2026-09-15,CHKP,Technology,137.79,1161.21,14068.45,1.52,-0.51,1.23,-1.71,1.6,3.68,0,0,0,0,0,0,0,0,0,0,0,0,0
2026-09-16,2026-09-15,CHPT,Consumer Cyclical,8.82,1644.71,236.82,0.44,-0.23,0.68,-0.9,-0.45,-5.87,0,0,0,0,0,0,0,0,0,0,0,0,0
2026-09-16,2026-09-15,CHRD,Energy,157.0,798.11,8587.56,0.68,3.82,3.0,0.79,0.0,6.36,0,0,0,0,0,0,0,0,0,0,0,0,0
2026-09-16,2026-09-15,CHRW,Industrials,157.63,1754.94,18419.26,0.71,0.2,0.48,-0.28,0.0,5.02,0,0,0,0,0,0,0,0,0,0,0,0,0
2026-09-16,2026-09-15,CHTR,Communication Services,141.2,3235.83,24726.26,0.83,-1.5,-0.43,-1.07,-0.21,-3.12,0,0,0,0,0,0,0,0,0,0,0,0,0
2026-09-16,2026-09-15,CHWY,Consumer Cyclical,21.19,8615.41,8516.84,1.32,-0.75,0.0,-0.75,0.52,-8.94,0,0,0,0,0,0,0,0,0,0,0,0,0
2026-09-16,2026-09-15,CHYM,Technology,33.61,7447.92,12724.25,1.38,-1.06,-0.66,-0.4,-0.7,4.02,0,0,0,0,0,0,0,0,0,0,0,0,0
2026-09-16,2026-09-15,CI,Healthcare,288.9,1668.32,76339.09,0.75,-0.4,-0.34,-0.05,0.25,4.74,0,0,0,0,0,0,0,0,0,0,0,0,0
2026-09-16,2026-09-15,CIEN,Technology,334.33,2483.39,47410.84,1.13,4.6,3.05,1.5,-0.02,-2.04,0,0,0,0,0,0,0,0,0,0,0,0,0
2026-09-16,2026-09-15,CIFR,Technology,15.09,30818.24,6262.82,0.84,-3.49,-2.8,-0.7,0.8,-18.48,0,0,0,0,0,0,0,0,0,0,0,0,0
2026-09-16,2026-09-15,CIM,Real Estate,10.86,807.92,909.11,1.82,-1.99,-1.72,-0.27,0.62,-6.3,0,0,0,0,0,0,0,0,0,0,0,0,0
2026-09-16,2026-09-15,CINF,Financial,171.67,738.2,26347.57,0.87,-0.2,-0.22,0.02,0.0,1.5,0,0,0,0,0,0,0,0,0,0,0,0,0
2026-09-16,2026-09-15,CION,Financial,7.09,542.41,348.85,0.57,-0.28,-0.14,-0.14,0.0,-2.61,0,0,0,0,0,0,0,0,0,0,0,0,0
2026-09-16,2026-09-15,CL,Consumer Defensive,87.0,4685.15,69354.04,1.13,-1.01,-0.57,-0.44,0.0,-1.59,0,0,0,0,0,0,0,0,0,0,0,0,0
2026-09-16,2026-09-15,CLB,Energy,12.26,817.09,562.55,0.6,0.33,-0.41,0.74,0.0,-1.68,0,0,0,0,0,0,0,0,0,0,0,0,0
2026-09-16,2026-09-15,CLBK,Financial,11.53,5121.76,3107.85,0.72,1.14,1.14,0.0,-0.35,-0.86,0,0,0,0,0,0,0,0,0,0,0,0,0
2026-09-16,2026-09-15,CLBT,Technology,11.25,2860.85,2827.59,1.59,-3.6,-1.4,-2.23,2.04,-1.75,0,0,0,0,0,0,0,0,1,0,0,0,1
2026-09-16,2026-09-15,CLDX,Healthcare,38.51,1013.62,3024.18,0.68,-1.71,-1.26,-0.46,0.0,-1.56,0,0,0,0,0,0,0,0,0,0,0,0,0
2026-09-16,2026-09-15,CLF,Basic Materials,11.79,19660.5,6726.67,0.49,1.2,1.2,0.0,-0.42,-4.07,0,0,0,0,0,0,0,0,0,0,0,0,0
2026-09-16,2026-09-15,CLMT,Basic Materials,57.55,1154.72,5058.54,1.03,1.77,1.57,0.19,0.16,6.75,0,0,0,0,0,0,0,0,0,0,0,0,0
2026-09-16,2026-09-15,CLPT,Healthcare,13.15,737.67,401.13,0.87,-2.3,-2.23,-0.07,0.76,-6.41,0,0,0,0,0,0,0,0,0,0,0,0,0
2026-09-16,2026-09-15,CLS,Technology,316.81,2426.33,39952.91,0.65,0.23,-0.28,0.51,0.06,-3.99,0,0,0,0,0,0,0,0,0,0,0,0,0
2026-09-16,2026-09-15,CLSK,Financial,12.62,20879.25,3241.03,0.73,-4.9,-3.44,-1.51,-0.4,-6.38,0,0,0,0,0,0,0,0,0,0,0,0,0
2026-09-16,2026-09-15,CLX,Consumer Defensive,87.16,2709.72,10540.35,0.93,-2.41,-2.12,-0.29,0.14,-4.85,0,0,0,0,0,0,0,0,0,0,0,0,0
2026-09-16,2026-09-15,CLYM,Healthcare,13.91,1409.1,798.94,1.1,-4.46,-5.41,1.0,0.07,-12.52,0,0,0,0,0,0,0,0,0,0,0,0,0
2026-09-16,2026-09-15,CM,Financial,113.35,1307.82,102917.26,0.6,-0.72,-0.18,-0.54,0.0,-3.0,0,0,0,0,0,0,0,0,0,0,0,0,0
2026-09-16,2026-09-15,CMBT,Energy,19.56,1053.64,5675.73,1.01,0.72,1.03,-0.31,0.36,1.72,0,0,0,0,0,0,0,0,0,0,0,0,0
2026-09-16,2026-09-15,CMC,Industrials,65.19,1256.8,7211.61,0.83,0.31,-0.49,0.8,1.32,-7.87,0,0,0,0,0,0,0,0,0,0,0,0,0
2026-09-16,2026-09-15,CMCO,Industrials,16.26,612.22,469.34,0.59,-1.16,-4.24,3.22,0.0,-12.53,0,0,0,0,0,0,1,0,0,0,0,0,1
2026-09-16,2026-09-15,CMCSA,Communication Services,24.42,32436.49,86657.7,0.84,-1.85,-0.77,-1.09,0.0,-7.25,0,0,0,0,0,0,0,0,0,0,0,0,0
2026-09-16,2026-09-15,CME,Financial,275.09,2726.13,98916.65,0.87,-1.91,-0.59,-1.34,0.0,-1.13,0,0,0,0,0,0,0,0,0,0,0,0,0
2026-09-16,2026-09-15,CMG,Consumer Cyclical,34.83,17406.2,44074.51,1.15,-5.94,-5.1,-0.89,0.0,-5.76,0,0,0,1,0,0,0,0,0,0,0,0,1
2026-09-16,2026-09-15,CMI,Industrials,538.02,1037.87,74066.25,1.35,-0.57,-1.39,0.84,0.0,-4.19,0,0,0,0,0,0,0,0,0,0,0,0,0
2026-09-16,2026-09-15,CMPS,Healthcare,13.81,3403.47,1912.41,0.62,-5.02,-5.57,0.58,1.67,-1.64,0,0,0,1,0,0,0,0,0,0,0,0,1
2026-09-16,2026-09-15,CMS,Utilities,65.92,3450.91,20671.0,0.86,-1.35,-1.32,-0.03,0.0,-4.17,0,0,0,0,0,0,0,0,0,0,0,0,0
2026-09-16,2026-09-15,CNC,Healthcare,67.66,4740.46,33423.7,0.76,-2.52,-1.23,-1.31,0.07,4.77,0,0,0,0,0,0,0,0,0,0,0,0,0
2026-09-16,2026-09-15,CNH,Industrials,14.0,16637.4,17328.16,1.26,1.82,1.74,0.07,-1.14,2.94,0,0,0,0,0,0,0,0,0,0,0,0,0
2026-09-16,2026-09-15,CNI,Industrials,121.77,1498.29,73689.11,0.47,-0.26,-0.03,-0.23,0.0,-0.81,0,0,0,0,0,0,0,0,0,0,0,0,0
2026-09-16,2026-09-15,CNK,Communication Services,33.93,2390.14,3932.89,0.83,-2.58,-2.16,-0.43,-1.77,-6.19,0,0,0,0,0,0,0,0,0,0,0,0,0
2026-09-16,2026-09-15,CNM,Industrials,41.08,2404.53,7825.49,1.19,0.66,-0.12,0.78,-0.71,-6.76,0,0,0,0,0,0,0,0,0,0,0,0,0
2026-09-16,2026-09-15,CNMD,Healthcare,46.95,563.13,1406.21,0.81,1.23,2.04,-0.8,0.0,0.77,0,0,0,0,0,0,0,0,0,0,0,0,0
2026-09-16,2026-09-15,CNO,Financial,55.72,823.56,5155.29,2.2,0.34,0.72,-0.38,0.0,0.98,1,0,0,0,0,0,0,0,0,0,0,0,1
2026-09-16,2026-09-15,CNP,Utilities,37.98,6558.02,25018.2,1.02,-1.73,-1.53,-0.21,0.0,-5.33,0,0,0,0,0,0,0,0,0,0,0,0,0
2026-09-16,2026-09-15,CNQ,Energy,51.55,8114.25,106270.32,0.79,2.44,2.18,0.26,-0.22,1.28,0,0,0,0,0,0,0,0,0,0,0,0,0
2026-09-16,2026-09-15,CNR,Energy,94.51,578.58,4691.12,0.84,-1.86,-1.79,-0.07,0.0,-5.65,0,0,0,0,0,0,0,0,0,0,0,0,0
2026-09-16,2026-09-15,CNX,Energy,35.39,1737.9,5235.72,1.18,-0.08,-1.03,0.96,0.0,-4.43,0,0,0,0,0,0,0,0,0,0,0,0,0
2026-09-16,2026-09-15,CNXC,Technology,29.21,1719.19,1782.35,0.67,-0.2,1.49,-1.67,0.0,3.33,0,0,0,0,0,0,0,0,0,0,0,0,0
2026-09-16,2026-09-15,COCO,Consumer Defensive,55.78,1166.98,3201.61,1.62,1.36,1.6,-0.24,1.51,4.71,0,0,0,0,0,0,0,0,0,0,0,0,0
2026-09-16,2026-09-15,CODI,Industrials,11.1,738.46,835.12,0.49,-1.86,-0.8,-1.06,0.0,-3.73,0,0,0,0,0,0,0,0,0,0,0,0,0
2026-09-16,2026-09-15,COF,Financial,206.85,3928.12,126899.33,1.06,0.08,0.38,-0.3,0.0,-3.32,0,0,0,0,0,0,0,0,0,0,0,0,0
2026-09-16,2026-09-15,COGT,Healthcare,32.74,2270.11,5681.21,0.75,-2.01,-1.89,-0.12,1.13,-7.2,0,0,0,0,0,0,0,0,0,0,0,0,0
2026-09-16,2026-09-15,COHR,Technology,271.17,6099.76,53103.83,0.71,1.75,0.01,1.74,0.05,-10.17,0,0,0,0,0,0,0,0,0,0,0,0,0
2026-09-16,2026-09-15,COHU,Technology,49.97,1150.44,2365.5,0.97,0.0,-2.15,2.2,-1.44,-6.02,0,0,0,0,0,0,0,0,0,0,0,0,0
2026-09-16,2026-09-15,COIN,Financial,172.11,8487.88,45408.97,2.21,-10.1,-6.27,-4.09,-0.46,-3.82,1,0,0,1,1,1,1,0,0,0,0,0,1
2026-09-16,2026-09-15,COKE,Consumer Defensive,198.63,511.31,13221.67,1.16,-1.02,-0.57,-0.45,0.69,5.5,0,0,0,0,0,0,0,0,0,0,0,0,0
2026-09-16,2026-09-15,COLB,Financial,30.15,2974.78,8529.51,0.81,0.13,0.13,0.0,0.0,-0.4,0,0,0,0,0,0,0,0,0,0,0,0,0
2026-09-16,2026-09-15,COLL,Healthcare,21.84,645.2,711.01,1.48,-4.25,-4.25,0.0,1.39,-6.55,0,0,0,0,0,0,0,0,0,0,0,0,0
2026-09-16,2026-09-15,COLM,Consumer Cyclical,56.49,632.63,2891.9,1.52,-2.05,-1.91,-0.14,0.0,-2.11,0,0,0,0,0,0,0,0,0,0,0,0,0
2026-09-16,2026-09-15,COMP,Real Estate,10.36,12888.59,7952.8,1.49,-2.72,-1.15,-1.6,-0.58,-3.63,0,0,0,0,0,0,0,0,0,0,0,0,0
2026-09-16,2026-09-15,CON,Healthcare,35.62,921.7,4542.18,0.9,-0.53,-0.25,-0.28,0.0,5.14,0,0,0,0,0,0,0,0,0,0,0,0,0
2026-09-16,2026-09-15,COO,Healthcare,53.27,2711.13,10129.57,1.63,-1.75,-2.08,0.33,1.33,-21.3,0,0,0,0,0,0,0,0,0,0,0,0,0
2026-09-16,2026-09-15,COP,Energy,141.22,7006.89,169652.89,0.94,3.33,2.65,0.66,0.0,4.58,0,0,0,0,0,0,0,0,0,0,0,0,0
2026-09-16,2026-09-15,COR,Healthcare,323.29,1465.28,61692.52,0.62,-0.9,-0.52,-0.38,0.0,-0.43,0,0,0,0,0,0,0,0,0,0,0,0,0
2026-09-16,2026-09-15,CORT,Healthcare,110.82,1070.59,11979.46,1.36,-0.88,-1.03,0.15,0.57,-2.77,0,0,0,0,0,0,0,0,0,0,0,0,0
2026-09-16,2026-09-15,CORZ,Technology,16.04,12188.03,5154.3,0.93,-5.42,-4.75,-0.71,0.75,-14.36,0,0,0,1,0,0,0,0,0,0,0,0,1
2026-09-16,2026-09-15,COST,Consumer Defensive,901.35,2176.12,399729.62,1.01,-1.91,-1.7,-0.22,0.2,-0.97,0,0,0,0,0,0,0,0,0,0,0,0,0
2026-09-16,2026-09-15,COUR,Consumer Defensive,5.28,6283.54,1396.03,0.69,-2.58,-1.12,-1.48,1.14,-5.21,0,0,0,0,0,0,0,0,0,0,0,0,0
2026-09-16,2026-09-15,CP,Industrials,89.02,2498.76,78255.7,0.63,-0.84,-0.72,-0.11,0.0,-2.32,0,0,0,0,0,0,0,0,0,0,0,0,0
2026-09-16,2026-09-15,CPAY,Technology,407.75,584.02,26772.7,0.65,-1.17,-0.6,-0.57,0.0,0.17,0,0,0,0,0,0,0,0,0,0,0,0,0
2026-09-16,2026-09-15,CPB,Consumer Defensive,21.36,8121.75,6369.68,0.61,0.52,0.45,0.07,0.0,-1.84,0,0,0,0,0,0,0,0,0,0,0,0,0
2026-09-16,2026-09-15,CPNG,Consumer Cyclical,14.68,18606.91,26387.47,0.84,-2.85,-3.42,0.6,0.82,-0.88,0,0,0,0,0,0,0,0,0,0,0,0,0
2026-09-16,2026-09-15,CPRI,Consumer Cyclical,14.05,3837.36,1596.81,1.78,-0.78,0.0,-0.78,-0.67,7.25,0,0,0,0,0,0,0,0,0,0,0,0,0
2026-09-16,2026-09-15,CPRT,Industrials,31.04,12018.14,28737.19,0.62,-2.17,-1.62,-0.57,0.06,-4.79,0,0,0,0,0,0,0,0,0,0,0,0,0
2026-09-16,2026-09-15,CRBG,Financial,35.02,4270.61,15610.95,1.15,0.63,1.01,-0.37,0.0,3.76,0,0,0,0,0,0,0,0,0,0,0,0,0
2026-09-16,2026-09-15,CRC,Energy,57.64,849.64,5119.58,1.02,3.32,2.02,1.27,1.82,3.73,0,0,0,0,0,0,0,0,0,0,0,0,0
2026-09-16,2026-09-15,CRCL,Financial,86.3,13840.93,21909.49,1.66,-11.41,-6.5,-5.26,-1.81,-10.27,0,0,0,1,1,1,1,1,0,0,0,0,1
2026-09-16,2026-09-15,CRCT,Technology,5.65,703.39,1183.36,0.67,0.0,0.89,-0.88,0.0,3.67,0,0,0,0,0,0,0,0,0,0,0,0,0
2026-09-16,2026-09-15,CRDO,Technology,150.39,7241.92,28266.09,0.9,0.2,-1.71,1.94,0.0,-10.35,0,0,0,0,0,0,0,0,0,0,0,0,0
2026-09-16,2026-09-15,CRGY,Energy,15.37,5944.24,5078.3,1.19,5.35,3.78,1.51,-0.85,8.32,0,0,0,1,0,0,0,0,0,0,0,0,1
2026-09-16,2026-09-15,CRH,Basic Materials,87.69,4528.91,58338.8,1.04,-1.45,-1.22,-0.24,0.0,-3.22,0,0,0,0,0,0,0,0,0,0,0,0,0
2026-09-16,2026-09-15,CRI,Consumer Cyclical,29.15,1132.85,1070.13,1.75,-4.43,-5.05,0.66,0.89,-9.7,0,0,0,0,0,0,0,0,0,0,0,0,0
2026-09-16,2026-09-15,CRK,Energy,14.31,2546.83,4201.71,0.76,0.07,-1.38,1.47,0.62,-5.61,0,0,0,0,0,0,0,0,0,0,0,0,0
2026-09-16,2026-09-15,CRL,Healthcare,272.88,908.03,13026.98,1.08,-0.08,0.22,-0.31,0.0,-2.81,0,0,0,0,0,0,0,0,0,0,0,0,0
2026-09-16,2026-09-15,CRM,Technology,255.65,15067.19,210399.94,0.76,-1.46,-0.48,-0.98,0.1,2.62,0,0,0,0,0,0,0,0,0,0,0,0,0
2026-09-16,2026-09-15,CRMD,Healthcare,7.76,1255.36,604.85,0.57,-1.65,-1.77,0.13,-0.13,-5.13,0,0,0,0,0,0,0,0,0,0,0,0,0
2026-09-16,2026-09-15,CRML,Basic Materials,6.35,6279.4,932.74,0.62,-1.7,-0.78,-0.93,0.0,-13.25,0,0,0,0,0,0,0,0,0,0,0,0,0
2026-09-16,2026-09-15,CRNC,Technology,8.03,750.17,363.2,0.53,-3.83,-3.14,-0.72,-0.12,-2.78,0,0,0,0,0,0,0,0,0,0,0,0,0
2026-09-16,2026-09-15,CROX,Consumer Cyclical,111.48,1028.38,5344.92,1.65,-0.01,-2.24,2.29,0.0,-2.51,0,0,0,0,0,0,0,0,0,0,0,0,0
2026-09-16,2026-09-15,CRS,Industrials,415.32,776.94,20582.66,1.23,-1.2,-2.52,1.35,0.69,-9.43,0,0,0,0,0,0,0,0,0,0,0,0,0
2026-09-16,2026-09-15,CRSP,Healthcare,51.83,1573.03,5011.58,0.79,-2.13,-1.41,-0.74,0.06,-5.39,0,0,0,0,0,0,0,0,0,0,0,0,0
2026-09-16,2026-09-15,CRSR,Technology,13.36,1807.02,1445.25,0.63,2.53,0.15,2.38,-0.37,8.97,0,0,0,0,0,0,0,0,0,0,0,0,0
2026-09-16,2026-09-15,CRUS,Technology,122.21,765.91,6124.87,1.86,5.05,3.67,1.32,-0.15,10.34,0,0,0,1,0,0,0,0,0,0,0,0,1
2026-09-16,2026-09-15,CRVS,Healthcare,12.95,1024.2,1089.37,1.36,-1.22,-0.92,-0.31,0.0,-7.04,0,0,0,0,0,0,0,0,0,0,0,0,0
2026-09-16,2026-09-15,CRWD,Technology,242.49,9964.66,248293.96,1.73,3.02,4.07,-1.01,-0.84,15.46,0,0,0,0,0,0,0,0,0,0,1,0,1
2026-09-16,2026-09-15,CRWV,Technology,80.92,28081.57,44630.34,0.56,-2.48,-2.06,-0.43,0.15,-18.94,0,0,0,0,0,0,0,0,0,0,0,0,0
2026-09-16,2026-09-15,CSCO,Technology,110.07,21053.02,433960.51,0.74,0.01,-0.76,0.78,0.01,0.82,0,0,0,0,0,0,0,0,0,0,0,0,0
2026-09-16,2026-09-15,CSGP,Real Estate,31.56,7194.74,12788.04,0.93,0.13,1.32,-1.17,0.0,4.02,0,0,0,0,0,0,0,0,0,0,0,0,0
2026-09-16,2026-09-15,CSIQ,Technology,12.24,2142.85,831.05,0.65,-5.48,-4.3,-1.24,1.12,-11.75,0,0,0,1,0,0,0,0,0,0,0,0,1
2026-09-16,2026-09-15,CSL,Industrials,324.25,552.26,12877.31,1.61,-1.12,-1.67,0.56,0.0,-5.05,0,0,0,0,0,0,0,0,0,0,0,0,0
2026-09-16,2026-09-15,CSQR,Technology,17.94,1493.55,2989.41,0.89,3.64,4.24,-0.58,0.0,-2.66,0,0,0,0,0,0,0,0,0,0,0,0,0
2026-09-16,2026-09-15,CSTM,Basic Materials,25.57,1650.84,3465.45,0.82,1.11,0.43,0.67,-0.27,-6.95,0,0,0,0,0,0,0,0,0,0,0,0,0
2026-09-16,2026-09-15,CSWC,Financial,23.87,661.09,1521.32,0.76,-1.16,-0.13,-1.04,0.54,-1.97,0,0,0,0,0,0,0,0,0,0,0,0,0
2026-09-16,2026-09-15,CSX,Industrials,48.66,11615.01,90141.42,0.72,-0.51,-0.57,0.06,0.0,-0.69,0,0,0,0,0,0,0,0,0,0,0,0,0
2026-09-16,2026-09-15,CTAS,Industrials,198.95,2135.48,79613.73,0.9,-0.93,-0.68,-0.25,0.0,-0.77,0,0,0,0,0,0,0,0,0,0,0,0,0
2026-09-16,2026-09-15,CTOS,Industrials,9.03,1072.54,2054.37,1.15,2.5,1.69,0.79,0.0,-4.34,0,0,0,0,0,0,0,0,0,0,0,0,0
2026-09-16,2026-09-15,CTRE,Real Estate,38.42,2524.36,9078.38,1.26,0.81,0.37,0.45,1.22,-2.29,0,0,0,0,0,0,0,0,0,0,0,0,0
2026-09-16,2026-09-15,CTRI,Utilities,19.07,1738.69,1925.37,0.89,-2.55,-3.05,0.51,0.0,-7.87,0,0,0,0,0,0,0,0,0,0,0,0,0
2026-09-16,2026-09-15,CTSH,Technology,63.28,10086.41,28504.11,0.9,-1.28,0.64,-1.9,1.94,5.61,0,0,0,0,0,0,0,0,0,0,0,0,0
2026-09-16,2026-09-15,CTVA,Basic Materials,83.39,4570.04,55637.48,1.07,1.03,1.47,-0.44,0.0,-2.92,0,0,0,0,0,0,0,0,0,0,0,0,0
2026-09-16,2026-09-15,CUBE,Real Estate,39.93,2112.71,9030.03,1.25,0.53,0.86,-0.33,0.0,0.68,0,0,0,0,0,0,0,0,0,0,0,0,0
2026-09-16,2026-09-15,CURB,Real Estate,29.24,1446.3,3363.72,1.15,0.55,0.72,-0.17,0.0,-1.48,0,0,0,0,0,0,0,0,0,0,0,0,0
2026-09-16,2026-09-15,CUZ,Real Estate,27.94,1538.93,4598.98,0.78,-0.04,0.04,-0.07,0.0,-1.65,0,0,0,0,0,0,0,0,0,0,0,0,0
2026-09-16,2026-09-15,CVBF,Financial,22.91,1433.53,4032.1,1.41,0.7,1.15,-0.44,-0.13,2.69,0,0,0,0,0,0,0,0,0,0,0,0,0
2026-09-16,2026-09-15,CVE,Energy,33.92,7276.62,62556.62,0.74,1.95,1.95,0.0,0.0,2.2,0,0,0,0,0,0,0,0,0,0,0,0,0
2026-09-16,2026-09-15,CVI,Energy,52.17,1055.29,5244.68,0.97,7.28,6.75,0.49,0.35,13.12,0,0,0,1,0,0,0,0,0,0,0,0,1
2026-09-16,2026-09-15,CVLT,Technology,143.3,687.71,5939.0,0.91,2.2,3.83,-1.57,1.37,7.45,0,0,0,0,0,0,0,0,0,0,0,0,0
2026-09-16,2026-09-15,CVNA,Consumer Cyclical,66.9,9813.07,73621.03,0.81,-5.6,-5.19,-0.44,0.73,-10.47,0,0,0,1,0,0,0,0,0,0,0,0,1
2026-09-16,2026-09-15,CVS,Healthcare,94.49,7452.83,120849.9,0.67,-1.11,-1.31,0.2,0.0,-1.64,0,0,0,0,0,0,0,0,0,0,0,0,0
2026-09-16,2026-09-15,CVX,Energy,217.77,8440.19,430263.71,1.13,2.64,2.29,0.34,-0.14,3.8,0,0,0,0,0,0,0,0,0,0,0,0,0
2026-09-16,2026-09-15,CWEN,Utilities,29.93,1331.09,6143.88,1.13,-1.19,-1.35,0.17,0.53,-9.6,0,0,0,0,0,0,0,0,0,0,0,0,0
2026-09-16,2026-09-15,CWH,Consumer Cyclical,5.76,2071.75,594.97,1.34,-6.19,-4.64,-1.63,0.29,-12.2,0,0,0,1,0,0,0,0,0,0,0,0,1
2026-09-16,2026-09-15,CWK,Real Estate,12.52,2010.35,2938.61,0.8,-1.42,-0.56,-0.87,0.0,-5.58,0,0,0,0,0,0,0,0,0,0,0,0,0
2026-09-16,2026-09-15,CWST,Industrials,90.34,619.83,5749.22,0.67,-0.67,0.03,-0.7,0.0,-1.88,0,0,0,0,0,0,0,0,0,0,0,0,0
2026-09-16,2026-09-15,CWT,Utilities,47.82,523.61,2957.15,0.81,-0.85,-0.77,-0.08,0.0,-4.11,0,0,0,0,0,0,0,0,0,0,0,0,0
2026-09-16,2026-09-15,CX,Basic Materials,10.19,5999.51,15404.22,1.86,-2.49,-1.83,-0.67,1.86,-7.11,0,0,0,0,0,0,0,0,0,0,0,0,0
2026-09-16,2026-09-15,CXM,Technology,5.65,3651.39,1311.77,0.84,-2.42,-0.88,-1.55,0.0,1.8,0,0,0,0,0,0,0,0,0,0,0,0,0
2026-09-16,2026-09-15,CXT,Industrials,47.54,779.17,2736.47,0.76,-4.56,-4.11,-0.46,0.0,-4.15,0,0,0,0,0,0,0,0,0,0,0,0,0
2026-09-16,2026-09-15,CXW,Industrials,35.38,1510.01,3498.85,1.44,3.36,3.03,0.32,0.0,0.94,0,0,0,0,0,0,0,0,0,0,0,0,0
2026-09-16,2026-09-15,CYRX,Industrials,16.31,624.39,826.09,1.1,2.19,3.03,-0.81,0.0,5.43,0,0,0,0,0,0,0,0,0,0,0,0,0
2026-09-16,2026-09-15,CYTK,Healthcare,69.31,2053.87,9635.72,1.25,-4.33,-3.91,-0.44,-0.01,-8.02,0,0,0,0,0,0,0,0,0,0,0,0,0
2026-09-16,2026-09-15,CZR,Consumer Cyclical,29.65,3803.44,6042.08,1.37,-0.1,-0.17,0.07,0.13,-0.03,0,0,0,0,0,0,0,0,0,0,0,0,0
2026-09-16,2026-09-15,D,Utilities,63.87,4722.84,56175.32,1.01,-0.92,-1.07,0.16,0.56,-3.55,0,0,0,0,0,0,0,0,0,0,0,0,0
2026-09-16,2026-09-15,DAKT,Technology,17.74,606.61,853.16,0.89,-0.95,-0.39,-0.56,0.0,-9.81,0,0,0,0,0,0,0,0,0,0,0,0,0
2026-09-16,2026-09-15,DAL,Industrials,78.89,6376.12,51879.88,0.97,-1.14,-1.45,0.31,0.04,-0.09,0,0,0,0,0,0,0,0,0,0,0,0,0
2026-09-16,2026-09-15,DAN,Consumer Cyclical,30.15,1618.77,3243.43,0.87,-0.5,-0.46,-0.03,0.0,-3.64,0,0,0,0,0,0,0,0,0,0,0,0,0
2026-09-16,2026-09-15,DAR,Consumer Defensive,66.54,2471.18,10500.21,1.0,2.5,2.45,0.05,1.05,-0.85,0,0,0,0,0,0,0,0,0,0,0,0,0
2026-09-16,2026-09-15,DASH,Consumer Cyclical,198.26,4354.05,85910.8,0.72,-2.59,-0.9,-1.71,0.0,-1.09,0,0,0,0,0,0,0,0,0,0,0,0,0
2026-09-16,2026-09-15,DB,Financial,38.69,2051.71,72701.6,0.63,-1.73,-0.1,-1.63,-0.75,-5.77,0,0,0,0,0,0,0,0,0,0,0,0,0
2026-09-16,2026-09-15,DBI,Consumer Cyclical,6.25,608.61,319.53,1.47,-4.29,-3.85,-0.46,2.88,20.19,0,0,0,0,0,0,0,0,1,0,1,0,1
2026-09-16,2026-09-15,DBRG,Financial,15.86,3526.84,3017.85,2.97,-0.31,-0.25,-0.06,0.0,-0.38,1,0,0,0,0,0,0,0,0,0,0,0,1
2026-09-16,2026-09-15,DBX,Technology,37.63,3960.73,8182.36,1.08,0.86,2.54,-1.64,1.25,11.3,0,0,0,0,0,0,0,0,0,0,0,0,0
2026-09-16,2026-09-15,DC,Basic Materials,5.8,1494.3,778.2,0.62,-0.51,-0.34,-0.17,1.17,-3.01,0,0,0,0,0,0,0,0,0,0,0,0,0
2026-09-16,2026-09-15,DCH,Consumer Cyclical,6.1,3246.86,1449.39,0.82,-2.4,-2.24,-0.16,0.0,-12.86,0,0,0,0,0,0,0,0,0,0,0,0,0
2026-09-16,2026-09-15,DCI,Industrials,87.06,713.71,10091.22,1.15,-0.99,-1.86,0.89,0.0,-4.32,0,0,0,0,0,0,0,0,0,0,0,0,0
2026-09-16,2026-09-15,DCTH,Healthcare,16.17,519.82,561.08,0.62,-1.64,-1.94,0.3,-0.12,0.56,0,0,0,0,0,0,0,0,0,0,0,0,0
2026-09-16,2026-09-15,DD,Basic Materials,128.04,1476.38,17290.52,1.13,3.02,2.7,0.31,-0.07,-2.5,0,0,0,0,0,0,0,0,0,0,0,0,0
2026-09-16,2026-09-15,DDOG,Technology,230.27,4529.63,82684.21,0.89,0.1,2.77,-2.6,-0.03,9.53,0,0,0,0,0,0,0,0,0,0,0,0,0
2026-09-16,2026-09-15,DE,Industrials,684.04,1223.11,184434.55,1.25,0.38,0.39,-0.01,0.0,0.49,0,0,0,0,0,0,0,0,0,0,0,0,0
2026-09-16,2026-09-15,DEC,Energy,15.01,1007.93,1186.8,0.51,0.87,1.08,-0.2,-0.07,-2.72,0,0,0,0,0,0,0,0,0,0,0,0,0
2026-09-16,2026-09-15,DECK,Consumer Cyclical,77.51,2517.5,10555.46,1.56,-3.76,-3.47,-0.3,0.16,-6.16,0,0,0,0,0,0,0,0,0,0,0,0,0
2026-09-16,2026-09-15,DEI,Real Estate,10.35,1847.49,1733.47,0.99,-2.08,-1.52,-0.57,0.0,-7.59,0,0,0,0,0,0,0,0,0,0,0,0,0
2026-09-16,2026-09-15,DELL,Technology,543.51,7670.48,345570.6,1.28,1.73,0.36,1.36,0.15,1.8,0,0,0,0,0,0,0,0,0,0,0,0,0
2026-09-16,2026-09-15,DEO,Consumer Defensive,86.8,1113.75,48274.69,0.58,-1.79,-0.34,-1.45,-0.17,-0.39,0,0,0,0,0,0,0,0,0,0,0,0,0
2026-09-16,2026-09-15,DFH,Consumer Cyclical,12.54,668.31,1135.31,1.43,-1.26,-1.42,0.16,0.0,-5.57,0,0,0,0,0,0,0,0,0,0,0,0,0
2026-09-16,2026-09-15,DFTX,Healthcare,36.82,2906.76,4947.39,1.56,-8.52,-8.96,0.48,1.09,-3.69,0,0,0,1,1,0,0,0,0,0,0,0,1
2026-09-16,2026-09-15,DG,Consumer Defensive,124.7,2563.46,27510.91,1.03,-3.46,-3.68,0.22,0.24,-2.48,0,0,0,0,0,0,0,0,0,0,0,0,0
2026-09-16,2026-09-15,DGX,Healthcare,247.08,959.11,27271.05,1.43,3.86,3.65,0.21,0.0,4.92,0,0,0,0,0,0,0,0,0,0,0,0,0
2026-09-16,2026-09-15,DHI,Consumer Cyclical,140.2,2316.57,39214.12,0.98,0.57,0.29,0.27,0.48,1.23,0,0,0,0,0,0,0,0,0,0,0,0,0
2026-09-16,2026-09-15,DHR,Healthcare,209.36,4596.58,147177.17,0.76,3.01,3.09,-0.08,0.0,2.01,0,0,0,0,0,0,0,0,0,0,0,0,0
2026-09-16,2026-09-15,DHT,Energy,22.14,3491.95,3569.76,1.74,-0.05,-1.16,1.13,1.28,6.34,0,0,0,0,0,0,0,0,0,0,0,0,0
2026-09-16,2026-09-15,DINO,Energy,112.25,2664.47,19956.24,1.09,4.99,4.42,0.55,2.58,3.64,0,0,0,0,0,0,0,0,1,0,0,0,1
2026-09-16,2026-09-15,DIOD,Technology,90.27,624.75,4157.09,0.67,-0.04,-1.57,1.55,0.75,-0.71,0,0,0,0,0,0,0,0,0,0,0,0,0
2026-09-16,2026-09-15,DIS,Communication Services,106.42,10308.92,183754.01,0.87,-2.0,-1.56,-0.44,0.36,1.29,0,0,0,0,0,0,0,0,0,0,0,0,0
2026-09-16,2026-09-15,DJT,Communication Services,8.58,4578.04,2384.74,0.48,-3.05,-1.49,-1.58,0.21,-7.04,0,0,0,0,0,0,0,0,0,0,0,0,0
2026-09-16,2026-09-15,DK,Energy,78.14,1479.05,4784.68,1.19,4.93,5.0,-0.07,2.38,3.26,0,0,0,0,0,0,0,0,1,0,0,0,1
2026-09-16,2026-09-15,DKNG,Consumer Cyclical,24.64,11452.99,21916.49,0.71,-0.85,-0.85,0.0,0.24,3.23,0,0,0,0,0,0,0,0,0,0,0,0,0
2026-09-16,2026-09-15,DKS,Consumer Cyclical,123.72,2606.06,11002.04,2.25,-5.39,-4.83,-0.59,0.18,-6.53,1,0,0,1,0,0,0,0,0,0,0,0,1
2026-09-16,2026-09-15,DLB,Industrials,60.36,972.36,5653.85,1.14,-2.5,-1.85,-0.66,0.4,-3.15,0,0,0,0,0,0,0,0,0,0,0,0,0
2026-09-16,2026-09-15,DLO,Technology,14.45,2519.95,4076.51,0.53,-2.63,-2.5,-0.13,-0.21,-3.34,0,0,0,0,0,0,0,0,0,0,0,0,0
2026-09-16,2026-09-15,DLTR,Consumer Defensive,112.79,2877.13,21162.82,1.46,-5.35,-4.15,-1.25,0.0,-9.07,0,0,0,1,0,0,0,0,0,0,0,0,1
2026-09-16,2026-09-15,DMRA,Healthcare,24.75,577.43,1527.95,2.91,-12.82,-11.61,-1.37,1.98,-15.15,1,0,0,1,1,1,0,0,0,0,0,0,1
2026-09-16,2026-09-15,DNA,Healthcare,6.99,1105.88,470.71,0.66,-0.29,0.58,-0.86,0.14,0.72,0,0,0,0,0,0,0,0,0,0,0,0,0
2026-09-16,2026-09-15,DNLI,Healthcare,20.38,1581.61,3257.69,1.16,-3.96,-3.0,-0.99,1.67,-7.7,0,0,0,0,0,0,0,0,0,0,0,0,0
2026-09-16,2026-09-15,DNOW,Industrials,16.1,2642.49,2910.65,1.58,2.94,2.55,0.38,0.0,-0.31,0,0,0,0,0,0,0,0,0,0,0,0,0
2026-09-16,2026-09-15,DNTH,Healthcare,104.77,937.41,5860.24,0.51,-2.71,-2.86,0.15,0.0,-4.0,0,0,0,0,0,0,0,0,0,0,0,0,0
2026-09-16,2026-09-15,DOC,Real Estate,20.16,5725.12,14243.59,0.74,-1.03,-0.49,-0.54,0.0,-1.71,0,0,0,0,0,0,0,0,0,0,0,0,0
2026-09-16,2026-09-15,DOCN,Technology,117.85,3233.54,13856.75,0.47,-1.96,-1.37,-0.6,-0.01,-6.98,0,0,0,0,0,0,0,0,0,0,0,0,0
2026-09-16,2026-09-15,DOCS,Healthcare,25.81,4617.03,4600.53,0.55,-2.2,-0.81,-1.4,0.35,5.69,0,0,0,0,0,0,0,0,0,0,0,0,0
2026-09-16,2026-09-15,DOCU,Technology,71.85,3550.42,13428.95,1.4,3.0,4.22,-1.18,-0.35,10.4,0,0,0,0,0,0,0,0,0,0,0,0,0
2026-09-16,2026-09-15,DOLE,Consumer Defensive,13.26,1082.89,1252.52,0.89,0.15,0.3,-0.15,-0.3,-4.54,0,0,0,0,0,0,0,0,0,0,0,0,0
2026-09-16,2026-09-15,DOV,Industrials,188.97,1178.98,25450.52,1.04,-0.1,-0.61,0.52,0.0,-2.96,0,0,0,0,0,0,0,0,0,0,0,0,0
2026-09-16,2026-09-15,DOW,Basic Materials,29.85,10247.48,21561.87,0.85,3.29,2.9,0.38,0.0,0.95,0,0,0,0,0,0,0,0,0,0,0,0,0
2026-09-16,2026-09-15,DOX,Technology,62.3,1380.39,6701.67,0.66,-1.38,-0.07,-1.31,0.0,3.89,0,0,0,0,0,0,0,0,0,0,0,0,0
2026-09-16,2026-09-15,DPC,Industrials,40.06,1608.93,5984.68,0.56,0.25,-0.4,0.65,0.0,-6.31,0,0,0,0,0,0,0,0,0,0,0,0,0
2026-09-16,2026-09-15,DPZ,Consumer Cyclical,310.82,925.91,10283.46,0.73,-4.0,-3.41,-0.61,0.0,-7.33,0,0,0,0,0,0,0,0,0,0,0,0,0
2026-09-16,2026-09-15,DQ,Technology,11.26,945.43,761.96,0.86,-2.17,-3.43,1.3,0.0,-9.78,0,0,0,0,0,0,0,0,0,0,0,0,0
2026-09-16,2026-09-15,DRH,Real Estate,12.39,2562.59,2542.86,1.27,0.57,0.49,0.08,0.43,3.51,0,0,0,0,0,0,0,0,0,0,0,0,0
2026-09-16,2026-09-15,DRI,Consumer Cyclical,209.12,1303.28,23743.85,1.24,-4.32,-3.44,-0.91,0.0,-1.78,0,0,0,0,0,0,0,0,0,0,0,0,0
2026-09-16,2026-09-15,DRS,Industrials,36.88,971.62,9841.62,1.33,2.69,0.64,2.03,1.29,-0.18,0,0,0,0,0,0,0,0,0,0,0,0,0
2026-09-16,2026-09-15,DRTS,Healthcare,14.87,670.2,1343.14,0.61,3.26,3.99,-0.69,0.07,0.2,0,0,0,0,0,0,0,0,0,0,0,0,0
2026-09-16,2026-09-15,DRVN,Consumer Cyclical,12.52,920.04,2065.55,1.21,0.4,-3.54,4.09,-0.16,-5.3,0,0,0,0,0,0,1,0,0,0,0,0,1
2026-09-16,2026-09-15,DSGN,Healthcare,12.23,702.18,765.06,1.82,-9.58,-9.24,-0.37,0.0,-19.73,0,0,0,1,1,0,0,0,0,0,0,0,1
2026-09-16,2026-09-15,DSGX,Technology,79.78,592.56,6825.18,1.19,-0.3,1.15,-1.44,-0.6,5.58,0,0,0,0,0,0,0,0,0,0,0,0,0
2026-09-16,2026-09-15,DT,Technology,55.17,5953.43,15944.24,1.29,3.43,4.55,-1.07,0.0,9.7,0,0,0,0,0,0,0,0,0,0,0,0,0
2026-09-16,2026-09-15,DTE,Utilities,130.4,1317.78,27134.68,1.22,-0.56,-0.62,0.06,0.0,-5.0,0,0,0,0,0,0,0,0,0,0,0,0,0
2026-09-16,2026-09-15,DTM,Energy,125.08,875.24,12760.08,1.08,-1.67,-1.85,0.18,0.0,-4.62,0,0,0,0,0,0,0,0,0,0,0,0,0
2026-09-16,2026-09-15,DUK,Utilities,117.77,4053.08,91825.52,1.13,-1.05,-1.15,0.1,0.07,-2.86,0,0,0,0,0,0,0,0,0,0,0,0,0
2026-09-16,2026-09-15,DUKU,Utilities,49.13,962.16,92292.94,0.71,-0.55,-0.16,-0.38,,-1.86,0,0,0,0,0,0,0,0,0,0,0,0,0
2026-09-16,2026-09-15,DUOL,Technology,153.92,1275.66,7201.31,1.08,1.84,3.98,-2.06,-0.08,5.14,0,0,0,0,0,0,0,0,0,0,0,0,0
2026-09-16,2026-09-15,DUOT,Technology,8.12,979.94,255.55,0.53,-1.46,-0.61,-0.85,0.0,-10.28,0,0,0,0,0,0,0,0,0,0,0,0,0
2026-09-16,2026-09-15,DV,Communication Services,13.5,3919.09,2092.33,0.73,-0.15,0.0,-0.15,0.0,1.12,0,0,0,0,0,0,0,0,0,0,0,0,0
2026-09-16,2026-09-15,DVA,Healthcare,190.9,822.31,12179.42,0.83,0.83,1.49,-0.65,0.0,6.02,0,0,0,0,0,0,0,0,0,0,0,0,0
2026-09-16,2026-09-15,DVN,Energy,51.33,11836.54,56463.0,0.97,3.22,2.58,0.62,0.16,6.05,0,0,0,0,0,0,0,0,0,0,0,0,0
2026-09-16,2026-09-15,DX,Real Estate,12.23,5446.83,3035.08,1.03,-1.45,-1.45,0.0,0.41,-5.12,0,0,0,0,0,0,0,0,0,0,0,0,0
2026-09-16,2026-09-15,DXC,Technology,12.04,4090.42,1923.74,0.53,-0.66,0.92,-1.57,0.0,7.4,0,0,0,0,0,0,0,0,0,0,0,0,0
2026-09-16,2026-09-15,DXCM,Healthcare,86.45,4666.76,32622.84,1.28,2.09,2.87,-0.76,0.0,2.27,0,0,0,0,0,0,0,0,0,0,0,0,0
2026-09-16,2026-09-15,DXYZ,Financial,30.26,1483.63,922.02,0.42,-4.15,-3.32,-0.86,-0.43,-11.62,0,0,0,0,0,0,0,0,0,0,0,0,0
2026-09-16,2026-09-15,DY,Industrials,282.34,625.45,8515.65,0.69,-1.57,-2.78,1.25,0.94,-6.79,0,0,0,0,0,0,0,0,0,0,0,0,0
2026-09-16,2026-09-15,DYN,Healthcare,17.9,2639.81,3342.76,1.15,-3.35,-3.35,0.0,0.56,-11.87,0,0,0,0,0,0,0,0,0,0,0,0,0
2026-09-16,2026-09-15,EAT,Consumer Cyclical,203.47,1038.32,8497.92,1.34,-4.99,-4.65,-0.35,-0.28,-8.55,0,0,0,0,0,0,0,0,0,0,0,0,0
2026-09-16,2026-09-15,EBAY,Consumer Cyclical,108.03,4053.27,48073.35,0.9,-0.88,-1.18,0.3,0.0,3.29,0,0,0,0,0,0,0,0,0,0,0,0,0
2026-09-16,2026-09-15,EBC,Financial,21.86,3105.78,4995.26,0.54,0.09,0.23,-0.14,0.0,0.55,0,0,0,0,0,0,0,0,0,0,0,0,0
2026-09-16,2026-09-15,EBS,Healthcare,6.36,1127.17,326.09,0.91,-0.31,0.0,-0.31,-1.57,6.0,0,0,0,0,0,0,0,0,0,0,0,0,0
2026-09-16,2026-09-15,EC,Energy,18.26,2351.4,37539.64,0.58,2.93,3.28,-0.34,0.0,2.7,0,0,0,0,0,0,0,0,0,0,0,0,0
2026-09-16,2026-09-15,ECG,Industrials,109.22,580.57,5577.19,1.34,-1.82,-3.27,1.5,0.0,-8.95,0,0,0,0,0,0,0,0,0,0,0,0,0
2026-09-16,2026-09-15,ECHO,Communication Services,92.1,5948.78,26754.19,0.41,-1.91,-2.31,0.42,0.43,-1.41,0,0,0,0,0,0,0,0,0,0,0,0,0
2026-09-16,2026-09-15,ECL,Basic Materials,274.6,1415.72,76978.23,0.71,-0.33,-0.65,0.32,0.0,-1.26,0,0,0,0,0,0,0,0,0,0,0,0,0
2026-09-16,2026-09-15,ECO,Industrials,82.73,519.49,3172.59,2.18,3.78,3.8,-0.03,1.09,18.27,1,0,0,0,0,0,0,0,0,0,1,0,1
2026-09-16,2026-09-15,ECVT,Basic Materials,10.54,1493.36,1153.8,1.79,5.72,3.03,2.61,0.0,4.15,0,0,0,1,0,0,0,0,0,0,0,0,1
2026-09-16,2026-09-15,ED,Utilities,105.24,2253.04,38784.06,0.76,-0.51,-0.57,0.06,0.0,-2.8,0,0,0,0,0,0,0,0,0,0,0,0,0
2026-09-16,2026-09-15,EDU,Consumer Defensive,56.26,743.9,8953.78,0.92,-0.99,-0.14,-0.84,0.0,-1.56,0,0,0,0,0,0,0,0,0,0,0,0,0
2026-09-16,2026-09-15,EEFT,Technology,70.11,681.13,2622.37,1.02,-1.61,-1.49,-0.13,0.86,-2.46,0,0,0,0,0,0,0,0,0,0,0,0,0
2026-09-16,2026-09-15,EFC,Real Estate,12.62,1220.57,1626.56,1.03,-1.48,-1.41,-0.08,0.55,-5.68,0,0,0,0,0,0,0,0,0,0,0,0,0
2026-09-16,2026-09-15,EFOR,Technology,33.8,934.76,1385.8,1.36,-0.73,1.9,-2.58,0.0,9.31,0,0,0,0,0,0,0,0,0,0,0,0,0
2026-09-16,2026-09-15,EFX,Industrials,167.08,1558.09,19629.37,1.2,-3.02,-2.41,-0.63,0.0,-2.65,0,0,0,0,0,0,0,0,0,0,0,0,0
2026-09-16,2026-09-15,EFXT,Energy,22.4,590.11,2735.04,0.69,1.08,1.22,-0.14,-0.01,-0.62,0,0,0,0,0,0,0,0,0,0,0,0,0
2026-09-16,2026-09-15,EGO,Basic Materials,40.21,2713.44,10507.68,1.07,-2.31,-3.18,0.9,0.0,-8.36,0,0,0,0,0,0,0,0,0,0,0,0,0
2026-09-16,2026-09-15,EGY,Energy,6.52,1344.27,685.85,1.35,3.99,3.49,0.48,1.23,7.24,0,0,0,0,0,0,0,0,0,0,0,0,0
2026-09-16,2026-09-15,EHC,Healthcare,122.0,994.38,12035.71,0.8,-0.43,0.09,-0.52,0.0,1.27,0,0,0,0,0,0,0,0,0,0,0,0,0
2026-09-16,2026-09-15,EIX,Utilities,54.56,4076.48,20995.45,1.2,-2.8,-4.03,1.28,0.57,-8.04,0,0,0,0,0,0,0,0,0,0,0,0,0
2026-09-16,2026-09-15,EL,Consumer Defensive,96.25,3125.22,34823.11,0.62,-2.01,-1.38,-0.63,0.0,-5.35,0,0,0,0,0,0,0,0,0,0,0,0,0
2026-09-16,2026-09-15,ELAN,Healthcare,23.0,5901.6,11491.31,1.4,-0.65,-0.69,0.04,-1.39,-4.05,0,0,0,0,0,0,0,0,0,0,0,0,0
2026-09-16,2026-09-15,ELF,Consumer Defensive,95.47,2543.64,5633.49,0.49,-1.33,-3.76,2.52,0.03,-8.47,0,0,0,0,0,0,0,0,0,0,0,0,0
2026-09-16,2026-09-15,ELMT,Industrials,19.57,633.8,596.09,3.53,-8.98,-11.01,2.28,-1.28,15.59,1,1,0,1,1,0,0,0,0,0,1,0,1
2026-09-16,2026-09-15,ELS,Real Estate,61.29,1486.57,12289.46,1.22,-0.47,-0.52,0.05,0.71,-0.87,0,0,0,0,0,0,0,0,0,0,0,0,0
2026-09-16,2026-09-15,ELV,Healthcare,417.54,1324.95,90551.61,1.11,-1.58,-1.29,-0.29,0.0,3.88,0,0,0,0,0,0,0,0,0,0,0,0,0
2026-09-16,2026-09-15,ELVA,Industrials,6.2,1032.31,310.0,0.21,-2.82,-1.9,-0.94,0.26,-13.29,0,0,0,0,0,0,0,0,0,0,0,0,0
2026-09-16,2026-09-15,ELVN,Healthcare,53.36,1262.98,3909.73,0.69,-1.97,-1.77,-0.2,0.0,-10.12,0,0,0,0,0,0,0,0,0,0,0,0,0
2026-09-16,2026-09-15,EMBC,Healthcare,5.09,1812.97,288.4,0.39,-2.86,-2.3,-0.57,0.0,-8.29,0,0,0,0,0,0,0,0,0,0,0,0,0
2026-09-16,2026-09-15,EMBJ,Industrials,74.08,1177.14,13183.28,1.21,-1.23,-1.31,0.08,1.94,0.23,0,0,0,0,0,0,0,0,0,0,0,0,0
2026-09-16,2026-09-15,EMN,Basic Materials,65.88,1146.52,7535.19,1.53,-1.67,-0.78,-0.9,-0.5,-6.41,0,0,0,0,0,0,0,0,0,0,0,0,0
2026-09-16,2026-09-15,EMR,Industrials,147.0,2694.82,81996.6,0.77,-0.88,-1.09,0.22,0.19,-3.38,0,0,0,0,0,0,0,0,0,0,0,0,0
2026-09-16,2026-09-15,ENB,Energy,48.36,4783.59,105622.59,1.23,0.42,-0.45,0.87,0.31,-4.2,0,0,0,0,0,0,0,0,0,0,0,0,0
2026-09-16,2026-09-15,ENOV,Healthcare,17.94,1350.01,1034.59,1.97,-1.54,-0.72,-0.82,0.0,-10.21,0,0,0,0,0,0,0,0,0,0,0,0,0
2026-09-16,2026-09-15,ENPH,Technology,36.72,5057.03,4852.35,0.61,0.16,-0.51,0.68,0.22,-5.43,0,0,0,0,0,0,0,0,0,0,0,0,0
2026-09-16,2026-09-15,ENR,Industrials,20.46,1036.73,1401.17,0.77,0.94,0.79,0.15,1.96,-2.57,0,0,0,0,0,0,0,0,0,0,0,0,0
2026-09-16,2026-09-15,ENS,Industrials,170.66,543.61,6154.9,1.18,0.77,-0.65,1.43,0.0,-5.46,0,0,0,0,0,0,0,0,0,0,0,0,0
2026-09-16,2026-09-15,ENSG,Healthcare,172.75,617.97,10068.29,0.66,-1.25,-1.04,-0.21,0.0,1.3,0,0,0,0,0,0,0,0,0,0,0,0,0
2026-09-16,2026-09-15,ENTG,Technology,129.64,2875.53,19809.0,0.65,0.87,-0.99,1.88,-1.4,-8.12,0,0,0,0,0,0,0,0,0,0,0,0,0
2026-09-16,2026-09-15,EOG,Energy,153.74,3358.7,80641.12,1.06,3.5,2.6,0.88,-0.48,5.76,0,0,0,0,0,0,0,0,0,0,0,0,0
2026-09-16,2026-09-15,EOLS,Healthcare,7.91,919.95,522.46,0.69,-0.25,0.38,-0.63,0.63,-10.92,0,0,0,0,0,0,0,0,0,0,0,0,0
2026-09-16,2026-09-15,EPAM,Technology,123.51,1628.89,6371.51,1.13,-0.08,0.93,-1.0,-0.09,7.11,0,0,0,0,0,0,0,0,0,0,0,0,0
2026-09-16,2026-09-15,EPC,Consumer Defensive,26.64,765.64,1227.8,0.77,-0.26,1.22,-1.46,0.0,-3.86,0,0,0,0,0,0,0,0,0,0,0,0,0
2026-09-16,2026-09-15,EPD,Energy,38.81,2964.18,83809.31,0.64,0.28,0.18,0.1,-0.28,-0.05,0,0,0,0,0,0,0,0,0,0,0,0,0
2026-09-16,2026-09-15,EPR,Real Estate,58.69,725.44,4496.18,1.3,-0.2,-0.03,-0.17,-0.87,-2.02,0,0,0,0,0,0,0,0,0,0,0,0,0
2026-09-16,2026-09-15,EQH,Financial,53.97,2993.59,14735.71,0.86,0.56,0.9,-0.34,0.0,3.71,0,0,0,0,0,0,0,0,0,0,0,0,0
2026-09-16,2026-09-15,EQIX,Real Estate,1006.98,597.9,99360.41,0.99,0.83,0.94,-0.11,0.0,-3.29,0,0,0,0,0,0,0,0,0,0,0,0,0
2026-09-16,2026-09-15,EQNR,Energy,45.75,3435.99,109376.81,0.98,2.72,2.67,0.04,-1.27,5.44,0,0,0,0,0,0,0,0,0,0,0,0,0
2026-09-16,2026-09-15,EQPT,Industrials,17.68,2889.54,4487.3,0.65,-1.28,-1.06,-0.22,0.11,-8.87,0,0,0,0,0,0,0,0,0,0,0,0,0
2026-09-16,2026-09-15,EQT,Energy,53.12,7213.64,33227.41,0.92,-0.17,-0.97,0.81,0.0,-3.63,0,0,0,0,0,0,0,0,0,0,0,0,0
2026-09-16,2026-09-15,EQX,Basic Materials,11.86,13675.01,13846.08,0.54,0.08,-0.42,0.51,0.84,-6.17,0,0,0,0,0,0,0,0,0,0,0,0,0
2026-09-16,2026-09-15,ERAS,Healthcare,16.25,4557.49,5683.63,1.03,0.56,0.71,-0.15,-1.54,-0.18,0,0,0,0,0,0,0,0,0,0,0,0,0
2026-09-16,2026-09-15,ERIC,Technology,10.04,11655.91,30568.79,0.79,-0.1,0.9,-1.0,0.7,-0.3,0,0,0,0,0,0,0,0,0,0,0,0,0
2026-09-16,2026-09-15,ERII,Industrials,7.06,1022.85,360.38,1.26,-0.42,-0.7,0.28,1.98,-8.31,0,0,0,0,0,0,0,0,0,0,0,0,0
2026-09-16,2026-09-15,ERO,Basic Materials,32.53,1325.09,3392.88,1.28,-3.41,-3.93,0.53,-1.0,-14.19,0,0,0,0,0,0,0,0,0,0,0,0,0
2026-09-16,2026-09-15,EROC,Industrials,11.04,2286.96,2422.17,0.87,-1.95,-2.47,0.53,1.6,-19.65,0,0,0,0,0,0,0,0,0,0,0,0,0
2026-09-16,2026-09-15,ES,Utilities,67.21,2260.07,25316.31,0.9,-1.64,-1.68,0.04,0.0,-5.99,0,0,0,0,0,0,0,0,0,0,0,0,0
2026-09-16,2026-09-15,ESAB,Industrials,67.21,771.25,4178.3,1.21,-0.46,-1.52,1.08,1.18,-10.07,0,0,0,0,0,0,0,0,0,0,0,0,0
2026-09-16,2026-09-15,ESI,Basic Materials,31.79,5298.15,7746.94,0.96,-1.06,-2.42,1.4,0.0,-12.21,0,0,0,0,0,0,0,0,0,0,0,0,0
2026-09-16,2026-09-15,ESNT,Financial,68.21,689.39,6130.47,1.65,-0.86,-0.12,-0.74,0.0,-0.34,0,0,0,0,0,0,0,0,0,0,0,0,0
2026-09-16,2026-09-15,ESTA,Healthcare,71.48,576.61,2130.24,0.36,-0.61,0.01,-0.63,0.0,-5.06,0,0,0,0,0,0,0,0,0,0,0,0,0
2026-09-16,2026-09-15,ESTC,Technology,85.16,2329.79,8941.06,0.67,0.06,1.85,-1.76,-1.08,-3.69,0,0,0,0,0,0,0,0,0,0,0,0,0
2026-09-16,2026-09-15,ET,Energy,21.33,8631.26,73445.58,0.87,-0.74,-0.88,0.14,0.19,-0.84,0,0,0,0,0,0,0,0,0,0,0,0,0
2026-09-16,2026-09-15,ETD,Consumer Cyclical,21.72,711.33,547.4,0.56,-2.16,-1.45,-0.72,0.0,0.05,0,0,0,0,0,0,0,0,0,0,0,0,0
2026-09-16,2026-09-15,ETN,Industrials,392.4,2195.98,152408.15,1.22,-0.19,-1.6,1.43,0.15,-7.04,0,0,0,0,0,0,0,0,0,0,0,0,0
2026-09-16,2026-09-15,ETON,Healthcare,54.93,553.6,1570.07,0.98,-4.67,-4.14,-0.56,0.0,-7.44,0,0,0,0,0,0,0,0,0,0,0,0,0
2026-09-16,2026-09-15,ETOR,Financial,28.66,1017.98,2321.75,1.03,-4.18,-3.14,-1.07,-0.17,-7.22,0,0,0,0,0,0,0,0,0,0,0,0,0
2026-09-16,2026-09-15,ETR,Utilities,102.92,2745.34,49172.86,0.86,-0.69,-1.11,0.41,0.0,-5.17,0,0,0,0,0,0,0,0,0,0,0,0,0
2026-09-16,2026-09-15,ETSY,Consumer Cyclical,74.0,3001.81,6791.85,0.96,-0.62,-3.19,2.65,0.38,1.62,0,0,0,0,0,0,0,0,0,0,0,0,0
2026-09-16,2026-09-15,EVC,Communication Services,8.12,1696.14,749.38,0.58,-2.4,-2.17,-0.24,0.0,-2.29,0,0,0,0,0,0,0,0,0,0,0,0,0
2026-09-16,2026-09-15,EVER,Communication Services,24.47,670.22,862.32,0.63,1.83,2.38,-0.54,0.0,-1.88,0,0,0,0,0,0,0,0,0,0,0,0,0
2026-09-16,2026-09-15,EVLV,Industrials,5.11,2082.67,925.55,1.25,-0.97,0.0,-0.97,-2.15,0.79,0,0,0,0,0,0,0,0,1,0,0,0,1
2026-09-16,2026-09-15,EVMN,Healthcare,9.99,853.1,362.56,0.61,-4.22,-4.22,0.0,0.0,-23.62,0,0,0,0,0,0,0,0,0,0,0,0,0
2026-09-16,2026-09-15,EVRG,Utilities,80.2,2083.58,18487.14,0.85,-0.82,-1.22,0.41,0.0,-2.48,0,0,0,0,0,0,0,0,0,0,0,0,0
2026-09-16,2026-09-15,EW,Healthcare,85.74,4117.01,49420.54,0.92,0.26,0.83,-0.57,0.0,-1.13,0,0,0,0,0,0,0,0,0,0,0,0,0
2026-09-16,2026-09-15,EWBC,Financial,128.73,845.56,17637.54,0.84,-0.83,-0.53,-0.3,0.0,-0.4,0,0,0,0,0,0,0,0,0,0,0,0,0
2026-09-16,2026-09-15,EWTX,Healthcare,43.63,1305.49,4738.4,2.27,-2.22,-2.37,0.16,0.0,-0.43,1,0,0,0,0,0,0,0,0,0,0,0,1
2026-09-16,2026-09-15,EXC,Utilities,42.19,8223.34,43555.96,0.67,-1.23,-1.57,0.35,0.44,-3.99,0,0,0,0,0,0,0,0,0,0,0,0,0
2026-09-16,2026-09-15,EXE,Energy,94.23,3403.82,21814.6,0.97,0.89,0.28,0.61,0.0,-4.03,0,0,0,0,0,0,0,0,0,0,0,0,0
2026-09-16,2026-09-15,EXEL,Healthcare,56.9,2548.44,14098.78,0.78,1.23,1.73,-0.5,1.79,-1.34,0,0,0,0,0,0,0,0,0,0,0,0,0
2026-09-16,2026-09-15,EXK,Basic Materials,9.64,7578.05,2854.79,0.78,-0.82,-1.33,0.51,0.62,-13.39,0,0,0,0,0,0,0,0,0,0,0,0,0
2026-09-16,2026-09-15,EXLS,Technology,36.29,2533.63,5502.02,0.49,-0.44,0.58,-1.02,0.0,2.17,0,0,0,0,0,0,0,0,0,0,0,0,0
2026-09-16,2026-09-15,EXPD,Industrials,193.9,1106.48,25205.19,0.85,0.15,0.45,-0.29,0.0,4.27,0,0,0,0,0,0,0,0,0,0,0,0,0
2026-09-16,2026-09-15,EXPE,Consumer Cyclical,293.08,1639.85,35175.14,1.26,1.81,2.92,-1.08,0.0,6.75,0,0,0,0,0,0,0,0,0,0,0,0,0
2026-09-16,2026-09-15,EXPO,Industrials,67.34,510.33,3201.75,1.84,-2.67,-1.56,-1.13,0.0,-0.77,0,0,0,0,0,0,0,0,0,0,0,0,0
2026-09-16,2026-09-15,EXR,Real Estate,137.3,1184.66,30295.06,1.1,-1.51,-0.45,-1.06,0.0,-1.34,0,0,0,0,0,0,0,0,0,0,0,0,0
2026-09-16,2026-09-15,EXTR,Technology,22.05,1825.15,2877.32,0.69,1.94,1.33,0.6,-1.72,1.85,0,0,0,0,0,0,0,0,0,0,0,0,0
2026-09-16,2026-09-15,EYE,Consumer Cyclical,15.85,2127.47,1253.25,1.16,-9.48,-9.06,-0.46,-0.09,-6.76,0,0,0,1,1,0,0,0,0,0,0,0,1
2026-09-16,2026-09-15,EZPW,Financial,30.34,1037.82,1864.19,1.2,-6.07,-6.53,0.5,0.03,-8.31,0,0,0,1,0,0,0,0,0,0,0,0,1
2026-09-16,2026-09-15,F,Consumer Cyclical,13.5,49364.29,53832.54,0.93,-2.6,-2.74,0.14,-0.07,-3.57,0,0,0,0,0,0,0,0,0,0,0,0,0
2026-09-16,2026-09-15,FA,Industrials,21.65,2205.45,3718.47,0.54,-2.83,-1.81,-1.03,0.0,4.94,0,0,0,0,0,0,0,0,0,0,0,0,0
2026-09-16,2026-09-15,FAF,Financial,72.83,819.09,7435.95,1.26,-0.44,0.01,-0.45,1.48,2.03,0,0,0,0,0,0,0,0,0,0,0,0,0
2026-09-16,2026-09-15,FANG,Energy,211.52,2060.67,59232.15,1.03,2.82,2.07,0.73,0.55,5.95,0,0,0,0,0,0,0,0,0,0,0,0,0
2026-09-16,2026-09-15,FAST,Industrials,49.41,7691.35,56697.86,0.68,-0.06,-0.04,-0.02,0.0,0.06,0,0,0,0,0,0,0,0,0,0,0,0,0
2026-09-16,2026-09-15,FBIN,Industrials,39.94,2519.72,4767.69,0.88,-1.96,-1.96,0.0,0.0,-5.33,0,0,0,0,0,0,0,0,0,0,0,0,0
2026-09-16,2026-09-15,FBP,Financial,28.11,1429.7,4291.5,0.87,-0.14,0.04,-0.18,-1.35,0.11,0,0,0,0,0,0,0,0,0,0,0,0,0
2026-09-16,2026-09-15,FCEL,Industrials,15.25,10681.34,1219.3,0.34,-0.2,0.39,-0.59,0.59,-14.13,0,0,0,0,0,0,0,0,0,0,0,0,0
2026-09-16,2026-09-15,FCF,Financial,21.45,783.43,2167.65,1.08,0.33,0.42,-0.09,0.0,1.66,0,0,0,0,0,0,0,0,0,0,0,0,0
2026-09-16,2026-09-15,FCX,Basic Materials,69.38,14660.39,99630.89,0.51,0.06,-0.09,0.14,0.01,-9.45,0,0,0,0,0,0,0,0,0,0,0,0,0
2026-09-16,2026-09-15,FDMT,Healthcare,13.63,946.54,752.98,0.58,-0.94,-2.29,1.38,0.0,-6.84,0,0,0,0,0,0,0,0,0,0,0,0,0
2026-09-16,2026-09-15,FDS,Financial,277.09,937.33,9854.86,0.87,0.06,1.33,-1.26,0.0,-4.12,0,0,0,0,0,0,0,0,0,0,0,0,0
2026-09-16,2026-09-15,FDX,Industrials,308.26,1757.54,72956.03,0.59,-1.38,-1.61,0.24,-0.01,-1.87,0,0,0,0,0,0,0,0,0,0,0,0,0
2026-09-16,2026-09-15,FDXF,Industrials,126.94,1438.21,18979.83,1.06,-1.93,-2.11,0.18,0.0,-1.65,0,0,0,0,0,0,0,0,0,0,0,0,0
2026-09-16,2026-09-15,FE,Utilities,45.33,4302.96,26229.75,0.8,-1.09,-0.92,-0.17,0.0,-2.41,0,0,0,0,0,0,0,0,0,0,0,0,0
2026-09-16,2026-09-15,FER,Industrials,54.24,1469.4,39341.9,0.81,-0.7,-0.5,-0.2,0.48,-6.47,0,0,0,0,0,0,0,0,0,0,0,0,0
2026-09-16,2026-09-15,FERG,Industrials,215.11,2284.12,41613.61,0.81,-3.24,-1.79,-1.47,0.0,-4.94,0,0,0,0,0,0,0,0,0,0,0,0,0
2026-09-16,2026-09-15,FFBC,Financial,32.67,952.57,3429.33,0.79,-0.21,-0.06,-0.15,0.0,0.18,0,0,0,0,0,0,0,0,0,0,0,0,0
2026-09-16,2026-09-15,FFIN,Financial,33.63,826.65,4820.1,1.13,1.11,1.14,-0.03,0.0,1.57,0,0,0,0,0,0,0,0,0,0,0,0,0
2026-09-16,2026-09-15,FFIV,Technology,430.88,608.14,24399.52,1.05,4.71,4.55,0.15,0.71,10.59,0,0,0,0,0,0,0,0,0,0,0,0,0
2026-09-16,2026-09-15,FG,Financial,23.52,637.78,3079.59,0.94,1.73,1.86,-0.13,0.0,-2.69,0,0,0,0,0,0,0,0,0,0,0,0,0
2026-09-16,2026-09-15,FHB,Financial,25.85,2156.44,3145.45,0.98,0.27,0.31,-0.04,0.0,0.15,0,0,0,0,0,0,0,0,0,0,0,0,0
2026-09-16,2026-09-15,FHI,Financial,58.25,583.16,4348.96,1.34,-1.25,-0.9,-0.36,0.0,-5.21,0,0,0,0,0,0,0,0,0,0,0,0,0
2026-09-16,2026-09-15,FHN,Financial,24.47,5100.72,11593.33,1.5,0.62,0.25,0.37,1.31,-0.81,0,0,0,0,0,0,0,0,0,0,0,0,0
2026-09-16,2026-09-15,FIBK,Financial,37.46,1089.68,3570.11,0.96,0.43,0.67,-0.24,0.0,0.64,0,0,0,0,0,0,0,0,0,0,0,0,0
2026-09-16,2026-09-15,FIG,Technology,23.88,20429.19,12728.27,0.42,-0.13,1.44,-1.55,-0.13,4.97,0,0,0,0,0,0,0,0,0,0,0,0,0
2026-09-16,2026-09-15,FIGR,Financial,33.28,4156.82,7440.25,0.84,-6.65,-4.69,-2.06,-0.03,-13.03,0,0,0,1,0,0,0,0,0,0,0,0,1
2026-09-16,2026-09-15,FIGS,Consumer Cyclical,13.28,3125.4,2206.34,0.58,-5.01,-3.84,-1.22,1.87,-2.92,0,0,0,1,0,0,0,0,0,0,0,0,1
2026-09-16,2026-09-15,FIS,Technology,37.34,6067.07,19256.46,0.91,-2.2,-1.81,-0.39,0.43,-5.28,0,0,0,0,0,0,0,0,0,0,0,0,0
2026-09-16,2026-09-15,FISV,Technology,50.02,8158.37,26598.98,0.9,-1.9,-1.03,-0.88,0.0,-1.65,0,0,0,0,0,0,0,0,0,0,0,0,0
2026-09-16,2026-09-15,FITB,Financial,54.67,5965.24,49579.82,1.64,0.53,-0.09,0.63,0.0,0.29,0,0,0,0,0,0,0,0,0,0,0,0,0
2026-09-16,2026-09-15,FIVE,Consumer Cyclical,236.07,1125.02,12996.61,1.04,-5.42,-6.17,0.81,-0.18,-7.08,0,0,0,1,0,0,0,0,0,0,0,0,1
2026-09-16,2026-09-15,FIVN,Technology,33.02,2560.39,2467.37,1.14,4.0,5.73,-1.64,1.03,5.73,0,0,0,0,0,0,0,0,0,0,0,0,0
2026-09-16,2026-09-15,FIZZ,Consumer Defensive,31.37,501.56,2936.71,1.24,-1.38,-0.92,-0.47,0.0,0.87,0,0,0,0,0,0,0,0,0,0,0,0,0
2026-09-16,2026-09-15,FLEX,Technology,108.0,5625.09,39895.52,0.36,-0.3,-3.11,2.91,0.0,-5.52,0,0,0,0,0,0,0,0,0,0,0,0,0
2026-09-16,2026-09-15,FLG,Financial,12.84,4613.63,5329.79,1.4,-1.38,-1.53,0.15,0.54,-4.89,0,0,0,0,0,0,0,0,0,0,0,0,0
2026-09-16,2026-09-15,FLNC,Utilities,9.3,7773.98,1716.74,0.49,-1.17,-1.06,-0.11,0.0,-15.76,0,0,0,0,0,0,0,0,0,0,0,0,0
2026-09-16,2026-09-15,FLO,Consumer Defensive,6.14,6806.02,1302.03,1.33,2.33,3.02,-0.67,0.0,-2.85,0,0,0,0,0,0,0,0,0,0,0,0,0
2026-09-16,2026-09-15,FLOC,Energy,20.54,652.96,1855.85,1.73,4.21,3.42,0.76,0.0,-3.3,0,0,0,0,0,0,0,0,0,0,0,0,0
2026-09-16,2026-09-15,FLR,Industrials,54.04,2495.11,7227.36,0.6,0.99,-0.09,1.08,0.49,-4.56,0,0,0,0,0,0,0,0,0,0,0,0,0
2026-09-16,2026-09-15,FLS,Industrials,71.03,1842.37,9028.82,0.78,-0.5,-1.35,0.85,0.1,-7.73,0,0,0,0,0,0,0,0,0,0,0,0,0
2026-09-16,2026-09-15,FLUT,Consumer Cyclical,99.91,2872.06,17338.29,0.57,-0.74,0.41,-1.14,-0.18,-0.78,0,0,0,0,0,0,0,0,0,0,0,0,0
2026-09-16,2026-09-15,FLY,Industrials,20.49,3873.7,3430.12,0.74,-4.07,-3.39,-0.7,0.14,-10.52,0,0,0,0,0,0,0,0,0,0,0,0,0
2026-09-16,2026-09-15,FLYW,Technology,17.75,2042.86,2159.6,0.32,-1.93,-1.39,-0.55,0.0,-1.22,0,0,0,0,0,0,0,0,0,0,0,0,0
2026-09-16,2026-09-15,FMC,Basic Materials,11.25,3952.92,1408.8,0.77,2.46,2.74,-0.27,0.0,-12.18,0,0,0,0,0,0,0,0,0,0,0,0,0
2026-09-16,2026-09-15,FMS,Healthcare,22.96,670.17,12219.77,0.67,0.44,0.31,0.13,0.96,2.27,0,0,0,0,0,0,0,0,0,0,0,0,0
2026-09-16,2026-09-15,FN,Technology,374.91,973.22,13434.85,0.79,-2.0,-3.47,1.52,0.2,-9.94,0,0,0,0,0,0,0,0,0,0,0,0,0
2026-09-16,2026-09-15,FNB,Financial,18.26,4694.28,6445.8,0.81,-0.27,-0.33,0.05,0.0,-0.33,0,0,0,0,0,0,0,0,0,0,0,0,0
2026-09-16,2026-09-15,FND,Consumer Cyclical,46.11,2460.03,4910.25,1.1,-4.2,-3.72,-0.5,0.0,-3.78,0,0,0,0,0,0,0,0,0,0,0,0,0
2026-09-16,2026-09-15,FNF,Financial,43.62,1773.65,11698.57,1.69,-1.51,-1.11,-0.41,0.87,-2.31,0,0,0,0,0,0,0,0,0,0,0,0,0
2026-09-16,2026-09-15,FNKO,Consumer Cyclical,5.34,1007.92,299.5,1.62,-1.84,-0.93,-0.92,0.0,-5.99,0,0,0,0,0,0,0,0,0,0,0,0,0
2026-09-16,2026-09-15,FNV,Basic Materials,263.09,808.69,50742.17,0.69,0.54,0.66,-0.11,0.73,-0.46,0,0,0,0,0,0,0,0,0,0,0,0,0
2026-09-16,2026-09-15,FORM,Technology,101.69,1508.6,7944.1,0.64,-1.21,-3.27,2.13,0.0,-7.44,0,0,0,0,0,0,0,0,0,0,0,0,0
2026-09-16,2026-09-15,FOSL,Consumer Cyclical,5.04,942.14,298.06,0.36,1.41,2.02,-0.6,1.19,-1.37,0,0,0,0,0,0,0,0,0,0,0,0,0
2026-09-16,2026-09-15,FOUR,Technology,42.35,1738.74,3343.96,0.77,-6.55,-6.01,-0.57,1.53,0.14,0,0,0,1,0,0,0,0,0,0,0,0,1
2026-09-16,2026-09-15,FOX,Communication Services,60.34,1732.67,26829.23,0.43,-1.31,-1.18,-0.13,0.0,3.61,0,0,0,0,0,0,0,0,0,0,0,0,0
2026-09-16,2026-09-15,FOXA,Communication Services,67.57,6948.38,26804.12,0.66,-1.4,-0.27,-1.14,0.0,3.59,0,0,0,0,0,0,0,0,0,0,0,0,0
2026-09-16,2026-09-15,FOXF,Consumer Cyclical,19.16,559.79,805.32,0.78,-2.19,-1.39,-0.82,0.0,-5.43,0,0,0,0,0,0,0,0,0,0,0,0,0
2026-09-16,2026-09-15,FPS,Industrials,31.36,7735.04,9546.89,4.19,9.5,1.39,8.0,-0.77,-2.94,1,1,0,1,1,0,1,1,0,0,0,0,1
2026-09-16,2026-09-15,FRNM,Healthcare,14.64,607.23,1573.02,0.86,-2.14,-2.14,0.0,0.0,-8.44,0,0,0,0,0,0,0,0,0,0,0,0,0
2026-09-16,2026-09-15,FRO,Energy,51.59,2614.03,11485.12,2.16,2.12,0.74,1.37,0.5,10.66,1,0,0,0,0,0,0,0,0,0,0,0,1
2026-09-16,2026-09-15,FROG,Technology,94.8,2632.45,11688.96,0.68,1.94,3.98,-1.97,-1.9,9.3,0,0,0,0,0,0,0,0,0,0,0,0,0
2026-09-16,2026-09-15,FRPT,Consumer Defensive,62.69,1337.7,3012.76,0.79,-1.69,-1.54,-0.16,0.0,-6.82,0,0,0,0,0,0,0,0,0,0,0,0,0
2026-09-16,2026-09-15,FRSH,Technology,12.66,14381.26,3303.26,0.21,0.16,2.1,-1.9,1.19,4.63,0,0,0,0,0,0,0,0,0,0,0,0,0
2026-09-16,2026-09-15,FRVO,Utilities,15.16,4436.48,4468.61,0.79,1.34,0.4,0.94,-0.01,-19.79,0,0,0,0,0,0,0,0,0,0,0,0,0
2026-09-16,2026-09-15,FSK,Financial,12.0,2350.2,3316.08,0.9,-0.25,0.0,-0.25,0.42,-1.48,0,0,0,0,0,0,0,0,0,0,0,0,0
2026-09-16,2026-09-15,FSLR,Technology,202.34,2127.08,21745.43,0.68,-2.27,-3.41,1.18,0.25,-5.12,0,0,0,0,0,0,0,0,0,0,0,0,0
2026-09-16,2026-09-15,FSLY,Technology,24.3,5617.16,3870.99,0.94,-2.25,-1.82,-0.44,0.78,13.08,0,0,0,0,0,0,0,0,0,0,0,0,0
2026-09-16,2026-09-15,FSM,Basic Materials,11.64,5184.54,3444.97,0.65,0.09,-0.09,0.17,0.29,-4.28,0,0,0,0,0,0,0,0,0,0,0,0,0
2026-09-16,2026-09-15,FTAI,Industrials,176.44,1405.14,18121.64,1.18,0.25,-0.49,0.74,3.16,-10.3,0,0,0,0,0,0,0,0,1,0,0,0,1
2026-09-16,2026-09-15,FTDR,Consumer Cyclical,80.12,578.3,5519.73,0.82,0.02,-0.02,0.05,0.0,-1.14,0,0,0,0,0,0,0,0,0,0,0,0,0
2026-09-16,2026-09-15,FTI,Energy,74.97,3648.48,29400.56,0.89,2.88,2.19,0.67,0.04,-4.08,0,0,0,0,0,0,0,0,0,0,0,0,0
2026-09-16,2026-09-15,FTNT,Technology,172.37,5275.08,126470.21,0.83,1.29,2.19,-0.89,0.08,9.46,0,0,0,0,0,0,0,0,0,0,0,0,0
2026-09-16,2026-09-15,FTRE,Healthcare,19.73,1425.29,1876.32,1.37,13.33,14.64,-1.15,0.76,15.65,0,0,0,1,1,1,0,0,0,0,1,0,1
2026-09-16,2026-09-15,FTS,Utilities,53.5,737.03,27333.15,0.94,-1.05,-1.09,0.04,-0.47,-3.73,0,0,0,0,0,0,0,0,0,0,0,0,0
2026-09-16,2026-09-15,FTV,Technology,56.45,2575.53,17048.86,1.16,2.28,2.28,0.0,0.0,-0.11,0,0,0,0,0,0,0,0,0,0,0,0,0
2026-09-16,2026-09-15,FUBO,Communication Services,10.91,1479.78,1191.34,1.21,-8.09,-6.75,-1.43,0.18,-2.85,0,0,0,1,1,0,0,0,0,0,0,0,1
2026-09-16,2026-09-15,FUL,Basic Materials,50.89,753.94,2737.24,1.1,-0.16,-0.1,-0.06,0.02,-4.05,0,0,0,0,0,0,0,0,0,0,0,0,0
2026-09-16,2026-09-15,FULT,Financial,23.75,1808.76,4534.22,0.71,0.0,0.04,-0.04,0.0,0.55,0,0,0,0,0,0,0,0,0,0,0,0,0
2026-09-16,2026-09-15,FUN,Consumer Cyclical,12.73,2263.83,1302.49,1.07,-3.41,-2.53,-0.91,0.51,-19.12,0,0,0,0,0,0,0,0,0,0,0,0,0
2026-09-16,2026-09-15,FUTU,Financial,108.72,1427.16,10409.94,0.44,-2.15,-1.51,-0.65,0.19,-7.47,0,0,0,0,0,0,0,0,0,0,0,0,0
2026-09-16,2026-09-15,FVRR,Communication Services,9.08,741.63,326.43,0.72,-2.16,0.22,-2.37,-0.99,0.78,0,0,0,0,0,0,0,0,0,0,0,0,0
2026-09-16,2026-09-15,FWDI,Financial,6.08,1592.65,448.99,1.65,-12.52,-10.19,-2.59,-0.82,-11.37,0,0,0,1,1,1,0,0,0,0,0,0,1
2026-09-16,2026-09-15,FWONK,Communication Services,95.0,2041.25,23615.5,0.92,-0.42,0.25,-0.67,-0.2,0.05,0,0,0,0,0,0,0,0,0,0,0,0,0
2026-09-16,2026-09-15,FWRD,Industrials,16.4,805.37,554.0,0.38,-1.74,-1.68,-0.06,-0.67,-5.04,0,0,0,0,0,0,0,0,0,0,0,0,0
2026-09-16,2026-09-15,FWRG,Consumer Cyclical,10.49,1102.7,647.36,1.86,-7.66,-6.84,-0.88,0.0,-14.65,0,0,0,1,0,0,0,0,0,0,0,0,1
2026-09-16,2026-09-15,G,Technology,35.86,2440.94,6025.71,0.69,-1.56,-0.33,-1.24,0.59,1.44,0,0,0,0,0,0,0,0,0,0,0,0,0
2026-09-16,2026-09-15,GAP,Consumer Cyclical,20.43,7634.81,7176.45,0.68,-2.34,-2.71,0.38,-0.15,-8.71,0,0,0,0,0,0,0,0,0,0,0,0,0
2026-09-16,2026-09-15,GBCI,Financial,45.25,1151.26,5892.09,1.11,-1.09,-1.27,0.17,0.0,-2.12,0,0,0,0,0,0,0,0,0,0,0,0,0
2026-09-16,2026-09-15,GBDC,Financial,12.43,1167.78,3227.47,1.24,-0.32,0.16,-0.48,-0.88,-2.74,0,0,0,0,0,0,0,0,0,0,0,0,0
2026-09-16,2026-09-15,GBTG,Consumer Cyclical,9.47,1889.01,4946.87,0.54,0.11,0.11,0.0,0.0,-0.11,0,0,0,0,0,0,0,0,0,0,0,0,0
2026-09-16,2026-09-15,GCMG,Financial,12.76,507.48,2587.63,1.02,0.95,1.51,-0.55,0.0,-3.19,0,0,0,0,0,0,0,0,0,0,0,0,0
2026-09-16,2026-09-15,GCT,Technology,52.69,647.2,1881.4,0.54,-0.1,0.39,-0.49,0.0,0.93,0,0,0,0,0,0,0,0,0,0,0,0,0
2026-09-16,2026-09-15,GD,Industrials,358.6,1150.5,97021.81,1.09,0.5,0.43,0.07,0.0,0.57,0,0,0,0,0,0,0,0,0,0,0,0,0
2026-09-16,2026-09-15,GDDY,Technology,102.38,2127.05,12966.2,0.9,-2.0,-0.45,-1.56,0.0,10.23,0,0,0,0,0,0,0,0,0,0,0,0,0
2026-09-16,2026-09-15,GDS,Technology,30.44,1837.22,5933.67,0.85,0.56,0.26,0.3,0.0,-4.87,0,0,0,0,0,0,0,0,0,0,0,0,0
2026-09-16,2026-09-15,GDYN,Technology,8.13,1943.12,659.56,0.39,-1.22,0.12,-1.34,0.25,3.04,0,0,0,0,0,0,0,0,0,0,0,0,0
2026-09-16,2026-09-15,GE,Industrials,307.05,4116.88,318583.55,1.77,-3.31,-3.61,0.31,0.13,-8.32,0,0,0,0,0,0,0,0,0,0,0,0,0
2026-09-16,2026-09-15,GEHC,Healthcare,64.07,4371.31,28939.54,0.97,-0.28,-0.28,0.0,0.0,-4.05,0,0,0,0,0,0,0,0,0,0,0,0,0
2026-09-16,2026-09-15,GEN,Technology,31.23,5541.19,18693.87,0.95,-0.57,0.87,-1.43,0.0,4.76,0,0,0,0,0,0,0,0,0,0,0,0,0
2026-09-16,2026-09-15,GENB,Healthcare,16.19,1031.77,2078.03,0.93,1.19,2.27,-1.06,-1.67,1.82,0,0,0,0,0,0,0,0,0,0,0,0,0
2026-09-16,2026-09-15,GENI,Communication Services,6.56,5977.32,1821.23,0.99,-3.53,-2.81,-0.74,1.98,-10.26,0,0,0,0,0,0,0,0,0,0,0,0,0
2026-09-16,2026-09-15,GEO,Industrials,31.26,2030.12,4114.42,1.09,1.33,2.36,-1.0,1.92,-2.43,0,0,0,0,0,0,0,0,0,0,0,0,0
2026-09-16,2026-09-15,GEV,Industrials,882.81,2587.82,235121.95,0.79,0.92,-0.75,1.69,-0.11,-9.11,0,0,0,0,0,0,0,0,0,0,0,0,0
2026-09-16,2026-09-15,GFI,Basic Materials,42.91,3803.97,38405.31,0.64,-0.49,-0.84,0.36,-0.72,-9.07,0,0,0,0,0,0,0,0,0,0,0,0,0
2026-09-16,2026-09-15,GFL,Industrials,42.18,2754.71,18391.32,0.71,-1.01,-0.71,-0.31,-0.12,-1.61,0,0,0,0,0,0,0,0,0,0,0,0,0
2026-09-16,2026-09-15,GFR,Energy,6.93,615.05,1666.04,3.56,4.68,4.84,-0.15,0.06,11.24,1,1,0,0,0,0,0,0,0,0,0,0,1
2026-09-16,2026-09-15,GFS,Technology,42.75,3793.05,23459.11,1.03,-1.81,-1.9,0.09,0.35,-5.19,0,0,0,0,0,0,0,0,0,0,0,0,0
2026-09-16,2026-09-15,GFUZ,Industrials,7.66,533.31,465.72,0.18,-5.67,-4.96,-0.74,5.09,-3.89,0,0,0,1,0,0,0,0,1,1,0,0,1
2026-09-16,2026-09-15,GGAL,Financial,42.14,932.1,5583.55,0.74,-1.91,-1.31,-0.61,0.0,-4.49,0,0,0,0,0,0,0,0,0,0,0,0,0
2026-09-16,2026-09-15,GGB,Basic Materials,5.06,13944.62,6270.3,0.94,3.48,3.27,0.2,-1.38,0.0,0,0,0,0,0,0,0,0,0,0,0,0,0
2026-09-16,2026-09-15,GGG,Industrials,76.84,1779.77,12444.54,0.85,0.39,0.07,0.33,0.0,-0.25,0,0,0,0,0,0,0,0,0,0,0,0,0
2026-09-16,2026-09-15,GH,Healthcare,175.65,2482.62,23571.55,1.15,4.65,4.4,0.24,-0.69,9.11,0,0,0,0,0,0,0,0,0,0,0,0,0
2026-09-16,2026-09-15,GIII,Consumer Cyclical,27.76,603.94,1190.25,1.38,-0.25,0.07,-0.32,3.06,0.51,0,0,0,0,0,0,0,0,1,0,0,0,1
2026-09-16,2026-09-15,GIL,Consumer Cyclical,45.89,1647.67,8498.37,0.97,-3.27,-3.08,-0.19,-0.0,-10.98,0,0,0,0,0,0,0,0,0,0,0,0,0
2026-09-16,2026-09-15,GILD,Healthcare,146.3,6819.46,181405.43,0.67,-0.08,1.6,-1.64,0.0,-0.23,0,0,0,0,0,0,0,0,0,0,0,0,0
2026-09-16,2026-09-15,GILT,Technology,9.64,629.5,742.57,0.42,-0.62,-0.41,-0.21,0.07,-3.02,0,0,0,0,0,0,0,0,0,0,0,0,0
2026-09-16,2026-09-15,GIS,Consumer Defensive,36.58,9795.55,19556.75,0.77,0.3,1.3,-0.99,0.0,-2.95,0,0,0,0,0,0,0,0,0,0,0,0,0
2026-09-16,2026-09-15,GKOS,Healthcare,171.68,805.82,10126.36,0.77,0.34,1.14,-0.78,0.1,-7.22,0,0,0,0,0,0,0,0,0,0,0,0,0
2026-09-16,2026-09-15,GL,Financial,173.29,606.22,13317.24,0.61,0.21,0.41,-0.19,0.0,1.53,0,0,0,0,0,0,0,0,0,0,0,0,0
2026-09-16,2026-09-15,GLBE,Consumer Cyclical,36.48,1484.69,6127.45,1.02,-2.69,-1.19,-1.52,-0.15,-1.22,0,0,0,0,0,0,0,0,0,0,0,0,0
2026-09-16,2026-09-15,GLIBK,Communication Services,25.55,583.69,1020.51,0.38,-1.12,-0.97,-0.15,0.0,-1.43,0,0,0,0,0,0,0,0,0,0,0,0,0
2026-09-16,2026-09-15,GLNG,Energy,50.39,1235.51,5119.08,1.01,-2.1,-2.4,0.31,0.81,-2.08,0,0,0,0,0,0,0,0,0,0,0,0,0
2026-09-16,2026-09-15,GLOB,Technology,40.1,1901.09,1731.5,0.47,-0.96,1.26,-2.2,-0.22,8.03,0,0,0,0,0,0,0,0,0,0,0,0,0
2026-09-16,2026-09-15,GLPI,Real Estate,40.62,3089.18,11817.17,1.28,-1.05,-0.9,-0.15,0.0,-2.4,0,0,0,0,0,0,0,0,0,0,0,0,0
2026-09-16,2026-09-15,GLUE,Healthcare,12.99,1436.09,1108.22,0.88,-6.55,-6.14,-0.43,0.0,-8.97,0,0,0,1,0,0,0,0,0,0,0,0,1
2026-09-16,2026-09-15,GLW,Technology,143.57,13281.06,123669.53,0.6,-0.02,-1.19,1.18,-0.16,-13.49,0,0,0,0,0,0,0,0,0,0,0,0,0
2026-09-16,2026-09-15,GLXY,Financial,22.29,6455.88,8712.92,1.07,-7.63,-4.01,-3.77,0.22,-17.6,0,0,0,1,0,0,1,0,0,0,0,0,1
2026-09-16,2026-09-15,GM,Consumer Cyclical,85.37,6934.51,74908.04,0.91,-2.05,-1.93,-0.13,0.0,-0.49,0,0,0,0,0,0,0,0,0,0,0,0,0
2026-09-16,2026-09-15,GMAB,Healthcare,34.15,2173.66,20405.99,1.42,4.59,5.6,-0.95,-0.44,1.85,0,0,0,0,0,0,0,0,0,0,0,0,0
2026-09-16,2026-09-15,GME,Consumer Cyclical,21.44,6051.41,10816.5,0.81,-0.83,-0.33,-0.51,0.0,13.5,0,0,0,0,0,0,0,0,0,0,0,0,0
2026-09-16,2026-09-15,GMED,Healthcare,74.69,1597.85,10028.02,1.21,-1.43,-1.05,-0.38,-0.43,-0.47,0,0,0,0,0,0,0,0,0,0,0,0,0
2026-09-16,2026-09-15,GMRS,Healthcare,12.73,712.29,687.7,2.16,-4.0,-1.62,-2.41,0.0,-7.75,1,0,0,0,0,0,0,0,0,0,0,0,1
2026-09-16,2026-09-15,GNL,Real Estate,9.01,2572.72,2084.18,0.71,-0.11,0.0,-0.11,0.23,-0.99,0,0,0,0,0,0,0,0,0,0,0,0,0
2026-09-16,2026-09-15,GNRC,Industrials,175.03,1042.78,10327.89,0.59,-1.1,-2.45,1.38,0.0,-7.98,0,0,0,0,0,0,0,0,0,0,0,0,0
2026-09-16,2026-09-15,GNTX,Consumer Cyclical,22.41,2570.68,4721.41,0.68,-0.75,-0.75,0.0,0.08,-1.71,0,0,0,0,0,0,0,0,0,0,0,0,0
2026-09-16,2026-09-15,GNW,Financial,10.01,3100.36,3782.29,3.15,-5.57,0.6,-6.13,0.0,-3.93,1,1,0,1,0,0,1,1,0,0,0,0,1
2026-09-16,2026-09-15,GO,Consumer Defensive,11.49,2618.52,1138.49,0.59,-1.46,-1.03,-0.43,0.0,-2.21,0,0,0,0,0,0,0,0,0,0,0,0,0
2026-09-16,2026-09-15,GOOG,Communication Services,341.43,19852.59,4200050.62,0.67,-1.24,-0.56,-0.69,-0.16,1.8,0,0,0,0,0,0,0,0,0,0,0,0,0
2026-09-16,2026-09-15,GOOGL,Communication Services,344.98,29937.85,4199022.77,0.73,-1.26,-0.52,-0.74,-0.13,1.96,0,0,0,0,0,0,0,0,0,0,0,0,0
2026-09-16,2026-09-15,GOOS,Consumer Cyclical,7.41,728.92,723.66,2.0,-5.24,-5.24,0.0,1.08,-4.39,1,0,0,1,0,0,0,0,0,0,0,0,1
2026-09-16,2026-09-15,GPC,Consumer Cyclical,131.01,1597.81,18061.01,0.75,-1.65,-2.08,0.44,0.0,-2.28,0,0,0,0,0,0,0,0,0,0,0,0,0
2026-09-16,2026-09-15,GPCR,Healthcare,38.95,789.12,2777.52,1.86,1.33,1.54,-0.21,-1.16,-3.54,0,0,0,0,0,0,0,0,0,0,0,0,0
2026-09-16,2026-09-15,GPGI,Industrials,12.37,1630.31,3585.94,0.69,-4.7,-4.48,-0.23,0.0,-11.01,0,0,0,0,0,0,0,0,0,0,0,0,0
2026-09-16,2026-09-15,GPK,Consumer Cyclical,9.66,5052.01,2860.05,1.78,1.47,2.77,-1.26,0.0,-2.33,0,0,0,0,0,0,0,0,0,0,0,0,0
2026-09-16,2026-09-15,GPN,Technology,88.98,3195.18,23545.74,0.74,-1.34,0.49,-1.82,0.0,-0.49,0,0,0,0,0,0,0,0,0,0,0,0,0
2026-09-16,2026-09-15,GPRE,Basic Materials,14.87,1497.73,1042.31,1.24,1.78,1.36,0.41,0.0,-5.77,0,0,0,0,0,0,0,0,0,0,0,0,0
2026-09-16,2026-09-15,GPRK,Energy,11.79,633.26,765.13,0.92,2.79,2.88,-0.09,-1.53,-1.34,0,0,0,0,0,0,0,0,0,0,0,0,0
2026-09-16,2026-09-15,GRAL,Healthcare,75.89,638.8,3389.72,2.37,0.48,0.6,-0.12,2.03,-4.06,1,0,0,0,0,0,0,0,1,0,0,0,1
2026-09-16,2026-09-15,GRFS,Healthcare,7.36,596.87,1900.5,0.99,-1.6,-0.54,-1.07,2.58,-5.03,0,0,0,0,0,0,0,0,1,0,0,0,1
2026-09-16,2026-09-15,GRMN,Technology,278.97,945.14,53800.07,0.54,-0.5,-0.63,0.13,0.0,1.19,0,0,0,0,0,0,0,0,0,0,0,0,0
2026-09-16,2026-09-15,GRND,Technology,15.35,1626.24,2668.15,0.52,-2.42,-2.48,0.06,0.07,-0.71,0,0,0,0,0,0,0,0,0,0,0,0,0
2026-09-16,2026-09-15,GRNT,Energy,5.32,1079.51,701.71,2.34,3.91,3.1,0.78,-0.75,4.31,1,0,0,0,0,0,0,0,0,0,0,0,1
2026-09-16,2026-09-15,GRPN,Communication Services,18.75,1446.78,762.47,0.55,-1.88,-0.95,-0.94,0.0,-1.06,0,0,0,0,0,0,0,0,0,0,0,0,0
2026-09-16,2026-09-15,GRRR,Technology,12.93,1228.06,355.7,0.28,-2.19,-1.82,-0.38,1.01,-11.32,0,0,0,0,0,0,0,0,0,0,0,0,0
2026-09-16,2026-09-15,GS,Financial,976.67,1984.1,284378.38,1.19,-1.19,-0.81,-0.38,-0.01,-5.78,0,0,0,0,0,0,0,0,0,0,0,0,0
2026-09-16,2026-09-15,GSAT,Communication Services,81.83,1047.45,10602.17,0.48,-0.2,-0.33,0.13,-0.4,-0.47,0,0,0,0,0,0,0,0,0,0,0,0,0
2026-09-16,2026-09-15,GSBD,Financial,9.64,924.24,1085.17,0.6,0.1,0.21,-0.1,0.0,-0.41,0,0,0,0,0,0,0,0,0,0,0,0,0
2026-09-16,2026-09-15,GSHD,Financial,59.35,505.06,2107.86,0.47,-0.93,0.15,-1.08,0.0,-4.77,0,0,0,0,0,0,0,0,0,0,0,0,0
2026-09-16,2026-09-15,GSK,Healthcare,50.01,3637.24,100195.53,0.75,-0.08,0.64,-0.72,-0.35,3.03,0,0,0,0,0,0,0,0,0,0,0,0,0
2026-09-16,2026-09-15,GT,Consumer Cyclical,5.25,9803.99,1511.47,1.23,-1.32,-1.5,0.19,0.26,-10.26,0,0,0,0,0,0,0,0,0,0,0,0,0
2026-09-16,2026-09-15,GTE,Energy,10.99,855.78,388.83,0.67,3.97,4.07,-0.09,0.11,7.32,0,0,0,0,0,0,0,0,0,0,0,0,0
2026-09-16,2026-09-15,GTES,Industrials,25.5,1961.68,6455.35,0.84,0.31,-0.55,0.87,0.0,-0.58,0,0,0,0,0,0,0,0,0,0,0,0,0
2026-09-16,2026-09-15,GTLB,Technology,49.1,4891.88,8180.8,0.72,-0.3,1.25,-1.53,0.22,4.14,0,0,0,0,0,0,0,0,0,0,0,0,0
2026-09-16,2026-09-15,GTX,Consumer Cyclical,25.63,2640.54,4779.83,0.84,-2.19,-2.92,0.74,0.66,-8.43,0,0,0,0,0,0,0,0,0,0,0,0,0
2026-09-16,2026-09-15,GTY,Real Estate,31.43,540.76,1946.54,2.11,-1.9,-2.06,0.16,0.0,-3.62,1,0,0,0,0,0,0,0,0,0,0,0,1
2026-09-16,2026-09-15,GVA,Industrials,114.06,817.59,4991.78,0.48,-0.31,-1.25,0.95,0.0,-4.22,0,0,0,0,0,0,0,0,0,0,0,0,0
2026-09-16,2026-09-15,GWRE,Technology,148.88,1542.37,12207.07,0.99,-2.69,-0.08,-2.61,0.06,-0.55,0,0,0,0,0,0,0,0,0,0,0,0,0
2026-09-16,2026-09-15,GXO,Industrials,46.6,1444.65,5344.3,1.1,-0.7,-0.94,0.23,-0.43,-0.24,0,0,0,0,0,0,0,0,0,0,0,0,0
2026-09-16,2026-09-15,H,Consumer Cyclical,160.19,812.77,15115.0,1.12,-2.15,-2.04,-0.12,0.0,-0.57,0,0,0,0,0,0,0,0,0,0,0,0,0
2026-09-16,2026-09-15,HAE,Healthcare,106.2,761.9,4831.79,0.58,-0.1,1.01,-1.1,0.09,3.27,0,0,0,0,0,0,0,0,0,0,0,0,0
2026-09-16,2026-09-15,HAFN,Industrials,9.48,1597.79,4737.91,1.44,1.61,1.61,0.0,-0.42,5.8,0,0,0,0,0,0,0,0,0,0,0,0,0
2026-09-16,2026-09-15,HAL,Energy,35.67,11680.94,29717.76,0.81,1.89,1.08,0.8,0.0,-3.07,0,0,0,0,0,0,0,0,0,0,0,0,0
2026-09-16,2026-09-15,HALO,Healthcare,106.25,1955.76,12059.16,0.54,-1.57,-1.75,0.19,0.0,-1.9,0,0,0,0,0,0,0,0,0,0,0,0,0
2026-09-16,2026-09-15,HAPN,Financial,16.41,1709.89,1893.84,1.2,-1.8,-1.62,-0.18,-0.06,-6.17,0,0,0,0,0,0,0,0,0,0,0,0,0
2026-09-16,2026-09-15,HAS,Consumer Cyclical,90.21,1950.43,12723.63,0.79,-0.61,-0.61,0.0,0.0,-0.11,0,0,0,0,0,0,0,0,0,0,0,0,0
2026-09-16,2026-09-15,HASI,Financial,36.43,990.81,4681.1,0.85,-1.11,-1.25,0.14,0.0,-7.47,0,0,0,0,0,0,0,0,0,0,0,0,0
2026-09-16,2026-09-15,HAWK,Industrials,16.49,1130.61,1615.46,0.82,0.67,0.12,0.55,0.3,-7.52,0,0,0,0,0,0,0,0,0,0,0,0,0
2026-09-16,2026-09-15,HAYW,Industrials,12.75,2639.17,2704.53,1.27,-0.93,-0.7,-0.23,1.96,-5.13,0,0,0,0,0,0,0,0,0,0,0,0,0
2026-09-16,2026-09-15,HBAN,Financial,16.75,22846.29,33841.95,1.64,-0.12,-0.12,0.0,0.0,-0.06,0,0,0,0,0,0,0,0,0,0,0,0,0
2026-09-16,2026-09-15,HBM,Basic Materials,25.24,4670.08,11210.09,0.98,-1.52,-1.94,0.43,-0.36,-12.97,0,0,0,0,0,0,0,0,0,0,0,0,0
2026-09-16,2026-09-15,HBNC,Financial,19.79,655.9,1016.1,0.71,0.05,0.35,-0.3,0.0,0.3,0,0,0,0,0,0,0,0,0,0,0,0,0
2026-09-16,2026-09-15,HCA,Healthcare,423.82,1498.06,91757.67,0.84,-0.39,1.15,-1.53,0.0,5.42,0,0,0,0,0,0,0,0,0,0,0,0,0
2026-09-16,2026-09-15,HCC,Basic Materials,91.6,654.06,4836.67,1.84,-4.04,-4.05,0.01,0.44,-13.24,0,0,0,0,0,0,0,0,0,0,0,0,0
2026-09-16,2026-09-15,HCSG,Healthcare,21.91,727.45,1503.73,0.66,-0.59,-0.5,-0.09,0.0,0.6,0,0,0,0,0,0,0,0,0,0,0,0,0
2026-09-16,2026-09-15,HD,Consumer Cyclical,305.48,4186.07,304774.24,1.07,-1.73,-1.65,-0.09,0.19,-2.62,0,0,0,0,0,0,0,0,0,0,0,0,0
2026-09-16,2026-09-15,HDB,Financial,22.58,9352.98,116017.62,0.83,-1.35,-1.14,-0.22,0.93,0.44,0,0,0,0,0,0,0,0,0,0,0,0,0
2026-09-16,2026-09-15,HDSN,Basic Materials,5.2,578.2,218.86,0.73,-2.44,-1.89,-0.56,0.19,-2.8,0,0,0,0,0,0,0,0,0,0,0,0,0
2026-09-16,2026-09-15,HE,Utilities,10.21,2035.04,1763.55,1.12,-1.45,-1.26,-0.19,-0.22,-6.33,0,0,0,0,0,0,0,0,0,0,0,0,0
2026-09-16,2026-09-15,HELP,Healthcare,13.12,1730.94,958.55,0.69,-3.6,-3.69,0.09,1.83,5.89,0,0,0,0,0,0,0,0,0,0,0,0,0
2026-09-16,2026-09-15,HESM,Energy,39.85,1139.93,8216.2,0.91,-0.1,-0.15,0.05,0.35,-2.73,0,0,0,0,0,0,0,0,0,0,0,0,0
2026-09-16,2026-09-15,HGV,Consumer Cyclical,37.91,1127.35,2946.52,1.11,-1.97,-1.48,-0.49,0.0,-6.51,0,0,0,0,0,0,0,0,0,0,0,0,0
2026-09-16,2026-09-15,HIG,Financial,136.03,1562.65,36846.72,1.16,-1.13,-1.08,-0.06,0.0,0.27,0,0,0,0,0,0,0,0,0,0,0,0,0
2026-09-16,2026-09-15,HIMS,Healthcare,27.85,14249.14,6497.78,0.57,-3.33,-1.59,-1.77,0.38,-1.14,0,0,0,0,0,0,0,0,0,0,0,0,0
2026-09-16,2026-09-15,HIMX,Technology,13.22,1661.55,2253.75,0.87,-2.79,-4.06,1.32,0.23,-6.37,0,0,0,0,0,0,0,0,0,0,0,0,0
2026-09-16,2026-09-15,HIW,Real Estate,30.76,1571.05,3393.02,0.83,0.33,0.33,0.0,0.0,0.85,0,0,0,0,0,0,0,0,0,0,0,0,0
2026-09-16,2026-09-15,HL,Basic Materials,18.68,36568.48,12548.63,1.27,-0.74,-1.06,0.32,-0.15,-8.7,0,0,0,0,0,0,0,0,0,0,0,0,0
2026-09-16,2026-09-15,HLF,Consumer Defensive,11.93,1676.61,1250.3,0.76,-1.0,-0.33,-0.66,0.0,-4.02,0,0,0,0,0,0,0,0,0,0,0,0,0
2026-09-16,2026-09-15,HLI,Financial,133.73,876.61,9347.4,1.09,-2.97,-2.41,-0.57,0.57,-1.23,0,0,0,0,0,0,0,0,0,0,0,0,0
2026-09-16,2026-09-15,HLIT,Technology,11.62,1739.13,1267.35,1.39,3.29,3.94,-0.62,0.0,-2.84,0,0,0,0,0,0,0,0,0,0,0,0,0
2026-09-16,2026-09-15,HLMN,Industrials,7.25,1464.7,1410.45,4.21,0.55,0.55,0.0,0.0,-3.97,1,1,0,0,0,0,0,0,0,0,0,0,1
2026-09-16,2026-09-15,HLN,Healthcare,9.24,10330.32,40634.01,1.49,-1.6,0.0,-1.6,0.0,-0.11,0,0,0,0,0,0,0,0,0,0,0,0,0
2026-09-16,2026-09-15,HLNE,Financial,93.03,757.87,5133.92,0.68,-3.37,-3.04,-0.33,0.0,-8.05,0,0,0,0,0,0,0,0,0,0,0,0,0
2026-09-16,2026-09-15,HLT,Consumer Cyclical,307.79,2143.49,69272.73,0.6,-0.9,-0.85,-0.06,0.0,1.09,0,0,0,0,0,0,0,0,0,0,0,0,0
2026-09-16,2026-09-15,HMC,Consumer Cyclical,32.21,1259.29,41797.95,0.35,-0.86,-0.53,-0.34,0.12,3.7,0,0,0,0,0,0,0,0,0,0,0,0,0
2026-09-16,2026-09-15,HMY,Basic Materials,19.54,3551.41,12212.11,0.66,-0.46,-0.41,-0.05,0.15,-3.41,0,0,0,0,0,0,0,0,0,0,0,0,0
2026-09-16,2026-09-15,HNGE,Healthcare,92.39,1972.19,7455.35,0.59,-2.53,-2.47,-0.06,0.6,-0.32,0,0,0,0,0,0,0,0,0,0,0,0,0
2026-09-16,2026-09-15,HNI,Consumer Cyclical,45.93,646.88,3315.31,1.07,-1.65,-2.21,0.58,0.0,-4.77,0,0,0,0,0,0,0,0,0,0,0,0,0
2026-09-16,2026-09-15,HNRG,Utilities,14.33,769.8,675.57,0.94,-1.04,-1.38,0.35,0.0,-15.21,0,0,0,0,0,0,0,0,0,0,0,0,0
2026-09-16,2026-09-15,HNST,Consumer Defensive,5.43,2122.33,582.56,0.72,-2.16,-1.27,-0.9,0.37,-5.4,0,0,0,0,0,0,0,0,0,0,0,0,0
2026-09-16,2026-09-15,HOG,Consumer Cyclical,27.57,2424.46,2869.28,0.56,-0.07,0.33,-0.4,0.91,1.43,0,0,0,0,0,0,0,0,0,0,0,0,0
2026-09-16,2026-09-15,HOMB,Financial,30.21,1755.73,6043.5,0.84,0.7,0.43,0.27,0.0,1.41,0,0,0,0,0,0,0,0,0,0,0,0,0
2026-09-16,2026-09-15,HON,Industrials,203.44,3889.39,64478.28,0.95,1.02,1.02,0.0,-0.05,-2.31,0,0,0,0,0,0,0,0,0,0,0,0,0
2026-09-16,2026-09-15,HONA,Industrials,158.49,3576.68,50235.42,1.48,-3.4,-3.09,-0.32,0.1,1.98,0,0,0,0,0,0,0,0,0,0,0,0,0
2026-09-16,2026-09-15,HOOD,Financial,110.45,23539.91,99303.64,1.22,-3.39,-1.13,-2.29,-1.31,-5.87,0,0,0,0,0,0,0,0,0,0,0,0,0
2026-09-16,2026-09-15,HOPE,Financial,14.11,1042.6,1802.43,0.84,0.43,0.79,-0.36,0.0,0.93,0,0,0,0,0,0,0,0,0,0,0,0,0
2026-09-16,2026-09-15,HOS,Industrials,8.85,1757.82,1669.99,2.16,4.24,2.91,1.3,-0.56,-2.53,1,0,0,0,0,0,0,0,0,0,0,0,1
2026-09-16,2026-09-15,HP,Energy,43.45,1297.04,4342.35,0.79,1.92,1.4,0.52,0.0,-0.59,0,0,0,0,0,0,0,0,0,0,0,0,0
2026-09-16,2026-09-15,HPE,Technology,55.88,21496.44,74178.73,1.08,0.85,0.24,0.6,-0.24,-0.27,0,0,0,0,0,0,0,0,0,0,0,0,0
2026-09-16,2026-09-15,HPK,Energy,8.64,501.29,1092.55,0.8,3.1,3.1,0.0,0.0,6.01,0,0,0,0,0,0,0,0,0,0,0,0,0
2026-09-16,2026-09-15,HPP,Real Estate,11.44,763.63,634.67,0.81,-2.56,-1.97,-0.6,0.26,-5.92,0,0,0,0,0,0,0,0,0,0,0,0,0
2026-09-16,2026-09-15,HPQ,Technology,33.82,15754.22,30498.57,0.89,-0.59,0.19,-0.78,0.18,8.5,0,0,0,0,0,0,0,0,0,0,0,0,0
2026-09-16,2026-09-15,HQ,Technology,13.2,723.92,712.43,3.5,27.66,28.16,-0.39,-0.42,-18.22,1,1,0,1,1,1,0,0,0,0,0,0,1
2026-09-16,2026-09-15,HQY,Healthcare,96.51,872.41,7982.86,1.28,0.49,0.53,-0.04,0.0,3.37,0,0,0,0,0,0,0,0,0,0,0,0,0
2026-09-16,2026-09-15,HRB,Consumer Cyclical,45.84,2106.71,5650.51,0.89,0.22,1.42,-1.18,0.0,-0.11,0,0,0,0,0,0,0,0,0,0,0,0,0
2026-09-16,2026-09-15,HRI,Industrials,138.95,532.6,4645.3,1.36,-1.05,-0.77,-0.28,0.08,-5.0,0,0,0,0,0,0,0,0,0,0,0,0,0
2026-09-16,2026-09-15,HRL,Consumer Defensive,20.79,4446.38,11441.79,0.85,-0.81,-0.62,-0.19,0.0,-1.98,0,0,0,0,0,0,0,0,0,0,0,0,0
2026-09-16,2026-09-15,HRMY,Healthcare,42.17,830.14,2455.83,1.46,1.52,1.27,0.24,-0.28,0.24,0,0,0,0,0,0,0,0,0,0,0,0,0
2026-09-16,2026-09-15,HROW,Healthcare,33.84,610.66,1268.59,0.89,-0.68,-0.18,-0.5,0.0,-10.59,0,0,0,0,0,0,0,0,0,0,0,0,0
2026-09-16,2026-09-15,HSAI,Consumer Cyclical,16.49,1734.01,2146.01,0.71,-3.34,-1.85,-1.52,1.82,-11.3,0,0,0,0,0,0,0,0,0,0,0,0,0
2026-09-16,2026-09-15,HSBC,Financial,102.22,1252.73,350808.82,1.83,-1.65,-1.06,-0.6,0.0,-3.8,0,0,0,0,0,0,0,0,0,0,0,0,0
2026-09-16,2026-09-15,HSIC,Healthcare,87.52,1200.77,9753.8,1.29,-1.59,-1.59,0.0,0.0,-1.51,0,0,0,0,0,0,0,0,0,0,0,0,0
2026-09-16,2026-09-15,HSLV,Basic Materials,5.36,534.92,1090.87,1.2,-1.65,-1.65,0.0,0.01,-8.38,0,0,0,0,0,0,0,0,0,0,0,0,0
2026-09-16,2026-09-15,HST,Real Estate,22.13,9388.95,15161.81,1.24,-1.05,-1.34,0.29,0.0,0.27,0,0,0,0,0,0,0,0,0,0,0,0,0
2026-09-16,2026-09-15,HSY,Consumer Defensive,170.42,1725.85,34241.79,1.18,-1.88,-1.49,-0.39,0.13,-1.64,0,0,0,0,0,0,0,0,0,0,0,0,0
2026-09-16,2026-09-15,HTFL,Healthcare,48.33,1898.49,4202.47,1.07,-2.44,-1.93,-0.52,0.0,1.21,0,0,0,0,0,0,0,0,0,0,0,0,0
2026-09-16,2026-09-15,HTGC,Financial,17.64,1517.04,3301.57,0.84,0.34,0.8,-0.46,-0.17,-0.45,0,0,0,0,0,0,0,0,0,0,0,0,0
2026-09-16,2026-09-15,HTHT,Consumer Cyclical,43.34,1709.39,13311.88,0.63,0.51,0.7,-0.19,0.05,-1.9,0,0,0,0,0,0,0,0,0,0,0,0,0
2026-09-16,2026-09-15,HTLD,Industrials,12.52,690.36,968.2,1.0,0.56,0.56,0.0,0.0,1.62,0,0,0,0,0,0,0,0,0,0,0,0,0
2026-09-16,2026-09-15,HUBB,Industrials,438.53,551.12,23168.66,0.92,-0.87,-1.9,1.05,0.0,-5.64,0,0,0,0,0,0,0,0,0,0,0,0,0
2026-09-16,2026-09-15,HUBG,Industrials,33.45,1040.03,2045.58,1.85,-5.13,-5.0,-0.14,1.94,-7.24,0,0,0,1,0,0,0,0,0,0,0,0,1
2026-09-16,2026-09-15,HUBS,Technology,241.96,1709.52,12065.63,0.62,-3.45,-1.5,-1.98,0.12,0.64,0,0,0,0,0,0,0,0,0,0,0,0,0
2026-09-16,2026-09-15,HUM,Healthcare,396.62,1321.15,47626.26,0.64,-2.56,-2.14,-0.43,-0.05,-1.61,0,0,0,0,0,0,0,0,0,0,0,0,0
2026-09-16,2026-09-15,HUN,Basic Materials,9.22,4752.69,1616.99,0.88,-0.86,0.77,-1.61,-1.19,-5.92,0,0,0,0,0,0,0,0,0,0,0,0,0
2026-09-16,2026-09-15,HUT,Financial,87.09,4663.62,10734.66,0.82,-4.43,-3.24,-1.23,-0.1,-12.46,0,0,0,0,0,0,0,0,0,0,0,0,0
2026-09-16,2026-09-15,HWC,Financial,75.93,847.23,6091.34,1.07,0.28,0.41,-0.13,0.0,1.85,0,0,0,0,0,0,0,0,0,0,0,0,0
2026-09-16,2026-09-15,HWM,Industrials,224.67,3057.05,89598.71,1.34,-1.08,-2.99,1.96,0.1,-2.96,0,0,0,0,0,0,0,0,0,0,0,0,0
2026-09-16,2026-09-15,HXL,Industrials,91.36,971.82,6908.96,0.86,0.37,-1.18,1.57,0.0,0.09,0,0,0,0,0,0,0,0,0,0,0,0,0
2026-09-16,2026-09-15,HYMC,Basic Materials,20.7,1972.33,1928.86,0.95,0.73,0.98,-0.24,-0.75,-9.84,0,0,0,0,0,0,0,0,0,0,0,0,0
2026-09-16,2026-09-15,HZO,Consumer Cyclical,52.5,603.7,1159.56,1.61,0.56,0.56,0.0,-0.02,0.63,0,0,0,0,0,0,0,0,0,0,0,0,0
2026-09-16,2026-09-15,IAG,Basic Materials,19.64,5357.2,11214.44,0.71,-0.76,-0.51,-0.25,0.46,-2.34,0,0,0,0,0,0,0,0,0,0,0,0,0
2026-09-16,2026-09-15,IART,Healthcare,15.69,867.55,1220.25,1.24,-0.13,0.0,-0.13,0.0,-3.51,0,0,0,0,0,0,0,0,0,0,0,0,0
2026-09-16,2026-09-15,IBKR,Financial,88.8,4367.85,40233.35,1.04,-2.15,-1.55,-0.61,-0.05,-2.39,0,0,0,0,0,0,0,0,0,0,0,0,0
2026-09-16,2026-09-15,IBM,Technology,248.37,8818.63,233997.91,0.51,-0.29,0.89,-1.16,0.0,7.01,0,0,0,0,0,0,0,0,0,0,0,0,0
2026-09-16,2026-09-15,IBN,Financial,28.4,6203.62,101923.34,0.76,-2.94,0.21,-3.14,1.48,-3.83,0,0,0,0,0,0,1,0,0,0,0,0,1
2026-09-16,2026-09-15,IBRX,Healthcare,8.14,10041.91,8627.07,0.89,-2.75,-2.16,-0.6,-0.74,-1.81,0,0,0,0,0,0,0,0,0,0,0,0,0
2026-09-16,2026-09-15,ICE,Financial,156.9,4155.37,88082.79,0.53,-0.54,0.17,-0.71,-0.27,-0.55,0,0,0,0,0,0,0,0,0,0,0,0,0
2026-09-16,2026-09-15,ICHR,Technology,51.09,987.28,1913.54,0.64,-0.56,-2.67,2.16,1.29,-12.17,0,0,0,0,0,0,0,0,0,0,0,0,0
2026-09-16,2026-09-15,ICL,Basic Materials,5.58,1305.29,7202.21,0.88,1.27,1.09,0.18,0.0,-4.78,0,0,0,0,0,0,0,0,0,0,0,0,0
2026-09-16,2026-09-15,ICLR,Healthcare,172.45,821.25,13305.24,1.05,2.08,2.64,-0.54,0.5,8.91,0,0,0,0,0,0,0,0,0,0,0,0,0
2026-09-16,2026-09-15,IDA,Utilities,132.68,546.93,7674.48,1.45,-0.94,-1.06,0.12,0.0,-3.78,0,0,0,0,0,0,0,0,0,0,0,0,0
2026-09-16,2026-09-15,IDXX,Healthcare,510.73,616.61,40235.88,0.98,0.23,0.23,0.0,0.0,-1.82,0,0,0,0,0,0,0,0,0,0,0,0,0
2026-09-16,2026-09-15,IDYA,Healthcare,37.66,953.93,3633.8,0.69,-0.97,-0.58,-0.39,0.0,-3.04,0,0,0,0,0,0,0,0,0,0,0,0,0
2026-09-16,2026-09-15,IE,Basic Materials,9.29,2223.76,1482.59,0.68,-3.83,-3.53,-0.31,1.29,-15.85,0,0,0,0,0,0,0,0,0,0,0,0,0
2026-09-16,2026-09-15,IEP,Energy,6.98,979.13,4962.19,0.6,-0.99,-1.27,0.28,0.29,1.01,0,0,0,0,0,0,0,0,0,0,0,0,0
2026-09-16,2026-09-15,IEX,Industrials,222.84,665.81,16427.74,0.78,0.32,0.38,-0.06,0.0,-1.25,0,0,0,0,0,0,0,0,0,0,0,0,0
2026-09-16,2026-09-15,IFF,Basic Materials,84.24,1745.19,21493.83,0.91,0.97,1.49,-0.52,0.0,-1.61,0,0,0,0,0,0,0,0,0,0,0,0,0
2026-09-16,2026-09-15,IHS,Real Estate,8.46,1245.87,2862.37,0.43,0.24,0.36,-0.12,0.24,-0.35,0,0,0,0,0,0,0,0,0,0,0,0,0
2026-09-16,2026-09-15,ILMN,Healthcare,222.29,1936.5,33565.79,1.63,6.76,6.38,0.36,0.77,5.32,0,0,0,1,0,0,0,0,0,0,0,0,1
2026-09-16,2026-09-15,IMAX,Communication Services,52.77,1259.39,2894.01,0.74,-1.24,-0.94,-0.3,0.02,0.21,0,0,0,0,0,0,0,0,0,0,0,0,0
2026-09-16,2026-09-15,IMCR,Healthcare,31.77,511.17,1636.41,1.28,-2.11,-2.29,0.18,0.0,-10.14,0,0,0,0,0,0,0,0,0,0,0,0,0
2026-09-16,2026-09-15,IMMR,Technology,7.15,572.53,237.33,0.7,-0.83,-0.42,-0.42,0.0,-6.29,0,0,0,0,0,0,0,0,0,0,0,0,0
2026-09-16,2026-09-15,IMMX,Healthcare,12.14,1840.82,868.49,0.57,-0.57,-2.8,2.29,2.47,-8.38,0,0,0,0,0,0,0,0,1,0,0,0,1
2026-09-16,2026-09-15,IMNM,Healthcare,23.95,1282.41,2720.18,1.04,-2.44,-2.0,-0.45,0.29,-10.67,0,0,0,0,0,0,0,0,0,0,0,0,0
2026-09-16,2026-09-15,IMO,Energy,135.35,547.66,65453.91,1.22,2.67,2.0,0.66,1.11,3.02,0,0,0,0,0,0,0,0,0,0,0,0,0
2026-09-16,2026-09-15,IMVT,Healthcare,36.65,1250.11,7570.15,1.26,-2.68,-2.08,-0.61,0.0,-7.38,0,0,0,0,0,0,0,0,0,0,0,0,0
2026-09-16,2026-09-15,IMXI,Technology,13.79,522.97,416.62,1.1,-2.68,-2.41,-0.28,1.81,-4.3,0,0,0,0,0,0,0,0,0,0,0,0,0
2026-09-16,2026-09-15,INCY,Healthcare,121.74,1709.0,24676.43,0.92,-0.37,0.13,-0.5,-0.02,-2.14,0,0,0,0,0,0,0,0,0,0,0,0,0
2026-09-16,2026-09-15,INDV,Healthcare,34.22,2064.55,4038.43,1.31,-0.73,-1.07,0.35,0.0,-0.29,0,0,0,0,0,0,0,0,0,0,0,0,0
2026-09-16,2026-09-15,INFQ,Technology,12.67,11399.79,2855.27,0.61,0.56,1.36,-0.79,0.39,-7.25,0,0,0,0,0,0,0,0,0,0,0,0,0
2026-09-16,2026-09-15,INFY,Technology,11.32,22043.06,45939.16,0.79,-2.41,-0.09,-2.33,0.27,1.71,0,0,0,0,0,0,0,0,0,0,0,0,0
2026-09-16,2026-09-15,ING,Financial,36.78,2660.16,103447.79,0.63,-0.49,-0.14,-0.35,0.0,-1.02,0,0,0,0,0,0,0,0,0,0,0,0,0
2026-09-16,2026-09-15,INGM,Technology,26.32,1395.51,6071.02,1.89,-1.97,-2.19,0.22,1.82,-7.26,0,0,0,0,0,0,0,0,0,0,0,0,0
2026-09-16,2026-09-15,INGR,Consumer Defensive,99.07,780.79,6247.75,0.79,0.45,1.08,-0.63,0.0,-1.62,0,0,0,0,0,0,0,0,0,0,0,0,0
2026-09-16,2026-09-15,INIO,Industrials,17.79,4351.32,13342.5,0.92,1.95,0.79,1.15,0.34,-18.47,0,0,0,0,0,0,0,0,0,0,0,0,0
2026-09-16,2026-09-15,INMD,Healthcare,14.87,614.57,854.74,0.95,-0.13,0.2,-0.34,0.0,0.41,0,0,0,0,0,0,0,0,0,0,0,0,0
2026-09-16,2026-09-15,INN,Real Estate,5.74,1219.56,693.13,0.44,0.35,0.7,-0.35,0.0,0.35,0,0,0,0,0,0,0,0,0,0,0,0,0
2026-09-16,2026-09-15,INOD,Technology,54.37,1254.75,1869.39,0.89,-1.57,-0.84,-0.74,0.11,-3.12,0,0,0,0,0,0,0,0,0,0,0,0,0
2026-09-16,2026-09-15,INSM,Healthcare,119.92,3052.53,26188.31,1.1,-4.29,-4.9,0.64,0.9,-3.98,0,0,0,0,0,0,0,0,0,0,0,0,0
2026-09-16,2026-09-15,INSP,Healthcare,74.6,858.86,2156.71,0.98,0.38,1.08,-0.7,0.01,20.05,0,0,0,0,0,0,0,0,0,0,1,0,1
2026-09-16,2026-09-15,INSW,Energy,107.74,587.32,5336.5,1.78,1.8,1.83,-0.04,1.06,3.79,0,0,0,0,0,0,0,0,0,0,0,0,0
2026-09-16,2026-09-15,INTA,Technology,37.49,764.46,2868.4,0.91,-1.29,-0.29,-1.0,0.0,-5.95,0,0,0,0,0,0,0,0,0,0,0,0,0
2026-09-16,2026-09-15,INTC,Technology,97.14,110097.8,513492.28,0.77,-0.05,-1.71,1.69,-0.09,-7.02,0,0,0,0,0,0,0,0,0,0,0,0,0
2026-09-16,2026-09-15,INTR,Financial,5.44,5008.43,2393.63,0.84,-2.51,-1.27,-1.25,0.18,-3.2,0,0,0,0,0,0,0,0,0,0,0,0,0
2026-09-16,2026-09-15,INTU,Technology,329.27,4388.89,87992.8,0.66,-2.91,-1.55,-1.39,0.14,3.24,0,0,0,0,0,0,0,0,0,0,0,0,0
2026-09-16,2026-09-15,INVA,Healthcare,20.84,761.69,1505.6,1.45,-0.29,-0.1,-0.19,0.0,-2.34,0,0,0,0,0,0,0,0,0,0,0,0,0
2026-09-16,2026-09-15,INVH,Real Estate,27.64,4641.46,16324.83,1.19,0.18,0.22,-0.04,0.0,-2.06,0,0,0,0,0,0,0,0,0,0,0,0,0
2026-09-16,2026-09-15,INVX,Energy,29.95,635.21,2094.57,0.93,2.99,2.22,0.76,0.17,0.5,0,0,0,0,0,0,0,0,0,0,0,0,0
2026-09-16,2026-09-15,IOND,Financial,81.65,828.46,3673.93,0.61,2.24,3.33,-1.05,0.0,-0.38,0,0,0,0,0,0,0,0,0,0,0,0,0
2026-09-16,2026-09-15,IONQ,Technology,37.05,20723.99,15010.37,0.62,-1.2,2.14,-3.27,-0.11,-8.45,0,0,0,0,0,0,1,0,0,0,0,0,1
2026-09-16,2026-09-15,IONS,Healthcare,47.25,3240.23,7852.21,2.1,-8.15,-8.02,-0.14,0.47,-16.68,1,0,0,1,1,0,0,0,0,0,0,0,1
2026-09-16,2026-09-15,IOT,Technology,41.65,6201.96,24390.46,1.32,-2.94,-2.46,-0.49,-0.26,3.74,0,0,0,0,0,0,0,0,0,0,0,0,0
2026-09-16,2026-09-15,IOVA,Healthcare,9.36,16360.66,4239.82,0.68,1.08,1.63,-0.54,0.39,7.59,0,0,0,0,0,0,0,0,0,0,0,0,0
2026-09-16,2026-09-15,IP,Consumer Cyclical,33.99,5070.62,18000.08,1.2,-0.76,-0.96,0.2,0.0,-6.85,0,0,0,0,0,0,0,0,0,0,0,0,0
2026-09-16,2026-09-15,IQMX,Technology,9.31,573.4,1764.25,0.56,-5.19,-6.71,1.63,1.18,-11.25,0,0,0,1,0,0,0,0,0,0,0,0,1
2026-09-16,2026-09-15,IQV,Healthcare,269.67,1442.92,44387.69,1.0,1.51,2.47,-0.94,0.44,4.04,0,0,0,0,0,0,0,0,0,0,0,0,0
2026-09-16,2026-09-15,IR,Industrials,71.91,4087.07,27901.04,1.39,-0.3,-0.87,0.57,0.0,-4.26,0,0,0,0,0,0,0,0,0,0,0,0,0
2026-09-16,2026-09-15,IRD,Healthcare,5.82,2158.45,484.2,0.92,-2.51,-2.02,-0.5,-1.03,34.1,0,0,0,0,0,0,0,0,0,0,1,0,1
2026-09-16,2026-09-15,IRDM,Communication Services,47.09,1813.8,4990.67,0.54,1.97,2.64,-0.65,0.0,-1.49,0,0,0,0,0,0,0,0,0,0,0,0,0
2026-09-16,2026-09-15,IREN,Financial,41.58,43337.0,16363.29,0.66,-3.68,-2.28,-1.44,-0.24,-11.4,0,0,0,0,0,0,0,0,0,0,0,0,0
2026-09-16,2026-09-15,IRM,Real Estate,112.04,1821.05,33354.63,0.97,-0.02,0.84,-0.85,0.0,-3.48,0,0,0,0,0,0,0,0,0,0,0,0,0
2026-09-16,2026-09-15,IRON,Healthcare,67.3,546.06,2583.83,1.11,-2.35,-2.27,-0.09,0.15,-12.42,0,0,0,0,0,0,0,0,0,0,0,0,0
2026-09-16,2026-09-15,IRTC,Healthcare,111.88,611.9,3687.9,0.74,-2.48,-1.68,-0.81,0.0,-8.48,0,0,0,0,0,0,0,0,0,0,0,0,0
2026-09-16,2026-09-15,ISRG,Healthcare,377.16,3056.42,133242.35,0.65,-0.21,0.7,-0.9,0.0,7.71,0,0,0,0,0,0,0,0,0,0,0,0,0
2026-09-16,2026-09-15,IT,Technology,195.62,1423.88,12353.2,0.88,-0.74,1.65,-2.34,0.0,13.34,0,0,0,0,0,0,0,0,0,0,0,0,0
2026-09-16,2026-09-15,ITGR,Healthcare,126.21,931.78,4290.14,0.55,0.06,0.05,0.02,0.0,0.01,0,0,0,0,0,0,0,0,0,0,0,0,0
2026-09-16,2026-09-15,ITRI,Technology,92.3,756.41,4041.51,0.78,0.45,0.39,0.05,0.0,-4.42,0,0,0,0,0,0,0,0,0,0,0,0,0
2026-09-16,2026-09-15,ITT,Industrials,197.99,904.98,17700.31,0.63,-0.76,-1.53,0.79,0.0,-1.75,0,0,0,0,0,0,0,0,0,0,0,0,0
2026-09-16,2026-09-15,ITUB,Financial,8.26,21420.9,44638.12,0.85,0.36,0.85,-0.49,0.48,-0.6,0,0,0,0,0,0,0,0,0,0,0,0,0
2026-09-16,2026-09-15,ITW,Industrials,268.6,1328.79,76497.28,0.78,-0.16,-0.32,0.16,0.0,-0.03,0,0,0,0,0,0,0,0,0,0,0,0,0
2026-09-16,2026-09-15,IVR,Real Estate,6.53,2779.95,702.89,1.19,-2.1,-2.1,0.0,1.68,-9.05,0,0,0,0,0,0,0,0,0,0,0,0,0
2026-09-16,2026-09-15,IVT,Real Estate,31.23,888.62,2435.27,0.79,-1.58,-1.14,-0.44,0.0,-4.23,0,0,0,0,0,0,0,0,0,0,0,0,0
2026-09-16,2026-09-15,IVZ,Financial,30.78,4662.95,13589.37,0.94,-2.32,-1.91,-0.41,0.0,-4.82,0,0,0,0,0,0,0,0,0,0,0,0,0
2026-09-16,2026-09-15,J,Industrials,144.91,976.24,16960.06,0.57,0.58,1.36,-0.77,0.0,0.44,0,0,0,0,0,0,0,0,0,0,0,0,0
2026-09-16,2026-09-15,JACK,Consumer Cyclical,13.59,930.37,260.65,0.74,-7.3,-7.24,-0.07,2.94,-10.36,0,0,0,1,0,0,0,0,1,0,0,0,1
2026-09-16,2026-09-15,JAN,Real Estate,31.59,1653.77,9726.27,1.19,1.67,0.77,0.9,-0.28,2.0,0,0,0,0,0,0,0,0,0,0,0,0,0
2026-09-16,2026-09-15,JANX,Healthcare,16.44,1016.78,1005.09,0.99,-5.03,-4.92,-0.12,0.0,-17.96,0,0,0,1,0,0,0,0,0,0,0,0,1
2026-09-16,2026-09-15,JAZZ,Healthcare,240.83,875.78,15633.38,0.8,-2.05,-2.42,0.38,0.9,0.32,0,0,0,0,0,0,0,0,0,0,0,0,0
2026-09-16,2026-09-15,JBGS,Real Estate,11.13,748.13,830.51,0.84,-1.07,-1.07,0.0,0.84,-2.54,0,0,0,0,0,0,0,0,0,0,0,0,0
2026-09-16,2026-09-15,JBHT,Industrials,273.05,957.47,25643.47,0.54,-0.71,-0.71,0.0,-9.17,-0.63,0,0,0,0,0,0,0,0,1,1,0,0,1
2026-09-16,2026-09-15,JBIO,Healthcare,17.38,1004.4,1105.32,0.85,-4.4,-4.3,-0.11,0.0,-10.64,0,0,0,0,0,0,0,0,0,0,0,0,0
2026-09-16,2026-09-15,JBL,Technology,296.05,1206.57,31022.22,0.86,-0.89,-2.32,1.46,0.0,-5.21,0,0,0,0,0,0,0,0,0,0,0,0,0
2026-09-16,2026-09-15,JBS,Consumer Defensive,12.28,5832.13,13151.02,0.82,-1.84,-1.21,-0.64,1.06,-4.58,0,0,0,0,0,0,0,0,0,0,0,0,0
2026-09-16,2026-09-15,JBTM,Industrials,111.38,598.31,5778.04,1.16,-0.37,-0.3,-0.07,1.41,-3.95,0,0,0,0,0,0,0,0,0,0,0,0,0
2026-09-16,2026-09-15,JCI,Industrials,138.29,3836.84,83767.99,1.34,0.38,-0.63,1.02,0.0,-5.52,0,0,0,0,0,0,0,0,0,0,0,0,0
2026-09-16,2026-09-15,JD,Consumer Cyclical,27.09,8138.41,32580.06,0.54,-0.62,-0.61,-0.02,-0.15,-2.13,0,0,0,0,0,0,0,0,0,0,0,0,0
2026-09-16,2026-09-15,JEF,Financial,48.83,2098.1,11257.76,1.66,-2.53,-1.97,-0.58,0.0,-12.37,0,0,0,0,0,0,0,0,0,0,0,0,0
2026-09-16,2026-09-15,JHX,Basic Materials,27.06,7318.46,15708.94,1.72,-4.48,-2.49,-2.05,0.0,-9.38,0,0,0,0,0,0,0,0,0,0,0,0,0
2026-09-16,2026-09-15,JKHY,Technology,154.07,1202.28,10802.25,1.26,-6.37,-5.43,-1.0,0.0,-3.6,0,0,0,1,0,0,0,0,0,0,0,0,1
2026-09-16,2026-09-15,JKS,Technology,10.71,715.44,538.28,1.35,-5.64,-4.8,-0.88,0.37,-13.84,0,0,0,1,0,0,0,0,0,0,0,0,1
2026-09-16,2026-09-15,JMIA,Consumer Cyclical,7.31,1783.75,910.61,0.6,-0.41,0.41,-0.82,-1.12,0.97,0,0,0,0,0,0,0,0,0,0,0,0,0
2026-09-16,2026-09-15,JMKE,Consumer Cyclical,20.75,4189.09,6591.0,0.65,-4.64,-4.2,-0.46,-0.0,-0.34,0,0,0,0,0,0,0,0,0,0,0,0,0
2026-09-16,2026-09-15,JNJ,Healthcare,267.2,7640.83,643924.89,0.69,0.33,0.52,-0.19,0.0,-0.71,0,0,0,0,0,0,0,0,0,0,0,0,0
2026-09-16,2026-09-15,JOBY,Industrials,6.13,39079.03,6063.33,0.68,-2.7,-1.29,-1.43,0.01,-10.38,0,0,0,0,0,0,0,0,0,0,0,0,0
2026-09-16,2026-09-15,JPM,Financial,352.49,7979.43,936984.05,1.76,0.67,0.42,0.25,0.2,-0.29,0,0,0,0,0,0,0,0,0,0,0,0,0
2026-09-16,2026-09-15,JXN,Financial,138.21,622.4,9360.8,1.16,-0.41,0.7,-1.1,0.0,1.19,0,0,0,0,0,0,0,0,0,0,0,0,0
2026-09-16,2026-09-15,KBH,Consumer Cyclical,49.52,1180.27,3036.05,1.25,-0.1,-0.18,0.08,0.66,-1.35,0,0,0,0,0,0,0,0,0,0,0,0,0
2026-09-16,2026-09-15,KBR,Industrials,37.32,1567.38,4704.85,0.9,1.41,3.35,-1.87,-0.03,0.76,0,0,0,0,0,0,0,0,0,0,0,0,0
2026-09-16,2026-09-15,KC,Technology,9.52,1498.25,2843.24,0.89,-3.15,-0.21,-2.95,0.16,-8.64,0,0,0,0,0,0,0,0,0,0,0,0,0
2026-09-16,2026-09-15,KD,Technology,13.24,4185.1,2883.91,0.71,-2.43,-1.19,-1.25,0.6,3.52,0,0,0,0,0,0,0,0,0,0,0,0,0
2026-09-16,2026-09-15,KDP,Consumer Defensive,31.49,13094.51,42852.42,0.91,-0.28,0.16,-0.44,0.0,-3.26,0,0,0,0,0,0,0,0,0,0,0,0,0
2026-09-16,2026-09-15,KEP,Utilities,11.44,1110.98,14688.16,0.84,-1.04,-0.78,-0.26,0.0,-8.55,0,0,0,0,0,0,0,0,0,0,0,0,0
2026-09-16,2026-09-15,KEX,Industrials,138.96,535.51,7337.09,0.79,0.34,0.08,0.26,0.0,0.7,0,0,0,0,0,0,0,0,0,0,0,0,0
2026-09-16,2026-09-15,KEY,Financial,21.7,10636.63,23156.69,2.36,-1.05,-1.0,-0.05,0.0,-0.41,1,0,0,0,0,0,0,0,0,0,0,0,1
2026-09-16,2026-09-15,KEYS,Technology,313.36,1371.31,53347.9,1.01,-0.51,-1.01,0.5,0.0,-6.02,0,0,0,0,0,0,0,0,0,0,0,0,0
2026-09-16,2026-09-15,KFY,Industrials,77.84,523.89,4246.86,1.25,-0.69,0.14,-0.83,0.0,-5.12,0,0,0,0,0,0,0,0,0,0,0,0,0
2026-09-16,2026-09-15,KGC,Basic Materials,28.04,8319.85,33262.17,0.53,-0.5,-0.87,0.37,0.04,-7.0,0,0,0,0,0,0,0,0,0,0,0,0,0
2026-09-16,2026-09-15,KGS,Energy,57.7,1835.38,5833.7,1.2,1.91,0.86,1.04,-0.81,-10.04,0,0,0,0,0,0,0,0,0,0,0,0,0
2026-09-16,2026-09-15,KHC,Consumer Defensive,24.73,16776.96,29325.42,1.37,1.9,3.3,-1.36,0.0,-0.68,0,0,0,0,0,0,0,0,0,0,0,0,0
2026-09-16,2026-09-15,KIM,Real Estate,22.99,4786.39,15421.45,1.33,-0.99,-0.95,-0.04,0.0,-3.24,0,0,0,0,0,0,0,0,0,0,0,0,0
2026-09-16,2026-09-15,KKR,Financial,100.0,4394.77,89763.56,0.85,-2.22,-1.73,-0.5,0.0,-5.42,0,0,0,0,0,0,0,0,0,0,0,0,0
2026-09-16,2026-09-15,KLAC,Technology,168.02,12203.56,219526.0,0.65,-0.63,-2.31,1.72,0.17,-11.09,0,0,0,0,0,0,0,0,0,0,0,0,0
2026-09-16,2026-09-15,KLAR,Financial,14.11,5771.99,5326.67,0.55,-0.98,-0.7,-0.28,-0.14,-1.05,0,0,0,0,0,0,0,0,0,0,0,0,0
2026-09-16,2026-09-15,KLIC,Technology,78.79,1032.53,4123.01,0.66,-0.83,-2.17,1.37,0.0,-5.15,0,0,0,0,0,0,0,0,0,0,0,0,0
2026-09-16,2026-09-15,KLRA,Healthcare,13.45,800.53,1743.71,0.91,-2.18,-1.9,-0.29,0.0,-18.14,0,0,0,0,0,0,0,0,0,0,0,0,0
2026-09-16,2026-09-15,KMB,Consumer Defensive,98.68,4180.13,32817.24,1.59,-0.42,0.34,-0.75,-0.01,-4.13,0,0,0,0,0,0,0,0,0,0,0,0,0
2026-09-16,2026-09-15,KMI,Energy,30.77,10636.63,68518.7,1.21,-0.61,-1.06,0.45,0.0,-3.78,0,0,0,0,0,0,0,0,0,0,0,0,0
2026-09-16,2026-09-15,KMPR,Financial,27.82,1043.72,1639.25,0.67,-0.29,0.72,-1.0,-1.4,4.31,0,0,0,0,0,0,0,0,0,0,0,0,0
2026-09-16,2026-09-15,KMT,Industrials,29.31,1330.47,2233.98,0.83,-0.37,-1.05,0.68,0.0,-3.81,0,0,0,0,0,0,0,0,0,0,0,0,0
2026-09-16,2026-09-15,KMX,Consumer Cyclical,59.86,2660.28,8494.79,0.79,-2.97,-2.34,-0.64,0.0,-1.17,0,0,0,0,0,0,0,0,0,0,0,0,0
2026-09-16,2026-09-15,KN,Technology,34.78,981.32,2970.57,0.75,0.49,-1.0,1.5,0.0,-2.36,0,0,0,0,0,0,0,0,0,0,0,0,0
2026-09-16,2026-09-15,KNF,Basic Materials,56.56,730.03,3210.54,1.99,0.16,0.48,-0.32,0.0,-7.93,0,0,0,0,0,0,0,0,0,0,0,0,0
2026-09-16,2026-09-15,KNSA,Healthcare,75.15,741.96,5863.51,0.66,-1.87,-1.71,-0.16,-0.2,-2.52,0,0,0,0,0,0,0,0,0,0,0,0,0
2026-09-16,2026-09-15,KNTK,Energy,54.7,1065.95,8882.14,1.23,0.27,-0.24,0.51,0.0,-0.51,0,0,0,0,0,0,0,0,0,0,0,0,0
2026-09-16,2026-09-15,KNX,Industrials,68.49,3705.4,11147.15,0.72,0.09,0.68,-0.58,-0.39,-3.25,0,0,0,0,0,0,0,0,0,0,0,0,0
2026-09-16,2026-09-15,KO,Consumer Defensive,88.71,17220.77,381679.1,0.76,-0.72,0.2,-0.92,0.0,0.4,0,0,0,0,0,0,0,0,0,0,0,0,0
2026-09-16,2026-09-15,KOD,Healthcare,32.99,673.3,2073.4,1.22,-0.45,0.86,-1.3,0.0,-5.93,0,0,0,0,0,0,0,0,0,0,0,0,0
2026-09-16,2026-09-15,KODK,Industrials,9.19,903.42,899.7,0.57,0.55,0.66,-0.11,0.0,-0.97,0,0,0,0,0,0,0,0,0,0,0,0,0
2026-09-16,2026-09-15,KR,Consumer Defensive,62.25,7573.04,38137.3,1.37,2.2,2.44,-0.23,0.0,8.83,0,0,0,0,0,0,0,0,0,0,0,0,0
2026-09-16,2026-09-15,KRC,Real Estate,34.5,1268.76,4051.77,1.1,-1.17,-0.95,-0.23,0.0,-4.56,0,0,0,0,0,0,0,0,0,0,0,0,0
2026-09-16,2026-09-15,KRMN,Industrials,37.47,3345.43,4966.04,1.29,7.86,5.11,2.62,0.29,-5.59,0,0,0,1,0,0,0,0,0,0,0,0,1
2026-09-16,2026-09-15,KRNY,Financial,9.81,647.54,636.96,0.62,0.31,0.41,-0.1,0.0,-1.9,0,0,0,0,0,0,0,0,0,0,0,0,0
2026-09-16,2026-09-15,KRP,Energy,14.95,807.13,1921.25,2.07,0.74,0.4,0.34,0.21,-1.06,1,0,0,0,0,0,0,0,0,0,0,0,1
2026-09-16,2026-09-15,KSPI,Technology,98.76,510.79,18766.38,1.58,-1.71,-1.24,-0.48,1.41,-7.88,0,0,0,0,0,0,0,0,0,0,0,0,0
2026-09-16,2026-09-15,KSS,Consumer Cyclical,16.36,4218.58,1854.84,0.88,-4.72,-5.43,0.76,-0.06,-12.09,0,0,0,0,0,0,0,0,0,0,0,0,0
2026-09-16,2026-09-15,KT,Communication Services,19.84,1498.81,9468.84,0.57,-0.65,-0.25,-0.4,0.0,0.3,0,0,0,0,0,0,0,0,0,0,0,0,0
2026-09-16,2026-09-15,KTB,Consumer Cyclical,67.0,764.34,3661.8,1.53,-0.62,-1.57,0.96,0.0,-5.27,0,0,0,0,0,0,0,0,0,0,0,0,0
2026-09-16,2026-09-15,KTOS,Industrials,47.62,4281.72,8939.29,1.0,0.08,-2.16,2.29,0.06,-1.2,0,0,0,0,0,0,0,0,0,0,0,0,0
2026-09-16,2026-09-15,KURA,Healthcare,11.3,1792.27,1005.25,1.02,-2.25,-1.57,-0.69,1.24,-9.74,0,0,0,0,0,0,0,0,0,0,0,0,0
2026-09-16,2026-09-15,KVUE,Consumer Defensive,17.92,22134.21,34420.26,2.43,0.06,-0.06,0.11,0.0,-2.56,1,0,0,0,0,0,0,0,0,0,0,0,1
2026-09-16,2026-09-15,KVYO,Technology,16.98,5975.45,4834.67,0.88,-2.41,-0.12,-2.3,-0.18,-5.09,0,0,0,0,0,0,0,0,0,0,0,0,0
2026-09-16,2026-09-15,KYIV,Communication Services,13.25,533.86,3058.95,0.44,-3.0,-3.0,0.0,0.0,-6.09,0,0,0,0,0,0,0,0,0,0,0,0,0
2026-09-16,2026-09-15,KYMR,Healthcare,113.15,851.91,9408.5,1.06,-1.29,-1.18,-0.11,-0.3,-2.85,0,0,0,0,0,0,0,0,0,0,0,0,0
2026-09-16,2026-09-15,KYTX,Healthcare,6.96,992.94,430.43,1.08,-5.95,-5.18,-0.81,1.01,-13.75,0,0,0,1,0,0,0,0,0,0,0,0,1
2026-09-16,2026-09-15,L,Financial,109.21,788.77,22325.55,1.4,0.01,0.03,-0.02,0.0,0.89,0,0,0,0,0,0,0,0,0,0,0,0,0
2026-09-16,2026-09-15,LADR,Real Estate,9.57,1122.89,1214.1,1.17,-0.52,-0.1,-0.42,1.67,-2.15,0,0,0,0,0,0,0,0,0,0,0,0,0
2026-09-16,2026-09-15,LAMR,Real Estate,147.82,615.54,15011.07,0.82,-1.31,-1.31,0.0,0.13,-1.41,0,0,0,0,0,0,0,0,0,0,0,0,0
2026-09-16,2026-09-15,LAND,Real Estate,9.42,741.91,406.35,0.71,0.11,-0.42,0.53,0.85,-2.18,0,0,0,0,0,0,0,0,0,0,0,0,0
2026-09-16,2026-09-15,LAR,Basic Materials,5.67,1920.85,915.14,1.44,-4.55,-3.16,-1.43,0.88,-15.37,0,0,0,0,0,0,0,0,0,0,0,0,0
2026-09-16,2026-09-15,LASR,Technology,37.92,1350.21,2187.61,0.61,-1.38,-1.38,0.0,-0.84,-8.69,0,0,0,0,0,0,0,0,0,0,0,0,0
2026-09-16,2026-09-15,LAUR,Consumer Defensive,35.86,1114.24,4939.69,0.65,0.08,0.25,-0.17,0.0,-1.43,0,0,0,0,0,0,0,0,0,0,0,0,0
2026-09-16,2026-09-15,LAZ,Financial,38.63,1967.52,3764.52,1.02,-2.79,-2.33,-0.48,0.0,-12.3,0,0,0,0,0,0,0,0,0,0,0,0,0
2026-09-16,2026-09-15,LBRT,Energy,19.47,4333.79,3177.34,0.91,-0.31,-0.97,0.67,0.0,-9.02,0,0,0,0,0,0,0,0,0,0,0,0,0
2026-09-16,2026-09-15,LBTYA,Communication Services,10.49,2270.12,3576.66,0.74,-1.04,-0.1,-0.94,0.0,-2.05,0,0,0,0,0,0,0,0,0,0,0,0,0
2026-09-16,2026-09-15,LBTYK,Communication Services,10.08,1320.92,3502.96,1.54,-3.08,-2.33,-0.77,0.0,-3.4,0,0,0,0,0,0,0,0,0,0,0,0,0
2026-09-16,2026-09-15,LDOS,Technology,129.24,1628.83,16218.61,0.64,-2.7,-0.96,-1.76,0.0,0.0,0,0,0,0,0,0,0,0,0,0,0,0,0
2026-09-16,2026-09-15,LEA,Consumer Cyclical,126.18,631.28,6223.8,1.12,-2.09,-0.93,-1.16,0.0,-2.12,0,0,0,0,0,0,0,0,0,0,0,0,0
2026-09-16,2026-09-15,LEGN,Healthcare,17.67,2422.96,3423.92,1.43,-4.64,-5.0,0.38,1.8,-13.76,0,0,0,0,0,0,0,0,0,0,0,0,0
2026-09-16,2026-09-15,LEN,Consumer Cyclical,80.07,2644.51,19248.32,1.7,0.1,0.11,-0.01,0.14,-0.37,0,0,0,0,0,0,0,0,0,0,0,0,0
2026-09-16,2026-09-15,LEU,Energy,142.12,760.86,2835.7,1.1,-2.82,-2.74,-0.09,0.62,-23.4,0,0,0,0,0,0,0,0,0,0,0,0,0
2026-09-16,2026-09-15,LEVI,Consumer Cyclical,19.82,2556.56,7627.74,0.66,-2.03,-2.17,0.15,0.91,-4.94,0,0,0,0,0,0,0,0,0,0,0,0,0
2026-09-16,2026-09-15,LFST,Healthcare,13.06,4153.67,4990.93,1.55,-2.39,-1.95,-0.45,-1.3,2.03,0,0,0,0,0,0,0,0,0,0,0,0,0
2026-09-16,2026-09-15,LFTO,Communication Services,18.27,769.92,3093.69,1.05,-1.93,-1.93,0.0,-0.33,-2.04,0,0,0,0,0,0,0,0,0,0,0,0,0
2026-09-16,2026-09-15,LGN,Industrials,53.03,1358.25,5731.24,0.48,0.47,-0.47,0.95,0.51,-7.03,0,0,0,0,0,0,0,0,0,0,0,0,0
2026-09-16,2026-09-15,LH,Healthcare,323.97,698.56,26273.97,1.26,2.75,3.15,-0.39,1.24,-0.27,0,0,0,0,0,0,0,0,0,0,0,0,0
2026-09-16,2026-09-15,LHX,Industrials,249.66,1610.83,46490.34,0.9,0.29,-0.89,1.19,1.0,-2.38,0,0,0,0,0,0,0,0,0,0,0,0,0
2026-09-16,2026-09-15,LI,Consumer Cyclical,11.76,3338.62,9577.11,1.19,-3.37,-0.51,-2.88,0.26,-5.62,0,0,0,0,0,0,0,0,0,0,0,0,0
2026-09-16,2026-09-15,LIF,Technology,42.18,777.82,3436.84,0.86,-4.74,-2.0,-2.8,1.94,-2.11,0,0,0,0,0,0,0,0,0,0,0,0,0
2026-09-16,2026-09-15,LIFE,Financial,40.28,1032.83,2568.21,2.18,2.34,6.2,-3.63,-5.69,-4.14,1,0,0,0,0,0,1,0,1,1,0,0,1
2026-09-16,2026-09-15,LII,Industrials,362.19,508.2,12517.53,1.1,-0.91,-1.09,0.19,0.29,-5.97,0,0,0,0,0,0,0,0,0,0,0,0,0
2026-09-16,2026-09-15,LILA,Communication Services,8.88,716.57,1725.07,0.36,0.11,0.68,-0.56,0.0,2.19,0,0,0,0,0,0,0,0,0,0,0,0,0
2026-09-16,2026-09-15,LILAK,Communication Services,8.85,1654.29,1732.92,0.68,0.57,1.03,-0.45,0.0,2.08,0,0,0,0,0,0,0,0,0,0,0,0,0
2026-09-16,2026-09-15,LIN,Basic Materials,462.96,2165.26,213415.37,0.76,-0.31,0.17,-0.48,0.59,-1.16,0,0,0,0,0,0,0,0,0,0,0,0,0
2026-09-16,2026-09-15,LINC,Consumer Defensive,25.42,827.91,806.36,0.69,1.8,2.29,-0.48,0.0,2.46,0,0,0,0,0,0,0,0,0,0,0,0,0
2026-09-16,2026-09-15,LIND,Consumer Cyclical,26.09,901.11,1712.02,1.67,0.35,-1.51,1.88,0.0,-1.73,0,0,0,0,0,0,0,0,0,0,0,0,0
2026-09-16,2026-09-15,LINE,Real Estate,38.49,946.13,8763.42,0.86,-0.58,-0.81,0.23,0.0,1.6,0,0,0,0,0,0,0,0,0,0,0,0,0
2026-09-16,2026-09-15,LION,Financial,11.19,2891.17,3329.69,1.24,-3.78,-2.78,-1.03,-0.67,0.27,0,0,0,0,0,0,0,0,0,0,0,0,0
2026-09-16,2026-09-15,LITE,Technology,838.96,4782.3,75254.71,0.61,0.47,-0.44,0.92,0.05,-14.26,0,0,0,0,0,0,0,0,0,0,0,0,0
2026-09-16,2026-09-15,LIVN,Healthcare,79.47,673.39,4378.28,0.87,-1.44,-0.9,-0.55,0.0,-1.52,0,0,0,0,0,0,0,0,0,0,0,0,0
2026-09-16,2026-09-15,LKQ,Consumer Cyclical,23.4,3152.92,5920.25,1.24,-1.47,-1.97,0.51,1.03,-6.02,0,0,0,0,0,0,0,0,0,0,0,0,0
2026-09-16,2026-09-15,LLY,Healthcare,1136.11,2742.12,1069485.15,0.69,-0.19,-1.77,1.61,0.08,1.09,0,0,0,0,0,0,0,0,0,0,0,0,0
2026-09-16,2026-09-15,LMND,Financial,49.74,1329.25,3849.71,0.52,-0.58,0.99,-1.56,1.51,-1.6,0,0,0,0,0,0,0,0,0,0,0,0,0
2026-09-16,2026-09-15,LMRI,Healthcare,11.77,513.15,1130.8,0.55,3.34,2.88,0.44,0.0,1.99,0,0,0,0,0,0,0,0,0,0,0,0,0
2026-09-16,2026-09-15,LMT,Industrials,533.46,1207.44,123117.64,0.76,0.77,0.25,0.52,0.48,-0.5,0,0,0,0,0,0,0,0,0,0,0,0,0
2026-09-16,2026-09-15,LNC,Financial,43.44,1951.1,8316.47,1.09,-1.36,-1.03,-0.34,1.29,0.28,0,0,0,0,0,0,0,0,0,0,0,0,0
2026-09-16,2026-09-15,LNG,Energy,270.98,1987.47,55966.63,0.96,-1.2,-0.86,-0.35,0.38,-1.83,0,0,0,0,0,0,0,0,0,0,0,0,0
2026-09-16,2026-09-15,LNT,Utilities,65.99,2419.76,17110.2,0.61,-1.39,-1.58,0.19,0.0,-3.82,0,0,0,0,0,0,0,0,0,0,0,0,0
2026-09-16,2026-09-15,LNTH,Healthcare,100.73,1354.68,6577.65,0.84,0.41,0.27,0.14,0.07,0.29,0,0,0,0,0,0,0,0,0,0,0,0,0
2026-09-16,2026-09-15,LOAR,Industrials,63.51,704.7,5950.15,0.94,-1.6,-1.75,0.15,0.0,-6.19,0,0,0,0,0,0,0,0,0,0,0,0,0
2026-09-16,2026-09-15,LOGI,Technology,101.14,978.15,14520.67,0.77,0.78,2.14,-1.33,-0.38,2.67,0,0,0,0,0,0,0,0,0,0,0,0,0
2026-09-16,2026-09-15,LOW,Consumer Cyclical,194.61,3042.55,109186.72,1.35,-1.8,-1.58,-0.22,0.0,-3.08,0,0,0,0,0,0,0,0,0,0,0,0,0
2026-09-16,2026-09-15,LPG,Energy,56.82,669.11,2430.91,0.93,2.6,3.31,-0.69,0.92,6.23,0,0,0,0,0,0,0,0,0,0,0,0,0
2026-09-16,2026-09-15,LPLA,Financial,341.74,766.12,26909.39,0.39,-1.13,-0.94,-0.2,0.0,-2.42,0,0,0,0,0,0,0,0,0,0,0,0,0
2026-09-16,2026-09-15,LPTH,Technology,9.29,3159.91,650.64,0.98,1.98,1.7,0.27,0.32,-13.58,0,0,0,0,0,0,0,0,0,0,0,0,0
2026-09-16,2026-09-15,LPX,Industrials,64.75,1154.48,4527.54,1.26,-3.05,-2.91,-0.15,0.0,-3.47,0,0,0,0,0,0,0,0,0,0,0,0,0
2026-09-16,2026-09-15,LQDA,Healthcare,65.72,1705.87,5882.53,0.8,0.64,0.63,0.01,0.0,-2.9,0,0,0,0,0,0,0,0,0,0,0,0,0
2026-09-16,2026-09-15,LRCX,Technology,270.87,10931.36,338945.32,0.82,-0.96,-2.78,1.87,0.36,-15.46,0,0,0,0,0,0,0,0,0,0,0,0,0
2026-09-16,2026-09-15,LRN,Consumer Defensive,83.56,923.63,3472.74,0.49,1.04,2.52,-1.44,0.0,1.72,0,0,0,0,0,0,0,0,0,0,0,0,0
2026-09-16,2026-09-15,LSCC,Technology,106.49,1755.3,15124.8,1.22,-0.01,-1.44,1.46,-0.46,-9.36,0,0,0,0,0,0,0,0,0,0,0,0,0
2026-09-16,2026-09-15,LSPD,Technology,9.83,858.17,1308.37,0.4,-2.77,-1.5,-1.29,0.08,-3.82,0,0,0,0,0,0,0,0,0,0,0,0,0
2026-09-16,2026-09-15,LTBR,Industrials,6.61,811.85,247.6,0.86,-0.75,-0.6,-0.15,-0.15,-16.22,0,0,0,0,0,0,0,0,0,0,0,0,0
2026-09-16,2026-09-15,LTC,Real Estate,43.46,569.53,2342.73,1.7,1.92,1.64,0.28,-0.46,3.45,0,0,0,0,0,0,0,0,0,0,0,0,0
2026-09-16,2026-09-15,LTH,Consumer Cyclical,41.47,2925.99,9266.96,0.9,-0.14,0.31,-0.46,1.28,-2.35,0,0,0,0,0,0,0,0,0,0,0,0,0
2026-09-16,2026-09-15,LTM,Industrials,50.4,788.52,14470.34,0.79,-0.81,-1.18,0.37,0.0,-3.91,0,0,0,0,0,0,0,0,0,0,0,0,0
2026-09-16,2026-09-15,LTRX,Technology,5.33,1089.27,248.94,0.91,5.54,5.34,0.2,0.0,1.14,0,0,0,1,0,0,0,0,0,0,0,0,1
2026-09-16,2026-09-15,LULU,Consumer Cyclical,98.37,4324.43,11393.81,1.08,-1.92,-1.2,-0.74,0.13,-4.67,0,0,0,0,0,0,0,0,0,0,0,0,0
2026-09-16,2026-09-15,LUMN,Communication Services,6.83,13377.67,7044.77,1.04,-2.84,-2.98,0.14,0.21,2.86,0,0,0,0,0,0,0,0,0,0,0,0,0
2026-09-16,2026-09-15,LUNR,Industrials,13.87,9853.93,3175.18,0.64,-0.07,0.0,-0.07,0.36,-11.54,0,0,0,0,0,0,0,0,0,0,0,0,0
2026-09-16,2026-09-15,LUV,Industrials,39.28,5538.55,19216.1,0.94,-0.61,-1.16,0.56,0.0,1.58,0,0,0,0,0,0,0,0,0,0,0,0,0
2026-09-16,2026-09-15,LVS,Consumer Cyclical,41.27,5074.57,26730.63,1.07,-2.67,-2.25,-0.42,0.31,-6.16,0,0,0,0,0,0,0,0,0,0,0,0,0
2026-09-16,2026-09-15,LW,Consumer Defensive,47.09,1587.91,6473.98,1.06,-2.42,-1.85,-0.58,0.0,-4.68,0,0,0,0,0,0,0,0,0,0,0,0,0
2026-09-16,2026-09-15,LXU,Basic Materials,11.42,812.27,822.21,1.08,3.25,3.16,0.09,0.0,0.62,0,0,0,0,0,0,0,0,0,0,0,0,0
2026-09-16,2026-09-15,LYB,Basic Materials,65.43,4572.95,21136.37,0.75,4.27,3.76,0.49,-0.12,1.3,0,0,0,0,0,0,0,0,0,0,0,0,0
2026-09-16,2026-09-15,LYFT,Technology,15.69,11883.16,5939.3,0.92,-1.32,0.06,-1.38,0.57,-3.39,0,0,0,0,0,0,0,0,0,0,0,0,0
2026-09-16,2026-09-15,LYG,Financial,5.88,16547.54,85068.9,0.87,-0.34,-0.51,0.17,0.68,-2.0,0,0,0,0,0,0,0,0,0,0,0,0,0
2026-09-16,2026-09-15,LYNX,Industrials,13.46,1265.98,1560.68,0.43,0.0,0.0,0.0,0.0,2.44,0,0,0,0,0,0,0,0,0,0,0,0,0
2026-09-16,2026-09-15,LYV,Communication Services,170.24,2175.75,40114.31,0.86,-0.73,-0.39,-0.34,0.0,-0.12,0,0,0,0,0,0,0,0,0,0,0,0,0
2026-09-16,2026-09-15,LZ,Industrials,6.23,2848.87,1066.98,0.7,-0.8,0.65,-1.43,0.0,3.49,0,0,0,0,0,0,0,0,0,0,0,0,0
2026-09-16,2026-09-15,LZB,Consumer Cyclical,30.32,686.22,1214.4,1.04,-2.1,-0.92,-1.19,1.15,-4.26,0,0,0,0,0,0,0,0,0,0,0,0,0
2026-09-16,2026-09-15,M,Consumer Cyclical,22.08,5633.26,5766.78,1.36,-2.21,-1.43,-0.8,-0.91,-1.65,0,0,0,0,0,0,0,0,0,0,0,0,0
2026-09-16,2026-09-15,MA,Financial,573.27,3204.78,502190.23,0.66,-0.2,0.31,-0.51,-0.13,0.42,0,0,0,0,0,0,0,0,0,0,0,0,0
2026-09-16,2026-09-15,MAA,Real Estate,124.49,999.71,14808.25,1.45,-0.88,-0.61,-0.28,0.0,-2.66,0,0,0,0,0,0,0,0,0,0,0,0,0
2026-09-16,2026-09-15,MAC,Real Estate,22.38,3675.56,6599.01,0.86,-0.4,-0.4,0.0,0.0,-5.09,0,0,0,0,0,0,0,0,0,0,0,0,0
2026-09-16,2026-09-15,MAIN,Financial,56.54,596.41,5286.97,0.7,0.3,0.48,-0.18,0.0,-0.21,0,0,0,0,0,0,0,0,0,0,0,0,0
2026-09-16,2026-09-15,MAIR,Industrials,23.9,2606.87,11991.17,1.87,1.01,0.89,0.13,0.35,-8.57,0,0,0,0,0,0,0,0,0,0,0,0,0
2026-09-16,2026-09-15,MAMA,Consumer Defensive,13.14,666.31,619.51,3.18,-11.69,-11.69,0.0,0.68,-15.23,1,1,0,1,1,1,0,0,0,0,0,0,1
2026-09-16,2026-09-15,MAN,Industrials,58.45,1242.61,2718.25,0.67,0.74,0.83,-0.09,0.0,2.17,0,0,0,0,0,0,0,0,0,0,0,0,0
2026-09-16,2026-09-15,MANE,Healthcare,103.89,734.41,4340.54,1.28,2.15,1.83,0.31,0.14,0.06,0,0,0,0,0,0,0,0,0,0,0,0,0
2026-09-16,2026-09-15,MANH,Technology,209.62,800.62,12221.88,0.8,-0.91,0.88,-1.77,-0.24,0.82,0,0,0,0,0,0,0,0,0,0,0,0,0
2026-09-16,2026-09-15,MAR,Consumer Cyclical,337.24,1622.91,87940.82,0.96,-0.95,-0.67,-0.28,0.0,2.57,0,0,0,0,0,0,0,0,0,0,0,0,0
2026-09-16,2026-09-15,MARA,Financial,11.24,47265.45,4342.0,1.04,-2.26,-0.22,-2.04,-0.53,-4.99,0,0,0,0,0,0,0,0,0,0,0,0,0
2026-09-16,2026-09-15,MAS,Industrials,68.88,2369.14,13582.27,0.9,-0.76,-0.62,-0.14,0.0,-2.89,0,0,0,0,0,0,0,0,0,0,0,0,0
2026-09-16,2026-09-15,MAT,Consumer Cyclical,13.42,4261.46,3834.09,1.41,-4.35,-3.8,-0.57,0.07,-5.09,0,0,0,0,0,0,0,0,0,0,0,0,0
2026-09-16,2026-09-15,MATV,Basic Materials,11.89,566.8,656.22,1.18,0.68,1.45,-0.76,0.0,-5.33,0,0,0,0,0,0,0,0,0,0,0,0,0
2026-09-16,2026-09-15,MATW,Industrials,20.1,555.34,627.38,1.87,0.95,0.85,0.1,0.0,-1.42,0,0,0,0,0,0,0,0,0,0,0,0,0
2026-09-16,2026-09-15,MAX,Communication Services,11.45,841.12,701.47,0.56,-1.29,-0.61,-0.69,0.0,-2.72,0,0,0,0,0,0,0,0,0,0,0,0,0
2026-09-16,2026-09-15,MAZE,Healthcare,24.23,554.62,1345.96,0.79,-1.78,-1.62,-0.16,0.0,-8.12,0,0,0,0,0,0,0,0,0,0,0,0,0
2026-09-16,2026-09-15,MBC,Consumer Cyclical,6.99,2162.3,1422.4,1.67,-1.55,-1.55,0.0,2.29,-14.34,0,0,0,0,0,0,0,0,1,0,0,0,1
2026-09-16,2026-09-15,MBGL,Technology,20.34,7417.17,5996.67,0.46,0.39,0.94,-0.54,1.82,-0.88,0,0,0,0,0,0,0,0,0,0,0,0,0
2026-09-16,2026-09-15,MBLY,Consumer Cyclical,7.92,5989.19,6733.49,0.94,-2.94,-2.7,-0.25,0.63,-7.04,0,0,0,0,0,0,0,0,0,0,0,0,0
2026-09-16,2026-09-15,MBX,Healthcare,61.08,658.02,2941.61,0.99,2.67,3.9,-1.18,0.0,-3.03,0,0,0,0,0,0,0,0,0,0,0,0,0
2026-09-16,2026-09-15,MC,Financial,60.93,902.38,4942.87,0.98,-2.84,-1.84,-1.02,0.0,-11.4,0,0,0,0,0,0,0,0,0,0,0,0,0
2026-09-16,2026-09-15,MCD,Consumer Cyclical,252.78,4581.98,178877.61,1.04,-1.83,-1.94,0.11,0.15,-1.18,0,0,0,0,0,0,0,0,0,0,0,0,0
2026-09-16,2026-09-15,MCHB,Financial,15.51,560.02,3589.89,0.71,0.19,0.52,-0.32,0.0,-0.26,0,0,0,0,0,0,0,0,0,0,0,0,0
2026-09-16,2026-09-15,MCHP,Technology,71.49,10641.88,38819.69,0.63,0.01,-0.54,0.56,0.0,-2.58,0,0,0,0,0,0,0,0,0,0,0,0,0
2026-09-16,2026-09-15,MCK,Healthcare,899.56,1032.78,104880.02,1.11,-1.25,-0.3,-0.95,-0.4,1.17,0,0,0,0,0,0,0,0,0,0,0,0,0
2026-09-16,2026-09-15,MCO,Financial,467.16,866.49,80912.11,0.75,-2.25,-1.44,-0.82,-0.02,-2.93,0,0,0,0,0,0,0,0,0,0,0,0,0
2026-09-16,2026-09-15,MD,Healthcare,26.69,795.23,2168.65,1.01,-0.82,0.3,-1.11,1.33,-0.93,0,0,0,0,0,0,0,0,0,0,0,0,0
2026-09-16,2026-09-15,MDA,Industrials,28.95,1572.79,4691.64,0.48,0.35,0.14,0.21,3.06,-3.95,0,0,0,0,0,0,0,0,1,0,0,0,1
2026-09-16,2026-09-15,MDB,Technology,377.67,1681.19,30423.72,0.6,-1.21,1.32,-2.5,0.0,6.09,0,0,0,0,0,0,0,0,0,0,0,0,0
2026-09-16,2026-09-15,MDLN,Healthcare,32.11,7450.4,42215.26,0.98,-1.47,-1.38,-0.09,-0.12,-7.44,0,0,0,0,0,0,0,0,0,0,0,0,0
2026-09-16,2026-09-15,MDLZ,Consumer Defensive,62.1,8942.01,79258.72,0.63,-0.46,0.19,-0.66,-0.22,0.76,0,0,0,0,0,0,0,0,0,0,0,0,0
2026-09-16,2026-09-15,MDT,Healthcare,93.75,8096.37,119919.17,0.88,-0.05,0.06,-0.12,0.0,1.47,0,0,0,0,0,0,0,0,0,0,0,0,0
2026-09-16,2026-09-15,MDU,Utilities,18.59,1563.07,3910.39,1.38,-0.69,-2.36,1.71,0.0,-6.3,0,0,0,0,0,0,0,0,0,0,0,0,0
2026-09-16,2026-09-15,MEC,Industrials,17.14,561.43,437.07,0.99,-5.25,-5.72,0.5,0.0,-13.7,0,0,0,1,0,0,0,0,0,0,0,0,1
2026-09-16,2026-09-15,MEI,Technology,13.17,795.9,469.45,0.67,-3.3,-4.5,1.25,-0.46,-6.33,0,0,0,0,0,0,0,0,0,0,0,0,0
2026-09-16,2026-09-15,MEOH,Basic Materials,64.46,876.0,4987.01,3.49,2.8,2.93,-0.13,0.83,6.75,1,1,0,0,0,0,0,0,0,0,0,0,1
2026-09-16,2026-09-15,MET,Financial,98.22,3571.13,62416.54,0.58,0.48,0.83,-0.35,0.0,2.85,0,0,0,0,0,0,0,0,0,0,0,0,0
2026-09-16,2026-09-15,META,Communication Services,670.24,18279.42,1707440.49,1.07,0.7,1.66,-0.95,-0.24,9.25,0,0,0,0,0,0,0,0,0,0,0,0,0
2026-09-16,2026-09-15,METC,Basic Materials,10.04,1959.74,583.59,1.01,-2.43,-1.57,-0.87,-1.29,-19.87,0,0,0,0,0,0,0,0,0,0,0,0,0
2026-09-16,2026-09-15,MFA,Real Estate,8.43,1589.28,852.17,0.98,-0.35,-0.12,-0.24,0.95,-4.85,0,0,0,0,0,0,0,0,0,0,0,0,0
2026-09-16,2026-09-15,MFC,Financial,43.87,2149.28,72791.3,0.72,0.73,0.76,-0.02,-0.16,1.13,0,0,0,0,0,0,0,0,0,0,0,0,0
2026-09-16,2026-09-15,MFG,Financial,11.15,3649.11,135669.85,1.66,-1.59,0.18,-1.77,-1.35,0.09,0,0,0,0,0,0,0,0,0,0,0,0,0
2026-09-16,2026-09-15,MFIC,Financial,9.05,549.4,745.06,0.78,-0.5,-0.06,-0.44,0.0,-2.16,0,0,0,0,0,0,0,0,0,0,0,0,0
2026-09-16,2026-09-15,MFP,Industrials,43.58,907.54,1971.15,0.71,4.99,4.76,0.22,0.0,1.56,0,0,0,0,0,0,0,0,0,0,0,0,0
2026-09-16,2026-09-15,MGA,Consumer Cyclical,63.42,1256.62,16834.84,1.19,-2.27,-1.14,-1.14,0.44,-4.72,0,0,0,0,0,0,0,0,0,0,0,0,0
2026-09-16,2026-09-15,MGM,Consumer Cyclical,39.22,2564.4,9867.47,0.8,-1.53,-0.96,-0.58,0.0,-3.73,0,0,0,0,0,0,0,0,0,0,0,0,0
2026-09-16,2026-09-15,MGNI,Communication Services,23.71,2820.15,3400.58,0.52,-0.55,1.11,-1.64,-0.25,0.04,0,0,0,0,0,0,0,0,0,0,0,0,0
2026-09-16,2026-09-15,MGTX,Healthcare,12.76,842.7,1225.5,1.22,-0.93,-0.93,0.0,0.0,-5.69,0,0,0,0,0,0,0,0,0,0,0,0,0
2026-09-16,2026-09-15,MGY,Energy,28.55,4631.12,6765.45,0.91,3.37,2.51,0.83,0.88,4.12,0,0,0,0,0,0,0,0,0,0,0,0,0
2026-09-16,2026-09-15,MH,Consumer Defensive,13.25,790.88,2534.84,0.45,0.08,1.45,-1.36,0.0,3.92,0,0,0,0,0,0,0,0,0,0,0,0,0
2026-09-16,2026-09-15,MHK,Consumer Cyclical,128.97,902.52,7794.7,0.94,-0.35,-0.26,-0.09,0.0,-0.58,0,0,0,0,0,0,0,0,0,0,0,0,0
2026-09-16,2026-09-15,MIAX,Financial,39.51,1753.69,3920.61,0.8,-5.41,-4.75,-0.69,0.0,-9.09,0,0,0,1,0,0,0,0,0,0,0,0,1
2026-09-16,2026-09-15,MICC,Consumer Defensive,19.18,1050.37,11743.15,0.5,-3.67,-1.39,-2.31,0.0,-0.78,0,0,0,0,0,0,0,0,0,0,0,0,0
2026-09-16,2026-09-15,MIDD,Industrials,111.1,696.81,5024.21,1.33,1.26,-0.93,2.21,0.0,2.27,0,0,0,0,0,0,0,0,0,0,0,0,0
2026-09-16,2026-09-15,MIR,Industrials,15.67,4059.3,3902.42,0.83,1.89,2.15,-0.26,0.0,-7.39,0,0,0,0,0,0,0,0,0,0,0,0,0
2026-09-16,2026-09-15,MIRM,Healthcare,93.9,769.13,6097.13,1.23,-2.95,-3.76,0.85,0.0,-5.66,0,0,0,0,0,0,0,0,0,0,0,0,0
2026-09-16,2026-09-15,MITK,Technology,17.98,826.02,811.3,0.62,0.45,1.93,-1.45,-0.33,0.84,0,0,0,0,0,0,0,0,0,0,0,0,0
2026-09-16,2026-09-15,MKC,Consumer Defensive,49.86,3654.5,13435.98,0.94,-1.05,-0.21,-0.84,0.0,-3.93,0,0,0,0,0,0,0,0,0,0,0,0,0
2026-09-16,2026-09-15,MKSI,Technology,231.5,1454.88,15653.46,1.12,-3.25,-4.58,1.39,-0.1,-12.81,0,0,0,0,0,0,0,0,0,0,0,0,0
2026-09-16,2026-09-15,MKTX,Financial,163.38,1041.73,5749.81,0.84,0.17,0.17,0.01,0.12,0.04,0,0,0,0,0,0,0,0,0,0,0,0,0
2026-09-16,2026-09-15,MLI,Industrials,60.53,1480.77,13388.11,1.41,0.88,2.24,-1.32,-0.01,-4.8,0,0,0,0,0,0,0,0,0,0,0,0,0
2026-09-16,2026-09-15,MLKN,Consumer Cyclical,20.94,746.37,1439.27,0.87,-1.51,-0.95,-0.56,0.0,-5.72,0,0,0,0,0,0,0,0,0,0,0,0,0
2026-09-16,2026-09-15,MLM,Basic Materials,506.81,644.99,35993.81,1.41,1.18,1.11,0.06,0.0,-1.01,0,0,0,0,0,0,0,0,0,0,0,0,0
2026-09-16,2026-09-15,MLTX,Healthcare,12.2,1347.52,1038.3,1.33,-3.79,-3.94,0.16,0.57,-18.34,0,0,0,0,0,0,0,0,0,0,0,0,0
2026-09-16,2026-09-15,MLYS,Healthcare,28.91,1115.76,2555.84,1.6,-0.14,1.15,-1.28,0.0,-7.1,0,0,0,0,0,0,0,0,0,0,0,0,0
2026-09-16,2026-09-15,MMED,Healthcare,22.01,1476.73,6192.51,1.44,0.18,-2.26,2.5,-1.18,-5.62,0,0,0,0,0,0,0,0,0,0,0,0,0
2026-09-16,2026-09-15,MMM,Industrials,164.67,3298.1,84924.01,1.27,1.64,1.45,0.19,0.02,-1.7,0,0,0,0,0,0,0,0,0,0,0,0,0
2026-09-16,2026-09-15,MMS,Industrials,58.18,670.68,3046.17,1.13,-1.97,-0.48,-1.5,0.6,3.28,0,0,0,0,0,0,0,0,0,0,0,0,0
2026-09-16,2026-09-15,MMSI,Healthcare,86.18,872.03,5145.84,0.61,-0.97,-0.73,-0.24,-0.79,-1.37,0,0,0,0,0,0,0,0,0,0,0,0,0
2026-09-16,2026-09-15,MMYT,Consumer Cyclical,47.9,846.56,4505.41,1.34,-5.24,-4.83,-0.44,1.63,-11.13,0,0,0,1,0,0,0,0,0,0,0,0,1
2026-09-16,2026-09-15,MNDY,Technology,94.05,1371.66,3975.88,0.83,-2.14,-0.53,-1.62,0.3,12.41,0,0,0,0,0,0,0,0,0,0,0,0,0
2026-09-16,2026-09-15,MNRO,Consumer Cyclical,12.52,1085.73,391.43,0.94,-2.64,-2.26,-0.39,0.0,0.08,0,0,0,0,0,0,0,0,0,0,0,0,0
2026-09-16,2026-09-15,MNSO,Consumer Cyclical,8.79,809.49,2583.21,1.22,-3.09,-2.12,-0.99,0.93,-6.09,0,0,0,0,0,0,0,0,0,0,0,0,0
2026-09-16,2026-09-15,MNST,Consumer Defensive,44.63,11063.78,87432.48,0.87,0.97,1.43,-0.45,0.0,3.43,0,0,0,0,0,0,0,0,0,0,0,0,0
2026-09-16,2026-09-15,MNTN,Technology,11.76,1207.95,879.69,0.36,-1.67,-0.51,-1.17,-0.6,-8.2,0,0,0,0,0,0,0,0,0,0,0,0,0
2026-09-16,2026-09-15,MO,Consumer Defensive,69.81,8630.23,116564.82,1.22,-1.13,1.26,-2.37,0.13,2.41,0,0,0,0,0,0,0,0,0,0,0,0,0
2026-09-16,2026-09-15,MOD,Consumer Cyclical,178.87,1541.36,9500.27,0.58,-1.82,-2.79,1.0,1.95,-7.01,0,0,0,0,0,0,0,0,0,0,0,0,0
2026-09-16,2026-09-15,MOH,Healthcare,206.99,1029.45,10804.87,0.43,-3.31,-2.05,-1.28,0.0,5.45,0,0,0,0,0,0,0,0,0,0,0,0,0
2026-09-16,2026-09-15,MOS,Basic Materials,25.46,8511.56,8093.63,1.35,1.64,2.0,-0.36,0.0,-4.03,0,0,0,0,0,0,0,0,0,0,0,0,0
2026-09-16,2026-09-15,MP,Basic Materials,49.17,5780.78,8757.26,0.78,-2.98,-2.58,-0.41,-0.06,-11.2,0,0,0,0,0,0,0,0,0,0,0,0,0
2026-09-16,2026-09-15,MPC,Energy,410.84,2395.12,115374.03,1.2,3.63,3.31,0.31,0.53,3.29,0,0,0,0,0,0,0,0,0,0,0,0,0
2026-09-16,2026-09-15,MPLT,Healthcare,12.08,875.01,638.4,0.46,-8.14,-7.79,-0.38,-1.82,-13.41,0,0,0,1,1,0,0,0,0,0,0,0,1
2026-09-16,2026-09-15,MPLX,Energy,58.42,1382.83,59229.6,1.03,-0.8,-0.83,0.03,0.39,-2.36,0,0,0,0,0,0,0,0,0,0,0,0,0
2026-09-16,2026-09-15,MPWR,Technology,1142.46,895.91,56143.91,0.62,-0.07,-1.93,1.9,0.55,-6.24,0,0,0,0,0,0,0,0,0,0,0,0,0
2026-09-16,2026-09-15,MQ,Technology,16.09,1029.18,1674.95,0.5,-2.96,-1.83,-1.15,0.0,-1.05,0,0,0,0,0,0,0,0,0,0,0,0,0
2026-09-16,2026-09-15,MRAM,Technology,14.51,1394.63,353.32,0.51,-1.49,-3.01,1.56,-0.0,-12.85,0,0,0,0,0,0,0,0,0,0,0,0,0
2026-09-16,2026-09-15,MRCY,Industrials,87.01,743.73,5232.44,1.45,7.38,6.12,1.18,0.38,4.25,0,0,0,1,0,0,0,0,0,0,0,0,1
2026-09-16,2026-09-15,MRK,Healthcare,143.79,10327.55,354754.6,0.8,-0.73,-0.04,-0.69,0.17,-3.15,0,0,0,0,0,0,0,0,0,0,0,0,0
2026-09-16,2026-09-15,MRNA,Healthcare,143.77,16192.44,57398.14,0.52,-1.99,-1.53,-0.47,0.22,2.45,0,0,0,0,0,0,0,0,0,0,0,0,0
2026-09-16,2026-09-15,MRP,Real Estate,29.44,1346.6,4540.48,1.01,-0.07,0.14,-0.2,1.56,-4.35,0,0,0,0,0,0,0,0,0,0,0,0,0
2026-09-16,2026-09-15,MRSH,Financial,179.76,2384.91,85783.5,1.16,-0.37,-0.01,-0.36,0.0,-0.42,0,0,0,0,0,0,0,0,0,0,0,0,0
2026-09-16,2026-09-15,MRTN,Industrials,13.93,674.26,1137.55,1.22,-0.43,-0.21,-0.21,0.0,-2.52,0,0,0,0,0,0,0,0,0,0,0,0,0
2026-09-16,2026-09-15,MRVI,Healthcare,6.88,3486.73,1786.56,0.77,2.92,2.99,-0.07,0.0,-4.31,0,0,0,0,0,0,0,0,0,0,0,0,0
2026-09-16,2026-09-15,MRVL,Technology,221.7,31102.53,194408.73,0.41,1.32,0.04,1.28,-0.23,-1.65,0,0,0,0,0,0,0,0,0,0,0,0,0
2026-09-16,2026-09-15,MRX,Financial,68.4,811.79,4920.07,0.54,-3.42,-3.74,0.34,-0.29,-10.83,0,0,0,0,0,0,0,0,0,0,0,0,0
2026-09-16,2026-09-15,MS,Financial,206.28,5252.53,323976.42,1.51,-0.15,0.46,-0.6,0.22,-4.61,0,0,0,0,0,0,0,0,0,0,0,0,0
2026-09-16,2026-09-15,MSCI,Financial,544.6,677.83,39592.42,0.77,-1.63,-0.99,-0.65,0.0,-1.23,0,0,0,0,0,0,0,0,0,0,0,0,0
2026-09-16,2026-09-15,MSFT,Technology,497.12,35246.99,3691387.1,0.5,-1.64,-0.59,-1.06,0.28,0.64,0,0,0,0,0,0,0,0,0,0,0,0,0
2026-09-16,2026-09-15,MSI,Technology,469.14,1008.39,77639.75,1.17,-1.05,-1.54,0.5,0.18,1.33,0,0,0,0,0,0,0,0,0,0,0,0,0
2026-09-16,2026-09-15,MSM,Industrials,119.88,716.22,6694.86,1.04,0.5,0.12,0.39,0.0,-0.42,0,0,0,0,0,0,0,0,0,0,0,0,0
2026-09-16,2026-09-15,MSTR,Technology,129.6,23337.04,49795.63,0.99,-5.36,-1.58,-3.84,-0.91,-5.07,0,0,0,1,0,0,1,0,0,0,0,0,1
2026-09-16,2026-09-15,MT,Basic Materials,73.3,1509.39,55271.13,0.71,0.7,-0.3,1.0,0.0,-4.99,0,0,0,0,0,0,0,0,0,0,0,0,0
2026-09-16,2026-09-15,MTB,Financial,235.37,1083.44,33991.26,1.23,-1.03,-1.33,0.3,0.0,-1.29,0,0,0,0,0,0,0,0,0,0,0,0,0
2026-09-16,2026-09-15,MTCH,Communication Services,44.4,3333.6,10192.07,1.5,2.9,3.33,-0.42,0.09,7.9,0,0,0,0,0,0,0,0,0,0,0,0,0
2026-09-16,2026-09-15,MTDR,Energy,63.17,1980.97,7817.55,1.1,3.25,3.8,-0.52,-0.27,5.69,0,0,0,0,0,0,0,0,0,0,0,0,0
2026-09-16,2026-09-15,MTG,Financial,29.91,1740.91,6135.28,2.96,-3.11,-2.45,-0.68,0.0,-2.45,1,0,0,0,0,0,0,0,0,0,0,0,1
2026-09-16,2026-09-15,MTH,Consumer Cyclical,65.78,834.38,4287.16,1.29,1.39,1.84,-0.45,0.47,2.1,0,0,0,0,0,0,0,0,0,0,0,0,0
2026-09-16,2026-09-15,MTN,Consumer Cyclical,138.07,700.96,4919.92,0.86,-1.74,-1.41,-0.33,0.0,3.82,0,0,0,0,0,0,0,0,0,0,0,0,0
2026-09-16,2026-09-15,MTSI,Technology,240.02,1553.18,18330.55,0.75,0.17,-1.53,1.73,0.39,-12.66,0,0,0,0,0,0,0,0,0,0,0,0,0
2026-09-16,2026-09-15,MTZ,Industrials,222.7,1411.04,17883.92,0.92,-2.2,-3.01,0.84,-0.38,-9.54,0,0,0,0,0,0,0,0,0,0,0,0,0
2026-09-16,2026-09-15,MU,Technology,927.6,40728.68,1047624.98,0.5,0.39,-1.06,1.46,-0.22,-7.26,0,0,0,0,0,0,0,0,0,0,0,0,0
2026-09-16,2026-09-15,MUFG,Financial,23.71,3122.47,266875.01,0.78,-0.75,0.13,-0.88,-0.89,0.47,0,0,0,0,0,0,0,0,0,0,0,0,0
2026-09-16,2026-09-15,MUR,Energy,40.4,1766.18,5792.6,1.06,5.76,4.2,1.49,0.06,7.5,0,0,0,1,0,0,0,0,0,0,0,0,1
2026-09-16,2026-09-15,MUX,Basic Materials,18.57,1143.83,1139.43,0.67,-0.16,-0.05,-0.11,-0.38,-8.39,0,0,0,0,0,0,0,0,0,0,0,0,0
2026-09-16,2026-09-15,MWA,Industrials,22.81,1155.21,3561.23,1.39,-1.17,-1.81,0.65,0.0,-4.0,0,0,0,0,0,0,0,0,0,0,0,0,0
2026-09-16,2026-09-15,MWH,Utilities,25.71,2004.68,5203.48,0.91,1.86,2.84,-0.95,-0.19,0.19,0,0,0,0,0,0,0,0,0,0,0,0,0
2026-09-16,2026-09-15,MXL,Technology,67.12,3256.27,6087.33,0.59,3.6,1.42,2.15,-0.92,0.93,0,0,0,0,0,0,0,0,0,0,0,0,0
2026-09-16,2026-09-15,NAMS,Healthcare,21.16,1166.15,2529.41,1.49,-5.37,-5.2,-0.18,3.97,-17.44,0,0,0,1,0,0,0,0,1,0,0,0,1
2026-09-16,2026-09-15,NAT,Energy,7.85,4058.72,1662.25,1.47,2.88,1.29,1.57,0.63,9.94,0,0,0,0,0,0,0,0,0,0,0,0,0
2026-09-16,2026-09-15,NATL,Technology,46.2,686.34,3414.04,1.33,-0.15,0.2,-0.35,0.0,1.58,0,0,0,0,0,0,0,0,0,0,0,0,0
2026-09-16,2026-09-15,NAVI,Financial,10.0,1137.06,937.84,1.14,2.25,2.25,0.0,0.0,5.6,0,0,0,0,0,0,0,0,0,0,0,0,0
2026-09-16,2026-09-15,NAVN,Technology,22.42,3981.73,5843.45,1.16,4.91,5.16,-0.23,0.98,-15.84,0,0,0,0,0,0,0,0,0,0,0,0,0
2026-09-16,2026-09-15,NBIS,Technology,207.37,20797.2,56374.62,0.5,-2.27,-1.73,-0.55,-0.27,-14.97,0,0,0,0,0,0,0,0,0,0,0,0,0
2026-09-16,2026-09-15,NBIX,Healthcare,150.02,1222.31,15249.41,1.09,-4.58,-4.26,-0.33,-0.15,-3.29,0,0,0,0,0,0,0,0,0,0,0,0,0
2026-09-16,2026-09-15,NCLH,Consumer Cyclical,14.28,15619.09,6557.21,1.18,-2.99,-3.32,0.34,0.21,-7.21,0,0,0,0,0,0,0,0,0,0,0,0,0
2026-09-16,2026-09-15,NCNO,Technology,21.91,2904.81,2316.68,1.21,-1.22,0.87,-2.07,1.46,-1.04,0,0,0,0,0,0,0,0,0,0,0,0,0
2026-09-16,2026-09-15,NDAQ,Financial,89.23,3828.97,49877.55,0.78,-2.56,-1.67,-0.9,0.01,-6.11,0,0,0,0,0,0,0,0,0,0,0,0,0
2026-09-16,2026-09-15,NE,Energy,46.55,1529.03,7431.34,1.13,6.08,5.34,0.71,0.0,1.44,0,0,0,1,0,0,0,0,0,0,0,0,1
2026-09-16,2026-09-15,NEE,Utilities,81.07,11056.49,169110.26,1.04,-0.69,-0.93,0.25,0.0,-3.29,0,0,0,0,0,0,0,0,0,0,0,0,0
2026-09-16,2026-09-15,NEM,Basic Materials,124.19,8096.55,130858.05,0.72,0.91,0.83,0.08,0.0,-2.28,0,0,0,0,0,0,0,0,0,0,0,0,0
2026-09-16,2026-09-15,NEO,Healthcare,18.89,2802.86,2426.9,0.87,2.61,2.66,-0.05,-1.53,7.57,0,0,0,0,0,0,0,0,0,0,0,0,0
2026-09-16,2026-09-15,NEOG,Healthcare,12.25,2053.08,2671.8,1.6,2.51,2.51,0.0,1.55,3.07,0,0,0,0,0,0,0,0,0,0,0,0,0
2026-09-16,2026-09-15,NESR,Energy,32.09,2169.52,3236.34,0.74,-1.99,-1.84,-0.15,0.44,-6.11,0,0,0,0,0,0,0,0,0,0,0,0,0
2026-09-16,2026-09-15,NET,Technology,327.23,3441.02,116519.97,0.93,-0.95,1.59,-2.49,0.02,15.1,0,0,0,0,0,0,0,0,0,0,1,0,1
2026-09-16,2026-09-15,NEWP,Basic Materials,5.7,707.17,1057.86,1.12,-2.9,-2.56,-0.34,1.74,-4.2,0,0,0,0,0,0,0,0,0,0,0,0,0
2026-09-16,2026-09-15,NEXA,Basic Materials,12.62,725.91,1671.38,1.05,0.88,0.48,0.4,0.0,-10.62,0,0,0,0,0,0,0,0,0,0,0,0,0
2026-09-16,2026-09-15,NEXT,Energy,7.15,2747.02,1903.22,0.85,-3.51,-2.85,-0.67,1.12,-4.28,0,0,0,0,0,0,0,0,0,0,0,0,0
2026-09-16,2026-09-15,NFG,Energy,81.7,622.11,7765.18,1.01,1.21,0.73,0.48,0.0,-2.52,0,0,0,0,0,0,0,0,0,0,0,0,0
2026-09-16,2026-09-15,NFLX,Communication Services,77.9,40737.33,324370.92,0.69,-3.01,-1.86,-1.18,0.03,1.47,0,0,0,0,0,0,0,0,0,0,0,0,0
2026-09-16,2026-09-15,NG,Basic Materials,7.25,5241.8,3181.16,1.48,0.28,0.42,-0.14,0.0,-8.23,0,0,0,0,0,0,0,0,0,0,0,0,0
2026-09-16,2026-09-15,NGG,Utilities,74.93,911.94,75332.37,1.66,-0.04,-0.24,0.2,1.31,-4.01,0,0,0,0,0,0,0,0,0,0,0,0,0
2026-09-16,2026-09-15,NHI,Real Estate,69.3,562.02,3403.35,0.52,-1.52,-1.88,0.37,0.0,-2.97,0,0,0,0,0,0,0,0,0,0,0,0,0
2026-09-16,2026-09-15,NHP,Real Estate,15.98,758.7,307.55,0.52,-0.99,-0.37,-0.62,0.0,-3.09,0,0,0,0,0,0,0,0,0,0,0,0,0
2026-09-16,2026-09-15,NI,Utilities,40.59,5305.98,19465.34,0.62,-1.17,-1.26,0.1,0.0,-3.13,0,0,0,0,0,0,0,0,0,0,0,0,0
2026-09-16,2026-09-15,NICE,Technology,103.98,554.82,6076.59,0.54,-2.54,-0.97,-1.58,0.1,2.47,0,0,0,0,0,0,0,0,0,0,0,0,0
2026-09-16,2026-09-15,NIQ,Technology,18.54,1560.32,5468.48,0.59,-0.48,0.22,-0.7,0.0,1.09,0,0,0,0,0,0,0,0,0,0,0,0,0
2026-09-16,2026-09-15,NJR,Utilities,53.27,676.56,5405.2,1.02,0.32,0.0,0.32,0.0,-1.35,0,0,0,0,0,0,0,0,0,0,0,0,0
2026-09-16,2026-09-15,NKE,Consumer Cyclical,36.22,25993.09,53732.33,1.14,-2.24,-1.71,-0.54,0.0,-4.93,0,0,0,0,0,0,0,0,0,0,0,0,0
2026-09-16,2026-09-15,NKTR,Healthcare,66.64,849.74,2275.29,1.48,-2.72,-2.14,-0.58,0.54,-11.66,0,0,0,0,0,0,0,0,0,0,0,0,0
2026-09-16,2026-09-15,NLY,Real Estate,21.41,7513.74,16137.02,1.42,-1.97,-1.83,-0.14,0.42,-5.77,0,0,0,0,0,0,0,0,0,0,0,0,0
2026-09-16,2026-09-15,NMAX,Communication Services,10.77,1131.26,1391.06,1.1,-5.53,-4.35,-1.23,1.21,0.56,0,0,0,1,0,0,0,0,0,0,0,0,1
2026-09-16,2026-09-15,NMFC,Financial,7.22,600.33,681.95,0.62,-0.41,-0.41,0.0,0.55,-1.9,0,0,0,0,0,0,0,0,0,0,0,0,0
2026-09-16,2026-09-15,NMIH,Financial,43.52,523.46,3273.48,1.64,-1.36,-0.87,-0.5,-1.19,-1.94,0,0,0,0,0,0,0,0,0,0,0,0,0
2026-09-16,2026-09-15,NMR,Financial,10.61,959.47,31008.68,0.8,-1.12,-0.38,-0.75,0.0,-0.19,0,0,0,0,0,0,0,0,0,0,0,0,0
2026-09-16,2026-09-15,NMRK,Real Estate,14.25,1407.63,2582.5,0.98,0.35,0.07,0.28,0.0,-3.91,0,0,0,0,0,0,0,0,0,0,0,0,0
2026-09-16,2026-09-15,NN,Technology,14.92,2631.96,2518.65,0.83,-3.99,-2.86,-1.16,-0.47,-1.97,0,0,0,0,0,0,0,0,0,0,0,0,0
2026-09-16,2026-09-15,NNE,Industrials,15.78,2167.89,847.35,0.54,-0.69,-0.13,-0.57,0.32,-18.45,0,0,0,0,0,0,0,0,0,0,0,0,0
2026-09-16,2026-09-15,NNN,Real Estate,43.2,1485.7,8291.44,0.94,-1.28,-1.08,-0.21,0.64,-2.81,0,0,0,0,0,0,0,0,0,0,0,0,0
2026-09-16,2026-09-15,NOC,Industrials,531.25,877.49,75470.99,0.88,0.73,0.37,0.36,0.33,2.44,0,0,0,0,0,0,0,0,0,0,0,0,0
2026-09-16,2026-09-15,NOG,Energy,27.12,2909.7,2889.62,0.6,2.88,1.38,1.48,-0.07,5.61,0,0,0,0,0,0,0,0,0,0,0,0,0
2026-09-16,2026-09-15,NOK,Technology,9.84,86086.37,55090.72,0.98,1.97,0.1,1.87,-0.3,-7.61,0,0,0,0,0,0,0,0,0,0,0,0,0
2026-09-16,2026-09-15,NOMD,Consumer Defensive,10.92,1584.71,1526.52,0.86,-0.09,-0.09,0.0,0.0,-4.71,0,0,0,0,0,0,0,0,0,0,0,0,0
2026-09-16,2026-09-15,NOV,Energy,20.97,3702.55,7475.35,0.81,2.09,1.16,0.93,0.0,-1.96,0,0,0,0,0,0,0,0,0,0,0,0,0
2026-09-16,2026-09-15,NOW,Technology,141.9,21183.97,146724.6,0.69,-0.32,1.98,-2.25,-0.34,5.73,0,0,0,0,0,0,0,0,0,0,0,0,0
2026-09-16,2026-09-15,NP,Financial,30.69,709.25,4211.68,0.54,-2.04,-0.55,-1.5,,-4.24,0,0,0,0,0,0,0,0,0,0,0,0,0
2026-09-16,2026-09-15,NPKI,Industrials,12.98,956.88,1102.13,0.7,0.08,0.08,0.0,-0.31,-3.85,0,0,0,0,0,0,0,0,0,0,0,0,0
2026-09-16,2026-09-15,NRDS,Communication Services,9.52,683.35,608.55,1.02,0.21,0.21,0.0,0.0,-0.42,0,0,0,0,0,0,0,0,0,0,0,0,0
2026-09-16,2026-09-15,NRG,Utilities,105.99,2825.71,22280.21,1.2,-2.29,-3.14,0.89,0.28,-11.41,0,0,0,0,0,0,0,0,0,0,0,0,0
2026-09-16,2026-09-15,NRIX,Healthcare,24.83,1523.88,2576.9,0.82,-2.7,-2.51,-0.2,1.09,-4.98,0,0,0,0,0,0,0,0,0,0,0,0,0
2026-09-16,2026-09-15,NSC,Industrials,320.22,1180.56,71924.1,1.04,0.05,-0.28,0.33,0.0,-2.35,0,0,0,0,0,0,0,0,0,0,0,0,0
2026-09-16,2026-09-15,NSP,Industrials,51.52,589.82,1967.82,0.62,1.1,3.29,-2.12,1.08,3.81,0,0,0,0,0,0,0,0,0,0,0,0,0
2026-09-16,2026-09-15,NTAP,Technology,189.93,2704.1,37305.86,0.9,0.88,0.09,0.79,0.0,0.42,0,0,0,0,0,0,0,0,0,0,0,0,0
2026-09-16,2026-09-15,NTCT,Technology,38.37,626.97,2789.78,1.05,2.68,2.35,0.32,0.73,3.77,0,0,0,0,0,0,0,0,0,0,0,0,0
2026-09-16,2026-09-15,NTES,Communication Services,119.49,895.98,76105.57,0.78,1.27,1.07,0.2,0.0,0.03,0,0,0,0,0,0,0,0,0,0,0,0,0
2026-09-16,2026-09-15,NTLA,Healthcare,11.36,4396.25,1591.84,0.91,-4.3,-3.32,-1.01,0.35,-10.83,0,0,0,0,0,0,0,0,0,0,0,0,0
2026-09-16,2026-09-15,NTNX,Technology,67.99,3079.5,18379.09,0.58,0.44,2.16,-1.68,-0.21,0.74,0,0,0,0,0,0,0,0,0,0,0,0,0
2026-09-16,2026-09-15,NTR,Basic Materials,78.72,2737.86,37565.97,0.94,2.23,1.78,0.44,-0.03,-2.43,0,0,0,0,0,0,0,0,0,0,0,0,0
2026-09-16,2026-09-15,NTRA,Healthcare,350.78,1381.0,50562.89,1.29,2.63,3.07,-0.42,0.87,8.22,0,0,0,0,0,0,0,0,0,0,0,0,0
2026-09-16,2026-09-15,NTSK,Technology,17.47,5636.0,7138.03,1.94,2.76,5.05,-2.18,-0.28,21.74,0,0,0,0,0,0,0,0,0,0,1,0,1
2026-09-16,2026-09-15,NTST,Real Estate,19.29,2001.16,1967.07,0.72,-1.18,-0.72,-0.46,0.0,-4.6,0,0,0,0,0,0,0,0,0,0,0,0,0
2026-09-16,2026-09-15,NU,Financial,14.19,77166.62,68544.57,0.77,-1.53,-1.25,-0.28,0.05,-7.44,0,0,0,0,0,0,0,0,0,0,0,0,0
2026-09-16,2026-09-15,NUAI,Technology,5.46,7439.41,581.81,0.69,-2.5,-1.62,-0.89,0.92,-17.27,0,0,0,0,0,0,0,0,0,0,0,0,0
2026-09-16,2026-09-15,NUE,Basic Materials,258.82,1526.39,58719.96,0.57,1.65,0.82,0.82,0.0,0.94,0,0,0,0,0,0,0,0,0,0,0,0,0
2026-09-16,2026-09-15,NUVB,Healthcare,5.8,6773.17,2042.31,1.04,-2.36,-1.69,-0.67,-0.33,-12.25,0,0,0,0,0,0,0,0,0,0,0,0,0
2026-09-16,2026-09-15,NVAX,Healthcare,9.23,4340.18,1522.45,0.77,-3.75,-2.84,-0.94,-0.33,-9.42,0,0,0,0,0,0,0,0,0,0,0,0,0
2026-09-16,2026-09-15,NVCR,Healthcare,16.15,1577.87,1880.6,0.58,-0.43,0.12,-0.55,0.0,-4.15,0,0,0,0,0,0,0,0,0,0,0,0,0
2026-09-16,2026-09-15,NVDA,Technology,212.17,132083.29,5113296.95,0.67,0.57,-0.56,1.14,0.11,-6.01,0,0,0,0,0,0,0,0,0,0,0,0,0
2026-09-16,2026-09-15,NVMI,Technology,335.08,546.44,10649.84,1.0,0.13,-1.76,1.93,0.04,-11.15,0,0,0,0,0,0,0,0,0,0,0,0,0
2026-09-16,2026-09-15,NVO,Healthcare,42.53,11408.21,142300.27,0.78,-2.12,-0.46,-1.67,0.35,-5.82,0,0,0,0,0,0,0,0,0,0,0,0,0
2026-09-16,2026-09-15,NVS,Healthcare,138.62,2073.27,253750.83,1.14,-0.27,-0.1,-0.17,0.03,0.67,0,0,0,0,0,0,0,0,0,0,0,0,0
2026-09-16,2026-09-15,NVST,Healthcare,24.73,2671.9,3972.08,1.78,-4.11,-1.4,-2.75,1.09,-7.76,0,0,0,0,0,0,0,0,0,0,0,0,0
2026-09-16,2026-09-15,NVT,Industrials,146.8,2317.14,23760.75,0.88,0.11,-2.86,3.06,-0.23,-9.7,0,0,0,0,0,0,1,0,0,0,0,0,1
2026-09-16,2026-09-15,NVTS,Technology,10.81,15637.46,2822.42,0.62,-0.73,-0.83,0.09,-0.19,-9.92,0,0,0,0,0,0,0,0,0,0,0,0,0
2026-09-16,2026-09-15,NWBI,Financial,15.6,1089.56,2284.76,0.96,0.32,0.45,-0.13,0.0,0.65,0,0,0,0,0,0,0,0,0,0,0,0,0
2026-09-16,2026-09-15,NWG,Financial,18.62,4062.79,73914.7,0.89,0.81,-0.8,1.62,0.27,-0.27,0,0,0,0,0,0,0,0,0,0,0,0,0
2026-09-16,2026-09-15,NWL,Consumer Defensive,5.64,10476.54,2402.07,0.62,-2.25,-2.93,0.69,0.35,-11.04,0,0,0,0,0,0,0,0,0,0,0,0,0
2026-09-16,2026-09-15,NWS,Communication Services,33.78,1454.43,17089.91,0.72,-0.24,0.42,-0.65,0.0,1.32,0,0,0,0,0,0,0,0,0,0,0,0,0
2026-09-16,2026-09-15,NWSA,Communication Services,30.43,4689.75,17060.31,0.63,-0.41,0.81,-1.21,-0.02,2.06,0,0,0,0,0,0,0,0,0,0,0,0,0
2026-09-16,2026-09-15,NXE,Energy,9.46,5047.76,6343.02,0.75,-0.11,-0.42,0.32,-1.37,-11.51,0,0,0,0,0,0,0,0,0,0,0,0,0
2026-09-16,2026-09-15,NXPI,Technology,226.35,3967.45,57077.36,0.6,0.95,0.14,0.81,0.0,1.11,0,0,0,0,0,0,0,0,0,0,0,0,0
2026-09-16,2026-09-15,NXT,Technology,79.79,2937.56,12106.5,0.83,-3.43,-4.39,1.0,0.28,-6.62,0,0,0,0,0,0,0,0,0,0,0,0,0
2026-09-16,2026-09-15,NYT,Communication Services,71.71,1970.76,11565.65,1.56,1.95,0.56,1.38,0.61,5.52,0,0,0,0,0,0,0,0,0,0,0,0,0
2026-09-16,2026-09-15,O,Real Estate,58.71,5635.25,55552.58,1.25,-0.94,-1.13,0.19,0.06,-3.79,0,0,0,0,0,0,0,0,0,0,0,0,0
2026-09-16,2026-09-15,OBDC,Financial,11.07,3774.3,5459.09,0.66,-0.09,0.45,-0.54,0.6,-0.9,0,0,0,0,0,0,0,0,0,0,0,0,0
2026-09-16,2026-09-15,OBE,Energy,12.7,823.92,847.47,1.5,1.68,3.08,-1.36,0.38,6.1,0,0,0,0,0,0,0,0,0,0,0,0,0
2026-09-16,2026-09-15,OC,Industrials,128.67,1091.88,10171.2,1.19,-0.22,-0.59,0.38,0.0,-1.18,0,0,0,0,0,0,0,0,0,0,0,0,0
2026-09-16,2026-09-15,OCFC,Financial,18.6,997.67,1831.31,0.79,-0.37,-0.43,0.05,0.0,-1.8,0,0,0,0,0,0,0,0,0,0,0,0,0
2026-09-16,2026-09-15,OCSL,Financial,12.38,525.11,1090.5,1.34,-2.6,-0.08,-2.52,-0.7,-3.05,0,0,0,0,0,0,0,0,0,0,0,0,0
2026-09-16,2026-09-15,OCTV,Technology,18.54,1716.15,4976.84,0.95,-1.49,0.76,-2.23,0.0,0.82,0,0,0,0,0,0,0,0,0,0,0,0,0
2026-09-16,2026-09-15,OCUL,Healthcare,10.19,2635.52,2237.88,0.8,-4.94,-5.6,0.7,0.0,-10.38,0,0,0,0,0,0,0,0,0,0,0,0,0
2026-09-16,2026-09-15,ODD,Consumer Defensive,17.95,1268.64,827.93,1.04,-4.62,-2.5,-2.18,-0.5,37.81,0,0,0,0,0,0,0,0,0,0,1,0,1
2026-09-16,2026-09-15,ODFL,Industrials,180.96,1733.84,37523.26,0.77,-0.52,-0.64,0.12,0.0,-3.24,0,0,0,0,0,0,0,0,0,0,0,0,0
2026-09-16,2026-09-15,OEC,Basic Materials,5.81,572.39,328.4,0.69,-1.36,0.17,-1.53,0.2,-3.97,0,0,0,0,0,0,0,0,0,0,0,0,0
2026-09-16,2026-09-15,OGC,Basic Materials,28.88,506.57,6424.36,1.03,-1.7,-1.9,0.2,0.0,-4.56,0,0,0,0,0,0,0,0,0,0,0,0,0
2026-09-16,2026-09-15,OGE,Utilities,45.71,1412.95,9442.83,1.14,-1.12,-1.38,0.26,0.0,-3.55,0,0,0,0,0,0,0,0,0,0,0,0,0
2026-09-16,2026-09-15,OGN,Healthcare,13.66,2757.59,3587.25,1.3,0.07,0.07,0.0,0.0,-0.65,0,0,0,0,0,0,0,0,0,0,0,0,0
2026-09-16,2026-09-15,OGS,Utilities,76.35,575.53,4799.07,1.32,-1.2,-1.23,0.03,0.0,-5.45,0,0,0,0,0,0,0,0,0,0,0,0,0
2026-09-16,2026-09-15,OHI,Real Estate,47.13,1950.78,14281.01,1.09,-0.44,-0.76,0.32,0.4,0.21,0,0,0,0,0,0,0,0,0,0,0,0,0
2026-09-16,2026-09-15,OI,Consumer Cyclical,6.34,3249.55,974.21,0.75,-1.25,-1.4,0.16,0.0,-6.07,0,0,0,0,0,0,0,0,0,0,0,0,0
2026-09-16,2026-09-15,OII,Energy,47.68,1084.88,4745.57,0.94,2.41,1.75,0.64,1.53,-5.92,0,0,0,0,0,0,0,0,0,0,0,0,0
2026-09-16,2026-09-15,OIS,Energy,8.6,648.79,518.78,0.69,2.5,1.65,0.83,0.0,-1.15,0,0,0,0,0,0,0,0,0,0,0,0,0
2026-09-16,2026-09-15,OKE,Energy,94.72,3704.77,59708.62,1.12,-2.32,-2.23,-0.09,-0.02,-2.86,0,0,0,0,0,0,0,0,0,0,0,0,0
2026-09-16,2026-09-15,OKLO,Utilities,35.98,9819.64,6692.92,0.75,-0.64,-0.06,-0.58,-0.64,-16.92,0,0,0,0,0,0,0,0,0,0,0,0,0
2026-09-16,2026-09-15,OKTA,Technology,190.45,3412.0,33294.61,1.15,2.15,3.96,-1.74,0.24,13.64,0,0,0,0,0,0,0,0,0,0,0,0,0
2026-09-16,2026-09-15,OLED,Technology,77.89,769.58,3580.36,1.5,1.66,1.02,0.63,-0.5,-5.36,0,0,0,0,0,0,0,0,0,0,0,0,0
2026-09-16,2026-09-15,OLLI,Consumer Defensive,73.4,1953.49,4360.13,0.83,-4.7,-4.7,0.0,0.0,-4.53,0,0,0,0,0,0,0,0,0,0,0,0,0
2026-09-16,2026-09-15,OLMA,Healthcare,9.78,1264.93,855.73,1.37,-4.96,-4.96,0.0,1.43,-10.97,0,0,0,0,0,0,0,0,0,0,0,0,0
2026-09-16,2026-09-15,OLN,Basic Materials,17.14,3285.72,1953.66,0.91,1.54,0.41,1.13,-0.82,-4.19,0,0,0,0,0,0,0,0,0,0,0,0,0
2026-09-16,2026-09-15,OMC,Communication Services,79.85,3509.38,21906.53,0.58,-1.5,-0.47,-1.04,0.0,-1.58,0,0,0,0,0,0,0,0,0,0,0,0,0
2026-09-16,2026-09-15,OMCL,Healthcare,32.63,749.87,1488.41,0.86,-2.63,-1.51,-1.13,-1.93,-3.69,0,0,0,0,0,0,0,0,0,0,0,0,0
2026-09-16,2026-09-15,OMDA,Healthcare,19.67,1303.42,1204.13,1.28,-4.05,-2.82,-1.27,0.56,-11.32,0,0,0,0,0,0,0,0,0,0,0,0,0
2026-09-16,2026-09-15,OMER,Healthcare,17.17,1950.85,1242.91,0.85,-1.66,-0.52,-1.15,0.0,-10.2,0,0,0,0,0,0,0,0,0,0,0,0,0
2026-09-16,2026-09-15,OMF,Financial,61.53,1015.65,7078.5,0.69,-2.64,-1.8,-0.85,0.0,-2.81,0,0,0,0,0,0,0,0,0,0,0,0,0
2026-09-16,2026-09-15,ON,Technology,73.2,10656.57,28497.61,1.18,2.16,-0.2,2.37,0.0,2.98,0,0,0,0,0,0,0,0,0,0,0,0,0
2026-09-16,2026-09-15,ONB,Financial,25.81,4161.0,9874.13,0.71,-0.19,0.04,-0.23,0.0,0.78,0,0,0,0,0,0,0,0,0,0,0,0,0
2026-09-16,2026-09-15,ONDS,Technology,7.24,81337.32,4137.33,0.83,0.14,1.39,-1.23,-0.14,-4.99,0,0,0,0,0,0,0,0,0,0,0,0,0
2026-09-16,2026-09-15,ONON,Consumer Cyclical,26.76,6559.04,8814.01,1.35,-2.58,-1.98,-0.62,0.15,-1.87,0,0,0,0,0,0,0,0,0,0,0,0,0
2026-09-16,2026-09-15,ONT,Industrials,17.8,696.56,625.09,0.53,-5.62,-4.81,-0.85,0.0,-0.61,0,0,0,1,0,0,0,0,0,0,0,0,1
2026-09-16,2026-09-15,ONTO,Technology,244.16,1186.41,11981.97,1.55,-2.39,-4.25,1.95,0.3,-13.14,0,0,0,0,0,0,0,0,0,0,0,0,0
2026-09-16,2026-09-15,OPCH,Healthcare,23.52,2279.22,3522.95,1.11,-1.96,-1.75,-0.21,0.0,-0.93,0,0,0,0,0,0,0,0,0,0,0,0,0
2026-09-16,2026-09-15,OPFI,Financial,7.22,888.96,615.2,1.21,-7.2,-6.48,-0.77,0.0,-2.43,0,0,0,1,0,0,0,0,0,0,0,0,1
2026-09-16,2026-09-15,OPLN,Consumer Cyclical,34.89,1206.3,4284.4,0.89,-1.66,-0.82,-0.85,0.0,-0.23,0,0,0,0,0,0,0,0,0,0,0,0,0
2026-09-16,2026-09-15,OR,Basic Materials,35.58,1063.27,6630.69,0.95,0.17,-0.08,0.25,0.0,-3.6,0,0,0,0,0,0,0,0,0,0,0,0,0
2026-09-16,2026-09-15,ORA,Utilities,91.2,881.43,5608.52,1.61,-0.96,-1.46,0.51,0.99,-15.53,0,0,0,0,0,0,0,0,0,0,0,0,0
2026-09-16,2026-09-15,ORC,Real Estate,6.09,4839.27,1215.59,1.15,-2.25,-2.98,0.75,0.13,-6.88,0,0,0,0,0,0,0,0,0,0,0,0,0
2026-09-16,2026-09-15,ORCL,Technology,140.35,32510.97,424381.38,0.97,-3.07,-2.17,-0.92,-0.15,-13.64,0,0,0,0,0,0,0,0,0,0,0,0,0
2026-09-16,2026-09-15,ORI,Financial,41.06,1343.03,9913.23,1.23,-0.65,-0.56,-0.1,0.0,0.71,0,0,0,0,0,0,0,0,0,0,0,0,0
2026-09-16,2026-09-15,ORIC,Healthcare,12.36,1515.12,1281.15,1.35,-2.29,-1.9,-0.4,0.32,-2.06,0,0,0,0,0,0,0,0,0,0,0,0,0
2026-09-16,2026-09-15,ORKA,Healthcare,92.2,1137.88,6104.54,0.69,-3.89,-3.09,-0.82,-1.3,-2.24,0,0,0,0,0,0,0,0,0,0,0,0,0
2026-09-16,2026-09-15,ORLY,Consumer Cyclical,85.16,7120.32,68891.1,0.88,-2.36,-2.02,-0.34,0.0,-0.85,0,0,0,0,0,0,0,0,0,0,0,0,0
2026-09-16,2026-09-15,ORN,Industrials,9.06,529.8,366.88,0.62,0.55,0.0,0.55,0.33,-1.84,0,0,0,0,0,0,0,0,0,0,0,0,0
2026-09-16,2026-09-15,OSCR,Healthcare,32.44,5436.19,10014.0,0.78,-4.05,-3.16,-0.92,0.31,-1.73,0,0,0,0,0,0,0,0,0,0,0,0,0
2026-09-16,2026-09-15,OSK,Industrials,143.17,696.52,8839.28,0.8,-0.16,-0.93,0.78,0.0,-6.9,0,0,0,0,0,0,0,0,0,0,0,0,0
2026-09-16,2026-09-15,OSS,Technology,8.61,1054.97,214.78,0.52,-1.26,-1.26,0.0,0.12,-12.41,0,0,0,0,0,0,0,0,0,0,0,0,0
2026-09-16,2026-09-15,OSW,Consumer Cyclical,21.7,986.69,2202.52,1.22,-1.63,-1.63,0.0,0.0,-1.9,0,0,0,0,0,0,0,0,0,0,0,0,0
2026-09-16,2026-09-15,OTEX,Technology,23.68,1683.75,5733.64,0.56,-1.13,0.55,-1.67,0.0,1.37,0,0,0,0,0,0,0,0,0,0,0,0,0
2026-09-16,2026-09-15,OTF,Financial,10.59,2620.47,4852.18,0.72,-0.38,0.38,-0.75,0.0,-3.73,0,0,0,0,0,0,0,0,0,0,0,0,0
2026-09-16,2026-09-15,OTIS,Industrials,68.5,3698.58,26075.85,1.29,-2.39,-0.9,-1.51,0.0,-2.23,0,0,0,0,0,0,0,0,0,0,0,0,0
2026-09-16,2026-09-15,OUST,Technology,32.79,3640.91,2364.56,0.64,-2.0,-1.83,-0.18,-0.06,-12.54,0,0,0,0,0,0,0,0,0,0,0,0,0
2026-09-16,2026-09-15,OUT,Real Estate,28.11,1761.59,4951.16,0.84,-2.23,-1.92,-0.31,0.23,-2.43,0,0,0,0,0,0,0,0,0,0,0,0,0
2026-09-16,2026-09-15,OVV,Energy,66.97,3415.35,18450.48,0.75,2.46,2.24,0.21,0.47,4.48,0,0,0,0,0,0,0,0,0,0,0,0,0
2026-09-16,2026-09-15,OWL,Financial,10.24,20026.91,15965.1,0.88,-1.82,-1.44,-0.38,0.2,-8.73,0,0,0,0,0,0,0,0,0,0,0,0,0
2026-09-16,2026-09-15,OXY,Energy,63.52,8592.95,63496.97,1.21,2.82,2.27,0.53,-0.13,4.73,0,0,0,0,0,0,0,0,0,0,0,0,0
2026-09-16,2026-09-15,OZK,Financial,49.16,1173.19,5576.31,0.65,0.08,0.2,-0.12,0.0,-0.2,0,0,0,0,0,0,0,0,0,0,0,0,0
2026-09-16,2026-09-15,P,Technology,96.97,2988.79,32313.05,1.03,3.4,-1.57,5.05,1.06,-4.12,0,0,0,0,0,0,1,1,0,0,0,0,1
2026-09-16,2026-09-15,PAA,Energy,25.77,2505.56,18182.44,0.5,-0.31,-0.23,-0.08,0.0,-0.75,0,0,0,0,0,0,0,0,0,0,0,0,0
2026-09-16,2026-09-15,PAAS,Basic Materials,48.42,4550.61,20075.9,0.41,-0.45,-0.61,0.15,0.15,-5.06,0,0,0,0,0,0,0,0,0,0,0,0,0
2026-09-16,2026-09-15,PACS,Healthcare,42.09,860.04,6664.34,1.18,-5.52,-4.56,-1.01,1.81,-3.62,0,0,0,1,0,0,0,0,0,0,0,0,1
2026-09-16,2026-09-15,PAGP,Energy,27.84,1522.08,21211.51,1.0,-0.57,-0.5,-0.07,0.0,-0.82,0,0,0,0,0,0,0,0,0,0,0,0,0
2026-09-16,2026-09-15,PAGS,Technology,9.62,2987.26,2669.71,0.86,-3.12,-3.22,0.1,0.81,-1.33,0,0,0,0,0,0,0,0,0,0,0,0,0
2026-09-16,2026-09-15,PANW,Technology,375.09,6619.61,306823.62,0.98,0.31,1.81,-1.47,0.19,11.31,0,0,0,0,0,0,0,0,0,0,0,0,0
2026-09-16,2026-09-15,PAR,Technology,16.9,971.3,699.03,1.53,-6.58,-5.16,-1.49,0.36,-8.1,0,0,0,1,0,0,0,0,0,0,0,0,1
2026-09-16,2026-09-15,PARR,Energy,83.6,972.02,4188.33,1.01,2.33,2.26,0.06,1.79,1.85,0,0,0,0,0,0,0,0,0,0,0,0,0
2026-09-16,2026-09-15,PATH,Technology,14.23,70187.69,7416.04,1.02,-2.93,-0.94,-2.01,0.14,1.57,0,0,0,0,0,0,0,0,0,0,0,0,0
2026-09-16,2026-09-15,PATK,Consumer Cyclical,70.8,634.43,2273.97,1.34,-2.99,-2.87,-0.12,0.34,-11.95,0,0,0,0,0,0,0,0,0,0,0,0,0
2026-09-16,2026-09-15,PAX,Financial,10.24,1051.99,1652.68,1.18,-2.29,-2.01,-0.29,0.0,-8.57,0,0,0,0,0,0,0,0,0,0,0,0,0
2026-09-16,2026-09-15,PAY,Technology,36.01,1268.59,4535.08,0.51,-2.89,-1.42,-1.48,2.78,1.01,0,0,0,0,0,0,0,0,1,0,0,0,1
2026-09-16,2026-09-15,PAYC,Technology,226.76,913.68,10042.14,1.19,1.75,2.31,-0.55,0.0,3.47,0,0,0,0,0,0,0,0,0,0,0,0,0
2026-09-16,2026-09-15,PAYO,Technology,7.13,5577.66,2416.0,0.73,-0.14,-0.14,0.0,0.56,0.0,0,0,0,0,0,0,0,0,0,0,0,0,0
2026-09-16,2026-09-15,PAYP,Technology,17.82,1032.06,11914.81,0.58,-4.6,-2.62,-2.03,-0.06,1.48,0,0,0,0,0,0,0,0,0,0,0,0,0
2026-09-16,2026-09-15,PAYS,Technology,12.17,679.45,687.14,1.14,-5.14,-5.14,0.0,-0.08,-5.51,0,0,0,1,0,0,0,0,0,0,0,0,1
2026-09-16,2026-09-15,PAYX,Technology,118.3,3050.56,42112.49,0.9,-0.18,0.39,-0.57,0.0,1.17,0,0,0,0,0,0,0,0,0,0,0,0,0
2026-09-16,2026-09-15,PB,Financial,70.96,1105.06,8527.74,0.75,-0.76,-0.32,-0.43,1.45,-1.16,0,0,0,0,0,0,0,0,0,0,0,0,0
2026-09-16,2026-09-15,PBA,Energy,47.27,1032.15,27489.87,1.31,-0.69,0.42,-1.11,0.06,-3.84,0,0,0,0,0,0,0,0,0,0,0,0,0
2026-09-16,2026-09-15,PBF,Energy,74.72,3068.7,8857.07,3.06,6.14,7.98,-1.7,0.17,-2.67,1,1,0,1,0,0,0,0,0,0,0,0,1
2026-09-16,2026-09-15,PBH,Healthcare,46.68,569.87,2211.44,1.35,-1.97,-1.14,-0.84,0.0,-6.25,0,0,0,0,0,0,0,0,0,0,0,0,0
2026-09-16,2026-09-15,PBI,Industrials,17.32,2050.05,2374.4,1.02,-0.06,0.41,-0.46,0.0,1.94,0,0,0,0,0,0,0,0,0,0,0,0,0
2026-09-16,2026-09-15,PBLS,Healthcare,35.72,535.24,4412.61,0.83,-1.22,-1.52,0.3,0.0,-10.18,0,0,0,0,0,0,0,0,0,0,0,0,0
2026-09-16,2026-09-15,PBR,Energy,21.77,17656.76,81008.57,1.35,2.93,2.79,0.14,-0.05,4.51,0,0,0,0,0,0,0,0,0,0,0,0,0
2026-09-16,2026-09-15,PBR-A,Energy,19.57,7424.99,53294.0,1.1,2.62,2.35,0.26,-0.35,3.76,0,0,0,0,0,0,0,0,0,0,0,0,0
2026-09-16,2026-09-15,PCAR,Industrials,122.46,3195.93,64458.65,0.55,-0.33,-0.28,-0.04,0.16,-0.03,0,0,0,0,0,0,0,0,0,0,0,0,0
2026-09-16,2026-09-15,PCG,Utilities,13.15,31892.92,28961.16,1.01,-3.31,-4.08,0.81,1.14,-11.27,0,0,0,0,0,0,0,0,0,0,0,0,0
2026-09-16,2026-09-15,PCOR,Technology,52.56,3334.07,7986.78,0.98,-7.37,-6.21,-1.23,1.45,-6.44,0,0,0,1,0,0,0,0,0,0,0,0,1
2026-09-16,2026-09-15,PCRX,Healthcare,24.08,575.17,959.87,1.43,-2.43,-2.23,-0.2,0.0,-6.92,0,0,0,0,0,0,0,0,0,0,0,0,0
2026-09-16,2026-09-15,PCT,Industrials,5.58,4306.32,1121.05,1.0,-4.62,-4.62,0.0,1.04,-14.29,0,0,0,0,0,0,0,0,0,0,0,0,0
2026-09-16,2026-09-15,PCTY,Technology,147.22,748.24,7811.05,0.72,-0.51,0.66,-1.16,0.0,2.57,0,0,0,0,0,0,0,0,0,0,0,0,0
2026-09-16,2026-09-15,PCVX,Healthcare,59.21,1295.54,8810.76,1.46,-0.55,-0.82,0.27,0.49,-1.91,0,0,0,0,0,0,0,0,0,0,0,0,0
2026-09-16,2026-09-15,PD,Technology,14.51,1683.9,1141.21,0.73,-2.22,0.07,-2.29,0.42,8.93,0,0,0,0,0,0,0,0,0,0,0,0,0
2026-09-16,2026-09-15,PDD,Consumer Cyclical,78.08,7061.9,111139.07,1.45,-1.64,-1.36,-0.28,0.23,-2.09,0,0,0,0,0,0,0,0,0,0,0,0,0
2026-09-16,2026-09-15,PDFS,Technology,41.42,632.54,1749.05,1.34,-3.25,-4.67,1.49,0.0,-13.42,0,0,0,0,0,0,0,0,0,0,0,0,0
2026-09-16,2026-09-15,PDYN,Technology,5.68,1340.79,280.24,0.59,-0.35,0.0,-0.35,-0.18,-1.73,0,0,0,0,0,0,0,0,0,0,0,0,0
2026-09-16,2026-09-15,PECO,Real Estate,37.98,949.0,5358.98,1.03,-1.12,-0.84,-0.29,0.0,-2.81,0,0,0,0,0,0,0,0,0,0,0,0,0
2026-09-16,2026-09-15,PEG,Utilities,70.42,2927.92,35098.74,1.2,-0.71,-0.73,0.03,0.0,-5.15,0,0,0,0,0,0,0,0,0,0,0,0,0
2026-09-16,2026-09-15,PEGA,Technology,37.63,2701.79,6186.55,1.0,-2.79,-1.08,-1.73,0.0,5.11,0,0,0,0,0,0,0,0,0,0,0,0,0
2026-09-16,2026-09-15,PENG,Technology,47.5,3009.54,2434.03,0.34,1.95,-0.73,2.7,-0.37,-7.41,0,0,0,0,0,0,0,0,0,0,0,0,0
2026-09-16,2026-09-15,PENN,Consumer Cyclical,17.74,3049.39,2378.34,0.89,-1.44,-1.22,-0.22,0.11,4.66,0,0,0,0,0,0,0,0,0,0,0,0,0
2026-09-16,2026-09-15,PEP,Consumer Defensive,135.5,8343.01,184942.8,0.98,-0.62,-0.2,-0.42,0.09,-2.13,0,0,0,0,0,0,0,0,0,0,0,0,0
2026-09-16,2026-09-15,PFE,Healthcare,27.55,41563.48,157026.0,0.97,-0.61,-0.24,-0.38,-0.07,-0.86,0,0,0,0,0,0,0,0,0,0,0,0,0
2026-09-16,2026-09-15,PFG,Financial,118.37,1417.9,25343.56,0.98,1.26,1.36,-0.1,0.0,2.89,0,0,0,0,0,0,0,0,0,0,0,0,0
2026-09-16,2026-09-15,PFGC,Consumer Defensive,88.97,1618.73,14015.72,1.31,-4.5,-3.8,-0.73,0.0,-8.08,0,0,0,0,0,0,0,0,0,0,0,0,0
2026-09-16,2026-09-15,PFLT,Financial,7.02,1077.1,696.51,0.56,-1.4,0.29,-1.69,0.83,-3.44,0,0,0,0,0,0,0,0,0,0,0,0,0
2026-09-16,2026-09-15,PFS,Financial,23.33,968.02,3042.76,0.94,-0.04,-0.17,0.13,0.0,-0.43,0,0,0,0,0,0,0,0,0,0,0,0,0
2026-09-16,2026-09-15,PFSI,Financial,68.05,570.72,3535.3,1.82,-1.33,-1.63,0.3,0.0,-5.54,0,0,0,0,0,0,0,0,0,0,0,0,0
2026-09-16,2026-09-15,PG,Consumer Defensive,146.67,9139.52,340666.35,0.96,0.37,1.31,-0.92,0.03,0.75,0,0,0,0,0,0,0,0,0,0,0,0,0
2026-09-16,2026-09-15,PGEN,Healthcare,7.0,4923.78,2506.25,0.56,2.19,2.79,-0.58,0.0,1.89,0,0,0,0,0,0,0,0,0,0,0,0,0
2026-09-16,2026-09-15,PGNY,Healthcare,27.76,1195.47,2129.93,0.58,-0.32,-0.43,0.11,-1.18,2.25,0,0,0,0,0,0,0,0,0,0,0,0,0
2026-09-16,2026-09-15,PGR,Financial,221.31,2858.5,128603.24,0.71,0.13,0.6,-0.46,0.0,2.98,0,0,0,0,0,0,0,0,0,0,0,0,0
2026-09-16,2026-09-15,PGY,Technology,21.04,3045.73,1755.28,0.65,-2.09,-0.5,-1.61,-0.05,-4.71,0,0,0,0,0,0,0,0,0,0,0,0,0
2026-09-16,2026-09-15,PH,Industrials,925.0,631.35,116593.91,0.95,-0.41,-1.03,0.62,0.0,-3.23,0,0,0,0,0,0,0,0,0,0,0,0,0
2026-09-16,2026-09-15,PHAT,Healthcare,8.16,1290.62,660.15,1.27,-5.99,-5.45,-0.58,-0.74,-13.47,0,0,0,1,0,0,0,0,0,0,0,0,1
2026-09-16,2026-09-15,PHG,Healthcare,24.9,1006.8,24338.01,0.81,-0.72,0.08,-0.8,0.0,-1.54,0,0,0,0,0,0,0,0,0,0,0,0,0
2026-09-16,2026-09-15,PHM,Consumer Cyclical,119.47,1669.91,22394.96,0.91,0.45,0.6,-0.15,0.0,-0.5,0,0,0,0,0,0,0,0,0,0,0,0,0
2026-09-16,2026-09-15,PHR,Healthcare,10.35,866.76,642.44,0.8,-0.67,-0.48,-0.19,2.03,1.27,0,0,0,0,0,0,0,0,1,0,0,0,1
2026-09-16,2026-09-15,PHVS,Healthcare,38.06,665.52,2659.01,2.63,-2.06,-2.71,0.67,1.29,0.58,1,0,0,0,0,0,0,0,0,0,0,0,1
2026-09-16,2026-09-15,PII,Consumer Cyclical,57.89,835.72,3294.15,0.67,-1.75,-1.83,0.08,0.0,-5.69,0,0,0,0,0,0,0,0,0,0,0,0,0
2026-09-16,2026-09-15,PINS,Communication Services,18.76,12867.04,10624.03,0.86,-4.72,-2.85,-1.93,0.28,-6.85,0,0,0,0,0,0,0,0,0,0,0,0,0
2026-09-16,2026-09-15,PIPR,Financial,72.99,592.31,5158.22,1.2,-2.21,-2.09,-0.12,0.0,-5.62,0,0,0,0,0,0,0,0,0,0,0,0,0
2026-09-16,2026-09-15,PK,Real Estate,15.22,4493.55,3064.37,0.68,-0.65,-0.26,-0.39,0.0,0.73,0,0,0,0,0,0,0,0,0,0,0,0,0
2026-09-16,2026-09-15,PKG,Consumer Cyclical,231.21,627.08,20600.42,0.69,-0.88,0.03,-0.91,0.0,-0.34,0,0,0,0,0,0,0,0,0,0,0,0,0
2026-09-16,2026-09-15,PL,Industrials,16.02,10003.06,5828.85,0.84,-1.11,-0.37,-0.74,0.62,-10.05,0,0,0,0,0,0,0,0,0,0,0,0,0
2026-09-16,2026-09-15,PLAB,Technology,27.26,1312.79,1608.26,0.64,0.37,-1.02,1.4,-0.02,-7.15,0,0,0,0,0,0,0,0,0,0,0,0,0
2026-09-16,2026-09-15,PLAY,Communication Services,6.86,1789.26,238.65,9.26,-19.01,-9.14,-10.86,0.87,-22.4,1,1,1,1,1,1,1,1,0,0,0,0,1
2026-09-16,2026-09-15,PLD,Real Estate,135.84,4185.8,131666.33,0.84,0.48,0.36,0.12,0.12,-1.91,0,0,0,0,0,0,0,0,0,0,0,0,0
2026-09-16,2026-09-15,PLNT,Consumer Cyclical,50.81,1888.34,3837.83,0.72,-0.68,-0.08,-0.61,0.0,1.86,0,0,0,0,0,0,0,0,0,0,0,0,0
2026-09-16,2026-09-15,PLTR,Technology,172.56,40053.02,414671.74,0.78,-0.43,1.21,-1.62,-0.27,1.33,0,0,0,0,0,0,0,0,0,0,0,0,0
2026-09-16,2026-09-15,PM,Consumer Defensive,194.11,4941.95,302542.47,0.85,-0.38,0.62,-1.0,-0.75,5.08,0,0,0,0,0,0,0,0,0,0,0,0,0
2026-09-16,2026-09-15,PNC,Financial,240.78,1863.64,96057.66,0.92,-0.8,-1.19,0.39,0.0,-0.88,0,0,0,0,0,0,0,0,0,0,0,0,0
2026-09-16,2026-09-15,PNFP,Financial,99.34,1166.27,15011.53,0.51,-0.75,-0.97,0.22,0.0,-1.36,0,0,0,0,0,0,0,0,0,0,0,0,0
2026-09-16,2026-09-15,PNR,Industrials,56.58,3290.59,9032.32,1.01,0.71,-0.93,1.66,0.0,-3.48,0,0,0,0,0,0,0,0,0,0,0,0,0
2026-09-16,2026-09-15,PNW,Utilities,94.9,1138.9,11501.62,0.7,-0.52,-0.62,0.09,0.0,-3.2,0,0,0,0,0,0,0,0,0,0,0,0,0
2026-09-16,2026-09-15,PODD,Healthcare,139.24,1660.54,9656.88,0.9,1.04,1.2,-0.15,0.0,-2.14,0,0,0,0,0,0,0,0,0,0,0,0,0
2026-09-16,2026-09-15,POET,Technology,7.21,13248.12,1247.75,0.47,-2.96,-2.96,0.0,0.28,-13.24,0,0,0,0,0,0,0,0,0,0,0,0,0
2026-09-16,2026-09-15,PONY,Technology,6.67,3725.8,2356.64,0.69,-0.6,0.76,-1.34,0.0,-7.1,0,0,0,0,0,0,0,0,0,0,0,0,0
2026-09-16,2026-09-15,POOL,Industrials,166.86,876.77,6063.82,1.17,-2.85,-2.72,-0.13,0.02,-5.91,0,0,0,0,0,0,0,0,0,0,0,0,0
2026-09-16,2026-09-15,POR,Utilities,47.45,1098.89,5580.49,1.08,-1.31,-0.86,-0.46,0.0,-4.08,0,0,0,0,0,0,0,0,0,0,0,0,0
2026-09-16,2026-09-15,POST,Consumer Defensive,77.17,936.32,3392.14,1.54,-2.77,-1.94,-0.84,1.08,-6.3,0,0,0,0,0,0,0,0,0,0,0,0,0
2026-09-16,2026-09-15,POWI,Technology,48.27,803.85,2697.0,0.94,-0.49,-2.66,2.23,-2.06,-4.34,0,0,0,0,0,0,0,0,1,0,0,0,1
2026-09-16,2026-09-15,POWL,Industrials,171.37,727.59,6243.45,1.37,0.39,-1.51,1.93,0.66,-6.09,0,0,0,0,0,0,0,0,0,0,0,0,0
2026-09-16,2026-09-15,PPC,Consumer Defensive,29.86,1594.05,7109.92,0.81,-1.29,-0.67,-0.63,0.0,-0.43,0,0,0,0,0,0,0,0,0,0,0,0,0
2026-09-16,2026-09-15,PPG,Basic Materials,104.89,1782.02,23317.05,0.84,-0.34,-0.68,0.34,0.0,-4.4,0,0,0,0,0,0,0,0,0,0,0,0,0
2026-09-16,2026-09-15,PPL,Utilities,33.23,8604.35,25007.06,0.72,-1.66,-1.51,-0.15,0.0,-5.27,0,0,0,0,0,0,0,0,0,0,0,0,0
2026-09-16,2026-09-15,PPLI,Communication Services,38.27,964.93,2849.72,0.86,-1.8,-1.29,-0.51,0.0,-0.29,0,0,0,0,0,0,0,0,0,0,0,0,0
2026-09-16,2026-09-15,PPTA,Basic Materials,22.69,1288.84,2838.42,0.6,0.62,0.67,-0.04,-0.22,-8.36,0,0,0,0,0,0,0,0,0,0,0,0,0
2026-09-16,2026-09-15,PR,Energy,24.49,9940.41,20511.77,1.05,3.07,2.47,0.59,-0.16,3.55,0,0,0,0,0,0,0,0,0,0,0,0,0
2026-09-16,2026-09-15,PRAA,Financial,19.29,542.47,726.23,0.63,-0.52,0.31,-0.83,0.0,0.94,0,0,0,0,0,0,0,0,0,0,0,0,0
2026-09-16,2026-09-15,PRCH,Financial,16.05,1781.97,1822.0,1.16,-2.85,-2.13,-0.73,0.0,-4.06,0,0,0,0,0,0,0,0,0,0,0,0,0
2026-09-16,2026-09-15,PRCT,Healthcare,19.3,1584.32,1105.38,1.26,-8.18,-7.3,-0.95,0.0,-9.6,0,0,0,1,1,0,0,0,0,0,0,0,1
2026-09-16,2026-09-15,PRDO,Consumer Defensive,32.92,699.34,2060.04,0.73,-0.42,-0.42,0.0,1.91,-0.51,0,0,0,0,0,0,0,0,0,0,0,0,0
2026-09-16,2026-09-15,PRG,Industrials,36.33,571.13,1447.09,1.55,-2.81,-3.12,0.32,0.0,-4.6,0,0,0,0,0,0,0,0,0,0,0,0,0
2026-09-16,2026-09-15,PRGO,Healthcare,13.56,3215.05,1881.71,0.71,-0.66,-0.8,0.15,0.0,-7.0,0,0,0,0,0,0,0,0,0,0,0,0,0
2026-09-16,2026-09-15,PRGS,Technology,43.56,668.33,1786.53,0.87,1.0,3.49,-2.41,0.06,3.28,0,0,0,0,0,0,0,0,0,0,0,0,0
2026-09-16,2026-09-15,PRIM,Industrials,76.72,1616.07,4130.01,0.97,3.44,1.91,1.5,0.35,1.68,0,0,0,0,0,0,0,0,0,0,0,0,0
2026-09-16,2026-09-15,PRKS,Consumer Cyclical,36.02,689.88,1633.19,0.87,-1.91,-0.85,-1.06,0.0,-11.95,0,0,0,0,0,0,0,0,0,0,0,0,0
2026-09-16,2026-09-15,PRM,Basic Materials,31.56,1568.79,5165.96,0.62,1.12,0.54,0.58,-1.39,-1.53,0,0,0,0,0,0,0,0,0,0,0,0,0
2026-09-16,2026-09-15,PRMB,Consumer Defensive,20.85,3766.9,7546.52,0.94,-1.18,-0.48,-0.71,1.73,-4.75,0,0,0,0,0,0,0,0,0,0,0,0,0
2026-09-16,2026-09-15,PRTA,Healthcare,8.33,502.09,427.64,0.64,-5.98,-5.98,0.0,-1.32,-12.68,0,0,0,1,0,0,0,0,0,0,0,0,1
2026-09-16,2026-09-15,PRTH,Technology,6.01,501.78,495.46,0.58,0.08,1.01,-0.92,0.0,9.47,0,0,0,0,0,0,0,0,0,0,0,0,0
2026-09-16,2026-09-15,PRU,Financial,119.31,1796.42,41161.95,0.74,-0.16,-0.03,-0.13,0.37,-0.06,0,0,0,0,0,0,0,0,0,0,0,0,0
2026-09-16,2026-09-15,PRVA,Healthcare,20.36,1221.25,2600.67,1.01,-2.49,-2.54,0.05,0.0,-2.02,0,0,0,0,0,0,0,0,0,0,0,0,0
2026-09-16,2026-09-15,PSA,Real Estate,296.68,992.73,55435.34,1.04,0.43,1.27,-0.83,0.0,-1.63,0,0,0,0,0,0,0,0,0,0,0,0,0
2026-09-16,2026-09-15,PSKY,Communication Services,11.01,10753.68,12352.62,1.14,1.29,1.94,-0.64,0.0,1.94,0,0,0,0,0,0,0,0,0,0,0,0,0
2026-09-16,2026-09-15,PSN,Technology,46.65,1393.13,4982.47,0.55,-0.62,0.63,-1.24,0.0,-1.98,0,0,0,0,0,0,0,0,0,0,0,0,0
2026-09-16,2026-09-15,PSNL,Healthcare,16.1,4060.12,1719.48,0.6,-1.17,-0.31,-0.86,0.0,-3.01,0,0,0,0,0,0,0,0,0,0,0,0,0
2026-09-16,2026-09-15,PSO,Communication Services,16.0,735.57,9585.28,0.72,-0.68,0.5,-1.18,0.0,2.11,0,0,0,0,0,0,0,0,0,0,0,0,0
2026-09-16,2026-09-15,PSX,Energy,264.93,2801.97,105712.6,1.03,3.06,2.64,0.41,0.0,2.23,0,0,0,0,0,0,0,0,0,0,0,0,0
2026-09-16,2026-09-15,PTC,Technology,132.75,1660.15,14404.21,0.99,-2.85,-1.6,-1.27,0.0,-0.38,0,0,0,0,0,0,0,0,0,0,0,0,0
2026-09-16,2026-09-15,PTCT,Healthcare,65.65,1599.79,5479.2,0.65,-1.25,-1.29,0.05,-0.07,-4.59,0,0,0,0,0,0,0,0,0,0,0,0,0
2026-09-16,2026-09-15,PTEN,Energy,12.71,9094.72,4847.4,0.83,2.33,1.44,0.89,2.28,0.39,0,0,0,0,0,0,0,0,1,0,0,0,1
2026-09-16,2026-09-15,PTGX,Healthcare,143.4,662.15,9279.17,0.96,-2.96,-2.77,-0.2,0.0,-1.74,0,0,0,0,0,0,0,0,0,0,0,0,0
2026-09-16,2026-09-15,PTRN,Consumer Cyclical,19.44,2038.72,3448.64,0.92,-2.65,-2.61,-0.05,0.0,-1.12,0,0,0,0,0,0,0,0,0,0,0,0,0
2026-09-16,2026-09-15,PUBM,Technology,16.78,623.76,764.33,1.02,1.15,2.5,-1.33,-1.97,3.01,0,0,0,0,0,0,0,0,0,0,0,0,0
2026-09-16,2026-09-15,PUK,Financial,26.48,1036.9,32703.33,1.73,-0.6,-0.08,-0.53,-1.36,-3.43,0,0,0,0,0,0,0,0,0,0,0,0,0
2026-09-16,2026-09-15,PUMP,Energy,10.41,3912.75,1278.6,1.08,-0.86,-1.42,0.57,1.36,-13.47,0,0,0,0,0,0,0,0,0,0,0,0,0
2026-09-16,2026-09-15,PURR,Financial,11.2,16304.58,2215.79,1.32,-5.49,-1.15,-4.39,-1.43,-6.12,0,0,0,1,0,0,1,0,0,0,0,0,1
2026-09-16,2026-09-15,PVH,Consumer Cyclical,71.61,992.82,3303.93,1.06,-1.92,-1.78,-0.14,0.0,0.49,0,0,0,0,0,0,0,0,0,0,0,0,0
2026-09-16,2026-09-15,PWP,Financial,13.41,1192.58,1304.94,1.38,-6.68,-6.35,-0.35,0.0,-19.12,0,0,0,1,0,0,0,0,0,0,0,0,1
2026-09-16,2026-09-15,PWR,Industrials,613.35,1201.7,92213.11,0.63,-1.39,-1.66,0.27,0.0,-4.02,0,0,0,0,0,0,0,0,0,0,0,0,0
2026-09-16,2026-09-15,PYPL,Financial,53.81,15408.61,46032.35,0.53,-0.41,-0.54,0.13,0.0,1.18,0,0,0,0,0,0,0,0,0,0,0,0,0
2026-09-16,2026-09-15,PZZA,Consumer Cyclical,20.72,1286.96,682.14,0.96,-5.04,-4.03,-1.05,0.24,-8.96,0,0,0,1,0,0,0,0,0,0,0,0,1
2026-09-16,2026-09-15,Q,Technology,114.59,1943.81,23973.21,1.29,-2.25,-3.83,1.64,0.0,-7.05,0,0,0,0,0,0,0,0,0,0,0,0,0
2026-09-16,2026-09-15,QBTS,Technology,16.41,19547.45,6111.74,0.58,-2.5,-0.91,-1.6,0.0,-7.13,0,0,0,0,0,0,0,0,0,0,0,0,0
2026-09-16,2026-09-15,QCOM,Technology,187.8,14372.76,197233.93,0.96,4.25,4.02,0.21,0.05,7.88,0,0,0,0,0,0,0,0,0,0,0,0,0
2026-09-16,2026-09-15,QDEL,Healthcare,10.63,1482.09,728.96,2.1,-4.41,-2.48,-1.98,0.66,-20.55,1,0,0,0,0,0,0,0,0,0,0,0,1
2026-09-16,2026-09-15,QFIN,Financial,8.05,1826.78,981.38,1.64,-4.96,-3.82,-1.18,0.62,-8.94,0,0,0,0,0,0,0,0,0,0,0,0,0
2026-09-16,2026-09-15,QGEN,Healthcare,42.48,2831.77,8754.05,0.63,1.43,1.07,0.36,0.0,0.24,0,0,0,0,0,0,0,0,0,0,0,0,0
2026-09-16,2026-09-15,QLYS,Technology,185.37,783.55,6412.87,1.53,7.21,8.97,-1.62,-0.27,8.84,0,0,0,1,0,0,0,0,0,0,0,0,1
2026-09-16,2026-09-15,QMCO,Technology,23.26,1469.57,916.67,0.6,1.91,1.57,0.33,-0.09,-4.91,0,0,0,0,0,0,0,0,0,0,0,0,0
2026-09-16,2026-09-15,QNST,Communication Services,18.36,859.58,1048.11,0.87,-0.65,0.22,-0.87,1.2,1.55,0,0,0,0,0,0,0,0,0,0,0,0,0
2026-09-16,2026-09-15,QNT,Technology,48.65,2065.18,12809.94,0.62,-0.92,0.0,-0.92,0.06,-3.61,0,0,0,0,0,0,0,0,0,0,0,0,0
2026-09-16,2026-09-15,QRVO,Technology,118.06,1226.17,10415.44,1.87,9.34,8.91,0.39,0.05,13.44,0,0,0,1,1,0,0,0,0,0,0,0,1
2026-09-16,2026-09-15,QS,Consumer Cyclical,5.05,21636.38,3126.52,0.46,-2.88,-2.7,-0.19,0.17,-9.66,0,0,0,0,0,0,0,0,0,0,0,0,0
2026-09-16,2026-09-15,QSR,Consumer Cyclical,75.49,2767.39,34311.07,1.15,-4.31,-3.71,-0.62,0.01,-3.55,0,0,0,0,0,0,0,0,0,0,0,0,0
2026-09-16,2026-09-15,QTTB,Healthcare,11.17,1166.34,332.52,0.52,2.38,3.71,-1.28,0.72,-4.45,0,0,0,0,0,0,0,0,0,0,0,0,0
2026-09-16,2026-09-15,QTWO,Technology,60.08,794.9,3746.27,1.0,-3.02,-1.69,-1.36,0.0,-0.5,0,0,0,0,0,0,0,0,0,0,0,0,0
2026-09-16,2026-09-15,QUBT,Technology,7.84,9855.58,1774.56,0.48,-1.63,0.26,-1.88,0.12,-4.62,0,0,0,0,0,0,0,0,0,0,0,0,0
2026-09-16,2026-09-15,QURE,Healthcare,43.1,1840.43,2989.69,0.66,-4.07,-3.64,-0.45,0.0,-5.65,0,0,0,0,0,0,0,0,0,0,0,0,0
2026-09-16,2026-09-15,QXO,Industrials,11.44,21465.31,11868.89,1.39,-5.53,-5.22,-0.33,-0.09,-13.66,0,0,0,1,0,0,0,0,0,0,0,0,1
2026-09-16,2026-09-15,RAL,Technology,65.58,1585.54,7255.78,1.12,0.66,0.05,0.61,0.0,1.56,0,0,0,0,0,0,0,0,0,0,0,0,0
2026-09-16,2026-09-15,RAMP,Technology,37.61,1048.22,2286.5,0.72,-0.11,-0.16,0.05,0.0,-0.34,0,0,0,0,0,0,0,0,0,0,0,0,0
2026-09-16,2026-09-15,RARE,Healthcare,13.07,3241.32,1288.55,1.74,-3.97,-3.61,-0.37,0.24,-12.16,0,0,0,0,0,0,0,0,0,0,0,0,0
2026-09-16,2026-09-15,RBA,Industrials,86.11,1592.01,15942.41,1.38,2.48,2.03,0.44,0.0,5.17,0,0,0,0,0,0,0,0,0,0,0,0,0
2026-09-16,2026-09-15,RBLX,Communication Services,50.24,11964.69,35890.25,0.67,-2.05,-0.55,-1.5,-0.08,12.09,0,0,0,0,0,0,0,0,0,0,0,0,0
2026-09-16,2026-09-15,RBRK,Technology,103.55,3380.17,21466.37,1.11,3.34,5.66,-2.2,-1.3,13.01,0,0,0,0,0,0,0,0,0,0,0,0,0
2026-09-16,2026-09-15,RCAT,Industrials,7.97,8908.19,1216.37,0.7,2.12,2.38,-0.26,-0.44,-8.4,0,0,0,0,0,0,0,0,0,0,0,0,0
2026-09-16,2026-09-15,RCI,Communication Services,35.84,1222.17,19361.84,1.2,-2.21,-1.92,-0.3,0.03,-2.79,0,0,0,0,0,0,0,0,0,0,0,0,0
2026-09-16,2026-09-15,RCL,Consumer Cyclical,249.3,2192.72,66861.0,0.86,-2.37,-2.77,0.41,0.26,-5.75,0,0,0,0,0,0,0,0,0,0,0,0,0
2026-09-16,2026-09-15,RCUS,Healthcare,24.32,1366.2,3096.74,1.41,1.04,1.8,-0.75,0.0,-16.31,0,0,0,0,0,0,0,0,0,0,0,0,0
2026-09-16,2026-09-15,RDDT,Communication Services,159.63,5744.55,30712.26,0.89,-1.69,1.1,-2.76,-0.37,6.86,0,0,0,0,0,0,0,0,0,0,0,0,0
2026-09-16,2026-09-15,RDN,Financial,35.36,1176.53,4678.17,2.01,-1.37,-0.87,-0.5,1.05,-1.91,1,0,0,0,0,0,0,0,0,0,0,0,1
2026-09-16,2026-09-15,RDNT,Healthcare,77.12,824.94,6069.17,1.93,2.16,1.97,0.19,0.0,7.16,0,0,0,0,0,0,0,0,0,0,0,0,0
2026-09-16,2026-09-15,RDW,Industrials,10.75,18599.82,2687.42,0.55,2.48,4.07,-1.53,-0.09,-4.27,0,0,0,0,0,0,0,0,0,0,0,0,0
2026-09-16,2026-09-15,RDY,Healthcare,11.55,2840.13,9617.34,1.49,-3.02,-2.12,-0.92,0.0,-2.78,0,0,0,0,0,0,0,0,0,0,0,0,0
2026-09-16,2026-09-15,REAL,Consumer Cyclical,9.44,3146.22,1148.57,0.53,-3.23,-3.28,0.05,1.91,-3.48,0,0,0,0,0,0,0,0,0,0,0,0,0
2026-09-16,2026-09-15,REAX,Real Estate,19.27,645.51,422.42,0.91,-2.73,-2.18,-0.56,0.0,-6.89,0,0,0,0,0,0,0,0,0,0,0,0,0
2026-09-16,2026-09-15,REF,Consumer Cyclical,15.9,616.31,939.37,1.06,9.58,7.58,1.86,-1.82,17.26,0,0,0,1,1,0,0,0,0,0,1,0,1
2026-09-16,2026-09-15,REG,Real Estate,74.05,1357.34,13560.07,0.9,-0.64,-0.58,-0.07,0.0,-2.48,0,0,0,0,0,0,0,0,0,0,0,0,0
2026-09-16,2026-09-15,REGN,Healthcare,774.11,811.69,79698.48,0.67,-2.47,-1.83,-0.66,0.63,-4.47,0,0,0,0,0,0,0,0,0,0,0,0,0
2026-09-16,2026-09-15,RELX,Industrials,34.22,2589.28,59561.28,0.82,-4.2,0.65,-4.82,0.38,-1.38,0,0,0,0,0,0,1,0,0,0,0,0,1
2026-09-16,2026-09-15,RELY,Technology,21.83,3607.75,4621.06,0.83,-1.89,-0.82,-1.08,0.96,-12.08,0,0,0,0,0,0,0,0,0,0,0,0,0
2026-09-16,2026-09-15,REPL,Healthcare,13.03,4565.01,1227.68,0.47,-0.61,0.39,-0.99,-0.23,-11.78,0,0,0,0,0,0,0,0,0,0,0,0,0
2026-09-16,2026-09-15,RES,Energy,6.18,1576.21,1369.84,1.29,1.31,0.32,0.98,0.0,-5.21,0,0,0,0,0,0,0,0,0,0,0,0,0
2026-09-16,2026-09-15,REXR,Real Estate,38.62,2672.72,8611.8,1.75,0.49,0.76,-0.26,0.0,3.18,0,0,0,0,0,0,0,0,0,0,0,0,0
2026-09-16,2026-09-15,REYN,Consumer Cyclical,21.94,1360.64,4624.76,1.05,0.5,0.83,-0.32,0.0,0.32,0,0,0,0,0,0,0,0,0,0,0,0,0
2026-09-16,2026-09-15,REZI,Industrials,18.71,2457.12,2841.06,1.16,-3.71,-2.35,-1.39,1.55,-4.74,0,0,0,0,0,0,0,0,0,0,0,0,0
2026-09-16,2026-09-15,RF,Financial,29.68,9046.85,25285.26,1.08,-1.17,-1.33,0.17,0.0,-1.3,0,0,0,0,0,0,0,0,0,0,0,0,0
2026-09-16,2026-09-15,RGEN,Healthcare,174.73,1106.54,9860.99,0.81,4.01,3.84,0.16,1.86,3.68,0,0,0,0,0,0,0,0,0,0,0,0,0
2026-09-16,2026-09-15,RGLD,Basic Materials,251.16,721.73,21280.25,1.0,1.14,0.83,0.3,0.19,-3.91,0,0,0,0,0,0,0,0,0,0,0,0,0
2026-09-16,2026-09-15,RGNX,Healthcare,7.95,1941.27,524.47,0.74,-8.57,-8.57,0.0,0.69,-9.3,0,0,0,1,1,0,0,0,0,0,0,0,1
2026-09-16,2026-09-15,RGTI,Technology,15.09,22032.82,5036.57,0.56,-1.18,-0.26,-0.92,0.07,-4.55,0,0,0,0,0,0,0,0,0,0,0,0,0
2026-09-16,2026-09-15,RH,Consumer Cyclical,124.83,820.11,2363.42,1.34,-6.96,-6.54,-0.45,0.46,-12.37,0,0,0,1,0,0,0,0,0,0,0,0,1
2026-09-16,2026-09-15,RHI,Industrials,38.3,2264.26,3920.45,1.08,-1.11,0.52,-1.63,0.0,-2.32,0,0,0,0,0,0,0,0,0,0,0,0,0
2026-09-16,2026-09-15,RHP,Real Estate,120.71,727.92,8234.75,0.81,-1.22,-1.28,0.06,0.0,0.04,0,0,0,0,0,0,0,0,0,0,0,0,0
2026-09-16,2026-09-15,RIG,Energy,5.94,40998.3,6634.27,1.68,8.99,7.8,1.1,-0.51,3.12,0,0,0,1,1,0,0,0,0,0,0,0,1
2026-09-16,2026-09-15,RILY,Financial,5.99,681.02,240.8,0.76,-4.01,-3.85,-0.16,0.0,-14.91,0,0,0,0,0,0,0,0,0,0,0,0,0
2026-09-16,2026-09-15,RIO,Basic Materials,97.26,2506.61,122026.29,0.69,-0.39,-0.1,-0.29,-0.27,-6.33,0,0,0,0,0,0,0,0,0,0,0,0,0
2026-09-16,2026-09-15,RIOT,Financial,19.7,18260.04,7392.61,0.75,-5.97,-4.14,-1.91,-0.25,-11.5,0,0,0,1,0,0,0,0,0,0,0,0,1
2026-09-16,2026-09-15,RITM,Real Estate,9.57,5449.24,5343.96,0.89,-2.05,-1.34,-0.72,1.13,-3.82,0,0,0,0,0,0,0,0,0,0,0,0,0
2026-09-16,2026-09-15,RIVN,Consumer Cyclical,15.54,28974.36,22499.76,0.73,-2.02,-1.18,-0.85,0.13,-3.9,0,0,0,0,0,0,0,0,0,0,0,0,0
2026-09-16,2026-09-15,RJF,Financial,168.75,1291.15,32461.04,0.85,-1.2,-0.96,-0.25,0.0,-4.42,0,0,0,0,0,0,0,0,0,0,0,0,0
2026-09-16,2026-09-15,RKLB,Industrials,63.55,21136.35,38032.12,0.97,1.6,-0.2,1.81,-0.33,-3.52,0,0,0,0,0,0,0,0,0,0,0,0,0
2026-09-16,2026-09-15,RKT,Financial,13.19,29809.02,37349.36,0.87,-1.86,-0.45,-1.41,-0.21,-4.49,0,0,0,0,0,0,0,0,0,0,0,0,0
2026-09-16,2026-09-15,RL,Consumer Cyclical,335.23,650.43,19957.94,0.98,-1.82,-1.16,-0.66,0.0,-3.46,0,0,0,0,0,0,0,0,0,0,0,0,0
2026-09-16,2026-09-15,RLAY,Healthcare,18.97,3177.48,4157.12,0.86,-0.47,-0.42,-0.05,-1.42,-0.73,0,0,0,0,0,0,0,0,0,0,0,0,0
2026-09-16,2026-09-15,RLI,Financial,61.38,788.98,5633.02,0.81,0.07,0.21,-0.15,0.0,0.39,0,0,0,0,0,0,0,0,0,0,0,0,0
2026-09-16,2026-09-15,RMBS,Technology,83.11,2786.71,9014.25,0.81,3.38,1.75,1.6,0.17,-4.35,0,0,0,0,0,0,0,0,0,0,0,0,0
2026-09-16,2026-09-15,RMD,Healthcare,229.44,1486.34,33097.26,1.1,2.89,1.36,1.51,0.0,3.8,0,0,0,0,0,0,0,0,0,0,0,0,0
2026-09-16,2026-09-15,RNG,Technology,72.43,1861.3,6048.36,0.71,0.15,1.64,-1.47,-0.01,3.19,0,0,0,0,0,0,0,0,0,0,0,0,0
2026-09-16,2026-09-15,RNST,Financial,40.96,649.01,3743.93,0.78,-0.07,0.1,-0.17,0.0,0.37,0,0,0,0,0,0,0,0,0,0,0,0,0
2026-09-16,2026-09-15,RNW,Utilities,6.83,2236.51,2488.87,0.42,0.0,-0.15,0.15,0.0,-0.44,0,0,0,0,0,0,0,0,0,0,0,0,0
2026-09-16,2026-09-15,ROAD,Industrials,95.04,884.45,5394.05,0.38,-1.93,-2.63,0.72,0.74,-7.82,0,0,0,0,0,0,0,0,0,0,0,0,0
2026-09-16,2026-09-15,ROIV,Healthcare,39.5,6762.48,28531.76,1.2,-3.71,-3.99,0.29,0.05,-4.77,0,0,0,0,0,0,0,0,0,0,0,0,0
2026-09-16,2026-09-15,ROK,Industrials,417.0,824.15,46307.3,1.0,-0.44,-0.86,0.42,0.0,-2.83,0,0,0,0,0,0,0,0,0,0,0,0,0
2026-09-16,2026-09-15,ROKU,Communication Services,156.62,4130.13,23259.42,0.74,-0.53,-0.12,-0.41,0.24,0.82,0,0,0,0,0,0,0,0,0,0,0,0,0
2026-09-16,2026-09-15,ROL,Consumer Cyclical,33.77,5206.07,16248.29,1.29,-4.36,-3.9,-0.48,0.0,-3.38,0,0,0,0,0,0,0,0,0,0,0,0,0
2026-09-16,2026-09-15,ROP,Technology,383.94,914.75,37972.0,0.94,-2.7,-0.81,-1.91,0.0,-2.96,0,0,0,0,0,0,0,0,0,0,0,0,0
2026-09-16,2026-09-15,ROST,Consumer Cyclical,226.26,2686.45,72279.46,0.66,-1.64,-2.05,0.41,0.77,-1.33,0,0,0,0,0,0,0,0,0,0,0,0,0
2026-09-16,2026-09-15,RPC,Financial,7.91,531.69,872.0,1.09,-1.74,-1.62,-0.12,0.0,-4.35,0,0,0,0,0,0,0,0,0,0,0,0,0
2026-09-16,2026-09-15,RPD,Technology,12.46,2437.51,839.81,1.15,-2.58,2.81,-5.24,1.52,19.12,0,0,0,0,0,0,1,1,0,0,1,0,1
2026-09-16,2026-09-15,RPM,Basic Materials,100.6,1170.06,12834.96,0.78,-0.21,-0.48,0.28,0.0,-1.63,0,0,0,0,0,0,0,0,0,0,0,0,0
2026-09-16,2026-09-15,RPRX,Healthcare,58.47,3107.94,33623.25,0.88,-0.98,-0.9,-0.08,0.05,-3.5,0,0,0,0,0,0,0,0,0,0,0,0,0
2026-09-16,2026-09-15,RRC,Energy,41.9,2904.77,9791.17,1.07,2.5,1.82,0.66,0.0,0.02,0,0,0,0,0,0,0,0,0,0,0,0,0
2026-09-16,2026-09-15,RRR,Consumer Cyclical,53.81,767.99,5650.92,1.23,-1.72,-0.94,-0.79,0.0,-4.12,0,0,0,0,0,0,0,0,0,0,0,0,0
2026-09-16,2026-09-15,RRX,Industrials,152.45,1226.55,10151.93,1.45,-0.92,-2.09,1.19,0.7,-6.89,0,0,0,0,0,0,0,0,0,0,0,0,0
2026-09-16,2026-09-15,RSG,Industrials,223.04,1486.68,68297.74,1.09,-1.24,-0.98,-0.27,0.0,0.64,0,0,0,0,0,0,0,0,0,0,0,0,0
2026-09-16,2026-09-15,RSI,Consumer Cyclical,26.07,2827.41,6042.33,1.08,-0.57,-0.53,-0.04,0.0,-3.52,0,0,0,0,0,0,0,0,0,0,0,0,0
2026-09-16,2026-09-15,RSKD,Technology,6.2,1379.1,818.64,0.47,-1.43,-0.16,-1.27,-1.29,0.65,0,0,0,0,0,0,0,0,0,0,0,0,0
2026-09-16,2026-09-15,RTO,Industrials,22.17,1272.13,11149.96,1.45,-1.69,-1.38,-0.31,0.0,-3.9,0,0,0,0,0,0,0,0,0,0,0,0,0
2026-09-16,2026-09-15,RTX,Industrials,195.5,4704.67,263486.73,1.01,0.08,-0.63,0.71,0.0,-1.66,0,0,0,0,0,0,0,0,0,0,0,0,0
2026-09-16,2026-09-15,RUM,Communication Services,8.2,3896.21,4065.64,1.91,2.5,6.49,-3.75,-0.61,-2.26,0,0,0,0,0,0,1,0,0,0,0,0,1
2026-09-16,2026-09-15,RUN,Technology,8.4,9745.38,2023.12,0.76,0.84,1.08,-0.24,0.0,-8.89,0,0,0,0,0,0,0,0,0,0,0,0,0
2026-09-16,2026-09-15,RUSHA,Consumer Cyclical,49.27,730.59,5851.92,0.98,1.32,1.46,-0.14,0.0,-1.06,0,0,0,0,0,0,0,0,0,0,0,0,0
2026-09-16,2026-09-15,RVLV,Consumer Cyclical,20.71,858.94,1472.18,1.0,1.07,0.63,0.44,1.2,2.88,0,0,0,0,0,0,0,0,0,0,0,0,0
2026-09-16,2026-09-15,RVMD,Healthcare,204.86,2221.81,43908.96,0.57,-0.12,-1.02,0.91,0.07,-1.19,0,0,0,0,0,0,0,0,0,0,0,0,0
2026-09-16,2026-09-15,RVTY,Healthcare,140.19,1541.26,15643.3,2.4,9.11,8.95,0.14,-0.85,10.32,1,0,0,1,1,0,0,0,0,0,0,0,1
2026-09-16,2026-09-15,RWAY,Financial,6.6,596.97,276.6,0.7,-1.79,-1.49,-0.3,0.14,0.46,0,0,0,0,0,0,0,0,0,0,0,0,0
2026-09-16,2026-09-15,RXO,Industrials,19.57,1806.15,3227.6,1.08,0.57,0.62,-0.05,0.0,-1.76,0,0,0,0,0,0,0,0,0,0,0,0,0
2026-09-16,2026-09-15,RXST,Healthcare,5.62,1093.46,233.76,0.62,-7.94,-7.11,-0.9,0.0,-12.87,0,0,0,1,0,0,0,0,0,0,0,0,1
2026-09-16,2026-09-15,RY,Financial,204.23,1470.18,283185.31,0.46,-0.45,-0.38,-0.08,0.0,-2.28,0,0,0,0,0,0,0,0,0,0,0,0,0
2026-09-16,2026-09-15,RYAAY,Industrials,51.95,1367.3,26916.85,1.83,-2.28,-2.37,0.09,0.0,-4.45,0,0,0,0,0,0,0,0,0,0,0,0,0
2026-09-16,2026-09-15,RYAM,Basic Materials,8.25,959.92,558.06,0.55,-0.84,-0.72,-0.12,0.0,-3.4,0,0,0,0,0,0,0,0,0,0,0,0,0
2026-09-16,2026-09-15,RYAN,Financial,39.2,2049.6,10027.94,0.87,-1.23,-0.23,-1.01,0.83,-4.09,0,0,0,0,0,0,0,0,0,0,0,0,0
2026-09-16,2026-09-15,RYN,Real Estate,20.42,2920.87,6109.21,1.51,0.84,0.99,-0.15,0.1,-0.1,0,0,0,0,0,0,0,0,0,0,0,0,0
2026-09-16,2026-09-15,RYTM,Healthcare,96.77,752.11,6662.82,1.22,-5.53,-4.81,-0.76,0.0,-4.94,0,0,0,1,0,0,0,0,0,0,0,0,1
2026-09-16,2026-09-15,S,Technology,23.48,7407.39,8172.19,1.35,3.85,5.43,-1.5,-0.28,20.84,0,0,0,0,0,0,0,0,0,0,1,0,1
2026-09-16,2026-09-15,SA,Basic Materials,29.3,676.94,3160.59,0.51,-1.05,-1.31,0.27,1.71,-7.75,0,0,0,0,0,0,0,0,0,0,0,0,0
2026-09-16,2026-09-15,SAIC,Technology,133.74,505.5,5603.39,1.26,1.31,1.8,-0.48,0.0,4.85,0,0,0,0,0,0,0,0,0,0,0,0,0
2026-09-16,2026-09-15,SAIL,Technology,19.98,4100.14,11406.81,1.7,0.5,3.31,-2.72,-0.2,12.31,0,0,0,0,0,0,0,0,0,0,0,0,0
2026-09-16,2026-09-15,SAN,Financial,14.65,12533.43,219868.66,0.55,-0.61,-0.2,-0.41,-0.56,-1.41,0,0,0,0,0,0,0,0,0,0,0,0,0
2026-09-16,2026-09-15,SANM,Technology,191.61,996.31,10269.79,0.42,-2.26,-3.38,1.16,0.73,-6.72,0,0,0,0,0,0,0,0,0,0,0,0,0
2026-09-16,2026-09-15,SAP,Technology,215.67,2750.76,248926.31,0.67,-1.2,0.99,-2.17,-0.23,1.98,0,0,0,0,0,0,0,0,0,0,0,0,0
2026-09-16,2026-09-15,SARO,Industrials,23.27,3519.1,7700.5,1.36,-1.4,-1.23,-0.17,0.0,-4.9,0,0,0,0,0,0,0,0,0,0,0,0,0
2026-09-16,2026-09-15,SATL,Industrials,5.07,5863.41,779.46,0.8,4.54,4.97,-0.41,-0.2,-5.23,0,0,0,0,0,0,0,0,0,0,0,0,0
2026-09-16,2026-09-15,SB,Industrials,8.61,1002.79,876.79,1.85,3.11,2.99,0.12,0.81,-3.58,0,0,0,0,0,0,0,0,0,0,0,0,0
2026-09-16,2026-09-15,SBAC,Real Estate,183.14,1021.05,19428.98,0.86,0.04,0.37,-0.33,0.0,-2.94,0,0,0,0,0,0,0,0,0,0,0,0,0
2026-09-16,2026-09-15,SBCF,Financial,34.29,1011.42,3320.05,0.86,-0.2,0.56,-0.76,0.0,-0.67,0,0,0,0,0,0,0,0,0,0,0,0,0
2026-09-16,2026-09-15,SBET,Financial,8.33,9533.48,1809.48,0.89,-8.96,-5.02,-4.15,-1.2,-5.56,0,0,0,1,1,0,1,0,0,0,0,0,1
2026-09-16,2026-09-15,SBGI,Communication Services,14.11,527.93,1020.41,0.58,-1.95,-1.12,-0.83,2.06,2.25,0,0,0,0,0,0,0,0,1,0,0,0,1
2026-09-16,2026-09-15,SBH,Consumer Cyclical,15.67,1393.69,1467.06,0.83,-2.12,-3.51,1.44,0.83,-3.03,0,0,0,0,0,0,0,0,0,0,0,0,0
2026-09-16,2026-09-15,SBLK,Industrials,31.21,1421.81,3495.06,1.51,1.23,2.16,-0.91,0.0,0.61,0,0,0,0,0,0,0,0,0,0,0,0,0
2026-09-16,2026-09-15,SBRA,Real Estate,20.27,2905.71,5178.23,0.95,-1.12,-0.98,-0.15,1.23,-2.59,0,0,0,0,0,0,0,0,0,0,0,0,0
2026-09-16,2026-09-15,SBS,Utilities,5.24,8224.92,18375.79,0.77,0.38,0.77,-0.38,0.95,-0.57,0,0,0,0,0,0,0,0,0,0,0,0,0
2026-09-16,2026-09-15,SBSW,Basic Materials,11.84,5331.91,8378.46,0.69,-0.59,-0.38,-0.21,0.59,-8.22,0,0,0,0,0,0,0,0,0,0,0,0,0
2026-09-16,2026-09-15,SBUX,Consumer Cyclical,96.58,6918.1,110101.2,0.98,-2.51,-2.35,-0.17,0.37,-5.32,0,0,0,0,0,0,0,0,0,0,0,0,0
2026-09-16,2026-09-15,SCCO,Basic Materials,189.39,1230.34,159910.25,0.64,0.55,-0.32,0.88,0.01,-9.19,0,0,0,0,0,0,0,0,0,0,0,0,0
2026-09-16,2026-09-15,SCHW,Financial,107.79,8790.23,186405.1,1.05,0.45,0.73,-0.28,0.08,0.86,0,0,0,0,0,0,0,0,0,0,0,0,0
2026-09-16,2026-09-15,SCI,Consumer Cyclical,81.2,1120.78,11066.88,0.83,-0.1,0.67,-0.76,0.0,0.26,0,0,0,0,0,0,0,0,0,0,0,0,0
2026-09-16,2026-09-15,SDGR,Healthcare,23.25,1167.35,1739.23,3.25,12.05,11.89,0.14,-0.39,16.08,1,1,0,1,1,1,0,0,0,0,1,0,1
2026-09-16,2026-09-15,SDRL,Energy,49.76,787.3,3100.21,1.39,6.17,6.53,-0.34,1.45,3.22,0,0,0,1,0,0,0,0,0,0,0,0,1
2026-09-16,2026-09-15,SE,Consumer Cyclical,102.65,4389.67,58198.44,0.96,-5.55,-3.59,-2.03,0.36,-9.42,0,0,0,1,0,0,0,0,0,0,0,0,1
2026-09-16,2026-09-15,SECZ,Technology,7.97,1620.26,1301.23,0.72,-2.92,-1.6,-1.34,0.38,-3.39,0,0,0,0,0,0,0,0,0,0,0,0,0
2026-09-16,2026-09-15,SEDG,Technology,35.26,3108.7,2169.39,1.22,-0.2,0.06,-0.25,-0.45,-3.21,0,0,0,0,0,0,0,0,0,0,0,0,0
2026-09-16,2026-09-15,SEI,Energy,61.62,3004.9,4718.03,0.84,0.83,-0.19,1.03,0.41,-3.66,0,0,0,0,0,0,0,0,0,0,0,0,0
2026-09-16,2026-09-15,SEIC,Financial,105.82,707.1,12700.43,1.23,0.29,-0.62,0.92,0.0,-2.56,0,0,0,0,0,0,0,0,0,0,0,0,0
2026-09-16,2026-09-15,SENS,Healthcare,8.88,732.88,469.52,0.6,0.45,0.91,-0.45,0.0,-4.82,0,0,0,0,0,0,0,0,0,0,0,0,0
2026-09-16,2026-09-15,SEZL,Financial,119.07,671.59,4009.68,0.36,-2.06,-2.65,0.61,-0.83,0.61,0,0,0,0,0,0,0,0,0,0,0,0,0
2026-09-16,2026-09-15,SF,Financial,76.82,1202.0,11599.96,0.61,-1.47,-0.87,-0.61,0.0,-4.88,0,0,0,0,0,0,0,0,0,0,0,0,0
2026-09-16,2026-09-15,SFBS,Financial,42.33,607.88,4626.67,1.12,0.07,-0.26,0.33,0.0,-0.87,0,0,0,0,0,0,0,0,0,0,0,0,0
2026-09-16,2026-09-15,SFD,Consumer Defensive,20.08,1491.38,7906.85,1.36,-1.13,-1.23,0.1,-0.4,-8.77,0,0,0,0,0,0,0,0,0,0,0,0,0
2026-09-16,2026-09-15,SFL,Industrials,13.27,1472.56,1996.28,0.91,1.76,1.76,0.0,0.23,5.4,0,0,0,0,0,0,0,0,0,0,0,0,0
2026-09-16,2026-09-15,SFM,Consumer Defensive,73.46,2011.96,6849.97,0.97,-2.17,-1.57,-0.61,0.31,-3.48,0,0,0,0,0,0,0,0,0,0,0,0,0
2026-09-16,2026-09-15,SFNC,Financial,23.2,1406.29,3352.72,0.77,-0.22,0.52,-0.73,0.0,-0.04,0,0,0,0,0,0,0,0,0,0,0,0,0
2026-09-16,2026-09-15,SG,Consumer Cyclical,6.83,5603.83,813.05,0.98,-5.79,-5.14,-0.69,1.42,-1.73,0,0,0,1,0,0,0,0,0,0,0,0,1
2026-09-16,2026-09-15,SGHC,Consumer Cyclical,13.44,2620.78,6828.82,0.87,-3.24,-2.4,-0.86,0.0,-3.59,0,0,0,0,0,0,0,0,0,0,0,0,0
2026-09-16,2026-09-15,SGI,Consumer Cyclical,65.37,3110.63,15050.73,1.17,-4.04,-3.66,-0.4,1.44,-6.02,0,0,0,0,0,0,0,0,0,0,0,0,0
2026-09-16,2026-09-15,SGML,Basic Materials,9.09,1796.47,1023.26,1.28,2.02,-1.2,3.25,0.44,-12.85,0,0,0,0,0,0,1,0,0,0,0,0,1
2026-09-16,2026-09-15,SGMT,Healthcare,10.46,1263.3,644.24,0.68,-3.86,-3.19,-0.69,0.0,-2.33,0,0,0,0,0,0,0,0,0,0,0,0,0
2026-09-16,2026-09-15,SGRY,Healthcare,13.65,1918.07,1787.03,1.0,-2.78,-2.29,-0.5,0.0,-2.22,0,0,0,0,0,0,0,0,0,0,0,0,0
2026-09-16,2026-09-15,SHAK,Consumer Cyclical,58.27,1685.7,2493.89,0.98,-8.25,-7.32,-1.01,0.26,-13.55,0,0,0,1,1,0,0,0,0,0,0,0,1
2026-09-16,2026-09-15,SHAZ,Technology,49.99,1951.69,1789.82,0.84,-3.7,-3.88,0.19,-0.86,-13.26,0,0,0,0,0,0,0,0,0,0,0,0,0
2026-09-16,2026-09-15,SHC,Healthcare,18.98,2682.16,5416.41,0.68,2.48,2.15,0.32,1.32,2.1,0,0,0,0,0,0,0,0,0,0,0,0,0
2026-09-16,2026-09-15,SHEL,Energy,98.95,6460.44,283362.12,0.78,2.59,2.28,0.3,0.43,3.81,0,0,0,0,0,0,0,0,0,0,0,0,0
2026-09-16,2026-09-15,SHLS,Technology,7.06,5445.03,1188.19,0.68,0.14,0.28,-0.14,-0.13,-4.85,0,0,0,0,0,0,0,0,0,0,0,0,0
2026-09-16,2026-09-15,SHO,Real Estate,11.01,2677.92,2047.24,0.76,0.18,0.0,0.18,-0.09,1.38,0,0,0,0,0,0,0,0,0,0,0,0,0
2026-09-16,2026-09-15,SHOE,Consumer Cyclical,13.27,815.03,360.73,2.08,2.79,2.71,0.08,0.0,-0.82,1,0,0,0,0,0,0,0,0,0,0,0,1
2026-09-16,2026-09-15,SHOO,Consumer Cyclical,40.46,1078.93,2960.75,1.12,-4.44,-4.76,0.33,0.0,-6.26,0,0,0,0,0,0,0,0,0,0,0,0,0
2026-09-16,2026-09-15,SHOP,Technology,129.86,9190.14,167083.07,0.67,-3.01,-1.9,-1.13,0.4,-3.16,0,0,0,0,0,0,0,0,0,0,0,0,0
2026-09-16,2026-09-15,SHW,Basic Materials,323.22,2118.84,78464.29,0.59,-0.39,-0.39,-0.0,0.0,-0.88,0,0,0,0,0,0,0,0,0,0,0,0,0
2026-09-16,2026-09-15,SIBN,Healthcare,18.55,573.81,831.39,0.75,-0.8,-0.54,-0.27,-0.27,-0.38,0,0,0,0,0,0,0,0,0,0,0,0,0
2026-09-16,2026-09-15,SIG,Consumer Cyclical,99.87,851.07,3826.74,1.3,-0.87,-0.86,-0.01,-0.44,20.81,0,0,0,0,0,0,0,0,0,0,1,0,1
2026-09-16,2026-09-15,SIGI,Financial,89.34,506.99,5321.9,1.15,-0.09,-0.1,0.01,0.0,-1.72,0,0,0,0,0,0,0,0,0,0,0,0,0
2026-09-16,2026-09-15,SIMO,Technology,239.2,1000.28,8111.27,0.81,1.01,-0.12,1.13,0.0,-12.07,0,0,0,0,0,0,0,0,0,0,0,0,0
2026-09-16,2026-09-15,SION,Healthcare,6.88,1931.56,311.06,1.27,-16.71,-12.58,-4.72,0.29,-5.75,0,0,0,1,1,1,1,0,0,0,0,0,1
2026-09-16,2026-09-15,SIRI,Communication Services,29.52,4055.75,9950.21,0.88,0.51,0.68,-0.17,-0.4,2.5,0,0,0,0,0,0,0,0,0,0,0,0,0
2026-09-16,2026-09-15,SITE,Industrials,87.6,857.66,3824.21,1.95,-1.95,-1.25,-0.71,0.0,-11.98,0,0,0,0,0,0,0,0,0,0,0,0,0
2026-09-16,2026-09-15,SITM,Technology,550.39,507.9,16550.8,0.81,-1.43,-3.25,1.88,-1.37,-8.11,0,0,0,0,0,0,0,0,0,0,0,0,0
2026-09-16,2026-09-15,SJM,Consumer Defensive,121.7,1409.19,13000.38,0.99,0.33,0.75,-0.41,0.0,-2.37,0,0,0,0,0,0,0,0,0,0,0,0,0
2026-09-16,2026-09-15,SKE,Basic Materials,30.62,756.71,3841.59,0.43,0.1,-0.87,0.98,-0.0,-6.53,0,0,0,0,0,0,0,0,0,0,0,0,0
2026-09-16,2026-09-15,SKHY,Technology,174.83,32503.7,1274274.69,0.43,-0.46,-2.47,2.06,-0.18,-5.78,0,0,0,0,0,0,0,0,0,0,0,0,0
2026-09-16,2026-09-15,SKM,Communication Services,35.59,2258.57,13533.1,0.4,-2.01,-1.96,-0.06,0.81,-7.37,0,0,0,0,0,0,0,0,0,0,0,0,0
2026-09-16,2026-09-15,SKT,Real Estate,36.21,970.18,4159.77,0.8,-0.44,-0.25,-0.19,0.0,-2.9,0,0,0,0,0,0,0,0,0,0,0,0,0
2026-09-16,2026-09-15,SKWD,Financial,57.83,551.15,2567.23,0.57,-0.9,-0.27,-0.63,-1.43,2.29,0,0,0,0,0,0,0,0,0,0,0,0,0
2026-09-16,2026-09-15,SKY,Consumer Cyclical,84.64,687.76,4594.27,0.93,1.05,1.69,-0.63,-1.39,0.07,0,0,0,0,0,0,0,0,0,0,0,0,0
2026-09-16,2026-09-15,SLB,Energy,54.2,13776.66,80440.57,0.94,1.65,0.76,0.88,0.0,-5.08,0,0,0,0,0,0,0,0,0,0,0,0,0
2026-09-16,2026-09-15,SLDB,Healthcare,8.37,1534.12,897.48,0.99,-4.23,-3.68,-0.57,0.0,-15.71,0,0,0,0,0,0,0,0,0,0,0,0,0
2026-09-16,2026-09-15,SLDE,Financial,26.48,1214.03,3093.17,1.11,0.95,0.95,0.0,0.11,8.26,0,0,0,0,0,0,0,0,0,0,0,0,0
2026-09-16,2026-09-15,SLF,Financial,80.53,778.76,44844.74,0.38,0.37,0.34,0.04,2.05,1.23,0,0,0,0,0,0,0,0,1,0,0,0,1
2026-09-16,2026-09-15,SLG,Real Estate,51.81,976.01,3958.12,0.74,-0.33,-0.71,0.38,0.0,-1.87,0,0,0,0,0,0,0,0,0,0,0,0,0
2026-09-16,2026-09-15,SLGN,Consumer Cyclical,38.4,1190.27,4058.19,0.71,-1.59,-0.9,-0.69,-0.63,-2.31,0,0,0,0,0,0,0,0,0,0,0,0,0
2026-09-16,2026-09-15,SLM,Financial,26.15,2527.75,4914.81,0.57,-0.95,-0.95,0.0,0.0,-0.49,0,0,0,0,0,0,0,0,0,0,0,0,0
2026-09-16,2026-09-15,SLN,Healthcare,12.46,1047.9,774.39,1.32,-4.59,-4.96,0.38,0.0,-8.98,0,0,0,0,0,0,0,0,0,0,0,0,0
2026-09-16,2026-09-15,SLS,Healthcare,11.29,8433.12,2279.96,0.62,-3.71,-2.67,-1.07,-0.71,-19.13,0,0,0,0,0,0,0,0,0,0,0,0,0
2026-09-16,2026-09-15,SM,Energy,41.29,3818.74,9820.99,1.26,5.79,5.87,-0.08,-0.02,9.35,0,0,0,1,0,0,0,0,0,0,0,0,1
2026-09-16,2026-09-15,SMA,Real Estate,32.09,709.35,1904.3,1.92,-0.37,-0.96,0.59,0.0,-1.56,0,0,0,0,0,0,0,0,0,0,0,0,0
2026-09-16,2026-09-15,SMCI,Technology,35.64,49862.04,23414.25,0.54,-2.99,-2.99,0.0,0.14,-11.48,0,0,0,0,0,0,0,0,0,0,0,0,0
2026-09-16,2026-09-15,SMFG,Financial,26.78,1670.96,168349.8,0.78,-1.69,0.22,-1.91,-0.78,-0.04,0,0,0,0,0,0,0,0,0,0,0,0,0
2026-09-16,2026-09-15,SMG,Basic Materials,56.09,926.6,3265.58,0.89,0.32,-0.28,0.61,1.53,-2.5,0,0,0,0,0,0,0,0,0,0,0,0,0
2026-09-16,2026-09-15,SMMT,Healthcare,17.4,5159.09,13880.85,1.12,-5.54,-4.19,-1.41,-0.57,0.69,0,0,0,1,0,0,0,0,0,0,0,0,1
2026-09-16,2026-09-15,SMPL,Consumer Defensive,9.83,2359.19,869.57,0.8,-1.11,-0.2,-0.91,0.0,-8.64,0,0,0,0,0,0,0,0,0,0,0,0,0
2026-09-16,2026-09-15,SMR,Industrials,8.43,32876.99,3622.57,1.06,-0.94,0.78,-1.7,-0.12,-24.6,0,0,0,0,0,0,0,0,0,0,0,0,0
2026-09-16,2026-09-15,SMTC,Technology,150.91,3341.84,14083.77,0.59,2.62,0.84,1.77,-0.01,-7.2,0,0,0,0,0,0,0,0,0,0,0,0,0
2026-09-16,2026-09-15,SMWB,Technology,8.47,981.52,741.98,0.33,-1.63,0.47,-2.09,0.0,1.07,0,0,0,0,0,0,0,0,0,0,0,0,0
2026-09-16,2026-09-15,SN,Consumer Cyclical,167.09,1670.43,23538.23,1.16,-1.49,-1.39,-0.11,0.38,-4.59,0,0,0,0,0,0,0,0,0,0,0,0,0
2026-09-16,2026-09-15,SNAP,Communication Services,5.83,40299.28,9859.69,1.15,-0.17,-1.35,1.2,0.32,7.37,0,0,0,0,0,0,0,0,0,0,0,0,0
2026-09-16,2026-09-15,SNDA,Healthcare,39.69,604.76,1907.02,0.49,-0.35,-0.53,0.18,0.0,1.61,0,0,0,0,0,0,0,0,0,0,0,0,0
2026-09-16,2026-09-15,SNDK,Technology,1530.9,13835.67,224152.13,0.5,-1.36,-2.47,1.14,-0.12,-11.92,0,0,0,0,0,0,0,0,0,0,0,0,0
2026-09-16,2026-09-15,SNDR,Industrials,34.3,818.43,6012.82,0.89,0.5,0.35,0.15,-0.06,-0.98,0,0,0,0,0,0,0,0,0,0,0,0,0
2026-09-16,2026-09-15,SNDX,Healthcare,18.09,1670.75,1615.38,0.68,-1.42,-0.55,-0.87,0.0,-9.28,0,0,0,0,0,0,0,0,0,0,0,0,0
2026-09-16,2026-09-15,SNEX,Financial,66.86,1213.14,8064.43,0.65,-2.44,-2.14,-0.31,0.0,-3.2,0,0,0,0,0,0,0,0,0,0,0,0,0
2026-09-16,2026-09-15,SNN,Healthcare,28.01,1699.66,11722.47,0.98,-1.37,-0.39,-0.99,0.0,0.5,0,0,0,0,0,0,0,0,0,0,0,0,0
2026-09-16,2026-09-15,SNOW,Technology,322.98,5534.45,113947.35,0.72,-2.82,-0.59,-2.24,0.01,-3.73,0,0,0,0,0,0,0,0,0,0,0,0,0
2026-09-16,2026-09-15,SNPS,Technology,367.7,1910.8,70464.79,1.54,-3.6,-2.82,-0.8,0.18,-6.21,0,0,0,0,0,0,0,0,0,0,0,0,0
2026-09-16,2026-09-15,SNX,Technology,262.48,760.57,20987.58,0.74,0.52,-0.97,1.5,0.42,1.5,0,0,0,0,0,0,0,0,0,0,0,0,0
2026-09-16,2026-09-15,SNY,Healthcare,42.4,3256.65,101059.56,0.82,-2.15,-0.89,-1.27,0.38,-1.75,0,0,0,0,0,0,0,0,0,0,0,0,0
2026-09-16,2026-09-15,SO,Utilities,85.95,5787.15,98873.7,0.88,-1.21,-1.4,0.2,0.0,-3.42,0,0,0,0,0,0,0,0,0,0,0,0,0
2026-09-16,2026-09-15,SOBO,Energy,35.61,717.24,7427.89,0.41,-0.34,-0.11,-0.22,-0.07,-5.77,0,0,0,0,0,0,0,0,0,0,0,0,0
2026-09-16,2026-09-15,SOFI,Financial,17.07,66849.64,22047.11,0.75,-3.29,-2.46,-0.85,0.23,-5.22,0,0,0,0,0,0,0,0,0,0,0,0,0
2026-09-16,2026-09-15,SOLS,Basic Materials,57.16,3383.78,9082.12,0.63,-1.07,-1.89,0.83,1.43,-11.42,0,0,0,0,0,0,0,0,0,0,0,0,0
2026-09-16,2026-09-15,SOLV,Healthcare,90.06,1160.38,15330.35,0.95,0.27,0.58,-0.31,0.0,-0.06,0,0,0,0,0,0,0,0,0,0,0,0,0
2026-09-16,2026-09-15,SON,Consumer Cyclical,48.28,1162.43,4773.68,0.88,-0.08,-0.84,0.77,0.0,-3.19,0,0,0,0,0,0,0,0,0,0,0,0,0
2026-09-16,2026-09-15,SONO,Technology,15.66,1995.91,1852.48,0.84,0.51,0.97,-0.45,-1.98,8.07,0,0,0,0,0,0,0,0,0,0,0,0,0
2026-09-16,2026-09-15,SONY,Technology,23.92,4917.95,140469.48,0.71,-2.25,-0.54,-1.72,0.17,1.66,0,0,0,0,0,0,0,0,0,0,0,0,0
2026-09-16,2026-09-15,SOUN,Technology,6.15,30066.47,2766.75,0.62,-4.95,-2.84,-2.16,0.33,-6.39,0,0,0,0,0,0,0,0,0,0,0,0,0
2026-09-16,2026-09-15,SPCX,Industrials,143.49,104001.81,1947312.8,0.7,-3.15,-3.34,0.2,-0.31,-6.5,0,0,0,0,0,0,0,0,0,0,0,0,0
2026-09-16,2026-09-15,SPG,Real Estate,204.1,1736.16,66038.49,0.61,-0.42,-0.35,-0.07,0.0,-3.67,0,0,0,0,0,0,0,0,0,0,0,0,0
2026-09-16,2026-09-15,SPGI,Financial,412.52,2183.49,121610.89,0.78,-1.44,-0.66,-0.78,0.0,-3.91,0,0,0,0,0,0,0,0,0,0,0,0,0
2026-09-16,2026-09-15,SPHR,Communication Services,144.12,715.28,5175.87,0.51,-2.23,-2.19,-0.03,0.0,1.2,0,0,0,0,0,0,0,0,0,0,0,0,0
2026-09-16,2026-09-15,SPIR,Industrials,11.6,856.35,471.22,0.47,2.29,3.2,-0.88,0.0,-4.45,0,0,0,0,0,0,0,0,0,0,0,0,0
2026-09-16,2026-09-15,SPNT,Financial,24.67,744.58,2865.79,0.86,0.2,0.61,-0.41,0.0,2.15,0,0,0,0,0,0,0,0,0,0,0,0,0
2026-09-16,2026-09-15,SPOT,Communication Services,558.26,1765.2,114935.87,0.84,0.35,1.69,-1.32,0.04,5.6,0,0,0,0,0,0,0,0,0,0,0,0,0
2026-09-16,2026-09-15,SPSC,Technology,82.0,652.59,2951.83,0.57,-1.25,0.36,-1.6,0.0,3.79,0,0,0,0,0,0,0,0,0,0,0,0,0
2026-09-16,2026-09-15,SPT,Technology,11.28,1278.07,683.93,1.8,-3.01,-1.05,-1.98,0.0,7.94,0,0,0,0,0,0,0,0,0,0,0,0,0
2026-09-16,2026-09-15,SPXC,Industrials,178.31,632.83,8930.81,0.72,-2.66,-3.8,1.18,0.05,-9.57,0,0,0,0,0,0,0,0,0,0,0,0,0
2026-09-16,2026-09-15,SQM,Basic Materials,69.29,978.54,9896.0,1.13,-0.63,-0.55,-0.09,-0.19,-8.42,0,0,0,0,0,0,0,0,0,0,0,0,0
2026-09-16,2026-09-15,SR,Utilities,80.22,546.38,4742.35,1.25,-1.4,-1.15,-0.26,0.0,-3.86,0,0,0,0,0,0,0,0,0,0,0,0,0
2026-09-16,2026-09-15,SRAD,Technology,13.31,2305.27,4149.49,1.2,0.83,1.45,-0.61,0.3,4.56,0,0,0,0,0,0,0,0,0,0,0,0,0
2026-09-16,2026-09-15,SRE,Utilities,81.2,3878.4,53096.71,1.01,-2.16,-2.54,0.4,0.01,-5.0,0,0,0,0,0,0,0,0,0,0,0,0,0
2026-09-16,2026-09-15,SRPT,Healthcare,20.72,3409.0,2188.59,0.74,-0.96,-0.43,-0.53,-1.06,-1.05,0,0,0,0,0,0,0,0,0,0,0,0,0
2026-09-16,2026-09-15,SRRK,Healthcare,50.0,1369.43,6089.27,3.83,-3.57,-1.53,-2.07,0.16,-12.92,1,1,0,0,0,0,0,0,0,0,0,0,1
2026-09-16,2026-09-15,SRTA,Healthcare,5.29,1114.14,467.99,0.49,-1.31,-0.38,-0.93,0.0,-0.38,0,0,0,0,0,0,0,0,0,0,0,0,0
2026-09-16,2026-09-15,SSB,Financial,105.74,816.53,10254.09,0.59,-0.35,-0.32,-0.03,0.0,-0.83,0,0,0,0,0,0,0,0,0,0,0,0,0
2026-09-16,2026-09-15,SSL,Basic Materials,15.11,1492.02,9575.96,1.27,4.21,4.28,-0.07,0.0,13.61,0,0,0,0,0,0,0,0,0,0,0,0,0
2026-09-16,2026-09-15,SSNC,Technology,81.29,1789.49,19075.11,0.81,0.09,1.04,-0.95,0.0,1.04,0,0,0,0,0,0,0,0,0,0,0,0,0
2026-09-16,2026-09-15,SSRM,Basic Materials,35.24,3132.18,7185.76,0.51,1.24,0.37,0.86,-0.12,-4.6,0,0,0,0,0,0,0,0,0,0,0,0,0
2026-09-16,2026-09-15,SSYS,Technology,7.52,740.29,658.65,1.2,-0.4,0.0,-0.4,1.06,-3.71,0,0,0,0,0,0,0,0,0,0,0,0,0
2026-09-16,2026-09-15,ST,Technology,41.64,1602.59,6060.11,0.63,0.63,-0.53,1.16,0.0,-2.23,0,0,0,0,0,0,0,0,0,0,0,0,0
2026-09-16,2026-09-15,STAA,Healthcare,22.44,890.2,1125.48,1.21,-2.71,-2.54,-0.17,0.0,-7.1,0,0,0,0,0,0,0,0,0,0,0,0,0
2026-09-16,2026-09-15,STAG,Real Estate,37.15,1627.04,7162.83,0.62,0.46,0.49,-0.03,0.61,-1.09,0,0,0,0,0,0,0,0,0,0,0,0,0
2026-09-16,2026-09-15,STDN,Basic Materials,12.35,1095.67,1933.39,0.3,0.49,1.31,-0.81,1.62,-6.51,0,0,0,0,0,0,0,0,0,0,0,0,0
2026-09-16,2026-09-15,STE,Healthcare,210.28,737.9,20502.32,1.06,-1.58,-1.11,-0.48,0.0,-3.74,0,0,0,0,0,0,0,0,0,0,0,0,0
2026-09-16,2026-09-15,STEP,Financial,49.41,1383.16,5962.64,1.13,-3.89,-3.33,-0.58,0.0,-2.62,0,0,0,0,0,0,0,0,0,0,0,0,0
2026-09-16,2026-09-15,STGW,Communication Services,8.69,1371.9,2124.49,1.25,-1.25,-0.34,-0.91,0.0,0.23,0,0,0,0,0,0,0,0,0,0,0,0,0
2026-09-16,2026-09-15,STLA,Consumer Cyclical,5.11,20572.61,14792.07,1.15,-2.85,-2.85,0.0,0.59,-5.19,0,0,0,0,0,0,0,0,0,0,0,0,0
2026-09-16,2026-09-15,STLD,Basic Materials,239.22,1242.47,34286.95,0.92,2.0,1.27,0.72,0.0,-0.45,0,0,0,0,0,0,0,0,0,0,0,0,0
2026-09-16,2026-09-15,STLN,Healthcare,6.37,1687.78,636.89,0.7,-2.3,-0.78,-1.53,-0.16,0.79,0,0,0,0,0,0,0,0,0,0,0,0,0
2026-09-16,2026-09-15,STM,Technology,47.92,10171.2,42770.52,0.63,0.29,-1.42,1.74,0.38,-7.79,0,0,0,0,0,0,0,0,0,0,0,0,0
2026-09-16,2026-09-15,STNE,Technology,9.67,4826.46,2352.02,0.69,-2.62,-2.62,0.0,1.96,-3.49,0,0,0,0,0,0,0,0,0,0,0,0,0
2026-09-16,2026-09-15,STNG,Energy,85.73,817.64,4293.47,0.9,0.32,0.04,0.28,0.38,4.4,0,0,0,0,0,0,0,0,0,0,0,0,0
2026-09-16,2026-09-15,STOK,Healthcare,28.15,884.45,1816.42,1.23,-4.9,-4.77,-0.14,0.0,-6.32,0,0,0,0,0,0,0,0,0,0,0,0,0
2026-09-16,2026-09-15,STRC,Technology,97.14,2183.32,51674.27,0.95,-1.79,-1.08,-0.72,0.15,-0.92,0,0,0,0,0,0,0,0,0,0,0,0,0
2026-09-16,2026-09-15,STRL,Industrials,459.02,763.68,14040.74,0.65,-2.93,-3.75,0.86,0.6,-8.6,0,0,0,0,0,0,0,0,0,0,0,0,0
2026-09-16,2026-09-15,STT,Financial,185.13,2039.81,50855.53,0.91,-1.61,-1.24,-0.38,0.0,-3.52,0,0,0,0,0,0,0,0,0,0,0,0,0
2026-09-16,2026-09-15,STTK,Healthcare,5.97,1240.49,599.17,0.72,-3.71,-3.4,-0.32,0.0,-8.15,0,0,0,0,0,0,0,0,0,0,0,0,0
2026-09-16,2026-09-15,STUB,Communication Services,5.88,7102.1,2246.69,0.62,-3.45,-2.33,-1.15,1.36,-3.76,0,0,0,0,0,0,0,0,0,0,0,0,0
2026-09-16,2026-09-15,STX,Technology,771.81,4812.44,175504.2,0.84,-4.19,-3.55,-0.66,0.0,-14.66,0,0,0,0,0,0,0,0,0,0,0,0,0
2026-09-16,2026-09-15,STZ,Consumer Defensive,123.62,2170.21,16014.13,0.96,-1.1,-0.34,-0.77,0.08,2.18,0,0,0,0,0,0,0,0,0,0,0,0,0
2026-09-16,2026-09-15,SU,Energy,71.87,4676.4,84061.31,0.91,4.58,4.31,0.26,-0.11,5.86,0,0,0,0,0,0,0,0,0,0,0,0,0
2026-09-16,2026-09-15,SUI,Real Estate,117.13,1687.01,14266.55,0.55,-0.77,-0.82,0.05,0.0,-0.44,0,0,0,0,0,0,0,0,0,0,0,0,0
2026-09-16,2026-09-15,SUJA,Consumer Defensive,9.12,588.37,352.26,0.3,1.9,2.01,-0.11,0.0,-7.79,0,0,0,0,0,0,0,0,0,0,0,0,0
2026-09-16,2026-09-15,SUNB,Industrials,71.89,5026.84,29458.0,0.76,-1.6,-0.44,-1.16,0.0,3.71,0,0,0,0,0,0,0,0,0,0,0,0,0
2026-09-16,2026-09-15,SUPN,Healthcare,41.28,849.5,2403.49,0.79,-0.51,-0.51,0.0,0.0,-2.71,0,0,0,0,0,0,0,0,0,0,0,0,0
2026-09-16,2026-09-15,SUPV,Financial,8.34,590.53,635.42,0.8,-1.53,-0.71,-0.83,0.0,-4.14,0,0,0,0,0,0,0,0,0,0,0,0,0
2026-09-16,2026-09-15,SUZ,Basic Materials,9.23,3179.5,11381.88,0.91,0.33,0.44,-0.11,0.0,0.0,0,0,0,0,0,0,0,0,0,0,0,0,0
2026-09-16,2026-09-15,SVM,Basic Materials,11.4,2952.17,2521.79,0.53,-0.35,-0.26,-0.09,-0.13,-8.29,0,0,0,0,0,0,0,0,0,0,0,0,0
2026-09-16,2026-09-15,SVRA,Healthcare,5.26,1742.54,1080.72,0.75,-1.5,-1.31,-0.19,0.0,-4.88,0,0,0,0,0,0,0,0,0,0,0,0,0
2026-09-16,2026-09-15,SVV,Consumer Cyclical,9.28,1295.12,1431.5,0.91,-5.88,-5.5,-0.41,0.0,-9.29,0,0,0,1,0,0,0,0,0,0,0,0,1
2026-09-16,2026-09-15,SW,Consumer Cyclical,43.71,5175.52,22855.48,0.98,-0.09,-0.79,0.71,0.0,-1.24,0,0,0,0,0,0,0,0,0,0,0,0,0
2026-09-16,2026-09-15,SWBI,Industrials,13.1,710.34,587.4,0.95,-0.76,-0.76,0.0,1.15,-0.98,0,0,0,0,0,0,0,0,0,0,0,0,0
2026-09-16,2026-09-15,SWIM,Industrials,6.27,869.62,737.64,0.99,-2.03,-2.03,0.0,0.0,-7.11,0,0,0,0,0,0,0,0,0,0,0,0,0
2026-09-16,2026-09-15,SWK,Industrials,88.58,1791.13,13377.06,0.94,-0.35,-0.65,0.3,0.0,-5.58,0,0,0,0,0,0,0,0,0,0,0,0,0
2026-09-16,2026-09-15,SWKS,Technology,90.0,6006.93,13542.55,2.16,13.55,11.75,1.61,-0.22,19.4,1,0,0,1,1,1,0,0,0,0,1,0,1
2026-09-16,2026-09-15,SWX,Utilities,86.82,527.51,6289.75,1.56,0.49,0.67,-0.19,0.0,-2.32,0,0,0,0,0,0,0,0,0,0,0,0,0
2026-09-16,2026-09-15,SXC,Basic Materials,9.46,1426.76,802.92,0.73,-0.84,-1.36,0.52,0.0,-7.53,0,0,0,0,0,0,0,0,0,0,0,0,0
2026-09-16,2026-09-15,SYF,Financial,76.06,3522.16,24747.71,0.99,0.24,0.89,-0.65,0.0,-3.26,0,0,0,0,0,0,0,0,0,0,0,0,0
2026-09-16,2026-09-15,SYK,Healthcare,281.5,2618.35,107975.81,1.32,-0.13,0.18,-0.31,0.0,1.83,0,0,0,0,0,0,0,0,0,0,0,0,0
2026-09-16,2026-09-15,SYM,Industrials,42.77,1755.82,25867.37,0.92,2.81,2.81,0.0,0.0,-1.22,0,0,0,0,0,0,0,0,0,0,0,0,0
2026-09-16,2026-09-15,SYNA,Technology,97.32,925.49,3805.89,0.72,2.38,1.06,1.3,-1.87,2.74,0,0,0,0,0,0,0,0,0,0,0,0,0
2026-09-16,2026-09-15,SYRE,Healthcare,90.95,1300.4,8019.41,0.66,0.17,0.14,0.02,0.0,0.18,0,0,0,0,0,0,0,0,0,0,0,0,0
2026-09-16,2026-09-15,SYY,Consumer Defensive,79.6,3301.79,38136.04,4.14,-4.72,-3.06,-1.71,0.0,-0.3,1,1,0,0,0,0,0,0,0,0,0,0,1
2026-09-16,2026-09-15,T,Communication Services,26.72,59777.57,183095.74,0.62,0.79,1.6,-0.79,0.11,4.37,0,0,0,0,0,0,0,0,0,0,0,0,0
2026-09-16,2026-09-15,TAC,Utilities,11.5,1745.92,3637.45,1.22,-2.46,-2.71,0.25,0.0,-7.33,0,0,0,0,0,0,0,0,0,0,0,0,0
2026-09-16,2026-09-15,TAK,Healthcare,18.7,3070.89,59508.45,0.87,0.54,-0.21,0.75,0.0,2.07,0,0,0,0,0,0,0,0,0,0,0,0,0
2026-09-16,2026-09-15,TAL,Consumer Defensive,11.75,4798.71,3925.56,1.23,0.86,1.47,-0.6,0.0,-0.59,0,0,0,0,0,0,0,0,0,0,0,0,0
2026-09-16,2026-09-15,TALO,Energy,18.33,1997.25,3060.48,2.07,3.79,2.12,1.64,0.76,6.82,1,0,0,0,0,0,0,0,0,0,0,0,1
2026-09-16,2026-09-15,TAP,Consumer Defensive,39.27,3026.23,7374.68,1.14,0.49,1.47,-0.97,0.38,1.11,0,0,0,0,0,0,0,0,0,0,0,0,0
2026-09-16,2026-09-15,TARS,Healthcare,78.23,1006.11,3432.97,0.62,-2.15,-2.22,0.08,1.44,-10.31,0,0,0,0,0,0,0,0,0,0,0,0,0
2026-09-16,2026-09-15,TASK,Technology,8.27,712.74,758.25,0.54,0.36,1.35,-0.97,-0.24,8.1,0,0,0,0,0,0,0,0,0,0,0,0,0
2026-09-16,2026-09-15,TBBB,Consumer Defensive,50.79,655.39,5514.96,0.84,-1.28,-1.24,-0.04,0.0,0.02,0,0,0,0,0,0,0,0,0,0,0,0,0
2026-09-16,2026-09-15,TBCVU,Financial,9.92,714.18,305.16,0.38,0.0,-0.1,0.1,,-0.1,0,0,0,0,0,0,0,0,0,0,0,0,0
2026-09-16,2026-09-15,TBPH,Healthcare,17.04,642.81,884.7,0.63,0.06,0.12,-0.06,0.0,-0.12,0,0,0,0,0,0,0,0,0,0,0,0,0
2026-09-16,2026-09-15,TCOM,Consumer Cyclical,39.25,3313.13,25496.02,1.8,0.44,-1.97,2.46,0.07,-3.09,0,0,0,0,0,0,0,0,0,0,0,0,0
2026-09-16,2026-09-15,TD,Financial,121.47,2445.38,205223.57,0.55,0.45,0.79,-0.34,0.0,0.79,0,0,0,0,0,0,0,0,0,0,0,0,0
2026-09-16,2026-09-15,TDAY,Communication Services,6.58,2106.72,966.06,0.92,-0.15,0.61,-0.76,0.0,2.65,0,0,0,0,0,0,0,0,0,0,0,0,0
2026-09-16,2026-09-15,TDC,Technology,29.39,3016.54,2733.27,0.75,0.07,1.38,-1.29,-1.97,5.87,0,0,0,0,0,0,0,0,0,0,0,0,0
2026-09-16,2026-09-15,TDOC,Healthcare,6.58,4591.66,1195.48,0.77,1.23,2.02,-0.77,0.15,5.11,0,0,0,0,0,0,0,0,0,0,0,0,0
2026-09-16,2026-09-15,TDS,Communication Services,37.83,1182.08,4070.51,1.38,0.32,0.48,-0.16,0.0,-0.26,0,0,0,0,0,0,0,0,0,0,0,0,0
2026-09-16,2026-09-15,TDW,Energy,91.79,717.54,4567.13,1.17,3.62,2.65,0.95,0.39,-0.23,0,0,0,0,0,0,0,0,0,0,0,0,0
2026-09-16,2026-09-15,TEAM,Technology,189.81,4470.76,48048.28,0.49,-1.54,1.42,-2.91,-0.26,7.59,0,0,0,0,0,0,0,0,0,0,0,0,0
2026-09-16,2026-09-15,TECH,Healthcare,72.34,4673.79,11344.23,0.63,0.1,0.08,0.01,0.0,0.04,0,0,0,0,0,0,0,0,0,0,0,0,0
2026-09-16,2026-09-15,TECK,Basic Materials,64.65,3200.87,31717.29,0.94,-2.42,-1.37,-1.06,0.0,-10.17,0,0,0,0,0,0,0,0,0,0,0,0,0
2026-09-16,2026-09-15,TEL,Technology,201.42,2343.87,58313.75,0.78,-0.96,-1.38,0.43,0.0,-1.74,0,0,0,0,0,0,0,0,0,0,0,0,0
2026-09-16,2026-09-15,TEM,Healthcare,68.85,6327.21,12422.94,1.3,10.67,11.22,-0.49,-0.9,7.09,0,0,0,1,1,1,0,0,0,0,0,0,1
2026-09-16,2026-09-15,TENB,Technology,38.09,4078.41,4195.23,1.8,8.58,11.96,-3.02,-0.56,13.03,0,0,0,1,1,0,1,0,0,0,0,0,1
2026-09-16,2026-09-15,TER,Technology,332.85,3827.99,52038.01,0.7,1.11,-1.47,2.62,0.27,-10.54,0,0,0,0,0,0,0,0,0,0,0,0,0
2026-09-16,2026-09-15,TEVA,Healthcare,39.25,5161.09,45738.03,1.38,1.37,1.39,-0.03,-0.28,6.77,0,0,0,0,0,0,0,0,0,0,0,0,0
2026-09-16,2026-09-15,TEX,Industrials,58.36,1300.7,6670.54,0.84,-0.55,-1.14,0.6,-0.63,-7.23,0,0,0,0,0,0,0,0,0,0,0,0,0
2026-09-16,2026-09-15,TFC,Financial,50.46,7896.6,61643.26,1.27,0.72,0.54,0.18,0.0,-0.18,0,0,0,0,0,0,0,0,0,0,0,0,0
2026-09-16,2026-09-15,TFPM,Basic Materials,32.57,623.03,6709.42,0.95,-0.12,0.09,-0.21,0.0,-3.72,0,0,0,0,0,0,0,0,0,0,0,0,0
2026-09-16,2026-09-15,TFSL,Financial,17.07,878.61,4787.16,0.62,-0.23,-0.23,0.0,0.0,-1.84,0,0,0,0,0,0,0,0,0,0,0,0,0
2026-09-16,2026-09-15,TFX,Healthcare,129.02,538.4,5466.88,1.49,-0.98,-1.06,0.08,0.0,-5.82,0,0,0,0,0,0,0,0,0,0,0,0,0
2026-09-16,2026-09-15,TGB,Basic Materials,7.98,5541.49,2920.84,0.88,1.79,1.01,0.77,0.25,-10.34,0,0,0,0,0,0,0,0,0,0,0,0,0
2026-09-16,2026-09-15,TGT,Consumer Defensive,154.4,4320.55,70143.41,0.84,-2.71,-2.75,0.04,0.03,-5.11,0,0,0,0,0,0,0,0,0,0,0,0,0
2026-09-16,2026-09-15,TGTX,Healthcare,53.04,2318.64,8118.78,0.76,-1.78,-1.03,-0.76,-0.34,-4.84,0,0,0,0,0,0,0,0,0,0,0,0,0
2026-09-16,2026-09-15,TH,Industrials,18.75,1446.09,1867.93,1.52,1.08,1.08,0.0,0.0,-7.41,0,0,0,0,0,0,0,0,0,0,0,0,0
2026-09-16,2026-09-15,THC,Healthcare,260.85,1110.74,21003.38,0.47,-1.38,-0.78,-0.61,-0.28,0.69,0,0,0,0,0,0,0,0,0,0,0,0,0
2026-09-16,2026-09-15,THO,Consumer Cyclical,71.32,646.96,3712.74,1.24,-2.94,-2.22,-0.73,0.0,-3.79,0,0,0,0,0,0,0,0,0,0,0,0,0
2026-09-16,2026-09-15,TIC,Industrials,9.61,1948.86,2097.1,0.7,1.91,2.02,-0.11,0.1,0.52,0,0,0,0,0,0,0,0,0,0,0,0,0
2026-09-16,2026-09-15,TIGO,Communication Services,95.82,1353.98,16053.68,0.68,0.41,0.04,0.37,-0.13,-0.16,0,0,0,0,0,0,0,0,0,0,0,0,0
2026-09-16,2026-09-15,TILE,Consumer Cyclical,34.37,504.49,1986.6,0.86,-0.17,-0.09,-0.09,0.0,-2.99,0,0,0,0,0,0,0,0,0,0,0,0,0
2026-09-16,2026-09-15,TIMB,Communication Services,19.03,507.48,9091.39,0.5,-0.47,0.0,-0.47,0.0,1.6,0,0,0,0,0,0,0,0,0,0,0,0,0
2026-09-16,2026-09-15,TJX,Consumer Cyclical,124.6,6380.03,137056.76,1.74,-1.1,-1.27,0.17,0.32,-3.35,0,0,0,0,0,0,0,0,0,0,0,0,0
2026-09-16,2026-09-15,TK,Energy,14.19,559.7,1244.34,1.22,0.5,-0.56,1.06,0.0,6.53,0,0,0,0,0,0,0,0,0,0,0,0,0
2026-09-16,2026-09-15,TKC,Communication Services,5.19,2299.45,4520.39,0.79,-2.44,0.0,-2.44,0.86,-1.14,0,0,0,0,0,0,0,0,0,0,0,0,0
2026-09-16,2026-09-15,TKO,Communication Services,190.13,1287.6,35985.85,1.11,-1.85,-1.58,-0.27,0.0,-2.66,0,0,0,0,0,0,0,0,0,0,0,0,0
2026-09-16,2026-09-15,TKR,Industrials,116.54,934.75,8075.85,0.94,0.03,-0.82,0.86,0.27,-5.91,0,0,0,0,0,0,0,0,0,0,0,0,0
2026-09-16,2026-09-15,TLK,Communication Services,15.03,784.5,14816.72,1.38,-1.51,-1.51,0.0,0.0,-0.33,0,0,0,0,0,0,0,0,0,0,0,0,0
2026-09-16,2026-09-15,TLN,Utilities,282.15,856.69,13519.0,1.03,-1.53,-2.55,1.05,0.13,-13.39,0,0,0,0,0,0,0,0,0,0,0,0,0
2026-09-16,2026-09-15,TMDX,Healthcare,88.09,919.63,3054.54,1.03,2.6,1.97,0.62,-0.09,-0.2,0,0,0,0,0,0,0,0,0,0,0,0,0
2026-09-16,2026-09-15,TME,Communication Services,7.89,8742.87,4720.59,0.78,-2.71,-2.71,0.0,0.51,-2.11,0,0,0,0,0,0,0,0,0,0,0,0,0
2026-09-16,2026-09-15,TMO,Healthcare,641.39,1998.32,237152.22,1.51,4.53,4.21,0.3,-0.19,6.36,0,0,0,0,0,0,0,0,0,0,0,0,0
2026-09-16,2026-09-15,TMUS,Communication Services,180.47,4963.59,193585.05,0.73,-1.33,-1.51,0.18,0.57,-0.67,0,0,0,0,0,0,0,0,0,0,0,0,0
2026-09-16,2026-09-15,TNDM,Healthcare,16.28,1878.14,1132.74,1.27,-3.15,-2.28,-0.89,0.0,-18.11,0,0,0,0,0,0,0,0,0,0,0,0,0
2026-09-16,2026-09-15,TNGX,Healthcare,23.89,3039.88,4028.1,0.59,-2.65,-2.69,0.04,0.04,5.24,0,0,0,0,0,0,0,0,0,0,0,0,0
2026-09-16,2026-09-15,TNL,Consumer Cyclical,65.4,721.76,4002.76,1.03,-1.19,-2.32,1.15,0.54,0.91,0,0,0,0,0,0,0,0,0,0,0,0,0
2026-09-16,2026-09-15,TOL,Consumer Cyclical,134.2,981.49,12366.13,1.02,-0.02,-0.18,0.16,0.0,-1.61,0,0,0,0,0,0,0,0,0,0,0,0,0
2026-09-16,2026-09-15,TOST,Technology,31.84,10976.46,18499.04,0.75,-4.36,-3.28,-1.11,0.35,-4.36,0,0,0,0,0,0,0,0,0,0,0,0,0
2026-09-16,2026-09-15,TOWN,Financial,37.58,634.49,3464.32,0.77,0.62,0.54,0.08,0.0,1.38,0,0,0,0,0,0,0,0,0,0,0,0,0
2026-09-16,2026-09-15,TPC,Industrials,85.15,707.35,4476.26,0.54,0.76,-0.4,1.16,0.0,-4.88,0,0,0,0,0,0,0,0,0,0,0,0,0
2026-09-16,2026-09-15,TPG,Financial,47.4,2607.85,18226.48,1.18,-1.21,-0.5,-0.71,0.0,-6.89,0,0,0,0,0,0,0,0,0,0,0,0,0
2026-09-16,2026-09-15,TPR,Consumer Cyclical,117.11,3008.96,23350.76,0.81,-0.68,-0.34,-0.34,0.0,-0.4,0,0,0,0,0,0,0,0,0,0,0,0,0
2026-09-16,2026-09-15,TRAX,Healthcare,38.47,769.16,1374.57,0.68,2.4,3.36,-0.93,0.0,-7.97,0,0,0,0,0,0,0,0,0,0,0,0,0
2026-09-16,2026-09-15,TREX,Industrials,43.63,1913.82,4444.37,0.63,-0.07,-0.23,0.16,0.0,-4.7,0,0,0,0,0,0,0,0,0,0,0,0,0
2026-09-16,2026-09-15,TRGP,Energy,285.68,1239.27,61258.65,0.63,-0.55,-1.12,0.58,0.0,-2.93,0,0,0,0,0,0,0,0,0,0,0,0,0
2026-09-16,2026-09-15,TRI,Industrials,102.61,2043.97,44453.73,0.71,-3.03,-1.38,-1.67,0.12,3.85,0,0,0,0,0,0,0,0,0,0,0,0,0
2026-09-16,2026-09-15,TRIN,Financial,17.79,1028.0,1684.6,0.68,0.23,0.28,-0.06,0.34,-1.6,0,0,0,0,0,0,0,0,0,0,0,0,0
2026-09-16,2026-09-15,TRIP,Consumer Cyclical,9.01,3755.41,1055.97,0.83,-2.38,-1.74,-0.65,0.0,-0.83,0,0,0,0,0,0,0,0,0,0,0,0,0
2026-09-16,2026-09-15,TRLV,Healthcare,11.6,1303.31,2233.76,1.24,-0.17,-0.85,0.69,-0.5,-6.68,0,0,0,0,0,0,0,0,0,0,0,0,0
2026-09-16,2026-09-15,TRMB,Technology,58.8,3236.77,13710.97,0.67,0.1,0.59,-0.49,0.0,0.03,0,0,0,0,0,0,0,0,0,0,0,0,0
2026-09-16,2026-09-15,TRMD,Energy,34.93,785.36,3576.48,10.68,-1.16,7.18,-7.78,-0.63,-0.03,1,1,1,0,0,0,1,1,0,0,0,0,1
2026-09-16,2026-09-15,TRN,Industrials,28.17,700.38,2244.29,0.84,0.32,0.04,0.28,0.0,0.57,0,0,0,0,0,0,0,0,0,0,0,0,0
2026-09-16,2026-09-15,TRNO,Real Estate,65.29,843.8,7114.68,0.78,0.23,0.26,-0.03,0.0,-1.15,0,0,0,0,0,0,0,0,0,0,0,0,0
2026-09-16,2026-09-15,TROW,Financial,104.23,1882.73,22233.91,1.16,-1.48,-0.45,-1.04,0.0,-4.74,0,0,0,0,0,0,0,0,0,0,0,0,0
2026-09-16,2026-09-15,TRP,Energy,61.09,2449.16,61090.0,0.91,-0.15,-0.42,0.28,1.95,-3.72,0,0,0,0,0,0,0,0,0,0,0,0,0
2026-09-16,2026-09-15,TRU,Financial,77.02,2382.36,14757.03,0.93,-2.3,-0.88,-1.43,0.0,-0.81,0,0,0,0,0,0,0,0,0,0,0,0,0
2026-09-16,2026-09-15,TRV,Financial,377.97,1936.6,78835.1,0.57,-0.02,0.13,-0.15,0.0,3.37,0,0,0,0,0,0,0,0,0,0,0,0,0
2026-09-16,2026-09-15,TRVI,Healthcare,15.04,2184.35,2142.84,1.18,-5.35,-5.29,-0.06,0.0,-10.58,0,0,0,1,0,0,0,0,0,0,0,0,1
2026-09-16,2026-09-15,TS,Energy,56.64,1273.9,30359.04,0.84,2.72,0.96,1.74,0.0,-0.53,0,0,0,0,0,0,0,0,0,0,0,0,0
2026-09-16,2026-09-15,TSCO,Consumer Cyclical,33.03,11125.67,17209.96,0.67,-2.36,-1.93,-0.44,0.51,-6.4,0,0,0,0,0,0,0,0,0,0,0,0,0
2026-09-16,2026-09-15,TSEM,Technology,195.12,1768.81,22014.4,0.81,2.09,0.44,1.64,-0.08,-11.24,0,0,0,0,0,0,0,0,0,0,0,0,0
2026-09-16,2026-09-15,TSHA,Healthcare,5.06,3160.13,1648.72,1.63,1.0,1.2,-0.2,0.0,-7.66,0,0,0,0,0,0,0,0,0,0,0,0,0
2026-09-16,2026-09-15,TSLA,Consumer Cyclical,356.58,40353.38,1408329.63,0.75,-0.67,-0.6,-0.06,-0.11,-3.15,0,0,0,0,0,0,0,0,0,0,0,0,0
2026-09-16,2026-09-15,TSLX,Financial,17.86,542.78,1702.83,0.73,-2.14,0.45,-2.58,0.78,-1.0,0,0,0,0,0,0,0,0,0,0,0,0,0
2026-09-16,2026-09-15,TSM,Technology,413.75,12732.3,2145906.1,0.74,-1.02,-1.94,0.94,0.13,-5.75,0,0,0,0,0,0,0,0,0,0,0,0,0
2026-09-16,2026-09-15,TSN,Consumer Defensive,52.55,3262.75,18119.27,1.06,-1.15,-0.66,-0.49,0.0,0.52,0,0,0,0,0,0,0,0,0,0,0,0,0
2026-09-16,2026-09-15,TSSI,Technology,8.16,885.89,230.27,0.75,-3.43,-3.2,-0.24,0.49,-5.77,0,0,0,0,0,0,0,0,0,0,0,0,0
2026-09-16,2026-09-15,TT,Industrials,422.73,1158.99,93010.4,1.38,-0.77,-1.64,0.88,0.0,-5.22,0,0,0,0,0,0,0,0,0,0,0,0,0
2026-09-16,2026-09-15,TTAN,Technology,58.6,2056.29,5653.02,2.22,-0.66,1.42,-2.05,-0.6,-28.17,1,0,0,0,0,0,0,0,0,0,0,0,1
2026-09-16,2026-09-15,TTC,Industrials,93.1,716.36,8813.16,1.37,-0.54,-0.52,-0.02,0.0,-1.74,0,0,0,0,0,0,0,0,0,0,0,0,0
2026-09-16,2026-09-15,TTD,Communication Services,15.0,21419.85,7048.21,0.99,0.2,1.59,-1.37,-0.13,6.99,0,0,0,0,0,0,0,0,0,0,0,0,0
2026-09-16,2026-09-15,TTE,Energy,93.12,1669.08,207116.58,0.62,2.17,1.68,0.48,0.3,3.35,0,0,0,0,0,0,0,0,0,0,0,0,0
2026-09-16,2026-09-15,TTEK,Industrials,36.72,2952.16,9401.95,0.53,0.03,0.6,-0.57,0.0,3.03,0,0,0,0,0,0,0,0,0,0,0,0,0
2026-09-16,2026-09-15,TTI,Energy,6.61,1851.64,978.76,1.08,2.16,1.07,1.08,0.0,-7.29,0,0,0,0,0,0,0,0,0,0,0,0,0
2026-09-16,2026-09-15,TTMI,Technology,112.46,2802.66,11847.53,0.57,-0.67,-2.91,2.31,0.38,-13.06,0,0,0,0,0,0,0,0,0,0,0,0,0
2026-09-16,2026-09-15,TTWO,Communication Services,211.91,2541.13,39623.03,1.01,-4.93,-3.78,-1.2,0.72,-0.65,0,0,0,0,0,0,0,0,0,0,0,0,0
2026-09-16,2026-09-15,TU,Communication Services,9.08,7210.14,14428.12,0.65,-0.87,-0.11,-0.76,0.22,-5.91,0,0,0,0,0,0,0,0,0,0,0,0,0
2026-09-16,2026-09-15,TVTX,Healthcare,62.51,1644.91,5892.26,1.28,-4.99,-4.29,-0.73,0.26,-5.39,0,0,0,0,0,0,0,0,0,0,0,0,0
2026-09-16,2026-09-15,TW,Financial,101.55,1500.72,23765.57,0.57,-2.54,-1.75,-0.81,0.24,-1.41,0,0,0,0,0,0,0,0,0,0,0,0,0
2026-09-16,2026-09-15,TWI,Industrials,7.18,564.86,463.41,0.68,1.13,1.56,-0.42,0.0,-8.88,0,0,0,0,0,0,0,0,0,0,0,0,0
2026-09-16,2026-09-15,TWLO,Technology,242.16,2076.41,37189.77,1.08,4.43,5.28,-0.81,0.14,7.2,0,0,0,0,0,0,0,0,0,0,0,0,0
2026-09-16,2026-09-15,TWST,Healthcare,138.1,1735.93,9091.46,0.74,2.49,3.03,-0.53,-0.23,7.84,0,0,0,0,0,0,0,0,0,0,0,0,0
2026-09-16,2026-09-15,TX,Basic Materials,57.25,591.13,11238.75,0.85,2.31,1.54,0.75,0.32,-1.46,0,0,0,0,0,0,0,0,0,0,0,0,0
2026-09-16,2026-09-15,TXG,Healthcare,74.39,3121.98,9692.36,0.93,6.1,6.07,0.03,0.15,13.4,0,0,0,1,0,0,0,0,0,0,0,0,1
2026-09-16,2026-09-15,TXN,Technology,263.43,7698.81,240576.83,0.57,0.0,-0.63,0.64,0.23,1.74,0,0,0,0,0,0,0,0,0,0,0,0,0
2026-09-16,2026-09-15,TXNM,Utilities,58.2,1311.06,6409.32,1.74,0.9,0.78,0.12,0.0,0.19,0,0,0,0,0,0,0,0,0,0,0,0,0
2026-09-16,2026-09-15,TXRH,Consumer Cyclical,169.68,935.95,11137.95,1.58,-6.32,-5.79,-0.56,-0.21,-7.2,0,0,0,1,0,0,0,0,0,0,0,0,1
2026-09-16,2026-09-15,TXT,Industrials,80.72,1688.09,13882.79,0.91,0.17,-0.2,0.37,0.0,1.48,0,0,0,0,0,0,0,0,0,0,0,0,0
2026-09-16,2026-09-15,TYL,Technology,353.13,888.15,14461.48,0.74,-1.78,0.07,-1.85,0.0,1.53,0,0,0,0,0,0,0,0,0,0,0,0,0
2026-09-16,2026-09-15,TYRA,Healthcare,25.43,874.65,1517.58,1.31,1.44,2.91,-1.44,2.77,-4.86,0,0,0,0,0,0,0,0,1,0,0,0,1
2026-09-16,2026-09-15,U,Technology,43.01,9301.38,18928.22,0.73,-1.01,0.0,-1.01,-0.0,0.61,0,0,0,0,0,0,0,0,0,0,0,0,0
2026-09-16,2026-09-15,UAL,Industrials,106.92,4241.0,34704.5,0.93,-1.87,-2.43,0.57,0.0,-1.21,0,0,0,0,0,0,0,0,0,0,0,0,0
2026-09-16,2026-09-15,UBER,Technology,71.43,19539.79,145900.07,0.79,-1.65,-1.24,-0.42,0.17,-2.32,0,0,0,0,0,0,0,0,0,0,0,0,0
2026-09-16,2026-09-15,UBS,Financial,51.49,1750.89,157649.51,1.17,-2.83,-0.51,-2.33,-0.02,-6.5,0,0,0,0,0,0,0,0,0,0,0,0,0
2026-09-16,2026-09-15,UBSI,Financial,47.86,982.52,6519.14,1.13,0.36,0.27,0.08,-0.02,1.25,0,0,0,0,0,0,0,0,0,0,0,0,0
2026-09-16,2026-09-15,UCB,Financial,35.34,923.05,4261.14,1.19,-0.11,0.63,-0.73,0.0,0.14,0,0,0,0,0,0,0,0,0,0,0,0,0
2026-09-16,2026-09-15,UCTT,Technology,65.66,1310.73,2972.89,0.47,-1.1,-3.01,1.97,0.97,-13.17,0,0,0,0,0,0,0,0,0,0,0,0,0
2026-09-16,2026-09-15,UDR,Real Estate,34.91,3404.73,18228.75,1.87,-1.3,-0.68,-0.62,0.0,-3.32,0,0,0,0,0,0,0,0,0,0,0,0,0
2026-09-16,2026-09-15,UE,Real Estate,20.18,922.35,2689.84,0.96,-1.94,-2.18,0.24,0.0,-3.72,0,0,0,0,0,0,0,0,0,0,0,0,0
2026-09-16,2026-09-15,UEC,Energy,10.18,8648.58,5037.8,0.86,-0.78,-0.49,-0.29,1.47,-14.38,0,0,0,0,0,0,0,0,0,0,0,0,0
2026-09-16,2026-09-15,UGI,Utilities,37.81,1802.51,8110.05,1.43,0.24,1.04,-0.8,-1.55,-1.2,0,0,0,0,0,0,0,0,0,0,0,0,0
2026-09-16,2026-09-15,UGP,Energy,7.44,3584.15,7963.92,0.94,0.0,0.13,-0.13,0.13,-0.13,0,0,0,0,0,0,0,0,0,0,0,0,0
2026-09-16,2026-09-15,UHS,Healthcare,176.85,838.75,10420.72,0.96,2.08,3.05,-0.94,0.0,2.89,0,0,0,0,0,0,0,0,0,0,0,0,0
2026-09-16,2026-09-15,UL,Consumer Defensive,62.44,4113.46,134516.36,0.7,-1.78,-0.17,-1.61,0.0,-1.73,0,0,0,0,0,0,0,0,0,0,0,0,0
2026-09-16,2026-09-15,ULCC,Industrials,5.57,3533.94,1282.3,0.63,-1.07,-1.76,0.71,1.44,-2.79,0,0,0,0,0,0,0,0,0,0,0,0,0
2026-09-16,2026-09-15,ULS,Industrials,64.76,987.58,13074.92,1.21,-6.82,-7.17,0.37,-0.93,-11.52,0,0,0,1,0,0,0,0,0,0,0,0,1
2026-09-16,2026-09-15,ULTA,Consumer Cyclical,544.32,668.93,23273.75,0.88,-0.79,-1.78,1.01,0.0,-0.89,0,0,0,0,0,0,0,0,0,0,0,0,0
2026-09-16,2026-09-15,UMAC,Technology,23.03,4196.21,1150.49,0.48,1.63,0.57,1.06,-1.16,-11.35,0,0,0,0,0,0,0,0,0,0,0,0,0
2026-09-16,2026-09-15,UMBF,Financial,137.46,628.32,10440.09,0.67,-1.65,-1.62,-0.04,0.0,-3.57,0,0,0,0,0,0,0,0,0,0,0,0,0
2026-09-16,2026-09-15,UMC,Technology,21.61,14861.72,54327.97,0.59,-1.32,-1.28,-0.05,0.09,-0.96,0,0,0,0,0,0,0,0,0,0,0,0,0
2026-09-16,2026-09-15,UMH,Real Estate,15.57,640.85,1329.45,0.98,-0.45,-0.26,-0.19,0.51,-1.83,0,0,0,0,0,0,0,0,0,0,0,0,0
2026-09-16,2026-09-15,UNFI,Consumer Defensive,44.81,596.92,2711.86,1.25,-0.93,-0.62,-0.31,0.04,-0.27,0,0,0,0,0,0,0,0,0,0,0,0,0
2026-09-16,2026-09-15,UNH,Healthcare,375.93,5299.89,337432.82,0.83,-1.99,-1.99,0.0,0.0,-6.21,0,0,0,0,0,0,0,0,0,0,0,0,0
2026-09-16,2026-09-15,UNIT,Real Estate,9.78,2286.16,2373.85,1.21,0.62,0.82,-0.21,0.0,-4.59,0,0,0,0,0,0,0,0,0,0,0,0,0
2026-09-16,2026-09-15,UNM,Financial,95.88,1498.94,15178.45,1.85,1.01,1.46,-0.44,0.0,1.92,0,0,0,0,0,0,0,0,0,0,0,0,0
2026-09-16,2026-09-15,UNP,Industrials,283.99,2689.4,168711.5,0.66,-0.38,-0.46,0.08,0.0,-1.55,0,0,0,0,0,0,0,0,0,0,0,0,0
2026-09-16,2026-09-15,UPB,Healthcare,5.48,603.22,300.15,0.7,-5.68,-5.68,0.0,1.82,-11.47,0,0,0,1,0,0,0,0,0,0,0,0,1
2026-09-16,2026-09-15,UPBD,Technology,17.75,995.95,1034.81,0.95,-2.74,-2.85,0.11,0.0,-3.79,0,0,0,0,0,0,0,0,0,0,0,0,0
2026-09-16,2026-09-15,UPS,Industrials,102.35,4824.77,87077.49,0.81,-0.11,-0.57,0.47,0.0,1.86,0,0,0,0,0,0,0,0,0,0,0,0,0
2026-09-16,2026-09-15,UPST,Financial,25.28,4312.06,2460.07,0.73,-3.14,-2.96,-0.19,0.36,-6.3,0,0,0,0,0,0,0,0,0,0,0,0,0
2026-09-16,2026-09-15,UPWK,Communication Services,8.61,3417.84,1076.04,0.68,-0.98,0.29,-1.26,-1.92,3.55,0,0,0,0,0,0,0,0,0,0,0,0,0
2026-09-16,2026-09-15,URBN,Consumer Cyclical,75.91,1166.98,6502.46,0.69,-1.43,-1.77,0.35,0.0,-4.43,0,0,0,0,0,0,0,0,0,0,0,0,0
2026-09-16,2026-09-15,URGN,Healthcare,41.74,822.09,2040.28,0.66,-2.11,-3.49,1.43,0.0,-4.74,0,0,0,0,0,0,0,0,0,0,0,0,0
2026-09-16,2026-09-15,USAR,Basic Materials,15.4,12421.81,5776.18,0.61,-1.97,-0.84,-1.15,0.13,-12.8,0,0,0,0,0,0,0,0,0,0,0,0,0
2026-09-16,2026-09-15,USB,Financial,62.22,7789.34,96941.97,0.87,-0.73,-1.11,0.38,0.0,-0.43,0,0,0,0,0,0,0,0,0,0,0,0,0
2026-09-16,2026-09-15,USFD,Consumer Defensive,92.01,2432.69,19904.59,1.48,-2.94,-2.15,-0.81,0.3,-10.75,0,0,0,0,0,0,0,0,0,0,0,0,0
2026-09-16,2026-09-15,UTHR,Healthcare,500.35,525.65,21460.36,3.05,-0.47,-1.01,0.55,0.01,0.48,1,1,0,0,0,0,0,0,0,0,0,0,1
2026-09-16,2026-09-15,UTI,Consumer Defensive,20.55,1384.67,1132.21,1.4,1.08,1.93,-0.84,1.17,-4.82,0,0,0,0,0,0,0,0,0,0,0,0,0
2026-09-16,2026-09-15,UTZ,Consumer Defensive,14.27,3586.16,2054.34,0.25,0.28,0.28,0.0,0.0,0.42,0,0,0,0,0,0,0,0,0,0,0,0,0
2026-09-16,2026-09-15,UUUU,Energy,11.86,7613.35,3140.22,1.11,-3.89,-3.1,-0.81,-0.02,-18.88,0,0,0,0,0,0,0,0,0,0,0,0,0
2026-09-16,2026-09-15,V,Financial,375.62,7579.35,701300.32,0.66,0.09,0.21,-0.12,0.02,1.89,0,0,0,0,0,0,0,0,0,0,0,0,0
2026-09-16,2026-09-15,VAL,Energy,88.23,1062.67,6126.32,1.97,8.56,7.73,0.78,0.87,3.18,0,0,0,1,1,0,0,0,0,0,0,0,1
2026-09-16,2026-09-15,VALE,Basic Materials,14.47,25225.38,61580.85,0.96,-0.96,-0.69,-0.27,-0.48,-7.01,0,0,0,0,0,0,0,0,0,0,0,0,0
2026-09-16,2026-09-15,VC,Consumer Cyclical,97.67,533.19,2607.34,1.38,-2.34,-2.48,0.14,0.0,-2.97,0,0,0,0,0,0,0,0,0,0,0,0,0
2026-09-16,2026-09-15,VCEL,Healthcare,39.72,559.26,2033.92,1.17,0.3,0.84,-0.53,0.0,1.64,0,0,0,0,0,0,0,0,0,0,0,0,0
2026-09-16,2026-09-15,VCTR,Financial,105.57,568.68,6493.56,2.27,-3.22,-3.21,-0.01,0.0,-6.84,1,0,0,0,0,0,0,0,0,0,0,0,1
2026-09-16,2026-09-15,VCYT,Healthcare,40.14,1327.3,3226.88,1.33,-2.6,-1.69,-0.92,0.0,-5.44,0,0,0,0,0,0,0,0,0,0,0,0,0
2026-09-16,2026-09-15,VECO,Technology,40.88,1039.86,2499.28,0.48,-0.04,-1.15,1.12,0.0,-10.32,0,0,0,0,0,0,0,0,0,0,0,0,0
2026-09-16,2026-09-15,VEEV,Healthcare,266.62,1981.22,43168.13,0.68,0.36,2.23,-1.83,0.0,0.67,0,0,0,0,0,0,0,0,0,0,0,0,0
2026-09-16,2026-09-15,VELO,Technology,9.82,2144.3,315.7,0.41,-1.7,-2.09,0.4,-0.2,-17.89,0,0,0,0,0,0,0,0,0,0,0,0,0
2026-09-16,2026-09-15,VERA,Healthcare,33.67,2194.16,2426.38,4.78,-1.12,-9.34,9.07,0.24,-4.56,1,1,0,0,0,0,1,1,0,0,0,0,1
2026-09-16,2026-09-15,VERX,Technology,12.89,2012.3,2091.0,0.82,-1.53,-0.69,-0.84,0.0,-0.23,0,0,0,0,0,0,0,0,0,0,0,0,0
2026-09-16,2026-09-15,VET,Energy,13.46,1439.73,2058.71,1.96,1.28,0.52,0.75,-1.41,3.22,0,0,0,0,0,0,0,0,0,0,0,0,0
2026-09-16,2026-09-15,VFC,Consumer Cyclical,12.71,7002.39,4996.74,0.81,-2.75,-2.16,-0.61,1.49,-3.71,0,0,0,0,0,0,0,0,0,0,0,0,0
2026-09-16,2026-09-15,VG,Energy,15.29,14680.86,38226.42,0.74,0.13,0.56,-0.43,0.98,3.8,0,0,0,0,0,0,0,0,0,0,0,0,0
2026-09-16,2026-09-15,VGNT,Consumer Cyclical,45.19,1164.51,3201.05,0.54,-1.93,-1.22,-0.72,0.0,-4.64,0,0,0,0,0,0,0,0,0,0,0,0,0
2026-09-16,2026-09-15,VIA,Technology,26.1,915.47,2127.3,0.74,-2.5,-0.57,-1.94,0.0,-1.1,0,0,0,0,0,0,0,0,0,0,0,0,0
2026-09-16,2026-09-15,VIAV,Technology,33.76,6133.42,8330.27,0.67,-0.18,-1.49,1.33,0.06,-12.88,0,0,0,0,0,0,0,0,0,0,0,0,0
2026-09-16,2026-09-15,VICI,Real Estate,24.76,10029.66,27262.68,1.27,-1.12,-0.92,-0.2,0.0,-2.02,0,0,0,0,0,0,0,0,0,0,0,0,0
2026-09-16,2026-09-15,VICR,Technology,183.97,854.64,8482.26,0.68,-0.41,-2.18,1.81,-1.07,-4.84,0,0,0,0,0,0,0,0,0,0,0,0,0
2026-09-16,2026-09-15,VIK,Consumer Cyclical,85.05,2997.2,37945.67,1.21,-1.59,-1.2,-0.39,0.47,-3.44,0,0,0,0,0,0,0,0,0,0,0,0,0
2026-09-16,2026-09-15,VIPS,Consumer Cyclical,12.09,2593.79,4808.19,1.08,-2.81,-2.5,-0.32,0.41,-7.21,0,0,0,0,0,0,0,0,0,0,0,0,0
2026-09-16,2026-09-15,VIR,Healthcare,10.44,1954.21,1766.61,1.17,-3.02,-2.52,-0.51,-1.53,-6.62,0,0,0,0,0,0,0,0,0,0,0,0,0
2026-09-16,2026-09-15,VIRT,Financial,57.94,1305.25,8992.3,1.06,-3.32,-2.33,-1.02,0.0,-8.06,0,0,0,0,0,0,0,0,0,0,0,0,0
2026-09-16,2026-09-15,VISN,Technology,6.73,12138.8,1552.12,0.67,4.1,3.54,0.54,0.0,4.02,0,0,0,0,0,0,0,0,0,0,0,0,0
2026-09-16,2026-09-15,VIST,Energy,78.36,1012.99,8699.53,1.43,2.55,2.11,0.43,1.07,3.3,0,0,0,0,0,0,0,0,0,0,0,0,0
2026-09-16,2026-09-15,VITL,Consumer Defensive,10.01,1744.25,429.74,0.57,-0.2,0.2,-0.4,0.0,-0.69,0,0,0,0,0,0,0,0,0,0,0,0,0
2026-09-16,2026-09-15,VIV,Communication Services,11.89,1368.84,18997.84,1.7,0.0,0.68,-0.67,0.0,0.76,0,0,0,0,0,0,0,0,0,0,0,0,0
2026-09-16,2026-09-15,VKTX,Healthcare,29.95,2216.27,3493.76,1.27,-5.01,-4.04,-1.01,-0.33,-11.07,0,0,0,1,0,0,0,0,0,0,0,0,1
2026-09-16,2026-09-15,VLO,Energy,397.04,2899.68,114318.72,1.25,3.68,3.53,0.15,0.17,3.71,0,0,0,0,0,0,0,0,0,0,0,0,0
2026-09-16,2026-09-15,VLRS,Industrials,6.33,569.82,727.63,0.82,-1.4,-0.94,-0.47,0.47,-6.77,0,0,0,0,0,0,0,0,0,0,0,0,0
2026-09-16,2026-09-15,VLTO,Industrials,95.48,1869.61,23277.39,0.56,-0.85,-0.81,-0.04,0.0,-0.05,0,0,0,0,0,0,0,0,0,0,0,0,0
2026-09-16,2026-09-15,VLY,Financial,13.8,6525.02,7625.96,1.09,-0.29,0.51,-0.79,0.0,-0.86,0,0,0,0,0,0,0,0,0,0,0,0,0
2026-09-16,2026-09-15,VMC,Basic Materials,249.2,1067.5,32291.02,0.72,-0.53,-0.52,-0.01,0.0,-3.52,0,0,0,0,0,0,0,0,0,0,0,0,0
2026-09-16,2026-09-15,VMRK,Real Estate,65.63,4217.96,50783.12,1.68,-1.04,-0.79,-0.26,0.0,-0.85,0,0,0,0,0,0,0,0,0,0,0,0,0
2026-09-16,2026-09-15,VNET,Technology,5.96,4497.63,1666.18,0.63,-3.25,-2.3,-0.97,0.0,-11.7,0,0,0,0,0,0,0,0,0,0,0,0,0
2026-09-16,2026-09-15,VNOM,Energy,45.96,1649.87,16508.6,0.79,2.96,2.16,0.78,-0.65,2.38,0,0,0,0,0,0,0,0,0,0,0,0,0
2026-09-16,2026-09-15,VNT,Technology,32.11,1537.89,4341.27,0.9,-0.74,-1.02,0.28,0.0,-1.41,0,0,0,0,0,0,0,0,0,0,0,0,0
2026-09-16,2026-09-15,VOD,Communication Services,17.68,3946.66,40916.82,0.74,0.86,0.63,0.23,0.11,2.14,0,0,0,0,0,0,0,0,0,0,0,0,0
2026-09-16,2026-09-15,VOR,Healthcare,22.32,1149.87,1320.51,0.63,-3.29,-3.21,-0.09,0.81,-11.08,0,0,0,0,0,0,0,0,0,0,0,0,0
2026-09-16,2026-09-15,VOYA,Financial,102.44,1027.12,9280.69,0.76,-0.68,-0.15,-0.53,0.0,-0.42,0,0,0,0,0,0,0,0,0,0,0,0,0
2026-09-16,2026-09-15,VOYG,Industrials,34.51,1740.68,2106.11,0.8,4.26,3.73,0.51,0.26,-2.54,0,0,0,0,0,0,0,0,0,0,0,0,0
2026-09-16,2026-09-15,VPG,Technology,60.58,564.03,806.95,0.48,0.15,-2.27,2.48,0.69,-6.34,0,0,0,0,0,0,0,0,0,0,0,0,0
2026-09-16,2026-09-15,VRDN,Healthcare,21.83,1893.36,2473.17,0.64,-1.67,-0.68,-0.99,-1.51,-5.78,0,0,0,0,0,0,0,0,0,0,0,0,0
2026-09-16,2026-09-15,VREX,Healthcare,18.47,826.34,778.48,0.66,0.05,0.0,0.05,0.0,-0.11,0,0,0,0,0,0,0,0,0,0,0,0,0
2026-09-16,2026-09-15,VRNS,Technology,47.47,2082.42,5452.43,1.05,-0.02,1.67,-1.66,0.48,4.42,0,0,0,0,0,0,0,0,0,0,0,0,0
2026-09-16,2026-09-15,VRSK,Industrials,180.08,1999.53,23438.5,0.48,-3.72,-2.61,-1.13,0.0,2.62,0,0,0,0,0,0,0,0,0,0,0,0,0
2026-09-16,2026-09-15,VRSN,Technology,297.26,798.72,26842.58,0.61,-0.45,0.66,-1.1,0.0,5.34,0,0,0,0,0,0,0,0,0,0,0,0,0
2026-09-16,2026-09-15,VRT,Industrials,234.61,5951.18,90322.08,0.96,-1.17,-3.46,2.37,0.17,-19.33,0,0,0,0,0,0,0,0,0,0,0,0,0
2026-09-16,2026-09-15,VRTX,Healthcare,514.63,1468.15,130438.6,0.56,-0.94,-1.02,0.08,0.0,-2.7,0,0,0,0,0,0,0,0,0,0,0,0,0
2026-09-16,2026-09-15,VSAT,Technology,70.61,2292.56,9726.94,0.76,-1.44,-2.63,1.23,-0.86,-9.18,0,0,0,0,0,0,0,0,0,0,0,0,0
2026-09-16,2026-09-15,VSH,Technology,31.43,5627.42,4820.72,0.58,2.05,-0.08,2.13,0.19,-0.13,0,0,0,0,0,0,0,0,0,0,0,0,0
2026-09-16,2026-09-15,VSNT,Communication Services,37.49,1853.38,5203.32,0.81,-0.2,0.08,-0.28,0.0,-1.99,0,0,0,0,0,0,0,0,0,0,0,0,0
2026-09-16,2026-09-15,VST,Utilities,141.53,4425.48,47502.45,1.26,0.57,-0.22,0.79,0.01,-6.72,0,0,0,0,0,0,0,0,0,0,0,0,0
2026-09-16,2026-09-15,VSTM,Healthcare,7.34,2485.32,664.73,1.14,-2.26,-1.87,-0.4,-1.36,-9.16,0,0,0,0,0,0,0,0,0,0,0,0,0
2026-09-16,2026-09-15,VSTS,Industrials,13.27,1392.16,1753.76,1.09,2.63,2.95,-0.31,0.98,-2.78,0,0,0,0,0,0,0,0,0,0,0,0,0
2026-09-16,2026-09-15,VSXY,Consumer Cyclical,72.58,1847.29,5789.27,0.84,-2.63,-3.41,0.8,0.1,-7.51,0,0,0,0,0,0,0,0,0,0,0,0,0
2026-09-16,2026-09-15,VTR,Real Estate,88.56,3556.0,46436.11,0.87,-0.61,-0.61,0.0,0.0,-1.46,0,0,0,0,0,0,0,0,0,0,0,0,0
2026-09-16,2026-09-15,VTRS,Healthcare,16.65,9587.23,19124.03,0.71,-0.06,0.12,-0.18,0.0,0.24,0,0,0,0,0,0,0,0,0,0,0,0,0
2026-09-16,2026-09-15,VTS,Energy,18.53,524.53,780.19,0.95,0.11,2.09,-1.94,0.0,2.77,0,0,0,0,0,0,0,0,0,0,0,0,0
2026-09-16,2026-09-15,VVV,Consumer Cyclical,28.26,2085.71,3605.59,2.15,-6.95,-6.79,-0.16,3.1,-7.62,1,0,0,1,0,0,0,0,1,0,0,0,1
2026-09-16,2026-09-15,VVX,Industrials,75.17,662.64,2356.23,1.04,3.03,2.68,0.34,0.0,0.9,0,0,0,0,0,0,0,0,0,0,0,0,0
2026-09-16,2026-09-15,VYX,Technology,7.56,2452.66,1043.81,1.24,-8.47,-7.13,-1.45,0.93,-10.85,0,0,0,1,1,0,0,0,0,0,0,0,1
2026-09-16,2026-09-15,VZ,Communication Services,51.45,25907.37,213763.19,0.72,0.31,0.67,-0.35,0.0,2.06,0,0,0,0,0,0,0,0,0,0,0,0,0
2026-09-16,2026-09-15,W,Consumer Cyclical,103.69,3150.12,14202.23,1.05,-1.05,-0.13,-0.92,-0.04,3.72,0,0,0,0,0,0,0,0,0,0,0,0,0
2026-09-16,2026-09-15,WAB,Industrials,278.12,918.54,46977.48,0.63,-0.11,-0.78,0.68,0.0,-2.23,0,0,0,0,0,0,0,0,0,0,0,0,0
2026-09-16,2026-09-15,WAFD,Financial,33.01,679.31,2443.12,2.32,-1.79,-1.73,-0.06,-0.21,-3.7,1,0,0,0,0,0,0,0,0,0,0,0,1
2026-09-16,2026-09-15,WAL,Financial,79.03,1029.82,8622.24,0.69,-0.19,-0.52,0.33,-0.67,-1.14,0,0,0,0,0,0,0,0,0,0,0,0,0
2026-09-16,2026-09-15,WAT,Healthcare,417.09,823.01,40978.31,1.0,1.73,0.75,0.97,0.35,3.52,0,0,0,0,0,0,0,0,0,0,0,0,0
2026-09-16,2026-09-15,WAY,Healthcare,26.67,2691.88,5113.94,2.11,7.11,-1.33,8.55,0.22,10.02,1,0,0,1,0,0,1,1,0,0,0,0,1
2026-09-16,2026-09-15,WB,Communication Services,6.61,1108.43,1043.39,0.96,-0.45,-0.6,0.15,0.0,-1.34,0,0,0,0,0,0,0,0,0,0,0,0,0
2026-09-16,2026-09-15,WBD,Communication Services,28.03,21277.45,70374.92,0.79,-0.25,0.14,-0.39,0.0,-0.32,0,0,0,0,0,0,0,0,0,0,0,0,0
2026-09-16,2026-09-15,WBI,Energy,31.5,1090.44,3888.87,0.43,-1.04,-0.88,-0.16,0.0,-3.82,0,0,0,0,0,0,0,0,0,0,0,0,0
2026-09-16,2026-09-15,WCC,Industrials,334.46,634.25,16299.2,0.58,-0.67,-1.13,0.46,0.0,-7.14,0,0,0,0,0,0,0,0,0,0,0,0,0
2026-09-16,2026-09-15,WCN,Industrials,159.47,1321.9,40194.41,0.63,-0.97,-1.7,0.75,0.02,-2.26,0,0,0,0,0,0,0,0,0,0,0,0,0
2026-09-16,2026-09-15,WDAY,Technology,190.67,4642.94,45951.47,0.43,-1.82,-0.43,-1.4,0.0,2.36,0,0,0,0,0,0,0,0,0,0,0,0,0
2026-09-16,2026-09-15,WDC,Technology,411.96,8316.48,148528.43,0.95,-3.51,-4.25,0.78,0.21,-13.69,0,0,0,0,0,0,0,0,0,0,0,0,0
2026-09-16,2026-09-15,WDS,Energy,23.98,710.61,45477.11,1.61,1.01,3.36,-2.27,0.08,2.13,0,0,0,0,0,0,0,0,0,0,0,0,0
2026-09-16,2026-09-15,WEAV,Healthcare,7.33,2684.34,586.39,0.51,0.14,0.14,0.0,0.0,0.27,0,0,0,0,0,0,0,0,0,0,0,0,0
2026-09-16,2026-09-15,WEC,Utilities,103.51,2239.07,33728.67,1.4,-1.58,-1.69,0.11,0.0,-3.32,0,0,0,0,0,0,0,0,0,0,0,0,0
2026-09-16,2026-09-15,WELL,Real Estate,232.76,3086.12,167760.59,0.65,-0.62,-0.29,-0.33,0.0,-1.89,0,0,0,0,0,0,0,0,0,0,0,0,0
2026-09-16,2026-09-15,WEN,Consumer Cyclical,7.46,16262.41,1422.4,0.31,-2.23,-1.71,-0.52,0.54,-1.97,0,0,0,0,0,0,0,0,0,0,0,0,0
2026-09-16,2026-09-15,WERN,Industrials,37.56,1090.45,2252.74,0.69,-0.05,-0.03,-0.03,0.0,-5.68,0,0,0,0,0,0,0,0,0,0,0,0,0
2026-09-16,2026-09-15,WES,Energy,47.22,848.73,19510.1,0.96,-1.38,-1.32,-0.06,1.59,-4.47,0,0,0,0,0,0,0,0,0,0,0,0,0
2026-09-16,2026-09-15,WEST,Consumer Defensive,7.84,519.88,765.4,0.37,0.0,0.0,0.0,0.26,-0.13,0,0,0,0,0,0,0,0,0,0,0,0,0
2026-09-16,2026-09-15,WEX,Technology,200.08,670.18,6819.05,0.81,-0.33,0.61,-0.94,0.0,6.8,0,0,0,0,0,0,0,0,0,0,0,0,0
2026-09-16,2026-09-15,WFC,Financial,89.72,14603.08,271313.22,1.09,1.14,-0.88,2.04,0.18,2.0,0,0,0,0,0,0,0,0,0,0,0,0,0
2026-09-16,2026-09-15,WFRD,Energy,85.39,1243.71,6206.86,0.93,1.1,0.21,0.89,0.0,-8.87,0,0,0,0,0,0,0,0,0,0,0,0,0
2026-09-16,2026-09-15,WGO,Consumer Cyclical,27.3,658.28,771.74,0.79,-3.74,-2.88,-0.88,0.18,-8.17,0,0,0,0,0,0,0,0,0,0,0,0,0
2026-09-16,2026-09-15,WGS,Healthcare,94.64,731.92,2822.4,1.14,5.46,6.56,-1.04,0.06,10.21,0,0,0,1,0,0,0,0,0,0,0,0,1
2026-09-16,2026-09-15,WH,Consumer Cyclical,67.48,1334.38,5007.77,1.03,-2.49,-2.15,-0.35,1.22,-3.42,0,0,0,0,0,0,0,0,0,0,0,0,0
2026-09-16,2026-09-15,WHD,Energy,69.85,802.25,5600.53,1.08,4.19,3.44,0.73,0.0,0.47,0,0,0,0,0,0,0,0,0,0,0,0,0
2026-09-16,2026-09-15,WHR,Consumer Cyclical,33.03,2449.45,2153.54,1.68,-2.85,-2.57,-0.29,0.67,-12.18,0,0,0,0,0,0,0,0,0,0,0,0,0
2026-09-16,2026-09-15,WING,Consumer Cyclical,100.84,1200.92,2747.14,2.41,-12.09,-11.37,-0.82,0.81,-7.87,1,0,0,1,1,1,0,0,0,0,0,0,1
2026-09-16,2026-09-15,WIX,Technology,82.58,1559.25,3455.93,0.55,-0.9,1.91,-2.76,-0.38,13.56,0,0,0,0,0,0,0,0,0,0,0,0,0
2026-09-16,2026-09-15,WK,Technology,74.81,869.17,4070.9,1.13,-1.42,0.78,-2.19,0.0,1.49,0,0,0,0,0,0,0,0,0,0,0,0,0
2026-09-16,2026-09-15,WKC,Energy,35.5,1181.69,1815.88,0.79,1.4,0.4,1.0,0.0,0.34,0,0,0,0,0,0,0,0,0,0,0,0,0
2026-09-16,2026-09-15,WLK,Basic Materials,70.02,1037.56,8948.31,0.83,1.54,1.71,-0.17,0.91,-6.33,0,0,0,0,0,0,0,0,0,0,0,0,0
2026-09-16,2026-09-15,WLTH,Technology,10.87,1616.64,1623.56,2.43,2.07,3.03,-0.94,0.64,12.88,1,0,0,0,0,0,0,0,0,0,0,0,1
2026-09-16,2026-09-15,WLY,Communication Services,49.33,572.5,2503.45,1.11,1.86,5.36,-3.32,0.0,1.34,0,0,0,0,0,0,1,0,0,0,0,0,1
2026-09-16,2026-09-15,WM,Industrials,217.25,2120.52,86838.12,0.85,-0.39,0.0,-0.39,0.01,-0.24,0,0,0,0,0,0,0,0,0,0,0,0,0
2026-09-16,2026-09-15,WMB,Energy,71.63,7347.57,87615.49,1.03,-0.44,-1.05,0.61,0.0,-5.54,0,0,0,0,0,0,0,0,0,0,0,0,0
2026-09-16,2026-09-15,WMG,Communication Services,29.05,2056.02,15196.34,1.32,-0.67,0.28,-0.94,0.0,3.64,0,0,0,0,0,0,0,0,0,0,0,0,0
2026-09-16,2026-09-15,WMS,Industrials,127.21,742.79,9592.31,1.01,1.5,1.03,0.46,0.0,-4.83,0,0,0,0,0,0,0,0,0,0,0,0,0
2026-09-16,2026-09-15,WMT,Consumer Defensive,108.09,24238.07,857558.59,0.8,-0.91,-0.48,-0.43,0.15,1.92,0,0,0,0,0,0,0,0,0,0,0,0,0
2026-09-16,2026-09-15,WNC,Industrials,12.49,1107.75,508.81,0.53,0.64,0.89,-0.24,0.0,-8.23,0,0,0,0,0,0,0,0,0,0,0,0,0
2026-09-16,2026-09-15,WOLF,Technology,24.02,4327.17,1271.4,0.48,0.25,0.42,-0.17,0.42,-16.83,0,0,0,0,0,0,0,0,0,0,0,0,0
2026-09-16,2026-09-15,WPC,Real Estate,68.32,1405.2,15564.45,1.31,-1.26,-1.21,-0.04,0.0,-3.17,0,0,0,0,0,0,0,0,0,0,0,0,0
2026-09-16,2026-09-15,WPM,Basic Materials,150.02,2111.07,68133.09,0.63,0.23,-0.05,0.29,-0.58,-3.28,0,0,0,0,0,0,0,0,0,0,0,0,0
2026-09-16,2026-09-15,WRB,Financial,71.28,2007.19,26461.1,1.55,0.58,0.82,-0.24,-0.32,2.16,0,0,0,0,0,0,0,0,0,0,0,0,0
2026-09-16,2026-09-15,WRBY,Healthcare,24.34,2915.64,3008.62,0.99,-5.33,-5.14,-0.19,0.25,-1.7,0,0,0,1,0,0,0,0,0,0,0,0,1
2026-09-16,2026-09-15,WRD,Technology,5.59,2348.32,1736.76,0.99,-1.76,-1.58,-0.18,-0.18,-8.06,0,0,0,0,0,0,0,0,0,0,0,0,0
2026-09-16,2026-09-15,WSBC,Financial,40.39,1305.15,3873.64,0.8,0.02,0.15,-0.12,0.0,-0.32,0,0,0,0,0,0,0,0,0,0,0,0,0
2026-09-16,2026-09-15,WSC,Industrials,18.06,2481.17,3272.31,0.8,-2.27,-2.43,0.16,0.0,-9.11,0,0,0,0,0,0,0,0,0,0,0,0,0
2026-09-16,2026-09-15,WSE,Technology,11.64,1237.13,13935.82,1.29,-4.04,-1.94,-2.14,1.98,-6.2,0,0,0,0,0,0,0,0,0,0,0,0,0
2026-09-16,2026-09-15,WSM,Consumer Cyclical,221.47,1104.62,26084.56,1.4,-3.47,-3.58,0.11,0.0,-2.79,0,0,0,0,0,0,0,0,0,0,0,0,0
2026-09-16,2026-09-15,WST,Healthcare,365.0,687.93,25687.15,1.43,2.76,2.81,-0.05,-0.41,8.07,0,0,0,0,0,0,0,0,0,0,0,0,0
2026-09-16,2026-09-15,WT,Financial,22.1,2741.18,3348.42,1.83,-3.03,-3.28,0.26,0.09,-9.5,0,0,0,0,0,0,0,0,0,0,0,0,0
2026-09-16,2026-09-15,WTFC,Financial,151.47,579.88,10219.07,0.73,-0.34,-0.34,0.0,0.0,-0.6,0,0,0,0,0,0,0,0,0,0,0,0,0
2026-09-16,2026-09-15,WTRG,Utilities,41.48,2202.74,11771.14,1.31,-0.31,-0.26,-0.05,0.0,-1.1,0,0,0,0,0,0,0,0,0,0,0,0,0
2026-09-16,2026-09-15,WTTR,Energy,20.67,1745.57,2665.24,0.71,3.09,1.67,1.4,0.82,-0.62,0,0,0,0,0,0,0,0,0,0,0,0,0
2026-09-16,2026-09-15,WTW,Financial,321.97,562.82,29901.98,0.81,-0.54,0.02,-0.56,0.0,-1.04,0,0,0,0,0,0,0,0,0,0,0,0,0
2026-09-16,2026-09-15,WU,Financial,6.85,9495.67,2136.37,1.13,-2.56,-2.56,0.0,0.88,-2.14,0,0,0,0,0,0,0,0,0,0,0,0,0
2026-09-16,2026-09-15,WULF,Financial,14.49,32932.68,7230.06,0.97,-6.33,-5.73,-0.65,0.35,-18.87,0,0,0,1,0,0,0,0,0,0,0,0,1
2026-09-16,2026-09-15,WWD,Industrials,319.5,705.15,18865.14,0.85,-1.59,-2.91,1.35,0.28,-5.83,0,0,0,0,0,0,0,0,0,0,0,0,0
2026-09-16,2026-09-15,WWW,Consumer Cyclical,19.12,843.87,1569.11,0.8,-2.1,-1.8,-0.31,0.0,-4.64,0,0,0,0,0,0,0,0,0,0,0,0,0
2026-09-16,2026-09-15,WY,Real Estate,22.29,5353.52,16065.21,1.11,0.27,0.13,0.13,0.0,-1.76,0,0,0,0,0,0,0,0,0,0,0,0,0
2026-09-16,2026-09-15,WYFI,Technology,16.82,2816.67,653.43,0.48,-4.38,-3.89,-0.51,0.27,-18.23,0,0,0,0,0,0,0,0,0,0,0,0,0
2026-09-16,2026-09-15,WYNN,Consumer Cyclical,86.71,1556.83,8928.87,1.13,-1.2,-0.9,-0.3,0.59,-5.97,0,0,0,0,0,0,0,0,0,0,0,0,0
2026-09-16,2026-09-15,XE,Industrials,15.02,5812.17,6105.65,0.81,-3.93,-2.69,-1.28,-0.11,-21.54,0,0,0,0,0,0,0,0,0,0,0,0,0
2026-09-16,2026-09-15,XEL,Utilities,72.49,5317.17,45279.74,1.28,-2.25,-1.83,-0.42,0.0,-5.71,0,0,0,0,0,0,0,0,0,0,0,0,0
2026-09-16,2026-09-15,XENE,Healthcare,56.28,1089.5,5450.17,0.54,-3.28,-3.18,-0.1,0.0,-5.49,0,0,0,0,0,0,0,0,0,0,0,0,0
2026-09-16,2026-09-15,XERS,Healthcare,7.49,1870.95,1365.57,0.63,-1.06,-1.06,0.0,0.0,-11.67,0,0,0,0,0,0,0,0,0,0,0,0,0
2026-09-16,2026-09-15,XHR,Real Estate,17.49,790.48,1613.38,1.22,-0.91,-0.46,-0.45,0.0,-1.19,0,0,0,0,0,0,0,0,0,0,0,0,0
2026-09-16,2026-09-15,XIFR,Utilities,11.04,890.39,2131.32,0.66,-1.43,-1.25,-0.18,0.0,-9.88,0,0,0,0,0,0,0,0,0,0,0,0,0
2026-09-16,2026-09-15,XMAX,Consumer Cyclical,8.88,922.52,572.64,0.52,0.51,1.31,-0.79,-1.3,4.17,0,0,0,0,0,0,0,0,0,0,0,0,0
2026-09-16,2026-09-15,XMTR,Industrials,87.58,700.45,5020.68,2.56,3.0,3.75,-0.72,1.2,-5.26,1,0,0,0,0,0,0,0,0,0,0,0,1
2026-09-16,2026-09-15,XNCR,Healthcare,23.75,1178.77,1765.89,1.54,-3.18,-2.74,-0.45,-0.13,-6.24,0,0,0,0,0,0,0,0,0,0,0,0,0
2026-09-16,2026-09-15,XNDU,Technology,7.8,1772.98,2374.26,0.99,-2.74,-2.5,-0.25,0.64,-18.67,0,0,0,0,0,0,0,0,0,0,0,0,0
2026-09-16,2026-09-15,XOM,Energy,169.32,15359.38,696228.99,0.8,2.57,2.39,0.17,0.02,5.39,0,0,0,0,0,0,0,0,0,0,0,0,0
2026-09-16,2026-09-15,XP,Financial,19.53,5554.02,10097.31,0.96,-0.33,-0.05,-0.28,-1.79,-2.3,0,0,0,0,0,0,0,0,0,0,0,0,0
2026-09-16,2026-09-15,XPEV,Consumer Cyclical,10.23,7395.16,8003.44,1.25,-4.48,-1.82,-2.71,0.2,-6.4,0,0,0,0,0,0,0,0,0,0,0,0,0
2026-09-16,2026-09-15,XPO,Industrials,178.24,1089.85,20869.5,0.94,-1.25,-1.54,0.29,0.0,-6.22,0,0,0,0,0,0,0,0,0,0,0,0,0
2026-09-16,2026-09-15,XPRO,Energy,17.43,1055.13,1958.25,1.04,1.34,0.93,0.41,0.0,-3.7,0,0,0,0,0,0,0,0,0,0,0,0,0
2026-09-16,2026-09-15,XRAY,Healthcare,9.83,4964.49,1959.65,0.99,-5.3,-4.38,-0.96,2.75,-10.56,0,0,0,1,0,0,0,0,1,0,0,0,1
2026-09-16,2026-09-15,XXI,Consumer Defensive,5.38,1539.97,3504.95,1.09,-7.08,-3.24,-3.97,-0.93,-8.19,0,0,0,1,0,0,1,0,0,0,0,0,1
2026-09-16,2026-09-15,XYL,Industrials,107.5,2045.02,25099.84,1.17,0.01,0.48,-0.47,0.0,-1.2,0,0,0,0,0,0,0,0,0,0,0,0,0
2026-09-16,2026-09-15,XYZ,Technology,78.31,5017.97,47048.41,0.71,-1.48,-1.29,-0.2,-0.01,-2.23,0,0,0,0,0,0,0,0,0,0,0,0,0
2026-09-16,2026-09-15,YELP,Communication Services,21.14,1181.08,1147.13,0.8,-3.16,-1.81,-1.37,0.0,0.86,0,0,0,0,0,0,0,0,0,0,0,0,0
2026-09-16,2026-09-15,YETI,Consumer Cyclical,39.39,1456.24,2875.03,1.2,-3.53,-2.98,-0.56,0.54,-3.31,0,0,0,0,0,0,0,0,0,0,0,0,0
2026-09-16,2026-09-15,YEXT,Technology,6.39,1153.32,632.47,0.84,-1.39,1.03,-2.39,0.0,0.16,0,0,0,0,0,0,0,0,0,0,0,0,0
2026-09-16,2026-09-15,YMM,Technology,8.06,6754.83,7516.03,0.58,-1.1,-0.86,-0.25,0.0,-4.39,0,0,0,0,0,0,0,0,0,0,0,0,0
2026-09-16,2026-09-15,YOU,Technology,41.58,1574.25,5625.28,2.67,-1.56,-1.7,0.14,-0.69,-4.63,1,0,0,0,0,0,0,0,0,0,0,0,1
2026-09-16,2026-09-15,YPF,Energy,57.61,1351.67,22655.71,1.21,2.27,2.36,-0.09,0.07,8.51,0,0,0,0,0,0,0,0,0,0,0,0,0
2026-09-16,2026-09-15,YSS,Industrials,7.77,2345.35,1067.27,1.12,0.78,0.91,-0.13,1.67,-12.99,0,0,0,0,0,0,0,0,0,0,0,0,0
2026-09-16,2026-09-15,YUM,Consumer Cyclical,140.77,2531.86,38416.29,0.88,-3.8,-2.76,-1.07,0.38,-5.85,0,0,0,0,0,0,0,0,0,0,0,0,0
2026-09-16,2026-09-15,YUMC,Consumer Cyclical,41.69,1615.59,14277.08,0.76,-2.62,-1.7,-0.93,0.46,-3.81,0,0,0,0,0,0,0,0,0,0,0,0,0
2026-09-16,2026-09-15,Z,Communication Services,32.52,3793.52,7339.31,0.46,-1.99,-1.12,-0.87,0.43,0.49,0,0,0,0,0,0,0,0,0,0,0,0,0
2026-09-16,2026-09-15,ZBH,Healthcare,98.41,2200.98,18770.5,1.64,1.94,2.04,-0.1,0.0,4.45,0,0,0,0,0,0,0,0,0,0,0,0,0
2026-09-16,2026-09-15,ZBIO,Healthcare,31.93,836.26,2081.09,0.86,0.06,-0.41,0.47,0.0,-3.39,0,0,0,0,0,0,0,0,0,0,0,0,0
2026-09-16,2026-09-15,ZBRA,Technology,342.73,746.75,16214.78,0.66,-2.58,-2.57,-0.01,0.0,-2.78,0,0,0,0,0,0,0,0,0,0,0,0,0
2026-09-16,2026-09-15,ZD,Communication Services,59.21,630.21,2030.14,1.55,3.24,3.55,-0.3,0.07,6.24,0,0,0,0,0,0,0,0,0,0,0,0,0
2026-09-16,2026-09-15,ZETA,Technology,31.04,8568.17,7791.46,0.39,0.1,1.94,-1.81,-0.66,0.81,0,0,0,0,0,0,0,0,0,0,0,0,0
2026-09-16,2026-09-15,ZG,Communication Services,33.18,1200.57,7344.38,0.47,-1.92,-1.19,-0.74,-0.15,0.45,0,0,0,0,0,0,0,0,0,0,0,0,0
2026-09-16,2026-09-15,ZGN,Consumer Cyclical,11.6,1186.13,6623.8,0.94,-0.26,0.78,-1.03,0.0,-3.57,0,0,0,0,0,0,0,0,0,0,0,0,0
2026-09-16,2026-09-15,ZIM,Industrials,29.57,1487.79,3563.76,0.49,-0.5,0.14,-0.64,0.1,-1.7,0,0,0,0,0,0,0,0,0,0,0,0,0
2026-09-16,2026-09-15,ZION,Financial,67.99,1529.8,9923.37,1.99,-1.72,-1.93,0.22,-0.03,-0.56,0,0,0,0,0,0,0,0,0,0,0,0,0
2026-09-16,2026-09-15,ZLAB,Healthcare,24.8,974.89,2797.69,0.96,0.9,1.29,-0.39,0.0,-2.4,0,0,0,0,0,0,0,0,0,0,0,0,0
2026-09-16,2026-09-15,ZM,Technology,93.07,3390.42,27156.31,1.16,-2.4,-1.75,-0.66,-0.1,-3.49,0,0,0,0,0,0,0,0,0,0,0,0,0
2026-09-16,2026-09-15,ZS,Technology,193.89,3004.43,31614.68,1.36,1.13,2.99,-1.81,-0.33,19.73,0,0,0,0,0,0,0,0,0,0,1,0,1
2026-09-16,2026-09-15,ZTO,Industrials,20.42,1742.67,11185.06,1.28,-2.3,-1.16,-1.15,0.0,-2.02,0,0,0,0,0,0,0,0,0,0,0,0,0
2026-09-16,2026-09-15,ZTS,Healthcare,73.43,6180.19,30343.01,0.66,-0.33,0.71,-1.03,0.0,-0.18,0,0,0,0,0,0,0,0,0,0,0,0,0
2026-09-16,2026-09-15,ZVRA,Healthcare,11.65,1262.56,691.82,0.73,-3.32,-5.55,2.37,-0.82,-8.09,0,0,0,0,0,0,0,0,0,0,0,0,0
2026-09-16,2026-09-15,ZWS,Industrials,46.18,970.37,7659.61,0.69,0.2,-0.04,0.24,0.0,-2.43,0,0,0,0,0,0,0,0,0,0,0,0,0
2026-09-16,2026-09-15,ZYME,Healthcare,26.05,605.76,1862.81,0.91,-2.98,-2.1,-0.89,2.0,-7.33,0,0,0,0,0,0,0,0,1,0,0,0,1
2026-09-17,2026-09-16,A,Healthcare,153.69,2185.05,43329.65,1.15,2.28,1.9,0.37,-1.1,6.18,0,0,0,0,0,0,0,0,0,0,0,0,0
2026-09-17,2026-09-16,AA,Basic Materials,46.26,5359.49,12208.45,0.67,-0.56,-1.76,1.23,0.13,-8.81,0,0,0,0,0,0,0,0,0,0,0,0,0
2026-09-17,2026-09-16,AADX,Industrials,12.69,1338.66,2187.67,1.67,3.85,0.87,2.95,0.08,6.28,0,0,0,0,0,0,0,0,0,0,0,0,0
2026-09-17,2026-09-16,AAL,Industrials,12.7,97300.09,8407.02,1.41,-0.55,-1.63,1.1,0.24,-1.85,0,0,0,0,0,0,0,0,0,0,0,0,0
2026-09-17,2026-09-16,AAOI,Technology,96.74,10272.55,8213.83,0.69,1.52,-1.49,3.05,2.13,-10.37,0,0,0,0,0,0,1,0,1,0,0,0,1
2026-09-17,2026-09-16,AAON,Industrials,75.56,1110.69,6230.19,0.91,1.67,1.15,0.51,1.24,-1.9,0,0,0,0,0,0,0,0,0,0,0,0,0
2026-09-17,2026-09-16,AAP,Consumer Cyclical,41.9,1930.92,2530.76,0.87,-3.61,-3.68,0.07,1.19,-3.41,0,0,0,0,0,0,0,0,0,0,0,0,0
2026-09-17,2026-09-16,AAPL,Technology,332.41,53592.56,4851251.32,0.67,0.32,-0.04,0.36,0.02,5.41,0,0,0,0,0,0,0,0,0,0,0,0,0
2026-09-17,2026-09-16,AAUC,Basic Materials,20.94,670.81,2917.99,0.71,-0.76,-2.38,1.66,-0.0,-8.92,0,0,0,0,0,0,0,0,0,0,0,0,0
2026-09-17,2026-09-16,ABBV,Healthcare,262.51,6389.82,463885.98,0.49,-0.2,0.2,-0.4,-0.0,4.62,0,0,0,0,0,0,0,0,0,0,0,0,0
2026-09-17,2026-09-16,ABCL,Healthcare,11.67,7428.79,3781.63,0.61,2.28,2.01,0.26,0.43,5.61,0,0,0,0,0,0,0,0,0,0,0,0,0
2026-09-17,2026-09-16,ABEO,Healthcare,5.37,1458.3,307.08,1.31,-1.83,-2.54,0.73,0.56,-7.25,0,0,0,0,0,0,0,0,0,0,0,0,0
2026-09-17,2026-09-16,ABNB,Consumer Cyclical,167.51,4397.74,100302.59,0.72,-0.48,0.01,-0.5,-0.01,-1.25,0,0,0,0,0,0,0,0,0,0,0,0,0
2026-09-17,2026-09-16,ABSI,Healthcare,8.04,4445.8,1379.78,0.59,1.26,0.25,1.01,0.12,-7.05,0,0,0,0,0,0,0,0,0,0,0,0,0
2026-09-17,2026-09-16,ABT,Healthcare,102.36,10758.48,177122.04,0.49,0.32,0.46,-0.14,0.0,-2.73,0,0,0,0,0,0,0,0,0,0,0,0,0
2026-09-17,2026-09-16,ABTC,Financial,8.14,1656.53,592.75,0.71,1.88,-0.12,2.0,-0.98,0.12,0,0,0,0,0,0,0,0,0,0,0,0,0
2026-09-17,2026-09-16,ABUS,Healthcare,5.05,3153.96,1000.44,1.27,-0.2,-0.2,0.0,0.36,-2.32,0,0,0,0,0,0,0,0,0,0,0,0,0
2026-09-17,2026-09-16,ABVX,Healthcare,102.23,1438.55,8929.79,1.32,-4.15,-3.9,-0.26,0.33,-14.42,0,0,0,0,0,0,0,0,0,0,0,0,0
2026-09-17,2026-09-16,ABX,Financial,9.21,596.91,900.66,0.72,-1.29,-2.44,1.18,0.0,-4.26,0,0,0,0,0,0,0,0,0,0,0,0,0
2026-09-17,2026-09-16,ACA,Industrials,145.14,812.61,7127.36,0.93,-0.01,-0.09,0.08,0.08,-0.17,0,0,0,0,0,0,0,0,0,0,0,0,0
2026-09-17,2026-09-16,ACAD,Healthcare,27.54,1668.6,4745.3,0.84,2.91,2.95,-0.04,0.04,-0.51,0,0,0,0,0,0,0,0,0,0,0,0,0
2026-09-17,2026-09-16,ACGL,Financial,96.97,2242.81,33088.98,2.36,-0.07,0.86,-0.93,0.15,0.89,1,0,0,0,0,0,0,0,0,0,0,0,1
2026-09-17,2026-09-16,ACHC,Healthcare,28.16,2567.64,2621.71,0.48,2.85,2.47,0.37,0.43,-0.11,0,0,0,0,0,0,0,0,0,0,0,0,0
2026-09-17,2026-09-16,ACHR,Industrials,5.22,34696.73,4019.52,0.81,-4.57,-4.92,0.37,0.0,-5.09,0,0,0,0,0,0,0,0,0,0,0,0,0
2026-09-17,2026-09-16,ACHV,Healthcare,7.42,1853.44,763.54,1.01,1.37,-0.13,1.5,-0.27,-1.59,0,0,0,0,0,0,0,0,0,0,0,0,0
2026-09-17,2026-09-16,ACI,Consumer Defensive,12.56,8584.53,6095.69,0.76,-2.18,-1.57,-0.62,-0.32,5.99,0,0,0,0,0,0,0,0,0,0,0,0,0
2026-09-17,2026-09-16,ACIW,Technology,51.58,1025.86,5207.27,0.63,0.57,1.88,-1.29,0.23,-0.73,0,0,0,0,0,0,0,0,0,0,0,0,0
2026-09-17,2026-09-16,ACM,Industrials,62.81,2014.71,8083.42,0.81,-2.1,-3.07,1.0,0.08,-1.89,0,0,0,0,0,0,0,0,0,0,0,0,0
2026-09-17,2026-09-16,ACMR,Technology,64.82,1211.02,4514.66,0.58,1.38,-1.31,2.72,0.57,-12.2,0,0,0,0,0,0,0,0,0,0,0,0,0
2026-09-17,2026-09-16,ACN,Technology,189.64,8392.61,116048.71,0.4,-1.94,-0.21,-1.74,-0.23,7.87,0,0,0,0,0,0,0,0,0,0,0,0,0
2026-09-17,2026-09-16,ACRS,Healthcare,5.32,2091.97,783.09,2.76,-3.71,-3.97,0.27,0.56,-4.32,1,0,0,0,0,0,0,0,0,0,0,0,1
2026-09-17,2026-09-16,ACVA,Consumer Cyclical,10.42,6098.2,1769.4,1.98,-0.1,-0.19,0.1,-0.1,41.38,0,0,0,0,0,0,0,0,0,0,1,1,1
2026-09-17,2026-09-16,ADBE,Technology,250.5,5766.24,99573.75,0.78,-2.82,-1.12,-1.71,0.18,-1.71,0,0,0,0,0,0,0,0,0,0,0,0,0
2026-09-17,2026-09-16,ADC,Real Estate,68.5,1321.41,8519.98,1.3,-2.24,-2.35,0.11,0.29,-5.63,0,0,0,0,0,0,0,0,0,0,0,0,0
2026-09-17,2026-09-16,ADEA,Technology,24.97,1260.61,2753.7,1.04,0.28,0.0,0.28,0.08,-6.79,0,0,0,0,0,0,0,0,0,0,0,0,0
2026-09-17,2026-09-16,ADI,Technology,362.04,4222.83,175432.08,0.73,0.19,-1.02,1.23,0.34,-0.83,0,0,0,0,0,0,0,0,0,0,0,0,0
2026-09-17,2026-09-16,ADIG,Technology,20.99,1075.79,1593.63,0.71,2.69,3.25,-0.54,0.0,1.6,0,0,0,0,0,0,0,0,0,0,0,0,0
2026-09-17,2026-09-16,ADM,Consumer Defensive,85.0,3730.83,40966.56,1.12,-1.86,-0.83,-1.04,0.16,-1.79,0,0,0,0,0,0,0,0,0,0,0,0,0
2026-09-17,2026-09-16,ADMA,Healthcare,8.9,2688.13,1993.47,1.03,3.37,3.61,-0.23,0.67,-5.82,0,0,0,0,0,0,0,0,0,0,0,0,0
2026-09-17,2026-09-16,ADNT,Consumer Cyclical,18.23,971.45,1405.48,0.79,-0.76,-1.51,0.76,0.0,-0.49,0,0,0,0,0,0,0,0,0,0,0,0,0
2026-09-17,2026-09-16,ADP,Technology,273.19,2462.51,108528.21,1.01,-1.21,-0.04,-1.17,-1.09,3.01,0,0,0,0,0,0,0,0,0,0,0,0,0
2026-09-17,2026-09-16,ADPT,Healthcare,27.67,2773.66,4416.02,1.81,3.71,2.14,1.54,1.84,13.31,0,0,0,0,0,0,0,0,0,0,0,0,0
2026-09-17,2026-09-16,ADSK,Technology,220.31,2461.17,46044.79,0.77,-2.73,-1.01,-1.74,0.61,6.63,0,0,0,0,0,0,0,0,0,0,0,0,0
2026-09-17,2026-09-16,ADT,Industrials,7.03,7770.68,5135.83,0.84,-0.99,-0.85,-0.14,-0.11,-0.28,0,0,0,0,0,0,0,0,0,0,0,0,0
2026-09-17,2026-09-16,ADTN,Technology,7.09,2043.81,577.7,0.61,0.14,-1.39,1.55,-1.27,-1.53,0,0,0,0,0,0,0,0,0,0,0,0,0
2026-09-17,2026-09-16,AEE,Utilities,103.04,1621.0,28525.93,0.67,0.02,-0.61,0.63,0.16,-3.02,0,0,0,0,0,0,0,0,0,0,0,0,0
2026-09-17,2026-09-16,AEG,Financial,9.02,4879.91,13319.83,0.78,-0.44,-0.44,0.0,0.33,-0.44,0,0,0,0,0,0,0,0,0,0,0,0,0
2026-09-17,2026-09-16,AEHR,Technology,84.25,2718.84,2751.57,0.86,3.27,-0.06,3.33,2.67,-11.84,0,0,0,0,0,0,1,0,1,0,0,0,1
2026-09-17,2026-09-16,AEIS,Industrials,252.22,735.1,10101.52,0.76,0.66,-1.24,1.92,0.38,-11.66,0,0,0,0,0,0,0,0,0,0,0,0,0
2026-09-17,2026-09-16,AEM,Basic Materials,195.57,2942.28,99639.01,0.62,-0.68,-2.7,2.08,0.14,-3.46,0,0,0,0,0,0,0,0,0,0,0,0,0
2026-09-17,2026-09-16,AEO,Consumer Cyclical,14.81,5448.33,2481.76,0.98,0.0,-0.07,0.07,0.61,-12.31,0,0,0,0,0,0,0,0,0,0,0,0,0
2026-09-17,2026-09-16,AEP,Utilities,120.69,4315.78,65703.32,0.94,0.07,-0.14,0.2,-0.15,-3.19,0,0,0,0,0,0,0,0,0,0,0,0,0
2026-09-17,2026-09-16,AER,Industrials,142.21,1091.83,21961.5,1.15,2.81,1.77,1.02,0.0,0.86,0,0,0,0,0,0,0,0,0,0,0,0,0
2026-09-17,2026-09-16,AES,Utilities,14.81,7645.98,10566.02,1.06,0.07,-0.07,0.14,-0.14,-0.07,0,0,0,0,0,0,0,0,0,0,0,0,0
2026-09-17,2026-09-16,AESI,Energy,13.57,3194.79,1696.3,0.92,-0.44,-0.95,0.51,1.99,-6.93,0,0,0,0,0,0,0,0,0,0,0,0,0
2026-09-17,2026-09-16,AEVA,Technology,14.4,1822.09,1003.76,0.71,1.48,1.19,0.28,0.0,-7.81,0,0,0,0,0,0,0,0,0,0,0,0,0
2026-09-17,2026-09-16,AFL,Financial,116.81,2210.77,58561.91,1.12,-0.63,-0.36,-0.27,-0.2,1.8,0,0,0,0,0,0,0,0,0,0,0,0,0
2026-09-17,2026-09-16,AFRM,Financial,71.58,4372.87,24152.62,0.91,-0.71,-1.23,0.53,0.24,5.03,0,0,0,0,0,0,0,0,0,0,0,0,0
2026-09-17,2026-09-16,AG,Basic Materials,18.33,10364.19,9035.04,1.12,-1.66,-3.83,2.25,0.0,-13.46,0,0,0,0,0,0,0,0,0,0,0,0,0
2026-09-17,2026-09-16,AGCO,Industrials,119.89,943.65,8396.11,0.91,-3.15,-3.1,-0.06,0.0,-5.51,0,0,0,0,0,0,0,0,0,0,0,0,0
2026-09-17,2026-09-16,AGEN,Healthcare,7.21,4242.99,324.6,0.16,0.7,-0.55,1.26,0.0,5.1,0,0,0,0,0,0,0,0,0,0,0,0,0
2026-09-17,2026-09-16,AGI,Basic Materials,34.45,4644.27,14420.77,1.2,-2.05,-4.31,2.36,0.29,-6.72,0,0,0,0,0,0,0,0,0,0,0,0,0
2026-09-17,2026-09-16,AGIO,Healthcare,32.95,1101.41,1967.18,0.78,0.43,0.18,0.24,0.0,-4.85,0,0,0,0,0,0,0,0,0,0,0,0,0
2026-09-17,2026-09-16,AGNC,Real Estate,9.88,18739.59,11712.56,2.1,-0.8,-1.3,0.5,1.41,-5.99,1,0,0,0,0,0,0,0,0,0,0,0,1
2026-09-17,2026-09-16,AGRO,Consumer Defensive,11.62,848.99,1676.86,1.06,0.52,1.22,-0.69,0.43,-6.74,0,0,0,0,0,0,0,0,0,0,0,0,0
2026-09-17,2026-09-16,AHCO,Healthcare,5.91,2734.63,805.79,0.93,1.55,1.55,0.0,0.0,3.68,0,0,0,0,0,0,0,0,0,0,0,0,0
2026-09-17,2026-09-16,AHR,Real Estate,53.14,3352.69,11666.46,1.05,0.09,0.23,-0.13,-0.06,-1.17,0,0,0,0,0,0,0,0,0,0,0,0,0
2026-09-17,2026-09-16,AI,Technology,10.56,5348.53,1697.83,0.84,-2.13,-1.77,-0.37,0.19,1.73,0,0,0,0,0,0,0,0,0,0,0,0,0
2026-09-17,2026-09-16,AIG,Financial,76.07,3799.91,39776.48,1.17,0.12,0.96,-0.83,0.07,1.39,0,0,0,0,0,0,0,0,0,0,0,0,0
2026-09-17,2026-09-16,AIP,Technology,20.87,797.21,1025.8,0.68,2.25,0.53,1.71,0.62,-7.94,0,0,0,0,0,0,0,0,0,0,0,0,0
2026-09-17,2026-09-16,AJG,Financial,243.78,1534.36,62480.81,0.77,-1.72,-0.99,-0.74,0.0,-0.2,0,0,0,0,0,0,0,0,0,0,0,0,0
2026-09-17,2026-09-16,AKAM,Technology,104.48,3577.54,15015.51,0.7,-0.87,-0.86,-0.01,0.5,-5.66,0,0,0,0,0,0,0,0,0,0,0,0,0
2026-09-17,2026-09-16,ALAB,Technology,269.18,4745.77,46698.72,0.76,6.59,5.47,1.07,1.46,-10.43,0,0,0,1,0,0,0,0,0,0,0,0,1
2026-09-17,2026-09-16,ALB,Basic Materials,109.47,2336.32,12918.01,1.18,-3.51,-3.97,0.48,0.34,-13.06,0,0,0,0,0,0,0,0,0,0,0,0,0
2026-09-17,2026-09-16,ALC,Healthcare,66.3,1917.81,31963.23,0.89,-2.15,-1.32,-0.84,0.96,-3.11,0,0,0,0,0,0,0,0,0,0,0,0,0
2026-09-17,2026-09-16,ALGM,Technology,33.02,2769.27,6154.99,0.62,-0.72,-3.22,2.59,1.42,-7.87,0,0,0,0,0,0,0,0,0,0,0,0,0
2026-09-17,2026-09-16,ALGN,Healthcare,150.45,952.45,10687.95,0.99,2.35,1.53,0.8,-0.01,-1.62,0,0,0,0,0,0,0,0,0,0,0,0,0
2026-09-17,2026-09-16,ALGT,Industrials,78.64,555.46,2149.84,1.17,0.61,-0.94,1.57,0.0,2.7,0,0,0,0,0,0,0,0,0,0,0,0,0
2026-09-17,2026-09-16,ALH,Consumer Cyclical,21.55,1099.87,4283.9,0.95,2.13,1.22,0.9,-0.19,-0.92,0,0,0,0,0,0,0,0,0,0,0,0,0
2026-09-17,2026-09-16,ALHC,Healthcare,8.71,5479.27,1806.76,4.44,-16.01,-15.44,-0.68,0.13,-33.15,1,1,0,1,1,1,0,0,0,0,0,0,1
2026-09-17,2026-09-16,ALIT,Technology,11.9,834.96,320.58,0.51,0.25,-0.42,0.67,0.0,-5.18,0,0,0,0,0,0,0,0,0,0,0,0,0
2026-09-17,2026-09-16,ALK,Industrials,39.68,2789.46,4428.41,0.91,-0.58,-3.45,2.98,-0.02,-1.68,0,0,0,0,0,0,0,0,0,0,0,0,0
2026-09-17,2026-09-16,ALKS,Healthcare,46.07,1888.55,7728.85,0.98,0.09,-1.22,1.33,0.0,1.48,0,0,0,0,0,0,0,0,0,0,0,0,0
2026-09-17,2026-09-16,ALKT,Technology,18.94,1641.18,2025.48,0.63,-1.61,-0.11,-1.51,0.11,1.55,0,0,0,0,0,0,0,0,0,0,0,0,0
2026-09-17,2026-09-16,ALL,Financial,254.85,1745.34,64440.85,0.82,-0.92,-0.4,-0.52,-0.24,0.5,0,0,0,0,0,0,0,0,0,0,0,0,0
2026-09-17,2026-09-16,ALLE,Industrials,152.81,1337.51,12994.47,0.78,-1.16,-1.55,0.39,0.0,0.71,0,0,0,0,0,0,0,0,0,0,0,0,0
2026-09-17,2026-09-16,ALLY,Financial,40.31,3081.4,12262.29,1.84,-3.05,-2.77,-0.29,0.4,-3.63,0,0,0,0,0,0,0,0,0,0,0,0,0
2026-09-17,2026-09-16,ALM,Basic Materials,13.47,6546.95,3885.84,0.8,-4.06,-6.0,2.07,2.08,-26.51,0,0,0,0,0,0,0,0,1,0,0,0,1
2026-09-17,2026-09-16,ALMS,Healthcare,7.94,2230.73,1059.95,2.15,-5.48,-6.04,0.6,1.39,-18.98,1,0,0,1,0,0,0,0,0,0,0,0,1
2026-09-17,2026-09-16,ALMU,Technology,13.43,519.19,258.74,3.01,2.28,-2.33,4.72,-16.68,0.98,1,1,0,0,0,0,1,0,1,1,0,0,1
2026-09-17,2026-09-16,ALNY,Healthcare,239.36,1841.85,32028.55,0.46,0.46,-0.06,0.52,1.68,-7.22,0,0,0,0,0,0,0,0,0,0,0,0,0
2026-09-17,2026-09-16,ALOY,Basic Materials,8.15,2770.79,565.76,0.85,-3.72,-4.57,0.89,0.35,-14.57,0,0,0,0,0,0,0,0,0,0,0,0,0
2026-09-17,2026-09-16,ALSN,Consumer Cyclical,118.64,1048.41,9797.06,0.6,-3.07,-3.7,0.65,0.0,-7.41,0,0,0,0,0,0,0,0,0,0,0,0,0
2026-09-17,2026-09-16,ALV,Consumer Cyclical,115.87,657.82,8485.99,0.74,-0.28,-1.36,1.09,-0.29,-2.79,0,0,0,0,0,0,0,0,0,0,0,0,0
2026-09-17,2026-09-16,ALVO,Healthcare,5.1,933.81,1991.2,4.14,1.59,-5.56,7.57,2.55,-2.11,1,1,0,0,0,0,1,1,1,0,0,0,1
2026-09-17,2026-09-16,AM,Energy,21.16,2366.94,10044.11,0.9,-0.8,-0.94,0.14,0.28,-7.36,0,0,0,0,0,0,0,0,0,0,0,0,0
2026-09-17,2026-09-16,AMAT,Technology,415.38,8853.35,329644.49,0.62,-1.37,-3.34,2.03,0.88,-11.4,0,0,0,0,0,0,0,0,0,0,0,0,0
2026-09-17,2026-09-16,AMBA,Technology,62.77,1817.27,2770.73,0.63,-2.42,-3.76,1.39,1.15,-8.76,0,0,0,0,0,0,0,0,0,0,0,0,0
2026-09-17,2026-09-16,AMBQ,Technology,59.9,568.11,1448.65,0.64,-1.56,-4.27,2.83,0.15,-6.07,0,0,0,0,0,0,0,0,0,0,0,0,0
2026-09-17,2026-09-16,AMCR,Consumer Cyclical,41.97,3606.05,19404.65,0.83,-1.15,-1.5,0.35,1.0,-2.69,0,0,0,0,0,0,0,0,0,0,0,0,0
2026-09-17,2026-09-16,AMCX,Communication Services,12.14,625.74,500.78,0.66,-0.41,-0.57,0.16,0.0,5.02,0,0,0,0,0,0,0,0,0,0,0,0,0
2026-09-17,2026-09-16,AMD,Technology,512.5,25212.95,836643.42,0.88,1.65,-0.95,2.62,1.17,-1.65,0,0,0,0,0,0,0,0,0,0,0,0,0
2026-09-17,2026-09-16,AME,Industrials,232.19,1249.35,53232.17,1.09,-0.96,-1.02,0.06,0.0,-1.73,0,0,0,0,0,0,0,0,0,0,0,0,0
2026-09-17,2026-09-16,AMGN,Healthcare,376.35,2658.48,203466.86,0.9,0.19,-0.18,0.36,-0.1,-3.81,0,0,0,0,0,0,0,0,0,0,0,0,0
2026-09-17,2026-09-16,AMH,Real Estate,31.38,2206.51,11290.99,2.06,-0.76,-0.73,-0.03,0.0,-2.67,1,0,0,0,0,0,0,0,0,0,0,0,1
2026-09-17,2026-09-16,AMKR,Technology,46.28,5408.43,11498.38,0.67,-0.22,-3.06,2.93,0.89,-9.87,0,0,0,0,0,0,0,0,0,0,0,0,0
2026-09-17,2026-09-16,AMLX,Healthcare,32.63,2452.2,4095.49,0.56,-1.57,-1.27,-0.3,0.0,0.71,0,0,0,0,0,0,0,0,0,0,0,0,0
2026-09-17,2026-09-16,AMN,Healthcare,34.92,780.64,1352.45,0.71,2.25,2.49,-0.23,0.0,1.63,0,0,0,0,0,0,0,0,0,0,0,0,0
2026-09-17,2026-09-16,AMP,Financial,540.86,583.32,47775.91,1.05,-3.3,-2.87,-0.45,-0.14,-2.0,0,0,0,0,0,0,0,0,0,0,0,0,0
2026-09-17,2026-09-16,AMPL,Technology,13.47,2151.05,1682.61,0.54,0.75,1.89,-1.12,0.0,8.72,0,0,0,0,0,0,0,0,0,0,0,0,0
2026-09-17,2026-09-16,AMPX,Industrials,9.1,6062.13,1329.34,0.82,-0.66,-1.73,1.09,0.11,-7.8,0,0,0,0,0,0,0,0,0,0,0,0,0
2026-09-17,2026-09-16,AMRC,Industrials,22.86,665.24,1213.09,0.68,2.28,-0.17,2.46,0.79,0.26,0,0,0,0,0,0,0,0,0,0,0,0,0
2026-09-17,2026-09-16,AMRX,Healthcare,18.08,1915.94,5773.92,2.67,8.59,8.59,0.0,0.44,4.81,1,0,0,1,1,0,0,0,0,0,0,0,1
2026-09-17,2026-09-16,AMRZ,Basic Materials,38.4,3553.15,21255.8,1.01,-2.54,-2.66,0.13,0.26,-6.27,0,0,0,0,0,0,0,0,0,0,0,0,0
2026-09-17,2026-09-16,AMSC,Industrials,27.81,765.93,1347.18,0.96,0.4,-1.59,2.02,0.76,-5.12,0,0,0,0,0,0,0,0,0,0,0,0,0
2026-09-17,2026-09-16,AMT,Real Estate,176.39,2843.53,82190.69,0.83,-0.74,-0.56,-0.18,0.18,0.55,0,0,0,0,0,0,0,0,0,0,0,0,0
2026-09-17,2026-09-16,AMTM,Industrials,19.88,2101.83,4860.79,0.65,-1.29,-1.05,-0.25,0.55,2.95,0,0,0,0,0,0,0,0,0,0,0,0,0
2026-09-17,2026-09-16,AMX,Communication Services,22.98,2315.0,70332.59,0.92,-0.95,-0.86,-0.09,0.0,-0.52,0,0,0,0,0,0,0,0,0,0,0,0,0
2026-09-17,2026-09-16,AMZN,Consumer Cyclical,245.96,46774.24,2653001.98,0.71,-0.99,-0.86,-0.13,0.44,-2.55,0,0,0,0,0,0,0,0,0,0,0,0,0
2026-09-17,2026-09-16,ANAB,Healthcare,54.31,587.94,1608.03,0.67,-0.68,-0.24,-0.44,0.0,-2.5,0,0,0,0,0,0,0,0,0,0,0,0,0
2026-09-17,2026-09-16,ANET,Technology,197.54,7209.35,249142.3,0.62,2.44,0.05,2.39,0.73,2.39,0,0,0,0,0,0,0,0,0,0,0,0,0
2026-09-17,2026-09-16,ANF,Consumer Cyclical,139.89,1535.97,5936.15,0.92,3.49,3.22,0.26,-1.35,-8.02,0,0,0,0,0,0,0,0,0,0,0,0,0
2026-09-17,2026-09-16,ANGI,Communication Services,5.29,827.31,214.55,1.27,6.01,5.17,0.8,-0.38,12.08,0,0,0,1,0,0,0,0,0,0,0,0,1
2026-09-17,2026-09-16,ANGX,Communication Services,5.3,1455.28,989.81,1.59,0.57,0.0,0.57,0.94,7.51,0,0,0,0,0,0,0,0,0,0,0,0,0
2026-09-17,2026-09-16,ANRO,Healthcare,30.0,556.42,1177.26,0.99,-0.83,-1.64,0.83,0.0,-11.95,0,0,0,0,0,0,0,0,0,0,0,0,0
2026-09-17,2026-09-16,AON,Financial,300.57,1483.07,63758.54,2.15,-1.35,-0.93,-0.42,0.14,-1.35,1,0,0,0,0,0,0,0,0,0,0,0,1
2026-09-17,2026-09-16,AORT,Healthcare,25.02,713.89,1219.88,0.96,-1.42,-1.22,-0.2,-0.48,-0.79,0,0,0,0,0,0,0,0,0,0,0,0,0
2026-09-17,2026-09-16,AOS,Industrials,56.89,1627.61,7731.84,0.83,-0.58,-0.96,0.38,0.23,-1.63,0,0,0,0,0,0,0,0,0,0,0,0,0
2026-09-17,2026-09-16,AOSL,Technology,24.7,656.38,747.4,0.82,-0.24,-1.4,1.17,0.08,-3.18,0,0,0,0,0,0,0,0,0,0,0,0,0
2026-09-17,2026-09-16,APA,Energy,44.79,5572.23,15692.24,1.64,-5.53,-3.55,-2.05,0.18,-0.11,0,0,0,1,0,0,0,0,0,0,0,0,1
2026-09-17,2026-09-16,APAM,Financial,36.33,853.51,2945.37,0.83,-1.09,-1.22,0.14,0.0,-9.65,0,0,0,0,0,0,0,0,0,0,0,0,0
2026-09-17,2026-09-16,APD,Basic Materials,287.08,1209.36,63928.56,1.21,-1.2,-1.2,0.0,0.0,-2.76,0,0,0,0,0,0,0,0,0,0,0,0,0
2026-09-17,2026-09-16,APG,Industrials,36.76,3023.63,16033.26,0.99,-0.57,-1.66,1.11,0.0,-3.29,0,0,0,0,0,0,0,0,0,0,0,0,0
2026-09-17,2026-09-16,APGE,Healthcare,135.07,2766.03,10223.45,0.0,0.0,0.0,0.0,,,0,0,0,0,0,0,0,0,0,0,0,0,0
2026-09-17,2026-09-16,APH,Technology,77.26,13650.07,190520.61,0.65,-0.5,-2.23,1.76,0.48,-5.02,0,0,0,0,0,0,0,0,0,0,0,0,0
2026-09-17,2026-09-16,APLD,Technology,24.39,18079.53,7108.93,1.05,4.14,1.08,3.03,1.67,-10.13,0,0,0,0,0,0,1,0,0,0,0,0,1
2026-09-17,2026-09-16,APLE,Real Estate,15.43,2828.41,3642.76,1.39,-0.06,-0.52,0.45,0.45,-0.64,0,0,0,0,0,0,0,0,0,0,0,0,0
2026-09-17,2026-09-16,APO,Financial,124.53,3908.92,73540.35,0.78,-1.94,-2.18,0.24,0.02,-4.92,0,0,0,0,0,0,0,0,0,0,0,0,0
2026-09-17,2026-09-16,APP,Communication Services,326.56,5936.22,109283.63,0.59,-1.48,-2.1,0.64,0.13,7.05,0,0,0,0,0,0,0,0,0,0,0,0,0
2026-09-17,2026-09-16,APPN,Technology,37.5,873.33,2686.06,0.67,-1.11,2.73,-3.74,-1.02,9.52,0,0,0,0,0,0,1,0,0,0,0,0,1
2026-09-17,2026-09-16,APPS,Technology,10.84,3850.72,1311.81,0.58,-4.75,-4.07,-0.7,0.2,-1.99,0,0,0,0,0,0,0,0,0,0,0,0,0
2026-09-17,2026-09-16,APTV,Consumer Cyclical,43.34,3841.92,8998.83,0.81,-0.94,-1.19,0.25,-0.18,-2.63,0,0,0,0,0,0,0,0,0,0,0,0,0
2026-09-17,2026-09-16,AQN,Utilities,5.32,4110.12,4218.23,0.89,0.76,-0.19,0.95,0.0,-4.83,0,0,0,0,0,0,0,0,0,0,0,0,0
2026-09-17,2026-09-16,AR,Energy,35.68,4268.25,10969.43,1.32,-8.11,-6.99,-1.21,0.76,-8.79,0,0,0,1,1,0,0,0,0,0,0,0,1
2026-09-17,2026-09-16,ARCC,Financial,19.37,4579.99,13908.1,1.12,0.0,0.1,-0.1,0.1,-1.48,0,0,0,0,0,0,0,0,0,0,0,0,0
2026-09-17,2026-09-16,ARCO,Consumer Cyclical,7.71,1161.65,1606.41,0.88,-0.9,-1.28,0.39,0.0,-4.7,0,0,0,0,0,0,0,0,0,0,0,0,0
2026-09-17,2026-09-16,ARCT,Healthcare,15.6,861.17,443.4,0.99,-1.52,-2.5,1.01,-1.41,5.83,0,0,0,0,0,0,0,0,0,0,0,0,0
2026-09-17,2026-09-16,ARE,Real Estate,53.52,1828.22,9325.73,1.12,1.11,0.7,0.42,-0.11,6.32,0,0,0,0,0,0,0,0,0,0,0,0,0
2026-09-17,2026-09-16,ARES,Financial,124.21,2237.52,41023.73,0.81,-3.79,-2.93,-0.88,0.64,-7.56,0,0,0,0,0,0,0,0,0,0,0,0,0
2026-09-17,2026-09-16,ARHS,Consumer Cyclical,7.2,1297.02,1020.62,1.16,-1.44,-0.96,-0.48,0.42,-14.39,0,0,0,0,0,0,0,0,0,0,0,0,0
2026-09-17,2026-09-16,ARI,Real Estate,6.5,5320.28,835.53,0.42,-0.15,-0.15,0.0,0.91,-3.85,0,0,0,0,0,0,0,0,0,0,0,0,0
2026-09-17,2026-09-16,ARIS,Basic Materials,18.23,1528.82,3762.67,0.9,-1.78,-3.34,1.62,0.16,-9.44,0,0,0,0,0,0,0,0,0,0,0,0,0
2026-09-17,2026-09-16,ARLO,Industrials,13.4,1307.11,1442.02,0.84,-0.89,-1.62,0.74,0.0,2.06,0,0,0,0,0,0,0,0,0,0,0,0,0
2026-09-17,2026-09-16,ARM,Technology,243.98,6110.29,260570.64,0.45,0.89,-1.17,2.08,1.44,-7.66,0,0,0,0,0,0,0,0,0,0,0,0,0
2026-09-17,2026-09-16,ARMK,Industrials,57.61,2548.77,15187.44,0.9,-1.15,-1.37,0.22,0.0,1.23,0,0,0,0,0,0,0,0,0,0,0,0,0
2026-09-17,2026-09-16,AROC,Energy,31.05,1994.65,5444.25,0.9,1.54,1.14,0.39,1.0,-5.79,0,0,0,0,0,0,0,0,0,0,0,0,0
2026-09-17,2026-09-16,ARQQ,Technology,19.01,662.01,330.82,0.74,4.05,4.39,-0.33,0.95,-12.15,0,0,0,0,0,0,0,0,0,0,0,0,0
2026-09-17,2026-09-16,ARQT,Healthcare,26.14,1771.91,3285.59,2.91,11.19,10.62,0.51,0.04,9.65,1,0,0,1,1,1,0,0,0,0,0,0,1
2026-09-17,2026-09-16,ARR,Real Estate,14.81,3852.3,2096.4,1.42,-1.59,-1.92,0.33,0.14,-8.41,0,0,0,0,0,0,0,0,0,0,0,0,0
2026-09-17,2026-09-16,ARVN,Healthcare,8.16,802.01,533.55,0.93,-1.21,-1.81,0.61,0.0,-6.85,0,0,0,0,0,0,0,0,0,0,0,0,0
2026-09-17,2026-09-16,ARW,Technology,211.7,593.6,10776.68,0.78,-0.53,-2.42,1.94,-0.0,-1.41,0,0,0,0,0,0,0,0,0,0,0,0,0
2026-09-17,2026-09-16,ARWR,Healthcare,65.79,2084.99,9293.13,2.45,-6.91,-6.56,-0.37,1.67,-20.38,1,0,0,1,0,0,0,0,0,0,0,0,1
2026-09-17,2026-09-16,ARX,Financial,19.84,3731.4,4309.03,1.03,0.15,-0.05,0.2,0.0,0.0,0,0,0,0,0,0,0,0,0,0,0,0,0
2026-09-17,2026-09-16,ARXS,Industrials,49.51,909.51,21330.22,0.72,-0.42,-0.96,0.54,0.0,-5.57,0,0,0,0,0,0,0,0,0,0,0,0,0
2026-09-17,2026-09-16,AS,Consumer Cyclical,27.13,5572.82,15784.83,1.69,1.92,0.41,1.5,0.26,-2.3,0,0,0,0,0,0,0,0,0,0,0,0,0
2026-09-17,2026-09-16,ASAN,Technology,9.65,5518.7,2209.57,3.38,1.58,3.88,-2.21,0.0,16.97,1,1,0,0,0,0,0,0,0,0,1,0,1
2026-09-17,2026-09-16,ASB,Financial,29.76,1950.63,5620.16,1.61,-1.85,-2.07,0.23,0.6,-1.55,0,0,0,0,0,0,0,0,0,0,0,0,0
2026-09-17,2026-09-16,ASC,Industrials,19.06,627.3,778.63,1.15,1.71,1.33,0.37,0.79,4.55,0,0,0,0,0,0,0,0,0,0,0,0,0
2026-09-17,2026-09-16,ASH,Basic Materials,70.48,790.65,3227.52,0.79,0.3,-0.24,0.54,0.0,-1.88,0,0,0,0,0,0,0,0,0,0,0,0,0
2026-09-17,2026-09-16,ASM,Basic Materials,5.97,3902.79,1014.0,1.02,-2.77,-5.24,2.61,0.5,-18.89,0,0,0,0,0,0,0,0,0,0,0,0,0
2026-09-17,2026-09-16,ASML,Technology,1602.22,1671.88,617527.62,0.8,0.67,-1.7,2.41,0.59,-7.36,0,0,0,0,0,0,0,0,0,0,0,0,0
2026-09-17,2026-09-16,ASND,Healthcare,247.69,693.17,16265.8,1.81,3.3,3.33,-0.03,-0.08,-5.03,0,0,0,0,0,0,0,0,0,0,0,0,0
2026-09-17,2026-09-16,ASO,Consumer Cyclical,50.42,1714.15,3104.81,1.35,-0.04,-0.53,0.5,0.56,-1.43,0,0,0,0,0,0,0,0,0,0,0,0,0
2026-09-17,2026-09-16,ASST,Financial,27.41,5760.0,2556.33,1.35,-0.58,-1.47,0.91,-0.04,2.7,0,0,0,0,0,0,0,0,0,0,0,0,0
2026-09-17,2026-09-16,ASTH,Healthcare,37.7,555.19,1870.09,0.47,-1.69,-1.69,0.0,-0.03,-0.95,0,0,0,0,0,0,0,0,0,0,0,0,0
2026-09-17,2026-09-16,ASTS,Technology,59.27,14554.65,23065.95,0.5,0.85,0.65,0.2,0.64,-5.05,0,0,0,0,0,0,0,0,0,0,0,0,0
2026-09-17,2026-09-16,ASX,Technology,37.95,9111.71,83444.84,0.67,2.24,-0.52,2.77,0.92,-7.89,0,0,0,0,0,0,0,0,0,0,0,0,0
2026-09-17,2026-09-16,ATAI,Healthcare,7.35,14359.01,2725.86,0.0,0.0,0.0,0.0,,0.96,0,0,0,0,0,0,0,0,0,0,0,0,0
2026-09-17,2026-09-16,ATAT,Consumer Cyclical,32.07,932.27,3620.7,1.25,2.46,2.13,0.32,0.0,-3.2,0,0,0,0,0,0,0,0,0,0,0,0,0
2026-09-17,2026-09-16,ATEC,Healthcare,10.5,2539.89,1621.74,1.07,-1.5,-1.22,-0.28,-0.29,16.86,0,0,0,0,0,0,0,0,0,0,1,0,1
2026-09-17,2026-09-16,ATEN,Technology,26.54,1311.79,1927.04,0.75,-0.79,-0.11,-0.67,-1.02,7.06,0,0,0,0,0,0,0,0,0,0,0,0,0
2026-09-17,2026-09-16,ATHM,Communication Services,21.39,796.72,2476.11,0.69,0.19,0.09,0.09,0.0,-0.05,0,0,0,0,0,0,0,0,0,0,0,0,0
2026-09-17,2026-09-16,ATI,Industrials,189.65,1721.14,25824.71,0.6,1.59,0.54,1.04,0.18,-8.18,0,0,0,0,0,0,0,0,0,0,0,0,0
2026-09-17,2026-09-16,ATKR,Industrials,94.52,793.96,3192.23,1.19,-0.03,-0.06,0.03,0.0,0.33,0,0,0,0,0,0,0,0,0,0,0,0,0
2026-09-17,2026-09-16,ATMU,Consumer Cyclical,44.27,705.73,3612.24,0.99,-0.09,-1.34,1.26,0.0,-4.63,0,0,0,0,0,0,0,0,0,0,0,0,0
2026-09-17,2026-09-16,ATO,Utilities,161.96,1068.47,27369.38,1.11,-0.05,-0.76,0.72,-0.13,-2.78,0,0,0,0,0,0,0,0,0,0,0,0,0
2026-09-17,2026-09-16,ATRC,Healthcare,57.14,960.34,2906.5,1.27,1.64,2.66,-1.0,0.26,7.75,0,0,0,0,0,0,0,0,0,0,0,0,0
2026-09-17,2026-09-16,ATRO,Industrials,66.28,673.48,2849.68,1.11,-0.54,-0.7,0.17,1.19,-12.33,0,0,0,0,0,0,0,0,0,0,0,0,0
2026-09-17,2026-09-16,AU,Basic Materials,99.74,3064.32,50369.44,0.59,-0.96,-2.33,1.4,0.51,-8.1,0,0,0,0,0,0,0,0,0,0,0,0,0
2026-09-17,2026-09-16,AUB,Financial,39.14,1150.07,5589.78,1.13,-1.88,-2.03,0.15,-0.03,-1.01,0,0,0,0,0,0,0,0,0,0,0,0,0
2026-09-17,2026-09-16,AUGO,Basic Materials,85.96,1026.16,7202.52,0.91,0.22,-1.42,1.67,1.2,0.75,0,0,0,0,0,0,0,0,0,0,0,0,0
2026-09-17,2026-09-16,AUPH,Healthcare,16.96,1370.11,2256.55,0.85,5.15,4.95,0.19,-0.84,4.37,0,0,0,1,0,0,0,0,0,0,0,0,1
2026-09-17,2026-09-16,AUR,Consumer Cyclical,6.36,27143.86,12746.37,1.99,-1.24,-2.15,0.93,-0.31,-2.15,0,0,0,0,0,0,0,0,0,0,0,0,0
2026-09-17,2026-09-16,AURA,Healthcare,6.73,665.1,697.94,1.95,-2.75,-2.75,0.0,-0.15,-6.53,0,0,0,0,0,0,0,0,0,0,0,0,0
2026-09-17,2026-09-16,AVA,Utilities,36.74,684.55,3077.08,1.04,1.18,0.49,0.69,0.33,-1.76,0,0,0,0,0,0,0,0,0,0,0,0,0
2026-09-17,2026-09-16,AVAH,Healthcare,14.26,2856.73,3112.83,1.68,-0.35,-0.35,0.0,0.77,1.71,0,0,0,0,0,0,0,0,0,0,0,0,0
2026-09-17,2026-09-16,AVAV,Industrials,156.45,1931.95,7950.9,0.78,-0.34,0.94,-1.27,-0.13,11.12,0,0,0,0,0,0,0,0,0,0,0,0,0
2026-09-17,2026-09-16,AVBP,Healthcare,27.65,530.59,1363.36,0.72,-1.14,-1.78,0.64,0.0,-7.18,0,0,0,0,0,0,0,0,0,0,0,0,0
2026-09-17,2026-09-16,AVEX,Industrials,16.17,1890.28,1844.05,0.51,0.25,-3.75,4.15,-1.05,-1.22,0,0,0,0,0,0,1,0,0,0,0,0,1
2026-09-17,2026-09-16,AVGO,Technology,339.51,23804.1,1620695.13,0.97,0.07,-0.83,0.91,0.68,-6.83,0,0,0,0,0,0,0,0,0,0,0,0,0
2026-09-17,2026-09-16,AVNT,Basic Materials,40.93,876.83,3754.08,0.88,-0.1,-0.75,0.66,0.0,-2.32,0,0,0,0,0,0,0,0,0,0,0,0,0
2026-09-17,2026-09-16,AVO,Consumer Defensive,12.47,988.81,1093.35,0.86,0.65,0.97,-0.32,0.0,-7.08,0,0,0,0,0,0,0,0,0,0,0,0,0
2026-09-17,2026-09-16,AVPT,Technology,13.43,2128.0,2841.32,0.68,-1.21,-0.19,-1.03,0.0,3.63,0,0,0,0,0,0,0,0,0,0,0,0,0
2026-09-17,2026-09-16,AVR,Healthcare,8.37,1031.97,815.72,0.94,0.36,0.12,0.24,0.0,-1.88,0,0,0,0,0,0,0,0,0,0,0,0,0
2026-09-17,2026-09-16,AVT,Technology,92.73,1226.6,7610.63,1.07,0.1,-1.25,1.36,0.0,1.08,0,0,0,0,0,0,0,0,0,0,0,0,0
2026-09-17,2026-09-16,AVTR,Healthcare,15.61,9218.46,10557.96,1.14,1.1,0.52,0.58,1.02,4.91,0,0,0,0,0,0,0,0,0,0,0,0,0
2026-09-17,2026-09-16,AVTX,Healthcare,16.58,1233.13,889.18,1.17,3.17,2.54,0.62,-0.24,-8.95,0,0,0,0,0,0,0,0,0,0,0,0,0
2026-09-17,2026-09-16,AVY,Consumer Cyclical,172.28,887.63,13056.78,1.2,0.44,0.02,0.42,0.0,1.47,0,0,0,0,0,0,0,0,0,0,0,0,0
2026-09-17,2026-09-16,AWK,Utilities,137.76,2248.82,27376.91,0.61,-0.19,-0.4,0.21,-0.19,-1.83,0,0,0,0,0,0,0,0,0,0,0,0,0
2026-09-17,2026-09-16,AXGN,Healthcare,45.44,1262.45,2666.04,1.13,1.05,1.27,-0.22,0.18,-3.87,0,0,0,0,0,0,0,0,0,0,0,0,0
2026-09-17,2026-09-16,AXON,Industrials,468.42,980.43,38053.23,2.68,5.96,6.14,-0.17,0.23,-4.4,1,0,0,1,0,0,0,0,0,0,0,0,1
2026-09-17,2026-09-16,AXP,Financial,312.43,2828.4,210987.04,1.64,-3.7,-3.07,-0.65,0.82,-2.91,0,0,0,0,0,0,0,0,0,0,0,0,0
2026-09-17,2026-09-16,AXS,Financial,99.59,701.21,7266.71,1.14,-0.94,-0.12,-0.83,0.0,1.23,0,0,0,0,0,0,0,0,0,0,0,0,0
2026-09-17,2026-09-16,AXSM,Healthcare,211.97,839.36,11103.16,0.77,3.87,4.44,-0.55,0.49,0.64,0,0,0,0,0,0,0,0,0,0,0,0,0
2026-09-17,2026-09-16,AXTA,Basic Materials,33.29,1749.86,7124.73,1.25,0.0,-1.07,1.08,0.0,-3.34,0,0,0,0,0,0,0,0,0,0,0,0,0
2026-09-17,2026-09-16,AXTI,Technology,64.3,10208.83,4216.35,1.18,11.44,8.09,3.1,2.24,-6.69,0,0,0,1,1,1,1,0,1,0,0,0,1
2026-09-17,2026-09-16,AYA,Basic Materials,26.75,836.94,3853.07,1.75,0.19,-3.01,3.3,0.0,-10.51,0,0,0,0,0,0,1,0,0,0,0,0,1
2026-09-17,2026-09-16,AZN,Healthcare,162.89,3258.64,252624.47,1.18,0.64,-0.8,1.46,0.17,3.79,0,0,0,0,0,0,0,0,0,0,0,0,0
2026-09-17,2026-09-16,AZTA,Healthcare,33.21,717.59,1454.88,1.02,0.54,0.54,0.0,0.0,10.15,0,0,0,0,0,0,0,0,0,0,0,0,0
2026-09-17,2026-09-16,B,Basic Materials,42.55,9959.62,70032.19,1.03,-0.35,-2.07,1.76,-0.05,-4.58,0,0,0,0,0,0,0,0,0,0,0,0,0
2026-09-17,2026-09-16,BA,Industrials,201.96,5453.49,159623.13,2.36,-3.69,-3.92,0.24,0.27,-2.16,1,0,0,0,0,0,0,0,0,0,0,0,1
2026-09-17,2026-09-16,BABA,Consumer Cyclical,107.27,12183.69,266633.52,0.6,-1.89,-1.22,-0.68,0.09,-1.95,0,0,0,0,0,0,0,0,0,0,0,0,0
2026-09-17,2026-09-16,BAC,Financial,57.9,33103.29,404880.15,1.51,-2.72,-2.31,-0.42,0.12,-7.61,0,0,0,0,0,0,0,0,0,0,0,0,0
2026-09-17,2026-09-16,BAH,Industrials,78.41,2202.6,9431.54,0.64,-2.06,-0.63,-1.44,-0.17,8.6,0,0,0,0,0,0,0,0,0,0,0,0,0
2026-09-17,2026-09-16,BALL,Consumer Cyclical,61.26,2167.45,16215.73,0.8,0.41,0.29,0.11,0.0,1.61,0,0,0,0,0,0,0,0,0,0,0,0,0
2026-09-17,2026-09-16,BAM,Financial,45.18,2562.02,74015.23,0.9,-1.44,-1.78,0.35,0.42,-5.32,0,0,0,0,0,0,0,0,0,0,0,0,0
2026-09-17,2026-09-16,BANC,Financial,18.28,2986.98,2896.06,1.37,-1.72,-2.25,0.54,0.0,-0.65,0,0,0,0,0,0,0,0,0,0,0,0,0
2026-09-17,2026-09-16,BAND,Technology,48.93,1207.04,1574.6,0.5,-2.3,0.68,-2.96,0.21,0.2,0,0,0,0,0,0,0,0,0,0,0,0,0
2026-09-17,2026-09-16,BATRK,Communication Services,50.68,569.91,3257.14,0.83,-0.04,-0.12,0.08,0.57,2.07,0,0,0,0,0,0,0,0,0,0,0,0,0
2026-09-17,2026-09-16,BAX,Healthcare,23.53,6351.58,12164.91,1.49,-0.76,-0.97,0.21,0.0,-3.53,0,0,0,0,0,0,0,0,0,0,0,0,0
2026-09-17,2026-09-16,BB,Technology,7.64,18775.47,4477.8,0.57,-2.05,-1.93,-0.13,0.26,-1.42,0,0,0,0,0,0,0,0,0,0,0,0,0
2026-09-17,2026-09-16,BBAR,Financial,14.51,678.86,2963.52,0.52,-0.34,0.9,-1.24,0.0,-4.29,0,0,0,0,0,0,0,0,0,0,0,0,0
2026-09-17,2026-09-16,BBDC,Financial,8.74,713.29,915.14,0.69,0.11,-0.11,0.23,-0.23,-0.11,0,0,0,0,0,0,0,0,0,0,0,0,0
2026-09-17,2026-09-16,BBIO,Healthcare,68.3,3048.62,13352.18,1.57,-0.13,-0.32,0.19,-0.1,-10.23,0,0,0,0,0,0,0,0,0,0,0,0,0
2026-09-17,2026-09-16,BBNX,Healthcare,22.18,1162.19,997.87,6.19,15.34,19.18,-3.22,-0.68,27.32,1,1,1,1,1,1,1,0,0,0,1,0,1
2026-09-17,2026-09-16,BBT,Financial,31.12,850.32,2608.36,1.35,-0.67,-0.73,0.06,-0.96,0.16,0,0,0,0,0,0,0,0,0,0,0,0,0
2026-09-17,2026-09-16,BBVA,Financial,28.1,1415.47,154668.02,1.31,-2.53,-1.54,-1.01,0.11,-3.37,0,0,0,0,0,0,0,0,0,0,0,0,0
2026-09-17,2026-09-16,BBW,Consumer Cyclical,26.37,548.18,324.86,1.3,2.45,1.58,0.85,-0.27,-6.49,0,0,0,0,0,0,0,0,0,0,0,0,0
2026-09-17,2026-09-16,BBWI,Consumer Cyclical,16.73,5919.09,3373.53,0.99,0.06,0.06,0.0,0.9,-5.53,0,0,0,0,0,0,0,0,0,0,0,0,0
2026-09-17,2026-09-16,BBY,Consumer Cyclical,92.45,3804.67,19389.32,1.06,-0.85,-0.85,0.0,0.81,5.02,0,0,0,0,0,0,0,0,0,0,0,0,0
2026-09-17,2026-09-16,BC,Consumer Cyclical,67.72,711.42,4388.08,1.2,-1.57,-2.17,0.61,0.0,-4.53,0,0,0,0,0,0,0,0,0,0,0,0,0
2026-09-17,2026-09-16,BCAX,Healthcare,22.0,724.06,1455.8,1.1,-2.96,-3.25,0.31,0.0,-6.94,0,0,0,0,0,0,0,0,0,0,0,0,0
2026-09-17,2026-09-16,BCE,Communication Services,22.5,3725.07,20981.92,1.92,-1.75,-1.66,-0.09,0.0,-3.56,0,0,0,0,0,0,0,0,0,0,0,0,0
2026-09-17,2026-09-16,BCO,Industrials,108.42,505.2,4465.78,0.72,-0.4,-1.36,0.97,0.0,0.21,0,0,0,0,0,0,0,0,0,0,0,0,0
2026-09-17,2026-09-16,BCRX,Healthcare,8.43,4510.07,2154.16,1.3,3.31,3.44,-0.12,0.0,-4.26,0,0,0,0,0,0,0,0,0,0,0,0,0
2026-09-17,2026-09-16,BCS,Financial,25.34,4334.41,84942.21,1.06,-0.39,-1.44,1.06,-0.36,-4.16,0,0,0,0,0,0,0,0,0,0,0,0,0
2026-09-17,2026-09-16,BDC,Technology,112.52,511.94,4397.07,1.07,1.07,-0.27,1.35,-0.0,-4.47,0,0,0,0,0,0,0,0,0,0,0,0,0
2026-09-17,2026-09-16,BDX,Healthcare,181.85,2095.45,49533.55,0.83,-2.19,-1.8,-0.4,-0.36,1.14,0,0,0,0,0,0,0,0,0,0,0,0,0
2026-09-17,2026-09-16,BE,Industrials,270.02,15219.27,79528.27,0.88,4.11,0.66,3.43,1.96,0.27,0,0,0,0,0,0,1,0,0,0,0,0,1
2026-09-17,2026-09-16,BEAM,Healthcare,23.1,2141.03,2385.95,0.85,-0.52,-1.32,0.82,0.35,-8.24,0,0,0,0,0,0,0,0,0,0,0,0,0
2026-09-17,2026-09-16,BEKE,Real Estate,15.97,3955.76,16855.54,1.43,-1.48,-0.68,-0.8,-0.38,-5.33,0,0,0,0,0,0,0,0,0,0,0,0,0
2026-09-17,2026-09-16,BEN,Financial,32.72,4144.62,16624.28,0.62,-1.71,-1.98,0.27,-0.03,-4.1,0,0,0,0,0,0,0,0,0,0,0,0,0
2026-09-17,2026-09-16,BEP,Utilities,29.09,921.54,8730.2,1.36,0.97,0.0,0.97,-0.41,-6.76,0,0,0,0,0,0,0,0,0,0,0,0,0
2026-09-17,2026-09-16,BEPC,Utilities,29.25,1705.77,5430.06,0.88,0.69,-0.24,0.93,0.21,-7.41,0,0,0,0,0,0,0,0,0,0,0,0,0
2026-09-17,2026-09-16,BETA,Industrials,20.26,1810.45,4739.64,2.33,-1.94,-3.39,1.5,0.0,0.55,1,0,0,0,0,0,0,0,0,0,0,0,1
2026-09-17,2026-09-16,BETR,Financial,12.36,530.94,234.98,0.97,-3.21,-2.75,-0.47,-1.94,-8.17,0,0,0,0,0,0,0,0,0,0,0,0,0
2026-09-17,2026-09-16,BF-B,Consumer Defensive,25.74,2491.22,11882.39,0.92,-1.68,-1.76,0.08,0.89,-1.57,0,0,0,0,0,0,0,0,0,0,0,0,0
2026-09-17,2026-09-16,BFAM,Consumer Cyclical,68.68,854.09,3340.28,1.26,1.88,2.16,-0.27,0.0,4.28,0,0,0,0,0,0,0,0,0,0,0,0,0
2026-09-17,2026-09-16,BFH,Financial,107.85,589.47,4143.51,1.2,0.19,0.79,-0.6,0.0,0.42,0,0,0,0,0,0,0,0,0,0,0,0,0
2026-09-17,2026-09-16,BFLY,Healthcare,7.26,8099.51,1969.53,0.64,-6.92,-4.6,-2.44,0.41,-2.68,0,0,0,1,0,0,0,0,0,0,0,0,1
2026-09-17,2026-09-16,BG,Consumer Defensive,117.13,1537.85,22502.92,1.18,-3.8,-2.81,-1.02,-0.54,-5.16,0,0,0,0,0,0,0,0,0,0,0,0,0
2026-09-17,2026-09-16,BGC,Financial,12.18,3145.91,5791.18,1.29,0.33,0.83,-0.49,-0.9,-0.08,0,0,0,0,0,0,0,0,0,0,0,0,0
2026-09-17,2026-09-16,BHC,Healthcare,5.69,3617.0,2128.0,0.43,0.35,0.0,0.35,0.26,-7.63,0,0,0,0,0,0,0,0,0,0,0,0,0
2026-09-17,2026-09-16,BHF,Financial,48.79,804.03,2805.99,1.25,-0.43,-0.45,0.02,0.0,-4.61,0,0,0,0,0,0,0,0,0,0,0,0,0
2026-09-17,2026-09-16,BHP,Basic Materials,84.14,2602.37,213840.13,0.75,-0.74,-2.33,1.63,-0.15,-8.79,0,0,0,0,0,0,0,0,0,0,0,0,0
2026-09-17,2026-09-16,BHVN,Healthcare,12.02,3016.49,1815.55,0.75,-2.59,-2.59,0.0,2.0,-19.87,0,0,0,0,0,0,0,0,1,0,0,0,1
2026-09-17,2026-09-16,BIDU,Communication Services,88.55,2629.49,24456.63,0.89,-2.04,-1.2,-0.84,0.51,-3.78,0,0,0,0,0,0,0,0,0,0,0,0,0
2026-09-17,2026-09-16,BIIB,Healthcare,216.01,1101.88,31916.34,0.55,-0.07,-0.18,0.11,0.05,2.51,0,0,0,0,0,0,0,0,0,0,0,0,0
2026-09-17,2026-09-16,BILI,Communication Services,14.9,2721.81,5050.95,1.29,-3.62,-1.59,-2.07,0.74,-6.35,0,0,0,0,0,0,0,0,0,0,0,0,0
2026-09-17,2026-09-16,BILL,Technology,49.0,2342.13,4178.56,0.82,-1.92,-0.37,-1.56,-0.41,2.21,0,0,0,0,0,0,0,0,0,0,0,0,0
2026-09-17,2026-09-16,BIOA,Healthcare,7.75,872.27,355.7,0.82,-5.26,-5.6,0.37,1.29,-15.49,0,0,0,1,0,0,0,0,0,0,0,0,1
2026-09-17,2026-09-16,BIP,Utilities,35.54,877.28,16365.77,0.85,1.43,1.46,-0.03,0.2,-3.0,0,0,0,0,0,0,0,0,0,0,0,0,0
2026-09-17,2026-09-16,BIPC,Utilities,35.7,1079.68,4856.47,1.11,1.42,0.35,1.07,0.36,-3.83,0,0,0,0,0,0,0,0,0,0,0,0,0
2026-09-17,2026-09-16,BIRK,Consumer Cyclical,30.44,2289.91,5414.9,0.88,1.43,0.26,1.17,0.99,-3.55,0,0,0,0,0,0,0,0,0,0,0,0,0
2026-09-17,2026-09-16,BJ,Consumer Defensive,92.98,1847.18,11744.74,0.66,-2.19,-1.31,-0.89,-0.66,5.05,0,0,0,0,0,0,0,0,0,0,0,0,0
2026-09-17,2026-09-16,BJRI,Consumer Cyclical,59.6,521.38,1267.92,0.71,-1.23,-1.54,0.31,-0.34,-1.93,0,0,0,0,0,0,0,0,0,0,0,0,0
2026-09-17,2026-09-16,BKD,Healthcare,11.67,5109.51,2786.99,0.65,-1.52,-1.27,-0.25,1.29,-3.87,0,0,0,0,0,0,0,0,0,0,0,0,0
2026-09-17,2026-09-16,BKH,Utilities,70.5,810.55,5375.85,0.88,0.77,0.34,0.43,-0.21,-3.19,0,0,0,0,0,0,0,0,0,0,0,0,0
2026-09-17,2026-09-16,BKKT,Technology,7.17,1259.71,323.15,1.4,-7.0,-6.76,-0.26,1.12,-13.2,0,0,0,1,0,0,0,0,0,0,0,0,1
2026-09-17,2026-09-16,BKNG,Consumer Cyclical,171.4,6779.76,128786.61,0.88,0.05,0.04,0.01,0.26,-1.17,0,0,0,0,0,0,0,0,0,0,0,0,0
2026-09-17,2026-09-16,BKR,Energy,56.32,8427.74,55907.4,1.13,-0.71,-0.02,-0.69,-0.04,-11.5,0,0,0,0,0,0,0,0,0,0,0,0,0
2026-09-17,2026-09-16,BKSY,Industrials,21.52,1222.25,880.7,0.73,0.65,0.56,0.09,-0.92,-0.42,0,0,0,0,0,0,0,0,0,0,0,0,0
2026-09-17,2026-09-16,BKU,Financial,44.48,937.6,3168.41,2.57,-0.27,-0.27,0.0,0.0,-1.59,1,0,0,0,0,0,0,0,0,0,0,0,1
2026-09-17,2026-09-16,BKV,Energy,22.79,1329.57,2494.09,1.64,-6.41,-6.67,0.29,-0.22,-5.44,0,0,0,1,0,0,0,0,0,0,0,0,1
2026-09-17,2026-09-16,BL,Technology,28.16,1063.74,1636.81,0.95,-3.36,-1.88,-1.51,0.36,-4.45,0,0,0,0,0,0,0,0,0,0,0,0,0
2026-09-17,2026-09-16,BLBD,Industrials,61.66,529.14,1953.15,0.92,-0.23,-0.8,0.58,1.95,-1.49,0,0,0,0,0,0,0,0,0,0,0,0,0
2026-09-17,2026-09-16,BLDR,Industrials,59.65,2277.69,6418.13,1.18,-0.91,-1.68,0.78,-0.23,-2.83,0,0,0,0,0,0,0,0,0,0,0,0,0
2026-09-17,2026-09-16,BLFS,Healthcare,36.11,1134.16,1766.62,0.41,-0.77,-0.96,0.19,0.0,3.38,0,0,0,0,0,0,0,0,0,0,0,0,0
2026-09-17,2026-09-16,BLK,Financial,1037.24,719.48,168526.8,0.88,-2.02,-2.46,0.45,0.07,-3.25,0,0,0,0,0,0,0,0,0,0,0,0,0
2026-09-17,2026-09-16,BLKB,Technology,44.82,701.46,2034.39,0.52,-0.58,0.95,-1.51,0.0,1.7,0,0,0,0,0,0,0,0,0,0,0,0,0
2026-09-17,2026-09-16,BLLN,Healthcare,103.61,712.19,4889.05,0.56,-0.63,-0.82,0.19,0.0,4.49,0,0,0,0,0,0,0,0,0,0,0,0,0
2026-09-17,2026-09-16,BLMN,Consumer Cyclical,8.04,2084.64,688.39,1.02,0.37,-1.35,1.75,-0.48,-11.06,0,0,0,0,0,0,0,0,0,0,0,0,0
2026-09-17,2026-09-16,BLSH,Technology,32.08,1614.02,4821.7,1.59,-9.53,-9.76,0.25,0.56,-6.58,0,0,0,1,1,0,0,0,0,0,0,0,1
2026-09-17,2026-09-16,BLZE,Technology,13.11,3584.68,811.51,0.46,0.92,2.34,-1.39,-0.46,-0.91,0,0,0,0,0,0,0,0,0,0,0,0,0
2026-09-17,2026-09-16,BMNR,Financial,22.81,39199.78,13759.59,1.08,-3.35,-2.73,-0.64,-0.62,-5.78,0,0,0,0,0,0,0,0,0,0,0,0,0
2026-09-17,2026-09-16,BMO,Financial,172.6,804.69,119924.21,0.46,-0.63,-0.66,0.03,0.0,-0.02,0,0,0,0,0,0,0,0,0,0,0,0,0
2026-09-17,2026-09-16,BMRN,Healthcare,64.73,1967.05,12530.03,1.14,0.43,0.39,0.05,-0.02,0.5,0,0,0,0,0,0,0,0,0,0,0,0,0
2026-09-17,2026-09-16,BMY,Healthcare,63.6,11137.23,129916.64,0.85,-0.2,-0.73,0.53,-0.14,-1.26,0,0,0,0,0,0,0,0,0,0,0,0,0
2026-09-17,2026-09-16,BN,Financial,37.03,4051.52,82664.29,1.03,-0.27,-0.91,0.65,0.73,-3.87,0,0,0,0,0,0,0,0,0,0,0,0,0
2026-09-17,2026-09-16,BNL,Real Estate,19.42,2076.75,3726.56,0.9,-2.75,-2.95,0.2,0.05,-6.23,0,0,0,0,0,0,0,0,0,0,0,0,0
2026-09-17,2026-09-16,BNS,Financial,92.96,2500.42,114575.99,0.64,-0.34,-0.42,0.08,0.16,0.92,0,0,0,0,0,0,0,0,0,0,0,0,0
2026-09-17,2026-09-16,BNTX,Healthcare,95.83,1160.67,24072.5,0.35,-0.89,-1.45,0.57,0.15,-2.34,0,0,0,0,0,0,0,0,0,0,0,0,0
2026-09-17,2026-09-16,BNY,Financial,153.47,3464.13,104130.04,0.9,-0.78,-0.87,0.09,0.15,-5.56,0,0,0,0,0,0,0,0,0,0,0,0,0
2026-09-17,2026-09-16,BOBS,Consumer Cyclical,14.62,955.53,1910.64,0.92,0.41,0.21,0.21,1.16,-11.61,0,0,0,0,0,0,0,0,0,0,0,0,0
2026-09-17,2026-09-16,BOOT,Consumer Cyclical,122.75,685.53,3717.47,2.13,-4.38,-4.59,0.23,0.45,-14.17,1,0,0,0,0,0,0,0,0,0,0,0,1
2026-09-17,2026-09-16,BOX,Technology,34.66,2807.58,4755.38,0.98,-0.4,1.11,-1.49,0.4,0.49,0,0,0,0,0,0,0,0,0,0,0,0,0
2026-09-17,2026-09-16,BP,Energy,45.38,9299.56,116871.2,1.0,-3.36,-2.87,-0.51,0.9,-0.66,0,0,0,0,0,0,0,0,0,0,0,0,0
2026-09-17,2026-09-16,BPOP,Financial,160.96,509.99,10265.78,1.4,-2.39,-2.3,-0.09,0.0,-2.36,0,0,0,0,0,0,0,0,0,0,0,0,0
2026-09-17,2026-09-16,BR,Technology,167.09,1301.96,19051.9,0.69,-1.86,-1.6,-0.26,1.14,-0.6,0,0,0,0,0,0,0,0,0,0,0,0,0
2026-09-17,2026-09-16,BRBR,Consumer Defensive,9.09,4656.06,1056.97,0.47,-0.66,0.11,-0.77,0.0,-3.61,0,0,0,0,0,0,0,0,0,0,0,0,0
2026-09-17,2026-09-16,BRK-B,Financial,519.8,4405.28,999958.21,1.19,0.59,0.67,-0.08,-0.02,2.58,0,0,0,0,0,0,0,0,0,0,0,0,0
2026-09-17,2026-09-16,BRKR,Healthcare,60.67,2171.38,9243.64,1.89,8.83,7.12,1.6,0.02,11.46,0,0,0,1,1,0,0,0,0,0,0,0,1
2026-09-17,2026-09-16,BRO,Financial,65.88,2441.53,22044.13,0.77,-2.01,-0.75,-1.26,0.66,-0.98,0,0,0,0,0,0,0,0,0,0,0,0,0
2026-09-17,2026-09-16,BROS,Consumer Cyclical,41.37,3667.09,7227.58,1.21,-1.45,-1.69,0.24,0.31,-7.98,0,0,0,0,0,0,0,0,0,0,0,0,0
2026-09-17,2026-09-16,BRSL,Consumer Cyclical,10.53,1796.69,1937.52,0.75,-0.47,-0.28,-0.19,0.0,-5.31,0,0,0,0,0,0,0,0,0,0,0,0,0
2026-09-17,2026-09-16,BRUN,Technology,15.16,1968.81,1271.09,2.14,11.72,10.33,1.25,2.9,-12.67,1,0,0,1,1,1,0,0,1,0,0,0,1
2026-09-17,2026-09-16,BRX,Real Estate,27.98,2436.0,8586.29,1.64,-1.34,-1.27,-0.07,0.14,-3.18,0,0,0,0,0,0,0,0,0,0,0,0,0
2026-09-17,2026-09-16,BRZE,Technology,24.87,2624.78,2824.85,0.74,-2.16,-0.04,-2.12,0.52,4.83,0,0,0,0,0,0,0,0,0,0,0,0,0
2026-09-17,2026-09-16,BSBR,Financial,5.81,3419.86,21751.3,1.3,-0.85,-1.02,0.17,0.0,-1.36,0,0,0,0,0,0,0,0,0,0,0,0,0
2026-09-17,2026-09-16,BSP,Technology,39.19,2530.09,24894.24,0.87,-0.53,-2.45,1.97,0.45,3.81,0,0,0,0,0,0,0,0,0,0,0,0,0
2026-09-17,2026-09-16,BSX,Healthcare,43.91,20170.8,63635.67,1.41,0.09,0.14,-0.05,0.36,-2.34,0,0,0,0,0,0,0,0,0,0,0,0,0
2026-09-17,2026-09-16,BSY,Technology,31.1,2864.94,9395.09,0.99,-2.45,-1.74,-0.72,-0.42,-2.84,0,0,0,0,0,0,0,0,0,0,0,0,0
2026-09-17,2026-09-16,BTDR,Technology,11.03,11779.62,2997.75,0.5,1.1,1.1,0.0,0.54,-10.54,0,0,0,0,0,0,0,0,0,0,0,0,0
2026-09-17,2026-09-16,BTG,Basic Materials,5.14,25344.92,6791.94,0.97,-1.53,-3.38,1.92,0.19,-7.22,0,0,0,0,0,0,0,0,0,0,0,0,0
2026-09-17,2026-09-16,BTGO,Financial,6.41,1428.45,753.47,2.39,-11.59,-10.1,-1.66,0.0,-14.65,1,0,0,1,1,1,0,0,0,0,0,0,1
2026-09-17,2026-09-16,BTI,Consumer Defensive,56.09,4668.93,120781.4,0.75,-0.76,-0.8,0.04,0.16,3.24,0,0,0,0,0,0,0,0,0,0,0,0,0
2026-09-17,2026-09-16,BTSG,Healthcare,58.96,3422.65,11666.07,0.48,0.2,-0.66,0.87,-0.03,-4.89,0,0,0,0,0,0,0,0,0,0,0,0,0
2026-09-17,2026-09-16,BTU,Energy,27.35,2444.84,3333.96,1.04,2.59,1.98,0.6,0.48,-6.85,0,0,0,0,0,0,0,0,0,0,0,0,0
2026-09-17,2026-09-16,BUD,Consumer Defensive,79.9,2167.32,139787.45,0.91,0.55,-0.41,0.97,0.43,2.46,0,0,0,0,0,0,0,0,0,0,0,0,0
2026-09-17,2026-09-16,BULL,Technology,7.69,12518.74,4073.89,2.34,-11.2,-9.64,-1.73,1.17,-18.37,1,0,0,1,1,1,0,0,0,0,0,0,1
2026-09-17,2026-09-16,BURL,Consumer Cyclical,230.71,1011.03,14492.1,1.71,1.51,0.06,1.45,0.0,-3.54,0,0,0,0,0,0,0,0,0,0,0,0,0
2026-09-17,2026-09-16,BUSE,Financial,30.24,785.65,2497.13,1.22,-0.98,-0.82,-0.16,-1.06,0.1,0,0,0,0,0,0,0,0,0,0,0,0,0
2026-09-17,2026-09-16,BV,Industrials,10.86,1046.16,1005.64,0.7,-0.37,-0.28,-0.09,0.0,-3.98,0,0,0,0,0,0,0,0,0,0,0,0,0
2026-09-17,2026-09-16,BVN,Basic Materials,33.07,1097.15,8390.52,1.14,-0.51,-3.02,2.59,0.79,-6.56,0,0,0,0,0,0,0,0,0,0,0,0,0
2026-09-17,2026-09-16,BVS,Healthcare,13.2,700.79,1110.01,0.78,1.54,1.38,0.15,0.0,-3.15,0,0,0,0,0,0,0,0,0,0,0,0,0
2026-09-17,2026-09-16,BW,Industrials,6.79,4613.0,1011.48,0.92,-2.72,-4.9,2.29,1.62,-8.61,0,0,0,0,0,0,0,0,0,0,0,0,0
2026-09-17,2026-09-16,BWA,Consumer Cyclical,62.27,2246.21,12682.3,0.71,-0.35,-1.36,1.02,-1.52,-4.58,0,0,0,0,0,0,0,0,0,0,0,0,0
2026-09-17,2026-09-16,BWIN,Financial,32.04,1941.61,4469.53,10.04,-1.39,-0.65,-0.74,-0.1,13.5,1,1,1,0,0,0,0,0,0,0,0,0,1
2026-09-17,2026-09-16,BWXT,Industrials,145.66,1016.73,13345.65,1.0,-0.71,-0.62,-0.09,0.3,-7.05,0,0,0,0,0,0,0,0,0,0,0,0,0
2026-09-17,2026-09-16,BX,Financial,123.45,4513.04,153304.76,0.8,-2.57,-2.99,0.43,0.65,-4.35,0,0,0,0,0,0,0,0,0,0,0,0,0
2026-09-17,2026-09-16,BXP,Real Estate,64.04,1357.57,11176.87,1.22,0.31,0.09,0.22,-0.75,-0.39,0,0,0,0,0,0,0,0,0,0,0,0,0
2026-09-17,2026-09-16,BYD,Consumer Cyclical,75.6,916.09,5492.75,1.0,-0.63,-0.76,0.13,0.0,0.25,0,0,0,0,0,0,0,0,0,0,0,0,0
2026-09-17,2026-09-16,BZ,Communication Services,15.01,5596.11,5932.55,1.25,-0.17,-0.92,0.76,0.27,-6.6,0,0,0,0,0,0,0,0,0,0,0,0,0
2026-09-17,2026-09-16,BZH,Consumer Cyclical,33.35,638.03,889.77,0.88,0.0,-0.09,0.09,0.0,0.3,0,0,0,0,0,0,0,0,0,0,0,0,0
2026-09-17,2026-09-16,C,Financial,132.95,11246.1,223015.21,0.84,-2.36,-2.85,0.5,0.23,-3.52,0,0,0,0,0,0,0,0,0,0,0,0,0
2026-09-17,2026-09-16,CADL,Healthcare,11.02,1511.05,843.24,0.77,-0.9,-1.25,0.36,0.09,-9.45,0,0,0,0,0,0,0,0,0,0,0,0,0
2026-09-17,2026-09-16,CAE,Industrials,24.05,718.86,7707.06,2.18,1.43,1.61,-0.17,0.04,-0.04,1,0,0,0,0,0,0,0,0,0,0,0,1
2026-09-17,2026-09-16,CAG,Consumer Defensive,15.18,15676.12,7264.63,0.76,1.07,0.73,0.33,-0.2,0.46,0,0,0,0,0,0,0,0,0,0,0,0,0
2026-09-17,2026-09-16,CAH,Healthcare,232.54,2046.27,54083.16,0.6,-0.05,-0.23,0.18,-0.23,-3.11,0,0,0,0,0,0,0,0,0,0,0,0,0
2026-09-17,2026-09-16,CAI,Healthcare,28.21,4433.74,7972.01,0.97,-1.02,0.18,-1.19,1.45,17.39,0,0,0,0,0,0,0,0,0,0,1,0,1
2026-09-17,2026-09-16,CAKE,Consumer Cyclical,97.02,1633.47,4827.78,0.91,0.3,-0.34,0.64,0.24,-6.36,0,0,0,0,0,0,0,0,0,0,0,0,0
2026-09-17,2026-09-16,CAL,Consumer Cyclical,12.02,543.2,414.75,0.89,-2.36,-2.75,0.41,0.0,-1.07,0,0,0,0,0,0,0,0,0,0,0,0,0
2026-09-17,2026-09-16,CALM,Consumer Defensive,74.29,927.38,3485.47,0.86,-0.13,0.39,-0.52,1.63,1.45,0,0,0,0,0,0,0,0,0,0,0,0,0
2026-09-17,2026-09-16,CALX,Technology,35.44,1157.94,2231.44,0.77,-0.17,-0.73,0.56,0.0,2.9,0,0,0,0,0,0,0,0,0,0,0,0,0
2026-09-17,2026-09-16,CALY,Consumer Cyclical,14.83,1962.36,2647.31,0.95,-1.72,-2.69,0.99,1.01,-3.64,0,0,0,0,0,0,0,0,0,0,0,0,0
2026-09-17,2026-09-16,CAPR,Healthcare,8.56,6459.45,497.67,0.37,0.0,-0.23,0.23,0.82,-0.93,0,0,0,0,0,0,0,0,0,0,0,0,0
2026-09-17,2026-09-16,CAR,Industrials,116.96,501.62,4131.7,0.73,-1.32,-0.03,-1.29,1.74,-11.81,0,0,0,0,0,0,0,0,0,0,0,0,0
2026-09-17,2026-09-16,CARG,Communication Services,34.7,1100.48,3090.85,1.33,-0.86,-0.33,-0.53,-0.35,6.83,0,0,0,0,0,0,0,0,0,0,0,0,0
2026-09-17,2026-09-16,CARR,Industrials,54.26,6110.13,44727.88,1.35,-2.3,-3.11,0.83,-0.46,-6.37,0,0,0,0,0,0,0,0,0,0,0,0,0
2026-09-17,2026-09-16,CARS,Communication Services,11.53,656.18,617.24,0.62,-2.29,-1.87,-0.42,0.0,2.76,0,0,0,0,0,0,0,0,0,0,0,0,0
2026-09-17,2026-09-16,CART,Consumer Cyclical,46.85,4117.06,10845.78,1.25,0.09,2.65,-2.5,0.21,0.45,0,0,0,0,0,0,0,0,0,0,0,0,0
2026-09-17,2026-09-16,CAT,Industrials,782.72,3101.61,359796.69,0.85,-0.1,-1.79,1.72,0.29,-4.03,0,0,0,0,0,0,0,0,0,0,0,0,0
2026-09-17,2026-09-16,CAVA,Consumer Cyclical,49.76,3289.24,5812.27,1.84,-0.46,-2.22,1.8,0.78,-11.94,0,0,0,0,0,0,0,0,0,0,0,0,0
2026-09-17,2026-09-16,CB,Financial,341.53,1765.68,131762.22,0.87,-0.1,0.38,-0.47,-0.37,1.16,0,0,0,0,0,0,0,0,0,0,0,0,0
2026-09-17,2026-09-16,CBC,Financial,31.4,806.15,7520.46,3.9,-1.78,-1.78,0.0,0.0,-2.03,1,1,0,0,0,0,0,0,0,0,0,0,1
2026-09-17,2026-09-16,CBOE,Financial,270.43,1265.15,28241.27,0.91,-0.0,0.73,-0.72,-0.28,-7.35,0,0,0,0,0,0,0,0,0,0,0,0,0
2026-09-17,2026-09-16,CBRE,Real Estate,138.56,1729.39,40123.56,1.08,-1.11,-1.53,0.44,-0.3,-0.8,0,0,0,0,0,0,0,0,0,0,0,0,0
2026-09-17,2026-09-16,CBRL,Consumer Cyclical,43.22,912.93,966.03,1.46,-4.27,-4.25,-0.02,0.42,-15.5,0,0,0,0,0,0,0,0,0,0,0,0,0
2026-09-17,2026-09-16,CBRS,Technology,190.47,7059.83,42636.44,0.71,3.5,2.96,0.53,0.65,-2.92,0,0,0,0,0,0,0,0,0,0,0,0,0
2026-09-17,2026-09-16,CBSH,Financial,57.28,1104.8,8215.8,1.21,-2.1,-1.72,-0.39,-0.14,-1.39,0,0,0,0,0,0,0,0,0,0,0,0,0
2026-09-17,2026-09-16,CBZ,Industrials,54.6,1337.83,2962.81,1.77,-0.15,0.0,-0.15,-0.04,-0.02,0,0,0,0,0,0,0,0,0,0,0,0,0
2026-09-17,2026-09-16,CC,Basic Materials,14.42,2535.81,2170.2,0.84,-1.77,-2.96,1.23,0.55,-4.12,0,0,0,0,0,0,0,0,0,0,0,0,0
2026-09-17,2026-09-16,CCC,Technology,6.33,10465.18,3728.33,1.17,-4.09,-2.47,-1.67,0.0,-6.77,0,0,0,0,0,0,0,0,0,0,0,0,0
2026-09-17,2026-09-16,CCEP,Consumer Defensive,102.73,1818.24,45531.75,1.31,-0.27,-0.57,0.3,-0.15,-1.05,0,0,0,0,0,0,0,0,0,0,0,0,0
2026-09-17,2026-09-16,CCI,Real Estate,73.22,3835.22,31151.85,1.1,-0.04,-0.04,0.0,0.0,-2.61,0,0,0,0,0,0,0,0,0,0,0,0,0
2026-09-17,2026-09-16,CCJ,Energy,90.9,3141.55,39589.68,0.67,-0.34,-1.78,1.47,0.94,-9.47,0,0,0,0,0,0,0,0,0,0,0,0,0
2026-09-17,2026-09-16,CCK,Consumer Cyclical,112.17,1002.26,12199.67,0.99,-0.14,-0.76,0.62,-0.36,0.34,0,0,0,0,0,0,0,0,0,0,0,0,0
2026-09-17,2026-09-16,CCL,Consumer Cyclical,22.35,20049.08,30611.66,1.26,1.09,-0.22,1.31,0.22,-1.54,0,0,0,0,0,0,0,0,0,0,0,0,0
2026-09-17,2026-09-16,CCOI,Communication Services,8.67,1614.79,444.04,1.38,-6.22,-5.97,-0.27,0.92,-7.07,0,0,0,1,0,0,0,0,0,0,0,0,1
2026-09-17,2026-09-16,CCXI,Financial,12.09,3273.45,673.42,0.75,0.33,-1.31,1.66,0.5,-8.41,0,0,0,0,0,0,0,0,0,0,0,0,0
2026-09-17,2026-09-16,CDE,Basic Materials,18.98,38211.82,19510.21,1.13,-4.67,-6.64,2.11,0.11,-9.62,0,0,0,0,0,0,0,0,0,0,0,0,0
2026-09-17,2026-09-16,CDNA,Healthcare,53.55,1153.74,2770.37,0.73,1.73,1.79,-0.06,1.32,7.04,0,0,0,0,0,0,0,0,0,0,0,0,0
2026-09-17,2026-09-16,CDNL,Industrials,32.43,761.81,1539.55,1.28,-3.8,-4.62,0.86,0.0,-6.19,0,0,0,0,0,0,0,0,0,0,0,0,0
2026-09-17,2026-09-16,CDNS,Technology,279.9,2396.22,77082.51,1.04,2.17,2.06,0.11,0.1,-1.65,0,0,0,0,0,0,0,0,0,0,0,0,0
2026-09-17,2026-09-16,CDP,Real Estate,34.32,942.57,7760.23,0.68,-0.81,0.35,-1.16,0.0,-2.31,0,0,0,0,0,0,0,0,0,0,0,0,0
2026-09-17,2026-09-16,CDW,Technology,149.96,1889.66,18747.61,0.51,-2.46,-1.59,-0.88,0.4,5.33,0,0,0,0,0,0,0,0,0,0,0,0,0
2026-09-17,2026-09-16,CE,Basic Materials,46.87,1787.65,5143.93,0.95,-0.74,0.11,-0.85,0.23,5.44,0,0,0,0,0,0,0,0,0,0,0,0,0
2026-09-17,2026-09-16,CECO,Industrials,69.42,844.35,4065.92,1.19,2.91,1.34,1.54,0.26,-11.34,0,0,0,0,0,0,0,0,0,0,0,0,0
2026-09-17,2026-09-16,CEG,Utilities,259.53,3003.82,91953.39,0.91,-0.14,-1.17,1.04,0.19,-11.7,0,0,0,0,0,0,0,0,0,0,0,0,0
2026-09-17,2026-09-16,CELC,Healthcare,82.58,1215.52,4040.8,0.66,-0.15,-0.9,0.76,-0.22,-8.33,0,0,0,0,0,0,0,0,0,0,0,0,0
2026-09-17,2026-09-16,CELH,Consumer Defensive,28.25,9707.95,7148.24,0.65,2.24,-1.64,3.94,0.81,2.21,0,0,0,0,0,0,1,0,0,0,0,0,1
2026-09-17,2026-09-16,CENX,Basic Materials,39.8,2121.72,3939.93,0.81,0.23,-1.27,1.51,1.82,-16.54,0,0,0,0,0,0,0,0,0,0,0,0,0
2026-09-17,2026-09-16,CERT,Healthcare,8.13,3623.47,1240.14,1.08,-3.21,-2.52,-0.71,0.86,6.55,0,0,0,0,0,0,0,0,0,0,0,0,0
2026-09-17,2026-09-16,CEVA,Technology,27.81,793.97,782.96,0.58,-0.36,-2.69,2.4,0.4,-1.03,0,0,0,0,0,0,0,0,0,0,0,0,0
2026-09-17,2026-09-16,CF,Basic Materials,131.99,2579.3,19975.12,0.64,-2.62,-0.93,-1.7,0.67,-4.43,0,0,0,0,0,0,0,0,0,0,0,0,0
2026-09-17,2026-09-16,CFFN,Financial,8.86,834.74,1113.68,1.17,-0.11,-0.11,0.0,1.35,1.03,0,0,0,0,0,0,0,0,0,0,0,0,0
2026-09-17,2026-09-16,CFG,Financial,66.84,4031.38,28151.46,1.28,-4.84,-4.85,0.01,0.24,-3.65,0,0,0,0,0,0,0,0,0,0,0,0,0
2026-09-17,2026-09-16,CFR,Financial,159.44,570.58,9909.01,1.05,-1.68,-1.53,-0.15,-0.09,-1.51,0,0,0,0,0,0,0,0,0,0,0,0,0
2026-09-17,2026-09-16,CG,Financial,40.01,3641.21,14256.87,1.15,-3.4,-3.91,0.53,0.82,-9.29,0,0,0,0,0,0,0,0,0,0,0,0,0
2026-09-17,2026-09-16,CGAU,Basic Materials,21.92,1562.62,4287.77,1.05,-0.72,-2.75,2.08,0.32,-5.92,0,0,0,0,0,0,0,0,0,0,0,0,0
2026-09-17,2026-09-16,CGBD,Financial,11.39,567.77,783.68,0.56,-0.61,-0.26,-0.35,-1.58,-0.39,0,0,0,0,0,0,0,0,0,0,0,0,0
2026-09-17,2026-09-16,CGEM,Healthcare,20.63,841.88,1327.64,0.98,0.44,0.63,-0.19,0.82,-3.19,0,0,0,0,0,0,0,0,0,0,0,0,0
2026-09-17,2026-09-16,CGNT,Technology,8.47,618.04,625.94,1.05,-0.12,0.59,-0.71,0.0,3.93,0,0,0,0,0,0,0,0,0,0,0,0,0
2026-09-17,2026-09-16,CGNX,Technology,60.1,2132.94,10110.25,0.66,1.61,-0.08,1.69,0.47,-2.86,0,0,0,0,0,0,0,0,0,0,0,0,0
2026-09-17,2026-09-16,CGON,Healthcare,74.12,937.83,6570.03,0.85,2.16,2.01,0.15,-1.4,3.0,0,0,0,0,0,0,0,0,0,0,0,0,0
2026-09-17,2026-09-16,CHA,Consumer Cyclical,12.19,788.32,1529.72,1.22,-0.16,-0.16,0.0,-0.25,-2.09,0,0,0,0,0,0,0,0,0,0,0,0,0
2026-09-17,2026-09-16,CHD,Consumer Defensive,95.51,1900.8,22655.34,0.97,1.06,0.79,0.26,-0.2,0.34,0,0,0,0,0,0,0,0,0,0,0,0,0
2026-09-17,2026-09-16,CHDN,Consumer Cyclical,82.65,1021.16,5760.73,1.86,2.54,2.57,-0.02,0.0,-1.76,0,0,0,0,0,0,0,0,0,0,0,0,0
2026-09-17,2026-09-16,CHEF,Consumer Defensive,109.68,650.24,4474.51,1.07,3.02,2.06,0.95,0.29,0.36,0,0,0,0,0,0,0,0,0,0,0,0,0
2026-09-17,2026-09-16,CHH,Consumer Cyclical,98.19,567.6,4419.4,1.0,0.79,0.82,-0.03,1.74,-1.43,0,0,0,0,0,0,0,0,0,0,0,0,0
2026-09-17,2026-09-16,CHKP,Technology,137.69,1174.47,14058.24,1.14,-0.07,1.45,-1.5,0.28,1.95,0,0,0,0,0,0,0,0,0,0,0,0,0
2026-09-17,2026-09-16,CHPT,Consumer Cyclical,8.91,1649.46,239.24,0.56,1.02,-0.56,1.59,0.0,-0.45,0,0,0,0,0,0,0,0,0,0,0,0,0
2026-09-17,2026-09-16,CHRD,Energy,147.03,783.14,8042.23,1.01,-6.35,-4.11,-2.34,1.61,-1.65,0,0,0,1,0,0,0,0,0,0,0,0,1
2026-09-17,2026-09-16,CHRW,Industrials,153.47,1756.73,17933.16,0.9,-2.64,-1.37,-1.29,0.0,2.01,0,0,0,0,0,0,0,0,0,0,0,0,0
2026-09-17,2026-09-16,CHTR,Communication Services,135.0,3237.07,23640.55,0.64,-4.39,-3.45,-0.98,0.19,0.83,0,0,0,0,0,0,0,0,0,0,0,0,0
2026-09-17,2026-09-16,CHWY,Consumer Cyclical,20.91,8644.48,8404.3,1.21,-1.32,-1.37,0.05,0.19,0.77,0,0,0,0,0,0,0,0,0,0,0,0,0
2026-09-17,2026-09-16,CHYM,Technology,31.25,7540.65,11830.79,1.09,-7.02,-6.32,-0.74,0.35,-9.55,0,0,0,1,0,0,0,0,0,0,0,0,1
2026-09-17,2026-09-16,CI,Healthcare,280.45,1670.42,74106.25,0.7,-2.92,-2.73,-0.2,-0.0,0.82,0,0,0,0,0,0,0,0,0,0,0,0,0
2026-09-17,2026-09-16,CIEN,Technology,340.5,2465.01,48285.8,1.6,1.85,-2.74,4.71,1.03,0.74,0,0,0,0,0,0,1,0,0,0,0,0,1
2026-09-17,2026-09-16,CIFR,Technology,16.72,30856.65,6939.31,2.03,10.8,5.03,5.5,1.73,-1.07,1,0,0,1,1,1,1,1,0,0,0,0,1
2026-09-17,2026-09-16,CIM,Real Estate,10.89,822.75,911.62,1.61,0.28,-0.27,0.55,1.1,-5.3,0,0,0,0,0,0,0,0,0,0,0,0,0
2026-09-17,2026-09-16,CINF,Financial,170.77,736.52,26209.45,1.04,-0.52,-0.48,-0.05,0.0,0.92,0,0,0,0,0,0,0,0,0,0,0,0,0
2026-09-17,2026-09-16,CION,Financial,7.11,537.8,349.83,0.55,0.28,0.28,0.0,0.84,-1.93,0,0,0,0,0,0,0,0,0,0,0,0,0
2026-09-17,2026-09-16,CL,Consumer Defensive,87.02,4680.15,69369.97,1.25,0.02,-0.09,0.11,0.0,-1.15,0,0,0,0,0,0,0,0,0,0,0,0,0
2026-09-17,2026-09-16,CLB,Energy,11.45,815.07,525.37,0.62,-6.61,-6.76,0.16,0.0,-9.27,0,0,0,1,0,0,0,0,0,0,0,0,1
2026-09-17,2026-09-16,CLBK,Financial,11.46,5158.93,3088.99,1.29,-0.61,-0.61,0.0,0.0,-0.17,0,0,0,0,0,0,0,0,0,0,0,0,0
2026-09-17,2026-09-16,CLBT,Technology,11.43,2908.11,2872.83,0.85,1.6,2.79,-1.16,0.09,0.0,0,0,0,0,0,0,0,0,0,0,0,0,0
2026-09-17,2026-09-16,CLDX,Healthcare,38.71,1008.52,3039.88,0.99,0.52,0.31,0.21,1.45,-0.18,0,0,0,0,0,0,0,0,0,0,0,0,0
2026-09-17,2026-09-16,CLF,Basic Materials,12.15,19525.61,6932.06,0.73,3.05,2.79,0.25,0.25,0.5,0,0,0,0,0,0,0,0,0,0,0,0,0
2026-09-17,2026-09-16,CLMT,Basic Materials,58.01,1159.13,5098.97,1.68,0.8,2.62,-1.77,1.02,4.17,0,0,0,0,0,0,0,0,0,0,0,0,0
2026-09-17,2026-09-16,CLPT,Healthcare,13.4,742.71,408.76,0.51,1.9,1.82,0.08,-0.97,-3.46,0,0,0,0,0,0,0,0,0,0,0,0,0
2026-09-17,2026-09-16,CLS,Technology,323.83,2426.9,40838.2,0.7,2.22,1.13,1.07,0.82,-2.93,0,0,0,0,0,0,0,0,0,0,0,0,0
2026-09-17,2026-09-16,CLSK,Financial,12.79,20809.41,3284.69,0.7,1.35,-0.39,1.74,0.23,-3.69,0,0,0,0,0,0,0,0,0,0,0,0,0
2026-09-17,2026-09-16,CLX,Consumer Defensive,84.86,2715.86,10262.21,1.26,-2.64,-2.55,-0.09,0.49,-5.31,0,0,0,0,0,0,0,0,0,0,0,0,0
2026-09-17,2026-09-16,CLYM,Healthcare,14.11,1415.05,810.43,1.85,1.44,0.79,0.65,2.76,-6.25,0,0,0,0,0,0,0,0,1,0,0,0,1
2026-09-17,2026-09-16,CM,Financial,112.96,1309.25,102563.16,1.33,-0.34,0.29,-0.64,0.07,-1.74,0,0,0,0,0,0,0,0,0,0,0,0,0
2026-09-17,2026-09-16,CMBT,Energy,19.66,1049.61,5704.74,0.64,0.51,0.72,-0.2,0.0,1.6,0,0,0,0,0,0,0,0,0,0,0,0,0
2026-09-17,2026-09-16,CMC,Industrials,65.82,1258.77,7281.29,0.76,0.97,0.05,0.92,-0.06,-4.58,0,0,0,0,0,0,0,0,0,0,0,0,0
2026-09-17,2026-09-16,CMCO,Industrials,16.1,594.14,464.71,0.71,-0.98,-2.42,1.48,0.0,-8.63,0,0,0,0,0,0,0,0,0,0,0,0,0
2026-09-17,2026-09-16,CMCSA,Communication Services,23.73,32494.66,84209.14,0.75,-2.83,-2.67,-0.16,0.08,-3.5,0,0,0,0,0,0,0,0,0,0,0,0,0
2026-09-17,2026-09-16,CME,Financial,272.46,2721.38,97970.95,0.61,-0.96,-0.37,-0.59,-0.15,-0.82,0,0,0,0,0,0,0,0,0,0,0,0,0
2026-09-17,2026-09-16,CMG,Consumer Cyclical,33.68,17413.55,42619.28,0.75,-3.3,-4.43,1.18,0.26,-6.52,0,0,0,0,0,0,0,0,0,0,0,0,0
2026-09-17,2026-09-16,CMI,Industrials,527.5,1046.51,72618.02,1.39,-1.96,-2.61,0.67,1.02,-4.91,0,0,0,0,0,0,0,0,0,0,0,0,0
2026-09-17,2026-09-16,CMPS,Healthcare,13.8,3403.93,1911.02,0.58,-0.07,-0.36,0.29,0.36,-9.03,0,0,0,0,0,0,0,0,0,0,0,0,0
2026-09-17,2026-09-16,CMS,Utilities,65.99,3450.71,20692.95,0.59,0.11,-0.53,0.64,0.24,-3.2,0,0,0,0,0,0,0,0,0,0,0,0,0
2026-09-17,2026-09-16,CNC,Healthcare,66.01,4694.6,32608.61,0.91,-2.44,-3.49,1.09,-0.38,3.04,0,0,0,0,0,0,0,0,0,0,0,0,0
2026-09-17,2026-09-16,CNH,Industrials,13.52,16848.51,16734.05,0.83,-3.43,-3.36,-0.07,-0.15,-2.73,0,0,0,0,0,0,0,0,0,0,0,0,0
2026-09-17,2026-09-16,CNI,Industrials,119.49,1482.12,72309.37,1.08,-1.87,-1.24,-0.64,0.19,-1.93,0,0,0,0,0,0,0,0,0,0,0,0,0
2026-09-17,2026-09-16,CNK,Communication Services,34.03,2379.8,3944.48,0.73,0.29,0.53,-0.24,-1.56,-3.73,0,0,0,0,0,0,0,0,0,0,0,0,0
2026-09-17,2026-09-16,CNM,Industrials,42.82,2380.49,8156.96,1.73,4.24,3.33,0.88,0.0,2.93,0,0,0,0,0,0,0,0,0,0,0,0,0
2026-09-17,2026-09-16,CNMD,Healthcare,47.04,560.58,1408.91,0.53,0.19,0.94,-0.75,0.0,0.23,0,0,0,0,0,0,0,0,0,0,0,0,0
2026-09-17,2026-09-16,CNO,Financial,55.55,841.37,5139.56,1.59,-0.31,0.02,-0.32,0.0,1.37,0,0,0,0,0,0,0,0,0,0,0,0,0
2026-09-17,2026-09-16,CNP,Utilities,38.33,6601.44,25248.75,1.01,0.92,0.18,0.74,-0.13,-3.62,0,0,0,0,0,0,0,0,0,0,0,0,0
2026-09-17,2026-09-16,CNQ,Energy,50.07,8034.62,103219.3,0.96,-2.87,-1.65,-1.24,-0.06,-2.49,0,0,0,0,0,0,0,0,0,0,0,0,0
2026-09-17,2026-09-16,CNR,Energy,94.01,571.95,4666.3,0.89,-0.53,-0.6,0.07,-0.22,-5.39,0,0,0,0,0,0,0,0,0,0,0,0,0
2026-09-17,2026-09-16,CNX,Energy,33.71,1730.65,4987.18,1.13,-4.75,-4.23,-0.54,0.0,-8.3,0,0,0,0,0,0,0,0,0,0,0,0,0
2026-09-17,2026-09-16,CNXC,Technology,29.16,1724.04,1779.3,0.87,-0.17,1.36,-1.51,-0.31,7.72,0,0,0,0,0,0,0,0,0,0,0,0,0
2026-09-17,2026-09-16,COCO,Consumer Defensive,56.37,1180.63,3235.47,2.16,1.06,0.68,0.38,1.74,9.48,1,0,0,0,0,0,0,0,0,0,0,0,1
2026-09-17,2026-09-16,CODI,Industrials,11.01,724.64,828.35,0.55,-0.81,-1.17,0.36,0.0,-1.87,0,0,0,0,0,0,0,0,0,0,0,0,0
2026-09-17,2026-09-16,COF,Financial,203.19,3879.47,124653.98,1.09,-1.77,-1.55,-0.23,1.05,-3.64,0,0,0,0,0,0,0,0,0,0,0,0,0
2026-09-17,2026-09-16,COGT,Healthcare,32.54,2265.95,5646.5,0.85,-0.61,-1.06,0.46,1.23,-4.8,0,0,0,0,0,0,0,0,0,0,0,0,0
2026-09-17,2026-09-16,COHR,Technology,289.93,6086.77,56777.64,1.24,6.92,3.34,3.46,0.89,-4.46,0,0,0,1,0,0,1,0,0,0,0,0,1
2026-09-17,2026-09-16,COHU,Technology,51.06,1147.94,2417.1,1.39,2.18,-0.45,2.64,0.55,-9.92,0,0,0,0,0,0,0,0,0,0,0,0,0
2026-09-17,2026-09-16,COIN,Financial,164.51,8643.37,43403.81,1.59,-4.42,-4.63,0.23,0.3,-5.84,0,0,0,0,0,0,0,0,0,0,0,0,0
2026-09-17,2026-09-16,COKE,Consumer Defensive,198.67,513.95,13224.33,0.78,0.02,0.16,-0.14,-0.34,5.11,0,0,0,0,0,0,0,0,0,0,0,0,0
2026-09-17,2026-09-16,COLB,Financial,29.72,2956.08,8407.85,0.96,-1.43,-1.69,0.27,0.0,-0.4,0,0,0,0,0,0,0,0,0,0,0,0,0
2026-09-17,2026-09-16,COLL,Healthcare,22.19,653.87,722.4,1.77,1.6,1.6,0.0,0.0,-5.01,0,0,0,0,0,0,0,0,0,0,0,0,0
2026-09-17,2026-09-16,COLM,Consumer Cyclical,57.09,640.18,2922.62,0.83,1.06,0.87,0.19,0.0,1.84,0,0,0,0,0,0,0,0,0,0,0,0,0
2026-09-17,2026-09-16,COMP,Real Estate,10.33,12923.95,7929.77,1.17,-0.29,-1.62,1.35,-0.1,-3.28,0,0,0,0,0,0,0,0,0,0,0,0,0
2026-09-17,2026-09-16,CON,Healthcare,36.37,920.7,4637.82,1.19,2.11,3.47,-1.32,0.16,6.41,0,0,0,0,0,0,0,0,0,0,0,0,0
2026-09-17,2026-09-16,COO,Healthcare,54.61,2739.32,10384.38,1.94,2.52,0.44,2.06,-0.11,-13.97,0,0,0,0,0,0,0,0,0,0,0,0,0
2026-09-17,2026-09-16,COP,Energy,132.54,6938.67,159225.27,1.3,-6.15,-4.25,-1.98,0.37,-2.92,0,0,0,1,0,0,0,0,0,0,0,0,1
2026-09-17,2026-09-16,COR,Healthcare,318.5,1450.92,60778.46,0.64,-1.48,-1.03,-0.45,-0.02,-1.49,0,0,0,0,0,0,0,0,0,0,0,0,0
2026-09-17,2026-09-16,CORT,Healthcare,111.81,1077.18,12086.48,0.62,0.89,0.89,0.0,-0.08,-3.36,0,0,0,0,0,0,0,0,0,0,0,0,0
2026-09-17,2026-09-16,CORZ,Technology,16.88,12188.33,5424.23,1.01,5.24,3.05,2.12,0.69,-6.69,0,0,0,1,0,0,0,0,0,0,0,0,1
2026-09-17,2026-09-16,COST,Consumer Defensive,893.74,2181.01,396354.75,0.96,-0.84,-0.81,-0.03,0.11,-0.98,0,0,0,0,0,0,0,0,0,0,0,0,0
2026-09-17,2026-09-16,COUR,Consumer Defensive,5.24,6260.57,1385.45,0.83,-0.76,-1.69,0.95,1.19,-1.13,0,0,0,0,0,0,0,0,0,0,0,0,0
2026-09-17,2026-09-16,CP,Industrials,87.68,2487.56,77077.73,0.91,-1.51,-0.57,-0.94,0.23,-2.65,0,0,0,0,0,0,0,0,0,0,0,0,0
2026-09-17,2026-09-16,CPAY,Technology,402.27,581.48,26412.88,0.67,-1.34,-1.05,-0.3,-1.43,-0.94,0,0,0,0,0,0,0,0,0,0,0,0,0
2026-09-17,2026-09-16,CPB,Consumer Defensive,21.39,8084.83,6378.64,1.07,0.14,0.14,0.0,0.05,-2.24,0,0,0,0,0,0,0,0,0,0,0,0,0
2026-09-17,2026-09-16,CPNG,Consumer Cyclical,14.4,18481.23,25884.17,0.73,-1.91,-2.17,0.27,0.83,-2.44,0,0,0,0,0,0,0,0,0,0,0,0,0
2026-09-17,2026-09-16,CPRI,Consumer Cyclical,14.73,3902.59,1674.09,1.67,4.84,3.08,1.71,1.77,15.89,0,0,0,0,0,0,0,0,0,0,1,0,1
2026-09-17,2026-09-16,CPRT,Industrials,30.82,11924.35,28533.51,0.63,-0.71,0.82,-1.51,-0.71,-3.78,0,0,0,0,0,0,0,0,0,0,0,0,0
2026-09-17,2026-09-16,CRBG,Financial,34.85,4213.66,15535.17,1.39,-0.49,0.06,-0.54,0.34,3.05,0,0,0,0,0,0,0,0,0,0,0,0,0
2026-09-17,2026-09-16,CRC,Energy,54.47,852.03,4838.02,1.33,-5.5,-4.14,-1.42,0.02,-3.93,0,0,0,1,0,0,0,0,0,0,0,0,1
2026-09-17,2026-09-16,CRCL,Financial,80.45,13961.79,20424.31,1.84,-6.78,-6.14,-0.68,0.0,-13.49,0,0,0,1,0,0,0,0,0,0,0,0,1
2026-09-17,2026-09-16,CRCT,Technology,5.59,705.47,1170.79,0.8,-1.06,-0.71,-0.35,1.07,2.95,0,0,0,0,0,0,0,0,0,0,0,0,0
2026-09-17,2026-09-16,CRDO,Technology,161.49,7219.28,30352.36,1.24,7.38,5.48,1.8,2.33,-3.83,0,0,0,1,0,0,0,0,1,0,0,0,1
2026-09-17,2026-09-16,CRGY,Energy,14.4,5973.31,4757.81,1.59,-6.31,-4.73,-1.66,0.42,1.12,0,0,0,1,0,0,0,0,0,0,0,0,1
2026-09-17,2026-09-16,CRH,Basic Materials,86.7,4519.85,57680.16,1.04,-1.13,-1.24,0.11,0.28,-2.97,0,0,0,0,0,0,0,0,0,0,0,0,0
2026-09-17,2026-09-16,CRI,Consumer Cyclical,29.03,1154.84,1065.72,1.5,-0.41,-1.09,0.69,0.83,-9.48,0,0,0,0,0,0,0,0,0,0,0,0,0
2026-09-17,2026-09-16,CRK,Energy,13.1,2536.4,3846.43,1.38,-8.46,-7.09,-1.47,0.53,-12.08,0,0,0,1,1,0,0,0,0,0,0,0,1
2026-09-17,2026-09-16,CRL,Healthcare,273.41,912.68,13052.28,1.11,0.19,0.23,-0.04,-0.3,-1.77,0,0,0,0,0,0,0,0,0,0,0,0,0
2026-09-17,2026-09-16,CRM,Technology,250.54,15034.82,206194.41,0.63,-2.0,-0.52,-1.49,0.13,2.61,0,0,0,0,0,0,0,0,0,0,0,0,0
2026-09-17,2026-09-16,CRMD,Healthcare,7.82,1244.34,609.53,0.53,0.77,0.51,0.26,-0.0,-3.81,0,0,0,0,0,0,0,0,0,0,0,0,0
2026-09-17,2026-09-16,CRML,Basic Materials,6.48,6268.43,951.84,1.35,2.05,-5.61,8.11,0.46,-8.35,0,0,0,0,0,0,1,1,0,0,0,0,1
2026-09-17,2026-09-16,CRNC,Technology,7.85,748.75,355.06,0.6,-2.24,-2.12,-0.12,0.38,-5.19,0,0,0,0,0,0,0,0,0,0,0,0,0
2026-09-17,2026-09-16,CROX,Consumer Cyclical,115.4,1035.21,5532.86,1.21,3.52,3.27,0.24,0.16,3.88,0,0,0,0,0,0,0,0,0,0,0,0,0
2026-09-17,2026-09-16,CRS,Industrials,411.8,781.02,20408.21,0.98,-0.85,-2.02,1.19,1.95,-10.18,0,0,0,0,0,0,0,0,0,0,0,0,0
2026-09-17,2026-09-16,CRSP,Healthcare,52.21,1563.82,5048.32,1.71,0.73,0.1,0.64,0.23,-2.32,0,0,0,0,0,0,0,0,0,0,0,0,0
2026-09-17,2026-09-16,CRSR,Technology,13.16,1784.64,1423.6,0.49,-1.5,-1.5,0.0,-0.3,6.73,0,0,0,0,0,0,0,0,0,0,0,0,0
2026-09-17,2026-09-16,CRUS,Technology,118.0,781.89,5913.88,1.12,-3.44,-4.14,0.72,0.51,6.58,0,0,0,0,0,0,0,0,0,0,0,0,0
2026-09-17,2026-09-16,CRVS,Healthcare,12.23,1035.14,1028.8,0.92,-5.56,-5.92,0.39,0.57,-8.25,0,0,0,1,0,0,0,0,0,0,0,0,1
2026-09-17,2026-09-16,CRWD,Technology,241.36,10076.51,247136.91,1.17,-0.47,1.87,-2.3,0.63,16.15,0,0,0,0,0,0,0,0,0,0,1,0,1
2026-09-17,2026-09-16,CRWV,Technology,83.35,27981.13,45970.57,0.67,3.0,-0.48,3.5,3.23,-12.21,0,0,0,0,0,0,1,0,1,0,0,0,1
2026-09-17,2026-09-16,CSCO,Technology,107.74,20933.42,424774.28,0.74,-2.12,-2.64,0.54,0.22,-1.54,0,0,0,0,0,0,0,0,0,0,0,0,0
2026-09-17,2026-09-16,CSGP,Real Estate,30.36,7205.92,12301.8,0.65,-3.8,-2.85,-0.98,-0.1,2.64,0,0,0,0,0,0,0,0,0,0,0,0,0
2026-09-17,2026-09-16,CSIQ,Technology,11.34,2131.92,769.95,1.37,-7.35,-8.55,1.31,0.79,-15.75,0,0,0,1,0,0,0,0,0,0,0,0,1
2026-09-17,2026-09-16,CSL,Industrials,317.54,560.3,12610.83,0.99,-2.07,-2.33,0.26,1.95,-5.92,0,0,0,0,0,0,0,0,0,0,0,0,0
2026-09-17,2026-09-16,CSQR,Technology,17.46,1489.8,2909.43,0.85,-2.68,-3.0,0.33,0.0,-2.78,0,0,0,0,0,0,0,0,0,0,0,0,0
2026-09-17,2026-09-16,CSTM,Basic Materials,25.93,1637.34,3514.23,0.84,1.41,0.19,1.21,1.04,-4.67,0,0,0,0,0,0,0,0,0,0,0,0,0
2026-09-17,2026-09-16,CSWC,Financial,23.6,658.5,1504.12,1.1,-1.13,-1.36,0.23,0.34,-2.4,0,0,0,0,0,0,0,0,0,0,0,0,0
2026-09-17,2026-09-16,CSX,Industrials,47.9,11529.8,88733.55,0.99,-1.56,-0.25,-1.32,-0.52,-0.97,0,0,0,0,0,0,0,0,0,0,0,0,0
2026-09-17,2026-09-16,CTAS,Industrials,199.46,2135.59,79817.82,0.99,0.26,0.95,-0.68,-0.4,-0.29,0,0,0,0,0,0,0,0,0,0,0,0,0
2026-09-17,2026-09-16,CTOS,Industrials,9.05,1078.19,2058.92,0.69,0.22,-1.2,1.44,0.77,-2.16,0,0,0,0,0,0,0,0,0,0,0,0,0
2026-09-17,2026-09-16,CTRE,Real Estate,37.98,2491.04,8974.41,0.94,-1.15,-1.25,0.1,0.0,-2.72,0,0,0,0,0,0,0,0,0,0,0,0,0
2026-09-17,2026-09-16,CTRI,Utilities,19.16,1751.33,1934.46,0.72,0.47,-1.03,1.52,0.0,-4.96,0,0,0,0,0,0,0,0,0,0,0,0,0
2026-09-17,2026-09-16,CTSH,Technology,61.85,10046.55,27859.97,0.52,-2.26,-0.72,-1.55,-0.66,6.27,0,0,0,0,0,0,0,0,0,0,0,0,0
2026-09-17,2026-09-16,CTVA,Basic Materials,81.01,4581.97,54049.55,1.41,-2.85,-1.9,-0.97,-0.15,-4.41,0,0,0,0,0,0,0,0,0,0,0,0,0
2026-09-17,2026-09-16,CUBE,Real Estate,39.69,2130.78,8975.75,1.25,-0.6,-0.33,-0.28,0.71,2.06,0,0,0,0,0,0,0,0,0,0,0,0,0
2026-09-17,2026-09-16,CURB,Real Estate,28.69,1454.68,3300.44,0.76,-1.88,-1.61,-0.27,0.0,-2.12,0,0,0,0,0,0,0,0,0,0,0,0,0
2026-09-17,2026-09-16,CUZ,Real Estate,28.27,1534.44,4653.3,1.04,1.18,1.0,0.18,0.0,1.33,0,0,0,0,0,0,0,0,0,0,0,0,0
2026-09-17,2026-09-16,CVBF,Financial,22.72,1444.59,3998.66,1.8,-0.83,-0.74,-0.09,-0.04,2.9,0,0,0,0,0,0,0,0,0,0,0,0,0
2026-09-17,2026-09-16,CVE,Energy,32.52,7233.95,59974.69,0.86,-4.13,-2.75,-1.42,0.18,-2.81,0,0,0,0,0,0,0,0,0,0,0,0,0
2026-09-17,2026-09-16,CVI,Energy,53.05,1057.45,5333.15,1.25,1.69,3.92,-2.15,0.13,11.15,0,0,0,0,0,0,0,0,0,0,0,0,0
2026-09-17,2026-09-16,CVLT,Technology,145.21,685.74,6018.17,0.68,1.33,2.68,-1.31,0.0,10.29,0,0,0,0,0,0,0,0,0,0,0,0,0
2026-09-17,2026-09-16,CVNA,Consumer Cyclical,65.4,9697.06,71970.33,0.88,-2.24,-3.33,1.12,0.54,-10.91,0,0,0,0,0,0,0,0,0,0,0,0,0
2026-09-17,2026-09-16,CVS,Healthcare,91.72,7414.5,117307.16,0.97,-2.93,-2.9,-0.03,0.07,-3.84,0,0,0,0,0,0,0,0,0,0,0,0,0
2026-09-17,2026-09-16,CVX,Energy,211.54,8430.3,417954.63,0.95,-2.86,-1.65,-1.23,0.11,-1.06,0,0,0,0,0,0,0,0,0,0,0,0,0
2026-09-17,2026-09-16,CWEN,Utilities,29.98,1328.07,6154.14,0.94,0.17,-1.02,1.2,0.9,-6.52,0,0,0,0,0,0,0,0,0,0,0,0,0
2026-09-17,2026-09-16,CWH,Consumer Cyclical,5.56,2082.59,574.31,1.05,-3.47,-3.47,0.0,0.72,-10.03,0,0,0,0,0,0,0,0,0,0,0,0,0
2026-09-17,2026-09-16,CWK,Real Estate,12.54,2012.2,2943.31,0.79,0.16,-0.87,1.04,-1.44,-4.78,0,0,0,0,0,0,0,0,0,0,0,0,0
2026-09-17,2026-09-16,CWST,Industrials,90.06,614.74,5731.4,0.77,-0.31,-0.12,-0.19,-0.3,-1.21,0,0,0,0,0,0,0,0,0,0,0,0,0
2026-09-17,2026-09-16,CWT,Utilities,48.05,521.11,2971.37,0.65,0.48,0.04,0.44,-0.31,-2.79,0,0,0,0,0,0,0,0,0,0,0,0,0
2026-09-17,2026-09-16,CX,Basic Materials,10.16,6107.87,15358.87,0.61,-0.29,-0.88,0.59,0.3,-6.36,0,0,0,0,0,0,0,0,0,0,0,0,0
2026-09-17,2026-09-16,CXM,Technology,5.59,3649.16,1297.84,1.02,-1.06,0.54,-1.59,0.0,5.08,0,0,0,0,0,0,0,0,0,0,0,0,0
2026-09-17,2026-09-16,CXT,Industrials,47.33,773.33,2724.37,0.7,-0.44,-0.53,0.08,1.27,-6.59,0,0,0,0,0,0,0,0,0,0,0,0,0
2026-09-17,2026-09-16,CXW,Industrials,34.93,1520.73,3454.35,1.51,-1.27,-0.23,-1.05,0.03,1.63,0,0,0,0,0,0,0,0,0,0,0,0,0
2026-09-17,2026-09-16,CYRX,Industrials,16.51,626.67,836.22,0.94,1.23,1.35,-0.12,0.0,9.05,0,0,0,0,0,0,0,0,0,0,0,0,0
2026-09-17,2026-09-16,CYTK,Healthcare,69.39,2078.7,9646.83,1.06,0.12,-0.19,0.3,0.17,-6.37,0,0,0,0,0,0,0,0,0,0,0,0,0
2026-09-17,2026-09-16,CZR,Consumer Cyclical,29.67,3826.2,6046.16,1.34,0.07,0.0,0.07,0.0,0.0,0,0,0,0,0,0,0,0,0,0,0,0,0
2026-09-17,2026-09-16,D,Utilities,63.51,4674.71,55858.69,0.79,-0.56,-1.34,0.78,-0.09,-2.44,0,0,0,0,0,0,0,0,0,0,0,0,0
2026-09-17,2026-09-16,DAKT,Technology,17.56,609.76,844.5,1.11,-1.01,-1.46,0.45,-0.34,-7.82,0,0,0,0,0,0,0,0,0,0,0,0,0
2026-09-17,2026-09-16,DAL,Industrials,77.87,6318.54,51209.11,1.11,-1.29,-2.25,0.98,0.0,-1.12,0,0,0,0,0,0,0,0,0,0,0,0,0
2026-09-17,2026-09-16,DAN,Consumer Cyclical,29.96,1606.35,3223.0,0.77,-0.63,-1.9,1.29,0.0,-1.61,0,0,0,0,0,0,0,0,0,0,0,0,0
2026-09-17,2026-09-16,DAR,Consumer Defensive,65.56,2476.0,10345.56,0.76,-1.47,-0.67,-0.81,0.53,-2.89,0,0,0,0,0,0,0,0,0,0,0,0,0
2026-09-17,2026-09-16,DASH,Consumer Cyclical,196.76,4295.69,85260.81,0.71,-0.76,-0.78,0.03,0.21,-0.25,0,0,0,0,0,0,0,0,0,0,0,0,0
2026-09-17,2026-09-16,DB,Financial,38.36,2007.72,72081.51,0.94,-0.85,-0.62,-0.23,0.78,-5.66,0,0,0,0,0,0,0,0,0,0,0,0,0
2026-09-17,2026-09-16,DBI,Consumer Cyclical,6.04,605.84,308.78,1.06,-3.36,-3.36,0.0,0.0,15.71,0,0,0,0,0,0,0,0,0,0,1,0,1
2026-09-17,2026-09-16,DBRG,Financial,15.88,3666.52,3021.65,1.94,0.13,0.13,0.0,0.0,-0.25,0,0,0,0,0,0,0,0,0,0,0,0,0
2026-09-17,2026-09-16,DBX,Technology,37.74,3969.74,8206.29,1.0,0.29,1.64,-1.33,-0.08,9.11,0,0,0,0,0,0,0,0,0,0,0,0,0
2026-09-17,2026-09-16,DC,Basic Materials,5.68,1478.23,762.1,0.75,-2.07,-3.73,1.72,0.7,-4.54,0,0,0,0,0,0,0,0,0,0,0,0,0
2026-09-17,2026-09-16,DCH,Consumer Cyclical,6.0,3228.38,1425.63,0.97,-1.64,-2.6,0.98,0.0,-10.71,0,0,0,0,0,0,0,0,0,0,0,0,0
2026-09-17,2026-09-16,DCI,Industrials,86.33,711.31,10006.61,0.9,-0.84,-1.55,0.72,0.0,-3.87,0,0,0,0,0,0,0,0,0,0,0,0,0
2026-09-17,2026-09-16,DCTH,Healthcare,16.22,517.8,562.81,0.89,0.31,0.37,-0.06,0.0,1.5,0,0,0,0,0,0,0,0,0,0,0,0,0
2026-09-17,2026-09-16,DD,Basic Materials,127.57,1480.56,17227.05,0.68,-0.37,-0.9,0.54,0.0,-0.27,0,0,0,0,0,0,0,0,0,0,0,0,0
2026-09-17,2026-09-16,DDOG,Technology,230.79,4501.34,82870.93,0.62,0.23,0.72,-0.5,0.5,2.45,0,0,0,0,0,0,0,0,0,0,0,0,0
2026-09-17,2026-09-16,DE,Industrials,669.47,1222.87,180506.11,0.71,-2.13,-1.8,-0.34,-0.06,-1.14,0,0,0,0,0,0,0,0,0,0,0,0,0
2026-09-17,2026-09-16,DEC,Energy,14.16,996.38,1119.59,1.09,-5.66,-4.42,-1.3,1.91,-6.1,0,0,0,1,0,0,0,0,0,0,0,0,1
2026-09-17,2026-09-16,DECK,Consumer Cyclical,77.96,2547.64,10616.74,1.2,0.58,-0.32,0.9,0.46,-2.83,0,0,0,0,0,0,0,0,0,0,0,0,0
2026-09-17,2026-09-16,DEI,Real Estate,10.36,1852.06,1735.14,1.35,0.1,-0.1,0.19,0.0,-3.9,0,0,0,0,0,0,0,0,0,0,0,0,0
2026-09-17,2026-09-16,DELL,Technology,563.29,7714.83,358146.96,1.69,3.64,1.75,1.86,0.74,5.24,0,0,0,0,0,0,0,0,0,0,0,0,0
2026-09-17,2026-09-16,DEO,Consumer Defensive,86.95,1102.48,48358.11,1.25,0.17,-0.7,0.88,0.43,0.99,0,0,0,0,0,0,0,0,0,0,0,0,0
2026-09-17,2026-09-16,DFH,Consumer Cyclical,12.01,673.81,1087.33,2.06,-4.23,-4.53,0.32,-0.17,-7.04,1,0,0,0,0,0,0,0,0,0,0,0,1
2026-09-17,2026-09-16,DFTX,Healthcare,37.85,2956.61,5085.79,0.7,2.8,2.32,0.46,0.32,-0.37,0,0,0,0,0,0,0,0,0,0,0,0,0
2026-09-17,2026-09-16,DG,Consumer Defensive,123.01,2547.91,27138.07,0.91,-1.36,-1.1,-0.26,-0.01,-1.25,0,0,0,0,0,0,0,0,0,0,0,0,0
2026-09-17,2026-09-16,DGX,Healthcare,247.08,964.89,27271.05,0.98,0.0,0.66,-0.65,-0.02,4.94,0,0,0,0,0,0,0,0,0,0,0,0,0
2026-09-17,2026-09-16,DHI,Consumer Cyclical,138.32,2319.34,38688.28,1.7,-1.34,-2.74,1.44,-0.24,-0.44,0,0,0,0,0,0,0,0,0,0,0,0,0
2026-09-17,2026-09-16,DHR,Healthcare,208.36,4589.81,146474.18,0.78,-0.48,-0.62,0.15,-0.09,1.71,0,0,0,0,0,0,0,0,0,0,0,0,0
2026-09-17,2026-09-16,DHT,Energy,23.04,3463.47,3714.87,1.54,4.07,3.85,0.2,1.13,8.68,0,0,0,0,0,0,0,0,0,0,0,0,0
2026-09-17,2026-09-16,DINO,Energy,113.97,2668.73,20262.03,0.78,1.53,3.14,-1.56,0.42,5.39,0,0,0,0,0,0,0,0,0,0,0,0,0
2026-09-17,2026-09-16,DIOD,Technology,89.43,625.44,4118.41,0.83,-0.93,-2.39,1.5,1.76,-0.71,0,0,0,0,0,0,0,0,0,0,0,0,0
2026-09-17,2026-09-16,DIS,Communication Services,106.99,10287.56,184738.23,0.98,0.54,0.48,0.05,-0.11,2.7,0,0,0,0,0,0,0,0,0,0,0,0,0
2026-09-17,2026-09-16,DJT,Communication Services,8.55,4526.4,2376.4,0.54,-0.35,-0.47,0.12,0.1,-1.84,0,0,0,0,0,0,0,0,0,0,0,0,0
2026-09-17,2026-09-16,DK,Energy,79.16,1487.67,4847.14,1.24,1.31,3.48,-2.1,-0.08,5.15,0,0,0,0,0,0,0,0,0,0,0,0,0
2026-09-17,2026-09-16,DKNG,Consumer Cyclical,24.33,11412.85,21640.76,0.78,-1.26,-0.57,-0.69,-0.33,2.83,0,0,0,0,0,0,0,0,0,0,0,0,0
2026-09-17,2026-09-16,DKS,Consumer Cyclical,123.65,2684.42,10995.82,2.23,-0.06,-0.68,0.63,0.36,-7.28,1,0,0,0,0,0,0,0,0,0,0,0,1
2026-09-17,2026-09-16,DLB,Industrials,58.74,975.08,5502.11,0.88,-2.68,-2.1,-0.6,0.0,-5.01,0,0,0,0,0,0,0,0,0,0,0,0,0
2026-09-17,2026-09-16,DLO,Technology,14.3,2513.09,4034.19,0.48,-1.04,-1.52,0.48,-0.98,-2.49,0,0,0,0,0,0,0,0,0,0,0,0,0
2026-09-17,2026-09-16,DLTR,Consumer Defensive,112.4,2909.23,21089.64,1.24,-0.35,-1.29,0.96,1.42,-5.06,0,0,0,0,0,0,0,0,0,0,0,0,0
2026-09-17,2026-09-16,DMRA,Healthcare,24.53,594.08,1514.37,2.09,-0.89,-1.41,0.53,0.17,-6.62,1,0,0,0,0,0,0,0,0,0,0,0,1
2026-09-17,2026-09-16,DNA,Healthcare,7.06,1107.2,475.42,0.88,1.0,-0.56,1.57,0.0,3.98,0,0,0,0,0,0,0,0,0,0,0,0,0
2026-09-17,2026-09-16,DNLI,Healthcare,20.06,1587.78,3206.54,1.17,-1.57,-1.67,0.1,0.1,-7.0,0,0,0,0,0,0,0,0,0,0,0,0,0
2026-09-17,2026-09-16,DNOW,Industrials,15.6,2655.31,2820.26,0.88,-3.11,-2.86,-0.25,0.96,-3.35,0,0,0,0,0,0,0,0,0,0,0,0,0
2026-09-17,2026-09-16,DNTH,Healthcare,102.49,932.88,5732.71,1.11,-2.18,-2.79,0.63,0.0,-4.25,0,0,0,0,0,0,0,0,0,0,0,0,0
2026-09-17,2026-09-16,DOC,Real Estate,20.35,5646.92,14377.83,0.87,0.94,0.79,0.15,-0.15,-0.2,0,0,0,0,0,0,0,0,0,0,0,0,0
2026-09-17,2026-09-16,DOCN,Technology,123.76,3203.62,14551.65,0.59,5.01,4.85,0.16,1.93,-6.72,0,0,0,1,0,0,0,0,0,0,0,0,1
2026-09-17,2026-09-16,DOCS,Healthcare,25.94,4599.9,4623.7,0.5,0.5,1.49,-0.97,-0.42,7.23,0,0,0,0,0,0,0,0,0,0,0,0,0
2026-09-17,2026-09-16,DOCU,Technology,70.4,3542.1,13157.93,0.68,-2.02,-0.28,-1.74,-0.28,9.23,0,0,0,0,0,0,0,0,0,0,0,0,0
2026-09-17,2026-09-16,DOLE,Consumer Defensive,13.1,1083.02,1237.41,0.79,-1.21,-0.46,-0.75,0.5,-5.0,0,0,0,0,0,0,0,0,0,0,0,0,0
2026-09-17,2026-09-16,DOV,Industrials,188.36,1185.51,25368.36,1.21,-0.32,-0.97,0.65,0.34,-1.6,0,0,0,0,0,0,0,0,0,0,0,0,0
2026-09-17,2026-09-16,DOW,Basic Materials,30.08,10142.88,21728.01,1.21,0.77,2.31,-1.51,-0.17,2.31,0,0,0,0,0,0,0,0,0,0,0,0,0
2026-09-17,2026-09-16,DOX,Technology,61.4,1371.13,6604.86,0.56,-1.44,-0.81,-0.64,0.0,2.66,0,0,0,0,0,0,0,0,0,0,0,0,0
2026-09-17,2026-09-16,DPC,Industrials,39.52,1596.44,5904.01,0.54,-1.35,-1.89,0.55,0.96,-2.64,0,0,0,0,0,0,0,0,0,0,0,0,0
2026-09-17,2026-09-16,DPRO,Technology,5.43,1188.91,201.72,0.89,1.5,0.56,0.93,-1.85,-5.89,0,0,0,0,0,0,0,0,0,0,0,0,0
2026-09-17,2026-09-16,DPZ,Consumer Cyclical,301.3,923.16,9968.49,0.84,-3.06,-3.06,0.0,0.88,-6.27,0,0,0,0,0,0,0,0,0,0,0,0,0
2026-09-17,2026-09-16,DQ,Technology,11.31,945.6,765.35,0.66,0.44,-1.14,1.6,0.0,-6.14,0,0,0,0,0,0,0,0,0,0,0,0,0
2026-09-17,2026-09-16,DRH,Real Estate,12.27,2591.96,2518.22,1.65,-0.97,-0.97,0.0,0.0,1.66,0,0,0,0,0,0,0,0,0,0,0,0,0
2026-09-17,2026-09-16,DRI,Consumer Cyclical,208.08,1309.23,23625.77,0.84,-0.5,-1.75,1.28,0.27,-0.64,0,0,0,0,0,0,0,0,0,0,0,0,0
2026-09-17,2026-09-16,DRS,Industrials,37.09,976.22,9899.0,1.31,0.58,0.87,-0.28,1.13,2.86,0,0,0,0,0,0,0,0,0,0,0,0,0
2026-09-17,2026-09-16,DRTS,Healthcare,15.04,666.14,1358.51,1.01,1.14,1.08,0.07,-0.07,5.4,0,0,0,0,0,0,0,0,0,0,0,0,0
2026-09-17,2026-09-16,DRVN,Consumer Cyclical,12.07,921.71,1991.31,1.54,-3.59,-3.59,0.0,0.33,-3.67,0,0,0,0,0,0,0,0,0,0,0,0,0
2026-09-17,2026-09-16,DSGN,Healthcare,12.51,709.42,782.58,1.39,2.29,1.34,0.94,0.0,-16.74,0,0,0,0,0,0,0,0,0,0,0,0,0
2026-09-17,2026-09-16,DSGX,Technology,79.04,598.22,6761.87,0.91,-0.93,1.18,-2.08,0.05,7.63,0,0,0,0,0,0,0,0,0,0,0,0,0
2026-09-17,2026-09-16,DT,Technology,55.19,6001.72,15950.03,1.12,0.04,1.21,-1.16,0.45,9.07,0,0,0,0,0,0,0,0,0,0,0,0,0
2026-09-17,2026-09-16,DTE,Utilities,130.7,1328.21,27197.11,1.72,0.23,-0.57,0.81,-0.43,-3.94,0,0,0,0,0,0,0,0,0,0,0,0,0
2026-09-17,2026-09-16,DTM,Energy,124.99,877.96,12750.89,1.3,-0.07,-0.06,-0.02,0.0,-3.93,0,0,0,0,0,0,0,0,0,0,0,0,0
2026-09-17,2026-09-16,DUK,Utilities,117.76,4062.24,91817.74,0.94,-0.01,-0.56,0.55,-0.05,-2.22,0,0,0,0,0,0,0,0,0,0,0,0,0
2026-09-17,2026-09-16,DUKU,Utilities,49.31,950.91,92161.96,0.07,0.37,0.37,0.0,,-1.06,0,0,0,0,0,0,0,0,0,0,0,0,0
2026-09-17,2026-09-16,DUOL,Technology,148.17,1273.56,6932.28,0.9,-3.74,-1.44,-2.33,0.07,6.41,0,0,0,0,0,0,0,0,0,0,0,0,0
2026-09-17,2026-09-16,DUOT,Technology,8.3,980.22,261.23,0.64,2.22,2.34,-0.12,1.2,-5.68,0,0,0,0,0,0,0,0,0,0,0,0,0
2026-09-17,2026-09-16,DV,Communication Services,13.49,3937.91,2090.78,1.58,-0.07,0.15,-0.22,-0.3,1.2,0,0,0,0,0,0,0,0,0,0,0,0,0
2026-09-17,2026-09-16,DVA,Healthcare,193.86,819.76,12368.27,0.73,1.55,1.27,0.28,0.31,5.93,0,0,0,0,0,0,0,0,0,0,0,0,0
2026-09-17,2026-09-16,DVN,Energy,48.44,11748.56,53284.0,1.28,-5.63,-4.02,-1.68,0.02,-1.1,0,0,0,1,0,0,0,0,0,0,0,0,1
2026-09-17,2026-09-16,DX,Real Estate,12.16,5465.88,3017.71,1.52,-0.57,-0.73,0.16,0.69,-5.22,0,0,0,0,0,0,0,0,0,0,0,0,0
2026-09-17,2026-09-16,DXC,Technology,11.58,4034.85,1850.24,0.56,-3.82,-2.2,-1.66,0.26,5.75,0,0,0,0,0,0,0,0,0,0,0,0,0
2026-09-17,2026-09-16,DXCM,Healthcare,87.34,4675.9,32958.69,0.77,1.03,1.5,-0.46,-0.71,4.12,0,0,0,0,0,0,0,0,0,0,0,0,0
2026-09-17,2026-09-16,DXYZ,Financial,30.75,1355.85,936.95,0.51,1.62,1.59,0.03,0.49,-5.67,0,0,0,0,0,0,0,0,0,0,0,0,0
2026-09-17,2026-09-16,DY,Industrials,287.38,625.42,8667.65,0.95,1.79,-0.21,2.0,1.43,-1.07,0,0,0,0,0,0,0,0,0,0,0,0,0
2026-09-17,2026-09-16,DYN,Healthcare,17.31,2661.8,3231.65,0.81,-3.32,-5.8,2.63,2.57,-9.82,0,0,0,0,0,0,0,0,1,0,0,0,1
2026-09-17,2026-09-16,EAT,Consumer Cyclical,210.61,1045.4,8796.13,1.48,3.51,2.81,0.68,0.0,-2.18,0,0,0,0,0,0,0,0,0,0,0,0,0
2026-09-17,2026-09-16,EBAY,Consumer Cyclical,109.17,4035.68,48580.65,1.15,1.06,1.61,-0.55,-1.15,5.47,0,0,0,0,0,0,0,0,0,0,0,0,0
2026-09-17,2026-09-16,EBC,Financial,21.59,3053.61,4933.56,0.92,-1.24,-0.96,-0.27,0.0,-0.55,0,0,0,0,0,0,0,0,0,0,0,0,0
2026-09-17,2026-09-16,EBS,Healthcare,6.75,1132.48,346.1,1.42,6.13,5.47,0.63,0.0,18.84,0,0,0,1,0,0,0,0,0,0,1,0,1
2026-09-17,2026-09-16,EC,Energy,17.46,2322.57,35894.96,0.77,-4.38,-2.84,-1.59,0.63,-2.08,0,0,0,0,0,0,0,0,0,0,0,0,0
2026-09-17,2026-09-16,ECG,Industrials,111.28,582.31,5682.38,0.67,1.89,-0.2,2.09,1.95,-5.12,0,0,0,0,0,0,0,0,0,0,0,0,0
2026-09-17,2026-09-16,ECHO,Communication Services,93.46,5703.45,27149.26,0.56,1.48,1.68,-0.2,0.66,2.34,0,0,0,0,0,0,0,0,0,0,0,0,0
2026-09-17,2026-09-16,ECL,Basic Materials,274.08,1399.25,76832.45,0.91,-0.19,-0.55,0.36,2.12,0.69,0,0,0,0,0,0,0,0,1,0,0,0,1
2026-09-17,2026-09-16,ECO,Industrials,84.74,529.04,3249.67,2.06,2.43,2.73,-0.29,1.49,18.24,1,0,0,0,0,0,0,0,0,0,1,0,1
2026-09-17,2026-09-16,ECVT,Basic Materials,10.88,1509.01,1191.02,1.26,3.23,2.45,0.76,-0.18,6.15,0,0,0,0,0,0,0,0,0,0,0,0,0
2026-09-17,2026-09-16,ED,Utilities,105.42,2244.76,38850.41,0.83,0.17,-0.47,0.65,0.0,-1.93,0,0,0,0,0,0,0,0,0,0,0,0,0
2026-09-17,2026-09-16,EDU,Consumer Defensive,55.82,748.68,8883.75,1.19,-0.78,0.34,-1.12,0.0,0.59,0,0,0,0,0,0,0,0,0,0,0,0,0
2026-09-17,2026-09-16,EEFT,Technology,69.01,681.84,2581.23,0.93,-1.57,-1.33,-0.24,-0.01,-2.18,0,0,0,0,0,0,0,0,0,0,0,0,0
2026-09-17,2026-09-16,EFC,Real Estate,12.62,1222.09,1626.56,1.13,0.0,-0.24,0.24,0.24,-4.83,0,0,0,0,0,0,0,0,0,0,0,0,0
2026-09-17,2026-09-16,EFOR,Technology,32.43,940.85,1329.63,0.63,-4.05,-3.05,-1.04,1.33,5.98,0,0,0,0,0,0,0,0,0,0,0,0,0
2026-09-17,2026-09-16,EFX,Industrials,163.8,1561.61,19244.03,0.72,-1.96,-1.66,-0.31,-0.49,-2.55,0,0,0,0,0,0,0,0,0,0,0,0,0
2026-09-17,2026-09-16,EFXT,Energy,22.36,588.01,2730.16,0.91,-0.18,0.36,-0.54,-0.12,-0.93,0,0,0,0,0,0,0,0,0,0,0,0,0
2026-09-17,2026-09-16,EGO,Basic Materials,40.57,2698.69,10601.75,1.7,0.9,-1.34,2.26,-0.03,-9.0,0,0,0,0,0,0,0,0,0,0,0,0,0
2026-09-17,2026-09-16,EGY,Energy,6.17,1336.07,649.03,1.5,-5.37,-3.44,-1.99,0.0,0.0,0,0,0,1,0,0,0,0,0,0,0,0,1
2026-09-17,2026-09-16,EHC,Healthcare,123.91,990.82,12224.14,0.89,1.57,1.66,-0.09,0.0,1.97,0,0,0,0,0,0,0,0,0,0,0,0,0
2026-09-17,2026-09-16,EIX,Utilities,54.81,4124.5,21091.65,1.07,0.46,-0.8,1.26,0.51,-4.58,0,0,0,0,0,0,0,0,0,0,0,0,0
2026-09-17,2026-09-16,EL,Consumer Defensive,95.6,3099.63,34587.94,0.67,-0.68,-0.68,0.0,0.07,-3.21,0,0,0,0,0,0,0,0,0,0,0,0,0
2026-09-17,2026-09-16,ELAN,Healthcare,22.86,5961.5,11421.35,1.18,-0.61,-0.95,0.35,0.26,-2.93,0,0,0,0,0,0,0,0,0,0,0,0,0
2026-09-17,2026-09-16,ELF,Consumer Defensive,93.41,2513.58,5511.93,0.56,-2.16,-2.61,0.46,0.52,-6.66,0,0,0,0,0,0,0,0,0,0,0,0,0
2026-09-17,2026-09-16,ELMT,Industrials,19.84,660.85,604.31,1.11,1.38,1.07,0.31,0.66,20.53,0,0,0,0,0,0,0,0,0,0,1,0,1
2026-09-17,2026-09-16,ELS,Real Estate,60.88,1496.58,12207.25,1.01,-0.67,-0.41,-0.26,0.0,-0.31,0,0,0,0,0,0,0,0,0,0,0,0,0
2026-09-17,2026-09-16,ELV,Healthcare,412.56,1332.18,89471.6,0.84,-1.19,-1.06,-0.13,0.28,3.95,0,0,0,0,0,0,0,0,0,0,0,0,0
2026-09-17,2026-09-16,ELVA,Industrials,6.19,1031.0,309.5,0.35,-0.16,-0.96,0.81,-0.16,-8.7,0,0,0,0,0,0,0,0,0,0,0,0,0
2026-09-17,2026-09-16,ELVN,Healthcare,49.12,1232.45,3599.06,2.36,-7.95,-8.53,0.64,0.0,-14.5,1,0,0,1,0,0,0,0,0,0,0,0,1
2026-09-17,2026-09-16,EMBC,Healthcare,5.13,1793.35,290.67,0.4,0.79,0.79,0.0,-0.53,0.2,0,0,0,0,0,0,0,0,0,0,0,0,0
2026-09-17,2026-09-16,EMBJ,Industrials,74.01,1151.05,13170.82,1.56,-0.09,-1.23,1.15,0.0,-0.43,0,0,0,0,0,0,0,0,0,0,0,0,0
2026-09-17,2026-09-16,EMN,Basic Materials,65.07,1149.53,7442.53,1.04,-1.23,-1.54,0.32,0.35,-4.78,0,0,0,0,0,0,0,0,0,0,0,0,0
2026-09-17,2026-09-16,EMR,Industrials,145.83,2687.99,81343.98,0.94,-0.8,-1.66,0.88,1.45,-3.0,0,0,0,0,0,0,0,0,0,0,0,0,0
2026-09-17,2026-09-16,ENB,Energy,48.36,4826.71,105622.59,1.45,0.0,0.0,0.0,0.5,-3.57,0,0,0,0,0,0,0,0,0,0,0,0,0
2026-09-17,2026-09-16,ENOV,Healthcare,18.66,1378.79,1076.11,1.31,4.01,3.15,0.84,0.48,-1.94,0,0,0,0,0,0,0,0,0,0,0,0,0
2026-09-17,2026-09-16,ENPH,Technology,35.56,5001.23,4699.06,0.78,-3.16,-4.28,1.17,0.14,-3.16,0,0,0,0,0,0,0,0,0,0,0,0,0
2026-09-17,2026-09-16,ENR,Industrials,20.75,1033.08,1421.04,0.78,1.42,1.22,0.2,1.06,2.72,0,0,0,0,0,0,0,0,0,0,0,0,0
2026-09-17,2026-09-16,ENS,Industrials,171.87,543.52,6198.53,0.69,0.71,-0.38,1.1,0.36,-4.04,0,0,0,0,0,0,0,0,0,0,0,0,0
2026-09-17,2026-09-16,ENSG,Healthcare,177.85,613.21,10365.53,0.79,2.95,2.83,0.12,0.51,3.55,0,0,0,0,0,0,0,0,0,0,0,0,0
2026-09-17,2026-09-16,ENTG,Technology,130.2,2821.32,19894.56,0.66,0.43,-1.33,1.79,0.61,-8.97,0,0,0,0,0,0,0,0,0,0,0,0,0
2026-09-17,2026-09-16,EOG,Energy,144.93,3338.22,76020.01,1.31,-5.73,-3.37,-2.44,0.21,-1.41,0,0,0,1,0,0,0,0,0,0,0,0,1
2026-09-17,2026-09-16,EOLS,Healthcare,7.99,915.72,527.74,0.75,1.01,0.76,0.25,-1.64,-6.77,0,0,0,0,0,0,0,0,0,0,0,0,0
2026-09-17,2026-09-16,EPAM,Technology,117.17,1635.85,6044.45,0.74,-5.13,-3.09,-2.11,-0.03,2.17,0,0,0,1,0,0,0,0,0,0,0,0,1
2026-09-17,2026-09-16,EPC,Consumer Defensive,26.78,761.47,1234.26,0.71,0.53,0.26,0.26,0.15,-1.14,0,0,0,0,0,0,0,0,0,0,0,0,0
2026-09-17,2026-09-16,EPD,Energy,38.09,2936.23,82254.49,0.82,-1.86,-1.68,-0.18,0.16,-3.13,0,0,0,0,0,0,0,0,0,0,0,0,0
2026-09-17,2026-09-16,EPR,Real Estate,57.01,728.96,4367.48,1.95,-2.86,-2.76,-0.1,0.14,-4.46,0,0,0,0,0,0,0,0,0,0,0,0,0
2026-09-17,2026-09-16,EQH,Financial,53.88,2977.96,14711.14,1.08,-0.17,0.09,-0.26,0.0,3.44,0,0,0,0,0,0,0,0,0,0,0,0,0
2026-09-17,2026-09-16,EQIX,Real Estate,1016.16,596.62,100266.22,0.73,0.91,0.04,0.88,-0.35,-2.58,0,0,0,0,0,0,0,0,0,0,0,0,0
2026-09-17,2026-09-16,EQNR,Energy,44.2,3412.08,105671.15,1.14,-3.39,-2.66,-0.74,0.07,-2.28,0,0,0,0,0,0,0,0,0,0,0,0,0
2026-09-17,2026-09-16,EQPT,Industrials,17.58,2898.67,4461.93,1.14,-0.57,-1.9,1.36,1.88,-6.24,0,0,0,0,0,0,0,0,0,0,0,0,0
2026-09-17,2026-09-16,EQT,Energy,50.41,7195.47,31532.26,1.35,-5.1,-4.18,-0.96,0.46,-7.72,0,0,0,1,0,0,0,0,0,0,0,0,1
2026-09-17,2026-09-16,EQX,Basic Materials,11.58,13580.35,13519.19,0.91,-2.36,-4.3,2.02,0.52,-9.88,0,0,0,0,0,0,0,0,0,0,0,0,0
2026-09-17,2026-09-16,ERAS,Healthcare,15.36,4585.67,5372.34,1.33,-5.48,-5.82,0.37,1.56,-2.17,0,0,0,1,0,0,0,0,0,0,0,0,1
2026-09-17,2026-09-16,ERIC,Technology,10.03,11720.62,30538.34,0.55,-0.1,-0.99,0.9,-0.1,-0.3,0,0,0,0,0,0,0,0,0,0,0,0,0
2026-09-17,2026-09-16,ERII,Industrials,7.1,1010.48,362.42,0.9,0.57,0.28,0.28,0.28,-3.79,0,0,0,0,0,0,0,0,0,0,0,0,0
2026-09-17,2026-09-16,ERO,Basic Materials,32.28,1315.72,3366.8,0.68,-0.77,-2.33,1.6,0.12,-15.61,0,0,0,0,0,0,0,0,0,0,0,0,0
2026-09-17,2026-09-16,EROC,Industrials,12.21,2256.52,2678.88,1.47,10.6,8.53,1.9,0.33,-3.63,0,0,0,1,1,1,0,0,0,0,0,0,1
2026-09-17,2026-09-16,ES,Utilities,67.86,2253.41,25561.15,1.08,0.97,0.03,0.94,-0.01,-3.66,0,0,0,0,0,0,0,0,0,0,0,0,0
2026-09-17,2026-09-16,ESAB,Industrials,66.48,760.33,4132.92,1.2,-1.09,-1.79,0.71,1.74,-8.69,0,0,0,0,0,0,0,0,0,0,0,0,0
2026-09-17,2026-09-16,ESI,Basic Materials,32.1,5331.87,7822.47,0.95,0.98,-0.37,1.35,0.53,-10.29,0,0,0,0,0,0,0,0,0,0,0,0,0
2026-09-17,2026-09-16,ESNT,Financial,67.82,696.06,6095.43,1.19,-0.57,-0.19,-0.38,-0.58,-1.09,0,0,0,0,0,0,0,0,0,0,0,0,0
2026-09-17,2026-09-16,ESTA,Healthcare,71.16,572.35,2120.7,0.37,-0.45,-0.52,0.07,0.0,-4.5,0,0,0,0,0,0,0,0,0,0,0,0,0
2026-09-17,2026-09-16,ESTC,Technology,85.03,2317.26,8927.41,0.85,-0.15,1.53,-1.66,1.95,-1.79,0,0,0,0,0,0,0,0,0,0,0,0,0
2026-09-17,2026-09-16,ET,Energy,21.11,8577.9,72688.06,0.79,-1.03,-1.12,0.09,0.28,-2.63,0,0,0,0,0,0,0,0,0,0,0,0,0
2026-09-17,2026-09-16,ETD,Consumer Cyclical,21.62,706.64,544.88,0.51,-0.46,-0.37,-0.09,0.0,-0.41,0,0,0,0,0,0,0,0,0,0,0,0,0
2026-09-17,2026-09-16,ETN,Industrials,397.8,2201.58,154505.52,0.82,1.38,0.04,1.34,0.8,-4.2,0,0,0,0,0,0,0,0,0,0,0,0,0
2026-09-17,2026-09-16,ETON,Healthcare,56.35,558.01,1610.66,0.6,2.59,2.9,-0.31,0.11,-4.22,0,0,0,0,0,0,0,0,0,0,0,0,0
2026-09-17,2026-09-16,ETOR,Financial,28.25,1027.14,2288.54,1.08,-1.43,-1.43,0.0,1.49,-7.68,0,0,0,0,0,0,0,0,0,0,0,0,0
2026-09-17,2026-09-16,ETR,Utilities,102.32,2738.76,48886.19,1.05,-0.58,-1.4,0.83,0.0,-4.53,0,0,0,0,0,0,0,0,0,0,0,0,0
2026-09-17,2026-09-16,ETSY,Consumer Cyclical,73.46,2981.95,6742.29,0.83,-0.73,-0.74,0.01,0.0,3.19,0,0,0,0,0,0,0,0,0,0,0,0,0
2026-09-17,2026-09-16,EVC,Communication Services,7.89,1672.06,728.15,0.69,-2.83,-3.66,0.86,-0.65,-5.73,0,0,0,0,0,0,0,0,0,0,0,0,0
2026-09-17,2026-09-16,EVER,Communication Services,23.34,669.79,822.5,1.01,-4.62,-3.35,-1.31,1.97,-0.09,0,0,0,0,0,0,0,0,0,0,0,0,0
2026-09-17,2026-09-16,EVLV,Industrials,5.05,2087.96,913.78,1.19,-1.27,-1.08,-0.2,-0.1,2.33,0,0,0,0,0,0,0,0,0,0,0,0,0
2026-09-17,2026-09-16,EVMN,Healthcare,9.37,854.25,340.06,0.67,-6.21,-6.11,-0.1,0.0,-13.56,0,0,0,1,0,0,0,0,0,0,0,0,1
2026-09-17,2026-09-16,EVRG,Utilities,80.39,2077.3,18530.94,0.94,0.24,-0.29,0.52,-0.1,-1.02,0,0,0,0,0,0,0,0,0,0,0,0,0
2026-09-17,2026-09-16,EW,Healthcare,89.28,4130.47,51461.0,1.21,4.13,5.05,-0.87,-0.36,3.6,0,0,0,0,0,0,0,0,0,0,0,0,0
2026-09-17,2026-09-16,EWBC,Financial,126.18,841.56,17288.16,0.96,-1.98,-1.72,-0.26,0.02,-1.64,0,0,0,0,0,0,0,0,0,0,0,0,0
2026-09-17,2026-09-16,EWTX,Healthcare,45.44,1337.8,4934.97,1.26,4.15,4.77,-0.6,1.08,4.72,0,0,0,0,0,0,0,0,0,0,0,0,0
2026-09-17,2026-09-16,EXC,Utilities,42.44,8202.49,43808.85,0.65,0.58,0.37,0.21,-0.28,-2.88,0,0,0,0,0,0,0,0,0,0,0,0,0
2026-09-17,2026-09-16,EXE,Energy,88.74,3393.02,20543.64,1.48,-5.83,-4.78,-1.1,0.19,-8.16,0,0,0,1,0,0,0,0,0,0,0,0,1
2026-09-17,2026-09-16,EXEL,Healthcare,56.78,2547.74,14069.05,0.74,-0.21,-0.46,0.25,0.0,-2.66,0,0,0,0,0,0,0,0,0,0,0,0,0
2026-09-17,2026-09-16,EXK,Basic Materials,9.53,7546.87,2822.21,1.17,-1.14,-3.35,2.28,1.99,-14.53,0,0,0,0,0,0,0,0,0,0,0,0,0
2026-09-17,2026-09-16,EXLS,Technology,35.85,2524.05,5435.31,0.71,-1.21,-0.25,-0.96,0.0,2.58,0,0,0,0,0,0,0,0,0,0,0,0,0
2026-09-17,2026-09-16,EXPD,Industrials,189.04,1094.11,24573.43,0.89,-2.51,-2.36,-0.15,0.93,0.39,0,0,0,0,0,0,0,0,0,0,0,0,0
2026-09-17,2026-09-16,EXPE,Consumer Cyclical,286.97,1645.99,34441.82,1.19,-2.08,-1.14,-0.96,0.15,5.27,0,0,0,0,0,0,0,0,0,0,0,0,0
2026-09-17,2026-09-16,EXPO,Industrials,68.01,518.12,3233.61,1.25,0.99,1.54,-0.53,0.28,0.8,0,0,0,0,0,0,0,0,0,0,0,0,0
2026-09-17,2026-09-16,EXR,Real Estate,136.43,1185.54,30103.09,0.94,-0.63,-0.06,-0.58,0.0,0.59,0,0,0,0,0,0,0,0,0,0,0,0,0
2026-09-17,2026-09-16,EXTR,Technology,21.89,1808.87,2856.44,0.67,-0.73,-1.44,0.73,0.14,2.0,0,0,0,0,0,0,0,0,0,0,0,0,0
2026-09-17,2026-09-16,EYE,Consumer Cyclical,16.45,2131.41,1300.69,1.33,3.79,2.43,1.32,0.85,-3.91,0,0,0,0,0,0,0,0,0,0,0,0,0
2026-09-17,2026-09-16,EZPW,Financial,30.74,1048.49,1888.77,0.86,1.32,0.46,0.86,0.0,-7.05,0,0,0,0,0,0,0,0,0,0,0,0,0
2026-09-17,2026-09-16,F,Consumer Cyclical,13.35,49320.63,53234.4,1.08,-1.11,-1.4,0.3,0.23,-0.74,0,0,0,0,0,0,0,0,0,0,0,0,0
2026-09-17,2026-09-16,FA,Industrials,21.56,2004.79,3703.01,0.53,-0.42,-0.14,-0.28,-2.6,4.91,0,0,0,0,0,0,0,0,1,0,0,0,1
2026-09-17,2026-09-16,FAF,Financial,71.11,824.01,7260.33,0.94,-2.36,-3.04,0.7,0.0,-0.5,0,0,0,0,0,0,0,0,0,0,0,0,0
2026-09-17,2026-09-16,FANG,Energy,194.54,2040.95,54475.94,7.55,-8.03,-1.26,-6.85,0.34,-3.99,1,1,1,1,1,0,1,1,0,0,0,0,1
2026-09-17,2026-09-16,FAST,Industrials,49.03,7679.4,56261.81,0.78,-0.77,-1.15,0.38,-0.16,0.49,0,0,0,0,0,0,0,0,0,0,0,0,0
2026-09-17,2026-09-16,FBIN,Industrials,39.55,2526.43,4721.15,1.14,-0.98,-1.81,0.85,0.0,-2.87,0,0,0,0,0,0,0,0,0,0,0,0,0
2026-09-17,2026-09-16,FBP,Financial,27.65,1427.94,4221.27,1.17,-1.64,-1.57,-0.07,0.0,-0.47,0,0,0,0,0,0,0,0,0,0,0,0,0
2026-09-17,2026-09-16,FCEL,Industrials,15.5,10621.11,1239.29,0.42,1.64,-1.9,3.61,1.29,-6.46,0,0,0,0,0,0,1,0,0,0,0,0,1
2026-09-17,2026-09-16,FCF,Financial,21.21,787.95,2143.4,1.39,-1.12,-1.16,0.05,0.0,0.86,0,0,0,0,0,0,0,0,0,0,0,0,0
2026-09-17,2026-09-16,FCX,Basic Materials,69.24,14515.37,99429.85,0.75,-0.2,-1.21,1.02,0.25,-9.17,0,0,0,0,0,0,0,0,0,0,0,0,0
2026-09-17,2026-09-16,FDMT,Healthcare,13.76,938.4,760.16,0.87,0.95,0.81,0.15,0.0,-2.96,0,0,0,0,0,0,0,0,0,0,0,0,0
2026-09-17,2026-09-16,FDS,Financial,276.41,941.04,9830.68,0.74,-0.25,0.72,-0.96,0.0,-0.99,0,0,0,0,0,0,0,0,0,0,0,0,0
2026-09-17,2026-09-16,FDX,Industrials,301.72,1742.84,71408.2,0.91,-2.12,-2.02,-0.1,-0.01,-2.42,0,0,0,0,0,0,0,0,0,0,0,0,0
2026-09-17,2026-09-16,FDXF,Industrials,121.73,1435.29,18200.84,1.5,-4.1,-3.09,-1.05,1.04,-2.45,0,0,0,0,0,0,0,0,0,0,0,0,0
2026-09-17,2026-09-16,FE,Utilities,45.38,4289.96,26258.68,0.76,0.11,-0.5,0.62,0.46,-1.8,0,0,0,0,0,0,0,0,0,0,0,0,0
2026-09-17,2026-09-16,FER,Industrials,55.12,1462.56,39980.19,0.88,1.62,-0.25,1.88,1.03,-2.55,0,0,0,0,0,0,0,0,0,0,0,0,0
2026-09-17,2026-09-16,FERG,Industrials,214.35,2281.59,41466.59,0.63,-0.35,-0.55,0.2,0.02,-3.97,0,0,0,0,0,0,0,0,0,0,0,0,0
2026-09-17,2026-09-16,FFBC,Financial,32.18,953.65,3377.91,1.28,-1.5,-1.44,-0.06,0.0,-0.09,0,0,0,0,0,0,0,0,0,0,0,0,0
2026-09-17,2026-09-16,FFIN,Financial,33.32,827.19,4775.67,1.52,-0.92,-0.57,-0.36,0.0,1.93,0,0,0,0,0,0,0,0,0,0,0,0,0
2026-09-17,2026-09-16,FFIV,Technology,423.59,609.63,23986.71,1.19,-1.69,-1.52,-0.18,1.51,4.69,0,0,0,0,0,0,0,0,0,0,0,0,0
2026-09-17,2026-09-16,FG,Financial,23.05,633.11,3018.06,0.94,-2.0,-0.99,-1.02,-1.3,-3.52,0,0,0,0,0,0,0,0,0,0,0,0,0
2026-09-17,2026-09-16,FHB,Financial,25.61,2171.53,3116.24,1.29,-0.93,-0.77,-0.15,-1.13,0.0,0,0,0,0,0,0,0,0,0,0,0,0,0
2026-09-17,2026-09-16,FHI,Financial,56.69,585.96,4232.49,1.56,-2.68,-2.83,0.15,-0.26,-7.34,0,0,0,0,0,0,0,0,0,0,0,0,0
2026-09-17,2026-09-16,FHN,Financial,23.93,5094.4,11337.49,0.93,-2.21,-2.13,-0.08,-0.33,-2.64,0,0,0,0,0,0,0,0,0,0,0,0,0
2026-09-17,2026-09-16,FIBK,Financial,36.92,1093.61,3518.65,1.81,-1.44,-1.44,0.0,0.03,0.27,0,0,0,0,0,0,0,0,0,0,0,0,0
2026-09-17,2026-09-16,FIG,Technology,23.06,20272.14,12291.2,0.56,-3.43,-1.68,-1.78,0.04,4.77,0,0,0,0,0,0,0,0,0,0,0,0,0
2026-09-17,2026-09-16,FIGR,Financial,33.29,4161.28,7442.49,0.98,0.03,-1.33,1.38,0.0,-12.67,0,0,0,0,0,0,0,0,0,0,0,0,0
2026-09-17,2026-09-16,FIGS,Consumer Cyclical,12.9,3090.21,2143.21,0.73,-2.86,-3.08,0.23,0.78,-2.71,0,0,0,0,0,0,0,0,0,0,0,0,0
2026-09-17,2026-09-16,FIS,Technology,36.85,6045.59,19003.76,0.85,-1.31,-0.94,-0.37,0.95,-3.2,0,0,0,0,0,0,0,0,0,0,0,0,0
2026-09-17,2026-09-16,FISV,Technology,49.45,7847.83,26295.86,0.48,-1.14,-1.28,0.14,0.22,1.64,0,0,0,0,0,0,0,0,0,0,0,0,0
2026-09-17,2026-09-16,FITB,Financial,52.41,5957.89,47530.24,1.25,-4.13,-4.13,0.0,-0.02,-3.28,0,0,0,0,0,0,0,0,0,0,0,0,0
2026-09-17,2026-09-16,FIVE,Consumer Cyclical,237.68,1123.88,13085.25,0.99,0.68,-0.36,1.05,1.45,-3.82,0,0,0,0,0,0,0,0,0,0,0,0,0
2026-09-17,2026-09-16,FIVN,Technology,34.08,2570.43,2546.58,1.21,3.21,3.21,0.0,0.18,12.22,0,0,0,0,0,0,0,0,0,0,0,0,0
2026-09-17,2026-09-16,FIZZ,Consumer Defensive,32.18,506.01,3012.54,0.78,2.58,2.84,-0.26,0.0,5.37,0,0,0,0,0,0,0,0,0,0,0,0,0
2026-09-17,2026-09-16,FLEX,Technology,107.9,5582.97,39858.58,0.51,-0.09,-2.57,2.55,0.82,-4.24,0,0,0,0,0,0,0,0,0,0,0,0,0
2026-09-17,2026-09-16,FLG,Financial,12.58,4623.18,5221.87,1.23,-2.02,-2.25,0.23,0.93,-5.13,0,0,0,0,0,0,0,0,0,0,0,0,0
2026-09-17,2026-09-16,FLNC,Utilities,9.05,7691.53,1670.6,1.14,-2.69,-5.04,2.47,-16.8,-10.57,0,0,0,0,0,0,0,0,1,1,0,0,1
2026-09-17,2026-09-16,FLO,Consumer Defensive,6.15,6862.54,1304.15,1.28,0.16,-0.49,0.65,0.0,-0.97,0,0,0,0,0,0,0,0,0,0,0,0,0
2026-09-17,2026-09-16,FLOC,Energy,20.45,658.86,1847.73,0.75,-0.44,-0.68,0.24,0.0,-2.99,0,0,0,0,0,0,0,0,0,0,0,0,0
2026-09-17,2026-09-16,FLR,Industrials,52.99,2484.95,7086.94,0.88,-1.94,-2.38,0.44,0.02,-3.36,0,0,0,0,0,0,0,0,0,0,0,0,0
2026-09-17,2026-09-16,FLS,Industrials,72.31,1829.31,9191.52,1.18,1.8,0.17,1.63,1.94,-3.83,0,0,0,0,0,0,0,0,0,0,0,0,0
2026-09-17,2026-09-16,FLUT,Consumer Cyclical,97.56,2855.48,16930.47,1.17,-2.35,-1.45,-0.91,0.96,-1.78,0,0,0,0,0,0,0,0,0,0,0,0,0
2026-09-17,2026-09-16,FLY,Industrials,20.28,3797.17,3394.97,0.84,-1.02,-1.93,0.93,0.05,-7.02,0,0,0,0,0,0,0,0,0,0,0,0,0
2026-09-17,2026-09-16,FLYW,Technology,17.8,2011.26,2165.68,1.06,0.28,0.79,-0.51,0.0,0.23,0,0,0,0,0,0,0,0,0,0,0,0,0
2026-09-17,2026-09-16,FMC,Basic Materials,10.8,3950.58,1352.45,0.96,-4.0,-2.96,-1.07,-0.28,-12.12,0,0,0,0,0,0,0,0,0,0,0,0,0
2026-09-17,2026-09-16,FMS,Healthcare,22.97,665.66,12225.09,0.55,0.04,0.13,-0.09,0.0,2.87,0,0,0,0,0,0,0,0,0,0,0,0,0
2026-09-17,2026-09-16,FN,Technology,392.68,974.84,14071.64,0.83,4.74,2.39,2.29,0.57,-6.12,0,0,0,0,0,0,0,0,0,0,0,0,0
2026-09-17,2026-09-16,FNB,Financial,17.89,4669.02,6315.19,1.1,-2.03,-1.7,-0.33,0.0,-1.65,0,0,0,0,0,0,0,0,0,0,0,0,0
2026-09-17,2026-09-16,FND,Consumer Cyclical,45.97,2451.95,4895.34,1.42,-0.3,-1.52,1.24,1.04,-3.38,0,0,0,0,0,0,0,0,0,0,0,0,0
2026-09-17,2026-09-16,FNF,Financial,43.02,1797.62,11537.65,1.65,-1.38,-0.44,-0.94,0.42,-3.28,0,0,0,0,0,0,0,0,0,0,0,0,0
2026-09-17,2026-09-16,FNKO,Consumer Cyclical,5.26,1026.15,295.01,0.68,-1.5,-1.5,0.0,3.8,-2.41,0,0,0,0,0,0,0,0,1,0,0,0,1
2026-09-17,2026-09-16,FNV,Basic Materials,259.41,791.75,50032.41,0.85,-1.4,-2.63,1.27,0.0,-2.27,0,0,0,0,0,0,0,0,0,0,0,0,0
2026-09-17,2026-09-16,FORM,Technology,104.82,1496.37,8188.62,0.4,3.08,-0.17,3.25,0.68,-8.2,0,0,0,0,0,0,1,0,0,0,0,0,1
2026-09-17,2026-09-16,FOSL,Consumer Cyclical,5.32,934.89,314.62,0.66,5.56,4.31,1.19,-0.38,9.47,0,0,0,1,0,0,0,0,0,0,0,0,1
2026-09-17,2026-09-16,FOUR,Technology,42.09,1731.09,3323.43,0.91,-0.61,-0.73,0.12,0.31,2.33,0,0,0,0,0,0,0,0,0,0,0,0,0
2026-09-17,2026-09-16,FOX,Communication Services,59.15,1633.8,26287.7,0.62,-1.97,-1.29,-0.7,0.05,3.59,0,0,0,0,0,0,0,0,0,0,0,0,0
2026-09-17,2026-09-16,FOXA,Communication Services,66.16,6487.57,26256.97,0.71,-2.09,-1.86,-0.23,0.12,3.6,0,0,0,0,0,0,0,0,0,0,0,0,0
2026-09-17,2026-09-16,FOXF,Consumer Cyclical,19.33,561.1,812.46,0.93,0.89,-0.36,1.25,0.16,-1.18,0,0,0,0,0,0,0,0,0,0,0,0,0
2026-09-17,2026-09-16,FPS,Industrials,34.84,8175.97,10606.3,2.55,11.1,5.13,5.68,2.48,12.42,1,0,0,1,1,1,1,1,1,0,0,0,1
2026-09-17,2026-09-16,FRNM,Healthcare,14.73,614.37,1582.69,0.69,0.61,0.0,0.61,0.0,-6.48,0,0,0,0,0,0,0,0,0,0,0,0,0
2026-09-17,2026-09-16,FRO,Energy,53.67,2598.09,11948.18,1.97,4.03,2.19,1.8,1.22,13.68,0,0,0,0,0,0,0,0,0,0,0,0,0
2026-09-17,2026-09-16,FROG,Technology,92.62,2624.05,11420.17,0.49,-2.3,-0.94,-1.37,-1.75,6.07,0,0,0,0,0,0,0,0,0,0,0,0,0
2026-09-17,2026-09-16,FRPT,Consumer Defensive,62.03,1331.7,2981.04,0.8,-1.05,0.29,-1.34,0.48,-7.71,0,0,0,0,0,0,0,0,0,0,0,0,0
2026-09-17,2026-09-16,FRSH,Technology,12.73,14164.47,3321.52,0.28,0.55,2.5,-1.9,0.0,6.71,0,0,0,0,0,0,0,0,0,0,0,0,0
2026-09-17,2026-09-16,FRVO,Utilities,15.4,4476.66,4539.35,1.01,1.58,0.98,0.59,0.12,-10.67,0,0,0,0,0,0,0,0,0,0,0,0,0
2026-09-17,2026-09-16,FSK,Financial,11.53,2332.53,3186.2,1.15,-3.92,-0.26,-3.67,0.49,-3.76,0,0,0,0,0,0,1,0,0,0,0,0,1
2026-09-17,2026-09-16,FSLR,Technology,191.07,2117.36,20534.26,1.46,-5.57,-7.03,1.57,0.98,-5.92,0,0,0,1,0,0,0,0,0,0,0,0,1
2026-09-17,2026-09-16,FSLY,Technology,23.54,5579.46,3749.92,0.63,-3.13,-1.26,-1.89,1.66,3.65,0,0,0,0,0,0,0,0,0,0,0,0,0
2026-09-17,2026-09-16,FSM,Basic Materials,11.49,5151.69,3400.58,0.91,-1.29,-3.04,1.8,0.52,-6.81,0,0,0,0,0,0,0,0,0,0,0,0,0
2026-09-17,2026-09-16,FTAI,Industrials,189.83,1415.17,19496.89,1.63,7.59,3.5,3.95,2.72,2.47,0,0,0,1,0,0,1,0,1,0,0,0,1
2026-09-17,2026-09-16,FTDR,Consumer Cyclical,80.54,568.41,5548.67,0.87,0.52,0.52,0.0,0.0,0.15,0,0,0,0,0,0,0,0,0,0,0,0,0
2026-09-17,2026-09-16,FTI,Energy,72.78,3625.74,28541.72,0.9,-2.92,-2.48,-0.45,-0.07,-6.46,0,0,0,0,0,0,0,0,0,0,0,0,0
2026-09-17,2026-09-16,FTNT,Technology,171.77,5262.16,126029.99,0.74,-0.35,1.49,-1.81,0.62,9.25,0,0,0,0,0,0,0,0,0,0,0,0,0
2026-09-17,2026-09-16,FTRE,Healthcare,19.97,1441.14,1899.14,1.87,1.22,1.11,0.1,-1.35,18.94,0,0,0,0,0,0,0,0,0,0,1,0,1
2026-09-17,2026-09-16,FTS,Utilities,53.85,735.09,27511.96,1.17,0.65,0.09,0.56,0.0,-2.3,0,0,0,0,0,0,0,0,0,0,0,0,0
2026-09-17,2026-09-16,FTV,Technology,55.3,2573.49,16701.54,0.93,-2.04,-2.09,0.05,0.0,-0.91,0,0,0,0,0,0,0,0,0,0,0,0,0
2026-09-17,2026-09-16,FUBO,Communication Services,10.6,1483.2,1157.49,0.64,-2.84,-1.4,-1.47,1.79,-1.03,0,0,0,0,0,0,0,0,0,0,0,0,0
2026-09-17,2026-09-16,FUL,Basic Materials,50.83,757.34,2734.01,0.81,-0.12,-1.01,0.9,0.0,-1.95,0,0,0,0,0,0,0,0,0,0,0,0,0
2026-09-17,2026-09-16,FULT,Financial,23.46,1785.0,4478.85,1.34,-1.22,-0.97,-0.25,0.17,0.21,0,0,0,0,0,0,0,0,0,0,0,0,0
2026-09-17,2026-09-16,FUN,Consumer Cyclical,12.37,2256.89,1265.66,1.2,-2.83,-3.74,0.94,1.46,-13.44,0,0,0,0,0,0,0,0,0,0,0,0,0
2026-09-17,2026-09-16,FUTU,Financial,109.82,1401.85,10515.26,0.56,1.01,0.31,0.7,0.16,-5.93,0,0,0,0,0,0,0,0,0,0,0,0,0
2026-09-17,2026-09-16,FVRR,Communication Services,8.96,740.29,322.12,0.57,-1.32,-1.32,0.0,-0.56,0.34,0,0,0,0,0,0,0,0,0,0,0,0,0
2026-09-17,2026-09-16,FWDI,Financial,6.01,1618.36,443.82,1.2,-1.15,-2.28,1.15,-2.5,-8.24,0,0,0,0,0,0,0,0,1,0,0,0,1
2026-09-17,2026-09-16,FWONK,Communication Services,95.36,2034.52,23699.93,1.03,0.38,0.52,-0.14,0.0,-1.49,0,0,0,0,0,0,0,0,0,0,0,0,0
2026-09-17,2026-09-16,FWRD,Industrials,15.49,791.84,523.27,0.64,-5.55,-5.2,-0.37,1.94,-5.43,0,0,0,1,0,0,0,0,0,0,0,0,1
2026-09-17,2026-09-16,FWRG,Consumer Cyclical,10.43,1113.54,643.66,1.34,-0.57,-0.57,0.0,0.0,-7.54,0,0,0,0,0,0,0,0,0,0,0,0,0
2026-09-17,2026-09-16,G,Technology,35.27,2421.68,5926.57,0.66,-1.65,-0.73,-0.92,-0.17,1.15,0,0,0,0,0,0,0,0,0,0,0,0,0
2026-09-17,2026-09-16,GAP,Consumer Cyclical,20.17,7613.07,7085.12,0.95,-1.27,-1.42,0.15,-0.69,-5.57,0,0,0,0,0,0,0,0,0,0,0,0,0
2026-09-17,2026-09-16,GBCI,Financial,44.94,1154.19,5851.72,1.27,-0.69,-0.99,0.31,0.0,-1.79,0,0,0,0,0,0,0,0,0,0,0,0,0
2026-09-17,2026-09-16,GBDC,Financial,12.45,1167.94,3232.66,1.47,0.16,0.4,-0.24,1.2,-2.96,0,0,0,0,0,0,0,0,0,0,0,0,0
2026-09-17,2026-09-16,GBTG,Consumer Cyclical,9.47,1890.37,4946.88,0.53,0.0,-0.11,0.11,0.0,-0.11,0,0,0,0,0,0,0,0,0,0,0,0,0
2026-09-17,2026-09-16,GCMG,Financial,12.68,509.12,2571.41,1.0,-0.63,-1.78,1.18,0.0,-1.71,0,0,0,0,0,0,0,0,0,0,0,0,0
2026-09-17,2026-09-16,GCT,Technology,51.64,636.87,1844.07,1.06,-1.98,-2.36,0.39,1.07,-0.46,0,0,0,0,0,0,0,0,0,0,0,0,0
2026-09-17,2026-09-16,GD,Industrials,360.0,1145.31,97400.59,0.88,0.39,0.67,-0.28,-0.93,2.08,0,0,0,0,0,0,0,0,0,0,0,0,0
2026-09-17,2026-09-16,GDDY,Technology,99.09,2108.96,12549.52,0.85,-3.21,-2.03,-1.21,0.49,5.87,0,0,0,0,0,0,0,0,0,0,0,0,0
2026-09-17,2026-09-16,GDS,Technology,30.37,1832.89,5920.02,0.4,-0.23,-0.23,0.0,-0.3,-6.24,0,0,0,0,0,0,0,0,0,0,0,0,0
2026-09-17,2026-09-16,GDYN,Technology,8.02,1938.27,650.64,0.54,-1.35,0.18,-1.53,0.59,2.17,0,0,0,0,0,0,0,0,0,0,0,0,0
2026-09-17,2026-09-16,GE,Industrials,312.9,4148.98,324653.3,1.09,1.91,0.88,1.02,0.22,-3.85,0,0,0,0,0,0,0,0,0,0,0,0,0
2026-09-17,2026-09-16,GEHC,Healthcare,63.49,4384.79,28677.56,0.73,-0.91,-0.94,0.03,0.22,-2.58,0,0,0,0,0,0,0,0,0,0,0,0,0
2026-09-17,2026-09-16,GEN,Technology,30.65,5549.81,18346.69,1.26,-1.86,-0.81,-1.06,0.03,2.99,0,0,0,0,0,0,0,0,0,0,0,0,0
2026-09-17,2026-09-16,GENB,Healthcare,15.68,1037.17,2012.57,1.46,-3.15,-2.55,-0.62,3.32,1.03,0,0,0,0,0,0,0,0,1,0,0,0,1
2026-09-17,2026-09-16,GENI,Communication Services,6.62,5998.87,1837.89,0.64,0.91,0.91,0.0,-0.15,-5.83,0,0,0,0,0,0,0,0,0,0,0,0,0
2026-09-17,2026-09-16,GEO,Industrials,31.43,2032.58,4136.81,1.32,0.54,1.81,-1.25,1.78,-0.57,0,0,0,0,0,0,0,0,0,0,0,0,0
2026-09-17,2026-09-16,GEV,Industrials,925.09,2565.91,246382.54,1.39,4.79,3.02,1.72,1.01,-2.73,0,0,0,0,0,0,0,0,0,0,0,0,0
2026-09-17,2026-09-16,GFI,Basic Materials,41.96,3763.92,37555.04,1.09,-2.21,-3.79,1.64,0.21,-10.78,0,0,0,0,0,0,0,0,0,0,0,0,0
2026-09-17,2026-09-16,GFL,Industrials,41.07,2764.07,17907.34,1.03,-2.63,-2.42,-0.21,9.4,-2.21,0,0,0,0,0,0,0,0,1,1,0,0,1
2026-09-17,2026-09-16,GFR,Energy,6.49,647.25,1560.25,3.85,-6.35,-4.98,-1.44,-0.62,1.56,1,1,0,1,0,0,0,0,0,0,0,0,1
2026-09-17,2026-09-16,GFS,Technology,43.03,3822.36,23612.76,0.72,0.65,-2.0,2.71,0.7,-6.35,0,0,0,0,0,0,0,0,0,0,0,0,0
2026-09-17,2026-09-16,GFUZ,Industrials,7.84,533.04,476.66,0.22,2.35,0.51,1.83,-1.16,-6.22,0,0,0,0,0,0,0,0,0,0,0,0,0
2026-09-17,2026-09-16,GGAL,Financial,42.27,923.47,5600.78,0.4,0.31,0.19,0.12,-0.19,-4.99,0,0,0,0,0,0,0,0,0,0,0,0,0
2026-09-17,2026-09-16,GGG,Industrials,76.28,1785.34,12353.84,0.66,-0.73,-0.95,0.22,0.0,-0.17,0,0,0,0,0,0,0,0,0,0,0,0,0
2026-09-17,2026-09-16,GH,Healthcare,174.9,2501.73,23470.91,0.61,-0.43,-0.06,-0.37,0.06,7.45,0,0,0,0,0,0,0,0,0,0,0,0,0
2026-09-17,2026-09-16,GIII,Consumer Cyclical,28.17,606.93,1207.83,2.06,1.48,-2.56,4.14,0.04,2.29,1,0,0,0,0,0,1,0,0,0,0,0,1
2026-09-17,2026-09-16,GIL,Consumer Cyclical,46.32,1639.45,8578.0,0.78,0.94,-0.17,1.11,0.21,-8.19,0,0,0,0,0,0,0,0,0,0,0,0,0
2026-09-17,2026-09-16,GILD,Healthcare,147.68,6785.89,183116.56,0.76,0.94,0.75,0.19,0.25,1.39,0,0,0,0,0,0,0,0,0,0,0,0,0
2026-09-17,2026-09-16,GILT,Technology,9.85,613.23,758.75,0.73,2.18,0.72,1.45,-1.93,1.03,0,0,0,0,0,0,0,0,0,0,0,0,0
2026-09-17,2026-09-16,GIS,Consumer Defensive,36.81,9777.22,19679.71,0.65,0.63,0.71,-0.08,0.24,-0.75,0,0,0,0,0,0,0,0,0,0,0,0,0
2026-09-17,2026-09-16,GKOS,Healthcare,163.47,802.96,9642.1,0.86,-4.78,-4.96,0.19,1.61,-9.08,0,0,0,0,0,0,0,0,0,0,0,0,0
2026-09-17,2026-09-16,GL,Financial,172.98,601.15,13293.42,0.62,-0.18,-0.59,0.41,0.0,1.86,0,0,0,0,0,0,0,0,0,0,0,0,0
2026-09-17,2026-09-16,GLBE,Consumer Cyclical,36.93,1477.54,6203.04,2.05,1.23,1.32,-0.08,0.0,2.27,1,0,0,0,0,0,0,0,0,0,0,0,1
2026-09-17,2026-09-16,GLIBK,Communication Services,24.88,574.92,993.65,0.53,-2.62,-2.81,0.2,1.21,-2.2,0,0,0,0,0,0,0,0,0,0,0,0,0
2026-09-17,2026-09-16,GLNG,Energy,50.36,1238.64,5116.03,1.25,-0.06,-0.28,0.22,1.95,-3.04,0,0,0,0,0,0,0,0,0,0,0,0,0
2026-09-17,2026-09-16,GLOB,Technology,38.37,1898.63,1656.8,0.47,-4.31,-2.39,-1.97,1.02,6.17,0,0,0,0,0,0,0,0,0,0,0,0,0
2026-09-17,2026-09-16,GLPI,Real Estate,40.35,3121.1,11738.62,1.2,-0.66,-0.98,0.32,0.37,-2.77,0,0,0,0,0,0,0,0,0,0,0,0,0
2026-09-17,2026-09-16,GLUE,Healthcare,12.65,1444.35,1079.21,1.03,-2.62,-2.24,-0.38,-0.71,-11.29,0,0,0,0,0,0,0,0,0,0,0,0,0
2026-09-17,2026-09-16,GLW,Technology,144.16,13262.53,124177.75,0.63,0.41,-2.08,2.54,1.0,-14.42,0,0,0,0,0,0,0,0,0,0,0,0,0
2026-09-17,2026-09-16,GLXY,Financial,22.27,6454.18,8705.1,0.8,-0.09,-1.15,1.08,0.99,-11.45,0,0,0,0,0,0,0,0,0,0,0,0,0
2026-09-17,2026-09-16,GM,Consumer Cyclical,84.29,6909.22,73960.39,0.93,-1.27,-0.89,-0.37,-0.12,0.63,0,0,0,0,0,0,0,0,0,0,0,0,0
2026-09-17,2026-09-16,GMAB,Healthcare,34.4,2206.4,20555.38,1.31,0.73,0.12,0.61,-0.06,4.12,0,0,0,0,0,0,0,0,0,0,0,0,0
2026-09-17,2026-09-16,GME,Consumer Cyclical,21.98,6053.66,11088.93,0.97,2.52,2.33,0.19,0.0,10.51,0,0,0,0,0,0,0,0,0,0,0,0,0
2026-09-17,2026-09-16,GMED,Healthcare,75.26,1602.41,10104.55,0.83,0.76,0.83,-0.07,0.98,0.99,0,0,0,0,0,0,0,0,0,0,0,0,0
2026-09-17,2026-09-16,GMRS,Healthcare,12.97,726.43,700.67,3.27,1.89,1.17,0.71,0.0,-0.84,1,1,0,0,0,0,0,0,0,0,0,0,1
2026-09-17,2026-09-16,GNL,Real Estate,8.87,2551.66,2051.79,1.01,-1.55,-1.44,-0.11,1.58,-2.42,0,0,0,0,0,0,0,0,0,0,0,0,0
2026-09-17,2026-09-16,GNRC,Industrials,175.11,1039.01,10332.6,1.53,0.05,-1.16,1.22,33.7,-6.1,0,0,0,0,0,0,0,0,1,1,0,0,1
2026-09-17,2026-09-16,GNTX,Consumer Cyclical,22.31,2559.7,4700.34,0.79,-0.45,-0.84,0.4,0.27,-1.54,0,0,0,0,0,0,0,0,0,0,0,0,0
2026-09-17,2026-09-16,GNW,Financial,10.09,3216.64,3812.52,2.22,0.8,0.9,-0.1,0.1,-3.81,1,0,0,0,0,0,0,0,0,0,0,0,1
2026-09-17,2026-09-16,GO,Consumer Defensive,11.46,2603.78,1135.51,0.69,-0.26,0.17,-0.44,-0.35,1.51,0,0,0,0,0,0,0,0,0,0,0,0,0
2026-09-17,2026-09-16,GOLD,Financial,46.82,500.77,1365.03,1.16,-2.05,-1.43,-0.63,1.45,-5.09,0,0,0,0,0,0,0,0,0,0,0,0,0
2026-09-17,2026-09-16,GOOG,Communication Services,339.36,19790.62,4174024.12,0.65,-0.61,-1.16,0.57,0.55,3.34,0,0,0,0,0,0,0,0,0,0,0,0,0
2026-09-17,2026-09-16,GOOGL,Communication Services,342.87,29845.87,4173799.09,0.63,-0.61,-1.21,0.61,0.53,3.7,0,0,0,0,0,0,0,0,0,0,0,0,0
2026-09-17,2026-09-16,GOOS,Consumer Cyclical,7.42,747.15,724.64,1.79,0.13,-1.2,1.35,0.81,-2.24,0,0,0,0,0,0,0,0,0,0,0,0,0
2026-09-17,2026-09-16,GPC,Consumer Cyclical,130.52,1581.3,17993.46,0.56,-0.37,-0.01,-0.37,0.0,-3.49,0,0,0,0,0,0,0,0,0,0,0,0,0
2026-09-17,2026-09-16,GPCR,Healthcare,35.5,801.16,2531.51,2.06,-8.86,-9.42,0.62,0.73,-13.9,1,0,0,1,1,0,0,0,0,0,0,0,1
2026-09-17,2026-09-16,GPGI,Industrials,11.92,1583.43,3455.49,0.72,-3.64,-4.79,1.21,0.0,-10.85,0,0,0,0,0,0,0,0,0,0,0,0,0
2026-09-17,2026-09-16,GPK,Consumer Cyclical,9.66,5088.53,2860.05,1.3,0.0,-1.43,1.45,0.1,1.58,0,0,0,0,0,0,0,0,0,0,0,0,0
2026-09-17,2026-09-16,GPN,Technology,86.49,3175.35,22886.84,0.62,-2.8,-4.0,1.25,-0.4,-0.61,0,0,0,0,0,0,0,0,0,0,0,0,0
2026-09-17,2026-09-16,GPRE,Basic Materials,15.06,1499.56,1055.64,1.64,1.28,1.93,-0.64,0.0,-3.71,0,0,0,0,0,0,0,0,0,0,0,0,0
2026-09-17,2026-09-16,GPRK,Energy,11.28,632.59,732.03,1.15,-4.33,-2.76,-1.61,-1.6,-5.29,0,0,0,0,0,0,0,0,0,0,0,0,0
2026-09-17,2026-09-16,GRAL,Healthcare,75.11,652.23,3354.88,2.48,-1.03,-1.11,0.08,1.17,-3.06,1,0,0,0,0,0,0,0,0,0,0,0,1
2026-09-17,2026-09-16,GRFS,Healthcare,7.4,599.98,1910.83,0.79,0.54,-0.13,0.68,0.0,-5.37,0,0,0,0,0,0,0,0,0,0,0,0,0
2026-09-17,2026-09-16,GRMN,Technology,276.93,939.26,53406.65,0.85,-0.73,-1.48,0.76,0.15,1.75,0,0,0,0,0,0,0,0,0,0,0,0,0
2026-09-17,2026-09-16,GRND,Technology,15.53,1604.18,2699.44,1.13,1.17,1.37,-0.2,0.0,4.02,0,0,0,0,0,0,0,0,0,0,0,0,0
2026-09-17,2026-09-16,GRPN,Communication Services,19.33,1443.07,786.06,0.95,3.09,3.15,-0.05,0.26,5.63,0,0,0,0,0,0,0,0,0,0,0,0,0
2026-09-17,2026-09-16,GRRR,Technology,12.72,1220.11,349.92,0.42,-1.62,-2.0,0.39,-0.08,-11.42,0,0,0,0,0,0,0,0,0,0,0,0,0
2026-09-17,2026-09-16,GS,Financial,937.98,1983.98,273112.96,1.79,-3.96,-4.43,0.49,0.25,-8.83,0,0,0,0,0,0,0,0,0,0,0,0,0
2026-09-17,2026-09-16,GSAT,Communication Services,81.9,1034.13,10611.24,0.57,0.09,-0.11,0.2,-0.12,0.27,0,0,0,0,0,0,0,0,0,0,0,0,0
2026-09-17,2026-09-16,GSBD,Financial,9.79,919.11,1102.06,1.31,1.56,1.56,0.0,0.31,1.56,0,0,0,0,0,0,0,0,0,0,0,0,0
2026-09-17,2026-09-16,GSHD,Financial,56.47,501.71,2005.4,0.81,-4.86,-3.59,-1.31,0.24,0.12,0,0,0,0,0,0,0,0,0,0,0,0,0
2026-09-17,2026-09-16,GSK,Healthcare,50.29,3626.22,100756.52,0.78,0.56,0.2,0.36,-0.02,3.41,0,0,0,0,0,0,0,0,0,0,0,0,0
2026-09-17,2026-09-16,GT,Consumer Cyclical,5.16,9805.5,1485.56,0.95,-1.71,-2.73,1.05,0.58,-10.26,0,0,0,0,0,0,0,0,0,0,0,0,0
2026-09-17,2026-09-16,GTE,Energy,10.63,859.35,376.09,0.84,-3.28,-2.57,-0.73,-0.09,1.53,0,0,0,0,0,0,0,0,0,0,0,0,0
2026-09-17,2026-09-16,GTES,Industrials,25.45,1964.4,6442.69,0.97,-0.2,-1.47,1.29,0.0,-3.31,0,0,0,0,0,0,0,0,0,0,0,0,0
2026-09-17,2026-09-16,GTLB,Technology,48.77,4894.59,8125.82,0.64,-0.67,1.48,-2.12,0.12,5.27,0,0,0,0,0,0,0,0,0,0,0,0,0
2026-09-17,2026-09-16,GTX,Consumer Cyclical,26.13,2642.36,4873.08,0.71,1.95,0.58,1.37,0.15,-4.95,0,0,0,0,0,0,0,0,0,0,0,0,0
2026-09-17,2026-09-16,GTY,Real Estate,30.08,548.54,1862.93,1.56,-4.3,-4.6,0.32,0.0,-8.18,0,0,0,0,0,0,0,0,0,0,0,0,0
2026-09-17,2026-09-16,GVA,Industrials,115.8,815.72,5067.93,0.67,1.53,0.36,1.17,0.0,-0.73,0,0,0,0,0,0,0,0,0,0,0,0,0
2026-09-17,2026-09-16,GWRE,Technology,146.73,1546.3,12030.78,0.89,-1.44,0.1,-1.54,0.8,3.16,0,0,0,0,0,0,0,0,0,0,0,0,0
2026-09-17,2026-09-16,GXO,Industrials,46.15,1439.46,5292.69,1.45,-0.97,0.02,-0.99,-0.07,-0.09,0,0,0,0,0,0,0,0,0,0,0,0,0
2026-09-17,2026-09-16,H,Consumer Cyclical,158.65,809.48,14969.7,0.78,-0.96,-1.28,0.32,0.0,0.26,0,0,0,0,0,0,0,0,0,0,0,0,0
2026-09-17,2026-09-16,HAE,Healthcare,106.24,754.81,4833.61,0.69,0.04,0.32,-0.28,-0.01,2.99,0,0,0,0,0,0,0,0,0,0,0,0,0
2026-09-17,2026-09-16,HAFN,Industrials,9.71,1600.68,4852.86,1.43,2.43,1.25,1.16,0.93,6.0,0,0,0,0,0,0,0,0,0,0,0,0,0
2026-09-17,2026-09-16,HAL,Energy,34.51,11601.68,28751.33,1.19,-3.25,-2.68,-0.59,0.09,-7.06,0,0,0,0,0,0,0,0,0,0,0,0,0
2026-09-17,2026-09-16,HALO,Healthcare,108.44,1943.71,12307.72,0.88,2.06,1.67,0.39,-2.07,0.98,0,0,0,0,0,0,0,0,1,0,0,0,1
2026-09-17,2026-09-16,HAPN,Financial,16.26,1712.72,1876.53,0.75,-0.91,-0.97,0.06,-0.01,-3.39,0,0,0,0,0,0,0,0,0,0,0,0,0
2026-09-17,2026-09-16,HAS,Consumer Cyclical,89.3,1945.01,12595.27,0.71,-1.01,-1.19,0.19,0.04,0.37,0,0,0,0,0,0,0,0,0,0,0,0,0
2026-09-17,2026-09-16,HASI,Financial,36.4,987.61,4677.25,0.84,-0.08,-0.76,0.69,-0.55,-5.21,0,0,0,0,0,0,0,0,0,0,0,0,0
2026-09-17,2026-09-16,HAWK,Industrials,16.17,1131.97,1584.1,0.9,-1.94,-1.82,-0.12,0.19,-1.7,0,0,0,0,0,0,0,0,0,0,0,0,0
2026-09-17,2026-09-16,HAYW,Industrials,12.93,2653.75,2742.7,1.53,1.41,0.39,1.02,0.0,-2.71,0,0,0,0,0,0,0,0,0,0,0,0,0
2026-09-17,2026-09-16,HBAN,Financial,15.82,22988.66,31962.96,3.37,-5.55,-4.24,-1.37,0.51,-4.87,1,1,0,1,0,0,0,0,0,0,0,0,1
2026-09-17,2026-09-16,HBM,Basic Materials,25.26,4634.82,11218.98,0.76,0.08,-3.03,3.21,0.1,-12.35,0,0,0,0,0,0,1,0,0,0,0,0,1
2026-09-17,2026-09-16,HBNC,Financial,19.49,652.17,1000.71,0.98,-1.52,-1.52,0.0,0.0,-0.41,0,0,0,0,0,0,0,0,0,0,0,0,0
2026-09-17,2026-09-16,HCA,Healthcare,430.43,1488.1,93188.74,0.92,1.56,2.32,-0.74,-0.8,2.04,0,0,0,0,0,0,0,0,0,0,0,0,0
2026-09-17,2026-09-16,HCC,Basic Materials,92.72,664.56,4895.81,1.08,1.22,-0.43,1.66,0.0,-11.15,0,0,0,0,0,0,0,0,0,0,0,0,0
2026-09-17,2026-09-16,HCSG,Healthcare,21.89,724.78,1502.36,0.87,-0.09,-0.09,0.0,0.0,-0.64,0,0,0,0,0,0,0,0,0,0,0,0,0
2026-09-17,2026-09-16,HD,Consumer Cyclical,302.47,4182.93,301771.18,0.89,-0.99,-1.63,0.66,0.26,-2.57,0,0,0,0,0,0,0,0,0,0,0,0,0
2026-09-17,2026-09-16,HDB,Financial,22.38,9316.7,114990.0,0.92,-0.89,-1.58,0.71,0.49,1.36,0,0,0,0,0,0,0,0,0,0,0,0,0
2026-09-17,2026-09-16,HDSN,Basic Materials,5.21,577.78,219.28,0.62,0.19,0.0,0.19,0.58,-2.07,0,0,0,0,0,0,0,0,0,0,0,0,0
2026-09-17,2026-09-16,HE,Utilities,10.23,2050.81,1767.0,1.15,0.2,-0.49,0.69,0.2,-0.97,0,0,0,0,0,0,0,0,0,0,0,0,0
2026-09-17,2026-09-16,HELP,Healthcare,13.47,1740.19,984.12,0.53,2.67,1.28,1.37,0.07,-1.54,0,0,0,0,0,0,0,0,0,0,0,0,0
2026-09-17,2026-09-16,HESM,Energy,39.58,1136.05,8160.54,1.35,-0.68,-0.45,-0.23,0.56,-2.44,0,0,0,0,0,0,0,0,0,0,0,0,0
2026-09-17,2026-09-16,HGV,Consumer Cyclical,37.11,1122.82,2884.34,1.08,-2.11,-3.43,1.37,-0.16,-7.85,0,0,0,0,0,0,0,0,0,0,0,0,0
2026-09-17,2026-09-16,HIG,Financial,134.94,1567.35,36551.47,1.32,-0.8,-0.45,-0.35,1.34,-1.19,0,0,0,0,0,0,0,0,0,0,0,0,0
2026-09-17,2026-09-16,HIMS,Healthcare,28.0,14013.9,6532.78,0.52,0.54,0.86,-0.32,0.07,0.36,0,0,0,0,0,0,0,0,0,0,0,0,0
2026-09-17,2026-09-16,HIMX,Technology,13.05,1634.44,2224.76,0.56,-1.29,-2.68,1.44,1.0,-6.45,0,0,0,0,0,0,0,0,0,0,0,0,0
2026-09-17,2026-09-16,HIW,Real Estate,30.7,1565.47,3386.4,0.79,-0.2,-0.58,0.39,0.0,1.39,0,0,0,0,0,0,0,0,0,0,0,0,0
2026-09-17,2026-09-16,HL,Basic Materials,17.99,36813.25,12085.11,1.02,-3.69,-5.76,2.19,0.33,-13.72,0,0,0,0,0,0,0,0,0,0,0,0,0
2026-09-17,2026-09-16,HLF,Consumer Defensive,11.83,1668.88,1239.82,0.89,-0.84,-0.25,-0.59,0.0,-6.33,0,0,0,0,0,0,0,0,0,0,0,0,0
2026-09-17,2026-09-16,HLI,Financial,130.34,878.94,9110.45,0.71,-2.53,-2.24,-0.3,0.0,-3.64,0,0,0,0,0,0,0,0,0,0,0,0,0
2026-09-17,2026-09-16,HLIT,Technology,11.15,1740.15,1216.09,1.18,-4.04,-5.03,1.03,1.08,-5.51,0,0,0,0,0,0,0,0,0,0,0,0,0
2026-09-17,2026-09-16,HLMN,Industrials,7.32,1538.82,1424.07,1.34,0.97,0.83,0.14,0.0,0.55,0,0,0,0,0,0,0,0,0,0,0,0,0
2026-09-17,2026-09-16,HLN,Healthcare,9.21,10404.27,40502.08,0.9,-0.32,-0.43,0.11,0.33,-0.22,0,0,0,0,0,0,0,0,0,0,0,0,0
2026-09-17,2026-09-16,HLNE,Financial,89.88,751.22,4960.09,0.98,-3.39,-3.5,0.12,-0.42,-9.1,0,0,0,0,0,0,0,0,0,0,0,0,0
2026-09-17,2026-09-16,HLT,Consumer Cyclical,305.63,2145.77,68786.59,0.86,-0.7,-1.09,0.39,-0.12,-0.44,0,0,0,0,0,0,0,0,0,0,0,0,0
2026-09-17,2026-09-16,HMC,Consumer Cyclical,32.11,1234.87,41668.18,0.9,-0.31,-1.41,1.12,-0.03,2.59,0,0,0,0,0,0,0,0,0,0,0,0,0
2026-09-17,2026-09-16,HMY,Basic Materials,19.22,3501.63,12012.12,1.17,-1.64,-3.13,1.54,0.16,-7.6,0,0,0,0,0,0,0,0,0,0,0,0,0
2026-09-17,2026-09-16,HNGE,Healthcare,93.73,1960.79,7563.49,0.92,1.45,1.79,-0.34,-0.02,2.65,0,0,0,0,0,0,0,0,0,0,0,0,0
2026-09-17,2026-09-16,HNI,Consumer Cyclical,46.21,647.56,3335.52,0.88,0.61,0.48,0.13,0.0,-2.28,0,0,0,0,0,0,0,0,0,0,0,0,0
2026-09-17,2026-09-16,HNRG,Utilities,14.69,770.23,692.53,1.25,2.51,1.24,1.26,-0.48,-11.08,0,0,0,0,0,0,0,0,0,0,0,0,0
2026-09-17,2026-09-16,HNST,Consumer Defensive,5.34,2120.21,573.43,0.83,-1.57,-1.93,0.37,1.78,-1.75,0,0,0,0,0,0,0,0,0,0,0,0,0
2026-09-17,2026-09-16,HOG,Consumer Cyclical,26.84,2415.95,2793.31,0.84,-2.65,-2.54,-0.11,1.94,0.64,0,0,0,0,0,0,0,0,0,0,0,0,0
2026-09-17,2026-09-16,HOMB,Financial,29.74,1753.8,5949.48,1.06,-1.56,-1.29,-0.26,0.07,0.1,0,0,0,0,0,0,0,0,0,0,0,0,0
2026-09-17,2026-09-16,HON,Industrials,207.66,3821.69,65815.76,1.32,2.07,1.37,0.69,-0.25,1.33,0,0,0,0,0,0,0,0,0,0,0,0,0
2026-09-17,2026-09-16,HONA,Industrials,164.18,3603.73,52037.3,1.28,3.59,2.79,0.78,-0.2,8.31,0,0,0,0,0,0,0,0,0,0,0,0,0
2026-09-17,2026-09-16,HOOD,Financial,104.42,23415.67,93882.17,1.43,-5.46,-5.31,-0.16,0.72,-9.42,0,0,0,1,0,0,0,0,0,0,0,0,1
2026-09-17,2026-09-16,HOPE,Financial,13.95,1041.76,1782.0,1.26,-1.13,-1.2,0.07,-0.22,0.94,0,0,0,0,0,0,0,0,0,0,0,0,0
2026-09-17,2026-09-16,HOS,Industrials,8.62,1796.39,1626.6,1.3,-2.6,-1.71,-0.9,0.23,-5.48,0,0,0,0,0,0,0,0,0,0,0,0,0
2026-09-17,2026-09-16,HP,Energy,41.66,1283.72,4163.46,0.98,-4.12,-3.36,-0.78,-1.58,-5.77,0,0,0,0,0,0,0,0,0,0,0,0,0
2026-09-17,2026-09-16,HPE,Technology,56.68,21382.23,75240.7,1.12,1.43,2.11,-0.66,1.25,-3.77,0,0,0,0,0,0,0,0,0,0,0,0,0
2026-09-17,2026-09-16,HPP,Real Estate,11.42,758.06,633.56,0.59,-0.17,0.09,-0.26,0.0,-4.11,0,0,0,0,0,0,0,0,0,0,0,0,0
2026-09-17,2026-09-16,HPQ,Technology,32.7,15737.97,29488.57,0.82,-3.31,-3.25,-0.06,-0.09,0.96,0,0,0,0,0,0,0,0,0,0,0,0,0
2026-09-17,2026-09-16,HQ,Technology,13.56,665.0,731.86,1.31,2.73,5.2,-2.35,-0.15,-15.62,0,0,0,0,0,0,0,0,0,0,0,0,0
2026-09-17,2026-09-16,HQY,Healthcare,96.0,870.57,7940.67,0.79,-0.53,0.0,-0.53,0.0,3.6,0,0,0,0,0,0,0,0,0,0,0,0,0
2026-09-17,2026-09-16,HRB,Consumer Cyclical,45.11,2103.31,5560.53,0.89,-1.59,-0.88,-0.72,-0.27,-0.07,0,0,0,0,0,0,0,0,0,0,0,0,0
2026-09-17,2026-09-16,HRI,Industrials,142.71,537.54,4771.0,1.49,2.71,1.93,0.76,-0.04,-1.44,0,0,0,0,0,0,0,0,0,0,0,0,0
2026-09-17,2026-09-16,HRL,Consumer Defensive,20.78,4445.11,11436.29,0.64,-0.05,-0.1,0.05,0.24,-0.91,0,0,0,0,0,0,0,0,0,0,0,0,0
2026-09-17,2026-09-16,HRMY,Healthcare,42.21,833.74,2458.16,1.92,0.09,-0.17,0.26,-0.02,1.42,0,0,0,0,0,0,0,0,0,0,0,0,0
2026-09-17,2026-09-16,HROW,Healthcare,34.21,609.61,1282.46,0.76,1.09,1.06,0.03,-0.02,-8.89,0,0,0,0,0,0,0,0,0,0,0,0,0
2026-09-17,2026-09-16,HSAI,Consumer Cyclical,16.67,1733.66,2169.43,0.93,1.09,-0.06,1.15,0.18,-8.91,0,0,0,0,0,0,0,0,0,0,0,0,0
2026-09-17,2026-09-16,HSBC,Financial,100.84,1268.31,346072.78,1.41,-1.35,-1.72,0.37,0.36,-4.06,0,0,0,0,0,0,0,0,0,0,0,0,0
2026-09-17,2026-09-16,HSIC,Healthcare,86.77,1206.58,9670.22,0.84,-0.86,-0.86,0.0,-0.09,-1.36,0,0,0,0,0,0,0,0,0,0,0,0,0
2026-09-17,2026-09-16,HSLV,Basic Materials,5.13,537.53,1044.06,1.72,-4.29,-8.39,4.48,1.91,-14.36,0,0,0,0,0,0,1,0,0,0,0,0,1
2026-09-17,2026-09-16,HST,Real Estate,21.76,9392.63,14908.3,0.89,-1.67,-1.89,0.23,0.0,-1.27,0,0,0,0,0,0,0,0,0,0,0,0,0
2026-09-17,2026-09-16,HSY,Consumer Defensive,170.79,1710.91,34316.13,0.61,0.22,-0.18,0.39,0.15,-0.81,0,0,0,0,0,0,0,0,0,0,0,0,0
2026-09-17,2026-09-16,HTFL,Healthcare,48.3,1912.96,4199.86,1.08,-0.06,-0.06,0.0,0.21,3.49,0,0,0,0,0,0,0,0,0,0,0,0,0
2026-09-17,2026-09-16,HTGC,Financial,17.57,1511.05,3288.47,0.65,-0.4,-0.45,0.06,-0.11,-0.23,0,0,0,0,0,0,0,0,0,0,0,0,0
2026-09-17,2026-09-16,HTHT,Consumer Cyclical,42.72,1680.95,13121.45,0.91,-1.43,-0.47,-0.97,0.0,-2.86,0,0,0,0,0,0,0,0,0,0,0,0,0
2026-09-17,2026-09-16,HTLD,Industrials,11.88,688.74,918.71,2.88,-5.11,-3.49,-1.68,-1.01,-2.86,1,0,0,1,0,0,0,0,0,0,0,0,1
2026-09-17,2026-09-16,HUBB,Industrials,439.07,548.52,23197.2,0.54,0.12,-1.06,1.2,-0.52,-3.49,0,0,0,0,0,0,0,0,0,0,0,0,0
2026-09-17,2026-09-16,HUBG,Industrials,33.12,1061.79,2025.4,1.75,-0.99,0.24,-1.23,-1.99,-6.28,0,0,0,0,0,0,0,0,0,0,0,0,0
2026-09-17,2026-09-16,HUBS,Technology,236.46,1706.28,11791.37,0.79,-2.27,-1.2,-1.08,-0.19,2.72,0,0,0,0,0,0,0,0,0,0,0,0,0
2026-09-17,2026-09-16,HUM,Healthcare,384.72,1306.34,46197.3,0.79,-3.0,-2.95,-0.05,0.0,-3.82,0,0,0,0,0,0,0,0,0,0,0,0,0
2026-09-17,2026-09-16,HUN,Basic Materials,9.19,4767.9,1611.73,0.84,-0.33,-0.65,0.33,0.0,-4.07,0,0,0,0,0,0,0,0,0,0,0,0,0
2026-09-17,2026-09-16,HUT,Financial,89.82,4666.41,11071.17,0.86,3.13,1.61,1.5,0.76,-6.36,0,0,0,0,0,0,0,0,0,0,0,0,0
2026-09-17,2026-09-16,HWC,Financial,74.55,849.17,5980.63,1.11,-1.82,-1.44,-0.38,0.01,0.16,0,0,0,0,0,0,0,0,0,0,0,0,0
2026-09-17,2026-09-16,HWM,Industrials,227.73,3086.04,90819.04,1.06,1.36,0.66,0.69,0.52,-2.1,0,0,0,0,0,0,0,0,0,0,0,0,0
2026-09-17,2026-09-16,HXL,Industrials,91.08,971.73,6887.79,0.82,-0.31,-0.56,0.25,-1.4,0.73,0,0,0,0,0,0,0,0,0,0,0,0,0
2026-09-17,2026-09-16,HYMC,Basic Materials,20.05,1955.2,1868.29,1.17,-3.14,-5.34,2.32,0.5,-12.1,0,0,0,0,0,0,0,0,0,0,0,0,0
2026-09-17,2026-09-16,HZO,Consumer Cyclical,52.34,615.34,1156.02,1.62,-0.3,-0.27,-0.04,0.02,0.33,0,0,0,0,0,0,0,0,0,0,0,0,0
2026-09-17,2026-09-16,IAG,Basic Materials,19.48,5299.5,11123.08,1.2,-0.81,-3.04,2.29,0.1,-5.16,0,0,0,0,0,0,0,0,0,0,0,0,0
2026-09-17,2026-09-16,IART,Healthcare,16.06,870.51,1249.03,1.86,2.36,1.58,0.76,0.0,-1.17,0,0,0,0,0,0,0,0,0,0,0,0,0
2026-09-17,2026-09-16,IBKR,Financial,86.74,4383.7,39300.0,0.87,-2.32,-2.53,0.21,0.3,-3.92,0,0,0,0,0,0,0,0,0,0,0,0,0
2026-09-17,2026-09-16,IBM,Technology,237.49,8776.4,223747.51,0.7,-4.38,-1.25,-3.17,0.34,-1.02,0,0,0,0,0,0,1,0,0,0,0,0,1
2026-09-17,2026-09-16,IBN,Financial,28.15,6183.0,101026.13,0.59,-0.88,-1.37,0.49,0.04,-3.0,0,0,0,0,0,0,0,0,0,0,0,0,0
2026-09-17,2026-09-16,IBRX,Healthcare,7.91,10054.75,8383.31,0.91,-2.83,-2.77,-0.06,0.0,-1.86,0,0,0,0,0,0,0,0,0,0,0,0,0
2026-09-17,2026-09-16,ICE,Financial,154.1,4134.29,86510.89,0.7,-1.78,-1.08,-0.71,0.05,-1.53,0,0,0,0,0,0,0,0,0,0,0,0,0
2026-09-17,2026-09-16,ICHR,Technology,51.42,977.61,1925.9,0.67,0.65,-1.32,2.0,0.58,-11.16,0,0,0,0,0,0,0,0,0,0,0,0,0
2026-09-17,2026-09-16,ICL,Basic Materials,5.48,1297.22,7073.14,0.9,-1.79,-1.26,-0.54,0.22,-6.8,0,0,0,0,0,0,0,0,0,0,0,0,0
2026-09-17,2026-09-16,ICLR,Healthcare,173.94,825.44,13420.2,0.99,0.86,0.25,0.61,0.0,9.05,0,0,0,0,0,0,0,0,0,0,0,0,0
2026-09-17,2026-09-16,IDA,Utilities,132.69,551.62,7675.06,0.94,0.01,-0.81,0.82,-0.14,-2.61,0,0,0,0,0,0,0,0,0,0,0,0,0
2026-09-17,2026-09-16,IDXX,Healthcare,513.62,617.36,40463.56,0.61,0.57,0.4,0.16,0.0,-0.3,0,0,0,0,0,0,0,0,0,0,0,0,0
2026-09-17,2026-09-16,IDYA,Healthcare,37.73,944.5,3640.54,0.68,0.19,0.05,0.13,0.0,-1.62,0,0,0,0,0,0,0,0,0,0,0,0,0
2026-09-17,2026-09-16,IE,Basic Materials,8.94,2206.52,1426.73,0.92,-3.77,-4.89,1.18,0.34,-17.98,0,0,0,0,0,0,0,0,0,0,0,0,0
2026-09-17,2026-09-16,IEP,Energy,6.96,973.99,4947.97,0.62,-0.29,0.0,-0.29,1.18,1.9,0,0,0,0,0,0,0,0,0,0,0,0,0
2026-09-17,2026-09-16,IEX,Industrials,221.5,664.8,16328.96,0.74,-0.6,-1.01,0.42,0.0,-1.6,0,0,0,0,0,0,0,0,0,0,0,0,0
2026-09-17,2026-09-16,IFF,Basic Materials,84.4,1745.2,21534.65,0.94,0.19,-0.31,0.5,0.0,0.11,0,0,0,0,0,0,0,0,0,0,0,0,0
2026-09-17,2026-09-16,IHS,Real Estate,8.42,1243.4,2848.83,0.31,-0.47,-0.36,-0.12,0.0,-0.47,0,0,0,0,0,0,0,0,0,0,0,0,0
2026-09-17,2026-09-16,ILMN,Healthcare,228.93,1952.21,34568.43,1.73,2.99,1.98,0.99,0.55,11.67,0,0,0,0,0,0,0,0,0,0,0,0,0
2026-09-17,2026-09-16,IMAX,Communication Services,52.07,1261.05,2855.63,0.76,-1.33,-1.23,-0.09,0.54,0.91,0,0,0,0,0,0,0,0,0,0,0,0,0
2026-09-17,2026-09-16,IMCR,Healthcare,31.59,517.79,1626.89,0.89,-0.58,-0.25,-0.33,0.0,-8.36,0,0,0,0,0,0,0,0,0,0,0,0,0
2026-09-17,2026-09-16,IMMR,Technology,7.12,569.83,236.42,0.67,-0.42,-0.84,0.42,-0.7,-4.3,0,0,0,0,0,0,0,0,0,0,0,0,0
2026-09-17,2026-09-16,IMMX,Healthcare,11.92,1842.16,852.75,0.77,-1.81,-2.93,1.15,0.0,-3.17,0,0,0,0,0,0,0,0,0,0,0,0,0
2026-09-17,2026-09-16,IMNM,Healthcare,23.46,1289.2,2664.53,1.02,-2.05,-3.42,1.42,0.72,-10.18,0,0,0,0,0,0,0,0,0,0,0,0,0
2026-09-17,2026-09-16,IMO,Energy,130.3,547.07,63011.78,1.1,-3.73,-2.8,-0.96,-0.72,-1.0,0,0,0,0,0,0,0,0,0,0,0,0,0
2026-09-17,2026-09-16,IMVT,Healthcare,36.38,1255.72,7514.39,0.93,-0.74,-1.01,0.27,0.05,-6.12,0,0,0,0,0,0,0,0,0,0,0,0,0
2026-09-17,2026-09-16,IMXI,Technology,13.21,525.71,399.1,0.96,-4.21,-3.93,-0.29,0.61,-8.07,0,0,0,0,0,0,0,0,0,0,0,0,0
2026-09-17,2026-09-16,INCY,Healthcare,124.75,1689.15,25286.54,0.8,2.47,2.69,-0.21,-0.6,-1.0,0,0,0,0,0,0,0,0,0,0,0,0,0
2026-09-17,2026-09-16,INDV,Healthcare,34.35,2089.24,4054.39,0.89,0.38,1.12,-0.73,0.0,-1.21,0,0,0,0,0,0,0,0,0,0,0,0,0
2026-09-17,2026-09-16,INFQ,Technology,12.84,11263.64,2893.58,0.69,1.34,1.26,0.08,0.55,-3.17,0,0,0,0,0,0,0,0,0,0,0,0,0
2026-09-17,2026-09-16,INFY,Technology,11.08,22079.72,44965.19,0.52,-2.12,-0.36,-1.77,1.26,1.37,0,0,0,0,0,0,0,0,0,0,0,0,0
2026-09-17,2026-09-16,ING,Financial,36.36,2603.98,102266.5,0.9,-1.14,-1.36,0.22,0.0,-0.79,0,0,0,0,0,0,0,0,0,0,0,0,0
2026-09-17,2026-09-16,INGM,Technology,26.11,1407.9,6022.58,1.72,-0.8,0.23,-1.03,0.0,-0.57,0,0,0,0,0,0,0,0,0,0,0,0,0
2026-09-17,2026-09-16,INGR,Consumer Defensive,98.48,773.35,6210.54,0.57,-0.6,-0.61,0.01,-0.02,-2.22,0,0,0,0,0,0,0,0,0,0,0,0,0
2026-09-17,2026-09-16,INIO,Industrials,18.71,4359.85,14032.5,1.61,5.17,2.58,2.53,1.12,-9.96,0,0,0,1,0,0,0,0,0,0,0,0,1
2026-09-17,2026-09-16,INMD,Healthcare,14.58,613.19,838.07,1.56,-1.95,-1.55,-0.4,0.0,-1.42,0,0,0,0,0,0,0,0,0,0,0,0,0
2026-09-17,2026-09-16,INN,Real Estate,5.69,1143.09,687.08,0.53,-0.87,-0.52,-0.35,0.0,1.25,0,0,0,0,0,0,0,0,0,0,0,0,0
2026-09-17,2026-09-16,INOD,Technology,55.41,1237.59,1905.14,0.62,1.91,1.71,0.2,0.7,1.41,0,0,0,0,0,0,0,0,0,0,0,0,0
2026-09-17,2026-09-16,INSM,Healthcare,122.58,3045.8,26769.21,0.47,2.22,2.15,0.07,0.34,-4.83,0,0,0,0,0,0,0,0,0,0,0,0,0
2026-09-17,2026-09-16,INSP,Healthcare,72.75,855.63,2103.23,0.99,-2.48,-0.57,-1.92,0.0,9.43,0,0,0,0,0,0,0,0,0,0,0,0,0
2026-09-17,2026-09-16,INSW,Energy,109.38,594.92,5417.73,1.36,1.52,1.28,0.24,1.48,4.55,0,0,0,0,0,0,0,0,0,0,0,0,0
2026-09-17,2026-09-16,INTA,Technology,37.0,753.95,2830.91,0.79,-1.31,0.84,-2.13,-0.35,-4.24,0,0,0,0,0,0,0,0,0,0,0,0,0
2026-09-17,2026-09-16,INTC,Technology,101.05,109312.3,534160.97,1.09,4.03,-0.31,4.35,1.31,-4.89,0,0,0,0,0,0,1,0,0,0,0,0,1
2026-09-17,2026-09-16,INTR,Financial,5.45,4998.27,2398.03,0.72,0.18,0.93,-0.74,-1.47,-0.55,0,0,0,0,0,0,0,0,0,0,0,0,0
2026-09-17,2026-09-16,INTU,Technology,318.13,4354.11,85015.79,0.57,-3.38,-1.27,-2.15,1.12,1.33,0,0,0,0,0,0,0,0,0,0,0,0,0
2026-09-17,2026-09-16,INVA,Healthcare,21.2,767.92,1531.61,0.93,1.73,1.63,0.1,0.0,0.33,0,0,0,0,0,0,0,0,0,0,0,0,0
2026-09-17,2026-09-16,INVH,Real Estate,27.21,4589.96,16070.86,1.04,-1.56,-1.56,0.0,-0.15,-3.44,0,0,0,0,0,0,0,0,0,0,0,0,0
2026-09-17,2026-09-16,INVX,Energy,29.33,639.17,2051.22,1.05,-2.07,-2.0,-0.07,0.0,-1.71,0,0,0,0,0,0,0,0,0,0,0,0,0
2026-09-17,2026-09-16,IOND,Financial,83.43,819.17,3754.03,1.29,2.18,3.2,-0.99,1.16,9.4,0,0,0,0,0,0,0,0,0,0,0,0,0
2026-09-17,2026-09-16,IONQ,Technology,36.84,20527.05,14925.29,0.77,-0.57,-0.38,-0.19,0.78,-3.41,0,0,0,0,0,0,0,0,0,0,0,0,0
2026-09-17,2026-09-16,IONS,Healthcare,44.84,3324.46,7451.71,2.39,-5.1,-5.36,0.28,0.16,-19.96,1,0,0,1,0,0,0,0,0,0,0,0,1
2026-09-17,2026-09-16,IOT,Technology,40.66,6232.35,23810.71,0.86,-2.38,-0.29,-2.09,0.05,5.2,0,0,0,0,0,0,0,0,0,0,0,0,0
2026-09-17,2026-09-16,IOVA,Healthcare,9.87,16335.87,4470.83,1.2,5.45,4.44,0.96,1.11,17.08,0,0,0,1,0,0,0,0,0,0,1,0,1
2026-09-17,2026-09-16,IP,Consumer Cyclical,34.06,5048.31,18037.15,1.04,0.21,-0.7,0.91,-0.88,-1.67,0,0,0,0,0,0,0,0,0,0,0,0,0
2026-09-17,2026-09-16,IQMX,Technology,9.33,556.26,1768.03,0.8,0.21,-4.11,4.51,-0.21,-10.29,0,0,0,0,0,0,1,0,0,0,0,0,1
2026-09-17,2026-09-16,IQV,Healthcare,268.82,1438.26,44247.78,1.16,-0.32,-0.76,0.45,-1.1,4.61,0,0,0,0,0,0,0,0,0,0,0,0,0
2026-09-17,2026-09-16,IR,Industrials,71.44,4087.42,27718.68,0.91,-0.65,-1.58,0.95,0.0,-2.91,0,0,0,0,0,0,0,0,0,0,0,0,0
2026-09-17,2026-09-16,IRD,Healthcare,5.41,2179.88,450.09,1.07,-7.04,-6.72,-0.34,0.34,-5.58,0,0,0,1,0,0,0,0,0,0,0,0,1
2026-09-17,2026-09-16,IRDM,Communication Services,47.28,1779.6,5010.81,0.51,0.4,-0.51,0.91,-1.1,0.47,0,0,0,0,0,0,0,0,0,0,0,0,0
2026-09-17,2026-09-16,IREN,Financial,42.62,43265.4,16772.57,0.78,2.5,0.4,2.09,1.99,-6.06,0,0,0,0,0,0,0,0,0,0,0,0,0
2026-09-17,2026-09-16,IRM,Real Estate,112.15,1829.08,33387.37,0.99,0.1,-0.62,0.72,-0.07,-2.66,0,0,0,0,0,0,0,0,0,0,0,0,0
2026-09-17,2026-09-16,IRON,Healthcare,68.57,548.28,2632.6,0.79,1.89,1.02,0.86,0.41,-10.38,0,0,0,0,0,0,0,0,0,0,0,0,0
2026-09-17,2026-09-16,IRTC,Healthcare,111.82,615.83,3685.92,0.78,-0.05,-0.02,-0.04,1.95,-6.48,0,0,0,0,0,0,0,0,0,0,0,0,0
2026-09-17,2026-09-16,ISRG,Healthcare,382.29,3046.63,135054.67,0.7,1.36,1.13,0.22,0.15,8.22,0,0,0,0,0,0,0,0,0,0,0,0,0
2026-09-17,2026-09-16,IT,Technology,191.57,1416.02,12097.45,0.64,-2.07,-0.59,-1.49,0.22,12.89,0,0,0,0,0,0,0,0,0,0,0,0,0
2026-09-17,2026-09-16,ITGR,Healthcare,126.11,936.18,4286.74,1.2,-0.08,-0.06,-0.02,0.0,0.2,0,0,0,0,0,0,0,0,0,0,0,0,0
2026-09-17,2026-09-16,ITRI,Technology,92.14,758.33,4034.51,0.57,-0.17,-0.5,0.33,0.0,-2.65,0,0,0,0,0,0,0,0,0,0,0,0,0
2026-09-17,2026-09-16,ITT,Industrials,194.5,892.16,17388.3,0.97,-1.76,-2.75,1.02,0.0,-1.9,0,0,0,0,0,0,0,0,0,0,0,0,0
2026-09-17,2026-09-16,ITUB,Financial,8.29,21359.88,44800.24,1.34,0.36,0.73,-0.36,0.0,2.6,0,0,0,0,0,0,0,0,0,0,0,0,0
2026-09-17,2026-09-16,ITW,Industrials,267.33,1317.82,76135.58,0.91,-0.47,-0.92,0.45,0.0,1.27,0,0,0,0,0,0,0,0,0,0,0,0,0
2026-09-17,2026-09-16,IVR,Real Estate,6.46,2788.23,695.36,1.59,-1.07,-1.82,0.77,0.62,-8.89,0,0,0,0,0,0,0,0,0,0,0,0,0
2026-09-17,2026-09-16,IVT,Real Estate,30.82,877.66,2403.3,1.0,-1.31,-2.07,0.77,0.0,-4.67,0,0,0,0,0,0,0,0,0,0,0,0,0
2026-09-17,2026-09-16,IVZ,Financial,30.08,4679.28,13280.31,1.0,-2.27,-2.53,0.26,0.4,-6.26,0,0,0,0,0,0,0,0,0,0,0,0,0
2026-09-17,2026-09-16,J,Industrials,143.49,963.54,16793.88,0.57,-0.98,-0.53,-0.45,0.86,1.23,0,0,0,0,0,0,0,0,0,0,0,0,0
2026-09-17,2026-09-16,JACK,Consumer Cyclical,13.21,929.39,253.36,0.71,-2.8,-3.58,0.81,0.0,-10.62,0,0,0,0,0,0,0,0,0,0,0,0,0
2026-09-17,2026-09-16,JAN,Real Estate,30.55,1665.05,9406.06,1.15,-3.29,-3.23,-0.06,0.0,-1.45,0,0,0,0,0,0,0,0,0,0,0,0,0
2026-09-17,2026-09-16,JANX,Healthcare,16.25,1023.66,993.17,1.13,-1.19,-1.13,-0.06,-1.32,-15.96,0,0,0,0,0,0,0,0,0,0,0,0,0
2026-09-17,2026-09-16,JAZZ,Healthcare,243.59,875.97,15812.54,0.69,1.15,0.27,0.87,-0.05,0.94,0,0,0,0,0,0,0,0,0,0,0,0,0
2026-09-17,2026-09-16,JBGS,Real Estate,11.26,744.46,840.2,1.94,1.17,0.54,0.63,0.0,0.63,0,0,0,0,0,0,0,0,0,0,0,0,0
2026-09-17,2026-09-16,JBHT,Industrials,236.73,951.84,22232.48,5.05,-13.3,-2.53,-11.05,0.08,-11.6,1,1,1,1,1,1,1,1,0,0,0,0,1
2026-09-17,2026-09-16,JBIO,Healthcare,16.65,997.32,1058.89,1.73,-4.2,-4.97,0.81,1.56,-12.64,0,0,0,0,0,0,0,0,0,0,0,0,0
2026-09-17,2026-09-16,JBL,Technology,297.24,1203.84,31146.92,0.87,0.4,-1.78,2.22,0.36,-4.54,0,0,0,0,0,0,0,0,0,0,0,0,0
2026-09-17,2026-09-16,JBS,Consumer Defensive,12.22,5785.41,13086.76,0.58,-0.49,-0.33,-0.16,0.0,-2.86,0,0,0,0,0,0,0,0,0,0,0,0,0
2026-09-17,2026-09-16,JBTM,Industrials,111.41,605.14,5779.6,0.87,0.03,-0.52,0.55,0.35,-2.21,0,0,0,0,0,0,0,0,0,0,0,0,0
2026-09-17,2026-09-16,JCI,Industrials,140.47,3861.4,85088.51,0.82,1.58,0.4,1.17,1.45,-3.07,0,0,0,0,0,0,0,0,0,0,0,0,0
2026-09-17,2026-09-16,JD,Consumer Cyclical,26.9,8117.96,32351.55,0.79,-0.7,-0.34,-0.36,0.23,-0.37,0,0,0,0,0,0,0,0,0,0,0,0,0
2026-09-17,2026-09-16,JEF,Financial,47.35,2127.13,10916.54,1.38,-3.03,-3.13,0.1,-0.06,-14.3,0,0,0,0,0,0,0,0,0,0,0,0,0
2026-09-17,2026-09-16,JHX,Basic Materials,26.84,7368.63,15581.23,2.4,-0.81,0.0,-0.81,1.23,-7.16,1,0,0,0,0,0,0,0,0,0,0,0,1
2026-09-17,2026-09-16,JKHY,Technology,158.98,1191.23,11146.5,1.38,3.19,2.38,0.79,0.0,0.32,0,0,0,0,0,0,0,0,0,0,0,0,0
2026-09-17,2026-09-16,JKS,Technology,10.28,718.82,516.67,1.55,-4.01,-5.08,1.12,-0.78,-15.6,0,0,0,0,0,0,0,0,0,0,0,0,0
2026-09-17,2026-09-16,JMIA,Consumer Cyclical,7.16,1776.59,891.92,0.75,-2.05,-1.92,-0.14,0.28,-4.79,0,0,0,0,0,0,0,0,0,0,0,0,0
2026-09-17,2026-09-16,JMKE,Consumer Cyclical,20.07,4144.41,6375.02,0.58,-3.28,-3.97,0.72,0.15,-10.28,0,0,0,0,0,0,0,0,0,0,0,0,0
2026-09-17,2026-09-16,JNJ,Healthcare,267.28,7601.98,644117.65,0.64,0.03,0.18,-0.15,0.0,0.07,0,0,0,0,0,0,0,0,0,0,0,0,0
2026-09-17,2026-09-16,JOBY,Industrials,6.08,38674.56,6013.87,0.65,-0.82,-0.82,0.0,0.32,-5.3,0,0,0,0,0,0,0,0,0,0,0,0,0
2026-09-17,2026-09-16,JPM,Financial,348.92,8075.33,927494.4,1.03,-1.01,-1.26,0.25,0.14,-1.63,0,0,0,0,0,0,0,0,0,0,0,0,0
2026-09-17,2026-09-16,JXN,Financial,137.1,622.67,9285.61,1.48,-0.8,-0.5,-0.3,-0.08,-0.69,0,0,0,0,0,0,0,0,0,0,0,0,0
2026-09-17,2026-09-16,KBH,Consumer Cyclical,48.67,1184.24,2983.95,1.9,-1.72,-2.05,0.34,0.16,-2.13,0,0,0,0,0,0,0,0,0,0,0,0,0
2026-09-17,2026-09-16,KBR,Industrials,36.6,1565.95,4614.08,0.89,-1.93,-1.32,-0.62,0.0,1.27,0,0,0,0,0,0,0,0,0,0,0,0,0
2026-09-17,2026-09-16,KC,Technology,9.42,1497.91,2813.38,0.54,-1.05,-1.88,0.84,0.64,-7.74,0,0,0,0,0,0,0,0,0,0,0,0,0
2026-09-17,2026-09-16,KD,Technology,12.84,4170.73,2796.78,0.73,-3.02,-1.31,-1.74,0.86,-1.31,0,0,0,0,0,0,0,0,0,0,0,0,0
2026-09-17,2026-09-16,KDP,Consumer Defensive,31.8,13034.09,43274.27,0.86,0.98,1.11,-0.13,-0.03,-0.87,0,0,0,0,0,0,0,0,0,0,0,0,0
2026-09-17,2026-09-16,KEP,Utilities,11.22,1102.19,14405.69,1.35,-1.92,-1.41,-0.52,0.98,-8.11,0,0,0,0,0,0,0,0,0,0,0,0,0
2026-09-17,2026-09-16,KEX,Industrials,136.94,534.98,7230.43,0.72,-1.45,-0.62,-0.84,0.0,-1.18,0,0,0,0,0,0,0,0,0,0,0,0,0
2026-09-17,2026-09-16,KEY,Financial,20.72,10835.39,22110.9,2.52,-4.52,-4.56,0.05,0.39,-4.65,1,0,0,0,0,0,0,0,0,0,0,0,1
2026-09-17,2026-09-16,KEYS,Technology,322.04,1378.37,54825.62,1.3,2.77,1.26,1.49,0.92,-2.71,0,0,0,0,0,0,0,0,0,0,0,0,0
2026-09-17,2026-09-16,KFY,Industrials,77.43,525.94,4224.49,0.8,-0.53,0.06,-0.59,0.0,-4.56,0,0,0,0,0,0,0,0,0,0,0,0,0
2026-09-17,2026-09-16,KGC,Basic Materials,27.82,8231.79,33001.2,0.96,-0.78,-2.76,2.03,-0.02,-7.97,0,0,0,0,0,0,0,0,0,0,0,0,0
2026-09-17,2026-09-16,KGS,Energy,58.41,1839.42,5905.48,1.17,1.23,0.71,0.52,0.5,-8.81,0,0,0,0,0,0,0,0,0,0,0,0,0
2026-09-17,2026-09-16,KHC,Consumer Defensive,24.73,16971.38,29325.42,0.82,0.0,-0.02,0.02,-0.04,0.49,0,0,0,0,0,0,0,0,0,0,0,0,0
2026-09-17,2026-09-16,KIM,Real Estate,22.59,4769.82,15153.13,1.32,-1.74,-1.53,-0.22,0.0,-4.16,0,0,0,0,0,0,0,0,0,0,0,0,0
2026-09-17,2026-09-16,KKR,Financial,96.84,4397.96,86927.03,0.92,-3.16,-3.36,0.21,0.58,-6.97,0,0,0,0,0,0,0,0,0,0,0,0,0
2026-09-17,2026-09-16,KLAC,Technology,167.36,12037.68,218663.66,0.56,-0.39,-2.43,2.08,0.77,-8.5,0,0,0,0,0,0,0,0,0,0,0,0,0
2026-09-17,2026-09-16,KLAR,Financial,14.0,5721.26,5285.14,0.8,-0.78,-0.5,-0.28,0.14,0.86,0,0,0,0,0,0,0,0,0,0,0,0,0
2026-09-17,2026-09-16,KLIC,Technology,79.55,1029.03,4162.78,0.43,0.96,-1.09,2.08,1.47,-5.05,0,0,0,0,0,0,0,0,0,0,0,0,0
2026-09-17,2026-09-16,KLRA,Healthcare,12.7,805.64,1646.48,1.41,-5.58,-6.27,0.74,2.36,-14.42,0,0,0,1,0,0,0,0,1,0,0,0,1
2026-09-17,2026-09-16,KMB,Consumer Defensive,98.1,4215.15,32626.01,0.85,-0.58,-0.59,0.01,0.1,-0.61,0,0,0,0,0,0,0,0,0,0,0,0,0
2026-09-17,2026-09-16,KMI,Energy,30.73,10632.44,68429.63,1.23,-0.13,0.18,-0.31,-0.36,-2.16,0,0,0,0,0,0,0,0,0,0,0,0,0
2026-09-17,2026-09-16,KMPR,Financial,27.4,1030.43,1614.49,0.76,-1.51,-1.3,-0.22,0.0,0.62,0,0,0,0,0,0,0,0,0,0,0,0,0
2026-09-17,2026-09-16,KMT,Industrials,29.7,1332.67,2268.78,0.91,1.33,0.51,0.82,-0.2,0.2,0,0,0,0,0,0,0,0,0,0,0,0,0
2026-09-17,2026-09-16,KMX,Consumer Cyclical,58.8,2613.86,8344.37,0.78,-1.77,-2.11,0.35,-0.84,-2.47,0,0,0,0,0,0,0,0,0,0,0,0,0
2026-09-17,2026-09-16,KN,Technology,35.09,971.44,2997.05,0.63,0.89,-1.21,2.13,0.0,-2.09,0,0,0,0,0,0,0,0,0,0,0,0,0
2026-09-17,2026-09-16,KNF,Basic Materials,55.62,741.13,3157.18,1.52,-1.66,-1.97,0.32,-0.29,-4.05,0,0,0,0,0,0,0,0,0,0,0,0,0
2026-09-17,2026-09-16,KNSA,Healthcare,77.62,739.76,6056.22,0.75,3.29,3.41,-0.12,0.0,-1.15,0,0,0,0,0,0,0,0,0,0,0,0,0
2026-09-17,2026-09-16,KNTK,Energy,53.84,1067.9,8742.49,1.47,-1.57,-1.39,-0.18,0.24,-1.3,0,0,0,0,0,0,0,0,0,0,0,0,0
2026-09-17,2026-09-16,KNX,Industrials,65.78,3679.34,10706.09,3.07,-3.96,0.11,-4.06,-0.43,-4.38,1,1,0,0,0,0,1,0,0,0,0,0,1
2026-09-17,2026-09-16,KO,Consumer Defensive,87.87,17111.19,378064.97,1.0,-0.95,-0.69,-0.26,0.08,0.37,0,0,0,0,0,0,0,0,0,0,0,0,0
2026-09-17,2026-09-16,KOD,Healthcare,32.77,678.16,2059.57,1.04,-0.67,-1.06,0.39,0.61,-2.99,0,0,0,0,0,0,0,0,0,0,0,0,0
2026-09-17,2026-09-16,KODK,Industrials,9.42,895.09,922.22,0.76,2.5,1.51,0.98,0.64,4.55,0,0,0,0,0,0,0,0,0,0,0,0,0
2026-09-17,2026-09-16,KR,Consumer Defensive,61.14,7616.61,37457.26,1.12,-1.78,-1.28,-0.51,-0.05,8.33,0,0,0,0,0,0,0,0,0,0,0,0,0
2026-09-17,2026-09-16,KRC,Real Estate,34.42,1271.93,4042.37,1.67,-0.23,0.06,-0.29,0.0,-2.44,0,0,0,0,0,0,0,0,0,0,0,0,0
2026-09-17,2026-09-16,KRMN,Industrials,36.94,3354.8,4895.8,1.22,-1.41,-2.82,1.44,1.3,4.88,0,0,0,0,0,0,0,0,0,0,0,0,0
2026-09-17,2026-09-16,KRNY,Financial,9.65,647.51,626.57,0.83,-1.63,-1.83,0.2,0.0,-0.82,0,0,0,0,0,0,0,0,0,0,0,0,0
2026-09-17,2026-09-16,KRP,Energy,14.61,815.94,1877.55,1.39,-2.27,-2.08,-0.2,1.03,-3.69,0,0,0,0,0,0,0,0,0,0,0,0,0
2026-09-17,2026-09-16,KSPI,Technology,97.75,517.15,18574.46,0.52,-1.02,-1.31,0.29,1.95,-2.25,0,0,0,0,0,0,0,0,0,0,0,0,0
2026-09-17,2026-09-16,KSS,Consumer Cyclical,16.46,4169.98,1866.18,0.71,0.61,0.3,0.31,0.36,-6.05,0,0,0,0,0,0,0,0,0,0,0,0,0
2026-09-17,2026-09-16,KT,Communication Services,19.45,1491.12,9282.71,0.72,-1.97,-1.87,-0.1,0.05,-1.47,0,0,0,0,0,0,0,0,0,0,0,0,0
2026-09-17,2026-09-16,KTB,Consumer Cyclical,68.37,773.14,3736.67,1.35,2.04,1.56,0.48,0.0,1.8,0,0,0,0,0,0,0,0,0,0,0,0,0
2026-09-17,2026-09-16,KTOS,Industrials,47.59,4286.35,8933.66,0.93,-0.06,0.24,-0.3,0.13,1.82,0,0,0,0,0,0,0,0,0,0,0,0,0
2026-09-17,2026-09-16,KURA,Healthcare,11.2,1794.6,996.35,1.0,-0.88,-0.97,0.09,0.45,-7.36,0,0,0,0,0,0,0,0,0,0,0,0,0
2026-09-17,2026-09-16,KVUE,Consumer Defensive,17.83,22805.8,34247.39,1.01,-0.5,-0.89,0.39,0.27,0.45,0,0,0,0,0,0,0,0,0,0,0,0,0
2026-09-17,2026-09-16,KVYO,Technology,16.23,5984.85,4621.12,0.97,-4.42,-2.05,-2.41,0.18,-0.25,0,0,0,0,0,0,0,0,0,0,0,0,0
2026-09-17,2026-09-16,KYIV,Communication Services,13.17,526.11,3040.47,0.37,-0.6,-1.86,1.28,0.0,-4.01,0,0,0,0,0,0,0,0,0,0,0,0,0
2026-09-17,2026-09-16,KYMR,Healthcare,116.33,858.51,9672.91,0.76,2.81,2.89,-0.08,0.0,0.78,0,0,0,0,0,0,0,0,0,0,0,0,0
2026-09-17,2026-09-16,KYTX,Healthcare,6.9,1000.72,426.72,0.68,-0.86,-1.71,0.86,0.14,-9.69,0,0,0,0,0,0,0,0,0,0,0,0,0
2026-09-17,2026-09-16,L,Financial,108.79,793.47,22239.69,1.36,-0.38,-0.19,-0.19,0.0,0.1,0,0,0,0,0,0,0,0,0,0,0,0,0
2026-09-17,2026-09-16,LADR,Real Estate,9.52,1130.35,1207.76,1.39,-0.52,-0.52,0.0,1.89,-2.76,0,0,0,0,0,0,0,0,0,0,0,0,0
2026-09-17,2026-09-16,LAMR,Real Estate,147.53,615.21,14981.63,0.76,-0.2,0.11,-0.3,0.23,-0.87,0,0,0,0,0,0,0,0,0,0,0,0,0
2026-09-17,2026-09-16,LAND,Real Estate,9.38,732.84,404.41,0.76,-0.48,-1.32,0.85,1.86,-0.85,0,0,0,0,0,0,0,0,0,0,0,0,0
2026-09-17,2026-09-16,LAR,Basic Materials,5.56,1932.42,897.38,1.0,-1.94,-3.14,1.23,0.72,-17.75,0,0,0,0,0,0,0,0,0,0,0,0,0
2026-09-17,2026-09-16,LASR,Technology,38.56,1344.78,2224.53,0.53,1.69,0.73,0.95,1.09,-5.93,0,0,0,0,0,0,0,0,0,0,0,0,0
2026-09-17,2026-09-16,LAUR,Consumer Defensive,36.2,1102.2,4986.52,0.95,0.95,0.95,0.0,0.0,0.61,0,0,0,0,0,0,0,0,0,0,0,0,0
2026-09-17,2026-09-16,LAZ,Financial,36.61,1950.88,3567.67,1.21,-5.23,-5.06,-0.18,0.66,-14.2,0,0,0,1,0,0,0,0,0,0,0,0,1
2026-09-17,2026-09-16,LBRT,Energy,19.26,4353.36,3143.07,0.68,-1.08,-1.53,0.46,2.23,-12.69,0,0,0,0,0,0,0,0,1,0,0,0,1
2026-09-17,2026-09-16,LBTYA,Communication Services,10.4,2256.16,3512.64,0.89,-0.86,-0.72,-0.14,0.0,-1.05,0,0,0,0,0,0,0,0,0,0,0,0,0
2026-09-17,2026-09-16,LBTYK,Communication Services,10.04,1335.99,3528.98,2.19,-0.4,-0.5,0.1,0.0,-3.04,1,0,0,0,0,0,0,0,0,0,0,0,1
2026-09-17,2026-09-16,LDOS,Technology,129.35,1604.5,16232.41,1.07,0.09,0.71,-0.62,0.15,0.94,0,0,0,0,0,0,0,0,0,0,0,0,0
2026-09-17,2026-09-16,LEA,Consumer Cyclical,123.19,630.15,6076.32,1.75,-2.37,-2.89,0.53,0.0,-2.95,0,0,0,0,0,0,0,0,0,0,0,0,0
2026-09-17,2026-09-16,LEGN,Healthcare,17.0,2455.07,3294.09,1.44,-3.79,-4.82,1.08,0.41,-14.62,0,0,0,0,0,0,0,0,0,0,0,0,0
2026-09-17,2026-09-16,LEN,Consumer Cyclical,78.36,2649.46,18831.93,2.32,-2.14,-2.82,0.7,-2.63,-2.97,1,0,0,0,0,0,0,0,1,0,0,0,1
2026-09-17,2026-09-16,LEU,Energy,139.01,759.45,2843.19,1.3,-2.19,-3.8,1.67,-3.45,-23.41,0,0,0,0,0,0,0,0,1,0,0,0,1
2026-09-17,2026-09-16,LEVI,Consumer Cyclical,19.65,2551.77,7562.32,0.98,-0.86,-1.45,0.61,1.53,-3.44,0,0,0,0,0,0,0,0,0,0,0,0,0
2026-09-17,2026-09-16,LFST,Healthcare,12.79,4220.52,4887.75,1.24,-2.07,-1.69,-0.38,0.23,1.35,0,0,0,0,0,0,0,0,0,0,0,0,0
2026-09-17,2026-09-16,LFTO,Communication Services,17.59,768.33,2978.54,0.96,-3.72,-3.72,0.0,-0.28,-4.92,0,0,0,0,0,0,0,0,0,0,0,0,0
2026-09-17,2026-09-16,LGN,Industrials,53.84,1356.97,5818.78,0.87,1.53,-0.41,1.94,0.0,-2.5,0,0,0,0,0,0,0,0,0,0,0,0,0
2026-09-17,2026-09-16,LH,Healthcare,324.51,705.17,26317.76,0.8,0.17,0.31,-0.14,-0.25,1.06,0,0,0,0,0,0,0,0,0,0,0,0,0
2026-09-17,2026-09-16,LHX,Industrials,250.74,1611.46,46691.45,0.8,0.43,0.27,0.16,-1.04,0.13,0,0,0,0,0,0,0,0,0,0,0,0,0
2026-09-17,2026-09-16,LI,Consumer Cyclical,12.03,3342.88,10256.3,1.16,2.3,1.01,1.28,0.17,1.01,0,0,0,0,0,0,0,0,0,0,0,0,0
2026-09-17,2026-09-16,LIF,Technology,40.71,778.34,3317.06,0.87,-3.49,-3.07,-0.43,1.45,-3.28,0,0,0,0,0,0,0,0,0,0,0,0,0
2026-09-17,2026-09-16,LIFE,Financial,38.55,1061.45,2457.9,2.74,-4.29,-2.9,-1.44,1.4,-2.95,1,0,0,0,0,0,0,0,0,0,0,0,1
2026-09-17,2026-09-16,LII,Industrials,361.04,512.5,12477.79,0.82,-0.32,-1.19,0.88,0.0,-3.92,0,0,0,0,0,0,0,0,0,0,0,0,0
2026-09-17,2026-09-16,LILA,Communication Services,8.74,709.06,1704.02,0.44,-1.58,-1.8,0.23,0.0,1.04,0,0,0,0,0,0,0,0,0,0,0,0,0
2026-09-17,2026-09-16,LILAK,Communication Services,8.72,1656.09,1705.89,0.77,-1.47,-1.02,-0.45,0.0,1.04,0,0,0,0,0,0,0,0,0,0,0,0,0
2026-09-17,2026-09-16,LIN,Basic Materials,462.09,2145.94,213014.32,0.62,-0.19,-0.17,-0.02,-0.53,-0.98,0,0,0,0,0,0,0,0,0,0,0,0,0
2026-09-17,2026-09-16,LINC,Consumer Defensive,25.17,827.07,798.43,0.77,-0.98,-1.79,0.83,-1.39,4.05,0,0,0,0,0,0,0,0,0,0,0,0,0
2026-09-17,2026-09-16,LIND,Consumer Cyclical,27.42,916.0,1799.29,1.05,5.1,3.86,1.19,1.43,8.14,0,0,0,1,0,0,0,0,0,0,0,0,1
2026-09-17,2026-09-16,LINE,Real Estate,37.94,944.11,8639.32,0.72,-1.42,-1.45,0.04,0.0,0.93,0,0,0,0,0,0,0,0,0,0,0,0,0
2026-09-17,2026-09-16,LION,Financial,11.31,2905.57,3365.4,0.62,1.07,1.07,0.0,0.27,2.26,0,0,0,0,0,0,0,0,0,0,0,0,0
2026-09-17,2026-09-16,LITE,Technology,919.4,4744.77,82470.18,1.36,9.59,7.41,2.03,0.68,-7.04,0,0,0,1,1,0,0,0,0,0,0,0,1
2026-09-17,2026-09-16,LIVN,Healthcare,78.51,670.72,4325.39,1.03,-1.21,-1.32,0.11,0.0,-0.53,0,0,0,0,0,0,0,0,0,0,0,0,0
2026-09-17,2026-09-16,LKQ,Consumer Cyclical,23.0,3175.17,5819.05,1.06,-1.71,-1.71,0.0,0.63,-4.92,0,0,0,0,0,0,0,0,0,0,0,0,0
2026-09-17,2026-09-16,LLY,Healthcare,1137.82,2721.81,1071094.83,0.54,0.15,0.04,0.11,-0.02,1.21,0,0,0,0,0,0,0,0,0,0,0,0,0
2026-09-17,2026-09-16,LMND,Financial,48.57,1322.09,3759.16,0.71,-2.35,-1.36,-1.01,0.06,-1.32,0,0,0,0,0,0,0,0,0,0,0,0,0
2026-09-17,2026-09-16,LMRI,Healthcare,11.65,505.15,1119.27,0.6,-1.02,-1.19,0.17,0.0,3.28,0,0,0,0,0,0,0,0,0,0,0,0,0
2026-09-17,2026-09-16,LMT,Industrials,537.25,1203.02,123992.33,0.76,0.71,0.46,0.25,-0.38,2.44,0,0,0,0,0,0,0,0,0,0,0,0,0
2026-09-17,2026-09-16,LNC,Financial,42.45,1955.13,8126.94,1.25,-2.28,-2.17,-0.12,-0.19,-2.5,0,0,0,0,0,0,0,0,0,0,0,0,0
2026-09-17,2026-09-16,LNG,Energy,267.75,1980.27,55299.52,0.86,-1.19,-0.09,-1.1,0.0,-2.96,0,0,0,0,0,0,0,0,0,0,0,0,0
2026-09-17,2026-09-16,LNT,Utilities,66.11,2418.44,17141.31,0.79,0.18,-0.32,0.5,0.0,-2.58,0,0,0,0,0,0,0,0,0,0,0,0,0
2026-09-17,2026-09-16,LNTH,Healthcare,100.54,1360.14,6565.25,0.55,-0.19,-0.19,0.0,0.06,-0.16,0,0,0,0,0,0,0,0,0,0,0,0,0
2026-09-17,2026-09-16,LOAR,Industrials,64.67,701.79,6058.83,0.99,1.83,-0.15,1.98,0.0,-2.09,0,0,0,0,0,0,0,0,0,0,0,0,0
2026-09-17,2026-09-16,LOGI,Technology,99.53,979.23,14289.52,0.62,-1.59,-1.65,0.06,0.0,0.85,0,0,0,0,0,0,0,0,0,0,0,0,0
2026-09-17,2026-09-16,LOW,Consumer Cyclical,194.1,3062.11,108900.59,0.97,-0.26,-1.11,0.85,0.29,-2.27,0,0,0,0,0,0,0,0,0,0,0,0,0
2026-09-17,2026-09-16,LPG,Energy,57.86,667.26,2475.4,1.1,1.83,2.86,-1.0,1.45,7.89,0,0,0,0,0,0,0,0,0,0,0,0,0
2026-09-17,2026-09-16,LPLA,Financial,333.04,759.46,26224.33,0.88,-2.55,-1.73,-0.83,0.86,-4.74,0,0,0,0,0,0,0,0,0,0,0,0,0
2026-09-17,2026-09-16,LPTH,Technology,9.39,3158.15,657.64,0.79,1.08,-0.11,1.18,0.32,-7.4,0,0,0,0,0,0,0,0,0,0,0,0,0
2026-09-17,2026-09-16,LPX,Industrials,65.36,1164.14,4570.19,1.2,0.94,0.55,0.39,0.0,-3.2,0,0,0,0,0,0,0,0,0,0,0,0,0
2026-09-17,2026-09-16,LQDA,Healthcare,68.45,1694.26,6126.88,0.77,4.15,4.23,-0.08,-0.6,-0.97,0,0,0,0,0,0,0,0,0,0,0,0,0
2026-09-17,2026-09-16,LRCX,Technology,269.23,10859.72,336893.18,0.7,-0.61,-2.85,2.31,0.85,-14.76,0,0,0,0,0,0,0,0,0,0,0,0,0
2026-09-17,2026-09-16,LRN,Consumer Defensive,82.04,863.22,3409.57,1.01,-1.82,-2.63,0.84,0.0,0.4,0,0,0,0,0,0,0,0,0,0,0,0,0
2026-09-17,2026-09-16,LSCC,Technology,106.32,1763.16,15100.66,0.77,-0.16,-1.83,1.7,0.08,-7.91,0,0,0,0,0,0,0,0,0,0,0,0,0
2026-09-17,2026-09-16,LSPD,Technology,9.65,834.41,1284.41,0.46,-1.83,-1.23,-0.61,0.1,-1.73,0,0,0,0,0,0,0,0,0,0,0,0,0
2026-09-17,2026-09-16,LTBR,Industrials,6.47,807.9,242.36,0.93,-2.12,-2.85,0.76,0.62,-14.19,0,0,0,0,0,0,0,0,0,0,0,0,0
2026-09-17,2026-09-16,LTC,Real Estate,43.08,575.26,2322.26,1.04,-0.87,-0.58,-0.3,-0.42,1.25,0,0,0,0,0,0,0,0,0,0,0,0,0
2026-09-17,2026-09-16,LTH,Consumer Cyclical,40.73,2931.13,9101.61,0.86,-1.78,-2.16,0.39,1.1,-2.44,0,0,0,0,0,0,0,0,0,0,0,0,0
2026-09-17,2026-09-16,LTM,Industrials,50.07,772.74,14375.6,0.9,-0.65,-1.36,0.71,0.0,-3.77,0,0,0,0,0,0,0,0,0,0,0,0,0
2026-09-17,2026-09-16,LTRX,Technology,5.42,1091.47,253.14,1.22,1.69,0.37,1.31,-1.48,7.11,0,0,0,0,0,0,0,0,0,0,0,0,0
2026-09-17,2026-09-16,LULU,Consumer Cyclical,95.98,4345.56,11116.99,0.9,-2.43,-3.12,0.71,0.42,-3.75,0,0,0,0,0,0,0,0,0,0,0,0,0
2026-09-17,2026-09-16,LUMN,Communication Services,6.67,13367.55,6879.74,0.88,-2.34,-3.75,1.46,0.3,-2.06,0,0,0,0,0,0,0,0,0,0,0,0,0
2026-09-17,2026-09-16,LUNR,Industrials,13.87,9718.23,3175.18,0.64,0.0,-0.79,0.79,0.0,-7.16,0,0,0,0,0,0,0,0,0,0,0,0,0
2026-09-17,2026-09-16,LUV,Industrials,39.15,5513.73,19152.5,1.39,-0.33,-2.0,1.71,-0.08,1.22,0,0,0,0,0,0,0,0,0,0,0,0,0
2026-09-17,2026-09-16,LVS,Consumer Cyclical,41.06,5055.88,26594.61,1.19,-0.51,-0.75,0.24,-0.06,-5.24,0,0,0,0,0,0,0,0,0,0,0,0,0
2026-09-17,2026-09-16,LW,Consumer Defensive,47.53,1598.2,6534.47,0.89,0.93,0.98,-0.04,0.0,-1.25,0,0,0,0,0,0,0,0,0,0,0,0,0
2026-09-17,2026-09-16,LXU,Basic Materials,11.06,815.5,796.29,0.74,-3.15,-1.69,-1.49,0.0,-5.47,0,0,0,0,0,0,0,0,0,0,0,0,0
2026-09-17,2026-09-16,LYB,Basic Materials,64.9,4534.86,20965.16,0.96,-0.81,0.68,-1.48,-0.86,0.6,0,0,0,0,0,0,0,0,0,0,0,0,0
2026-09-17,2026-09-16,LYFT,Technology,15.69,11848.1,5939.3,0.69,0.0,0.19,-0.19,0.19,5.3,0,0,0,0,0,0,0,0,0,0,0,0,0
2026-09-17,2026-09-16,LYG,Financial,5.88,16277.33,85068.9,1.11,0.0,-1.34,1.36,0.0,-0.68,0,0,0,0,0,0,0,0,0,0,0,0,0
2026-09-17,2026-09-16,LYNX,Industrials,13.67,1227.98,1585.03,0.23,1.56,1.56,0.0,1.02,6.96,0,0,0,0,0,0,0,0,0,0,0,0,0
2026-09-17,2026-09-16,LYV,Communication Services,171.13,2164.59,40324.02,0.8,0.52,0.02,0.5,0.01,0.67,0,0,0,0,0,0,0,0,0,0,0,0,0
2026-09-17,2026-09-16,LZ,Industrials,6.06,2845.85,1037.86,0.7,-2.73,-2.42,-0.32,-0.17,4.3,0,0,0,0,0,0,0,0,0,0,0,0,0
2026-09-17,2026-09-16,LZB,Consumer Cyclical,30.18,690.32,1208.79,1.12,-0.46,-1.82,1.39,0.5,-3.79,0,0,0,0,0,0,0,0,0,0,0,0,0
2026-09-17,2026-09-16,M,Consumer Cyclical,21.81,5659.34,5696.26,1.15,-1.22,-1.45,0.23,0.18,1.39,0,0,0,0,0,0,0,0,0,0,0,0,0
2026-09-17,2026-09-16,MA,Financial,567.75,3176.86,497354.64,0.75,-0.96,-0.67,-0.29,0.21,0.04,0,0,0,0,0,0,0,0,0,0,0,0,0
2026-09-17,2026-09-16,MAA,Real Estate,121.9,1007.29,14500.18,0.97,-2.08,-2.23,0.15,0.0,-4.38,0,0,0,0,0,0,0,0,0,0,0,0,0
2026-09-17,2026-09-16,MAC,Real Estate,22.42,3659.86,6610.8,0.95,0.18,-0.09,0.27,0.0,-2.65,0,0,0,0,0,0,0,0,0,0,0,0,0
2026-09-17,2026-09-16,MAIN,Financial,56.24,588.13,5258.92,0.84,-0.53,-0.55,0.02,0.37,-0.16,0,0,0,0,0,0,0,0,0,0,0,0,0
2026-09-17,2026-09-16,MAIR,Industrials,23.48,2661.81,11780.45,0.87,-1.76,-3.06,1.34,1.79,-6.34,0,0,0,0,0,0,0,0,0,0,0,0,0
2026-09-17,2026-09-16,MAMA,Consumer Defensive,14.25,692.28,671.85,2.09,8.45,5.87,2.44,0.0,-6.47,1,0,0,1,1,0,0,0,0,0,0,0,1
2026-09-17,2026-09-16,MAN,Industrials,57.93,1240.96,2694.07,0.57,-0.89,0.28,-1.16,0.0,2.13,0,0,0,0,0,0,0,0,0,0,0,0,0
2026-09-17,2026-09-16,MANE,Healthcare,102.42,744.48,4279.12,1.16,-1.41,-1.39,-0.03,-0.41,2.76,0,0,0,0,0,0,0,0,0,0,0,0,0
2026-09-17,2026-09-16,MANH,Technology,212.03,801.67,12362.41,1.19,1.15,3.21,-2.0,-0.93,2.88,0,0,0,0,0,0,0,0,0,0,0,0,0
2026-09-17,2026-09-16,MAR,Consumer Cyclical,334.97,1623.58,87348.88,0.76,-0.67,-0.78,0.1,0.0,1.04,0,0,0,0,0,0,0,0,0,0,0,0,0
2026-09-17,2026-09-16,MARA,Financial,11.04,47496.77,4264.74,0.97,-1.78,-2.39,0.62,0.27,-7.38,0,0,0,0,0,0,0,0,0,0,0,0,0
2026-09-17,2026-09-16,MAS,Industrials,68.28,2371.52,13463.96,1.15,-0.87,-1.87,1.02,-0.94,-1.59,0,0,0,0,0,0,0,0,0,0,0,0,0
2026-09-17,2026-09-16,MAT,Consumer Cyclical,13.16,4280.43,3761.24,1.38,-1.9,-1.75,-0.15,0.25,-4.32,0,0,0,0,0,0,0,0,0,0,0,0,0
2026-09-17,2026-09-16,MATV,Basic Materials,12.04,571.31,664.49,1.03,1.26,0.5,0.76,0.0,-3.22,0,0,0,0,0,0,0,0,0,0,0,0,0
2026-09-17,2026-09-16,MATW,Industrials,19.95,568.5,622.7,1.8,-0.75,-0.75,0.0,0.0,-2.3,0,0,0,0,0,0,0,0,0,0,0,0,0
2026-09-17,2026-09-16,MAX,Communication Services,11.04,835.91,676.35,0.79,-3.58,-2.21,-1.4,0.0,-4.66,0,0,0,0,0,0,0,0,0,0,0,0,0
2026-09-17,2026-09-16,MAZE,Healthcare,23.92,551.48,1328.46,0.7,-1.3,-1.71,0.41,-0.9,-2.71,0,0,0,0,0,0,0,0,0,0,0,0,0
2026-09-17,2026-09-16,MBC,Consumer Cyclical,6.64,2173.85,1351.18,1.57,-5.01,-5.95,1.0,0.9,-14.87,0,0,0,1,0,0,0,0,0,0,0,0,1
2026-09-17,2026-09-16,MBGL,Technology,19.94,7345.05,5878.74,0.41,-1.97,-1.72,-0.25,0.0,0.91,0,0,0,0,0,0,0,0,0,0,0,0,0
2026-09-17,2026-09-16,MBLY,Consumer Cyclical,7.82,6022.1,6648.47,0.72,-1.26,-2.01,0.76,0.13,-3.46,0,0,0,0,0,0,0,0,0,0,0,0,0
2026-09-17,2026-09-16,MBX,Healthcare,61.57,648.38,2965.22,1.79,0.8,0.37,0.43,-0.02,-2.13,0,0,0,0,0,0,0,0,0,0,0,0,0
2026-09-17,2026-09-16,MC,Financial,58.99,894.3,4785.49,1.04,-3.18,-3.14,-0.05,0.0,-9.79,0,0,0,0,0,0,0,0,0,0,0,0,0
2026-09-17,2026-09-16,MCD,Consumer Cyclical,248.56,4588.34,175891.36,1.55,-1.67,-1.47,-0.21,0.45,-1.94,0,0,0,0,0,0,0,0,0,0,0,0,0
2026-09-17,2026-09-16,MCHB,Financial,15.33,559.12,3548.23,1.51,-1.16,-1.03,-0.13,0.0,-0.65,0,0,0,0,0,0,0,0,0,0,0,0,0
2026-09-17,2026-09-16,MCHP,Technology,69.59,10564.66,37787.97,0.69,-2.66,-4.15,1.55,0.59,-4.68,0,0,0,0,0,0,0,0,0,0,0,0,0
2026-09-17,2026-09-16,MCK,Healthcare,887.29,1037.97,103449.46,0.87,-1.36,-0.92,-0.44,-0.01,-0.49,0,0,0,0,0,0,0,0,0,0,0,0,0
2026-09-17,2026-09-16,MCO,Financial,465.3,861.49,80589.96,0.84,-0.4,-0.76,0.36,-0.25,-1.95,0,0,0,0,0,0,0,0,0,0,0,0,0
2026-09-17,2026-09-16,MD,Healthcare,26.13,798.24,2123.15,0.79,-2.1,-3.01,0.94,0.0,-3.54,0,0,0,0,0,0,0,0,0,0,0,0,0
2026-09-17,2026-09-16,MDA,Industrials,29.09,1561.45,4714.33,0.78,0.48,-0.82,1.31,0.38,0.97,0,0,0,0,0,0,0,0,0,0,0,0,0
2026-09-17,2026-09-16,MDB,Technology,376.34,1677.11,30316.58,0.85,-0.35,0.95,-1.29,0.5,5.01,0,0,0,0,0,0,0,0,0,0,0,0,0
2026-09-17,2026-09-16,MDLN,Healthcare,32.99,7326.98,43372.2,1.49,2.74,2.87,-0.12,0.66,-3.11,0,0,0,0,0,0,0,0,0,0,0,0,0
2026-09-17,2026-09-16,MDLZ,Consumer Defensive,62.36,8871.91,79590.56,0.7,0.42,0.5,-0.08,-0.16,-0.1,0,0,0,0,0,0,0,0,0,0,0,0,0
2026-09-17,2026-09-16,MDT,Healthcare,92.6,8106.76,118448.16,1.29,-1.23,-0.9,-0.33,-0.65,0.77,0,0,0,0,0,0,0,0,0,0,0,0,0
2026-09-17,2026-09-16,MDU,Utilities,18.65,1577.8,3923.02,1.0,0.32,-1.74,2.1,0.0,-4.8,0,0,0,0,0,0,0,0,0,0,0,0,0
2026-09-17,2026-09-16,MEC,Industrials,17.32,557.83,441.67,0.84,1.05,-0.35,1.4,0.0,-11.95,0,0,0,0,0,0,0,0,0,0,0,0,0
2026-09-17,2026-09-16,MEI,Technology,13.28,798.05,473.37,0.66,0.84,-0.97,1.82,-0.08,-5.08,0,0,0,0,0,0,0,0,0,0,0,0,0
2026-09-17,2026-09-16,MEOH,Basic Materials,61.51,899.81,4758.41,1.35,-4.58,-2.89,-1.75,1.76,-1.22,0,0,0,0,0,0,0,0,0,0,0,0,0
2026-09-17,2026-09-16,MET,Financial,97.23,3553.79,61787.42,0.99,-1.01,-0.77,-0.24,0.57,1.61,0,0,0,0,0,0,0,0,0,0,0,0,0
2026-09-17,2026-09-16,META,Communication Services,673.31,18308.83,1715261.35,0.94,0.46,-0.97,1.44,0.59,3.0,0,0,0,0,0,0,0,0,0,0,0,0,0
2026-09-17,2026-09-16,METC,Basic Materials,9.9,1977.03,578.49,0.95,-1.39,-2.27,0.9,-0.39,-19.38,0,0,0,0,0,0,0,0,0,0,0,0,0
2026-09-17,2026-09-16,MFA,Real Estate,8.45,1588.35,854.19,1.16,0.24,-0.24,0.47,0.12,-3.43,0,0,0,0,0,0,0,0,0,0,0,0,0
2026-09-17,2026-09-16,MFC,Financial,43.7,2158.29,72509.23,0.78,-0.39,-0.43,0.05,0.69,1.77,0,0,0,0,0,0,0,0,0,0,0,0,0
2026-09-17,2026-09-16,MFG,Financial,10.93,3690.96,132992.96,0.98,-1.97,-2.15,0.18,0.46,-0.09,0,0,0,0,0,0,0,0,0,0,0,0,0
2026-09-17,2026-09-16,MFIC,Financial,9.05,544.87,745.47,0.71,0.06,0.0,0.06,-0.06,-0.55,0,0,0,0,0,0,0,0,0,0,0,0,0
2026-09-17,2026-09-16,MFP,Industrials,44.27,902.77,2002.35,1.13,1.58,1.84,-0.25,0.0,3.56,0,0,0,0,0,0,0,0,0,0,0,0,0
2026-09-17,2026-09-16,MGA,Consumer Cyclical,63.74,1259.38,16919.78,1.23,0.5,-0.22,0.73,0.25,-2.64,0,0,0,0,0,0,0,0,0,0,0,0,0
2026-09-17,2026-09-16,MGM,Consumer Cyclical,38.39,2518.31,9658.65,1.1,-2.12,-2.12,0.0,0.39,-5.58,0,0,0,0,0,0,0,0,0,0,0,0,0
2026-09-17,2026-09-16,MGNI,Communication Services,23.78,2750.78,3410.63,0.44,0.3,0.34,-0.04,0.29,0.85,0,0,0,0,0,0,0,0,0,0,0,0,0
2026-09-17,2026-09-16,MGTX,Healthcare,12.76,848.91,1225.51,1.08,0.0,-0.23,0.24,1.49,-3.77,0,0,0,0,0,0,0,0,0,0,0,0,0
2026-09-17,2026-09-16,MGY,Energy,26.1,4641.96,6184.88,1.32,-8.58,-6.62,-2.1,-0.11,-6.08,0,0,0,1,1,0,0,0,0,0,0,0,1
2026-09-17,2026-09-16,MH,Consumer Defensive,13.32,776.51,2548.23,0.8,0.53,1.45,-0.91,0.0,8.47,0,0,0,0,0,0,0,0,0,0,0,0,0
2026-09-17,2026-09-16,MHK,Consumer Cyclical,127.7,899.89,7717.95,1.39,-0.98,-1.36,0.38,0.0,-0.19,0,0,0,0,0,0,0,0,0,0,0,0,0
2026-09-17,2026-09-16,MIAX,Financial,38.04,1743.71,3774.74,1.09,-3.72,-3.48,-0.25,0.29,-11.31,0,0,0,0,0,0,0,0,0,0,0,0,0
2026-09-17,2026-09-16,MICC,Consumer Defensive,18.8,1039.5,11510.49,0.57,-1.98,-1.16,-0.83,-0.16,-1.73,0,0,0,0,0,0,0,0,0,0,0,0,0
2026-09-17,2026-09-16,MIDD,Industrials,112.31,701.63,5078.92,1.19,1.09,0.78,0.31,-0.04,6.01,0,0,0,0,0,0,0,0,0,0,0,0,0
2026-09-17,2026-09-16,MIR,Industrials,15.84,4078.34,3944.76,0.79,1.08,-3.71,4.98,-0.19,-4.69,0,0,0,0,0,0,1,0,0,0,0,0,1
2026-09-17,2026-09-16,MIRM,Healthcare,97.37,770.97,6322.44,1.29,3.7,3.64,0.05,0.0,-0.95,0,0,0,0,0,0,0,0,0,0,0,0,0
2026-09-17,2026-09-16,MITK,Technology,17.7,824.55,798.67,0.65,-1.56,-0.9,-0.67,0.23,2.55,0,0,0,0,0,0,0,0,0,0,0,0,0
2026-09-17,2026-09-16,MKC,Consumer Defensive,50.06,3648.45,13488.27,0.77,0.4,0.5,-0.1,0.74,-2.76,0,0,0,0,0,0,0,0,0,0,0,0,0
2026-09-17,2026-09-16,MKSI,Technology,235.28,1466.26,15909.05,0.65,1.63,-1.06,2.72,0.73,-12.23,0,0,0,0,0,0,0,0,0,0,0,0,0
2026-09-17,2026-09-16,MKTX,Financial,163.35,1044.75,5748.75,0.82,-0.02,-0.03,0.01,-0.1,0.06,0,0,0,0,0,0,0,0,0,0,0,0,0
2026-09-17,2026-09-16,MLI,Industrials,60.54,1495.13,13390.32,1.24,0.02,-0.61,0.63,0.0,-4.98,0,0,0,0,0,0,0,0,0,0,0,0,0
2026-09-17,2026-09-16,MLKN,Consumer Cyclical,20.97,745.9,1441.33,0.74,0.14,-0.33,0.48,0.67,-3.14,0,0,0,0,0,0,0,0,0,0,0,0,0
2026-09-17,2026-09-16,MLM,Basic Materials,496.76,650.33,35280.06,1.14,-1.98,-1.65,-0.34,-0.35,-1.24,0,0,0,0,0,0,0,0,0,0,0,0,0
2026-09-17,2026-09-16,MLTX,Healthcare,12.46,1366.91,1060.43,1.9,2.13,1.38,0.74,0.11,-9.18,0,0,0,0,0,0,0,0,0,0,0,0,0
2026-09-17,2026-09-16,MLYS,Healthcare,27.54,1116.12,2434.72,1.27,-4.74,-4.97,0.24,0.0,-9.7,0,0,0,0,0,0,0,0,0,0,0,0,0
2026-09-17,2026-09-16,MMED,Healthcare,22.4,1494.31,6302.24,2.72,1.77,1.17,0.59,1.56,-1.58,1,0,0,0,0,0,0,0,0,0,0,0,1
2026-09-17,2026-09-16,MMM,Industrials,162.65,3294.12,83882.25,0.88,-1.23,-1.76,0.55,0.01,-1.06,0,0,0,0,0,0,0,0,0,0,0,0,0
2026-09-17,2026-09-16,MMS,Industrials,57.61,672.36,3016.33,1.01,-0.98,-0.55,-0.43,0.0,2.67,0,0,0,0,0,0,0,0,0,0,0,0,0
2026-09-17,2026-09-16,MMSI,Healthcare,86.14,871.83,5143.45,0.62,-0.05,0.76,-0.8,-0.38,-1.2,0,0,0,0,0,0,0,0,0,0,0,0,0
2026-09-17,2026-09-16,MMYT,Consumer Cyclical,47.86,825.44,4501.65,1.09,-0.08,0.21,-0.29,0.0,-2.45,0,0,0,0,0,0,0,0,0,0,0,0,0
2026-09-17,2026-09-16,MNDY,Technology,94.06,1366.76,3976.3,0.62,0.01,1.95,-1.9,-0.06,15.97,0,0,0,0,0,0,0,0,0,0,1,0,1
2026-09-17,2026-09-16,MNR,Energy,10.9,520.1,1819.74,4.05,-2.68,-1.89,-0.8,0.18,-13.97,1,1,0,0,0,0,0,0,0,0,0,0,1
2026-09-17,2026-09-16,MNRO,Consumer Cyclical,12.18,1079.72,380.8,1.13,-2.72,-2.72,0.0,0.16,-2.87,0,0,0,0,0,0,0,0,0,0,0,0,0
2026-09-17,2026-09-16,MNSO,Consumer Cyclical,8.77,810.94,2577.33,0.79,-0.23,-1.24,1.02,0.34,-4.98,0,0,0,0,0,0,0,0,0,0,0,0,0
2026-09-17,2026-09-16,MNST,Consumer Defensive,44.57,11064.83,87314.93,0.72,-0.13,-0.2,0.07,-0.29,4.04,0,0,0,0,0,0,0,0,0,0,0,0,0
2026-09-17,2026-09-16,MNTN,Technology,11.53,1182.45,862.49,0.39,-1.96,-1.45,-0.51,0.0,-2.62,0,0,0,0,0,0,0,0,0,0,0,0,0
2026-09-17,2026-09-16,MO,Consumer Defensive,70.1,8614.96,117049.05,0.93,0.42,0.72,-0.3,-0.09,3.26,0,0,0,0,0,0,0,0,0,0,0,0,0
2026-09-17,2026-09-16,MOD,Consumer Cyclical,181.18,1537.77,9622.96,0.55,1.29,-0.25,1.55,0.56,-2.58,0,0,0,0,0,0,0,0,0,0,0,0,0
2026-09-17,2026-09-16,MOH,Healthcare,202.22,1022.55,10555.89,0.52,-2.3,-2.31,0.01,1.59,4.17,0,0,0,0,0,0,0,0,0,0,0,0,0
2026-09-17,2026-09-16,MOS,Basic Materials,24.79,8465.33,7880.63,0.9,-2.63,-2.4,-0.24,-0.08,-5.42,0,0,0,0,0,0,0,0,0,0,0,0,0
2026-09-17,2026-09-16,MP,Basic Materials,48.99,5776.25,8725.2,0.65,-0.37,-1.15,0.79,0.16,-9.78,0,0,0,0,0,0,0,0,0,0,0,0,0
2026-09-17,2026-09-16,MPC,Energy,413.92,2385.93,116238.97,1.2,0.75,2.12,-1.35,0.49,3.63,0,0,0,0,0,0,0,0,0,0,0,0,0
2026-09-17,2026-09-16,MPLT,Healthcare,11.4,878.14,602.47,0.7,-5.63,-5.47,-0.17,0.0,-16.85,0,0,0,1,0,0,0,0,0,0,0,0,1
2026-09-17,2026-09-16,MPLX,Energy,57.93,1372.4,58732.81,1.28,-0.84,-1.41,0.58,0.06,-3.82,0,0,0,0,0,0,0,0,0,0,0,0,0
2026-09-17,2026-09-16,MPWR,Technology,1147.61,892.68,56397.0,0.7,0.45,-0.85,1.31,0.92,-4.66,0,0,0,0,0,0,0,0,0,0,0,0,0
2026-09-17,2026-09-16,MQ,Technology,15.89,1019.49,1654.13,0.56,-1.24,-0.75,-0.5,0.25,-0.13,0,0,0,0,0,0,0,0,0,0,0,0,0
2026-09-17,2026-09-16,MRAM,Technology,14.37,1349.98,349.91,0.57,-0.96,-2.51,1.59,0.63,-14.06,0,0,0,0,0,0,0,0,0,0,0,0,0
2026-09-17,2026-09-16,MRCY,Industrials,87.25,746.76,5246.87,0.89,0.28,-0.31,0.59,-0.16,8.04,0,0,0,0,0,0,0,0,0,0,0,0,0
2026-09-17,2026-09-16,MRK,Healthcare,144.91,10214.81,357517.85,0.71,0.78,0.66,0.12,-0.2,-1.78,0,0,0,0,0,0,0,0,0,0,0,0,0
2026-09-17,2026-09-16,MRNA,Healthcare,145.62,16225.34,58136.72,0.54,1.29,0.25,1.04,0.6,7.38,0,0,0,0,0,0,0,0,0,0,0,0,0
2026-09-17,2026-09-16,MRP,Real Estate,28.95,1343.5,4464.91,1.26,-1.66,-1.96,0.31,1.21,-5.05,0,0,0,0,0,0,0,0,0,0,0,0,0
2026-09-17,2026-09-16,MRSH,Financial,176.76,2391.86,84351.87,1.27,-1.67,-1.16,-0.52,0.0,-0.05,0,0,0,0,0,0,0,0,0,0,0,0,0
2026-09-17,2026-09-16,MRTN,Industrials,13.68,677.12,1117.13,3.02,-1.79,-0.73,-1.08,0.0,-2.36,1,1,0,0,0,0,0,0,0,0,0,0,1
2026-09-17,2026-09-16,MRVI,Healthcare,6.84,3482.93,1776.16,0.88,-0.58,-0.87,0.29,-1.13,-1.58,0,0,0,0,0,0,0,0,0,0,0,0,0
2026-09-17,2026-09-16,MRVL,Technology,229.71,30432.49,201432.71,0.54,3.61,1.31,2.27,1.22,-2.26,0,0,0,0,0,0,0,0,0,0,0,0,0
2026-09-17,2026-09-16,MRX,Financial,72.38,808.69,5206.35,0.9,5.82,5.53,0.28,1.19,-4.41,0,0,0,1,0,0,0,0,0,0,0,0,1
2026-09-17,2026-09-16,MS,Financial,202.42,5285.14,317914.02,1.32,-1.87,-2.62,0.77,-0.08,-6.0,0,0,0,0,0,0,0,0,0,0,0,0,0
2026-09-17,2026-09-16,MSCI,Financial,540.61,677.59,39302.35,0.96,-0.73,-1.01,0.28,0.45,-2.51,0,0,0,0,0,0,0,0,0,0,0,0,0
2026-09-17,2026-09-16,MSFT,Technology,490.3,35017.35,3640744.83,0.48,-1.37,-0.55,-0.82,0.34,-0.27,0,0,0,0,0,0,0,0,0,0,0,0,0
2026-09-17,2026-09-16,MSI,Technology,460.53,1005.79,76214.85,1.0,-1.84,-1.64,-0.2,-0.05,0.14,0,0,0,0,0,0,0,0,0,0,0,0,0
2026-09-17,2026-09-16,MSM,Industrials,120.48,717.13,6728.36,1.18,0.5,0.27,0.23,0.0,0.88,0,0,0,0,0,0,0,0,0,0,0,0,0
2026-09-17,2026-09-16,MSTR,Technology,126.18,23387.15,48481.58,0.95,-2.64,-2.95,0.32,0.47,-4.91,0,0,0,0,0,0,0,0,0,0,0,0,0
2026-09-17,2026-09-16,MT,Basic Materials,73.22,1501.15,55210.81,0.66,-0.11,-1.13,1.04,0.76,-4.97,0,0,0,0,0,0,0,0,0,0,0,0,0
2026-09-17,2026-09-16,MTB,Financial,226.01,1083.6,32639.51,1.71,-3.98,-3.38,-0.62,0.11,-5.04,0,0,0,0,0,0,0,0,0,0,0,0,0
2026-09-17,2026-09-16,MTCH,Communication Services,43.58,3366.09,10003.83,1.09,-1.85,-1.69,-0.16,0.02,5.19,0,0,0,0,0,0,0,0,0,0,0,0,0
2026-09-17,2026-09-16,MTDR,Energy,57.73,1985.17,7144.33,1.05,-8.61,-6.42,-2.34,1.2,-4.86,0,0,0,1,1,0,0,0,0,0,0,0,1
2026-09-17,2026-09-16,MTG,Financial,29.5,1796.19,6051.18,1.65,-1.37,-1.21,-0.17,0.0,-4.44,0,0,0,0,0,0,0,0,0,0,0,0,0
2026-09-17,2026-09-16,MTH,Consumer Cyclical,63.96,837.47,4168.53,1.27,-2.77,-2.13,-0.65,0.0,0.22,0,0,0,0,0,0,0,0,0,0,0,0,0
2026-09-17,2026-09-16,MTN,Consumer Cyclical,140.12,703.38,4992.97,1.19,1.48,1.26,0.22,-0.01,7.51,0,0,0,0,0,0,0,0,0,0,0,0,0
2026-09-17,2026-09-16,MTSI,Technology,251.75,1548.7,19226.38,0.9,4.89,2.88,1.95,0.24,-12.01,0,0,0,0,0,0,0,0,0,0,0,0,0
2026-09-17,2026-09-16,MTZ,Industrials,225.62,1416.76,18118.4,0.92,1.31,-0.77,2.1,0.57,-6.26,0,0,0,0,0,0,0,0,0,0,0,0,0
2026-09-17,2026-09-16,MU,Technology,926.55,40338.93,1046439.13,0.5,-0.11,-0.82,0.71,0.76,-9.85,0,0,0,0,0,0,0,0,0,0,0,0,0
2026-09-17,2026-09-16,MUFG,Financial,23.18,3124.09,260909.45,1.43,-2.24,-2.07,-0.17,0.52,0.17,0,0,0,0,0,0,0,0,0,0,0,0,0
2026-09-17,2026-09-16,MUR,Energy,38.19,1762.41,5475.73,1.21,-5.47,-2.8,-2.75,0.5,-0.7,0,0,0,1,0,0,0,0,0,0,0,0,1
2026-09-17,2026-09-16,MUX,Basic Materials,18.18,1133.35,1115.5,0.91,-2.1,-4.27,2.26,1.43,-10.27,0,0,0,0,0,0,0,0,0,0,0,0,0
2026-09-17,2026-09-16,MWA,Industrials,22.74,1166.66,3550.3,1.23,-0.31,-1.22,0.92,-0.35,-5.21,0,0,0,0,0,0,0,0,0,0,0,0,0
2026-09-17,2026-09-16,MWH,Utilities,25.99,2002.35,5260.16,0.87,1.09,0.85,0.23,1.46,3.59,0,0,0,0,0,0,0,0,0,0,0,0,0
2026-09-17,2026-09-16,MXL,Technology,69.51,3245.19,6304.09,0.87,3.56,1.62,1.91,1.18,-2.8,0,0,0,0,0,0,0,0,0,0,0,0,0
2026-09-17,2026-09-16,NAMS,Healthcare,21.18,1182.62,2531.8,1.05,0.09,-4.03,4.3,-0.14,-7.06,0,0,0,0,0,0,1,0,0,0,0,0,1
2026-09-17,2026-09-16,NAT,Energy,7.99,4085.61,1691.89,1.25,1.78,1.4,0.38,0.38,9.9,0,0,0,0,0,0,0,0,0,0,0,0,0
2026-09-17,2026-09-16,NATL,Technology,46.08,696.99,3405.17,1.51,-0.26,-1.09,0.84,0.0,0.22,0,0,0,0,0,0,0,0,0,0,0,0,0
2026-09-17,2026-09-16,NAVI,Financial,9.74,1142.16,913.46,2.35,-2.6,-1.81,-0.8,0.1,4.96,1,0,0,0,0,0,0,0,0,0,0,0,1
2026-09-17,2026-09-16,NAVN,Technology,22.53,3965.28,5872.12,1.13,0.49,0.13,0.36,-1.02,-12.98,0,0,0,0,0,0,0,0,0,0,0,0,0
2026-09-17,2026-09-16,NBIS,Technology,209.37,20698.65,56918.33,0.67,0.96,-1.47,2.47,6.2,-12.89,0,0,0,0,0,0,0,0,1,1,0,0,1
2026-09-17,2026-09-16,NBIX,Healthcare,149.5,1223.71,15196.55,0.83,-0.35,-0.56,0.21,-0.05,-3.64,0,0,0,0,0,0,0,0,0,0,0,0,0
2026-09-17,2026-09-16,NCLH,Consumer Cyclical,14.53,15530.89,6672.0,1.05,1.75,0.21,1.54,0.28,-2.15,0,0,0,0,0,0,0,0,0,0,0,0,0
2026-09-17,2026-09-16,NCNO,Technology,21.7,2920.75,2294.48,0.84,-0.96,0.56,-1.51,-0.23,-0.14,0,0,0,0,0,0,0,0,0,0,0,0,0
2026-09-17,2026-09-16,NDAQ,Financial,88.76,3824.32,49614.83,0.81,-0.53,-0.54,0.01,0.16,-5.79,0,0,0,0,0,0,0,0,0,0,0,0,0
2026-09-17,2026-09-16,NE,Energy,44.34,1536.14,7078.53,0.65,-4.75,-3.94,-0.84,0.4,-2.46,0,0,0,0,0,0,0,0,0,0,0,0,0
2026-09-17,2026-09-16,NEE,Utilities,80.37,11075.92,167650.08,0.87,-0.86,-1.7,0.85,-0.06,-2.76,0,0,0,0,0,0,0,0,0,0,0,0,0
2026-09-17,2026-09-16,NEM,Basic Materials,121.76,8042.69,128297.57,0.79,-1.96,-3.26,1.34,-0.07,-5.4,0,0,0,0,0,0,0,0,0,0,0,0,0
2026-09-17,2026-09-16,NEO,Healthcare,18.94,2828.11,2433.32,0.57,0.26,0.53,-0.26,-0.32,7.25,0,0,0,0,0,0,0,0,0,0,0,0,0
2026-09-17,2026-09-16,NEOG,Healthcare,12.55,2085.47,2737.23,1.36,2.45,2.03,0.41,0.4,5.29,0,0,0,0,0,0,0,0,0,0,0,0,0
2026-09-17,2026-09-16,NESR,Energy,31.49,2151.11,3175.82,0.6,-1.87,-2.54,0.69,0.25,-9.25,0,0,0,0,0,0,0,0,0,0,0,0,0
2026-09-17,2026-09-16,NET,Technology,324.65,3438.3,115601.28,0.68,-0.79,0.19,-0.98,0.3,3.33,0,0,0,0,0,0,0,0,0,0,0,0,0
2026-09-17,2026-09-16,NEWP,Basic Materials,5.55,697.83,1030.02,1.28,-2.63,-4.15,1.58,-0.72,-9.02,0,0,0,0,0,0,0,0,0,0,0,0,0
2026-09-17,2026-09-16,NEXA,Basic Materials,12.08,724.5,1599.86,1.8,-4.28,-6.21,2.06,4.92,-15.23,0,0,0,0,0,0,0,0,1,0,0,0,1
2026-09-17,2026-09-16,NEXT,Energy,7.06,2721.0,1879.27,0.94,-1.26,-0.42,-0.84,1.09,-6.37,0,0,0,0,0,0,0,0,0,0,0,0,0
2026-09-17,2026-09-16,NFG,Energy,80.35,623.52,7636.87,2.45,-1.65,-1.59,-0.06,0.11,-2.55,1,0,0,0,0,0,0,0,0,0,0,0,1
2026-09-17,2026-09-16,NFLX,Communication Services,76.41,40604.0,318166.67,0.62,-1.91,-1.69,-0.22,0.19,0.5,0,0,0,0,0,0,0,0,0,0,0,0,0
2026-09-17,2026-09-16,NG,Basic Materials,6.99,5297.58,3067.08,1.09,-3.59,-5.67,2.21,0.02,-13.7,0,0,0,0,0,0,0,0,0,0,0,0,0
2026-09-17,2026-09-16,NGG,Utilities,76.03,921.76,76438.28,1.08,1.47,-0.45,1.92,-0.05,-1.62,0,0,0,0,0,0,0,0,0,0,0,0,0
2026-09-17,2026-09-16,NHI,Real Estate,68.16,561.37,3347.36,0.69,-1.65,-0.86,-0.79,1.45,-2.89,0,0,0,0,0,0,0,0,0,0,0,0,0
2026-09-17,2026-09-16,NHP,Real Estate,16.12,752.93,313.35,0.55,0.88,0.62,0.25,0.0,-0.8,0,0,0,0,0,0,0,0,0,0,0,0,0
2026-09-17,2026-09-16,NI,Utilities,40.66,5302.54,19498.91,0.79,0.17,-0.54,0.71,0.07,-2.42,0,0,0,0,0,0,0,0,0,0,0,0,0
2026-09-17,2026-09-16,NICE,Technology,105.43,548.38,6161.33,0.72,1.39,4.01,-2.51,-0.36,6.63,0,0,0,0,0,0,0,0,0,0,0,0,0
2026-09-17,2026-09-16,NIQ,Technology,17.83,1553.37,5259.06,0.85,-3.83,-3.31,-0.54,0.0,-1.55,0,0,0,0,0,0,0,0,0,0,0,0,0
2026-09-17,2026-09-16,NJR,Utilities,53.5,680.79,5428.54,1.15,0.43,-0.5,0.94,0.0,0.04,0,0,0,0,0,0,0,0,0,0,0,0,0
2026-09-17,2026-09-16,NKE,Consumer Cyclical,35.78,26236.71,53079.59,1.17,-1.21,-1.64,0.43,0.61,-4.2,0,0,0,0,0,0,0,0,0,0,0,0,0
2026-09-17,2026-09-16,NKTR,Healthcare,67.38,859.0,2300.56,1.15,1.11,0.57,0.54,0.0,-8.1,0,0,0,0,0,0,0,0,0,0,0,0,0
2026-09-17,2026-09-16,NLY,Real Estate,21.23,7566.0,16001.36,1.65,-0.84,-1.3,0.47,0.89,-6.1,0,0,0,0,0,0,0,0,0,0,0,0,0
2026-09-17,2026-09-16,NMAX,Communication Services,10.44,1125.76,1348.44,1.05,-3.06,-3.15,0.09,1.53,-1.69,0,0,0,0,0,0,0,0,0,0,0,0,0
2026-09-17,2026-09-16,NMFC,Financial,6.99,590.63,660.23,1.02,-3.19,0.87,-4.02,0.0,-4.25,0,0,0,0,0,0,1,0,0,0,0,0,1
2026-09-17,2026-09-16,NMIH,Financial,43.0,528.08,3234.37,1.14,-1.19,-0.88,-0.32,0.0,-3.2,0,0,0,0,0,0,0,0,0,0,0,0,0
2026-09-17,2026-09-16,NMR,Financial,10.45,942.1,30541.06,0.97,-1.51,-1.51,0.0,-0.48,0.0,0,0,0,0,0,0,0,0,0,0,0,0,0
2026-09-17,2026-09-16,NMRK,Real Estate,14.19,1414.16,2571.63,1.21,-0.42,-1.8,1.4,0.0,-3.14,0,0,0,0,0,0,0,0,0,0,0,0,0
2026-09-17,2026-09-16,NN,Technology,14.62,2621.86,2468.0,0.71,-2.01,-1.98,-0.03,1.98,-5.25,0,0,0,0,0,0,0,0,0,0,0,0,0
2026-09-17,2026-09-16,NNE,Industrials,15.64,2146.47,839.84,0.92,-0.89,-2.68,1.84,0.95,-13.92,0,0,0,0,0,0,0,0,0,0,0,0,0
2026-09-17,2026-09-16,NNN,Real Estate,41.65,1470.57,7993.95,2.0,-3.59,-3.72,0.14,0.7,-5.62,1,0,0,0,0,0,0,0,0,0,0,0,1
2026-09-17,2026-09-16,NOC,Industrials,530.78,872.69,75404.22,0.62,-0.09,0.15,-0.24,0.43,2.95,0,0,0,0,0,0,0,0,0,0,0,0,0
2026-09-17,2026-09-16,NOG,Energy,25.32,2847.32,2697.82,0.73,-6.64,-5.03,-1.7,0.16,-1.59,0,0,0,1,0,0,0,0,0,0,0,0,1
2026-09-17,2026-09-16,NOK,Technology,10.14,85346.23,56770.31,1.53,3.05,-2.5,5.69,1.28,-5.76,0,0,0,0,0,0,1,1,0,0,0,0,1
2026-09-17,2026-09-16,NOMD,Consumer Defensive,10.99,1585.53,1536.31,0.33,0.64,0.73,-0.09,0.0,-1.7,0,0,0,0,0,0,0,0,0,0,0,0,0
2026-09-17,2026-09-16,NOV,Energy,20.55,3703.79,7325.63,0.65,-2.0,-1.67,-0.33,-1.7,-4.51,0,0,0,0,0,0,0,0,0,0,0,0,0
2026-09-17,2026-09-16,NOW,Technology,139.82,21052.16,144573.88,0.47,-1.47,0.45,-1.9,0.41,6.64,0,0,0,0,0,0,0,0,0,0,0,0,0
2026-09-17,2026-09-16,NP,Financial,30.52,705.66,4188.35,0.66,-0.55,0.36,-0.91,-0.39,-3.48,0,0,0,0,0,0,0,0,0,0,0,0,0
2026-09-17,2026-09-16,NPKI,Industrials,12.91,949.61,1096.19,0.61,-0.54,-1.6,1.08,0.0,-4.37,0,0,0,0,0,0,0,0,0,0,0,0,0
2026-09-17,2026-09-16,NRDS,Communication Services,9.41,685.27,601.52,0.9,-1.16,-0.21,-0.95,-1.38,0.43,0,0,0,0,0,0,0,0,0,0,0,0,0
2026-09-17,2026-09-16,NRG,Utilities,107.38,2849.33,22572.4,0.71,1.31,-0.47,1.79,0.07,-6.93,0,0,0,0,0,0,0,0,0,0,0,0,0
2026-09-17,2026-09-16,NRIX,Healthcare,25.15,1501.13,2610.11,0.82,1.29,1.13,0.16,0.0,-4.23,0,0,0,0,0,0,0,0,0,0,0,0,0
2026-09-17,2026-09-16,NSC,Industrials,317.0,1184.2,71200.85,0.67,-1.01,-0.72,-0.29,-0.11,-1.95,0,0,0,0,0,0,0,0,0,0,0,0,0
2026-09-17,2026-09-16,NSP,Industrials,51.49,585.27,1966.67,0.73,-0.06,2.08,-2.1,0.0,2.43,0,0,0,0,0,0,0,0,0,0,0,0,0
2026-09-17,2026-09-16,NTAP,Technology,191.49,2694.9,37612.28,0.71,0.82,0.56,0.26,0.29,3.65,0,0,0,0,0,0,0,0,0,0,0,0,0
2026-09-17,2026-09-16,NTCT,Technology,38.51,626.74,2799.96,0.92,0.36,0.1,0.26,0.0,3.24,0,0,0,0,0,0,0,0,0,0,0,0,0
2026-09-17,2026-09-16,NTES,Communication Services,117.79,894.76,75022.81,0.79,-1.42,-0.77,-0.66,0.0,1.65,0,0,0,0,0,0,0,0,0,0,0,0,0
2026-09-17,2026-09-16,NTLA,Healthcare,11.49,4199.14,1610.06,1.09,1.14,0.26,0.88,0.61,-5.9,0,0,0,0,0,0,0,0,0,0,0,0,0
2026-09-17,2026-09-16,NTNX,Technology,68.7,3072.17,18571.02,1.09,1.04,2.52,-1.44,0.16,2.63,0,0,0,0,0,0,0,0,0,0,0,0,0
2026-09-17,2026-09-16,NTR,Basic Materials,77.68,2721.96,37069.67,0.59,-1.32,-0.83,-0.5,0.0,-3.77,0,0,0,0,0,0,0,0,0,0,0,0,0
2026-09-17,2026-09-16,NTRA,Healthcare,345.34,1393.04,49778.75,1.03,-1.55,-1.38,-0.17,-0.1,4.55,0,0,0,0,0,0,0,0,0,0,0,0,0
2026-09-17,2026-09-16,NTSK,Technology,17.29,5701.45,7064.48,1.31,-1.03,0.93,-1.95,0.74,19.57,0,0,0,0,0,0,0,0,0,0,1,0,1
2026-09-17,2026-09-16,NTST,Real Estate,18.25,2001.06,1861.02,1.22,-5.39,-5.93,0.57,0.0,-8.93,0,0,0,1,0,0,0,0,0,0,0,0,1
2026-09-17,2026-09-16,NU,Financial,13.81,77098.5,66708.99,1.28,-2.68,-1.43,-1.27,0.0,-7.93,0,0,0,0,0,0,0,0,0,0,0,0,0
2026-09-17,2026-09-16,NUAI,Technology,5.41,7409.3,576.48,0.85,-0.92,-4.08,3.3,1.29,-16.51,0,0,0,0,0,0,1,0,0,0,0,0,1
2026-09-17,2026-09-16,NUE,Basic Materials,260.68,1505.68,59141.95,0.72,0.72,-0.37,1.09,0.31,1.07,0,0,0,0,0,0,0,0,0,0,0,0,0
2026-09-17,2026-09-16,NUVB,Healthcare,5.78,6818.7,2035.27,0.41,-0.34,-0.34,0.0,1.9,-11.35,0,0,0,0,0,0,0,0,0,0,0,0,0
2026-09-17,2026-09-16,NVAX,Healthcare,9.35,4336.35,1542.24,0.66,1.3,0.0,1.3,0.0,-5.08,0,0,0,0,0,0,0,0,0,0,0,0,0
2026-09-17,2026-09-16,NVCR,Healthcare,16.22,1548.46,1888.75,1.06,0.43,0.25,0.19,-0.12,3.77,0,0,0,0,0,0,0,0,0,0,0,0,0
2026-09-17,2026-09-16,NVDA,Technology,213.9,131101.36,5154989.86,0.73,0.82,-0.11,0.93,0.55,-4.37,0,0,0,0,0,0,0,0,0,0,0,0,0
2026-09-17,2026-09-16,NVMI,Technology,339.25,546.28,10782.38,0.86,1.24,-0.32,1.57,0.03,-9.26,0,0,0,0,0,0,0,0,0,0,0,0,0
2026-09-17,2026-09-16,NVO,Healthcare,41.71,11386.61,139556.65,1.02,-1.93,-1.79,-0.14,0.41,-6.4,0,0,0,0,0,0,0,0,0,0,0,0,0
2026-09-17,2026-09-16,NVS,Healthcare,138.7,2084.12,253897.28,0.91,0.06,-1.34,1.41,-0.06,0.89,0,0,0,0,0,0,0,0,0,0,0,0,0
2026-09-17,2026-09-16,NVST,Healthcare,24.97,2714.51,4010.63,1.31,0.97,0.2,0.77,1.4,-5.49,0,0,0,0,0,0,0,0,0,0,0,0,0
2026-09-17,2026-09-16,NVT,Industrials,147.65,2323.71,23898.33,0.75,0.58,-0.09,0.67,1.58,-6.87,0,0,0,0,0,0,0,0,0,0,0,0,0
2026-09-17,2026-09-16,NVTS,Technology,10.48,15222.12,2736.26,0.93,-3.05,-4.73,1.76,1.24,-9.66,0,0,0,0,0,0,0,0,0,0,0,0,0
2026-09-17,2026-09-16,NWBI,Financial,15.45,1091.37,2262.79,1.56,-0.96,-0.71,-0.26,-0.06,0.59,0,0,0,0,0,0,0,0,0,0,0,0,0
2026-09-17,2026-09-16,NWG,Financial,18.62,3994.84,73914.7,1.06,0.0,-1.22,1.24,0.0,0.32,0,0,0,0,0,0,0,0,0,0,0,0,0
2026-09-17,2026-09-16,NWL,Consumer Defensive,5.69,10456.44,2423.38,0.55,0.89,-0.18,1.06,1.93,-5.17,0,0,0,0,0,0,0,0,0,0,0,0,0
2026-09-17,2026-09-16,NWS,Communication Services,33.44,1434.82,16899.05,0.73,-1.01,-0.42,-0.59,0.0,1.09,0,0,0,0,0,0,0,0,0,0,0,0,0
2026-09-17,2026-09-16,NWSA,Communication Services,30.19,4616.98,16933.45,0.69,-0.8,-0.53,-0.28,-0.93,1.96,0,0,0,0,0,0,0,0,0,0,0,0,0
2026-09-17,2026-09-16,NXE,Energy,9.38,5025.0,6289.38,0.66,-0.85,-2.49,1.69,1.49,-11.84,0,0,0,0,0,0,0,0,0,0,0,0,0
2026-09-17,2026-09-16,NXPI,Technology,218.98,3948.88,55218.91,0.85,-3.26,-3.95,0.72,1.15,-1.94,0,0,0,0,0,0,0,0,0,0,0,0,0
2026-09-17,2026-09-16,NXT,Technology,78.03,2944.62,11839.46,0.77,-2.21,-4.45,2.34,-0.28,-5.27,0,0,0,0,0,0,0,0,0,0,0,0,0
2026-09-17,2026-09-16,NYT,Communication Services,72.41,1997.68,11678.55,1.31,0.98,1.43,-0.45,-0.07,8.72,0,0,0,0,0,0,0,0,0,0,0,0,0
2026-09-17,2026-09-16,O,Real Estate,57.15,5662.58,54076.47,2.05,-2.66,-2.74,0.09,0.38,-4.92,1,0,0,0,0,0,0,0,0,0,0,0,1
2026-09-17,2026-09-16,OBDC,Financial,11.11,3752.64,5478.82,0.66,0.36,0.54,-0.18,0.15,-0.27,0,0,0,0,0,0,0,0,0,0,0,0,0
2026-09-17,2026-09-16,OBE,Energy,12.14,829.37,810.1,1.7,-4.41,-3.73,-0.71,1.07,-0.16,0,0,0,0,0,0,0,0,0,0,0,0,0
2026-09-17,2026-09-16,OC,Industrials,126.59,1098.84,10006.77,1.0,-1.62,-2.47,0.88,0.0,-1.62,0,0,0,0,0,0,0,0,0,0,0,0,0
2026-09-17,2026-09-16,OCFC,Financial,18.25,996.55,1796.84,1.45,-1.88,-1.88,0.0,0.0,-2.14,0,0,0,0,0,0,0,0,0,0,0,0,0
2026-09-17,2026-09-16,OCSL,Financial,12.43,527.93,1094.9,0.67,0.4,0.65,-0.24,0.0,-1.82,0,0,0,0,0,0,0,0,0,0,0,0,0
2026-09-17,2026-09-16,OCTV,Technology,18.27,1724.96,4904.36,1.43,-1.46,-0.71,-0.76,0.0,1.9,0,0,0,0,0,0,0,0,0,0,0,0,0
2026-09-17,2026-09-16,OCUL,Healthcare,9.87,2629.67,2167.61,1.29,-3.14,-3.33,0.2,1.22,-13.95,0,0,0,0,0,0,0,0,0,0,0,0,0
2026-09-17,2026-09-16,ODD,Consumer Defensive,18.14,1270.54,836.7,1.26,1.06,0.0,1.06,0.0,10.07,0,0,0,0,0,0,0,0,0,0,0,0,0
2026-09-17,2026-09-16,ODFL,Industrials,174.36,1723.58,36154.7,1.6,-3.65,0.77,-4.39,0.09,-4.18,0,0,0,0,0,0,1,0,0,0,0,0,1
2026-09-17,2026-09-16,OEC,Basic Materials,5.75,569.39,325.01,0.58,-1.03,-1.71,0.69,-1.57,-0.35,0,0,0,0,0,0,0,0,0,0,0,0,0
2026-09-17,2026-09-16,OGC,Basic Materials,28.4,501.5,6317.58,1.18,-1.66,-3.53,1.94,0.0,-8.65,0,0,0,0,0,0,0,0,0,0,0,0,0
2026-09-17,2026-09-16,OGE,Utilities,46.01,1427.44,9504.8,1.02,0.66,-0.11,0.77,0.0,-1.94,0,0,0,0,0,0,0,0,0,0,0,0,0
2026-09-17,2026-09-16,OGN,Healthcare,13.67,2780.28,3589.87,0.75,0.07,0.15,-0.07,0.0,0.0,0,0,0,0,0,0,0,0,0,0,0,0,0
2026-09-17,2026-09-16,OGS,Utilities,76.45,579.02,4805.37,1.0,0.13,-0.46,0.59,-0.04,-3.37,0,0,0,0,0,0,0,0,0,0,0,0,0
2026-09-17,2026-09-16,OHI,Real Estate,46.91,1929.78,14214.34,0.93,-0.47,-0.26,-0.21,-0.09,-0.59,0,0,0,0,0,0,0,0,0,0,0,0,0
2026-09-17,2026-09-16,OI,Consumer Cyclical,6.15,3253.44,945.0,1.71,-3.0,-4.35,1.42,0.49,-7.24,0,0,0,0,0,0,0,0,0,0,0,0,0
2026-09-17,2026-09-16,OII,Energy,46.61,1090.12,4639.07,0.82,-2.24,-1.63,-0.63,1.46,-3.88,0,0,0,0,0,0,0,0,0,0,0,0,0
2026-09-17,2026-09-16,OIS,Energy,8.44,646.05,509.12,0.7,-1.86,-1.63,-0.23,0.0,-3.65,0,0,0,0,0,0,0,0,0,0,0,0,0
2026-09-17,2026-09-16,OKE,Energy,92.7,3708.15,58435.27,0.8,-2.13,-0.7,-1.45,0.3,-3.26,0,0,0,0,0,0,0,0,0,0,0,0,0
2026-09-17,2026-09-16,OKLO,Utilities,35.62,9784.02,6625.95,0.8,-1.0,-2.94,2.0,0.14,-16.33,0,0,0,0,0,0,0,0,0,0,0,0,0
2026-09-17,2026-09-16,OKTA,Technology,188.12,3429.01,32887.28,1.06,-1.22,0.86,-2.06,0.85,8.9,0,0,0,0,0,0,0,0,0,0,0,0,0
2026-09-17,2026-09-16,OLED,Technology,76.31,777.77,3507.5,0.94,-2.03,-2.52,0.5,1.55,-4.51,0,0,0,0,0,0,0,0,0,0,0,0,0
2026-09-17,2026-09-16,OLLI,Consumer Defensive,73.23,1943.03,4350.04,0.94,-0.23,-0.99,0.76,0.0,1.17,0,0,0,0,0,0,0,0,0,0,0,0,0
2026-09-17,2026-09-16,OLMA,Healthcare,9.73,1271.46,851.36,0.98,-0.51,-1.32,0.82,0.0,-6.08,0,0,0,0,0,0,0,0,0,0,0,0,0
2026-09-17,2026-09-16,OLN,Basic Materials,17.02,3304.26,1939.98,0.78,-0.7,-0.47,-0.23,0.2,-2.52,0,0,0,0,0,0,0,0,0,0,0,0,0
2026-09-17,2026-09-16,OMC,Communication Services,79.33,3483.15,21763.87,0.6,-0.65,-0.21,-0.44,0.0,1.32,0,0,0,0,0,0,0,0,0,0,0,0,0
2026-09-17,2026-09-16,OMCL,Healthcare,32.43,745.11,1479.29,0.59,-0.61,-1.1,0.49,-0.28,-3.6,0,0,0,0,0,0,0,0,0,0,0,0,0
2026-09-17,2026-09-16,OMDA,Healthcare,19.76,1315.51,1209.64,0.67,0.46,0.56,-0.1,1.47,-8.09,0,0,0,0,0,0,0,0,0,0,0,0,0
2026-09-17,2026-09-16,OMER,Healthcare,17.34,1946.02,1255.22,1.08,0.99,1.05,-0.06,0.98,-10.57,0,0,0,0,0,0,0,0,0,0,0,0,0
2026-09-17,2026-09-16,OMF,Financial,60.57,1013.6,6968.06,0.8,-1.56,-1.4,-0.16,-0.28,-3.23,0,0,0,0,0,0,0,0,0,0,0,0,0
2026-09-17,2026-09-16,ON,Technology,66.6,10680.8,25928.16,1.76,-9.02,-10.4,1.54,1.83,-6.17,0,0,0,1,1,0,0,0,0,0,0,0,1
2026-09-17,2026-09-16,ONB,Financial,25.31,4141.74,9682.85,1.51,-1.94,-2.09,0.15,-0.08,-0.39,0,0,0,0,0,0,0,0,0,0,0,0,0
2026-09-17,2026-09-16,ONDS,Technology,7.2,81492.97,4114.47,0.8,-0.55,-0.89,0.35,0.41,-1.23,0,0,0,0,0,0,0,0,0,0,0,0,0
2026-09-17,2026-09-16,ONON,Consumer Cyclical,27.15,6646.34,8942.47,1.2,1.46,0.56,0.9,1.29,1.15,0,0,0,0,0,0,0,0,0,0,0,0,0
2026-09-17,2026-09-16,ONT,Industrials,17.53,693.14,615.61,0.69,-1.52,-2.99,1.52,0.0,-1.63,0,0,0,0,0,0,0,0,0,0,0,0,0
2026-09-17,2026-09-16,ONTO,Technology,243.64,1191.58,11956.45,0.48,-0.21,-3.46,3.36,1.24,-12.49,0,0,0,0,0,0,1,0,0,0,0,0,1
2026-09-17,2026-09-16,OPCH,Healthcare,24.47,2256.14,3665.25,1.65,4.04,3.73,0.3,0.0,3.51,0,0,0,0,0,0,0,0,0,0,0,0,0
2026-09-17,2026-09-16,OPFI,Financial,7.03,899.41,599.01,1.5,-2.63,-3.57,0.97,-0.28,-6.64,0,0,0,0,0,0,0,0,0,0,0,0,0
2026-09-17,2026-09-16,OPLN,Consumer Cyclical,35.06,1209.88,4305.28,1.16,0.49,0.54,-0.06,0.0,-0.51,0,0,0,0,0,0,0,0,0,0,0,0,0
2026-09-17,2026-09-16,OR,Basic Materials,35.47,1063.79,6610.19,1.1,-0.31,-2.21,1.94,0.0,-4.52,0,0,0,0,0,0,0,0,0,0,0,0,0
2026-09-17,2026-09-16,ORA,Utilities,91.89,894.67,5650.95,1.61,0.76,-0.4,1.16,1.21,-7.0,0,0,0,0,0,0,0,0,0,0,0,0,0
2026-09-17,2026-09-16,ORC,Real Estate,6.05,4863.89,1207.6,1.29,-0.66,-1.14,0.49,0.15,-6.92,0,0,0,0,0,0,0,0,0,0,0,0,0
2026-09-17,2026-09-16,ORCL,Technology,143.16,32689.91,432878.07,1.05,2.0,2.24,-0.23,0.87,-11.43,0,0,0,0,0,0,0,0,0,0,0,0,0
2026-09-17,2026-09-16,ORI,Financial,40.9,1341.88,9874.61,0.92,-0.39,-0.1,-0.29,0.0,0.17,0,0,0,0,0,0,0,0,0,0,0,0,0
2026-09-17,2026-09-16,ORIC,Healthcare,12.54,1528.0,1299.81,1.05,1.46,1.29,0.16,0.0,0.32,0,0,0,0,0,0,0,0,0,0,0,0,0
2026-09-17,2026-09-16,ORKA,Healthcare,93.55,1134.43,6193.91,0.82,1.46,0.92,0.54,0.0,2.24,0,0,0,0,0,0,0,0,0,0,0,0,0
2026-09-17,2026-09-16,ORLY,Consumer Cyclical,83.68,7124.98,67693.85,1.01,-1.74,-1.4,-0.34,0.0,-2.79,0,0,0,0,0,0,0,0,0,0,0,0,0
2026-09-17,2026-09-16,ORN,Industrials,9.12,530.72,369.32,0.92,0.66,-1.19,1.88,0.0,0.33,0,0,0,0,0,0,0,0,0,0,0,0,0
2026-09-17,2026-09-16,OSCR,Healthcare,32.34,5404.82,9983.13,1.16,-0.31,-3.46,3.27,0.46,1.83,0,0,0,0,0,0,1,0,0,0,0,0,1
2026-09-17,2026-09-16,OSK,Industrials,145.04,698.36,8954.73,0.7,1.31,0.99,0.31,0.0,-4.6,0,0,0,0,0,0,0,0,0,0,0,0,0
2026-09-17,2026-09-16,OSS,Technology,8.52,1051.17,212.53,0.96,-1.05,-3.62,2.67,0.94,-9.27,0,0,0,0,0,0,0,0,0,0,0,0,0
2026-09-17,2026-09-16,OSW,Consumer Cyclical,21.69,994.25,2201.5,0.52,-0.05,-0.09,0.05,0.0,-3.13,0,0,0,0,0,0,0,0,0,0,0,0,0
2026-09-17,2026-09-16,OTEX,Technology,23.4,1638.62,5665.84,0.71,-1.18,-0.17,-1.01,0.0,3.49,0,0,0,0,0,0,0,0,0,0,0,0,0
2026-09-17,2026-09-16,OTF,Financial,10.62,2564.3,4865.93,0.8,0.28,0.28,0.0,0.38,-3.01,0,0,0,0,0,0,0,0,0,0,0,0,0
2026-09-17,2026-09-16,OTIS,Industrials,69.25,3706.31,26361.35,1.64,1.09,0.65,0.44,-0.94,-0.07,0,0,0,0,0,0,0,0,0,0,0,0,0
2026-09-17,2026-09-16,OUST,Technology,33.99,3604.34,2451.09,0.5,3.66,2.16,1.46,0.91,-6.21,0,0,0,0,0,0,0,0,0,0,0,0,0
2026-09-17,2026-09-16,OUT,Real Estate,28.18,1749.7,4963.49,0.87,0.25,-0.07,0.32,0.0,-1.61,0,0,0,0,0,0,0,0,0,0,0,0,0
2026-09-17,2026-09-16,OVV,Energy,62.77,3407.54,17293.36,0.9,-6.27,-4.47,-1.88,0.37,-2.49,0,0,0,1,0,0,0,0,0,0,0,0,1
2026-09-17,2026-09-16,OWL,Financial,10.12,19914.35,15778.01,0.83,-1.17,-2.03,0.88,0.2,-6.81,0,0,0,0,0,0,0,0,0,0,0,0,0
2026-09-17,2026-09-16,OXY,Energy,59.36,8588.66,59338.48,1.34,-6.55,-4.87,-1.76,0.24,-3.16,0,0,0,1,0,0,0,0,0,0,0,0,1
2026-09-17,2026-09-16,OZK,Financial,47.99,1165.32,5443.59,1.21,-2.38,-1.98,-0.41,0.94,-1.44,0,0,0,0,0,0,0,0,0,0,0,0,0
2026-09-17,2026-09-16,P,Technology,97.61,2993.76,32526.32,1.05,0.66,-0.4,1.06,0.14,0.57,0,0,0,0,0,0,0,0,0,0,0,0,0
2026-09-17,2026-09-16,PAA,Energy,25.42,2464.28,17935.5,0.82,-1.36,-1.09,-0.27,-0.51,-1.66,0,0,0,0,0,0,0,0,0,0,0,0,0
2026-09-17,2026-09-16,PAAS,Basic Materials,47.56,4464.97,19719.33,0.72,-1.78,-3.35,1.63,-0.02,-10.09,0,0,0,0,0,0,0,0,0,0,0,0,0
2026-09-17,2026-09-16,PACS,Healthcare,42.72,858.18,6764.1,1.33,1.5,-0.19,1.69,0.26,-4.22,0,0,0,0,0,0,0,0,0,0,0,0,0
2026-09-17,2026-09-16,PAGP,Energy,27.68,1516.54,21089.6,1.08,-0.57,-0.54,-0.04,0.0,-1.04,0,0,0,0,0,0,0,0,0,0,0,0,0
2026-09-17,2026-09-16,PAGS,Technology,9.47,2985.63,2628.08,1.06,-1.56,0.85,-2.39,0.0,-1.46,0,0,0,0,0,0,0,0,0,0,0,0,0
2026-09-17,2026-09-16,PANW,Technology,375.65,6605.13,307281.7,0.79,0.15,2.21,-2.02,0.48,12.1,0,0,0,0,0,0,0,0,0,0,0,0,0
2026-09-17,2026-09-16,PAR,Technology,16.11,973.94,666.35,1.09,-4.67,-4.11,-0.59,1.49,-8.78,0,0,0,0,0,0,0,0,0,0,0,0,0
2026-09-17,2026-09-16,PARR,Energy,84.9,971.47,4253.46,1.18,1.56,4.12,-2.46,0.01,2.13,0,0,0,0,0,0,0,0,0,0,0,0,0
2026-09-17,2026-09-16,PATH,Technology,13.63,70216.25,7103.36,0.76,-4.22,-2.29,-1.97,0.66,0.44,0,0,0,0,0,0,0,0,0,0,0,0,0
2026-09-17,2026-09-16,PATK,Consumer Cyclical,70.41,644.09,2261.44,0.73,-0.55,-0.83,0.28,1.45,-8.55,0,0,0,0,0,0,0,0,0,0,0,0,0
2026-09-17,2026-09-16,PAX,Financial,10.06,1063.89,1623.62,1.02,-1.76,-2.14,0.39,1.59,-7.02,0,0,0,0,0,0,0,0,0,0,0,0,0
2026-09-17,2026-09-16,PAY,Technology,36.64,1263.8,4614.43,1.08,1.75,2.26,-0.5,2.35,4.0,0,0,0,0,0,0,0,0,1,0,0,0,1
2026-09-17,2026-09-16,PAYC,Technology,227.59,911.97,10078.89,0.72,0.37,2.07,-1.67,-0.04,5.57,0,0,0,0,0,0,0,0,0,0,0,0,0
2026-09-17,2026-09-16,PAYO,Technology,7.15,4393.85,2422.79,0.47,0.28,0.56,-0.28,-0.14,0.56,0,0,0,0,0,0,0,0,0,0,0,0,0
2026-09-17,2026-09-16,PAYP,Technology,17.65,996.41,11801.14,0.4,-0.95,-0.45,-0.51,0.06,0.4,0,0,0,0,0,0,0,0,0,0,0,0,0
2026-09-17,2026-09-16,PAYS,Technology,11.82,686.8,667.38,1.63,-2.88,-2.88,0.0,-0.24,-9.29,0,0,0,0,0,0,0,0,0,0,0,0,0
2026-09-17,2026-09-16,PAYX,Technology,116.72,3036.94,41550.04,0.8,-1.34,-0.85,-0.49,-0.15,1.72,0,0,0,0,0,0,0,0,0,0,0,0,0
2026-09-17,2026-09-16,PB,Financial,70.34,1102.72,8453.23,1.09,-0.87,-1.06,0.18,0.0,-1.46,0,0,0,0,0,0,0,0,0,0,0,0,0
2026-09-17,2026-09-16,PBA,Energy,47.1,1036.74,27391.0,1.23,-0.36,0.0,-0.36,0.3,-4.29,0,0,0,0,0,0,0,0,0,0,0,0,0
2026-09-17,2026-09-16,PBF,Energy,75.93,3180.16,9000.5,1.2,1.62,3.99,-2.28,0.03,-0.76,0,0,0,0,0,0,0,0,0,0,0,0,0
2026-09-17,2026-09-16,PBH,Healthcare,46.86,570.52,2219.97,0.94,0.39,0.06,0.32,0.04,-3.78,0,0,0,0,0,0,0,0,0,0,0,0,0
2026-09-17,2026-09-16,PBI,Industrials,17.31,2034.69,2373.03,0.97,-0.06,0.17,-0.23,0.0,0.82,0,0,0,0,0,0,0,0,0,0,0,0,0
2026-09-17,2026-09-16,PBLS,Healthcare,36.88,521.99,4555.91,1.86,3.25,1.91,1.32,1.98,-4.85,0,0,0,0,0,0,0,0,0,0,0,0,0
2026-09-17,2026-09-16,PBR,Energy,20.91,17701.1,77808.41,1.39,-3.95,-2.38,-1.61,0.33,-0.1,0,0,0,0,0,0,0,0,0,0,0,0,0
2026-09-17,2026-09-16,PBR-A,Energy,18.89,7403.03,51442.19,1.1,-3.47,-2.23,-1.28,0.05,-0.53,0,0,0,0,0,0,0,0,0,0,0,0,0
2026-09-17,2026-09-16,PCAR,Industrials,118.22,3179.02,62226.86,0.86,-3.46,-4.32,0.9,-0.33,-3.0,0,0,0,0,0,0,0,0,0,0,0,0,0
2026-09-17,2026-09-16,PCG,Utilities,13.35,32061.62,29401.64,0.7,1.52,0.15,1.37,-0.18,-5.92,0,0,0,0,0,0,0,0,0,0,0,0,0
2026-09-17,2026-09-16,PCOR,Technology,51.97,3352.91,7897.12,0.68,-1.12,0.15,-1.27,-0.15,-3.99,0,0,0,0,0,0,0,0,0,0,0,0,0
2026-09-17,2026-09-16,PCRX,Healthcare,24.91,582.69,992.96,1.3,3.45,3.53,-0.08,0.0,-3.75,0,0,0,0,0,0,0,0,0,0,0,0,0
2026-09-17,2026-09-16,PCT,Industrials,5.52,4259.71,1109.0,0.85,-1.08,-1.08,0.0,1.45,-11.96,0,0,0,0,0,0,0,0,0,0,0,0,0
2026-09-17,2026-09-16,PCTY,Technology,147.32,742.74,7816.36,0.79,0.07,2.04,-1.94,-0.29,3.67,0,0,0,0,0,0,0,0,0,0,0,0,0
2026-09-17,2026-09-16,PCVX,Healthcare,58.77,1297.9,8745.29,0.96,-0.74,-0.81,0.07,0.31,-1.24,0,0,0,0,0,0,0,0,0,0,0,0,0
2026-09-17,2026-09-16,PD,Technology,14.48,1669.79,1138.85,0.65,-0.21,0.56,-0.76,0.0,6.63,0,0,0,0,0,0,0,0,0,0,0,0,0
2026-09-17,2026-09-16,PDD,Consumer Cyclical,78.76,7103.81,112106.99,0.93,0.87,0.96,-0.09,0.11,0.19,0,0,0,0,0,0,0,0,0,0,0,0,0
2026-09-17,2026-09-16,PDFS,Technology,41.97,634.58,1772.28,0.68,1.33,-0.64,1.98,0.07,-10.99,0,0,0,0,0,0,0,0,0,0,0,0,0
2026-09-17,2026-09-16,PDYN,Technology,5.61,1331.25,276.79,0.48,-1.23,-1.92,0.7,-0.18,-2.43,0,0,0,0,0,0,0,0,0,0,0,0,0
2026-09-17,2026-09-16,PECO,Real Estate,37.8,945.2,5333.58,0.91,-0.47,-0.63,0.16,0.0,-2.4,0,0,0,0,0,0,0,0,0,0,0,0,0
2026-09-17,2026-09-16,PEG,Utilities,70.39,2946.04,35083.79,1.0,-0.04,-0.49,0.45,-0.1,-3.04,0,0,0,0,0,0,0,0,0,0,0,0,0
2026-09-17,2026-09-16,PEGA,Technology,36.84,2708.91,6056.68,1.11,-2.1,0.45,-2.54,0.0,5.17,0,0,0,0,0,0,0,0,0,0,0,0,0
2026-09-17,2026-09-16,PENG,Technology,48.24,2988.23,2471.95,0.37,1.56,-1.93,3.56,0.66,-5.52,0,0,0,0,0,0,1,0,0,0,0,0,1
2026-09-17,2026-09-16,PENN,Consumer Cyclical,17.69,3044.39,2371.64,0.86,-0.28,-0.11,-0.17,0.0,3.03,0,0,0,0,0,0,0,0,0,0,0,0,0
2026-09-17,2026-09-16,PEP,Consumer Defensive,134.34,8330.35,183359.52,0.83,-0.86,-0.79,-0.06,-0.03,-1.72,0,0,0,0,0,0,0,0,0,0,0,0,0
2026-09-17,2026-09-16,PFE,Healthcare,27.46,41662.55,156513.03,0.63,-0.33,-0.65,0.33,0.03,-1.15,0,0,0,0,0,0,0,0,0,0,0,0,0
2026-09-17,2026-09-16,PFG,Financial,116.64,1424.51,24973.17,1.3,-1.46,-1.1,-0.36,-1.95,2.3,0,0,0,0,0,0,0,0,0,0,0,0,0
2026-09-17,2026-09-16,PFGC,Consumer Defensive,91.06,1628.43,14344.95,1.12,2.35,2.01,0.34,0.0,-4.78,0,0,0,0,0,0,0,0,0,0,0,0,0
2026-09-17,2026-09-16,PFLT,Financial,7.02,1064.76,696.51,0.77,0.0,0.0,0.0,0.71,-1.82,0,0,0,0,0,0,0,0,0,0,0,0,0
2026-09-17,2026-09-16,PFS,Financial,23.16,969.85,3020.59,1.69,-0.73,-0.81,0.09,-0.26,0.22,0,0,0,0,0,0,0,0,0,0,0,0,0
2026-09-17,2026-09-16,PFSI,Financial,65.95,578.59,3426.2,1.7,-3.09,-2.31,-0.79,0.06,-6.99,0,0,0,0,0,0,0,0,0,0,0,0,0
2026-09-17,2026-09-16,PG,Consumer Defensive,147.02,9133.9,341479.3,0.76,0.24,0.13,0.11,-0.01,3.07,0,0,0,0,0,0,0,0,0,0,0,0,0
2026-09-17,2026-09-16,PGEN,Healthcare,7.43,4860.42,2662.0,1.69,6.21,6.21,0.0,-1.14,9.34,0,0,0,1,0,0,0,0,0,0,0,0,1
2026-09-17,2026-09-16,PGNY,Healthcare,27.38,1184.64,2100.78,0.73,-1.37,-0.9,-0.47,0.0,0.96,0,0,0,0,0,0,0,0,0,0,0,0,0
2026-09-17,2026-09-16,PGR,Financial,216.99,2849.8,126092.88,0.58,-1.95,-1.41,-0.55,-0.04,0.69,0,0,0,0,0,0,0,0,0,0,0,0,0
2026-09-17,2026-09-16,PGY,Technology,21.64,3021.0,1805.34,0.75,2.85,3.54,-0.67,0.21,0.19,0,0,0,0,0,0,0,0,0,0,0,0,0
2026-09-17,2026-09-16,PH,Industrials,918.75,628.45,115806.11,0.67,-0.68,-1.4,0.73,0.02,-3.24,0,0,0,0,0,0,0,0,0,0,0,0,0
2026-09-17,2026-09-16,PHAT,Healthcare,7.69,1305.7,622.13,1.59,-5.76,-3.87,-1.96,2.04,-11.3,0,0,0,1,0,0,0,0,1,0,0,0,1
2026-09-17,2026-09-16,PHG,Healthcare,24.73,1003.98,24171.84,0.58,-0.68,-0.84,0.16,0.0,-1.16,0,0,0,0,0,0,0,0,0,0,0,0,0
2026-09-17,2026-09-16,PHM,Consumer Cyclical,117.55,1669.66,22035.05,0.87,-1.61,-1.58,-0.03,0.0,-1.16,0,0,0,0,0,0,0,0,0,0,0,0,0
2026-09-17,2026-09-16,PHR,Healthcare,10.24,859.45,635.6,0.64,-1.06,-0.29,-0.77,0.0,-0.97,0,0,0,0,0,0,0,0,0,0,0,0,0
2026-09-17,2026-09-16,PHVS,Healthcare,37.55,691.37,2623.38,1.2,-1.34,-1.5,0.16,-1.41,-0.5,0,0,0,0,0,0,0,0,0,0,0,0,0
2026-09-17,2026-09-16,PII,Consumer Cyclical,55.28,831.62,3145.62,1.53,-4.51,-5.08,0.6,0.98,-6.72,0,0,0,0,0,0,0,0,0,0,0,0,0
2026-09-17,2026-09-16,PINS,Communication Services,18.65,12796.94,10561.74,1.0,-0.59,0.05,-0.64,0.8,2.02,0,0,0,0,0,0,0,0,0,0,0,0,0
2026-09-17,2026-09-16,PIPR,Financial,71.36,597.52,5043.03,1.13,-2.23,-2.05,-0.19,-0.41,-7.28,0,0,0,0,0,0,0,0,0,0,0,0,0
2026-09-17,2026-09-16,PK,Real Estate,14.88,4484.84,2995.91,0.69,-2.23,-2.23,0.0,0.0,-2.62,0,0,0,0,0,0,0,0,0,0,0,0,0
2026-09-17,2026-09-16,PKG,Consumer Cyclical,231.45,623.35,20621.8,0.83,0.1,-0.6,0.7,-0.03,1.83,0,0,0,0,0,0,0,0,0,0,0,0,0
2026-09-17,2026-09-16,PL,Industrials,16.02,9899.15,5828.84,0.87,0.0,-0.44,0.44,0.25,-6.97,0,0,0,0,0,0,0,0,0,0,0,0,0
2026-09-17,2026-09-16,PLAB,Technology,27.85,1295.43,1643.07,0.84,2.16,1.31,0.84,0.54,-4.3,0,0,0,0,0,0,0,0,0,0,0,0,0
2026-09-17,2026-09-16,PLAY,Communication Services,6.86,1968.01,238.94,3.33,0.0,0.0,0.0,1.02,-16.24,1,1,0,0,0,0,0,0,0,0,0,0,1
2026-09-17,2026-09-16,PLD,Real Estate,133.74,4175.47,129630.86,0.69,-1.55,-0.93,-0.62,-0.29,-1.42,0,0,0,0,0,0,0,0,0,0,0,0,0
2026-09-17,2026-09-16,PLNT,Consumer Cyclical,50.02,1874.94,3778.16,1.1,-1.55,-0.81,-0.75,0.6,0.28,0,0,0,0,0,0,0,0,0,0,0,0,0
2026-09-17,2026-09-16,PLTR,Technology,174.34,39886.26,418949.17,0.52,1.03,2.32,-1.26,-0.05,2.84,0,0,0,0,0,0,0,0,0,0,0,0,0
2026-09-17,2026-09-16,PM,Consumer Defensive,191.71,4912.0,298801.81,0.6,-1.24,-0.37,-0.87,-0.28,3.23,0,0,0,0,0,0,0,0,0,0,0,0,0
2026-09-17,2026-09-16,PNC,Financial,231.49,1830.03,92351.48,1.5,-3.86,-3.73,-0.13,0.0,-3.82,0,0,0,0,0,0,0,0,0,0,0,0,0
2026-09-17,2026-09-16,PNFP,Financial,96.07,1148.75,14517.39,0.82,-3.29,-3.37,0.08,0.0,-3.09,0,0,0,0,0,0,0,0,0,0,0,0,0
2026-09-17,2026-09-16,PNR,Industrials,56.46,3317.99,9013.16,0.69,-0.21,-1.21,1.01,0.0,-1.84,0,0,0,0,0,0,0,0,0,0,0,0,0
2026-09-17,2026-09-16,PNW,Utilities,94.99,1136.39,11512.53,0.71,0.09,-1.2,1.31,0.0,-2.25,0,0,0,0,0,0,0,0,0,0,0,0,0
2026-09-17,2026-09-16,PODD,Healthcare,140.6,1667.75,9751.2,0.81,0.98,1.25,-0.27,0.0,1.94,0,0,0,0,0,0,0,0,0,0,0,0,0
2026-09-17,2026-09-16,POET,Technology,7.4,12637.19,1280.63,0.45,2.64,-0.4,3.05,0.54,-7.5,0,0,0,0,0,0,1,0,0,0,0,0,1
2026-09-17,2026-09-16,PONY,Technology,6.55,3694.52,2314.25,0.72,-1.8,-1.65,-0.15,1.07,-3.11,0,0,0,0,0,0,0,0,0,0,0,0,0
2026-09-17,2026-09-16,POOL,Industrials,167.76,877.28,6096.53,0.87,0.54,-0.04,0.58,0.2,-5.71,0,0,0,0,0,0,0,0,0,0,0,0,0
2026-09-17,2026-09-16,POR,Utilities,47.91,1100.64,5634.59,1.52,0.97,0.46,0.51,-0.81,-1.96,0,0,0,0,0,0,0,0,0,0,0,0,0
2026-09-17,2026-09-16,POST,Consumer Defensive,78.49,949.35,3450.17,0.98,1.71,2.75,-1.01,-0.37,-3.18,0,0,0,0,0,0,0,0,0,0,0,0,0
2026-09-17,2026-09-16,POWI,Technology,47.65,801.81,2662.36,0.75,-1.28,-4.01,2.84,1.59,-4.14,0,0,0,0,0,0,0,0,0,0,0,0,0
2026-09-17,2026-09-16,POWL,Industrials,177.71,735.86,6474.43,0.77,3.7,1.42,2.25,2.1,-1.41,0,0,0,0,0,0,0,0,1,0,0,0,1
2026-09-17,2026-09-16,PPC,Consumer Defensive,29.66,1578.81,7062.3,0.75,-0.67,-0.8,0.13,-2.02,-1.92,0,0,0,0,0,0,0,0,1,0,0,0,1
2026-09-17,2026-09-16,PPG,Basic Materials,104.98,1780.58,23337.06,0.91,0.09,-0.69,0.78,0.0,-2.03,0,0,0,0,0,0,0,0,0,0,0,0,0
2026-09-17,2026-09-16,PPL,Utilities,33.41,8526.1,25142.52,0.5,0.54,-0.24,0.78,-0.06,-3.3,0,0,0,0,0,0,0,0,0,0,0,0,0
2026-09-17,2026-09-16,PPLI,Communication Services,37.35,964.47,2781.21,0.61,-2.4,-2.05,-0.37,0.0,-0.98,0,0,0,0,0,0,0,0,0,0,0,0,0
2026-09-17,2026-09-16,PPTA,Basic Materials,22.51,1276.96,2815.9,0.81,-0.79,-3.27,2.56,2.0,-9.09,0,0,0,0,0,0,0,0,1,0,0,0,1
2026-09-17,2026-09-16,PR,Energy,22.95,9841.42,19221.93,1.78,-6.29,-3.35,-3.04,0.22,-2.84,0,0,0,1,0,0,1,0,0,0,0,0,1
2026-09-17,2026-09-16,PRAA,Financial,20.07,539.0,755.6,1.09,4.04,4.97,-0.88,0.45,4.86,0,0,0,0,0,0,0,0,0,0,0,0,0
2026-09-17,2026-09-16,PRCH,Financial,15.89,1779.3,1803.83,0.83,-1.0,0.76,-1.74,-3.71,-2.99,0,0,0,0,0,0,0,0,1,0,0,0,1
2026-09-17,2026-09-16,PRCT,Healthcare,19.44,1565.06,1113.4,0.83,0.73,1.25,-0.52,0.21,-6.27,0,0,0,0,0,0,0,0,0,0,0,0,0
2026-09-17,2026-09-16,PRDO,Consumer Defensive,33.27,695.81,2081.94,1.16,1.06,1.12,-0.06,-1.02,0.27,0,0,0,0,0,0,0,0,0,0,0,0,0
2026-09-17,2026-09-16,PRG,Industrials,35.7,577.66,1421.99,1.01,-1.73,-2.0,0.28,0.48,-4.62,0,0,0,0,0,0,0,0,0,0,0,0,0
2026-09-17,2026-09-16,PRGO,Healthcare,13.54,3208.0,1878.93,0.66,-0.15,-0.88,0.74,0.0,-5.58,0,0,0,0,0,0,0,0,0,0,0,0,0
2026-09-17,2026-09-16,PRGS,Technology,41.85,670.51,1716.39,0.82,-3.93,-1.94,-2.02,0.02,2.55,0,0,0,0,0,0,0,0,0,0,0,0,0
2026-09-17,2026-09-16,PRIM,Industrials,76.94,1617.99,4141.86,0.86,0.29,-1.26,1.56,0.0,4.18,0,0,0,0,0,0,0,0,0,0,0,0,0
2026-09-17,2026-09-16,PRKS,Consumer Cyclical,36.13,685.89,1638.18,1.56,0.31,0.98,-0.67,0.0,-6.93,0,0,0,0,0,0,0,0,0,0,0,0,0
2026-09-17,2026-09-16,PRM,Basic Materials,31.9,1561.62,5221.61,0.67,1.08,0.57,0.51,-1.41,2.15,0,0,0,0,0,0,0,0,0,0,0,0,0
2026-09-17,2026-09-16,PRMB,Consumer Defensive,21.15,3787.4,7655.11,1.08,1.44,1.1,0.34,0.0,1.44,0,0,0,0,0,0,0,0,0,0,0,0,0
2026-09-17,2026-09-16,PRTH,Technology,5.89,501.25,485.58,0.68,-2.0,-1.83,-0.17,0.0,8.57,0,0,0,0,0,0,0,0,0,0,0,0,0
2026-09-17,2026-09-16,PRU,Financial,117.04,1782.52,40378.8,1.25,-1.9,-1.78,-0.13,-0.43,-0.47,0,0,0,0,0,0,0,0,0,0,0,0,0
2026-09-17,2026-09-16,PRVA,Healthcare,20.37,1222.24,2601.95,1.16,0.05,-0.29,0.34,1.42,-0.24,0,0,0,0,0,0,0,0,0,0,0,0,0
2026-09-17,2026-09-16,PSA,Real Estate,294.68,990.0,55061.64,0.81,-0.67,-0.78,0.1,-0.1,0.03,0,0,0,0,0,0,0,0,0,0,0,0,0
2026-09-17,2026-09-16,PSKY,Communication Services,11.14,10776.49,12492.86,1.6,1.14,2.16,-1.0,-0.3,8.95,0,0,0,0,0,0,0,0,0,0,0,0,0
2026-09-17,2026-09-16,PSN,Technology,46.49,1392.34,4965.38,0.72,-0.34,0.02,-0.36,-0.89,0.43,0,0,0,0,0,0,0,0,0,0,0,0,0
2026-09-17,2026-09-16,PSNL,Healthcare,16.11,4058.64,1720.55,0.56,0.06,-0.56,0.62,-0.68,-1.77,0,0,0,0,0,0,0,0,0,0,0,0,0
2026-09-17,2026-09-16,PSO,Communication Services,15.91,734.42,9531.36,0.69,-0.56,-0.13,-0.44,0.0,1.14,0,0,0,0,0,0,0,0,0,0,0,0,0
2026-09-17,2026-09-16,PSX,Energy,264.63,2799.6,105592.91,0.95,-0.11,1.6,-1.69,0.08,1.48,0,0,0,0,0,0,0,0,0,0,0,0,0
2026-09-17,2026-09-16,PTC,Technology,131.16,1638.87,14231.69,0.75,-1.2,0.06,-1.26,0.75,1.76,0,0,0,0,0,0,0,0,0,0,0,0,0
2026-09-17,2026-09-16,PTCT,Healthcare,67.59,1559.21,5641.11,0.9,2.96,2.42,0.52,-0.01,0.03,0,0,0,0,0,0,0,0,0,0,0,0,0
2026-09-17,2026-09-16,PTEN,Energy,12.03,8996.13,4588.06,1.0,-5.35,-4.07,-1.34,1.41,-6.96,0,0,0,1,0,0,0,0,0,0,0,0,1
2026-09-17,2026-09-16,PTGX,Healthcare,142.84,663.75,9242.93,0.76,-0.39,-0.94,0.55,0.08,-1.55,0,0,0,0,0,0,0,0,0,0,0,0,0
2026-09-17,2026-09-16,PTRN,Consumer Cyclical,19.64,2013.53,3484.12,1.02,1.03,1.03,0.0,1.07,-0.05,0,0,0,0,0,0,0,0,0,0,0,0,0
2026-09-17,2026-09-16,PUBM,Technology,16.85,626.14,767.52,0.73,0.42,0.66,-0.24,-0.3,4.14,0,0,0,0,0,0,0,0,0,0,0,0,0
2026-09-17,2026-09-16,PUK,Financial,26.26,1017.12,32431.63,0.81,-0.83,-1.17,0.34,0.0,-3.14,0,0,0,0,0,0,0,0,0,0,0,0,0
2026-09-17,2026-09-16,PUMP,Energy,10.21,3910.99,1254.04,0.83,-1.92,-1.83,-0.1,0.2,-16.45,0,0,0,0,0,0,0,0,0,0,0,0,0
2026-09-17,2026-09-16,PURR,Financial,11.44,16417.62,2263.26,0.93,2.14,2.05,0.09,-0.96,-4.9,0,0,0,0,0,0,0,0,0,0,0,0,0
2026-09-17,2026-09-16,PVH,Consumer Cyclical,71.7,994.33,3308.08,0.87,0.13,-0.33,0.46,-1.73,4.66,0,0,0,0,0,0,0,0,0,0,0,0,0
2026-09-17,2026-09-16,PWP,Financial,12.75,1189.04,1240.71,1.65,-4.92,-5.2,0.3,0.0,-20.51,0,0,0,0,0,0,0,0,0,0,0,0,0
2026-09-17,2026-09-16,PWR,Industrials,619.28,1196.38,93104.65,0.62,0.97,-1.01,1.99,1.22,-1.23,0,0,0,0,0,0,0,0,0,0,0,0,0
2026-09-17,2026-09-16,PYPL,Financial,52.71,15179.99,45091.34,0.55,-2.04,-1.72,-0.33,0.23,1.04,0,0,0,0,0,0,0,0,0,0,0,0,0
2026-09-17,2026-09-16,PZZA,Consumer Cyclical,20.19,1294.68,664.69,1.84,-2.56,-2.56,0.0,0.2,-6.66,0,0,0,0,0,0,0,0,0,0,0,0,0
2026-09-17,2026-09-16,Q,Technology,114.86,1957.75,24029.7,0.73,0.24,-1.82,2.09,0.12,-8.46,0,0,0,0,0,0,0,0,0,0,0,0,0
2026-09-17,2026-09-16,QBTS,Technology,16.27,19013.19,6059.6,0.71,-0.85,-1.27,0.43,0.37,-4.96,0,0,0,0,0,0,0,0,0,0,0,0,0
2026-09-17,2026-09-16,QCOM,Technology,184.84,14370.57,194125.23,0.68,-1.58,-2.29,0.73,0.29,4.78,0,0,0,0,0,0,0,0,0,0,0,0,0
2026-09-17,2026-09-16,QDEL,Healthcare,10.77,1510.3,738.56,1.1,1.32,0.28,1.03,0.0,-14.79,0,0,0,0,0,0,0,0,0,0,0,0,0
2026-09-17,2026-09-16,QFIN,Financial,8.18,1849.43,997.22,0.81,1.61,1.61,0.0,0.0,-4.88,0,0,0,0,0,0,0,0,0,0,0,0,0
2026-09-17,2026-09-16,QGEN,Healthcare,42.9,2820.17,8840.61,0.48,0.99,0.75,0.24,,0.94,0,0,0,0,0,0,0,0,0,0,0,0,0
2026-09-17,2026-09-16,QLYS,Technology,183.06,788.4,6332.97,1.03,-1.25,1.93,-3.11,-0.11,7.57,0,0,0,0,0,0,1,0,0,0,0,0,1
2026-09-17,2026-09-16,QMCO,Technology,23.83,1444.6,939.14,0.53,2.45,1.15,1.29,0.42,-1.69,0,0,0,0,0,0,0,0,0,0,0,0,0
2026-09-17,2026-09-16,QNST,Communication Services,18.4,862.34,1050.39,0.75,0.22,1.21,-0.98,-0.05,3.49,0,0,0,0,0,0,0,0,0,0,0,0,0
2026-09-17,2026-09-16,QNT,Technology,52.01,2036.17,13694.65,0.96,6.91,6.49,0.39,0.85,6.38,0,0,0,1,0,0,0,0,0,0,0,0,1
2026-09-17,2026-09-16,QRVO,Technology,113.97,1249.08,10054.62,1.42,-3.46,-3.56,0.1,0.82,8.3,0,0,0,0,0,0,0,0,0,0,0,0,0
2026-09-17,2026-09-16,QS,Consumer Cyclical,5.0,21584.16,3095.56,0.54,-0.99,-2.72,1.78,0.4,-4.21,0,0,0,0,0,0,0,0,0,0,0,0,0
2026-09-17,2026-09-16,QSR,Consumer Cyclical,74.95,2765.08,34065.63,0.69,-0.72,-1.9,1.21,0.25,-2.67,0,0,0,0,0,0,0,0,0,0,0,0,0
2026-09-17,2026-09-16,QTTB,Healthcare,10.98,1170.17,326.86,0.43,-1.7,-1.7,0.0,1.28,-1.44,0,0,0,0,0,0,0,0,0,0,0,0,0
2026-09-17,2026-09-16,QTWO,Technology,59.55,799.47,3713.22,0.79,-0.88,0.69,-1.56,0.0,-0.4,0,0,0,0,0,0,0,0,0,0,0,0,0
2026-09-17,2026-09-16,QUBT,Technology,8.0,9539.56,1810.78,0.54,2.04,1.39,0.64,0.5,-0.5,0,0,0,0,0,0,0,0,0,0,0,0,0
2026-09-17,2026-09-16,QURE,Healthcare,42.49,1842.36,2947.38,0.8,-1.42,-2.1,0.7,0.0,-7.63,0,0,0,0,0,0,0,0,0,0,0,0,0
2026-09-17,2026-09-16,QXO,Industrials,11.27,21683.63,11692.52,0.87,-1.49,-2.84,1.4,0.53,-11.33,0,0,0,0,0,0,0,0,0,0,0,0,0
2026-09-17,2026-09-16,RAL,Technology,67.58,1578.59,7477.05,1.23,3.05,1.02,2.01,0.0,0.87,0,0,0,0,0,0,0,0,0,0,0,0,0
2026-09-17,2026-09-16,RAMP,Technology,37.87,1051.92,2302.31,2.33,0.69,0.77,-0.08,0.08,0.29,1,0,0,0,0,0,0,0,0,0,0,0,1
2026-09-17,2026-09-16,RARE,Healthcare,12.88,3307.61,1269.83,1.52,-1.45,-1.45,0.0,0.39,-9.99,0,0,0,0,0,0,0,0,0,0,0,0,0
2026-09-17,2026-09-16,RBA,Industrials,84.29,1602.59,15605.45,1.57,-2.11,-1.68,-0.44,-0.11,3.64,0,0,0,0,0,0,0,0,0,0,0,0,0
2026-09-17,2026-09-16,RBLX,Communication Services,47.43,11940.94,33882.85,0.76,-5.59,-5.35,-0.26,0.27,6.54,0,0,0,1,0,0,0,0,0,0,0,0,1
2026-09-17,2026-09-16,RBRK,Technology,104.98,3378.78,21762.82,0.9,1.38,2.95,-1.53,0.29,18.19,0,0,0,0,0,0,0,0,0,0,1,0,1
2026-09-17,2026-09-16,RCAT,Industrials,7.09,8831.59,1083.51,2.17,-10.92,-10.64,-0.31,0.78,-12.73,1,0,0,1,1,1,0,0,0,0,0,0,1
2026-09-17,2026-09-16,RCI,Communication Services,35.9,1231.12,19394.26,0.82,0.17,0.39,-0.22,0.13,-1.48,0,0,0,0,0,0,0,0,0,0,0,0,0
2026-09-17,2026-09-16,RCL,Consumer Cyclical,253.92,2174.29,68100.07,1.06,1.85,1.16,0.68,0.43,-2.25,0,0,0,0,0,0,0,0,0,0,0,0,0
2026-09-17,2026-09-16,RCUS,Healthcare,24.65,1377.46,3138.77,1.67,1.36,-0.56,1.93,0.2,-13.48,0,0,0,0,0,0,0,0,0,0,0,0,0
2026-09-17,2026-09-16,RDDT,Communication Services,157.6,5748.51,30321.7,0.5,-1.27,-1.88,0.62,0.41,7.62,0,0,0,0,0,0,0,0,0,0,0,0,0
2026-09-17,2026-09-16,RDN,Financial,35.27,1195.58,4666.26,1.35,-0.25,-0.08,-0.17,0.0,-2.97,0,0,0,0,0,0,0,0,0,0,0,0,0
2026-09-17,2026-09-16,RDNT,Healthcare,75.78,836.82,5963.71,1.41,-1.74,-1.74,0.0,-0.04,6.93,0,0,0,0,0,0,0,0,0,0,0,0,0
2026-09-17,2026-09-16,RDW,Industrials,10.79,18093.36,2697.42,0.53,0.37,0.47,-0.09,-0.27,0.84,0,0,0,0,0,0,0,0,0,0,0,0,0
2026-09-17,2026-09-16,RDY,Healthcare,11.68,2891.08,9725.59,0.98,1.13,0.26,0.87,0.09,-1.68,0,0,0,0,0,0,0,0,0,0,0,0,0
2026-09-17,2026-09-16,REAL,Consumer Cyclical,9.48,3109.58,1153.45,0.76,0.42,-1.56,2.01,0.74,-0.78,0,0,0,0,0,0,0,0,0,0,0,0,0
2026-09-17,2026-09-16,REAX,Real Estate,19.02,650.03,416.94,1.08,-1.3,-0.05,-1.25,0.0,-8.25,0,0,0,0,0,0,0,0,0,0,0,0,0
2026-09-17,2026-09-16,REF,Consumer Cyclical,15.73,617.36,929.33,1.82,-1.07,-0.13,-0.94,-0.83,15.24,0,0,0,0,0,0,0,0,0,0,1,0,1
2026-09-17,2026-09-16,REG,Real Estate,73.26,1340.25,13415.41,1.08,-1.07,-1.01,-0.05,0.12,-2.76,0,0,0,0,0,0,0,0,0,0,0,0,0
2026-09-17,2026-09-16,REGN,Healthcare,774.61,807.33,79749.96,0.47,0.06,-0.16,0.22,-0.12,-4.09,0,0,0,0,0,0,0,0,0,0,0,0,0
2026-09-17,2026-09-16,RELX,Industrials,34.27,2578.52,59648.31,0.65,0.15,0.44,-0.29,0.35,0.06,0,0,0,0,0,0,0,0,0,0,0,0,0
2026-09-17,2026-09-16,RELY,Technology,22.15,3574.27,4688.8,1.16,1.47,1.14,0.32,1.9,-7.98,0,0,0,0,0,0,0,0,0,0,0,0,0
2026-09-17,2026-09-16,REPL,Healthcare,12.96,4567.82,1221.08,0.4,-0.54,-1.07,0.54,-1.23,-10.31,0,0,0,0,0,0,0,0,0,0,0,0,0
2026-09-17,2026-09-16,RES,Energy,5.98,1586.53,1325.51,1.71,-3.24,-1.97,-1.29,-0.33,-9.12,0,0,0,0,0,0,0,0,0,0,0,0,0
2026-09-17,2026-09-16,REXR,Real Estate,38.84,2709.38,8660.86,1.51,0.57,-0.41,0.98,-0.03,4.77,0,0,0,0,0,0,0,0,0,0,0,0,0
2026-09-17,2026-09-16,REYN,Consumer Cyclical,22.43,1371.19,4728.04,1.2,2.23,1.95,0.27,-0.45,4.08,0,0,0,0,0,0,0,0,0,0,0,0,0
2026-09-17,2026-09-16,REZI,Industrials,18.67,2475.6,2834.99,1.01,-0.21,-0.8,0.59,-0.21,-1.11,0,0,0,0,0,0,0,0,0,0,0,0,0
2026-09-17,2026-09-16,RF,Financial,28.47,9010.58,24254.43,1.17,-4.08,-3.72,-0.37,-0.07,-4.75,0,0,0,0,0,0,0,0,0,0,0,0,0
2026-09-17,2026-09-16,RGEN,Healthcare,172.91,1110.63,9758.29,0.74,-1.04,-1.14,0.1,0.0,4.76,0,0,0,0,0,0,0,0,0,0,0,0,0
2026-09-17,2026-09-16,RGLD,Basic Materials,245.51,716.72,20801.54,1.1,-2.25,-3.48,1.28,0.16,-6.49,0,0,0,0,0,0,0,0,0,0,0,0,0
2026-09-17,2026-09-16,RGNX,Healthcare,7.98,1937.85,526.78,0.63,0.44,0.63,-0.19,-0.25,-8.59,0,0,0,0,0,0,0,0,0,0,0,0,0
2026-09-17,2026-09-16,RGTI,Technology,14.79,21515.48,4936.44,0.64,-1.99,-2.7,0.73,0.74,-2.95,0,0,0,0,0,0,0,0,0,0,0,0,0
2026-09-17,2026-09-16,RH,Consumer Cyclical,126.52,815.12,2395.43,1.17,1.35,0.77,0.58,1.01,-9.22,0,0,0,0,0,0,0,0,0,0,0,0,0
2026-09-17,2026-09-16,RHI,Industrials,37.09,2257.28,3796.6,0.99,-3.16,-1.83,-1.36,0.08,-3.79,0,0,0,0,0,0,0,0,0,0,0,0,0
2026-09-17,2026-09-16,RHP,Real Estate,119.93,730.77,8181.54,0.74,-0.65,-0.7,0.06,0.0,-2.1,0,0,0,0,0,0,0,0,0,0,0,0,0
2026-09-17,2026-09-16,RIG,Energy,5.54,41563.12,6187.52,1.4,-6.73,-5.62,-1.18,0.36,-2.98,0,0,0,1,0,0,0,0,0,0,0,0,1
2026-09-17,2026-09-16,RILY,Financial,6.02,676.72,242.01,0.85,0.5,-0.82,1.34,0.0,-11.34,0,0,0,0,0,0,0,0,0,0,0,0,0
2026-09-17,2026-09-16,RIO,Basic Materials,95.79,2486.56,120181.97,0.9,-1.51,-2.19,0.69,0.01,-7.66,0,0,0,0,0,0,0,0,0,0,0,0,0
2026-09-17,2026-09-16,RIOT,Financial,20.35,18307.65,7636.52,0.88,3.3,1.75,1.52,0.05,-7.79,0,0,0,0,0,0,0,0,0,0,0,0,0
2026-09-17,2026-09-16,RITM,Real Estate,9.48,5445.4,5293.69,0.86,-0.94,-1.76,0.84,0.84,-3.85,0,0,0,0,0,0,0,0,0,0,0,0,0
2026-09-17,2026-09-16,RIVN,Consumer Cyclical,15.23,28989.0,22050.91,1.06,-1.99,-2.34,0.35,0.13,-4.84,0,0,0,0,0,0,0,0,0,0,0,0,0
2026-09-17,2026-09-16,RJF,Financial,164.57,1284.59,31656.97,1.06,-2.48,-0.21,-2.27,0.0,-6.21,0,0,0,0,0,0,0,0,0,0,0,0,0
2026-09-17,2026-09-16,RKLB,Industrials,63.7,21001.78,38121.89,0.84,0.24,0.05,0.19,0.41,1.0,0,0,0,0,0,0,0,0,0,0,0,0,0
2026-09-17,2026-09-16,RKT,Financial,12.95,29545.0,36669.77,2.09,-1.82,-2.19,0.38,0.27,-3.57,1,0,0,0,0,0,0,0,0,0,0,0,1
2026-09-17,2026-09-16,RL,Consumer Cyclical,338.36,641.62,20144.28,1.05,0.93,-0.14,1.07,0.0,0.82,0,0,0,0,0,0,0,0,0,0,0,0,0
2026-09-17,2026-09-16,RLAY,Healthcare,18.84,3191.18,4128.63,0.66,-0.69,-0.69,0.0,0.0,0.96,0,0,0,0,0,0,0,0,0,0,0,0,0
2026-09-17,2026-09-16,RLI,Financial,60.54,783.29,5555.94,0.63,-1.37,-0.67,-0.7,-0.81,-1.08,0,0,0,0,0,0,0,0,0,0,0,0,0
2026-09-17,2026-09-16,RMBS,Technology,81.41,2773.63,8829.86,0.65,-2.05,-3.57,1.58,0.23,-7.12,0,0,0,0,0,0,0,0,0,0,0,0,0
2026-09-17,2026-09-16,RMD,Healthcare,228.25,1488.2,32925.59,0.72,-0.52,0.03,-0.54,0.0,3.77,0,0,0,0,0,0,0,0,0,0,0,0,0
2026-09-17,2026-09-16,RNG,Technology,73.54,1858.41,6141.04,0.81,1.53,3.86,-2.24,0.03,5.6,0,0,0,0,0,0,0,0,0,0,0,0,0
2026-09-17,2026-09-16,RNST,Financial,40.53,644.1,3704.63,1.62,-1.05,-0.49,-0.56,0.0,0.25,0,0,0,0,0,0,0,0,0,0,0,0,0
2026-09-17,2026-09-16,RNW,Utilities,6.85,2231.86,2496.16,0.6,0.29,0.0,0.29,-0.29,0.0,0,0,0,0,0,0,0,0,0,0,0,0,0
2026-09-17,2026-09-16,ROAD,Industrials,95.07,874.4,5395.75,0.67,0.03,-1.41,1.46,1.4,-3.16,0,0,0,0,0,0,0,0,0,0,0,0,0
2026-09-17,2026-09-16,ROIV,Healthcare,39.57,6827.75,28582.32,0.91,0.18,-0.5,0.68,0.71,-5.36,0,0,0,0,0,0,0,0,0,0,0,0,0
2026-09-17,2026-09-16,ROK,Industrials,414.92,829.38,46076.32,0.82,-0.5,-1.03,0.53,-0.49,-2.62,0,0,0,0,0,0,0,0,0,0,0,0,0
2026-09-17,2026-09-16,ROKU,Communication Services,155.12,3747.95,23036.66,0.58,-0.96,-0.98,0.02,0.05,1.45,0,0,0,0,0,0,0,0,0,0,0,0,0
2026-09-17,2026-09-16,ROL,Consumer Cyclical,33.53,5274.44,16132.8,1.05,-0.71,-0.71,0.0,0.36,-2.92,0,0,0,0,0,0,0,0,0,0,0,0,0
2026-09-17,2026-09-16,ROP,Technology,375.82,909.16,37168.93,0.81,-2.11,-0.55,-1.57,-0.48,-3.72,0,0,0,0,0,0,0,0,0,0,0,0,0
2026-09-17,2026-09-16,ROST,Consumer Cyclical,224.8,2677.96,71813.06,0.78,-0.65,-0.82,0.17,-0.4,-0.21,0,0,0,0,0,0,0,0,0,0,0,0,0
2026-09-17,2026-09-16,RPC,Financial,7.91,533.89,872.0,1.0,0.0,-0.25,0.25,0.0,-2.59,0,0,0,0,0,0,0,0,0,0,0,0,0
2026-09-17,2026-09-16,RPD,Technology,12.46,2451.58,839.81,0.77,0.0,1.51,-1.48,-0.88,17.99,0,0,0,0,0,0,0,0,0,0,1,0,1
2026-09-17,2026-09-16,RPM,Basic Materials,99.78,1173.71,12730.34,0.64,-0.82,-1.4,0.6,-0.48,0.07,0,0,0,0,0,0,0,0,0,0,0,0,0
2026-09-17,2026-09-16,RPRX,Healthcare,58.47,3120.66,33623.25,0.69,0.0,-0.9,0.91,0.0,-3.5,0,0,0,0,0,0,0,0,0,0,0,0,0
2026-09-17,2026-09-16,RRC,Energy,38.85,2891.55,9078.45,1.15,-7.28,-6.02,-1.34,0.0,-6.92,0,0,0,1,0,0,0,0,0,0,0,0,1
2026-09-17,2026-09-16,RRR,Consumer Cyclical,53.28,767.96,5595.26,1.22,-0.98,-1.15,0.17,0.13,-3.16,0,0,0,0,0,0,0,0,0,0,0,0,0
2026-09-17,2026-09-16,RRX,Industrials,149.2,1238.75,9935.51,1.08,-2.13,-3.69,1.61,1.25,-6.52,0,0,0,0,0,0,0,0,0,0,0,0,0
2026-09-17,2026-09-16,RSG,Industrials,219.8,1490.48,67305.61,1.17,-1.45,-1.22,-0.23,-0.2,-1.2,0,0,0,0,0,0,0,0,0,0,0,0,0
2026-09-17,2026-09-16,RSI,Consumer Cyclical,25.89,2837.68,6000.61,0.76,-0.69,-0.8,0.12,0.31,-3.11,0,0,0,0,0,0,0,0,0,0,0,0,0
2026-09-17,2026-09-16,RSKD,Technology,6.27,1369.15,827.87,0.72,1.13,-0.95,2.1,0.64,5.91,0,0,0,0,0,0,0,0,0,0,0,0,0
2026-09-17,2026-09-16,RTO,Industrials,21.9,1292.15,11014.17,0.86,-1.22,-0.82,-0.41,0.05,-3.86,0,0,0,0,0,0,0,0,0,0,0,0,0
2026-09-17,2026-09-16,RTX,Industrials,196.83,4683.33,265279.24,0.74,0.68,0.74,-0.06,0.08,-0.36,0,0,0,0,0,0,0,0,0,0,0,0,0
2026-09-17,2026-09-16,RUM,Communication Services,8.3,3970.38,4115.22,1.71,1.22,0.12,1.1,-0.48,10.37,0,0,0,0,0,0,0,0,0,0,0,0,0
2026-09-17,2026-09-16,RUN,Technology,8.27,9749.19,1991.8,0.9,-1.55,-3.27,1.79,0.12,-6.02,0,0,0,0,0,0,0,0,0,0,0,0,0
2026-09-17,2026-09-16,RUSHA,Consumer Cyclical,49.01,730.22,5832.69,0.86,-0.53,-0.83,0.3,0.0,-0.67,0,0,0,0,0,0,0,0,0,0,0,0,0
2026-09-17,2026-09-16,RVLV,Consumer Cyclical,20.61,858.96,1465.07,1.35,-0.48,-0.19,-0.29,1.65,5.75,0,0,0,0,0,0,0,0,0,0,0,0,0
2026-09-17,2026-09-16,RVMD,Healthcare,195.92,2208.11,41992.79,1.38,-4.36,-4.35,-0.01,0.07,-5.66,0,0,0,0,0,0,0,0,0,0,0,0,0
2026-09-17,2026-09-16,RVTY,Healthcare,145.73,1584.94,16261.49,2.15,3.95,3.44,0.49,-1.15,17.67,1,0,0,0,0,0,0,0,0,0,1,0,1
2026-09-17,2026-09-16,RWAY,Financial,6.57,582.88,275.35,0.33,-0.45,-0.45,0.0,-0.15,0.46,0,0,0,0,0,0,0,0,0,0,0,0,0
2026-09-17,2026-09-16,RXO,Industrials,19.08,1797.2,3146.79,0.84,-2.5,-0.93,-1.58,-1.05,-4.79,0,0,0,0,0,0,0,0,0,0,0,0,0
2026-09-17,2026-09-16,RXST,Healthcare,5.4,1088.29,224.6,0.74,-3.91,-2.88,-1.07,1.85,-14.69,0,0,0,0,0,0,0,0,0,0,0,0,0
2026-09-17,2026-09-16,RY,Financial,202.29,1442.21,280495.3,0.75,-0.95,-0.95,0.0,0.02,-2.19,0,0,0,0,0,0,0,0,0,0,0,0,0
2026-09-17,2026-09-16,RYAAY,Industrials,52.63,1386.53,27276.02,1.57,1.31,0.34,0.96,0.44,-2.99,0,0,0,0,0,0,0,0,0,0,0,0,0
2026-09-17,2026-09-16,RYAM,Basic Materials,8.26,947.18,558.74,0.68,0.12,-0.48,0.61,0.0,-2.71,0,0,0,0,0,0,0,0,0,0,0,0,0
2026-09-17,2026-09-16,RYAN,Financial,40.29,2043.79,10306.78,1.1,2.78,4.19,-1.35,-0.05,2.13,0,0,0,0,0,0,0,0,0,0,0,0,0
2026-09-17,2026-09-16,RYN,Real Estate,20.04,2948.94,5995.52,0.94,-1.86,-0.89,-0.98,0.25,-2.05,0,0,0,0,0,0,0,0,0,0,0,0,0
2026-09-17,2026-09-16,RYTM,Healthcare,98.01,730.75,6748.2,1.26,1.28,0.33,0.95,1.45,-3.02,0,0,0,0,0,0,0,0,0,0,0,0,0
2026-09-17,2026-09-16,S,Technology,23.17,7470.06,8064.3,1.12,-1.32,0.56,-1.87,0.01,19.19,0,0,0,0,0,0,0,0,0,0,1,0,1
2026-09-17,2026-09-16,SA,Basic Materials,29.24,668.65,3154.12,0.72,-0.2,-3.63,3.55,0.0,-9.53,0,0,0,0,0,0,1,0,0,0,0,0,1
2026-09-17,2026-09-16,SAIC,Technology,132.62,507.25,5556.46,0.71,-0.84,0.47,-1.3,-0.35,5.09,0,0,0,0,0,0,0,0,0,0,0,0,0
2026-09-17,2026-09-16,SAIL,Technology,20.36,4145.44,11623.76,0.9,1.9,3.51,-1.55,0.25,15.81,0,0,0,0,0,0,0,0,0,0,1,0,1
2026-09-17,2026-09-16,SAN,Financial,14.4,12512.79,216116.63,0.5,-1.71,-1.17,-0.55,0.07,-1.91,0,0,0,0,0,0,0,0,0,0,0,0,0
2026-09-17,2026-09-16,SANM,Technology,195.75,993.48,10491.68,0.45,2.16,0.47,1.69,1.95,-5.04,0,0,0,0,0,0,0,0,0,0,0,0,0
2026-09-17,2026-09-16,SAP,Technology,213.2,2753.73,246075.44,0.48,-1.15,0.03,-1.18,-0.09,1.94,0,0,0,0,0,0,0,0,0,0,0,0,0
2026-09-17,2026-09-16,SARO,Industrials,23.13,3544.86,7654.17,0.96,-0.6,-1.87,1.29,0.0,-4.5,0,0,0,0,0,0,0,0,0,0,0,0,0
2026-09-17,2026-09-16,SB,Industrials,8.75,1024.84,891.05,1.79,1.63,1.74,-0.12,0.23,4.67,0,0,0,0,0,0,0,0,0,0,0,0,0
2026-09-17,2026-09-16,SBAC,Real Estate,180.02,992.89,19097.99,0.87,-1.7,-1.5,-0.2,0.28,-3.6,0,0,0,0,0,0,0,0,0,0,0,0,0
2026-09-17,2026-09-16,SBCF,Financial,33.82,1011.66,3274.54,1.09,-1.37,-1.05,-0.32,0.0,-0.12,0,0,0,0,0,0,0,0,0,0,0,0,0
2026-09-17,2026-09-16,SBET,Financial,7.98,9457.62,1733.44,0.74,-4.2,-4.55,0.36,0.38,-6.56,0,0,0,0,0,0,0,0,0,0,0,0,0
2026-09-17,2026-09-16,SBGI,Communication Services,14.03,519.21,1014.62,0.89,-0.57,-0.78,0.21,0.0,3.54,0,0,0,0,0,0,0,0,0,0,0,0,0
2026-09-17,2026-09-16,SBH,Consumer Cyclical,16.01,1391.54,1498.89,1.03,2.17,0.63,1.53,0.0,-0.19,0,0,0,0,0,0,0,0,0,0,0,0,0
2026-09-17,2026-09-16,SBLK,Industrials,30.87,1444.02,3456.99,1.64,-1.09,0.36,-1.44,0.23,-0.93,0,0,0,0,0,0,0,0,0,0,0,0,0
2026-09-17,2026-09-16,SBRA,Real Estate,20.09,2911.39,5132.25,0.85,-0.89,-0.74,-0.15,-0.05,-3.37,0,0,0,0,0,0,0,0,0,0,0,0,0
2026-09-17,2026-09-16,SBS,Utilities,5.28,8207.01,18516.06,0.93,0.76,1.73,-0.95,0.0,1.93,0,0,0,0,0,0,0,0,0,0,0,0,0
2026-09-17,2026-09-16,SBSW,Basic Materials,11.6,5297.54,8208.62,1.11,-2.03,-3.41,1.44,-0.69,-11.59,0,0,0,0,0,0,0,0,0,0,0,0,0
2026-09-17,2026-09-16,SBUX,Consumer Cyclical,97.34,6914.16,110967.59,1.35,0.79,-0.05,0.83,-0.05,-2.7,0,0,0,0,0,0,0,0,0,0,0,0,0
2026-09-17,2026-09-16,SCCO,Basic Materials,189.88,1214.34,160323.98,0.78,0.26,-1.26,1.54,-0.2,-9.26,0,0,0,0,0,0,0,0,0,0,0,0,0
2026-09-17,2026-09-16,SCHW,Financial,105.16,8754.01,181856.95,1.1,-2.44,-2.18,-0.27,-0.25,-1.3,0,0,0,0,0,0,0,0,0,0,0,0,0
2026-09-17,2026-09-16,SCI,Consumer Cyclical,80.69,1108.29,10997.37,0.82,-0.63,-0.47,-0.16,0.0,1.25,0,0,0,0,0,0,0,0,0,0,0,0,0
2026-09-17,2026-09-16,SDGR,Healthcare,23.93,1210.99,1790.1,2.32,2.92,2.75,0.17,-0.21,24.64,1,0,0,0,0,0,0,0,0,0,1,0,1
2026-09-17,2026-09-16,SDRL,Energy,47.84,789.09,2980.58,0.84,-3.86,-4.72,0.9,0.69,-0.37,0,0,0,0,0,0,0,0,0,0,0,0,0
2026-09-17,2026-09-16,SE,Consumer Cyclical,103.5,4394.45,58680.36,1.1,0.83,-0.43,1.27,0.14,-4.79,0,0,0,0,0,0,0,0,0,0,0,0,0
2026-09-17,2026-09-16,SECZ,Technology,7.77,1630.32,1268.58,1.59,-2.51,-2.88,0.38,-0.51,-7.83,0,0,0,0,0,0,0,0,0,0,0,0,0
2026-09-17,2026-09-16,SEDG,Technology,34.68,3124.55,2133.72,0.99,-1.64,-3.48,1.9,0.32,-1.51,0,0,0,0,0,0,0,0,0,0,0,0,0
2026-09-17,2026-09-16,SEI,Energy,64.6,3013.65,4946.2,0.87,4.84,2.18,2.6,0.87,-4.54,0,0,0,0,0,0,0,0,0,0,0,0,0
2026-09-17,2026-09-16,SEIC,Financial,104.57,712.21,12550.41,1.01,-1.18,-1.09,-0.09,0.04,-2.43,0,0,0,0,0,0,0,0,0,0,0,0,0
2026-09-17,2026-09-16,SENS,Healthcare,9.06,732.26,479.04,1.01,2.03,1.91,0.11,0.04,3.9,0,0,0,0,0,0,0,0,0,0,0,0,0
2026-09-17,2026-09-16,SEZL,Financial,117.32,660.06,3950.75,0.46,-1.47,-1.44,-0.03,1.17,0.15,0,0,0,0,0,0,0,0,0,0,0,0,0
2026-09-17,2026-09-16,SF,Financial,75.58,1195.55,11412.71,1.28,-1.61,-1.46,-0.16,-0.46,-6.29,0,0,0,0,0,0,0,0,0,0,0,0,0
2026-09-17,2026-09-16,SFBS,Financial,41.28,608.97,4511.9,1.31,-2.48,-2.66,0.19,0.0,-1.83,0,0,0,0,0,0,0,0,0,0,0,0,0
2026-09-17,2026-09-16,SFD,Consumer Defensive,19.95,1501.63,7855.66,1.11,-0.65,-0.65,0.0,-0.2,-2.78,0,0,0,0,0,0,0,0,0,0,0,0,0
2026-09-17,2026-09-16,SFL,Industrials,13.51,1465.87,2032.38,1.46,1.81,1.66,0.15,0.67,7.82,0,0,0,0,0,0,0,0,0,0,0,0,0
2026-09-17,2026-09-16,SFM,Consumer Defensive,71.06,2016.11,6626.18,0.96,-3.27,-2.16,-1.13,0.66,-2.8,0,0,0,0,0,0,0,0,0,0,0,0,0
2026-09-17,2026-09-16,SFNC,Financial,22.81,1403.31,3296.36,1.46,-1.68,-1.68,0.0,0.0,-0.48,0,0,0,0,0,0,0,0,0,0,0,0,0
2026-09-17,2026-09-16,SG,Consumer Cyclical,6.62,5617.44,788.05,0.77,-3.07,-3.36,0.29,0.44,-1.49,0,0,0,0,0,0,0,0,0,0,0,0,0
2026-09-17,2026-09-16,SGHC,Consumer Cyclical,13.31,2598.06,6762.77,1.24,-0.97,-0.89,-0.07,,-4.59,0,0,0,0,0,0,0,0,0,0,0,0,0
2026-09-17,2026-09-16,SGI,Consumer Cyclical,64.21,3098.39,14783.66,1.09,-1.77,-2.3,0.54,0.06,-5.89,0,0,0,0,0,0,0,0,0,0,0,0,0
2026-09-17,2026-09-16,SGML,Basic Materials,9.0,1795.03,1013.13,2.17,-0.99,-1.75,0.77,0.56,-14.85,1,0,0,0,0,0,0,0,0,0,0,0,1
2026-09-17,2026-09-16,SGMT,Healthcare,10.46,1267.22,644.24,0.49,0.0,-0.48,0.48,-0.48,-3.68,0,0,0,0,0,0,0,0,0,0,0,0,0
2026-09-17,2026-09-16,SGRY,Healthcare,13.93,1919.93,1823.69,0.77,2.05,1.6,0.44,0.14,-1.35,0,0,0,0,0,0,0,0,0,0,0,0,0
2026-09-17,2026-09-16,SHAK,Consumer Cyclical,56.65,1673.95,2424.56,0.95,-2.78,-3.16,0.39,0.6,-10.09,0,0,0,0,0,0,0,0,0,0,0,0,0
2026-09-17,2026-09-16,SHAZ,Technology,52.21,1967.17,1869.3,0.61,4.44,3.08,1.32,1.7,-8.0,0,0,0,0,0,0,0,0,0,0,0,0,0
2026-09-17,2026-09-16,SHC,Healthcare,19.33,2682.67,5516.29,1.06,1.84,1.05,0.79,0.05,5.46,0,0,0,0,0,0,0,0,0,0,0,0,0
2026-09-17,2026-09-16,SHEL,Energy,95.7,6417.68,274055.12,0.9,-3.28,-2.21,-1.1,0.29,0.1,0,0,0,0,0,0,0,0,0,0,0,0,0
2026-09-17,2026-09-16,SHEN,Communication Services,11.59,506.54,641.68,1.97,-0.34,-0.52,0.17,0.0,-2.77,0,0,0,0,0,0,0,0,0,0,0,0,0
2026-09-17,2026-09-16,SHLS,Technology,6.82,5443.39,1147.81,0.69,-3.4,-4.88,1.56,1.17,-3.4,0,0,0,0,0,0,0,0,0,0,0,0,0
2026-09-17,2026-09-16,SHO,Real Estate,11.0,2681.46,2045.38,0.88,-0.09,0.0,-0.09,-0.09,0.09,0,0,0,0,0,0,0,0,0,0,0,0,0
2026-09-17,2026-09-16,SHOE,Consumer Cyclical,12.93,832.55,351.49,1.83,-2.56,-2.05,-0.53,0.0,0.0,0,0,0,0,0,0,0,0,0,0,0,0,0
2026-09-17,2026-09-16,SHOO,Consumer Cyclical,41.51,1086.64,3037.59,1.03,2.6,1.27,1.31,0.46,-4.49,0,0,0,0,0,0,0,0,0,0,0,0,0
2026-09-17,2026-09-16,SHOP,Technology,129.96,9179.91,167211.74,0.7,0.08,0.24,-0.16,0.09,2.5,0,0,0,0,0,0,0,0,0,0,0,0,0
2026-09-17,2026-09-16,SHW,Basic Materials,321.46,2096.1,78037.03,0.78,-0.54,-1.02,0.48,-0.06,0.26,0,0,0,0,0,0,0,0,0,0,0,0,0
2026-09-17,2026-09-16,SIBN,Healthcare,18.54,570.32,830.93,0.72,-0.05,0.22,-0.27,-1.4,0.71,0,0,0,0,0,0,0,0,0,0,0,0,0
2026-09-17,2026-09-16,SIG,Consumer Cyclical,102.94,853.27,3944.37,1.32,3.07,1.06,1.99,-0.13,0.45,0,0,0,0,0,0,0,0,0,0,0,0,0
2026-09-17,2026-09-16,SIGI,Financial,88.53,510.96,5273.65,1.17,-0.91,-0.34,-0.57,0.0,-1.76,0,0,0,0,0,0,0,0,0,0,0,0,0
2026-09-17,2026-09-16,SIMO,Technology,241.14,1001.05,8177.06,0.62,0.81,-1.37,2.22,0.98,-13.17,0,0,0,0,0,0,0,0,0,0,0,0,0
2026-09-17,2026-09-16,SION,Healthcare,7.04,1966.22,318.29,1.0,2.33,1.29,1.02,0.12,-5.88,0,0,0,0,0,0,0,0,0,0,0,0,0
2026-09-17,2026-09-16,SIRI,Communication Services,28.56,4044.31,9626.63,1.2,-3.25,-3.19,-0.07,-0.18,0.07,0,0,0,0,0,0,0,0,0,0,0,0,0
2026-09-17,2026-09-16,SITE,Industrials,88.42,872.64,3860.01,1.77,0.94,0.41,0.53,0.09,-9.6,0,0,0,0,0,0,0,0,0,0,0,0,0
2026-09-17,2026-09-16,SITM,Technology,548.9,505.22,16505.99,1.0,-0.27,-2.04,1.8,2.46,-6.95,0,0,0,0,0,0,0,0,1,0,0,0,1
2026-09-17,2026-09-16,SJM,Consumer Defensive,123.56,1412.49,13199.07,0.91,1.53,1.5,0.02,0.2,0.2,0,0,0,0,0,0,0,0,0,0,0,0,0
2026-09-17,2026-09-16,SKE,Basic Materials,29.83,738.25,3742.47,0.66,-2.58,-5.03,2.58,-0.21,-9.47,0,0,0,0,0,0,0,0,0,0,0,0,0
2026-09-17,2026-09-16,SKHY,Technology,174.87,32113.38,1274566.19,0.49,0.02,-3.03,3.15,1.82,-11.96,0,0,0,0,0,0,1,0,0,0,0,0,1
2026-09-17,2026-09-16,SKM,Communication Services,35.35,2234.79,13441.84,0.45,-0.67,-1.81,1.15,0.22,-5.28,0,0,0,0,0,0,0,0,0,0,0,0,0
2026-09-17,2026-09-16,SKT,Real Estate,35.77,959.46,4109.22,1.29,-1.22,-1.3,0.08,0.0,-2.61,0,0,0,0,0,0,0,0,0,0,0,0,0
2026-09-17,2026-09-16,SKWD,Financial,57.28,547.92,2543.03,0.64,-0.94,-0.05,-0.89,0.0,1.65,0,0,0,0,0,0,0,0,0,0,0,0,0
2026-09-17,2026-09-16,SKY,Consumer Cyclical,84.89,685.35,4607.84,1.07,0.3,0.32,-0.02,-0.02,1.91,0,0,0,0,0,0,0,0,0,0,0,0,0
2026-09-17,2026-09-16,SLB,Energy,52.3,13739.72,77620.7,1.55,-3.51,-3.67,0.17,0.54,-8.33,0,0,0,0,0,0,0,0,0,0,0,0,0
2026-09-17,2026-09-16,SLDB,Healthcare,8.72,1525.39,935.01,1.48,4.18,1.16,2.99,0.46,-8.6,0,0,0,0,0,0,0,0,0,0,0,0,0
2026-09-17,2026-09-16,SLDE,Financial,25.67,1224.88,2998.55,1.31,-3.06,-4.04,1.02,0.51,3.89,0,0,0,0,0,0,0,0,0,0,0,0,0
2026-09-17,2026-09-16,SLF,Financial,80.27,778.59,44699.95,0.51,-0.32,-0.36,0.04,-0.17,2.28,0,0,0,0,0,0,0,0,0,0,0,0,0
2026-09-17,2026-09-16,SLG,Real Estate,51.75,971.69,3953.54,0.99,-0.12,-0.37,0.25,-0.27,-1.3,0,0,0,0,0,0,0,0,0,0,0,0,0
2026-09-17,2026-09-16,SLGN,Consumer Cyclical,38.56,1185.16,4075.1,0.75,0.42,-0.23,0.65,0.0,0.55,0,0,0,0,0,0,0,0,0,0,0,0,0
2026-09-17,2026-09-16,SLM,Financial,25.28,2505.14,4751.3,0.97,-3.33,-3.07,-0.27,0.0,-3.1,0,0,0,0,0,0,0,0,0,0,0,0,0
2026-09-17,2026-09-16,SLN,Healthcare,12.5,1063.41,776.88,0.93,0.32,-0.24,0.56,-0.4,-7.75,0,0,0,0,0,0,0,0,0,0,0,0,0
2026-09-17,2026-09-16,SLS,Healthcare,11.66,8423.33,2354.69,0.61,3.28,3.74,-0.44,-0.08,-16.42,0,0,0,0,0,0,0,0,0,0,0,0,0
2026-09-17,2026-09-16,SM,Energy,38.16,3798.19,9076.51,1.54,-7.58,-4.56,-3.16,-0.03,0.47,0,0,0,1,0,0,1,0,0,0,0,0,1
2026-09-17,2026-09-16,SMA,Real Estate,32.26,722.73,1914.39,1.64,0.53,0.66,-0.12,0.0,1.03,0,0,0,0,0,0,0,0,0,0,0,0,0
2026-09-17,2026-09-16,SMCI,Technology,36.85,49305.78,24209.18,0.64,3.4,2.5,0.87,0.37,-5.34,0,0,0,0,0,0,0,0,0,0,0,0,0
2026-09-17,2026-09-16,SMFG,Financial,26.29,1663.39,165269.46,0.73,-1.83,-1.68,-0.15,0.0,-0.08,0,0,0,0,0,0,0,0,0,0,0,0,0
2026-09-17,2026-09-16,SMG,Basic Materials,54.79,922.46,3189.89,0.78,-2.32,-2.51,0.2,0.4,-3.71,0,0,0,0,0,0,0,0,0,0,0,0,0
2026-09-17,2026-09-16,SMMT,Healthcare,17.3,5115.72,13801.07,1.19,-0.57,-1.14,0.57,0.93,-1.37,0,0,0,0,0,0,0,0,0,0,0,0,0
2026-09-17,2026-09-16,SMPL,Consumer Defensive,10.19,2365.03,901.42,0.88,3.66,3.66,0.0,0.2,-1.92,0,0,0,0,0,0,0,0,0,0,0,0,0
2026-09-17,2026-09-16,SMR,Industrials,8.3,32847.54,3566.71,1.29,-1.54,-3.09,1.6,0.24,-23.22,0,0,0,0,0,0,0,0,0,0,0,0,0
2026-09-17,2026-09-16,SMTC,Technology,167.55,3327.43,15636.71,1.51,11.03,8.93,1.92,0.87,2.2,0,0,0,1,1,1,0,0,0,0,0,0,1
2026-09-17,2026-09-16,SMWB,Technology,8.34,945.48,730.59,0.69,-1.53,-6.08,4.84,-0.12,3.73,0,0,0,0,0,0,1,0,0,0,0,0,1
2026-09-17,2026-09-16,SN,Consumer Cyclical,170.68,1679.81,24043.96,2.08,2.15,1.07,1.07,0.19,0.82,1,0,0,0,0,0,0,0,0,0,0,0,1
2026-09-17,2026-09-16,SNAP,Communication Services,5.72,40287.84,9673.65,0.87,-1.89,-2.22,0.34,0.7,7.72,0,0,0,0,0,0,0,0,0,0,0,0,0
2026-09-17,2026-09-16,SNDA,Healthcare,39.43,599.88,1894.53,0.55,-0.66,-1.2,0.55,0.0,-0.35,0,0,0,0,0,0,0,0,0,0,0,0,0
2026-09-17,2026-09-16,SNDK,Technology,1519.97,13799.44,222552.5,0.53,-0.71,-1.92,1.23,1.04,-13.84,0,0,0,0,0,0,0,0,0,0,0,0,0
2026-09-17,2026-09-16,SNDR,Industrials,32.75,815.07,5741.1,0.89,-4.52,-2.53,-2.04,0.0,-2.96,0,0,0,0,0,0,0,0,0,0,0,0,0
2026-09-17,2026-09-16,SNDX,Healthcare,17.28,1657.65,1543.05,1.41,-4.48,-4.42,-0.06,0.0,-12.9,0,0,0,0,0,0,0,0,0,0,0,0,0
2026-09-17,2026-09-16,SNEX,Financial,67.61,1171.43,8154.9,0.58,1.12,1.21,-0.09,0.0,-2.49,0,0,0,0,0,0,0,0,0,0,0,0,0
2026-09-17,2026-09-16,SNN,Healthcare,27.8,1715.3,11634.58,0.51,-0.75,-0.36,-0.39,0.0,0.0,0,0,0,0,0,0,0,0,0,0,0,0,0
2026-09-17,2026-09-16,SNOW,Technology,331.02,5503.78,116783.84,0.68,2.49,4.05,-1.5,0.42,-0.14,0,0,0,0,0,0,0,0,0,0,0,0,0
2026-09-17,2026-09-16,SNPS,Technology,378.47,1920.0,72528.72,0.9,2.93,2.99,-0.05,0.09,-3.75,0,0,0,0,0,0,0,0,0,0,0,0,0
2026-09-17,2026-09-16,SNX,Technology,260.5,759.61,20829.25,0.87,-0.75,-1.75,1.02,-0.19,0.88,0,0,0,0,0,0,0,0,0,0,0,0,0
2026-09-17,2026-09-16,SNY,Healthcare,42.59,3269.89,101512.41,0.74,0.45,-0.3,0.75,0.12,-0.61,0,0,0,0,0,0,0,0,0,0,0,0,0
2026-09-17,2026-09-16,SO,Utilities,86.23,5758.22,99195.81,1.03,0.33,-0.21,0.54,0.0,-2.39,0,0,0,0,0,0,0,0,0,0,0,0,0
2026-09-17,2026-09-16,SOBO,Energy,35.55,709.45,7415.37,0.66,-0.17,0.31,-0.48,0.05,-4.56,0,0,0,0,0,0,0,0,0,0,0,0,0
2026-09-17,2026-09-16,SOFI,Financial,16.84,66430.92,21750.05,0.74,-1.35,-1.58,0.23,0.35,-2.83,0,0,0,0,0,0,0,0,0,0,0,0,0
2026-09-17,2026-09-16,SOLS,Basic Materials,58.48,3397.1,9291.85,0.56,2.31,0.84,1.45,0.5,-7.56,0,0,0,0,0,0,0,0,0,0,0,0,0
2026-09-17,2026-09-16,SOLV,Healthcare,88.83,1155.67,15120.98,0.85,-1.37,-1.34,-0.02,-0.06,-1.33,0,0,0,0,0,0,0,0,0,0,0,0,0
2026-09-17,2026-09-16,SON,Consumer Cyclical,48.41,1158.71,4786.53,1.27,0.27,-0.39,0.66,-0.77,0.04,0,0,0,0,0,0,0,0,0,0,0,0,0
2026-09-17,2026-09-16,SONO,Technology,15.6,1971.86,1845.38,0.94,-0.38,-0.19,-0.19,0.9,7.22,0,0,0,0,0,0,0,0,0,0,0,0,0
2026-09-17,2026-09-16,SONY,Technology,23.73,4877.89,139353.71,0.62,-0.79,-1.13,0.33,0.27,1.24,0,0,0,0,0,0,0,0,0,0,0,0,0
2026-09-17,2026-09-16,SOUN,Technology,5.93,29836.23,2667.78,0.99,-3.58,-3.5,-0.08,1.01,-8.49,0,0,0,0,0,0,0,0,0,0,0,0,0
2026-09-17,2026-09-16,SPCX,Industrials,150.88,101089.46,2047603.0,1.07,5.15,4.14,0.97,0.5,2.26,0,0,0,1,0,0,0,0,0,0,0,0,1
2026-09-17,2026-09-16,SPG,Real Estate,202.94,1717.63,65663.17,0.76,-0.57,-0.7,0.13,0.03,-0.78,0,0,0,0,0,0,0,0,0,0,0,0,0
2026-09-17,2026-09-16,SPGI,Financial,406.76,2182.77,119912.85,0.68,-1.4,-1.73,0.33,0.55,-2.77,0,0,0,0,0,0,0,0,0,0,0,0,0
2026-09-17,2026-09-16,SPHR,Communication Services,144.43,710.2,5187.0,0.57,0.22,-1.09,1.32,0.0,2.48,0,0,0,0,0,0,0,0,0,0,0,0,0
2026-09-17,2026-09-16,SPIR,Industrials,11.49,840.73,466.75,0.61,-0.95,-1.2,0.26,-0.09,0.0,0,0,0,0,0,0,0,0,0,0,0,0,0
2026-09-17,2026-09-16,SPNT,Financial,24.47,743.0,2842.56,1.52,-0.81,-0.57,-0.24,0.0,0.87,0,0,0,0,0,0,0,0,0,0,0,0,0
2026-09-17,2026-09-16,SPOT,Communication Services,547.43,1760.67,112706.17,0.88,-1.94,-2.23,0.29,0.06,4.67,0,0,0,0,0,0,0,0,0,0,0,0,0
2026-09-17,2026-09-16,SPSC,Technology,80.68,650.26,2904.49,0.57,-1.6,-0.38,-1.23,-1.11,3.09,0,0,0,0,0,0,0,0,0,0,0,0,0
2026-09-17,2026-09-16,SPT,Technology,11.27,1290.99,683.32,0.6,-0.09,1.53,-1.6,0.18,11.25,0,0,0,0,0,0,0,0,0,0,0,0,0
2026-09-17,2026-09-16,SPXC,Industrials,178.68,631.19,8949.34,0.72,0.21,-1.42,1.65,0.18,-7.29,0,0,0,0,0,0,0,0,0,0,0,0,0
2026-09-17,2026-09-16,SQM,Basic Materials,68.68,968.33,9808.88,0.92,-0.88,-1.84,0.98,-0.15,-8.98,0,0,0,0,0,0,0,0,0,0,0,0,0
2026-09-17,2026-09-16,SR,Utilities,79.9,547.53,4723.43,0.92,-0.4,-0.09,-0.31,0.0,-2.11,0,0,0,0,0,0,0,0,0,0,0,0,0
2026-09-17,2026-09-16,SRAD,Technology,13.23,2310.34,4124.55,0.81,-0.6,-0.53,-0.08,0.0,3.12,0,0,0,0,0,0,0,0,0,0,0,0,0
2026-09-17,2026-09-16,SRE,Utilities,81.7,3863.36,53423.66,1.07,0.62,-0.1,0.71,0.13,-3.89,0,0,0,0,0,0,0,0,0,0,0,0,0
2026-09-17,2026-09-16,SRPT,Healthcare,19.76,3412.54,2087.19,0.74,-4.63,-4.45,-0.19,0.61,-10.26,0,0,0,0,0,0,0,0,0,0,0,0,0
2026-09-17,2026-09-16,SRRK,Healthcare,49.37,1439.7,6012.54,2.54,-1.26,-1.28,0.02,0.51,-9.61,1,0,0,0,0,0,0,0,0,0,0,0,1
2026-09-17,2026-09-16,SRTA,Healthcare,5.22,1092.78,461.8,0.48,-1.32,-1.51,0.19,0.0,0.0,0,0,0,0,0,0,0,0,0,0,0,0,0
2026-09-17,2026-09-16,SSB,Financial,103.86,812.93,10071.78,1.05,-1.78,-1.81,0.03,0.59,-1.41,0,0,0,0,0,0,0,0,0,0,0,0,0
2026-09-17,2026-09-16,SSL,Basic Materials,14.29,1480.73,9056.29,1.55,-5.43,-2.26,-3.24,-0.63,-1.99,0,0,0,1,0,0,1,0,0,0,0,0,1
2026-09-17,2026-09-16,SSNC,Technology,80.55,1781.7,18901.47,0.78,-0.91,-0.13,-0.78,-0.5,1.53,0,0,0,0,0,0,0,0,0,0,0,0,0
2026-09-17,2026-09-16,SSRM,Basic Materials,35.22,3105.88,7181.68,1.01,-0.06,-1.7,1.67,0.51,-6.33,0,0,0,0,0,0,0,0,0,0,0,0,0
2026-09-17,2026-09-16,SSYS,Technology,7.57,728.6,663.03,0.84,0.66,-0.66,1.33,0.4,-1.3,0,0,0,0,0,0,0,0,0,0,0,0,0
2026-09-17,2026-09-16,ST,Technology,41.91,1595.76,6099.4,0.71,0.65,-0.52,1.18,0.07,-0.29,0,0,0,0,0,0,0,0,0,0,0,0,0
2026-09-17,2026-09-16,STAA,Healthcare,22.41,900.7,1123.72,0.79,-0.16,-0.93,0.78,0.0,-5.12,0,0,0,0,0,0,0,0,0,0,0,0,0
2026-09-17,2026-09-16,STAG,Real Estate,37.08,1616.96,7149.33,0.9,-0.19,-0.3,0.11,-0.22,-0.27,0,0,0,0,0,0,0,0,0,0,0,0,0
2026-09-17,2026-09-16,STDN,Basic Materials,11.91,1077.87,1864.51,0.77,-3.56,-2.38,-1.21,1.6,-8.67,0,0,0,0,0,0,0,0,0,0,0,0,0
2026-09-17,2026-09-16,STE,Healthcare,209.9,739.54,20465.27,0.86,-0.18,0.27,-0.45,0.0,-2.41,0,0,0,0,0,0,0,0,0,0,0,0,0
2026-09-17,2026-09-16,STEP,Financial,48.29,1377.1,5827.47,0.87,-2.27,-2.95,0.71,0.0,-3.3,0,0,0,0,0,0,0,0,0,0,0,0,0
2026-09-17,2026-09-16,STGW,Communication Services,8.33,1383.47,2036.48,1.4,-4.14,-5.23,1.15,0.0,-2.23,0,0,0,0,0,0,0,0,0,0,0,0,0
2026-09-17,2026-09-16,STLD,Basic Materials,238.23,1234.91,34145.05,0.74,-0.41,-1.19,0.78,-0.1,-1.02,0,0,0,0,0,0,0,0,0,0,0,0,0
2026-09-17,2026-09-16,STLN,Healthcare,6.53,1666.4,652.89,0.83,2.51,1.71,0.78,0.15,3.82,0,0,0,0,0,0,0,0,0,0,0,0,0
2026-09-17,2026-09-16,STM,Technology,48.06,10106.91,42895.47,0.89,0.29,-2.65,3.03,1.23,-6.77,0,0,0,0,0,0,1,0,0,0,0,0,1
2026-09-17,2026-09-16,STNE,Technology,9.72,4822.51,2364.18,0.88,0.52,1.14,-0.62,0.21,-1.02,0,0,0,0,0,0,0,0,0,0,0,0,0
2026-09-17,2026-09-16,STNG,Energy,85.64,816.6,4288.96,2.18,-0.1,-0.23,0.13,0.41,3.11,1,0,0,0,0,0,0,0,0,0,0,0,1
2026-09-17,2026-09-16,STOK,Healthcare,27.91,888.51,1800.92,0.66,-0.85,-1.2,0.36,-0.54,-6.72,0,0,0,0,0,0,0,0,0,0,0,0,0
2026-09-17,2026-09-16,STRC,Technology,97.07,2168.89,49759.75,0.55,-0.07,-0.21,0.13,0.19,-0.8,0,0,0,0,0,0,0,0,0,0,0,0,0
2026-09-17,2026-09-16,STRL,Industrials,482.67,762.83,14764.16,1.21,5.15,2.24,2.85,0.88,-2.52,0,0,0,1,0,0,0,0,0,0,0,0,1
2026-09-17,2026-09-16,STT,Financial,182.9,2031.48,50242.95,0.92,-1.2,-1.56,0.36,-0.11,-4.68,0,0,0,0,0,0,0,0,0,0,0,0,0
2026-09-17,2026-09-16,STTK,Healthcare,5.88,1239.68,590.14,0.6,-1.51,-2.0,0.5,-1.87,-7.11,0,0,0,0,0,0,0,0,0,0,0,0,0
2026-09-17,2026-09-16,STUB,Communication Services,5.89,7060.55,2250.51,0.85,0.17,-0.17,0.34,1.03,-2.0,0,0,0,0,0,0,0,0,0,0,0,0,0
2026-09-17,2026-09-16,STX,Technology,783.18,4785.17,178089.67,0.71,1.47,-0.21,1.68,0.68,-11.6,0,0,0,0,0,0,0,0,0,0,0,0,0
2026-09-17,2026-09-16,STZ,Consumer Defensive,123.03,2176.85,15937.7,0.65,-0.48,-0.56,0.08,0.38,1.22,0,0,0,0,0,0,0,0,0,0,0,0,0
2026-09-17,2026-09-16,SU,Energy,68.95,4640.51,80645.98,0.96,-4.06,-2.93,-1.17,0.41,-0.1,0,0,0,0,0,0,0,0,0,0,0,0,0
2026-09-17,2026-09-16,SUI,Real Estate,114.89,1686.47,13993.72,0.72,-1.91,-1.39,-0.53,0.02,-0.99,0,0,0,0,0,0,0,0,0,0,0,0,0
2026-09-17,2026-09-16,SUJA,Consumer Defensive,9.1,584.62,351.49,0.49,-0.22,0.0,-0.22,-1.98,-1.73,0,0,0,0,0,0,0,0,0,0,0,0,0
2026-09-17,2026-09-16,SUNB,Industrials,72.35,5031.59,29646.49,0.89,0.64,0.39,0.25,1.56,-1.46,0,0,0,0,0,0,0,0,0,0,0,0,0
2026-09-17,2026-09-16,SUPN,Healthcare,41.38,845.8,2409.31,0.93,0.24,0.17,0.07,0.0,-1.64,0,0,0,0,0,0,0,0,0,0,0,0,0
2026-09-17,2026-09-16,SUPV,Financial,8.37,586.91,637.71,0.54,0.36,0.24,0.12,0.0,-4.56,0,0,0,0,0,0,0,0,0,0,0,0,0
2026-09-17,2026-09-16,SUZ,Basic Materials,9.1,3164.71,11221.57,0.65,-1.41,-1.41,0.0,0.0,-1.83,0,0,0,0,0,0,0,0,0,0,0,0,0
2026-09-17,2026-09-16,SVM,Basic Materials,11.18,2885.27,2473.13,0.66,-1.93,-4.28,2.46,-0.1,-10.92,0,0,0,0,0,0,0,0,0,0,0,0,0
2026-09-17,2026-09-16,SVRA,Healthcare,5.13,1742.76,1054.01,0.65,-2.47,-3.02,0.57,-0.04,-5.26,0,0,0,0,0,0,0,0,0,0,0,0,0
2026-09-17,2026-09-16,SVV,Consumer Cyclical,9.12,1299.52,1406.82,0.94,-1.72,-1.41,-0.32,0.11,-7.32,0,0,0,0,0,0,0,0,0,0,0,0,0
2026-09-17,2026-09-16,SW,Consumer Cyclical,44.58,5134.09,23310.39,1.07,1.99,0.47,1.51,-0.38,5.64,0,0,0,0,0,0,0,0,0,0,0,0,0
2026-09-17,2026-09-16,SWBI,Industrials,13.06,712.35,585.61,0.57,-0.31,-0.31,0.0,1.45,-2.54,0,0,0,0,0,0,0,0,0,0,0,0,0
2026-09-17,2026-09-16,SWIM,Industrials,6.29,862.29,739.99,0.75,0.32,-2.18,2.55,0.0,-3.82,0,0,0,0,0,0,0,0,0,0,0,0,0
2026-09-17,2026-09-16,SWK,Industrials,89.05,1795.08,13448.03,0.97,0.53,-0.11,0.64,0.0,-2.87,0,0,0,0,0,0,0,0,0,0,0,0,0
2026-09-17,2026-09-16,SWKS,Technology,85.59,6142.96,12878.96,1.33,-4.9,-4.23,-0.69,0.44,11.82,0,0,0,0,0,0,0,0,0,0,0,0,0
2026-09-17,2026-09-16,SWX,Utilities,86.74,534.52,6283.95,1.39,-0.09,-0.57,0.48,0.0,-1.27,0,0,0,0,0,0,0,0,0,0,0,0,0
2026-09-17,2026-09-16,SXC,Basic Materials,9.61,1421.78,815.65,0.55,1.59,0.73,0.85,0.42,-5.69,0,0,0,0,0,0,0,0,0,0,0,0,0
2026-09-17,2026-09-16,SYF,Financial,74.88,3527.77,24363.77,0.77,-1.55,-1.29,-0.26,1.91,-3.19,0,0,0,0,0,0,0,0,0,0,0,0,0
2026-09-17,2026-09-16,SYK,Healthcare,284.76,2634.52,109226.26,1.29,1.16,1.58,-0.41,0.13,3.4,0,0,0,0,0,0,0,0,0,0,0,0,0
2026-09-17,2026-09-16,SYM,Industrials,43.11,1745.17,26073.0,1.22,0.79,-0.23,1.03,0.16,1.15,0,0,0,0,0,0,0,0,0,0,0,0,0
2026-09-17,2026-09-16,SYNA,Technology,89.24,928.75,3489.91,0.91,-8.3,-9.72,1.57,0.58,-4.99,0,0,0,1,1,0,0,0,0,0,0,0,1
2026-09-17,2026-09-16,SYRE,Healthcare,91.17,1295.67,8038.8,0.97,0.24,-0.23,0.47,0.0,4.88,0,0,0,0,0,0,0,0,0,0,0,0,0
2026-09-17,2026-09-16,SYY,Consumer Defensive,78.71,3446.17,37709.64,1.83,-1.12,-1.27,0.16,0.64,-3.51,0,0,0,0,0,0,0,0,0,0,0,0,0
2026-09-17,2026-09-16,T,Communication Services,25.86,59603.67,177202.7,0.63,-3.22,-2.84,-0.39,0.15,2.82,0,0,0,0,0,0,0,0,0,0,0,0,0
2026-09-17,2026-09-16,TAC,Utilities,11.95,1760.97,3779.78,1.47,3.91,2.75,1.13,0.0,-3.24,0,0,0,0,0,0,0,0,0,0,0,0,0
2026-09-17,2026-09-16,TAK,Healthcare,18.64,3080.03,59317.51,0.96,-0.32,-0.59,0.27,0.0,2.36,0,0,0,0,0,0,0,0,0,0,0,0,0
2026-09-17,2026-09-16,TAL,Consumer Defensive,11.94,4848.57,3989.03,0.81,1.62,1.44,0.17,0.0,4.37,0,0,0,0,0,0,0,0,0,0,0,0,0
2026-09-17,2026-09-16,TALO,Energy,17.42,2032.61,2908.54,1.41,-4.96,-2.52,-2.51,0.06,-0.51,0,0,0,0,0,0,0,0,0,0,0,0,0
2026-09-17,2026-09-16,TAP,Consumer Defensive,39.11,3036.36,7332.14,1.1,-0.41,-0.36,-0.05,0.05,1.64,0,0,0,0,0,0,0,0,0,0,0,0,0
2026-09-17,2026-09-16,TARS,Healthcare,77.64,1008.04,3407.08,0.65,-0.75,-0.94,0.19,0.0,-6.2,0,0,0,0,0,0,0,0,0,0,0,0,0
2026-09-17,2026-09-16,TASK,Technology,8.16,710.48,748.62,0.41,-1.27,-1.27,0.0,0.18,7.86,0,0,0,0,0,0,0,0,0,0,0,0,0
2026-09-17,2026-09-16,TBBB,Consumer Defensive,50.41,647.5,5473.7,0.51,-0.75,-0.92,0.18,-1.94,-2.42,0,0,0,0,0,0,0,0,0,0,0,0,0
2026-09-17,2026-09-16,TBCVU,Financial,9.92,693.17,305.16,0.0,0.0,0.0,0.0,,-0.1,0,0,0,0,0,0,0,0,0,0,0,0,0
2026-09-17,2026-09-16,TBPH,Healthcare,17.03,643.72,884.18,0.72,-0.06,-0.06,0.0,0.0,-0.18,0,0,0,0,0,0,0,0,0,0,0,0,0
2026-09-17,2026-09-16,TCOM,Consumer Cyclical,40.43,3373.83,26262.52,2.41,3.01,-1.22,4.28,0.84,3.16,1,0,0,0,0,0,1,0,0,0,0,0,1
2026-09-17,2026-09-16,TD,Financial,120.6,2429.47,203753.7,0.82,-0.72,-0.6,-0.12,0.1,1.23,0,0,0,0,0,0,0,0,0,0,0,0,0
2026-09-17,2026-09-16,TDAY,Communication Services,6.48,2115.24,951.38,0.84,-1.52,-0.46,-1.06,0.0,3.02,0,0,0,0,0,0,0,0,0,0,0,0,0
2026-09-17,2026-09-16,TDC,Technology,29.17,3010.32,2712.81,0.49,-0.75,1.11,-1.84,-1.34,4.7,0,0,0,0,0,0,0,0,0,0,0,0,0
2026-09-17,2026-09-16,TDOC,Healthcare,6.43,4587.83,1168.23,0.6,-2.28,-1.83,-0.46,0.47,5.41,0,0,0,0,0,0,0,0,0,0,0,0,0
2026-09-17,2026-09-16,TDS,Communication Services,37.07,1192.03,3988.73,1.36,-2.01,-0.91,-1.11,0.0,-2.16,0,0,0,0,0,0,0,0,0,0,0,0,0
2026-09-17,2026-09-16,TDW,Energy,88.17,722.87,4387.0,0.73,-3.94,-2.67,-1.31,0.54,-5.26,0,0,0,0,0,0,0,0,0,0,0,0,0
2026-09-17,2026-09-16,TEAM,Technology,190.28,4454.59,48167.26,0.58,0.25,2.58,-2.27,0.13,7.06,0,0,0,0,0,0,0,0,0,0,0,0,0
2026-09-17,2026-09-16,TECH,Healthcare,72.33,4667.95,11342.66,0.78,-0.01,-0.03,0.01,-0.03,0.11,0,0,0,0,0,0,0,0,0,0,0,0,0
2026-09-17,2026-09-16,TECK,Basic Materials,64.25,3204.59,31521.05,0.63,-0.62,-1.58,0.97,0.0,-8.66,0,0,0,0,0,0,0,0,0,0,0,0,0
2026-09-17,2026-09-16,TEL,Technology,202.2,2338.84,58539.57,0.75,0.39,-0.78,1.17,0.74,-1.21,0,0,0,0,0,0,0,0,0,0,0,0,0
2026-09-17,2026-09-16,TEM,Healthcare,69.97,6295.69,12625.02,1.2,1.63,1.72,-0.09,0.11,14.18,0,0,0,0,0,0,0,0,0,0,0,0,0
2026-09-17,2026-09-16,TENB,Technology,36.37,4164.74,4005.79,1.58,-4.52,-1.33,-3.23,-0.05,8.02,0,0,0,0,0,0,1,0,0,0,0,0,1
2026-09-17,2026-09-16,TER,Technology,341.15,3798.4,53335.65,0.67,2.49,0.19,2.3,1.28,-11.09,0,0,0,0,0,0,0,0,0,0,0,0,0
2026-09-17,2026-09-16,TEVA,Healthcare,38.53,5191.02,44899.01,0.93,-1.83,-1.26,-0.59,0.57,4.56,0,0,0,0,0,0,0,0,0,0,0,0,0
2026-09-17,2026-09-16,TEX,Industrials,58.82,1299.55,6723.13,0.71,0.79,0.22,0.57,1.45,-4.98,0,0,0,0,0,0,0,0,0,0,0,0,0
2026-09-17,2026-09-16,TFC,Financial,48.44,7690.45,59175.57,1.52,-4.0,-3.98,-0.02,0.08,-3.41,0,0,0,0,0,0,0,0,0,0,0,0,0
2026-09-17,2026-09-16,TFPM,Basic Materials,31.95,614.06,6581.7,0.95,-1.9,-3.71,1.87,1.72,-5.75,0,0,0,0,0,0,0,0,0,0,0,0,0
2026-09-17,2026-09-16,TFSL,Financial,16.78,871.63,4705.83,0.84,-1.7,-1.7,0.0,0.0,-1.53,0,0,0,0,0,0,0,0,0,0,0,0,0
2026-09-17,2026-09-16,TFX,Healthcare,128.0,544.22,5423.67,1.52,-0.79,-0.88,0.09,0.02,-5.69,0,0,0,0,0,0,0,0,0,0,0,0,0
2026-09-17,2026-09-16,TGB,Basic Materials,7.95,5553.61,2909.86,1.03,-0.38,-0.87,0.5,1.89,-10.97,0,0,0,0,0,0,0,0,0,0,0,0,0
2026-09-17,2026-09-16,TGT,Consumer Defensive,154.68,4262.35,70270.62,0.64,0.18,0.1,0.08,0.19,-1.8,0,0,0,0,0,0,0,0,0,0,0,0,0
2026-09-17,2026-09-16,TGTX,Healthcare,55.85,2305.59,8548.9,1.02,5.3,5.14,0.15,-0.36,2.2,0,0,0,1,0,0,0,0,0,0,0,0,1
2026-09-17,2026-09-16,TH,Industrials,18.76,1462.98,1868.94,1.28,0.05,-0.21,0.27,2.4,-2.29,0,0,0,0,0,0,0,0,1,0,0,0,1
2026-09-17,2026-09-16,THC,Healthcare,265.78,1095.28,21400.34,0.57,1.89,1.83,0.06,-0.01,-1.23,0,0,0,0,0,0,0,0,0,0,0,0,0
2026-09-17,2026-09-16,THO,Consumer Cyclical,69.74,645.73,3630.48,1.69,-2.22,-1.79,-0.43,0.0,-3.04,0,0,0,0,0,0,0,0,0,0,0,0,0
2026-09-17,2026-09-16,TIC,Industrials,8.85,1941.09,1931.25,1.81,-7.91,-8.39,0.52,0.0,-4.43,0,0,0,1,0,0,0,0,0,0,0,0,1
2026-09-17,2026-09-16,TIGO,Communication Services,95.55,1337.63,16008.45,0.47,-0.28,-0.25,-0.03,-0.99,2.12,0,0,0,0,0,0,0,0,0,0,0,0,0
2026-09-17,2026-09-16,TILE,Consumer Cyclical,34.66,501.64,2003.36,0.6,0.84,0.29,0.55,0.0,0.43,0,0,0,0,0,0,0,0,0,0,0,0,0
2026-09-17,2026-09-16,TIMB,Communication Services,19.06,507.79,9105.72,0.44,0.16,0.58,-0.42,0.0,0.53,0,0,0,0,0,0,0,0,0,0,0,0,0
2026-09-17,2026-09-16,TJX,Consumer Cyclical,122.84,6463.93,135120.8,1.6,-1.41,-1.69,0.28,0.22,-2.6,0,0,0,0,0,0,0,0,0,0,0,0,0
2026-09-17,2026-09-16,TK,Energy,14.39,562.67,1261.88,1.6,1.41,0.91,0.49,3.85,4.05,0,0,0,0,0,0,0,0,1,0,0,0,1
2026-09-17,2026-09-16,TKO,Communication Services,192.43,1275.06,36421.17,0.54,1.21,0.05,1.16,1.75,0.71,0,0,0,0,0,0,0,0,0,0,0,0,0
2026-09-17,2026-09-16,TKR,Industrials,116.7,929.27,8086.94,1.04,0.14,-0.86,1.0,0.03,-1.97,0,0,0,0,0,0,0,0,0,0,0,0,0
2026-09-17,2026-09-16,TLK,Communication Services,14.66,785.48,14451.97,0.91,-2.46,-1.87,-0.6,0.0,-2.27,0,0,0,0,0,0,0,0,0,0,0,0,0
2026-09-17,2026-09-16,TLN,Utilities,287.6,854.61,13780.14,0.95,1.93,0.46,1.46,0.83,-10.03,0,0,0,0,0,0,0,0,0,0,0,0,0
2026-09-17,2026-09-16,TMDX,Healthcare,87.56,919.53,3036.15,0.51,-0.6,-0.69,0.09,0.05,1.34,0,0,0,0,0,0,0,0,0,0,0,0,0
2026-09-17,2026-09-16,TME,Communication Services,7.82,8676.71,4678.71,0.77,-0.89,-1.26,0.38,1.05,-0.89,0,0,0,0,0,0,0,0,0,0,0,0,0
2026-09-17,2026-09-16,TMO,Healthcare,648.43,2016.56,239755.23,1.43,1.1,1.0,0.1,-0.99,7.06,0,0,0,0,0,0,0,0,0,0,0,0,0
2026-09-17,2026-09-16,TMUS,Communication Services,176.26,4937.3,189069.1,1.07,-2.33,-2.45,0.12,-0.1,-0.61,0,0,0,0,0,0,0,0,0,0,0,0,0
2026-09-17,2026-09-16,TNDM,Healthcare,17.53,1889.21,1219.71,2.05,7.68,7.51,0.15,0.0,-8.27,1,0,0,1,0,0,0,0,0,0,0,0,1
2026-09-17,2026-09-16,TNGX,Healthcare,23.35,3017.11,3937.05,0.94,-2.26,-3.39,1.17,0.0,-2.71,0,0,0,0,0,0,0,0,0,0,0,0,0
2026-09-17,2026-09-16,TNL,Consumer Cyclical,64.42,721.04,3942.78,1.1,-1.5,-1.21,-0.29,0.0,-0.43,0,0,0,0,0,0,0,0,0,0,0,0,0
2026-09-17,2026-09-16,TOL,Consumer Cyclical,132.64,979.15,12222.38,0.91,-1.16,-1.42,0.26,0.27,-1.78,0,0,0,0,0,0,0,0,0,0,0,0,0
2026-09-17,2026-09-16,TOST,Technology,31.12,10951.35,18080.72,0.73,-2.26,-2.14,-0.13,0.28,-4.1,0,0,0,0,0,0,0,0,0,0,0,0,0
2026-09-17,2026-09-16,TOWN,Financial,37.16,634.69,3425.6,1.23,-1.12,-0.93,-0.19,0.0,0.81,0,0,0,0,0,0,0,0,0,0,0,0,0
2026-09-17,2026-09-16,TPC,Industrials,85.85,706.08,4513.06,0.63,0.82,-0.95,1.79,-0.03,-2.53,0,0,0,0,0,0,0,0,0,0,0,0,0
2026-09-17,2026-09-16,TPG,Financial,46.55,2632.42,17899.62,1.36,-1.79,-2.08,0.3,-0.09,-4.83,0,0,0,0,0,0,0,0,0,0,0,0,0
2026-09-17,2026-09-16,TPR,Consumer Cyclical,117.94,2991.16,23516.26,0.97,0.71,-1.02,1.75,-0.09,3.72,0,0,0,0,0,0,0,0,0,0,0,0,0
2026-09-17,2026-09-16,TRAX,Healthcare,39.0,769.82,1393.51,0.83,1.38,-3.11,4.63,0.0,-1.44,0,0,0,0,0,0,1,0,0,0,0,0,1
2026-09-17,2026-09-16,TREX,Industrials,43.11,1894.1,4391.41,1.35,-1.19,-0.87,-0.32,-0.28,-5.25,0,0,0,0,0,0,0,0,0,0,0,0,0
2026-09-17,2026-09-16,TRGP,Energy,284.77,1231.64,61063.52,0.9,-0.32,-0.49,0.17,-0.27,-2.27,0,0,0,0,0,0,0,0,0,0,0,0,0
2026-09-17,2026-09-16,TRI,Industrials,101.31,2040.87,43890.53,0.48,-1.27,0.34,-1.6,0.0,4.46,0,0,0,0,0,0,0,0,0,0,0,0,0
2026-09-17,2026-09-16,TRIN,Financial,17.6,1022.15,1666.61,0.97,-1.07,-1.07,0.0,0.11,-2.55,0,0,0,0,0,0,0,0,0,0,0,0,0
2026-09-17,2026-09-16,TRIP,Consumer Cyclical,8.94,3587.15,1047.77,0.58,-0.78,-0.56,-0.22,0.56,1.36,0,0,0,0,0,0,0,0,0,0,0,0,0
2026-09-17,2026-09-16,TRLV,Healthcare,11.55,1307.3,2224.13,1.27,-0.43,0.0,-0.43,0.78,-1.87,0,0,0,0,0,0,0,0,0,0,0,0,0
2026-09-17,2026-09-16,TRMB,Technology,57.32,3221.71,13365.86,0.65,-2.52,-1.38,-1.16,-0.45,-0.14,0,0,0,0,0,0,0,0,0,0,0,0,0
2026-09-17,2026-09-16,TRMD,Energy,36.6,905.8,3747.47,3.07,4.78,1.95,2.78,0.55,3.21,1,1,0,0,0,0,0,0,0,0,0,0,1
2026-09-17,2026-09-16,TRN,Industrials,28.33,699.27,2257.04,0.83,0.57,-0.28,0.85,1.13,0.64,0,0,0,0,0,0,0,0,0,0,0,0,0
2026-09-17,2026-09-16,TRNO,Real Estate,65.61,841.9,7149.54,0.98,0.49,0.11,0.38,0.0,0.63,0,0,0,0,0,0,0,0,0,0,0,0,0
2026-09-17,2026-09-16,TROW,Financial,102.4,1885.42,21843.54,0.81,-1.76,-1.89,0.13,0.59,-4.96,0,0,0,0,0,0,0,0,0,0,0,0,0
2026-09-17,2026-09-16,TRP,Energy,61.21,2445.32,61210.0,1.09,0.2,0.41,-0.21,0.0,-3.52,0,0,0,0,0,0,0,0,0,0,0,0,0
2026-09-17,2026-09-16,TRU,Financial,74.66,2373.07,14304.86,0.87,-3.06,-2.33,-0.75,-0.08,-3.1,0,0,0,0,0,0,0,0,0,0,0,0,0
2026-09-17,2026-09-16,TRV,Financial,378.92,1920.94,79033.25,0.83,0.25,0.64,-0.39,-0.13,3.29,0,0,0,0,0,0,0,0,0,0,0,0,0
2026-09-17,2026-09-16,TRVI,Healthcare,15.01,2203.67,2138.57,1.03,-0.2,-1.18,1.0,0.0,-9.8,0,0,0,0,0,0,0,0,0,0,0,0,0
2026-09-17,2026-09-16,TS,Energy,56.3,1276.41,30176.8,0.81,-0.6,-1.75,1.17,0.0,-2.24,0,0,0,0,0,0,0,0,0,0,0,0,0
2026-09-17,2026-09-16,TSCO,Consumer Cyclical,32.78,11026.41,17079.69,0.77,-0.76,-0.94,0.18,0.49,-3.59,0,0,0,0,0,0,0,0,0,0,0,0,0
2026-09-17,2026-09-16,TSEM,Technology,202.2,1757.18,22813.2,0.82,3.63,0.57,3.04,0.89,-6.64,0,0,0,0,0,0,1,0,0,0,0,0,1
2026-09-17,2026-09-16,TSHA,Healthcare,5.07,3152.5,1651.98,1.38,0.2,-0.2,0.4,0.0,-5.06,0,0,0,0,0,0,0,0,0,0,0,0,0
2026-09-17,2026-09-16,TSLA,Consumer Cyclical,358.08,40110.54,1414253.95,0.8,0.42,0.04,0.38,0.05,-2.65,0,0,0,0,0,0,0,0,0,0,0,0,0
2026-09-17,2026-09-16,TSLX,Financial,17.96,536.37,1712.36,0.89,0.56,0.84,-0.28,0.0,0.62,0,0,0,0,0,0,0,0,0,0,0,0,0
2026-09-17,2026-09-16,TSM,Technology,417.72,12704.96,2166496.43,0.82,0.96,-0.11,1.08,0.37,-4.05,0,0,0,0,0,0,0,0,0,0,0,0,0
2026-09-17,2026-09-16,TSN,Consumer Defensive,52.12,3261.1,17971.01,0.83,-0.82,-0.87,0.06,0.73,0.73,0,0,0,0,0,0,0,0,0,0,0,0,0
2026-09-17,2026-09-16,TSSI,Technology,8.35,879.73,235.63,0.53,2.33,1.71,0.61,0.04,0.24,0,0,0,0,0,0,0,0,0,0,0,0,0
2026-09-17,2026-09-16,TT,Industrials,421.68,1163.27,92779.37,0.81,-0.25,-1.34,1.1,-0.01,-5.06,0,0,0,0,0,0,0,0,0,0,0,0,0
2026-09-17,2026-09-16,TTAN,Technology,58.67,2111.35,5659.77,2.35,0.12,2.86,-2.66,-0.41,2.71,1,0,0,0,0,0,0,0,0,0,0,0,1
2026-09-17,2026-09-16,TTC,Industrials,92.32,713.68,8739.32,1.51,-0.84,-1.37,0.54,0.0,-2.56,0,0,0,0,0,0,0,0,0,0,0,0,0
2026-09-17,2026-09-16,TTD,Communication Services,14.49,21375.83,6808.57,0.7,-3.4,-2.88,-0.53,0.14,4.39,0,0,0,0,0,0,0,0,0,0,0,0,0
2026-09-17,2026-09-16,TTE,Energy,90.84,1652.3,202045.41,0.91,-2.45,-2.46,0.01,1.28,-0.87,0,0,0,0,0,0,0,0,0,0,0,0,0
2026-09-17,2026-09-16,TTEK,Industrials,36.47,2910.44,9337.94,0.6,-0.68,-0.68,0.0,1.1,2.7,0,0,0,0,0,0,0,0,0,0,0,0,0
2026-09-17,2026-09-16,TTI,Energy,6.28,1861.3,929.9,0.83,-4.99,-5.56,0.61,0.0,-11.17,0,0,0,0,0,0,0,0,0,0,0,0,0
2026-09-17,2026-09-16,TTMI,Technology,114.0,2791.14,12009.77,0.48,1.37,-0.8,2.19,0.96,-8.25,0,0,0,0,0,0,0,0,0,0,0,0,0
2026-09-17,2026-09-16,TTWO,Communication Services,211.81,2555.85,39604.33,0.84,-0.05,0.1,-0.15,0.58,0.32,0,0,0,0,0,0,0,0,0,0,0,0,0
2026-09-17,2026-09-16,TU,Communication Services,8.88,7196.51,14110.32,1.49,-2.2,-2.09,-0.11,-0.11,-6.13,0,0,0,0,0,0,0,0,0,0,0,0,0
2026-09-17,2026-09-16,TVTX,Healthcare,63.48,1644.78,5983.69,1.35,1.55,1.44,0.11,-1.54,-4.14,0,0,0,0,0,0,0,0,0,0,0,0,0
2026-09-17,2026-09-16,TW,Financial,102.37,1497.12,23957.47,0.98,0.81,1.24,-0.42,0.0,-0.55,0,0,0,0,0,0,0,0,0,0,0,0,0
2026-09-17,2026-09-16,TWI,Industrials,7.09,564.67,457.6,0.83,-1.25,-2.07,0.84,0.0,-6.96,0,0,0,0,0,0,0,0,0,0,0,0,0
2026-09-17,2026-09-16,TWLO,Technology,238.88,2083.31,36686.05,1.08,-1.35,-1.24,-0.12,0.13,5.15,0,0,0,0,0,0,0,0,0,0,0,0,0
2026-09-17,2026-09-16,TWST,Healthcare,143.07,1714.42,9418.65,1.41,3.6,0.56,3.03,-0.22,13.98,0,0,0,0,0,0,1,0,0,0,0,0,1
2026-09-17,2026-09-16,TX,Basic Materials,56.98,589.21,11185.74,0.52,-0.47,-1.44,0.98,-1.25,-1.94,0,0,0,0,0,0,0,0,0,0,0,0,0
2026-09-17,2026-09-16,TXG,Healthcare,72.68,3097.01,9469.56,1.32,-2.3,-2.44,0.15,-0.52,8.01,0,0,0,0,0,0,0,0,0,0,0,0,0
2026-09-17,2026-09-16,TXN,Technology,260.67,7650.47,238056.29,0.48,-1.05,-2.46,1.45,0.2,-0.35,0,0,0,0,0,0,0,0,0,0,0,0,0
2026-09-17,2026-09-16,TXNM,Utilities,58.54,1330.3,6446.76,1.42,0.58,0.48,0.1,0.0,1.11,0,0,0,0,0,0,0,0,0,0,0,0,0
2026-09-17,2026-09-16,TXRH,Consumer Cyclical,170.07,934.56,11163.55,1.2,0.23,-1.23,1.48,-0.49,-5.13,0,0,0,0,0,0,0,0,0,0,0,0,0
2026-09-17,2026-09-16,TXT,Industrials,80.71,1682.77,13881.06,0.79,-0.01,-0.17,0.16,1.44,1.03,0,0,0,0,0,0,0,0,0,0,0,0,0
2026-09-17,2026-09-16,TYL,Technology,346.44,886.18,14187.51,0.73,-1.89,0.11,-2.0,-2.0,1.1,0,0,0,0,0,0,0,0,1,0,0,0,1
2026-09-17,2026-09-16,TYRA,Healthcare,24.35,877.12,1453.13,1.3,-4.25,-4.81,0.59,-1.4,10.63,0,0,0,0,0,0,0,0,0,0,0,0,0
2026-09-17,2026-09-16,U,Technology,42.13,9307.68,18540.94,0.62,-2.05,-1.86,-0.19,0.28,-0.96,0,0,0,0,0,0,0,0,0,0,0,0,0
2026-09-17,2026-09-16,UAA,Consumer Cyclical,5.0,8576.25,2116.54,0.99,0.81,0.4,0.4,2.2,2.04,0,0,0,0,0,0,0,0,1,0,0,0,1
2026-09-17,2026-09-16,UAL,Industrials,106.3,4180.79,34503.26,0.99,-0.58,-1.85,1.29,0.37,-0.77,0,0,0,0,0,0,0,0,0,0,0,0,0
2026-09-17,2026-09-16,UBER,Technology,70.97,19393.23,144960.49,0.92,-0.64,-0.49,-0.15,0.46,-0.15,0,0,0,0,0,0,0,0,0,0,0,0,0
2026-09-17,2026-09-16,UBS,Financial,50.42,1748.11,154373.43,1.46,-2.08,-1.41,-0.68,0.06,-8.06,0,0,0,0,0,0,0,0,0,0,0,0,0
2026-09-17,2026-09-16,UBSI,Financial,47.32,985.8,6445.58,1.4,-1.13,-1.13,0.0,-0.06,0.9,0,0,0,0,0,0,0,0,0,0,0,0,0
2026-09-17,2026-09-16,UCB,Financial,34.84,923.98,4200.85,1.25,-1.41,-2.11,0.71,-1.12,-0.57,0,0,0,0,0,0,0,0,0,0,0,0,0
2026-09-17,2026-09-16,UCTT,Technology,66.53,1297.38,3012.28,0.48,1.33,-1.14,2.5,1.61,-11.29,0,0,0,0,0,0,0,0,0,0,0,0,0
2026-09-17,2026-09-16,UDR,Real Estate,34.4,3438.7,17962.45,1.21,-1.46,-1.46,0.0,-0.06,-2.82,0,0,0,0,0,0,0,0,0,0,0,0,0
2026-09-17,2026-09-16,UE,Real Estate,20.03,918.78,2669.85,0.9,-0.74,-0.5,-0.25,-0.15,-3.84,0,0,0,0,0,0,0,0,0,0,0,0,0
2026-09-17,2026-09-16,UEC,Energy,10.08,8557.25,4988.31,1.06,-0.98,-2.14,1.18,0.2,-13.1,0,0,0,0,0,0,0,0,0,0,0,0,0
2026-09-17,2026-09-16,UGI,Utilities,38.18,1825.17,8189.41,1.5,0.98,0.29,0.69,0.0,-0.93,0,0,0,0,0,0,0,0,0,0,0,0,0
2026-09-17,2026-09-16,UGP,Energy,7.56,3587.65,8092.38,0.79,1.61,1.34,0.27,-0.13,1.75,0,0,0,0,0,0,0,0,0,0,0,0,0
2026-09-17,2026-09-16,UHS,Healthcare,181.21,835.49,10677.63,1.06,2.47,2.8,-0.33,-0.12,3.09,0,0,0,0,0,0,0,0,0,0,0,0,0
2026-09-17,2026-09-16,UL,Consumer Defensive,62.44,4086.97,134516.36,0.56,0.0,-0.02,0.02,0.0,-0.08,0,0,0,0,0,0,0,0,0,0,0,0,0
2026-09-17,2026-09-16,ULCC,Industrials,5.61,3466.98,1291.51,0.69,0.72,-0.88,1.62,-1.19,-0.71,0,0,0,0,0,0,0,0,0,0,0,0,0
2026-09-17,2026-09-16,ULS,Industrials,64.15,985.9,12951.77,2.2,-0.94,-0.34,-0.6,0.39,-11.99,1,0,0,0,0,0,0,0,0,0,0,0,1
2026-09-17,2026-09-16,ULTA,Consumer Cyclical,530.52,665.43,22683.7,0.98,-2.54,-1.96,-0.58,1.0,-2.09,0,0,0,0,0,0,0,0,0,0,0,0,0
2026-09-17,2026-09-16,UMAC,Technology,22.01,4142.11,1099.54,0.71,-4.43,-4.51,0.09,0.4,-9.5,0,0,0,0,0,0,0,0,0,0,0,0,0
2026-09-17,2026-09-16,UMBF,Financial,134.2,627.42,10192.49,1.24,-2.37,-2.4,0.03,0.0,-4.97,0,0,0,0,0,0,0,0,0,0,0,0,0
2026-09-17,2026-09-16,UMC,Technology,22.53,14749.0,56640.87,0.76,4.26,0.18,4.07,0.75,-0.71,0,0,0,0,0,0,1,0,0,0,0,0,1
2026-09-17,2026-09-16,UMH,Real Estate,15.58,641.41,1330.3,1.61,0.06,0.45,-0.39,0.0,-0.51,0,0,0,0,0,0,0,0,0,0,0,0,0
2026-09-17,2026-09-16,UNFI,Consumer Defensive,46.3,599.94,2792.68,1.06,3.33,3.37,-0.04,-1.94,3.79,0,0,0,0,0,0,0,0,0,0,0,0,0
2026-09-17,2026-09-16,UNH,Healthcare,375.26,5262.05,336831.45,0.84,-0.18,-0.17,-0.01,0.01,-4.53,0,0,0,0,0,0,0,0,0,0,0,0,0
2026-09-17,2026-09-16,UNIT,Real Estate,9.54,2298.02,2315.6,0.7,-2.45,-3.64,1.23,0.0,-4.98,0,0,0,0,0,0,0,0,0,0,0,0,0
2026-09-17,2026-09-16,UNM,Financial,94.82,1522.46,15010.65,2.32,-1.11,-0.73,-0.38,-0.33,1.88,1,0,0,0,0,0,0,0,0,0,0,0,1
2026-09-17,2026-09-16,UNP,Industrials,280.92,2676.85,166887.7,0.99,-1.08,-2.15,1.09,-0.14,-1.34,0,0,0,0,0,0,0,0,0,0,0,0,0
2026-09-17,2026-09-16,UPB,Healthcare,5.33,599.09,291.93,0.83,-2.74,-2.91,0.18,0.0,-10.57,0,0,0,0,0,0,0,0,0,0,0,0,0
2026-09-17,2026-09-16,UPBD,Technology,17.78,995.29,1036.56,0.68,0.17,-0.5,0.68,-0.11,-1.82,0,0,0,0,0,0,0,0,0,0,0,0,0
2026-09-17,2026-09-16,UPS,Industrials,98.77,4809.16,84031.69,1.03,-3.5,-3.26,-0.24,0.07,-0.45,0,0,0,0,0,0,0,0,0,0,0,0,0
2026-09-17,2026-09-16,UPST,Financial,24.85,4249.35,2418.23,0.87,-1.7,-1.93,0.24,0.16,-4.02,0,0,0,0,0,0,0,0,0,0,0,0,0
2026-09-17,2026-09-16,UPWK,Communication Services,8.55,3426.38,1067.92,0.61,-0.75,-1.16,0.41,0.0,3.76,0,0,0,0,0,0,0,0,0,0,0,0,0
2026-09-17,2026-09-16,URBN,Consumer Cyclical,77.08,1160.49,6602.68,0.95,1.54,1.08,0.46,0.0,-0.64,0,0,0,0,0,0,0,0,0,0,0,0,0
2026-09-17,2026-09-16,URGN,Healthcare,43.49,817.98,2125.81,1.22,4.19,3.38,0.79,0.0,-3.36,0,0,0,0,0,0,0,0,0,0,0,0,0
2026-09-17,2026-09-16,USAR,Basic Materials,15.1,12322.71,5663.66,1.24,-1.95,-3.7,1.82,1.26,-11.49,0,0,0,0,0,0,0,0,0,0,0,0,0
2026-09-17,2026-09-16,USB,Financial,59.73,7748.21,93062.42,2.25,-4.0,-3.88,-0.13,0.05,-3.83,1,0,0,0,0,0,0,0,0,0,0,0,1
2026-09-17,2026-09-16,USFD,Consumer Defensive,92.51,2445.28,20012.76,1.52,0.54,0.39,0.15,0.06,-5.07,0,0,0,0,0,0,0,0,0,0,0,0,0
2026-09-17,2026-09-16,UTHR,Healthcare,498.48,545.54,21380.15,0.9,-0.37,-0.43,0.05,1.95,-1.65,0,0,0,0,0,0,0,0,0,0,0,0,0
2026-09-17,2026-09-16,UTI,Consumer Defensive,20.88,1395.86,1150.39,1.45,1.61,1.11,0.49,0.14,-1.93,0,0,0,0,0,0,0,0,0,0,0,0,0
2026-09-17,2026-09-16,UTZ,Consumer Defensive,14.26,3576.68,2052.9,0.2,-0.07,-0.14,0.07,0.0,0.28,0,0,0,0,0,0,0,0,0,0,0,0,0
2026-09-17,2026-09-16,UUUU,Energy,11.73,7641.71,3105.79,0.94,-1.1,-2.25,1.18,0.6,-19.38,0,0,0,0,0,0,0,0,0,0,0,0,0
2026-09-17,2026-09-16,V,Financial,370.93,7550.97,692543.86,0.95,-1.25,-1.07,-0.18,0.12,0.96,0,0,0,0,0,0,0,0,0,0,0,0,0
2026-09-17,2026-09-16,VAL,Energy,82.52,1078.93,5729.84,1.16,-6.47,-5.58,-0.94,0.0,-2.87,0,0,0,1,0,0,0,0,0,0,0,0,1
2026-09-17,2026-09-16,VALE,Basic Materials,14.13,25065.98,60133.89,1.8,-2.35,-2.08,-0.28,0.42,-8.48,0,0,0,0,0,0,0,0,0,0,0,0,0
2026-09-17,2026-09-16,VC,Consumer Cyclical,97.47,539.46,2602.0,1.33,-0.2,-0.62,0.42,0.0,-2.16,0,0,0,0,0,0,0,0,0,0,0,0,0
2026-09-17,2026-09-16,VCEL,Healthcare,40.21,562.09,2059.02,0.87,1.23,1.21,0.03,0.0,3.13,0,0,0,0,0,0,0,0,0,0,0,0,0
2026-09-17,2026-09-16,VCTR,Financial,103.72,579.95,6379.78,1.87,-1.75,-1.75,0.0,0.0,-7.28,0,0,0,0,0,0,0,0,0,0,0,0,0
2026-09-17,2026-09-16,VCYT,Healthcare,38.5,1332.6,3095.04,1.22,-4.09,-4.61,0.55,0.03,-12.22,0,0,0,0,0,0,0,0,0,0,0,0,0
2026-09-17,2026-09-16,VECO,Technology,41.04,994.68,2508.77,0.51,0.38,-0.85,1.24,0.17,-8.33,0,0,0,0,0,0,0,0,0,0,0,0,0
2026-09-17,2026-09-16,VEEV,Healthcare,264.9,1966.38,42889.66,0.57,-0.65,-0.14,-0.51,0.42,1.57,0,0,0,0,0,0,0,0,0,0,0,0,0
2026-09-17,2026-09-16,VELO,Technology,9.99,2068.01,321.17,0.45,1.73,0.81,0.92,1.09,-8.43,0,0,0,0,0,0,0,0,0,0,0,0,0
2026-09-17,2026-09-16,VERA,Healthcare,31.77,2351.83,2289.45,1.66,-5.64,-4.36,-1.34,-0.54,-5.95,0,0,0,1,0,0,0,0,0,0,0,0,1
2026-09-17,2026-09-16,VERX,Technology,12.58,2008.83,2040.7,0.66,-2.4,-0.87,-1.55,-0.4,1.7,0,0,0,0,0,0,0,0,0,0,0,0,0
2026-09-17,2026-09-16,VET,Energy,12.62,1443.36,1930.23,1.48,-6.24,-4.68,-1.63,0.08,-5.61,0,0,0,1,0,0,0,0,0,0,0,0,1
2026-09-17,2026-09-16,VFC,Consumer Cyclical,12.73,6912.79,5004.6,1.07,0.16,-0.16,0.31,0.39,-1.39,0,0,0,0,0,0,0,0,0,0,0,0,0
2026-09-17,2026-09-16,VG,Energy,14.65,14449.31,36626.36,0.84,-4.19,-2.33,-1.9,0.55,-4.19,0,0,0,0,0,0,0,0,0,0,0,0,0
2026-09-17,2026-09-16,VGNT,Consumer Cyclical,45.42,1154.63,3217.34,0.72,0.51,-0.11,0.62,0.2,-0.7,0,0,0,0,0,0,0,0,0,0,0,0,0
2026-09-17,2026-09-16,VIA,Technology,26.62,911.69,2169.68,1.09,1.99,3.38,-1.34,-1.2,2.54,0,0,0,0,0,0,0,0,0,0,0,0,0
2026-09-17,2026-09-16,VIAV,Technology,34.47,6096.3,8505.46,0.77,2.1,-0.38,2.49,0.78,-12.02,0,0,0,0,0,0,0,0,0,0,0,0,0
2026-09-17,2026-09-16,VICI,Real Estate,24.53,10067.78,27009.43,0.97,-0.93,-1.09,0.16,0.57,-2.7,0,0,0,0,0,0,0,0,0,0,0,0,0
2026-09-17,2026-09-16,VICR,Technology,183.91,853.2,8479.49,0.66,-0.03,-2.18,2.19,10.9,0.02,0,0,0,0,0,0,0,0,1,1,0,0,1
2026-09-17,2026-09-16,VIK,Consumer Cyclical,85.38,3002.59,38092.89,0.95,0.39,-0.04,0.42,-0.45,0.36,0,0,0,0,0,0,0,0,0,0,0,0,0
2026-09-17,2026-09-16,VIPS,Consumer Cyclical,12.25,2608.23,4871.82,1.2,1.32,1.07,0.25,0.0,-2.08,0,0,0,0,0,0,0,0,0,0,0,0,0
2026-09-17,2026-09-16,VIR,Healthcare,10.52,1968.29,1780.15,1.06,0.77,-0.19,0.96,0.19,-2.68,0,0,0,0,0,0,0,0,0,0,0,0,0
2026-09-17,2026-09-16,VIRT,Financial,57.25,1307.61,8885.21,0.6,-1.19,-1.38,0.19,0.0,-8.97,0,0,0,0,0,0,0,0,0,0,0,0,0
2026-09-17,2026-09-16,VISN,Technology,6.51,12145.22,1501.38,0.55,-3.27,-4.12,0.89,1.23,1.64,0,0,0,0,0,0,0,0,0,0,0,0,0
2026-09-17,2026-09-16,VIST,Energy,74.26,1020.27,8244.35,0.9,-5.23,-3.24,-2.05,0.86,-0.42,0,0,0,1,0,0,0,0,0,0,0,0,1
2026-09-17,2026-09-16,VITL,Consumer Defensive,10.03,1731.33,430.6,0.75,0.2,0.8,-0.6,5.78,1.42,0,0,0,0,0,0,0,0,1,1,0,0,1
2026-09-17,2026-09-16,VIV,Communication Services,11.86,1392.0,18949.91,1.14,-0.25,0.08,-0.34,0.0,0.59,0,0,0,0,0,0,0,0,0,0,0,0,0
2026-09-17,2026-09-16,VKTX,Healthcare,29.52,2242.14,3443.6,1.34,-1.44,-1.67,0.23,0.61,-9.72,0,0,0,0,0,0,0,0,0,0,0,0,0
2026-09-17,2026-09-16,VLO,Energy,403.28,2888.11,116115.38,1.22,1.57,2.96,-1.35,0.63,3.68,0,0,0,0,0,0,0,0,0,0,0,0,0
2026-09-17,2026-09-16,VLRS,Industrials,6.32,566.27,726.48,0.38,-0.16,-0.63,0.47,0.16,-6.37,0,0,0,0,0,0,0,0,0,0,0,0,0
2026-09-17,2026-09-16,VLTO,Industrials,95.75,1860.37,23343.21,0.59,0.28,0.06,0.22,0.17,1.09,0,0,0,0,0,0,0,0,0,0,0,0,0
2026-09-17,2026-09-16,VLY,Financial,13.54,6512.96,7482.27,1.85,-1.88,-1.96,0.07,-0.37,-1.6,0,0,0,0,0,0,0,0,0,0,0,0,0
2026-09-17,2026-09-16,VMC,Basic Materials,244.3,1061.05,31656.08,1.16,-1.97,-2.08,0.11,-0.12,-2.24,0,0,0,0,0,0,0,0,0,0,0,0,0
2026-09-17,2026-09-16,VMRK,Real Estate,62.99,4252.69,48740.35,1.86,-4.02,-3.73,-0.3,0.03,-3.06,0,0,0,0,0,0,0,0,0,0,0,0,0
2026-09-17,2026-09-16,VNDA,Healthcare,5.0,891.97,302.31,0.49,0.2,0.0,0.2,0.0,-4.76,0,0,0,0,0,0,0,0,0,0,0,0,0
2026-09-17,2026-09-16,VNET,Technology,6.05,4470.62,1691.34,0.62,1.51,0.67,0.84,0.17,-7.21,0,0,0,0,0,0,0,0,0,0,0,0,0
2026-09-17,2026-09-16,VNOM,Energy,43.19,1643.11,15513.63,1.76,-6.03,-5.05,-1.03,0.0,-4.59,0,0,0,1,0,0,0,0,0,0,0,0,1
2026-09-17,2026-09-16,VNT,Technology,31.53,1539.05,4262.85,1.06,-1.81,-2.26,0.47,0.0,-1.04,0,0,0,0,0,0,0,0,0,0,0,0,0
2026-09-17,2026-09-16,VOD,Communication Services,17.46,3953.6,40407.68,0.96,-1.24,-0.46,-0.79,-0.52,1.93,0,0,0,0,0,0,0,0,0,0,0,0,0
2026-09-17,2026-09-16,VOR,Healthcare,21.95,1131.09,1298.61,1.32,-1.66,-1.97,0.31,-1.32,-5.53,0,0,0,0,0,0,0,0,0,0,0,0,0
2026-09-17,2026-09-16,VOYA,Financial,100.28,1021.77,9085.0,1.0,-2.11,-1.93,-0.19,0.0,-1.8,0,0,0,0,0,0,0,0,0,0,0,0,0
2026-09-17,2026-09-16,VOYG,Industrials,35.18,1718.26,2147.0,0.78,1.94,2.12,-0.17,-1.17,4.24,0,0,0,0,0,0,0,0,0,0,0,0,0
2026-09-17,2026-09-16,VPG,Technology,61.04,557.28,813.08,0.45,0.76,-1.5,2.29,0.92,-3.51,0,0,0,0,0,0,0,0,0,0,0,0,0
2026-09-17,2026-09-16,VRDN,Healthcare,22.44,1885.47,2542.28,0.89,2.79,2.51,0.27,0.45,-1.28,0,0,0,0,0,0,0,0,0,0,0,0,0
2026-09-17,2026-09-16,VREX,Healthcare,18.47,830.89,778.48,0.81,0.0,0.0,0.0,0.0,-0.16,0,0,0,0,0,0,0,0,0,0,0,0,0
2026-09-17,2026-09-16,VRNS,Technology,46.76,2096.97,5370.88,0.94,-1.5,0.71,-2.19,0.0,1.45,0,0,0,0,0,0,0,0,0,0,0,0,0
2026-09-17,2026-09-16,VRSK,Industrials,181.75,1970.22,23655.86,0.65,0.93,1.63,-0.69,0.0,2.11,0,0,0,0,0,0,0,0,0,0,0,0,0
2026-09-17,2026-09-16,VRSN,Technology,298.46,794.1,26950.94,0.8,0.4,0.87,-0.46,0.0,4.01,0,0,0,0,0,0,0,0,0,0,0,0,0
2026-09-17,2026-09-16,VRT,Industrials,239.41,5957.39,92170.02,0.92,2.05,-0.25,2.3,1.43,-8.93,0,0,0,0,0,0,0,0,0,0,0,0,0
2026-09-17,2026-09-16,VRTX,Healthcare,513.26,1457.71,130091.36,0.44,-0.27,-0.11,-0.16,-0.43,-1.51,0,0,0,0,0,0,0,0,0,0,0,0,0
2026-09-17,2026-09-16,VSAT,Technology,70.95,2265.48,9773.78,0.72,0.48,-1.24,1.74,-0.63,-1.95,0,0,0,0,0,0,0,0,0,0,0,0,0
2026-09-17,2026-09-16,VSH,Technology,31.32,5566.95,4803.85,0.53,-0.35,-2.67,2.39,1.21,-1.17,0,0,0,0,0,0,0,0,0,0,0,0,0
2026-09-17,2026-09-16,VSNT,Communication Services,37.69,1841.38,5231.08,0.97,0.53,0.86,-0.32,0.03,1.29,0,0,0,0,0,0,0,0,0,0,0,0,0
2026-09-17,2026-09-16,VST,Utilities,140.39,4443.63,47119.83,0.86,-0.81,-2.09,1.31,0.4,-7.09,0,0,0,0,0,0,0,0,0,0,0,0,0
2026-09-17,2026-09-16,VSTM,Healthcare,7.32,2493.52,662.93,0.58,-0.27,-0.41,0.14,0.0,-7.81,0,0,0,0,0,0,0,0,0,0,0,0,0
2026-09-17,2026-09-16,VSTS,Industrials,13.77,1400.85,1819.84,1.48,3.77,3.92,-0.15,0.51,4.95,0,0,0,0,0,0,0,0,0,0,0,0,0
2026-09-17,2026-09-16,VSXY,Consumer Cyclical,73.96,1842.34,5899.34,0.83,1.9,1.52,0.37,2.24,-2.32,0,0,0,0,0,0,0,0,1,0,0,0,1
2026-09-17,2026-09-16,VTR,Real Estate,88.21,3538.51,46252.59,0.82,-0.4,-0.12,-0.27,0.2,-1.31,0,0,0,0,0,0,0,0,0,0,0,0,0
2026-09-17,2026-09-16,VTRS,Healthcare,17.02,9523.79,19549.02,0.91,2.22,1.61,0.6,-1.59,3.15,0,0,0,0,0,0,0,0,0,0,0,0,0
2026-09-17,2026-09-16,VTS,Energy,17.52,517.69,737.66,1.66,-5.45,-3.79,-1.73,1.44,-3.84,0,0,0,1,0,0,0,0,0,0,0,0,1
2026-09-17,2026-09-16,VVV,Consumer Cyclical,27.13,2117.81,3461.42,1.61,-4.0,-4.0,0.0,0.0,-10.52,0,0,0,0,0,0,0,0,0,0,0,0,0
2026-09-17,2026-09-16,VVX,Industrials,75.31,663.73,2360.62,0.97,0.19,-0.04,0.23,0.0,4.73,0,0,0,0,0,0,0,0,0,0,0,0,0
2026-09-17,2026-09-16,VYX,Technology,7.11,2439.45,981.68,1.5,-5.95,-6.32,0.4,0.56,-14.95,0,0,0,1,0,0,0,0,0,0,0,0,1
2026-09-17,2026-09-16,VZ,Communication Services,49.76,25820.3,206741.62,0.94,-3.28,-2.91,-0.39,0.18,0.04,0,0,0,0,0,0,0,0,0,0,0,0,0
2026-09-17,2026-09-16,W,Consumer Cyclical,103.24,3129.57,14140.59,0.81,-0.43,-1.92,1.51,0.37,3.12,0,0,0,0,0,0,0,0,0,0,0,0,0
2026-09-17,2026-09-16,WAB,Industrials,276.37,916.65,46681.89,0.87,-0.63,-1.18,0.55,0.0,-1.46,0,0,0,0,0,0,0,0,0,0,0,0,0
2026-09-17,2026-09-16,WAFD,Financial,32.79,695.73,2426.84,2.05,-0.67,-0.91,0.24,0.3,-3.13,1,0,0,0,0,0,0,0,0,0,0,0,1
2026-09-17,2026-09-16,WAL,Financial,77.8,1023.93,8488.05,2.32,-1.56,-1.42,-0.14,0.0,-2.33,1,0,0,0,0,0,0,0,0,0,0,0,1
2026-09-17,2026-09-16,WAT,Healthcare,418.64,825.74,41130.59,0.86,0.37,0.19,0.18,0.0,3.42,0,0,0,0,0,0,0,0,0,0,0,0,0
2026-09-17,2026-09-16,WAY,Healthcare,26.59,2754.89,5098.59,1.41,-0.3,1.22,-1.5,1.96,11.44,0,0,0,0,0,0,0,0,0,0,0,0,0
2026-09-17,2026-09-16,WB,Communication Services,6.5,1111.02,1026.02,1.27,-1.66,-1.52,-0.15,0.02,-1.96,0,0,0,0,0,0,0,0,0,0,0,0,0
2026-09-17,2026-09-16,WBD,Communication Services,28.07,21054.65,70475.35,0.96,0.14,0.3,-0.16,-0.18,0.57,0,0,0,0,0,0,0,0,0,0,0,0,0
2026-09-17,2026-09-16,WBI,Energy,30.8,1068.78,3802.45,0.54,-2.22,-0.84,-1.4,0.0,-6.72,0,0,0,0,0,0,0,0,0,0,0,0,0
2026-09-17,2026-09-16,WCC,Industrials,335.32,635.27,16341.1,0.85,0.26,-1.08,1.35,0.11,-5.68,0,0,0,0,0,0,0,0,0,0,0,0,0
2026-09-17,2026-09-16,WCN,Industrials,156.5,1295.16,39445.83,0.77,-1.86,-1.65,-0.21,0.29,-2.95,0,0,0,0,0,0,0,0,0,0,0,0,0
2026-09-17,2026-09-16,WDAY,Technology,187.76,4618.89,45250.16,0.42,-1.53,0.47,-1.99,0.03,0.92,0,0,0,0,0,0,0,0,0,0,0,0,0
2026-09-17,2026-09-16,WDC,Technology,416.97,8290.25,150334.75,0.92,1.22,-1.06,2.3,0.97,-13.54,0,0,0,0,0,0,0,0,0,0,0,0,0
2026-09-17,2026-09-16,WDS,Energy,23.07,695.65,43751.33,1.0,-3.79,-2.99,-0.83,0.78,-4.63,0,0,0,0,0,0,0,0,0,0,0,0,0
2026-09-17,2026-09-16,WEAV,Healthcare,7.32,2687.23,585.59,0.92,-0.14,0.0,-0.14,0.0,0.27,0,0,0,0,0,0,0,0,0,0,0,0,0
2026-09-17,2026-09-16,WEC,Utilities,103.38,2247.03,33686.31,1.19,-0.13,-0.8,0.68,-0.07,-2.61,0,0,0,0,0,0,0,0,0,0,0,0,0
2026-09-17,2026-09-16,WELL,Real Estate,234.5,3047.23,169014.69,0.7,0.75,0.75,0.0,-0.71,-0.59,0,0,0,0,0,0,0,0,0,0,0,0,0
2026-09-17,2026-09-16,WEN,Consumer Cyclical,7.03,16231.76,1340.41,0.4,-5.76,-6.27,0.54,0.28,-6.76,0,0,0,1,0,0,0,0,0,0,0,0,1
2026-09-17,2026-09-16,WERN,Industrials,35.84,1091.34,2149.58,1.22,-4.58,-0.55,-4.05,0.31,-7.84,0,0,0,0,0,0,1,0,0,0,0,0,1
2026-09-17,2026-09-16,WES,Energy,46.9,843.59,19377.88,0.81,-0.68,-0.89,0.21,0.04,-4.85,0,0,0,0,0,0,0,0,0,0,0,0,0
2026-09-17,2026-09-16,WEST,Consumer Defensive,7.77,512.05,758.57,0.37,-0.89,-3.0,2.17,0.0,0.91,0,0,0,0,0,0,0,0,0,0,0,0,0
2026-09-17,2026-09-16,WEX,Technology,197.17,667.24,6719.87,0.85,-1.45,-0.79,-0.66,0.0,6.07,0,0,0,0,0,0,0,0,0,0,0,0,0
2026-09-17,2026-09-16,WFC,Financial,87.05,14625.55,263239.15,0.93,-2.98,-2.98,0.0,-0.15,-2.92,0,0,0,0,0,0,0,0,0,0,0,0,0
2026-09-17,2026-09-16,WFRD,Energy,82.3,1248.84,5982.25,0.63,-3.62,-2.95,-0.69,0.06,-11.56,0,0,0,0,0,0,0,0,0,0,0,0,0
2026-09-17,2026-09-16,WGO,Consumer Cyclical,27.12,651.05,766.65,1.04,-0.66,-1.38,0.73,1.95,-5.74,0,0,0,0,0,0,0,0,0,0,0,0,0
2026-09-17,2026-09-16,WGS,Healthcare,97.42,729.6,2905.32,1.09,2.94,3.39,-0.43,-0.64,12.65,0,0,0,0,0,0,0,0,0,0,0,0,0
2026-09-17,2026-09-16,WH,Consumer Cyclical,68.17,1330.56,5058.98,1.1,1.02,0.69,0.33,0.18,-2.31,0,0,0,0,0,0,0,0,0,0,0,0,0
2026-09-17,2026-09-16,WHD,Energy,67.2,809.74,5388.05,0.82,-3.79,-3.27,-0.54,-0.12,-3.75,0,0,0,0,0,0,0,0,0,0,0,0,0
2026-09-17,2026-09-16,WHR,Consumer Cyclical,32.42,2476.57,2113.77,1.22,-1.85,-3.45,1.67,1.02,-11.97,0,0,0,0,0,0,0,0,0,0,0,0,0
2026-09-17,2026-09-16,WING,Consumer Cyclical,101.06,1227.11,2753.13,1.4,0.22,-0.93,1.16,0.68,-8.61,0,0,0,0,0,0,0,0,0,0,0,0,0
2026-09-17,2026-09-16,WIX,Technology,80.4,1544.44,3364.7,0.39,-2.64,-0.78,-1.88,-0.22,8.31,0,0,0,0,0,0,0,0,0,0,0,0,0
2026-09-17,2026-09-16,WK,Technology,72.73,874.77,3957.71,1.29,-2.78,-2.45,-0.33,0.0,-0.04,0,0,0,0,0,0,0,0,0,0,0,0,0
2026-09-17,2026-09-16,WKC,Energy,35.47,1180.89,1814.35,1.13,-0.08,0.23,-0.31,-0.06,-0.31,0,0,0,0,0,0,0,0,0,0,0,0,0
2026-09-17,2026-09-16,WLK,Basic Materials,70.66,1041.43,9030.1,0.52,0.91,1.22,-0.3,0.0,-1.56,0,0,0,0,0,0,0,0,0,0,0,0,0
2026-09-17,2026-09-16,WLTH,Technology,10.17,1639.81,1588.32,2.16,-6.44,-6.01,-0.46,-0.59,7.51,1,0,0,1,0,0,0,0,0,0,0,0,1
2026-09-17,2026-09-16,WLY,Communication Services,49.54,570.95,2513.3,1.08,0.43,1.25,-0.81,0.0,3.23,0,0,0,0,0,0,0,0,0,0,0,0,0
2026-09-17,2026-09-16,WM,Industrials,214.0,2108.18,85539.05,0.84,-1.5,-1.2,-0.3,0.21,-1.13,0,0,0,0,0,0,0,0,0,0,0,0,0
2026-09-17,2026-09-16,WMB,Energy,70.9,7374.01,86722.57,1.25,-1.02,-1.03,0.01,0.0,-5.66,0,0,0,0,0,0,0,0,0,0,0,0,0
2026-09-17,2026-09-16,WMG,Communication Services,28.3,2072.3,14804.01,0.87,-2.58,-2.62,0.03,0.0,0.5,0,0,0,0,0,0,0,0,0,0,0,0,0
2026-09-17,2026-09-16,WMS,Industrials,126.84,736.37,9564.41,1.17,-0.29,-0.65,0.36,0.0,-3.75,0,0,0,0,0,0,0,0,0,0,0,0,0
2026-09-17,2026-09-16,WMT,Consumer Defensive,107.5,24215.96,852877.71,0.63,-0.55,-0.75,0.21,0.11,1.58,0,0,0,0,0,0,0,0,0,0,0,0,0
2026-09-17,2026-09-16,WNC,Industrials,11.83,1098.09,481.92,0.57,-5.28,-5.44,0.16,0.66,-9.0,0,0,0,1,0,0,0,0,0,0,0,0,1
2026-09-17,2026-09-16,WOLF,Technology,23.67,4228.44,1252.86,0.37,-1.46,-4.13,2.79,1.47,-13.23,0,0,0,0,0,0,0,0,0,0,0,0,0
2026-09-17,2026-09-16,WPC,Real Estate,66.59,1412.91,15170.33,1.25,-2.53,-2.7,0.18,0.05,-4.8,0,0,0,0,0,0,0,0,0,0,0,0,0
2026-09-17,2026-09-16,WPM,Basic Materials,146.73,2085.66,66638.89,0.71,-2.19,-3.44,1.29,0.25,-6.4,0,0,0,0,0,0,0,0,0,0,0,0,0
2026-09-17,2026-09-16,WRB,Financial,69.95,2031.6,25967.37,2.31,-1.87,-1.21,-0.66,-0.07,0.06,1,0,0,0,0,0,0,0,0,0,0,0,1
2026-09-17,2026-09-16,WRBY,Healthcare,23.55,2912.64,2910.97,1.19,-3.25,-4.19,0.99,0.04,-4.15,0,0,0,0,0,0,0,0,0,0,0,0,0
2026-09-17,2026-09-16,WRD,Technology,5.51,2337.85,1711.9,0.99,-1.43,-1.43,0.0,0.36,-5.33,0,0,0,0,0,0,0,0,0,0,0,0,0
2026-09-17,2026-09-16,WSBC,Financial,39.54,1297.35,3792.12,0.79,-2.1,-1.96,-0.15,0.0,-1.32,0,0,0,0,0,0,0,0,0,0,0,0,0
2026-09-17,2026-09-16,WSC,Industrials,18.07,2483.64,3274.12,0.74,0.06,-0.71,0.78,0.22,-6.66,0,0,0,0,0,0,0,0,0,0,0,0,0
2026-09-17,2026-09-16,WSE,Technology,11.71,1243.09,13999.55,1.08,0.6,0.43,0.17,0.0,-5.26,0,0,0,0,0,0,0,0,0,0,0,0,0
2026-09-17,2026-09-16,WSM,Consumer Cyclical,218.2,1106.87,25699.41,1.18,-1.48,-1.07,-0.41,0.0,-4.1,0,0,0,0,0,0,0,0,0,0,0,0,0
2026-09-17,2026-09-16,WST,Healthcare,362.01,694.64,25476.73,0.89,-0.82,-0.3,-0.52,-0.07,7.44,0,0,0,0,0,0,0,0,0,0,0,0,0
2026-09-17,2026-09-16,WT,Financial,22.26,2757.22,3372.66,2.3,0.72,-0.4,1.13,0.0,-6.86,1,0,0,0,0,0,0,0,0,0,0,0,1
2026-09-17,2026-09-16,WTFC,Financial,148.24,578.84,10001.16,0.94,-2.13,-2.22,0.09,0.0,-1.53,0,0,0,0,0,0,0,0,0,0,0,0,0
2026-09-17,2026-09-16,WTRG,Utilities,41.37,2214.71,11739.92,0.81,-0.27,-0.7,0.43,0.0,-1.5,0,0,0,0,0,0,0,0,0,0,0,0,0
2026-09-17,2026-09-16,WTTR,Energy,20.31,1743.83,2618.83,1.18,-1.74,-1.55,-0.19,0.0,-0.93,0,0,0,0,0,0,0,0,0,0,0,0,0
2026-09-17,2026-09-16,WTW,Financial,312.91,561.74,29060.56,0.94,-2.81,-2.3,-0.53,0.0,-0.26,0,0,0,0,0,0,0,0,0,0,0,0,0
2026-09-17,2026-09-16,WU,Financial,6.54,9506.55,2039.69,1.01,-4.53,-1.65,-2.92,0.31,-5.76,0,0,0,0,0,0,0,0,0,0,0,0,0
2026-09-17,2026-09-16,WULF,Financial,15.39,32945.98,7679.13,0.98,6.21,3.85,2.28,1.62,-10.16,0,0,0,1,0,0,0,0,0,0,0,0,1
2026-09-17,2026-09-16,WWD,Industrials,318.45,699.49,18803.14,3.5,-0.33,-0.76,0.43,-0.14,-5.69,1,1,0,0,0,0,0,0,0,0,0,0,1
2026-09-17,2026-09-16,WWW,Consumer Cyclical,19.29,840.07,1583.06,1.09,0.89,2.01,-1.1,-0.73,-1.53,0,0,0,0,0,0,0,0,0,0,0,0,0
2026-09-17,2026-09-16,WY,Real Estate,21.81,5366.34,15719.26,2.45,-2.15,-2.33,0.18,0.09,-3.45,1,0,0,0,0,0,0,0,0,0,0,0,1
2026-09-17,2026-09-16,WYFI,Technology,17.26,2806.95,670.52,0.44,2.62,0.0,2.62,1.22,-10.62,0,0,0,0,0,0,0,0,0,0,0,0,0
2026-09-17,2026-09-16,WYNN,Consumer Cyclical,84.22,1560.48,8672.98,1.56,-2.87,-3.04,0.18,0.48,-6.66,0,0,0,0,0,0,0,0,0,0,0,0,0
2026-09-17,2026-09-16,XE,Industrials,14.57,5785.58,5920.75,1.16,-3.03,-3.64,0.63,0.96,-15.59,0,0,0,0,0,0,0,0,0,0,0,0,0
2026-09-17,2026-09-16,XEL,Utilities,72.71,5321.36,45417.16,1.44,0.3,0.43,-0.12,-0.14,-4.57,0,0,0,0,0,0,0,0,0,0,0,0,0
2026-09-17,2026-09-16,XENE,Healthcare,56.76,1080.28,5496.66,0.67,0.85,0.16,0.69,0.0,-3.76,0,0,0,0,0,0,0,0,0,0,0,0,0
2026-09-17,2026-09-16,XERS,Healthcare,7.78,1855.26,1418.45,1.1,3.87,3.73,0.13,0.0,0.91,0,0,0,0,0,0,0,0,0,0,0,0,0
2026-09-17,2026-09-16,XHR,Real Estate,17.54,779.47,1617.99,1.1,0.29,0.0,0.29,0.0,-0.57,0,0,0,0,0,0,0,0,0,0,0,0,0
2026-09-17,2026-09-16,XIFR,Utilities,11.06,887.25,2135.18,0.69,0.18,0.0,0.18,0.0,-5.63,0,0,0,0,0,0,0,0,0,0,0,0,0
2026-09-17,2026-09-16,XMAX,Consumer Cyclical,8.78,912.83,566.52,0.79,-1.07,-1.35,0.28,-0.11,3.29,0,0,0,0,0,0,0,0,0,0,0,0,0
2026-09-17,2026-09-16,XMTR,Industrials,93.15,722.2,5339.7,1.33,6.35,6.01,0.33,1.45,8.83,0,0,0,1,0,0,0,0,0,0,0,0,1
2026-09-17,2026-09-16,XNCR,Healthcare,23.71,1197.5,1762.92,1.03,-0.17,-0.67,0.51,-1.31,-4.93,0,0,0,0,0,0,0,0,0,0,0,0,0
2026-09-17,2026-09-16,XNDU,Technology,7.5,1688.81,2282.95,1.03,-3.85,-4.7,0.9,1.33,-17.13,0,0,0,0,0,0,0,0,0,0,0,0,0
2026-09-17,2026-09-16,XOM,Energy,163.32,15180.1,671557.52,0.89,-3.54,-2.34,-1.23,0.24,-0.55,0,0,0,0,0,0,0,0,0,0,0,0,0
2026-09-17,2026-09-16,XP,Financial,19.76,5570.49,10216.22,1.03,1.18,1.44,-0.26,0.0,3.78,0,0,0,0,0,0,0,0,0,0,0,0,0
2026-09-17,2026-09-16,XPEV,Consumer Cyclical,10.34,7431.7,8089.5,0.62,1.08,0.49,0.59,0.28,-2.18,0,0,0,0,0,0,0,0,0,0,0,0,0
2026-09-17,2026-09-16,XPO,Industrials,174.41,1083.27,20421.05,1.33,-2.15,-0.26,-1.89,0.09,-5.34,0,0,0,0,0,0,0,0,0,0,0,0,0
2026-09-17,2026-09-16,XPRO,Energy,16.44,1064.61,1847.02,1.02,-5.68,-5.41,-0.29,-0.12,-9.62,0,0,0,1,0,0,0,0,0,0,0,0,1
2026-09-17,2026-09-16,XRAY,Healthcare,10.14,4995.46,2021.45,1.1,3.15,3.47,-0.31,0.29,-5.41,0,0,0,0,0,0,0,0,0,0,0,0,0
2026-09-17,2026-09-16,XXI,Consumer Defensive,5.32,1548.1,3465.87,0.81,-1.12,0.0,-1.12,-0.19,-5.51,0,0,0,0,0,0,0,0,0,0,0,0,0
2026-09-17,2026-09-16,XYL,Industrials,107.27,2063.25,25046.13,1.43,-0.21,-1.17,0.97,-0.24,-0.34,0,0,0,0,0,0,0,0,0,0,0,0,0
2026-09-17,2026-09-16,XYZ,Technology,76.63,4922.74,46039.07,0.85,-2.15,-2.34,0.2,0.04,-3.49,0,0,0,0,0,0,0,0,0,0,0,0,0
2026-09-17,2026-09-16,YELP,Communication Services,20.76,1172.1,1126.51,0.76,-1.8,-0.76,-1.04,0.0,1.42,0,0,0,0,0,0,0,0,0,0,0,0,0
2026-09-17,2026-09-16,YETI,Consumer Cyclical,40.55,1455.99,2959.7,1.39,2.94,1.88,1.04,-0.47,0.1,0,0,0,0,0,0,0,0,0,0,0,0,0
2026-09-17,2026-09-16,YEXT,Technology,6.39,1146.54,632.47,0.85,0.0,1.59,-1.56,0.0,4.93,0,0,0,0,0,0,0,0,0,0,0,0,0
2026-09-17,2026-09-16,YMM,Technology,8.07,6756.67,7525.36,0.71,0.12,0.12,0.0,0.0,-2.89,0,0,0,0,0,0,0,0,0,0,0,0,0
2026-09-17,2026-09-16,YOU,Technology,40.67,1601.78,5502.17,1.95,-2.19,1.83,-3.94,-0.57,-5.79,0,0,0,0,0,0,1,0,0,0,0,0,1
2026-09-17,2026-09-16,YPF,Energy,54.65,1337.76,21491.66,0.82,-5.14,-3.51,-1.68,1.85,0.07,0,0,0,1,0,0,0,0,0,0,0,0,1
2026-09-17,2026-09-16,YSS,Industrials,8.23,2353.28,1130.45,1.8,5.92,4.71,1.16,0.24,1.98,0,0,0,1,0,0,0,0,0,0,0,0,1
2026-09-17,2026-09-16,YUM,Consumer Cyclical,137.96,2531.91,37649.44,0.93,-2.0,-2.26,0.27,0.75,-4.96,0,0,0,0,0,0,0,0,0,0,0,0,0
2026-09-17,2026-09-16,YUMC,Consumer Cyclical,41.36,1598.12,14164.07,0.7,-0.79,-1.05,0.26,1.5,-2.87,0,0,0,0,0,0,0,0,0,0,0,0,0
2026-09-17,2026-09-16,Z,Communication Services,31.31,3734.8,7067.14,1.04,-3.72,-3.1,-0.65,0.56,-2.58,0,0,0,0,0,0,0,0,0,0,0,0,0
2026-09-17,2026-09-16,ZBH,Healthcare,96.78,2234.0,18459.6,0.85,-1.66,-0.99,-0.67,0.0,2.29,0,0,0,0,0,0,0,0,0,0,0,0,0
2026-09-17,2026-09-16,ZBIO,Healthcare,32.32,839.5,2106.51,0.89,1.22,1.35,-0.13,0.0,0.09,0,0,0,0,0,0,0,0,0,0,0,0,0
2026-09-17,2026-09-16,ZBRA,Technology,341.18,740.0,16141.45,0.7,-0.45,-1.07,0.62,0.09,-1.06,0,0,0,0,0,0,0,0,0,0,0,0,0
2026-09-17,2026-09-16,ZD,Communication Services,58.75,638.34,2014.38,1.48,-0.78,-0.34,-0.44,0.0,6.2,0,0,0,0,0,0,0,0,0,0,0,0,0
2026-09-17,2026-09-16,ZETA,Technology,30.85,8474.29,7743.77,0.53,-0.61,1.05,-1.64,0.16,1.41,0,0,0,0,0,0,0,0,0,0,0,0,0
2026-09-17,2026-09-16,ZG,Communication Services,32.0,1191.69,7079.21,0.9,-3.56,-2.85,-0.72,0.03,-2.45,0,0,0,0,0,0,0,0,0,0,0,0,0
2026-09-17,2026-09-16,ZGN,Consumer Cyclical,11.8,1184.37,6738.0,0.95,1.72,0.43,1.29,0.0,0.85,0,0,0,0,0,0,0,0,0,0,0,0,0
2026-09-17,2026-09-16,ZIM,Industrials,29.33,1471.77,3534.85,0.5,-0.81,-0.81,0.0,0.1,-0.17,0,0,0,0,0,0,0,0,0,0,0,0,0
2026-09-17,2026-09-16,ZION,Financial,65.47,1552.3,9555.57,1.49,-3.71,-3.34,-0.38,0.0,-3.88,0,0,0,0,0,0,0,0,0,0,0,0,0
2026-09-17,2026-09-16,ZLAB,Healthcare,24.67,979.64,2783.02,1.18,-0.52,-0.92,0.4,0.57,-1.63,0,0,0,0,0,0,0,0,0,0,0,0,0
2026-09-17,2026-09-16,ZM,Technology,91.94,3385.89,26826.6,0.79,-1.21,-0.35,-0.87,0.1,-4.41,0,0,0,0,0,0,0,0,0,0,0,0,0
2026-09-17,2026-09-16,ZS,Technology,191.58,3013.69,31238.02,1.1,-1.19,0.37,-1.56,0.4,15.34,0,0,0,0,0,0,0,0,0,0,1,0,1
2026-09-17,2026-09-16,ZTO,Industrials,20.21,1765.41,11070.03,1.22,-1.03,-0.88,-0.15,0.15,-2.46,0,0,0,0,0,0,0,0,0,0,0,0,0
2026-09-17,2026-09-16,ZTS,Healthcare,73.0,6153.36,30165.32,0.75,-0.59,-0.64,0.05,0.15,-0.42,0,0,0,0,0,0,0,0,0,0,0,0,0
2026-09-17,2026-09-16,ZVRA,Healthcare,11.8,1247.38,700.73,0.64,1.29,1.29,0.0,1.61,-1.99,0,0,0,0,0,0,0,0,0,0,0,0,0
2026-09-17,2026-09-16,ZWS,Industrials,45.89,970.22,7611.5,0.82,-0.63,-1.1,0.48,0.0,-1.59,0,0,0,0,0,0,0,0,0,0,0,0,0
2026-09-17,2026-09-16,ZYME,Healthcare,26.24,606.17,1876.41,1.13,0.73,0.27,0.46,-1.75,-3.35,0,0,0,0,0,0,0,0,0,0,0,0,0
2026-09-18,2026-09-17,A,Healthcare,156.34,2187.48,44076.75,1.32,1.72,0.22,1.5,1.25,9.24,0,0,0,0,0,0,0,0,0,0,0,0,0
2026-09-18,2026-09-17,AA,Basic Materials,46.97,5335.25,12395.83,0.48,1.53,-0.59,2.14,0.38,-2.75,0,0,0,0,0,0,0,0,0,0,0,0,0
2026-09-18,2026-09-17,AADX,Industrials,12.7,1352.11,2189.39,1.13,0.08,-3.35,3.55,0.55,10.05,0,0,0,0,0,0,1,0,0,0,0,0,1
2026-09-18,2026-09-17,AAL,Industrials,12.94,97349.9,8565.89,0.87,1.89,-0.77,2.68,0.23,0.7,0,0,0,0,0,0,0,0,0,0,0,0,0
2026-09-18,2026-09-17,AAOI,Technology,98.06,10177.16,8325.91,0.77,1.36,-2.65,4.12,0.57,-5.06,0,0,0,0,0,0,1,0,0,0,0,0,1
2026-09-18,2026-09-17,AAON,Industrials,76.43,1114.63,6301.93,0.96,1.15,-3.55,4.87,0.09,-0.12,0,0,0,0,0,0,1,0,0,0,0,0,1
2026-09-18,2026-09-17,AAP,Consumer Cyclical,41.98,1938.78,2535.59,0.64,0.19,-2.33,2.58,0.02,-3.07,0,0,0,0,0,0,0,0,0,0,0,0,0
2026-09-18,2026-09-17,AAPL,Technology,337.0,53530.65,4918238.55,0.69,1.38,0.67,0.71,-0.21,3.19,0,0,0,0,0,0,0,0,0,0,0,0,0
2026-09-18,2026-09-17,AAUC,Basic Materials,21.53,675.63,3000.21,0.5,2.82,-0.05,2.87,1.9,-4.23,0,0,0,0,0,0,0,0,0,0,0,0,0
2026-09-18,2026-09-17,ABBV,Healthcare,264.02,6344.94,466554.29,0.55,0.58,0.54,0.04,0.05,3.54,0,0,0,0,0,0,0,0,0,0,0,0,0
2026-09-18,2026-09-17,ABCL,Healthcare,12.73,7443.03,4125.12,1.08,9.08,4.77,4.11,-0.24,21.7,0,0,0,1,1,0,1,0,0,0,1,0,1
2026-09-18,2026-09-17,ABEO,Healthcare,5.59,1463.69,319.66,2.36,4.1,-1.76,5.96,1.79,2.01,1,0,0,0,0,0,1,1,0,0,0,0,1
2026-09-18,2026-09-17,ABNB,Consumer Cyclical,165.93,4389.75,99356.51,0.72,-0.94,-2.0,1.07,0.02,-1.03,0,0,0,0,0,0,0,0,0,0,0,0,0
2026-09-18,2026-09-17,ABSI,Healthcare,9.27,4426.37,1590.87,1.96,15.3,11.75,3.17,0.32,12.5,0,0,0,1,1,1,1,0,0,0,0,0,1
2026-09-18,2026-09-17,ABT,Healthcare,102.23,10639.26,176897.09,0.79,-0.13,0.08,-0.21,-0.22,-1.09,0,0,0,0,0,0,0,0,0,0,0,0,0
2026-09-18,2026-09-17,ABTC,Financial,8.83,1665.89,643.0,1.13,8.48,4.5,3.81,0.06,9.96,0,0,0,1,1,0,1,0,0,0,0,0,1
2026-09-18,2026-09-17,ABUS,Healthcare,5.07,3200.0,1004.39,0.85,0.4,-0.59,0.99,0.59,-0.98,0,0,0,0,0,0,0,0,0,0,0,0,0
2026-09-18,2026-09-17,ABVX,Healthcare,106.99,1437.74,9345.58,0.8,4.66,2.29,2.31,0.01,-7.73,0,0,0,0,0,0,0,0,0,0,0,0,0
2026-09-18,2026-09-17,ABX,Financial,9.07,598.02,886.98,0.56,-1.52,-4.43,3.04,0.0,-4.83,0,0,0,0,0,0,1,0,0,0,0,0,1
2026-09-18,2026-09-17,ACA,Industrials,145.45,820.12,7142.58,0.88,0.21,-0.1,0.32,0.0,0.14,0,0,0,0,0,0,0,0,0,0,0,0,0
2026-09-18,2026-09-17,ACAD,Healthcare,27.45,1671.15,4729.78,0.78,-0.33,-1.19,0.87,0.0,-1.05,0,0,0,0,0,0,0,0,0,0,0,0,0
2026-09-18,2026-09-17,ACDC,Energy,5.06,1584.3,921.54,1.13,4.55,4.76,-0.21,0.2,-2.5,0,0,0,0,0,0,0,0,0,0,0,0,0
2026-09-18,2026-09-17,ACGL,Financial,96.7,2296.64,32996.86,1.39,-0.28,-0.31,0.03,-0.02,0.52,0,0,0,0,0,0,0,0,0,0,0,0,0
2026-09-18,2026-09-17,ACHC,Healthcare,28.81,2549.35,2682.22,0.61,2.31,0.63,1.67,0.0,0.98,0,0,0,0,0,0,0,0,0,0,0,0,0
2026-09-18,2026-09-17,ACHR,Industrials,5.4,34196.98,4158.12,0.75,3.45,1.5,1.92,0.18,-0.92,0,0,0,0,0,0,0,0,0,0,0,0,0
2026-09-18,2026-09-17,ACHV,Healthcare,7.91,1855.34,813.96,1.01,6.6,4.22,2.29,1.26,8.65,0,0,0,1,0,0,0,0,0,0,0,0,1
2026-09-18,2026-09-17,ACI,Consumer Defensive,12.56,8514.71,6095.69,0.81,0.0,-0.32,0.32,0.16,7.35,0,0,0,0,0,0,0,0,0,0,0,0,0
2026-09-18,2026-09-17,ACIW,Technology,51.18,1026.95,5166.89,0.67,-0.78,-0.7,-0.08,0.0,-1.52,0,0,0,0,0,0,0,0,0,0,0,0,0
2026-09-18,2026-09-17,ACM,Industrials,63.41,2019.87,8160.64,0.53,0.96,0.35,0.6,1.42,0.83,0,0,0,0,0,0,0,0,0,0,0,0,0
2026-09-18,2026-09-17,ACMR,Technology,67.77,1200.54,4720.12,0.7,4.55,0.12,4.43,0.07,-6.38,0,0,0,0,0,0,1,0,0,0,0,0,1
2026-09-18,2026-09-17,ACN,Technology,190.29,8375.11,116446.47,0.35,0.34,0.18,0.16,0.21,6.96,0,0,0,0,0,0,0,0,0,0,0,0,0
2026-09-18,2026-09-17,ACRS,Healthcare,5.4,2166.34,794.88,1.76,1.5,0.56,0.94,0.0,-1.91,0,0,0,0,0,0,0,0,0,0,0,0,0
2026-09-18,2026-09-17,ACVA,Consumer Cyclical,10.48,6263.37,1779.59,3.78,0.58,0.19,0.38,-0.19,45.15,1,1,0,0,0,0,0,0,0,0,1,1,1
2026-09-18,2026-09-17,ADBE,Technology,252.67,5722.72,100436.32,0.89,0.87,0.93,-0.06,-0.09,1.54,0,0,0,0,0,0,0,0,0,0,0,0,0
2026-09-18,2026-09-17,ADC,Real Estate,68.16,1324.77,8477.69,1.26,-0.5,-2.38,1.93,1.58,-4.66,0,0,0,0,0,0,0,0,0,0,0,0,0
2026-09-18,2026-09-17,ADEA,Technology,24.92,1258.32,2748.19,0.52,-0.2,-2.66,2.52,0.0,-5.27,0,0,0,0,0,0,0,0,0,0,0,0,0
2026-09-18,2026-09-17,ADI,Technology,362.65,4202.37,175727.66,0.68,0.17,-1.97,2.19,-0.61,0.39,0,0,0,0,0,0,0,0,0,0,0,0,0
2026-09-18,2026-09-17,ADIG,Technology,21.64,1066.76,1642.98,0.78,3.1,1.17,1.91,0.0,1.07,0,0,0,0,0,0,0,0,0,0,0,0,0
2026-09-18,2026-09-17,ADM,Consumer Defensive,88.09,3751.29,42455.82,0.98,3.64,4.14,-0.48,-0.1,1.36,0,0,0,0,0,0,0,0,0,0,0,0,0
2026-09-18,2026-09-17,ADMA,Healthcare,8.95,2677.9,2004.66,0.8,0.56,-0.56,1.12,1.45,-4.69,0,0,0,0,0,0,0,0,0,0,0,0,0
2026-09-18,2026-09-17,ADNT,Consumer Cyclical,18.47,971.01,1423.98,0.93,1.32,-1.12,2.47,0.0,-2.07,0,0,0,0,0,0,0,0,0,0,0,0,0
2026-09-18,2026-09-17,ADP,Technology,272.24,2460.36,108150.81,0.74,-0.35,0.34,-0.69,-0.24,1.84,0,0,0,0,0,0,0,0,0,0,0,0,0
2026-09-18,2026-09-17,ADPT,Healthcare,28.55,2744.47,4556.46,1.2,3.18,1.13,2.02,0.32,17.83,0,0,0,0,0,0,0,0,0,0,1,0,1
2026-09-18,2026-09-17,ADSK,Technology,218.64,2444.66,45695.76,0.66,-0.76,-0.05,-0.7,0.27,3.32,0,0,0,0,0,0,0,0,0,0,0,0,0
2026-09-18,2026-09-17,ADT,Industrials,6.99,7759.28,5106.61,0.9,-0.57,-0.99,0.43,0.86,-0.29,0,0,0,0,0,0,0,0,0,0,0,0,0
2026-09-18,2026-09-17,ADTN,Technology,7.1,2039.37,578.51,0.9,0.14,-2.54,2.75,0.14,-1.11,0,0,0,0,0,0,0,0,0,0,0,0,0
2026-09-18,2026-09-17,AEE,Utilities,103.9,1612.15,28764.02,1.08,0.83,0.46,0.37,0.0,-1.0,0,0,0,0,0,0,0,0,0,0,0,0,0
2026-09-18,2026-09-17,AEG,Financial,9.11,4864.09,13452.74,0.78,1.0,-0.11,1.11,0.11,0.66,0,0,0,0,0,0,0,0,0,0,0,0,0
2026-09-18,2026-09-17,AEHR,Technology,90.55,2736.16,2957.33,0.91,7.48,1.8,5.58,-0.21,-3.48,0,0,0,1,0,0,1,1,0,0,0,0,1
2026-09-18,2026-09-17,AEIS,Industrials,254.43,728.07,10190.03,0.6,0.88,-2.31,3.26,0.42,-7.05,0,0,0,0,0,0,1,0,0,0,0,0,1
2026-09-18,2026-09-17,AEM,Basic Materials,201.37,2928.12,102593.99,0.78,2.97,-0.5,3.49,0.28,2.38,0,0,0,0,0,0,1,0,0,0,0,0,1
2026-09-18,2026-09-17,AEO,Consumer Cyclical,14.91,5453.95,2498.52,0.67,0.68,-0.86,1.55,-0.04,2.62,0,0,0,0,0,0,0,0,0,0,0,0,0
2026-09-18,2026-09-17,AEP,Utilities,121.62,4297.38,66209.61,1.13,0.77,0.31,0.46,-0.34,-1.5,0,0,0,0,0,0,0,0,0,0,0,0,0
2026-09-18,2026-09-17,AER,Industrials,143.33,1091.76,22134.46,0.98,0.79,-0.6,1.39,-0.23,2.07,0,0,0,0,0,0,0,0,0,0,0,0,0
2026-09-18,2026-09-17,AES,Utilities,14.85,7691.73,10594.57,0.94,0.27,0.07,0.2,0.2,0.34,0,0,0,0,0,0,0,0,0,0,0,0,0
2026-09-18,2026-09-17,AESI,Energy,13.42,3207.87,1677.55,0.57,-1.11,-1.68,0.59,1.27,-3.24,0,0,0,0,0,0,0,0,0,0,0,0,0
2026-09-18,2026-09-17,AEVA,Technology,15.25,1794.35,1063.01,0.83,5.9,3.04,2.78,0.07,1.87,0,0,0,1,0,0,0,0,0,0,0,0,1
2026-09-18,2026-09-17,AFL,Financial,116.6,2193.27,58456.63,0.78,-0.18,-0.36,0.18,0.0,1.86,0,0,0,0,0,0,0,0,0,0,0,0,0
2026-09-18,2026-09-17,AFRM,Financial,70.28,4339.53,23713.96,0.83,-1.82,-5.05,3.41,0.12,3.37,0,0,0,0,0,0,1,0,0,0,0,0,1
2026-09-18,2026-09-17,AG,Basic Materials,19.49,10401.03,9606.82,0.73,6.33,1.25,5.02,-0.21,-3.28,0,0,0,1,0,0,1,1,0,0,0,0,1
2026-09-18,2026-09-17,AGCO,Industrials,121.57,946.25,8513.75,1.7,1.4,-0.1,1.5,0.0,-0.3,0,0,0,0,0,0,0,0,0,0,0,0,0
2026-09-18,2026-09-17,AGEN,Healthcare,7.22,4240.65,325.05,0.18,0.14,-1.23,1.39,0.0,4.79,0,0,0,0,0,0,0,0,0,0,0,0,0
2026-09-18,2026-09-17,AGI,Basic Materials,35.76,4686.18,14969.14,0.68,3.8,0.42,3.37,0.36,0.25,0,0,0,0,0,0,1,0,0,0,0,0,1
2026-09-18,2026-09-17,AGIO,Healthcare,33.61,1102.61,2006.58,0.87,2.0,0.57,1.43,0.0,-0.09,0,0,0,0,0,0,0,0,0,0,0,0,0
2026-09-18,2026-09-17,AGNC,Real Estate,9.91,19181.47,11748.12,1.67,0.3,-1.59,1.92,0.61,-2.75,0,0,0,0,0,0,0,0,0,0,0,0,0
2026-09-18,2026-09-17,AGRO,Consumer Defensive,11.83,839.66,1707.16,0.59,1.81,1.63,0.17,0.0,-4.06,0,0,0,0,0,0,0,0,0,0,0,0,0
2026-09-18,2026-09-17,AHCO,Healthcare,5.76,2751.98,785.34,0.89,-2.54,-3.52,1.02,0.0,-1.54,0,0,0,0,0,0,0,0,0,0,0,0,0
2026-09-18,2026-09-17,AHR,Real Estate,53.15,3373.17,11668.65,0.91,0.02,-0.47,0.49,-0.66,-1.68,0,0,0,0,0,0,0,0,0,0,0,0,0
2026-09-18,2026-09-17,AI,Technology,10.78,5310.07,1733.21,0.55,2.08,1.41,0.66,0.19,2.96,0,0,0,0,0,0,0,0,0,0,0,0,0
2026-09-18,2026-09-17,AIG,Financial,75.68,3832.78,39572.55,1.06,-0.51,-0.22,-0.29,-0.7,0.87,0,0,0,0,0,0,0,0,0,0,0,0,0
2026-09-18,2026-09-17,AIP,Technology,22.37,785.36,1099.53,0.92,7.19,4.0,3.07,1.43,-0.18,0,0,0,1,0,0,1,0,0,0,0,0,1
2026-09-18,2026-09-17,AJG,Financial,241.41,1531.3,61873.38,0.62,-0.97,-0.73,-0.25,0.0,-0.78,0,0,0,0,0,0,0,0,0,0,0,0,0
2026-09-18,2026-09-17,AKAM,Technology,107.08,3579.17,15389.17,0.8,2.49,1.92,0.56,-0.4,-0.05,0,0,0,0,0,0,0,0,0,0,0,0,0
2026-09-18,2026-09-17,ALAB,Technology,293.56,4708.8,50928.29,0.89,9.06,5.18,3.68,-1.28,3.17,0,0,0,1,1,0,1,0,0,0,0,0,1
2026-09-18,2026-09-17,ALB,Basic Materials,115.05,2356.17,13576.48,0.92,5.1,2.27,2.77,0.59,-5.78,0,0,0,1,0,0,0,0,0,0,0,0,1
2026-09-18,2026-09-17,ALC,Healthcare,65.18,1916.49,31423.28,1.11,-1.69,-1.64,-0.05,-0.03,-2.06,0,0,0,0,0,0,0,0,0,0,0,0,0
2026-09-18,2026-09-17,ALGM,Technology,33.11,2740.23,6171.78,0.72,0.27,-3.86,4.3,1.96,-6.12,0,0,0,0,0,0,1,0,0,0,0,0,1
2026-09-18,2026-09-17,ALGN,Healthcare,149.71,957.39,10635.37,0.83,-0.49,-0.99,0.51,0.09,-0.67,0,0,0,0,0,0,0,0,0,0,0,0,0
2026-09-18,2026-09-17,ALGT,Industrials,79.12,559.64,2163.1,0.76,0.62,-1.4,2.05,1.84,4.02,0,0,0,0,0,0,0,0,0,0,0,0,0
2026-09-18,2026-09-17,ALH,Consumer Cyclical,21.49,1107.33,4271.97,0.99,-0.28,-2.41,2.18,0.0,1.66,0,0,0,0,0,0,0,0,0,0,0,0,0
2026-09-18,2026-09-17,ALHC,Healthcare,8.7,5739.0,1804.69,4.43,-0.11,1.4,-1.49,0.57,-31.82,1,1,0,0,0,0,0,0,0,0,0,0,1
2026-09-18,2026-09-17,ALIT,Technology,12.29,804.37,331.09,0.48,3.28,2.93,0.34,0.0,1.99,0,0,0,0,0,0,0,0,0,0,0,0,0
2026-09-18,2026-09-17,ALK,Industrials,40.01,2786.57,4465.24,0.9,0.83,-1.7,2.57,0.56,-0.25,0,0,0,0,0,0,0,0,0,0,0,0,0
2026-09-18,2026-09-17,ALKS,Healthcare,46.71,1895.44,7836.22,0.75,1.39,-0.83,2.24,0.0,1.3,0,0,0,0,0,0,0,0,0,0,0,0,0
2026-09-18,2026-09-17,ALKT,Technology,18.76,1643.08,2006.23,0.66,-0.95,-0.48,-0.48,0.0,-1.57,0,0,0,0,0,0,0,0,0,0,0,0,0
2026-09-18,2026-09-17,ALL,Financial,252.21,1749.64,63773.31,0.85,-1.04,-0.71,-0.33,0.0,0.17,0,0,0,0,0,0,0,0,0,0,0,0,0
2026-09-18,2026-09-17,ALLE,Industrials,153.63,1342.5,13064.2,0.75,0.54,-0.9,1.45,0.2,1.56,0,0,0,0,0,0,0,0,0,0,0,0,0
2026-09-18,2026-09-17,ALLY,Financial,40.6,3123.9,12350.51,1.12,0.72,-0.73,1.46,0.0,-3.72,0,0,0,0,0,0,0,0,0,0,0,0,0
2026-09-18,2026-09-17,ALM,Basic Materials,14.13,6550.11,4076.24,0.89,4.9,0.57,4.31,0.68,-14.73,0,0,0,0,0,0,1,0,0,0,0,0,1
2026-09-18,2026-09-17,ALMS,Healthcare,7.82,2292.78,1043.93,1.53,-1.51,-2.62,1.13,0.64,-21.01,0,0,0,0,0,0,0,0,0,0,0,0,0
2026-09-18,2026-09-17,ALMU,Technology,11.55,534.77,222.42,3.42,-14.04,2.99,-16.53,0.06,-12.8,1,1,0,1,1,1,1,1,0,0,0,0,1
2026-09-18,2026-09-17,ALNY,Healthcare,245.51,1836.15,32851.48,0.55,2.57,1.2,1.35,0.4,-0.81,0,0,0,0,0,0,0,0,0,0,0,0,0
2026-09-18,2026-09-17,ALOY,Basic Materials,8.25,2766.23,572.7,0.7,1.23,-4.18,5.64,2.42,-6.14,0,0,0,0,0,0,1,1,1,0,0,0,1
2026-09-18,2026-09-17,ALSN,Consumer Cyclical,119.76,1049.41,9889.55,0.66,0.94,-1.03,2.0,0.0,-6.1,0,0,0,0,0,0,0,0,0,0,0,0,0
2026-09-18,2026-09-17,ALV,Consumer Cyclical,117.49,653.96,8604.64,0.83,1.4,-0.01,1.41,0.0,-3.04,0,0,0,0,0,0,0,0,0,0,0,0,0
2026-09-18,2026-09-17,ALVO,Healthcare,5.34,908.0,2084.9,1.88,4.71,2.3,2.35,1.12,1.91,0,0,0,0,0,0,0,0,0,0,0,0,0
2026-09-18,2026-09-17,AM,Energy,21.25,2357.12,10086.82,1.26,0.43,0.81,-0.38,-0.94,-4.58,0,0,0,0,0,0,0,0,0,0,0,0,0
2026-09-18,2026-09-17,AMAT,Technology,417.4,8767.7,331247.56,0.79,0.49,-2.38,2.94,-0.24,-8.06,0,0,0,0,0,0,0,0,0,0,0,0,0
2026-09-18,2026-09-17,AMBA,Technology,66.91,1821.16,2953.47,0.92,6.6,4.79,1.72,-0.52,-1.41,0,0,0,1,0,0,0,0,0,0,0,0,1
2026-09-18,2026-09-17,AMBQ,Technology,62.35,565.2,1507.9,0.8,4.09,0.96,3.11,0.82,2.79,0,0,0,0,0,0,1,0,0,0,0,0,1
2026-09-18,2026-09-17,AMCR,Consumer Cyclical,42.38,3604.23,19594.21,0.9,0.98,-0.38,1.36,0.0,-1.44,0,0,0,0,0,0,0,0,0,0,0,0,0
2026-09-18,2026-09-17,AMCX,Communication Services,11.77,625.49,485.51,0.92,-3.05,-3.05,0.0,0.76,-2.49,0,0,0,0,0,0,0,0,0,0,0,0,0
2026-09-18,2026-09-17,AMD,Technology,545.09,25116.16,889845.82,1.13,6.36,2.15,4.12,0.06,8.24,0,0,0,1,0,0,1,0,0,0,0,0,1
2026-09-18,2026-09-17,AME,Industrials,234.32,1256.54,53720.5,1.49,0.92,-0.82,1.75,0.08,0.03,0,0,0,0,0,0,0,0,0,0,0,0,0
2026-09-18,2026-09-17,AMGN,Healthcare,379.78,2640.79,205321.22,1.22,0.91,0.17,0.74,-0.21,-0.7,0,0,0,0,0,0,0,0,0,0,0,0,0
2026-09-18,2026-09-17,AMH,Real Estate,31.28,2245.97,11255.01,1.39,-0.32,-0.95,0.64,0.0,-0.89,0,0,0,0,0,0,0,0,0,0,0,0,0
2026-09-18,2026-09-17,AMKR,Technology,47.95,5230.79,11913.3,0.67,3.61,0.05,3.55,0.1,-3.19,0,0,0,0,0,0,1,0,0,0,0,0,1
2026-09-18,2026-09-17,AMLX,Healthcare,33.94,2454.92,4259.91,0.65,4.01,1.83,2.15,0.18,5.77,0,0,0,0,0,0,0,0,0,0,0,0,0
2026-09-18,2026-09-17,AMN,Healthcare,34.55,775.13,1338.12,0.85,-1.06,-1.09,0.03,0.0,4.54,0,0,0,0,0,0,0,0,0,0,0,0,0
2026-09-18,2026-09-17,AMP,Financial,545.7,582.71,48203.44,0.9,0.89,0.21,0.69,0.0,-1.41,0,0,0,0,0,0,0,0,0,0,0,0,0
2026-09-18,2026-09-17,AMPL,Technology,13.81,2139.11,1725.08,0.58,2.52,0.44,2.07,0.0,10.83,0,0,0,0,0,0,0,0,0,0,0,0,0
2026-09-18,2026-09-17,AMPX,Industrials,9.54,6029.41,1393.61,0.77,4.84,0.53,4.29,0.8,-0.1,0,0,0,0,0,0,1,0,0,0,0,0,1
2026-09-18,2026-09-17,AMRC,Industrials,23.7,662.56,1257.67,0.97,3.67,0.64,3.02,0.0,3.99,0,0,0,0,0,0,1,0,0,0,0,0,1
2026-09-18,2026-09-17,AMRX,Healthcare,18.28,1968.84,5837.79,1.43,1.11,-1.51,2.65,0.27,8.36,0,0,0,0,0,0,0,0,0,0,0,0,0
2026-09-18,2026-09-17,AMRZ,Basic Materials,38.19,3554.09,21139.57,0.95,-0.55,-2.61,2.12,1.05,-5.56,0,0,0,0,0,0,0,0,0,0,0,0,0
2026-09-18,2026-09-17,AMSC,Industrials,29.15,759.88,1412.09,0.86,4.82,0.03,4.78,0.51,1.71,0,0,0,0,0,0,1,0,0,0,0,0,1
2026-09-18,2026-09-17,AMT,Real Estate,175.58,2838.24,81813.26,0.94,-0.46,-1.01,0.56,-0.05,1.5,0,0,0,0,0,0,0,0,0,0,0,0,0
2026-09-18,2026-09-17,AMTM,Industrials,20.19,2098.49,4936.59,0.59,1.56,0.4,1.16,0.05,3.22,0,0,0,0,0,0,0,0,0,0,0,0,0
2026-09-18,2026-09-17,AMX,Communication Services,23.03,2327.36,70485.62,0.65,0.22,-0.26,0.48,0.0,0.92,0,0,0,0,0,0,0,0,0,0,0,0,0
2026-09-18,2026-09-17,AMZN,Consumer Cyclical,251.19,46747.17,2709414.36,0.65,2.13,0.05,2.08,-0.21,-0.28,0,0,0,0,0,0,0,0,0,0,0,0,0
2026-09-18,2026-09-17,ANAB,Healthcare,55.06,587.8,1630.25,0.75,1.38,-0.05,1.44,0.0,-0.18,0,0,0,0,0,0,0,0,0,0,0,0,0
2026-09-18,2026-09-17,ANET,Technology,199.53,7151.97,251652.14,1.0,1.01,-1.76,2.82,0.16,5.58,0,0,0,0,0,0,0,0,0,0,0,0,0
2026-09-18,2026-09-17,ANF,Consumer Cyclical,138.6,1539.38,5881.41,0.58,-0.92,-2.22,1.32,0.54,-3.03,0,0,0,0,0,0,0,0,0,0,0,0,0
2026-09-18,2026-09-17,ANGI,Communication Services,5.3,823.8,214.95,0.73,0.19,0.57,-0.38,0.94,13.98,0,0,0,0,0,0,0,0,0,0,0,0,0
2026-09-18,2026-09-17,ANRO,Healthcare,30.98,560.88,1215.72,0.73,3.27,1.27,1.97,-0.11,-2.21,0,0,0,0,0,0,0,0,0,0,0,0,0
2026-09-18,2026-09-17,AON,Financial,296.05,1505.98,62799.74,2.17,-1.5,-1.17,-0.34,0.24,-3.81,1,0,0,0,0,0,0,0,0,0,0,0,1
2026-09-18,2026-09-17,AORT,Healthcare,23.88,707.8,1164.3,0.81,-4.56,-4.33,-0.24,0.0,-3.12,0,0,0,0,0,0,0,0,0,0,0,0,0
2026-09-18,2026-09-17,AOS,Industrials,56.93,1627.77,7737.28,0.65,0.07,-1.51,1.6,0.18,0.39,0,0,0,0,0,0,0,0,0,0,0,0,0
2026-09-18,2026-09-17,AOSL,Technology,25.21,653.54,762.83,0.77,2.06,-1.56,3.68,-0.83,1.61,0,0,0,0,0,0,1,0,0,0,0,0,1
2026-09-18,2026-09-17,APA,Energy,45.46,5606.31,15926.97,0.91,1.5,1.86,-0.36,0.04,2.09,0,0,0,0,0,0,0,0,0,0,0,0,0
2026-09-18,2026-09-17,APAM,Financial,36.53,857.38,2961.58,0.89,0.55,-0.44,0.99,0.0,-7.98,0,0,0,0,0,0,0,0,0,0,0,0,0
2026-09-18,2026-09-17,APD,Basic Materials,286.12,1203.12,63714.78,1.23,-0.33,-0.64,0.31,0.0,-2.56,0,0,0,0,0,0,0,0,0,0,0,0,0
2026-09-18,2026-09-17,APG,Industrials,37.01,3012.25,16142.29,1.06,0.68,-1.02,1.71,0.0,-0.99,0,0,0,0,0,0,0,0,0,0,0,0,0
2026-09-18,2026-09-17,APGE,Healthcare,135.07,2766.03,10223.45,0.0,0.0,0.0,0.0,,,0,0,0,0,0,0,0,0,0,0,0,0,0
2026-09-18,2026-09-17,APH,Technology,78.37,13530.29,193257.84,0.63,1.44,-0.62,2.07,-0.15,-2.34,0,0,0,0,0,0,0,0,0,0,0,0,0
2026-09-18,2026-09-17,APLD,Technology,26.38,18052.28,7688.95,1.33,8.16,2.47,5.56,0.38,2.33,0,0,0,1,1,0,1,1,0,0,0,0,1
2026-09-18,2026-09-17,APLE,Real Estate,15.59,2850.77,3680.53,0.77,1.04,0.06,0.97,0.0,0.19,0,0,0,0,0,0,0,0,0,0,0,0,0
2026-09-18,2026-09-17,APO,Financial,126.0,3912.74,74408.45,0.77,1.18,0.26,0.92,1.19,-1.49,0,0,0,0,0,0,0,0,0,0,0,0,0
2026-09-18,2026-09-17,APP,Communication Services,321.6,5885.31,107623.76,0.77,-1.52,-3.09,1.62,-0.21,2.26,0,0,0,0,0,0,0,0,0,0,0,0,0
2026-09-18,2026-09-17,APPN,Technology,38.11,873.97,2729.75,0.72,1.63,1.87,-0.24,-0.05,11.86,0,0,0,0,0,0,0,0,0,0,0,0,0
2026-09-18,2026-09-17,APPS,Technology,10.96,3784.37,1326.34,0.68,1.11,-0.36,1.48,0.27,-7.12,0,0,0,0,0,0,0,0,0,0,0,0,0
2026-09-18,2026-09-17,APTV,Consumer Cyclical,43.62,3850.08,9056.97,1.13,0.65,-1.38,2.05,0.92,-4.53,0,0,0,0,0,0,0,0,0,0,0,0,0
2026-09-18,2026-09-17,AQN,Utilities,5.38,4110.09,4265.8,1.13,1.13,0.37,0.75,-0.19,-0.92,0,0,0,0,0,0,0,0,0,0,0,0,0
2026-09-18,2026-09-17,AR,Energy,35.59,4292.95,10941.75,0.85,-0.25,0.08,-0.34,-0.22,-9.14,0,0,0,0,0,0,0,0,0,0,0,0,0
2026-09-18,2026-09-17,ARCC,Financial,19.65,4586.44,14109.15,1.16,1.45,0.8,0.65,0.51,-0.15,0,0,0,0,0,0,0,0,0,0,0,0,0
2026-09-18,2026-09-17,ARCO,Consumer Cyclical,7.64,1169.16,1591.83,1.73,-0.91,-1.67,0.78,0.79,-5.21,0,0,0,0,0,0,0,0,0,0,0,0,0
2026-09-18,2026-09-17,ARCT,Healthcare,16.93,871.49,481.2,1.49,8.53,4.57,3.78,-1.42,21.1,0,0,0,1,1,0,1,0,0,0,1,0,1
2026-09-18,2026-09-17,ARE,Real Estate,56.34,1828.52,9817.11,1.84,5.27,4.92,0.34,-0.6,13.68,0,0,0,1,0,0,0,0,0,0,0,0,1
2026-09-18,2026-09-17,ARES,Financial,125.32,2229.54,41390.34,0.7,0.89,-0.48,1.38,0.0,-4.06,0,0,0,0,0,0,0,0,0,0,0,0,0
2026-09-18,2026-09-17,ARHS,Consumer Cyclical,7.59,1292.54,1075.89,1.41,5.42,1.74,3.61,0.0,-4.41,0,0,0,1,0,0,1,0,0,0,0,0,1
2026-09-18,2026-09-17,ARI,Real Estate,6.45,5269.86,829.11,0.29,-0.77,-1.38,0.62,0.0,-3.44,0,0,0,0,0,0,0,0,0,0,0,0,0
2026-09-18,2026-09-17,ARIS,Basic Materials,18.95,1534.36,3911.28,0.82,3.95,-0.37,4.33,4.22,-2.37,0,0,0,0,0,0,1,0,1,0,0,0,1
2026-09-18,2026-09-17,ARLO,Industrials,13.35,1310.68,1436.64,0.73,-0.37,-1.98,1.64,0.0,2.69,0,0,0,0,0,0,0,0,0,0,0,0,0
2026-09-18,2026-09-17,ARM,Technology,264.9,5957.29,282913.19,1.02,8.57,1.11,7.39,-0.21,4.22,0,0,0,1,1,0,1,1,0,0,0,0,1
2026-09-18,2026-09-17,ARMK,Industrials,56.89,2551.54,14997.63,0.74,-1.25,-1.93,0.69,-0.05,0.23,0,0,0,0,0,0,0,0,0,0,0,0,0
2026-09-18,2026-09-17,AROC,Energy,31.22,2002.41,5474.06,0.93,0.55,-0.26,0.81,0.0,-3.52,0,0,0,0,0,0,0,0,0,0,0,0,0
2026-09-18,2026-09-17,ARQQ,Technology,19.52,633.23,339.7,0.39,2.68,-0.36,3.05,0.41,-5.15,0,0,0,0,0,0,1,0,0,0,0,0,1
2026-09-18,2026-09-17,ARQT,Healthcare,26.46,1829.33,3325.81,3.2,1.22,1.97,-0.73,-1.55,13.17,1,1,0,0,0,0,0,0,0,0,0,0,1
2026-09-18,2026-09-17,ARR,Real Estate,14.86,3868.03,2103.48,1.26,0.34,-0.93,1.28,0.34,-6.13,0,0,0,0,0,0,0,0,0,0,0,0,0
2026-09-18,2026-09-17,ARVN,Healthcare,8.31,805.55,543.36,0.66,1.84,0.24,1.59,0.12,-4.59,0,0,0,0,0,0,0,0,0,0,0,0,0
2026-09-18,2026-09-17,ARW,Technology,215.02,592.23,10945.69,0.66,1.57,-0.07,1.63,0.0,0.74,0,0,0,0,0,0,0,0,0,0,0,0,0
2026-09-18,2026-09-17,ARWR,Healthcare,67.74,2151.56,9568.58,1.49,2.96,-1.7,4.74,0.0,-18.15,0,0,0,0,0,0,1,0,0,0,0,0,1
2026-09-18,2026-09-17,ARX,Financial,19.82,3750.38,4304.68,0.2,-0.1,-0.1,0.0,0.0,-0.1,0,0,0,0,0,0,0,0,0,0,0,0,0
2026-09-18,2026-09-17,ARXS,Industrials,49.7,912.6,21412.07,0.81,0.38,-1.95,2.38,0.0,-4.39,0,0,0,0,0,0,0,0,0,0,0,0,0
2026-09-18,2026-09-17,AS,Consumer Cyclical,26.27,5665.59,15284.46,1.6,-3.17,-4.61,1.51,2.25,-4.16,0,0,0,0,0,0,0,0,1,0,0,0,1
2026-09-18,2026-09-17,ASAN,Technology,10.09,5754.54,2310.31,3.2,4.56,5.65,-1.04,-0.01,17.87,1,1,0,0,0,0,0,0,0,0,1,0,1
2026-09-18,2026-09-17,ASB,Financial,29.88,1969.18,5642.83,1.17,0.4,-0.8,1.21,0.0,-1.52,0,0,0,0,0,0,0,0,0,0,0,0,0
2026-09-18,2026-09-17,ASC,Industrials,19.0,630.04,776.19,0.86,-0.31,-0.05,-0.26,0.26,2.93,0,0,0,0,0,0,0,0,0,0,0,0,0
2026-09-18,2026-09-17,ASH,Basic Materials,69.77,791.67,3195.01,0.77,-1.01,-2.73,1.77,0.0,-1.32,0,0,0,0,0,0,0,0,0,0,0,0,0
2026-09-18,2026-09-17,ASM,Basic Materials,6.29,3890.14,1068.36,0.77,5.36,0.0,5.36,0.95,-11.66,0,0,0,1,0,0,1,1,0,0,0,0,1
2026-09-18,2026-09-17,ASML,Technology,1629.67,1664.6,628107.43,0.84,1.71,-0.45,2.18,-0.13,-3.42,0,0,0,0,0,0,0,0,0,0,0,0,0
2026-09-18,2026-09-17,ASND,Healthcare,239.04,700.2,15697.76,1.57,-3.49,-4.09,0.62,0.82,-8.49,0,0,0,0,0,0,0,0,0,0,0,0,0
2026-09-18,2026-09-17,ASO,Consumer Cyclical,49.68,1730.8,3059.24,0.93,-1.47,-1.74,0.28,0.0,-8.36,0,0,0,0,0,0,0,0,0,0,0,0,0
2026-09-18,2026-09-17,ASPN,Basic Materials,5.13,1261.92,425.73,0.5,4.06,1.58,2.43,-0.39,7.77,0,0,0,0,0,0,0,0,0,0,0,0,0
2026-09-18,2026-09-17,ASST,Financial,28.28,5825.16,2637.47,1.67,3.17,0.87,2.28,0.25,5.13,0,0,0,0,0,0,0,0,0,0,0,0,0
2026-09-18,2026-09-17,ASTH,Healthcare,34.3,552.25,1701.43,1.9,-9.02,-9.64,0.69,0.87,-9.81,0,0,0,1,1,0,0,0,0,0,0,0,1
2026-09-18,2026-09-17,ASTS,Technology,62.71,14348.24,24404.7,0.64,5.8,1.39,4.35,-0.1,4.67,0,0,0,1,0,0,1,0,0,0,0,0,1
2026-09-18,2026-09-17,ASX,Technology,39.99,9020.2,87930.42,0.69,5.38,2.67,2.64,-0.23,0.33,0,0,0,1,0,0,0,0,0,0,0,0,1
2026-09-18,2026-09-17,ATAI,Healthcare,7.35,14359.01,2725.89,0.0,0.0,0.0,0.0,,0.82,0,0,0,0,0,0,0,0,0,0,0,0,0
2026-09-18,2026-09-17,ATAT,Consumer Cyclical,32.02,935.77,3615.06,0.63,-0.16,-1.02,0.87,0.0,-2.53,0,0,0,0,0,0,0,0,0,0,0,0,0
2026-09-18,2026-09-17,ATEC,Healthcare,10.28,2551.06,1587.76,1.08,-2.1,-1.63,-0.48,0.19,16.29,0,0,0,0,0,0,0,0,0,0,1,0,1
2026-09-18,2026-09-17,ATEN,Technology,26.95,1313.58,1956.81,0.8,1.54,0.86,0.68,0.93,10.5,0,0,0,0,0,0,0,0,0,0,0,0,0
2026-09-18,2026-09-17,ATHM,Communication Services,21.17,793.09,2450.64,0.53,-1.03,-2.35,1.36,-1.23,-2.31,0,0,0,0,0,0,0,0,0,0,0,0,0
2026-09-18,2026-09-17,ATI,Industrials,183.64,1712.87,25006.33,1.32,-3.17,-6.78,3.88,0.74,-7.72,0,0,0,0,0,0,1,0,0,0,0,0,1
2026-09-18,2026-09-17,ATKR,Industrials,94.47,804.7,3190.54,0.59,-0.05,-0.17,0.12,-0.08,0.33,0,0,0,0,0,0,0,0,0,0,0,0,0
2026-09-18,2026-09-17,ATMU,Consumer Cyclical,44.21,706.46,3607.33,0.7,-0.14,-2.79,2.73,0.0,-2.64,0,0,0,0,0,0,0,0,0,0,0,0,0
2026-09-18,2026-09-17,ATO,Utilities,162.03,1070.89,27381.22,1.33,0.04,-0.24,0.28,0.0,-1.69,0,0,0,0,0,0,0,0,0,0,0,0,0
2026-09-18,2026-09-17,ATRC,Healthcare,59.12,968.5,3007.22,1.59,3.47,2.0,1.44,0.0,11.63,0,0,0,0,0,0,0,0,0,0,0,0,0
2026-09-18,2026-09-17,ATRO,Industrials,64.94,677.1,2791.12,1.92,-2.02,-4.01,2.07,-0.02,-11.63,0,0,0,0,0,0,0,0,0,0,0,0,0
2026-09-18,2026-09-17,AU,Basic Materials,102.36,3064.7,51692.56,0.63,2.63,-0.92,3.58,0.29,-1.46,0,0,0,0,0,0,1,0,0,0,0,0,1
2026-09-18,2026-09-17,AUB,Financial,38.97,1156.3,5565.49,0.64,-0.43,-1.54,1.12,0.0,-1.64,0,0,0,0,0,0,0,0,0,0,0,0,0
2026-09-18,2026-09-17,AUGO,Basic Materials,88.71,1026.87,7432.94,1.46,3.2,-2.8,6.17,1.47,3.14,0,0,0,0,0,0,1,1,0,0,0,0,1
2026-09-18,2026-09-17,AUPH,Healthcare,16.96,1366.92,2256.55,0.62,0.0,-0.59,0.59,0.24,5.28,0,0,0,0,0,0,0,0,0,0,0,0,0
2026-09-18,2026-09-17,AUR,Consumer Cyclical,6.49,27551.19,13006.91,0.97,2.04,-0.46,2.52,0.0,2.53,0,0,0,0,0,0,0,0,0,0,0,0,0
2026-09-18,2026-09-17,AURA,Healthcare,6.59,677.75,683.41,1.35,-2.08,-3.65,1.63,-0.3,-5.72,0,0,0,0,0,0,0,0,0,0,0,0,0
2026-09-18,2026-09-17,AVA,Utilities,36.76,680.98,3078.75,0.79,0.05,-0.62,0.68,0.0,-1.0,0,0,0,0,0,0,0,0,0,0,0,0,0
2026-09-18,2026-09-17,AVAH,Healthcare,13.97,2908.0,3049.53,1.13,-2.03,-2.51,0.49,-0.19,0.79,0,0,0,0,0,0,0,0,0,0,0,0,0
2026-09-18,2026-09-17,AVAV,Industrials,163.38,1939.39,8303.09,0.92,4.43,2.13,2.26,0.07,11.09,0,0,0,0,0,0,0,0,0,0,0,0,0
2026-09-18,2026-09-17,AVBP,Healthcare,28.36,529.79,1398.37,0.86,2.57,0.42,2.13,0.0,-1.18,0,0,0,0,0,0,0,0,0,0,0,0,0
2026-09-18,2026-09-17,AVEX,Industrials,16.68,1873.07,1902.21,0.43,3.15,0.12,3.03,1.2,4.84,0,0,0,0,0,0,1,0,0,0,0,0,1
2026-09-18,2026-09-17,AVGO,Technology,347.3,23670.4,1657881.6,1.03,2.29,0.2,2.09,0.2,-3.75,0,0,0,0,0,0,0,0,0,0,0,0,0
2026-09-18,2026-09-17,AVNT,Basic Materials,40.58,873.63,3721.98,0.62,-0.86,-3.15,2.37,0.0,-2.73,0,0,0,0,0,0,0,0,0,0,0,0,0
2026-09-18,2026-09-17,AVO,Consumer Defensive,12.46,976.67,1092.47,0.87,-0.08,-0.48,0.4,0.0,-5.89,0,0,0,0,0,0,0,0,0,0,0,0,0
2026-09-18,2026-09-17,AVPT,Technology,13.52,2108.24,2860.36,0.98,0.67,1.05,-0.37,-0.3,5.79,0,0,0,0,0,0,0,0,0,0,0,0,0
2026-09-18,2026-09-17,AVR,Healthcare,8.42,1030.58,820.6,0.43,0.6,-0.94,1.55,0.0,1.45,0,0,0,0,0,0,0,0,0,0,0,0,0
2026-09-18,2026-09-17,AVT,Technology,93.12,1230.38,7642.64,1.04,0.42,-0.95,1.38,-0.27,0.16,0,0,0,0,0,0,0,0,0,0,0,0,0
2026-09-18,2026-09-17,AVTR,Healthcare,15.86,9300.81,10727.05,1.06,1.6,0.32,1.28,-0.06,6.59,0,0,0,0,0,0,0,0,0,0,0,0,0
2026-09-18,2026-09-17,AVTX,Healthcare,16.69,1231.55,895.09,0.56,0.66,-2.43,3.17,-1.14,-2.85,0,0,0,0,0,0,1,0,0,0,0,0,1
2026-09-18,2026-09-17,AVY,Consumer Cyclical,171.09,895.72,12966.59,0.88,-0.69,-1.58,0.91,-0.37,1.37,0,0,0,0,0,0,0,0,0,0,0,0,0
2026-09-18,2026-09-17,AWK,Utilities,138.24,2230.2,27472.29,0.88,0.35,0.1,0.25,0.0,-1.14,0,0,0,0,0,0,0,0,0,0,0,0,0
2026-09-18,2026-09-17,AXGN,Healthcare,45.28,1253.58,2656.94,0.66,-0.34,-1.36,1.03,0.47,8.21,0,0,0,0,0,0,0,0,0,0,0,0,0
2026-09-18,2026-09-17,AXON,Industrials,453.5,1010.23,36841.17,0.94,-3.19,-3.25,0.07,-0.64,-5.29,0,0,0,0,0,0,0,0,0,0,0,0,0
2026-09-18,2026-09-17,AXP,Financial,311.17,2844.03,210136.16,1.59,-0.4,-1.56,1.17,0.4,-2.97,0,0,0,0,0,0,0,0,0,0,0,0,0
2026-09-18,2026-09-17,AXS,Financial,99.98,703.11,7295.18,1.17,0.39,0.02,0.37,0.0,1.1,0,0,0,0,0,0,0,0,0,0,0,0,0
2026-09-18,2026-09-17,AXSM,Healthcare,214.28,838.74,11224.16,0.81,1.09,-0.61,1.71,0.0,1.5,0,0,0,0,0,0,0,0,0,0,0,0,0
2026-09-18,2026-09-17,AXTA,Basic Materials,32.63,1734.7,6983.48,0.94,-1.98,-2.66,0.69,0.0,-4.09,0,0,0,0,0,0,0,0,0,0,0,0,0
2026-09-18,2026-09-17,AXTI,Technology,67.75,10217.97,4442.59,0.76,5.37,-0.23,5.61,-0.37,4.71,0,0,0,1,0,0,1,1,0,0,0,0,1
2026-09-18,2026-09-17,AYA,Basic Materials,28.82,850.08,4151.23,1.54,7.74,2.78,4.82,1.04,1.41,0,0,0,1,0,0,1,0,0,0,0,0,1
2026-09-18,2026-09-17,AZN,Healthcare,166.14,3289.81,257664.86,1.16,2.0,0.94,1.04,0.1,4.07,0,0,0,0,0,0,0,0,0,0,0,0,0
2026-09-18,2026-09-17,AZTA,Healthcare,33.63,719.01,1473.28,1.04,1.26,-0.91,2.2,-1.55,11.43,0,0,0,0,0,0,0,0,0,0,0,0,0
2026-09-18,2026-09-17,B,Basic Materials,43.69,9959.58,71908.49,0.69,2.68,0.05,2.63,-0.02,0.53,0,0,0,0,0,0,0,0,0,0,0,0,0
2026-09-18,2026-09-17,BA,Industrials,197.0,5599.07,155702.89,2.1,-2.46,-2.6,0.14,0.22,-3.81,1,0,0,0,0,0,0,0,0,0,0,0,1
2026-09-18,2026-09-17,BABA,Consumer Cyclical,108.54,12076.03,269790.28,0.72,1.18,0.53,0.65,0.17,-0.02,0,0,0,0,0,0,0,0,0,0,0,0,0
2026-09-18,2026-09-17,BAC,Financial,58.18,33368.93,406838.11,1.1,0.48,-0.38,0.86,0.0,-7.0,0,0,0,0,0,0,0,0,0,0,0,0,0
2026-09-18,2026-09-17,BAH,Industrials,78.89,2201.76,9489.29,0.47,0.61,-0.4,1.02,0.57,4.24,0,0,0,0,0,0,0,0,0,0,0,0,0
2026-09-18,2026-09-17,BALL,Consumer Cyclical,60.75,2158.93,16080.73,0.7,-0.83,-1.7,0.88,0.0,1.69,0,0,0,0,0,0,0,0,0,0,0,0,0
2026-09-18,2026-09-17,BAM,Financial,45.42,2558.97,74408.4,0.94,0.53,-1.3,1.86,0.4,-3.85,0,0,0,0,0,0,0,0,0,0,0,0,0
2026-09-18,2026-09-17,BANC,Financial,18.5,3008.77,2930.91,0.79,1.2,-0.22,1.42,0.0,0.54,0,0,0,0,0,0,0,0,0,0,0,0,0
2026-09-18,2026-09-17,BAND,Technology,50.51,1127.37,1625.46,0.45,3.23,1.32,1.88,0.0,-2.15,0,0,0,0,0,0,0,0,0,0,0,0,0
2026-09-18,2026-09-17,BATRK,Communication Services,50.62,571.68,3253.1,0.7,-0.12,-0.53,0.41,0.34,2.35,0,0,0,0,0,0,0,0,0,0,0,0,0
2026-09-18,2026-09-17,BAX,Healthcare,23.02,6393.04,11901.25,1.03,-2.17,-2.87,0.72,0.26,-4.8,0,0,0,0,0,0,0,0,0,0,0,0,0
2026-09-18,2026-09-17,BB,Technology,7.94,18589.39,4653.63,0.68,3.93,1.28,2.62,1.5,5.31,0,0,0,0,0,0,0,0,0,0,0,0,0
2026-09-18,2026-09-17,BBAR,Financial,14.63,666.99,2988.03,0.57,0.83,-0.48,1.31,0.0,-4.63,0,0,0,0,0,0,0,0,0,0,0,0,0
2026-09-18,2026-09-17,BBDC,Financial,8.94,714.73,936.08,1.06,2.29,1.82,0.46,0.56,2.64,0,0,0,0,0,0,0,0,0,0,0,0,0
2026-09-18,2026-09-17,BBIO,Healthcare,67.31,3081.12,13158.63,0.76,-1.45,-3.46,2.08,0.42,-7.16,0,0,0,0,0,0,0,0,0,0,0,0,0
2026-09-18,2026-09-17,BBNX,Healthcare,21.43,1258.51,964.13,2.46,-3.38,-4.59,1.26,-3.92,29.17,1,0,0,0,0,0,0,0,1,0,1,0,1
2026-09-18,2026-09-17,BBT,Financial,30.98,855.84,2596.63,0.71,-0.45,-1.15,0.71,0.0,-1.15,0,0,0,0,0,0,0,0,0,0,0,0,0
2026-09-18,2026-09-17,BBVA,Financial,28.83,1420.27,158686.09,0.85,2.6,0.52,2.06,0.42,-0.03,0,0,0,0,0,0,0,0,0,0,0,0,0
2026-09-18,2026-09-17,BBW,Consumer Cyclical,25.47,554.25,313.77,1.52,-3.41,-4.86,1.52,0.55,-9.62,0,0,0,0,0,0,0,0,0,0,0,0,0
2026-09-18,2026-09-17,BBWI,Consumer Cyclical,17.19,5882.37,3466.29,1.04,2.75,0.94,1.79,-0.06,-1.49,0,0,0,0,0,0,0,0,0,0,0,0,0
2026-09-18,2026-09-17,BBY,Consumer Cyclical,94.56,3809.49,19831.86,1.0,2.28,1.96,0.31,-0.28,7.34,0,0,0,0,0,0,0,0,0,0,0,0,0
2026-09-18,2026-09-17,BC,Consumer Cyclical,67.83,718.05,4395.21,0.94,0.16,-2.01,2.22,0.0,-2.93,0,0,0,0,0,0,0,0,0,0,0,0,0
2026-09-18,2026-09-17,BCAX,Healthcare,22.59,730.59,1494.84,0.67,2.68,0.85,1.82,0.0,-2.21,0,0,0,0,0,0,0,0,0,0,0,0,0
2026-09-18,2026-09-17,BCE,Communication Services,22.28,3742.49,20776.77,1.29,-0.98,-1.33,0.36,1.62,-4.17,0,0,0,0,0,0,0,0,0,0,0,0,0
2026-09-18,2026-09-17,BCO,Industrials,106.56,506.05,4389.17,0.71,-1.72,-2.41,0.71,0.0,-2.5,0,0,0,0,0,0,0,0,0,0,0,0,0
2026-09-18,2026-09-17,BCRX,Healthcare,8.7,4546.3,2223.15,1.15,3.2,1.87,1.3,-0.34,4.95,0,0,0,0,0,0,0,0,0,0,0,0,0
2026-09-18,2026-09-17,BCS,Financial,25.64,4300.46,85861.95,1.02,1.18,0.2,0.99,0.04,-2.17,0,0,0,0,0,0,0,0,0,0,0,0,0
2026-09-18,2026-09-17,BDC,Technology,111.94,510.68,4374.41,0.72,-0.52,-2.69,2.23,-0.3,-2.8,0,0,0,0,0,0,0,0,0,0,0,0,0
2026-09-18,2026-09-17,BDX,Healthcare,181.38,2099.0,49405.52,0.88,-0.26,-0.73,0.47,0.0,2.81,0,0,0,0,0,0,0,0,0,0,0,0,0
2026-09-18,2026-09-17,BE,Industrials,280.76,15254.65,82691.5,0.93,3.98,-0.84,4.86,-0.45,8.62,0,0,0,0,0,0,1,0,0,0,0,0,1
2026-09-18,2026-09-17,BEAM,Healthcare,24.67,2150.79,2548.11,1.13,6.8,1.61,5.11,1.13,1.23,0,0,0,1,0,0,1,1,0,0,0,0,1
2026-09-18,2026-09-17,BEKE,Real Estate,16.0,3986.88,16887.2,0.89,0.19,-0.44,0.63,0.0,-4.13,0,0,0,0,0,0,0,0,0,0,0,0,0
2026-09-18,2026-09-17,BEN,Financial,33.07,4121.96,16802.11,0.56,1.07,-0.35,1.42,0.0,-1.75,0,0,0,0,0,0,0,0,0,0,0,0,0
2026-09-18,2026-09-17,BEP,Utilities,29.66,935.47,8901.26,0.55,1.96,0.95,1.0,0.0,-2.79,0,0,0,0,0,0,0,0,0,0,0,0,0
2026-09-18,2026-09-17,BEPC,Utilities,29.86,1709.84,5543.3,0.76,2.09,0.44,1.64,0.0,-3.21,0,0,0,0,0,0,0,0,0,0,0,0,0
2026-09-18,2026-09-17,BETA,Industrials,21.7,1853.45,5076.53,2.14,7.11,3.09,3.9,0.83,9.1,1,0,0,1,0,0,1,0,0,0,0,0,1
2026-09-18,2026-09-17,BETR,Financial,12.32,534.43,234.21,0.55,-0.32,-2.69,2.43,-1.38,-6.74,0,0,0,0,0,0,0,0,0,0,0,0,0
2026-09-18,2026-09-17,BF-B,Consumer Defensive,26.5,2493.36,12251.83,1.12,2.95,2.32,0.62,0.0,-0.34,0,0,0,0,0,0,0,0,0,0,0,0,0
2026-09-18,2026-09-17,BFAM,Consumer Cyclical,67.09,857.42,3262.94,1.14,-2.32,-1.8,-0.52,0.0,4.39,0,0,0,0,0,0,0,0,0,0,0,0,0
2026-09-18,2026-09-17,BFH,Financial,108.21,585.59,4157.35,0.76,0.33,-1.21,1.57,0.0,1.26,0,0,0,0,0,0,0,0,0,0,0,0,0
2026-09-18,2026-09-17,BFLY,Healthcare,7.96,8116.29,2159.43,0.73,9.64,6.56,2.89,0.5,11.8,0,0,0,1,1,0,0,0,0,0,0,0,1
2026-09-18,2026-09-17,BG,Consumer Defensive,119.31,1545.04,22921.73,1.43,1.86,3.63,-1.71,0.0,-4.24,0,0,0,0,0,0,0,0,0,0,0,0,0
2026-09-18,2026-09-17,BGC,Financial,11.99,3163.71,5700.84,1.89,-1.56,-1.96,0.41,0.0,-1.88,0,0,0,0,0,0,0,0,0,0,0,0,0
2026-09-18,2026-09-17,BHC,Healthcare,5.65,3607.84,2113.04,0.79,-0.7,-2.25,1.58,0.21,-6.92,0,0,0,0,0,0,0,0,0,0,0,0,0
2026-09-18,2026-09-17,BHF,Financial,49.4,814.76,2841.07,1.08,1.25,1.25,0.0,0.79,-2.83,0,0,0,0,0,0,0,0,0,0,0,0,0
2026-09-18,2026-09-17,BHP,Basic Materials,86.56,2600.69,219990.5,0.74,2.88,0.84,2.02,0.18,-0.9,0,0,0,0,0,0,0,0,0,0,0,0,0
2026-09-18,2026-09-17,BHVN,Healthcare,13.89,3014.55,2098.0,1.94,15.56,14.04,1.33,-0.36,8.6,0,0,0,1,1,1,0,0,0,0,0,0,1
2026-09-18,2026-09-17,BIDU,Communication Services,90.03,2630.6,24865.39,0.76,1.67,0.89,0.78,0.0,-0.62,0,0,0,0,0,0,0,0,0,0,0,0,0
2026-09-18,2026-09-17,BIIB,Healthcare,219.05,1093.88,32365.51,0.76,1.41,0.63,0.77,0.11,1.68,0,0,0,0,0,0,0,0,0,0,0,0,0
2026-09-18,2026-09-17,BILI,Communication Services,14.4,2744.8,4881.46,2.06,-3.36,-1.71,-1.68,0.2,-6.92,1,0,0,0,0,0,0,0,0,0,0,0,1
2026-09-18,2026-09-17,BILL,Technology,47.57,2330.82,4056.61,0.68,-2.92,-3.19,0.29,-0.63,-0.13,0,0,0,0,0,0,0,0,0,0,0,0,0
2026-09-18,2026-09-17,BIOA,Healthcare,8.09,873.06,371.3,1.08,4.39,3.06,1.29,0.0,-6.47,0,0,0,0,0,0,0,0,0,0,0,0,0
2026-09-18,2026-09-17,BIP,Utilities,35.97,878.56,23408.87,1.27,1.21,1.15,0.06,-0.42,-1.24,0,0,0,0,0,0,0,0,0,0,0,0,0
2026-09-18,2026-09-17,BIPC,Utilities,36.15,1085.36,4917.68,0.9,1.26,0.5,0.76,0.14,-1.34,0,0,0,0,0,0,0,0,0,0,0,0,0
2026-09-18,2026-09-17,BIRK,Consumer Cyclical,31.17,2283.07,5544.77,1.17,2.4,0.16,2.23,0.64,1.56,0,0,0,0,0,0,0,0,0,0,0,0,0
2026-09-18,2026-09-17,BJ,Consumer Defensive,93.34,1837.11,11790.21,0.56,0.39,0.37,0.02,0.0,4.12,0,0,0,0,0,0,0,0,0,0,0,0,0
2026-09-18,2026-09-17,BJRI,Consumer Cyclical,59.93,522.13,1274.94,0.74,0.55,0.47,0.08,0.0,-0.3,0,0,0,0,0,0,0,0,0,0,0,0,0
2026-09-18,2026-09-17,BKD,Healthcare,11.58,5065.11,2765.51,0.84,-0.77,-1.03,0.26,0.0,-5.08,0,0,0,0,0,0,0,0,0,0,0,0,0
2026-09-18,2026-09-17,BKH,Utilities,71.32,808.1,5438.38,1.23,1.16,0.89,0.27,0.0,-1.33,0,0,0,0,0,0,0,0,0,0,0,0,0
2026-09-18,2026-09-17,BKKT,Technology,7.46,1265.37,336.22,0.92,4.04,1.22,2.79,0.54,-5.93,0,0,0,0,0,0,0,0,0,0,0,0,0
2026-09-18,2026-09-17,BKNG,Consumer Cyclical,170.52,6756.68,128125.4,1.1,-0.51,-1.75,1.25,0.01,-2.19,0,0,0,0,0,0,0,0,0,0,0,0,0
2026-09-18,2026-09-17,BKR,Energy,56.56,8482.37,56150.6,1.11,0.44,-0.29,0.73,0.38,-4.77,0,0,0,0,0,0,0,0,0,0,0,0,0
2026-09-18,2026-09-17,BKSY,Industrials,22.76,1193.08,931.45,0.87,5.76,1.83,3.86,1.72,9.69,0,0,0,1,0,0,1,0,0,0,0,0,1
2026-09-18,2026-09-17,BKU,Financial,44.75,965.23,3187.64,1.15,0.61,-0.49,1.1,0.0,-0.93,0,0,0,0,0,0,0,0,0,0,0,0,0
2026-09-18,2026-09-17,BKV,Energy,22.79,1354.24,2494.09,0.62,0.0,0.18,-0.18,0.0,-8.69,0,0,0,0,0,0,0,0,0,0,0,0,0
2026-09-18,2026-09-17,BL,Technology,28.5,1066.58,1656.57,0.65,1.21,1.39,-0.18,0.0,-0.87,0,0,0,0,0,0,0,0,0,0,0,0,0
2026-09-18,2026-09-17,BLBD,Industrials,60.79,532.03,1925.58,0.73,-1.41,-3.89,2.58,0.74,-2.03,0,0,0,0,0,0,0,0,0,0,0,0,0
2026-09-18,2026-09-17,BLDR,Industrials,57.68,2294.56,6206.16,1.48,-3.3,-6.14,3.02,0.03,-2.19,0,0,0,0,0,0,1,0,0,0,0,0,1
2026-09-18,2026-09-17,BLFS,Healthcare,36.85,1133.83,1802.82,1.39,2.05,0.49,1.55,0.38,5.53,0,0,0,0,0,0,0,0,0,0,0,0,0
2026-09-18,2026-09-17,BLK,Financial,1053.96,722.19,171243.4,0.81,1.61,0.18,1.43,0.24,-0.79,0,0,0,0,0,0,0,0,0,0,0,0,0
2026-09-18,2026-09-17,BLKB,Technology,43.34,699.1,1967.2,0.48,-3.3,-2.48,-0.85,0.0,-1.99,0,0,0,0,0,0,0,0,0,0,0,0,0
2026-09-18,2026-09-17,BLLN,Healthcare,110.67,707.01,5222.19,0.77,6.81,5.04,1.69,-1.4,12.34,0,0,0,1,0,0,0,0,0,0,0,0,1
2026-09-18,2026-09-17,BLMN,Consumer Cyclical,8.05,2090.95,689.25,1.49,0.12,-1.95,2.11,-0.25,-7.15,0,0,0,0,0,0,0,0,0,0,0,0,0
2026-09-18,2026-09-17,BLSH,Technology,34.91,1616.68,5247.04,0.98,8.82,4.96,3.68,-0.46,3.04,0,0,0,1,1,0,1,0,0,0,0,0,1
2026-09-18,2026-09-17,BLZE,Technology,13.79,3590.9,853.6,0.38,5.19,3.45,1.68,0.0,12.02,0,0,0,1,0,0,0,0,0,0,0,0,1
2026-09-18,2026-09-17,BMNR,Financial,23.89,39266.34,14411.07,1.07,4.73,1.81,2.87,-0.17,-1.28,0,0,0,0,0,0,0,0,0,0,0,0,0
2026-09-18,2026-09-17,BMO,Financial,173.79,797.66,120751.03,0.56,0.69,-0.14,0.83,0.0,0.06,0,0,0,0,0,0,0,0,0,0,0,0,0
2026-09-18,2026-09-17,BMRN,Healthcare,65.08,1978.58,12597.78,0.7,0.54,-0.4,0.94,1.12,-0.66,0,0,0,0,0,0,0,0,0,0,0,0,0
2026-09-18,2026-09-17,BMY,Healthcare,62.84,11097.6,128364.19,1.1,-1.19,-1.94,0.75,0.72,-1.43,0,0,0,0,0,0,0,0,0,0,0,0,0
2026-09-18,2026-09-17,BN,Financial,37.19,4062.18,83021.47,1.2,0.43,-1.35,1.81,0.67,-2.26,0,0,0,0,0,0,0,0,0,0,0,0,0
2026-09-18,2026-09-17,BNC,Industrials,5.42,1748.33,223.17,0.94,13.87,7.75,5.67,0.18,8.62,0,0,0,1,1,1,1,1,0,0,0,0,1
2026-09-18,2026-09-17,BNL,Real Estate,19.22,2084.35,3688.18,0.84,-1.03,-1.89,0.88,0.0,-6.38,0,0,0,0,0,0,0,0,0,0,0,0,0
2026-09-18,2026-09-17,BNS,Financial,94.1,2492.57,115981.07,0.47,1.23,0.37,0.85,0.21,1.36,0,0,0,0,0,0,0,0,0,0,0,0,0
2026-09-18,2026-09-17,BNTX,Healthcare,98.66,1154.14,24783.39,0.61,2.95,1.19,1.74,0.31,2.34,0,0,0,0,0,0,0,0,0,0,0,0,0
2026-09-18,2026-09-17,BNY,Financial,153.02,3464.36,103824.71,1.73,-0.29,-0.97,0.68,0.54,-5.89,0,0,0,0,0,0,0,0,0,0,0,0,0
2026-09-18,2026-09-17,BOBS,Consumer Cyclical,14.68,961.41,1918.48,0.71,0.41,-2.52,3.01,0.0,-3.42,0,0,0,0,0,0,1,0,0,0,0,0,1
2026-09-18,2026-09-17,BOOT,Consumer Cyclical,122.83,697.66,3719.88,0.97,0.07,-1.81,1.91,0.14,-12.69,0,0,0,0,0,0,0,0,0,0,0,0,0
2026-09-18,2026-09-17,BOX,Technology,34.67,2826.79,4756.75,1.27,0.03,0.64,-0.61,-0.68,1.61,0,0,0,0,0,0,0,0,0,0,0,0,0
2026-09-18,2026-09-17,BP,Energy,45.42,9343.7,116974.21,0.82,0.09,0.8,-0.71,0.13,-1.43,0,0,0,0,0,0,0,0,0,0,0,0,0
2026-09-18,2026-09-17,BPOP,Financial,160.97,509.08,10266.43,1.37,0.01,-1.11,1.13,0.58,-1.82,0,0,0,0,0,0,0,0,0,0,0,0,0
2026-09-18,2026-09-17,BR,Technology,164.31,1294.73,18734.92,0.66,-1.66,-1.4,-0.27,0.27,-2.34,0,0,0,0,0,0,0,0,0,0,0,0,0
2026-09-18,2026-09-17,BRBR,Consumer Defensive,9.11,4613.51,1059.3,0.5,0.22,-0.87,1.1,-0.55,-2.04,0,0,0,0,0,0,0,0,0,0,0,0,0
2026-09-18,2026-09-17,BRK-B,Financial,509.2,4419.76,980485.33,1.36,-2.04,-1.88,-0.16,0.03,0.43,0,0,0,0,0,0,0,0,0,0,0,0,0
2026-09-18,2026-09-17,BRKR,Healthcare,63.05,2208.52,9606.26,1.39,3.92,1.86,2.03,-0.08,17.72,0,0,0,0,0,0,0,0,0,0,1,0,1
2026-09-18,2026-09-17,BRO,Financial,65.12,2433.16,21789.83,0.9,-1.15,-3.03,1.94,0.43,-1.82,0,0,0,0,0,0,0,0,0,0,0,0,0
2026-09-18,2026-09-17,BROS,Consumer Cyclical,40.16,3692.86,7016.19,1.47,-2.92,-4.13,1.26,0.14,-7.55,0,0,0,0,0,0,0,0,0,0,0,0,0
2026-09-18,2026-09-17,BRSL,Consumer Cyclical,10.41,1797.81,1915.44,0.74,-1.14,-2.62,1.52,0.0,-2.35,0,0,0,0,0,0,0,0,0,0,0,0,0
2026-09-18,2026-09-17,BRUN,Technology,16.68,2014.85,1398.53,1.37,10.03,5.1,4.68,0.12,1.34,0,0,0,1,1,1,1,0,0,0,0,0,1
2026-09-18,2026-09-17,BRX,Real Estate,28.05,2460.13,8607.77,1.79,0.25,-0.5,0.75,0.0,-2.57,0,0,0,0,0,0,0,0,0,0,0,0,0
2026-09-18,2026-09-17,BRZE,Technology,24.93,2628.65,2831.65,0.66,0.24,0.93,-0.68,0.28,2.74,0,0,0,0,0,0,0,0,0,0,0,0,0
2026-09-18,2026-09-17,BSBR,Financial,5.95,3453.7,22275.43,1.21,2.41,0.85,1.55,0.17,1.19,0,0,0,0,0,0,0,0,0,0,0,0,0
2026-09-18,2026-09-17,BSP,Technology,38.55,2524.25,24487.7,1.05,-1.63,-2.85,1.25,0.13,-2.82,0,0,0,0,0,0,0,0,0,0,0,0,0
2026-09-18,2026-09-17,BSX,Healthcare,43.55,20445.92,63113.95,1.59,-0.82,0.2,-1.01,0.02,1.04,0,0,0,0,0,0,0,0,0,0,0,0,0
2026-09-18,2026-09-17,BSY,Technology,31.41,2850.48,9488.74,0.62,1.0,1.29,-0.29,-0.06,1.32,0,0,0,0,0,0,0,0,0,0,0,0,0
2026-09-18,2026-09-17,BTDR,Technology,11.24,11781.88,3054.83,0.74,1.9,-2.35,4.35,0.18,-2.52,0,0,0,0,0,0,1,0,0,0,0,0,1
2026-09-18,2026-09-17,BTG,Basic Materials,5.4,25302.61,7135.51,0.72,5.06,1.5,3.5,0.0,0.75,0,0,0,1,0,0,1,0,0,0,0,0,1
2026-09-18,2026-09-17,BTGO,Financial,6.76,1466.35,794.61,1.41,5.46,3.05,2.34,-0.74,-8.77,0,0,0,1,0,0,0,0,0,0,0,0,1
2026-09-18,2026-09-17,BTI,Consumer Defensive,56.02,4657.08,120602.66,0.7,-0.12,-0.27,0.14,0.32,2.11,0,0,0,0,0,0,0,0,0,0,0,0,0
2026-09-18,2026-09-17,BTSG,Healthcare,56.6,3410.99,11199.11,0.72,-4.0,-4.87,0.92,0.07,-2.21,0,0,0,0,0,0,0,0,0,0,0,0,0
2026-09-18,2026-09-17,BTU,Energy,27.24,2449.54,3320.56,1.03,-0.4,-0.98,0.59,1.26,-6.17,0,0,0,0,0,0,0,0,0,0,0,0,0
2026-09-18,2026-09-17,BUD,Consumer Defensive,78.77,2162.49,137810.47,0.86,-1.41,-1.29,-0.13,0.0,1.44,0,0,0,0,0,0,0,0,0,0,0,0,0
2026-09-18,2026-09-17,BULL,Technology,7.71,12857.54,4084.49,1.4,0.26,-3.02,3.38,0.13,-17.1,0,0,0,0,0,0,1,0,0,0,0,0,1
2026-09-18,2026-09-17,BURL,Consumer Cyclical,239.54,1031.0,15046.75,2.12,3.83,2.18,1.62,-0.11,0.63,1,0,0,0,0,0,0,0,0,0,0,0,1
2026-09-18,2026-09-17,BUSE,Financial,30.15,789.26,2489.7,0.64,-0.3,-1.08,0.79,0.0,-0.76,0,0,0,0,0,0,0,0,0,0,0,0,0
2026-09-18,2026-09-17,BV,Industrials,10.86,1053.15,1005.64,0.75,0.0,-1.45,1.47,0.0,-1.27,0,0,0,0,0,0,0,0,0,0,0,0,0
2026-09-18,2026-09-17,BVN,Basic Materials,34.71,1094.83,8806.62,0.68,4.96,1.91,2.99,0.73,2.54,0,0,0,0,0,0,0,0,0,0,0,0,0
2026-09-18,2026-09-17,BVS,Healthcare,12.63,703.58,1062.08,0.55,-4.32,-5.04,0.76,-0.24,-3.29,0,0,0,0,0,0,0,0,0,0,0,0,0
2026-09-18,2026-09-17,BW,Industrials,7.32,4637.0,1090.42,0.83,7.81,3.1,4.57,-1.09,2.09,0,0,0,1,0,0,1,0,0,0,0,0,1
2026-09-18,2026-09-17,BWA,Consumer Cyclical,63.76,2232.81,12985.76,0.87,2.39,0.88,1.5,0.0,-2.94,0,0,0,0,0,0,0,0,0,0,0,0,0
2026-09-18,2026-09-17,BWIN,Financial,31.95,2222.97,4333.13,3.31,-0.28,-0.34,0.06,-1.35,8.71,1,1,0,0,0,0,0,0,0,0,0,0,1
2026-09-18,2026-09-17,BWXT,Industrials,146.35,1019.42,13408.88,0.82,0.47,-1.15,1.65,0.06,-4.03,0,0,0,0,0,0,0,0,0,0,0,0,0
2026-09-18,2026-09-17,BX,Financial,125.41,4503.58,155738.77,0.72,1.59,-0.47,2.07,0.19,0.0,0,0,0,0,0,0,0,0,0,0,0,0,0
2026-09-18,2026-09-17,BXP,Real Estate,63.93,1363.69,11157.66,1.03,-0.17,-1.08,0.92,-0.13,0.33,0,0,0,0,0,0,0,0,0,0,0,0,0
2026-09-18,2026-09-17,BYD,Consumer Cyclical,74.25,918.9,5394.67,0.89,-1.79,-2.65,0.89,0.53,-2.88,0,0,0,0,0,0,0,0,0,0,0,0,0
2026-09-18,2026-09-17,BYND,Consumer Defensive,11.7,1313.37,201.17,1.11,6.85,4.56,2.19,-0.43,11.96,0,0,0,1,0,0,0,0,0,0,0,0,1
2026-09-18,2026-09-17,BZ,Communication Services,14.84,5639.74,5865.36,0.97,-1.13,-1.13,0.0,0.0,-9.57,0,0,0,0,0,0,0,0,0,0,0,0,0
2026-09-18,2026-09-17,BZH,Consumer Cyclical,33.33,641.77,889.24,0.81,-0.06,-0.15,0.09,0.0,0.24,0,0,0,0,0,0,0,0,0,0,0,0,0
2026-09-18,2026-09-17,C,Financial,132.7,11186.12,222595.85,1.05,-0.19,-1.85,1.69,0.0,-4.19,0,0,0,0,0,0,0,0,0,0,0,0,0
2026-09-18,2026-09-17,CADL,Healthcare,11.34,1499.23,867.72,0.53,2.9,3.56,-0.64,0.09,0.09,0,0,0,0,0,0,0,0,0,0,0,0,0
2026-09-18,2026-09-17,CAE,Industrials,24.23,735.61,7764.75,1.45,0.75,-0.08,0.83,1.04,2.32,0,0,0,0,0,0,0,0,0,0,0,0,0
2026-09-18,2026-09-17,CAG,Consumer Defensive,15.18,15617.96,7264.63,0.48,0.0,-0.39,0.4,0.12,3.27,0,0,0,0,0,0,0,0,0,0,0,0,0
2026-09-18,2026-09-17,CAH,Healthcare,226.34,2017.59,52641.19,1.12,-2.67,-2.74,0.07,0.19,-4.1,0,0,0,0,0,0,0,0,0,0,0,0,0
2026-09-18,2026-09-17,CAI,Healthcare,30.92,4473.38,8737.84,1.71,9.61,8.13,1.36,-0.03,28.62,0,0,0,1,1,0,0,0,0,0,1,0,1
2026-09-18,2026-09-17,CAKE,Consumer Cyclical,95.87,1629.7,4770.56,0.57,-1.19,-2.06,0.9,0.94,-5.23,0,0,0,0,0,0,0,0,0,0,0,0,0
2026-09-18,2026-09-17,CAL,Consumer Cyclical,12.08,542.14,416.82,0.97,0.5,-1.87,2.41,0.0,1.68,0,0,0,0,0,0,0,0,0,0,0,0,0
2026-09-18,2026-09-17,CALM,Consumer Defensive,74.09,932.21,3476.09,0.78,-0.27,-0.71,0.44,0.47,0.52,0,0,0,0,0,0,0,0,0,0,0,0,0
2026-09-18,2026-09-17,CALX,Technology,35.14,1161.54,2212.55,1.69,-0.85,-2.42,1.61,0.0,0.6,0,0,0,0,0,0,0,0,0,0,0,0,0
2026-09-18,2026-09-17,CALY,Consumer Cyclical,14.79,1960.2,2640.17,1.39,-0.27,-1.86,1.62,-0.27,-3.27,0,0,0,0,0,0,0,0,0,0,0,0,0
2026-09-18,2026-09-17,CAPR,Healthcare,9.42,6487.36,547.67,0.61,10.05,5.49,4.32,0.53,13.49,0,0,0,1,1,1,1,0,0,0,0,0,1
2026-09-18,2026-09-17,CAR,Industrials,115.24,502.58,4070.94,0.73,-1.47,-2.61,1.17,0.22,-9.07,0,0,0,0,0,0,0,0,0,0,0,0,0
2026-09-18,2026-09-17,CARG,Communication Services,33.75,1088.92,3006.23,1.01,-2.74,-3.43,0.72,0.44,1.35,0,0,0,0,0,0,0,0,0,0,0,0,0
2026-09-18,2026-09-17,CARR,Industrials,54.39,6171.8,44835.04,1.0,0.24,-2.09,2.38,0.0,-3.97,0,0,0,0,0,0,0,0,0,0,0,0,0
2026-09-18,2026-09-17,CARS,Communication Services,11.35,646.52,607.59,0.69,-1.56,-2.83,1.3,0.0,-0.53,0,0,0,0,0,0,0,0,0,0,0,0,0
2026-09-18,2026-09-17,CART,Consumer Cyclical,45.43,4130.11,10517.05,1.13,-3.03,-2.87,-0.17,-0.07,-3.83,0,0,0,0,0,0,0,0,0,0,0,0,0
2026-09-18,2026-09-17,CAT,Industrials,798.57,3098.65,367082.56,0.78,2.02,-1.89,3.99,-0.28,-0.8,0,0,0,0,0,0,1,0,0,0,0,0,1
2026-09-18,2026-09-17,CAVA,Consumer Cyclical,51.21,3338.88,5981.65,1.08,2.91,-0.19,3.11,-0.41,-5.17,0,0,0,0,0,0,1,0,0,0,0,0,1
2026-09-18,2026-09-17,CB,Financial,341.9,1773.49,131904.96,0.84,0.11,0.03,0.08,-0.01,0.95,0,0,0,0,0,0,0,0,0,0,0,0,0
2026-09-18,2026-09-17,CBC,Financial,31.67,839.24,7585.13,3.14,0.86,0.22,0.64,0.0,-1.4,1,1,0,0,0,0,0,0,0,0,0,0,1
2026-09-18,2026-09-17,CBOE,Financial,266.67,1239.88,27848.62,0.59,-1.39,-0.2,-1.19,-0.25,-7.24,0,0,0,0,0,0,0,0,0,0,0,0,0
2026-09-18,2026-09-17,CBRE,Real Estate,139.32,1732.47,40343.64,1.06,0.55,-1.14,1.7,0.0,0.96,0,0,0,0,0,0,0,0,0,0,0,0,0
2026-09-18,2026-09-17,CBRL,Consumer Cyclical,43.76,917.46,978.1,1.01,1.25,0.09,1.16,0.0,-11.49,0,0,0,0,0,0,0,0,0,0,0,0,0
2026-09-18,2026-09-17,CBRS,Technology,194.14,7060.33,43457.95,0.75,1.93,-0.3,2.23,-0.07,1.46,0,0,0,0,0,0,0,0,0,0,0,0,0
2026-09-18,2026-09-17,CBSH,Financial,57.45,1107.68,8240.17,0.88,0.3,-0.43,0.73,0.0,-1.44,0,0,0,0,0,0,0,0,0,0,0,0,0
2026-09-18,2026-09-17,CBZ,Industrials,54.6,1368.38,2962.81,0.4,0.0,0.0,0.0,0.0,-0.05,0,0,0,0,0,0,0,0,0,0,0,0,0
2026-09-18,2026-09-17,CC,Basic Materials,14.44,2531.81,2173.21,0.79,0.14,-2.04,2.22,-2.08,-4.18,0,0,0,0,0,0,0,0,1,0,0,0,1
2026-09-18,2026-09-17,CCC,Technology,6.6,10504.0,3887.37,1.08,4.27,4.6,-0.32,0.76,-3.65,0,0,0,0,0,0,0,0,0,0,0,0,0
2026-09-18,2026-09-17,CCEP,Consumer Defensive,100.48,1829.31,44534.51,1.68,-2.19,-2.75,0.57,-0.26,-2.33,0,0,0,0,0,0,0,0,0,0,0,0,0
2026-09-18,2026-09-17,CCI,Real Estate,73.74,3837.17,31373.09,0.97,0.71,-0.18,0.89,0.42,-0.18,0,0,0,0,0,0,0,0,0,0,0,0,0
2026-09-18,2026-09-17,CCJ,Energy,92.8,3134.28,40417.19,0.68,2.09,0.19,1.89,0.28,-4.74,0,0,0,0,0,0,0,0,0,0,0,0,0
2026-09-18,2026-09-17,CCK,Consumer Cyclical,110.56,999.84,12024.57,1.24,-1.44,-2.47,1.06,0.0,-2.02,0,0,0,0,0,0,0,0,0,0,0,0,0
2026-09-18,2026-09-17,CCL,Consumer Cyclical,22.17,20061.25,30365.12,0.91,-0.81,-2.33,1.57,0.36,-1.34,0,0,0,0,0,0,0,0,0,0,0,0,0
2026-09-18,2026-09-17,CCOI,Communication Services,9.21,1635.35,471.7,1.33,6.23,5.02,1.15,0.43,1.32,0,0,0,1,0,0,0,0,0,0,0,0,1
2026-09-18,2026-09-17,CCXI,Financial,12.07,3312.49,672.57,0.72,-0.12,-4.09,4.14,1.29,-5.74,0,0,0,0,0,0,1,0,0,0,0,0,1
2026-09-18,2026-09-17,CDE,Basic Materials,19.98,38341.9,20538.15,1.18,5.27,1.16,4.06,0.18,-1.77,0,0,0,1,0,0,1,0,0,0,0,0,1
2026-09-18,2026-09-17,CDNA,Healthcare,54.28,1152.28,2808.14,0.7,1.36,0.52,0.84,0.59,8.52,0,0,0,0,0,0,0,0,0,0,0,0,0
2026-09-18,2026-09-17,CDNL,Industrials,31.75,769.98,1507.27,1.04,-2.1,-6.4,4.59,0.79,-6.92,0,0,0,0,0,0,1,0,0,0,0,0,1
2026-09-18,2026-09-17,CDNS,Technology,280.76,2409.64,77319.34,0.87,0.31,-1.68,2.02,-0.26,-1.47,0,0,0,0,0,0,0,0,0,0,0,0,0
2026-09-18,2026-09-17,CDP,Real Estate,34.54,939.68,7809.98,0.62,0.64,-0.09,0.73,0.0,-2.59,0,0,0,0,0,0,0,0,0,0,0,0,0
2026-09-18,2026-09-17,CDW,Technology,149.2,1875.6,18652.61,0.67,-0.51,-1.0,0.5,-0.47,4.63,0,0,0,0,0,0,0,0,0,0,0,0,0
2026-09-18,2026-09-17,CE,Basic Materials,46.81,1794.58,5137.35,0.77,-0.13,-1.0,0.89,0.0,2.38,0,0,0,0,0,0,0,0,0,0,0,0,0
2026-09-18,2026-09-17,CECO,Industrials,70.83,851.1,4148.5,0.86,2.03,-2.91,5.08,-0.8,-6.05,0,0,0,0,0,0,1,1,0,0,0,0,1
2026-09-18,2026-09-17,CEG,Utilities,262.8,2987.09,93111.97,1.15,1.26,-0.78,2.06,-0.03,-8.1,0,0,0,0,0,0,0,0,0,0,0,0,0
2026-09-18,2026-09-17,CELC,Healthcare,84.91,1213.8,4154.81,0.57,2.82,-0.36,3.2,0.11,-0.68,0,0,0,0,0,0,1,0,0,0,0,0,1
2026-09-18,2026-09-17,CELH,Consumer Defensive,28.34,9636.07,7171.01,0.6,0.32,-1.15,1.49,0.42,6.42,0,0,0,0,0,0,0,0,0,0,0,0,0
2026-09-18,2026-09-17,CENX,Basic Materials,40.75,2100.18,4033.97,0.7,2.39,0.15,2.24,0.64,-8.14,0,0,0,0,0,0,0,0,0,0,0,0,0
2026-09-18,2026-09-17,CERT,Healthcare,8.58,3572.68,1308.78,0.63,5.54,4.0,1.48,1.4,15.63,0,0,0,1,0,0,0,0,0,0,1,0,1
2026-09-18,2026-09-17,CEVA,Technology,29.83,792.38,839.83,0.8,7.26,2.83,4.31,-1.41,6.69,0,0,0,1,0,0,1,0,0,0,0,0,1
2026-09-18,2026-09-17,CF,Basic Materials,133.82,2561.29,20252.07,0.59,1.39,2.72,-1.3,0.67,-0.95,0,0,0,0,0,0,0,0,0,0,0,0,0
2026-09-18,2026-09-17,CFFN,Financial,8.83,839.39,1109.92,0.82,-0.34,-1.56,1.24,0.0,0.34,0,0,0,0,0,0,0,0,0,0,0,0,0
2026-09-18,2026-09-17,CFG,Financial,67.39,4041.77,28383.1,0.81,0.82,-0.88,1.72,0.55,-3.22,0,0,0,0,0,0,0,0,0,0,0,0,0
2026-09-18,2026-09-17,CFR,Financial,159.64,572.11,9921.43,0.79,0.13,-0.62,0.75,0.0,-1.86,0,0,0,0,0,0,0,0,0,0,0,0,0
2026-09-18,2026-09-17,CG,Financial,40.17,3661.93,14313.89,1.35,0.4,-2.22,2.67,0.15,-6.73,0,0,0,0,0,0,0,0,0,0,0,0,0
2026-09-18,2026-09-17,CGAU,Basic Materials,22.75,1566.75,4450.13,0.89,3.79,0.93,2.83,0.0,0.66,0,0,0,0,0,0,0,0,0,0,0,0,0
2026-09-18,2026-09-17,CGBD,Financial,11.63,566.4,800.19,0.45,2.11,1.22,0.88,0.17,2.2,0,0,0,0,0,0,0,0,0,0,0,0,0
2026-09-18,2026-09-17,CGEM,Healthcare,21.36,838.12,1374.62,0.9,3.54,1.42,2.08,-0.28,1.71,0,0,0,0,0,0,0,0,0,0,0,0,0
2026-09-18,2026-09-17,CGNT,Technology,8.62,618.24,637.03,0.87,1.77,1.77,0.0,-0.23,6.68,0,0,0,0,0,0,0,0,0,0,0,0,0
2026-09-18,2026-09-17,CGNX,Technology,60.85,2122.95,10236.42,0.49,1.25,-1.85,3.16,-0.41,-1.36,0,0,0,0,0,0,1,0,0,0,0,0,1
2026-09-18,2026-09-17,CGON,Healthcare,75.62,942.02,6702.98,0.95,2.02,0.83,1.19,-1.94,5.03,0,0,0,0,0,0,0,0,0,0,0,0,0
2026-09-18,2026-09-17,CHA,Consumer Cyclical,12.2,795.14,1530.98,1.14,0.08,0.66,-0.57,-1.52,-1.21,0,0,0,0,0,0,0,0,0,0,0,0,0
2026-09-18,2026-09-17,CHD,Consumer Defensive,95.05,1900.23,22546.24,0.85,-0.48,-0.97,0.49,0.06,1.18,0,0,0,0,0,0,0,0,0,0,0,0,0
2026-09-18,2026-09-17,CHDN,Consumer Cyclical,82.22,1025.16,5730.76,1.37,-0.52,-0.88,0.36,0.0,-0.64,0,0,0,0,0,0,0,0,0,0,0,0,0
2026-09-18,2026-09-17,CHEF,Consumer Defensive,110.16,650.39,4494.09,0.95,0.44,-0.78,1.23,0.0,0.36,0,0,0,0,0,0,0,0,0,0,0,0,0
2026-09-18,2026-09-17,CHH,Consumer Cyclical,98.64,567.03,4439.65,1.19,0.46,-0.83,1.3,-1.25,0.42,0,0,0,0,0,0,0,0,0,0,0,0,0
2026-09-18,2026-09-17,CHKP,Technology,136.23,1183.28,13909.17,1.04,-1.06,0.19,-1.25,-0.21,4.38,0,0,0,0,0,0,0,0,0,0,0,0,0
2026-09-18,2026-09-17,CHPT,Consumer Cyclical,9.92,1653.36,266.36,0.99,11.34,8.65,2.47,0.81,11.09,0,0,0,1,1,1,0,0,0,0,0,0,1
2026-09-18,2026-09-17,CHRD,Energy,146.27,783.72,8000.66,0.76,-0.52,0.32,-0.83,0.25,-3.66,0,0,0,0,0,0,0,0,0,0,0,0,0
2026-09-18,2026-09-17,CHRW,Industrials,153.82,1764.76,17974.06,0.62,0.23,-0.44,0.67,0.0,0.92,0,0,0,0,0,0,0,0,0,0,0,0,0
2026-09-18,2026-09-17,CHTR,Communication Services,133.37,3235.37,23355.11,0.6,-1.21,-1.73,0.53,0.46,-5.12,0,0,0,0,0,0,0,0,0,0,0,0,0
2026-09-18,2026-09-17,CHWY,Consumer Cyclical,20.9,8665.46,8400.28,0.78,-0.05,-0.62,0.57,0.24,-0.85,0,0,0,0,0,0,0,0,0,0,0,0,0
2026-09-18,2026-09-17,CHYM,Technology,30.72,7610.81,11630.13,0.77,-1.7,-3.92,2.32,0.07,-5.97,0,0,0,0,0,0,0,0,0,0,0,0,0
2026-09-18,2026-09-17,CI,Healthcare,276.0,1671.75,72930.38,0.7,-1.59,-1.72,0.14,0.18,-1.75,0,0,0,0,0,0,0,0,0,0,0,0,0
2026-09-18,2026-09-17,CIEN,Technology,344.25,2460.96,48817.59,1.53,1.1,-1.81,2.97,0.51,2.9,0,0,0,0,0,0,0,0,0,0,0,0,0
2026-09-18,2026-09-17,CIFR,Technology,16.94,31551.48,7030.62,1.31,1.32,-6.07,7.86,-0.16,6.27,0,0,0,0,0,0,1,1,0,0,0,0,1
2026-09-18,2026-09-17,CIM,Real Estate,11.0,835.05,920.83,1.26,1.01,-0.36,1.38,2.0,-1.61,0,0,0,0,0,0,0,0,1,0,0,0,1
2026-09-18,2026-09-17,CINF,Financial,169.9,737.99,26075.92,1.22,-0.51,-0.56,0.05,0.0,0.18,0,0,0,0,0,0,0,0,0,0,0,0,0
2026-09-18,2026-09-17,CION,Financial,7.26,533.52,357.21,0.59,2.11,1.54,0.56,0.41,1.11,0,0,0,0,0,0,0,0,0,0,0,0,0
2026-09-18,2026-09-17,CL,Consumer Defensive,87.73,4677.41,69935.97,1.33,0.82,0.48,0.33,-0.15,-0.19,0,0,0,0,0,0,0,0,0,0,0,0,0
2026-09-18,2026-09-17,CLB,Energy,11.4,812.09,523.09,0.79,-0.44,-1.55,1.14,0.0,-9.02,0,0,0,0,0,0,0,0,0,0,0,0,0
2026-09-18,2026-09-17,CLBK,Financial,11.55,5253.51,3113.25,1.21,0.79,-0.43,1.22,0.0,0.09,0,0,0,0,0,0,0,0,0,0,0,0,0
2026-09-18,2026-09-17,CLBT,Technology,11.82,2929.85,2970.85,0.63,3.41,3.41,0.0,0.25,4.37,0,0,0,0,0,0,0,0,0,0,0,0,0
2026-09-18,2026-09-17,CLDX,Healthcare,38.98,1008.55,3061.08,1.27,0.7,-1.24,1.96,0.0,2.31,0,0,0,0,0,0,0,0,0,0,0,0,0
2026-09-18,2026-09-17,CLF,Basic Materials,12.76,19465.85,7280.09,0.65,5.02,2.08,2.88,0.02,7.86,0,0,0,1,0,0,0,0,0,0,0,0,1
2026-09-18,2026-09-17,CLMT,Basic Materials,59.05,1177.66,5190.39,1.1,1.79,1.83,-0.03,0.59,4.62,0,0,0,0,0,0,0,0,0,0,0,0,0
2026-09-18,2026-09-17,CLPT,Healthcare,13.74,744.93,419.13,0.64,2.54,0.66,1.87,0.8,1.93,0,0,0,0,0,0,0,0,0,0,0,0,0
2026-09-18,2026-09-17,CLS,Technology,329.94,2433.71,41608.73,0.86,1.89,-2.31,4.3,0.3,1.45,0,0,0,0,0,0,1,0,0,0,0,0,1
2026-09-18,2026-09-17,CLSK,Financial,13.35,20760.39,3428.51,0.86,4.38,-0.89,5.32,-0.05,4.3,0,0,0,0,0,0,1,1,0,0,0,0,1
2026-09-18,2026-09-17,CLX,Consumer Defensive,85.0,2731.88,10279.14,1.44,0.16,-1.0,1.18,0.0,-4.25,0,0,0,0,0,0,0,0,0,0,0,0,0
2026-09-18,2026-09-17,CLYM,Healthcare,14.06,1442.96,807.56,0.97,-0.35,-2.97,2.69,0.0,-5.95,0,0,0,0,0,0,0,0,0,0,0,0,0
2026-09-18,2026-09-17,CM,Financial,113.78,1322.42,103307.69,0.84,0.73,-0.31,1.04,0.0,-0.6,0,0,0,0,0,0,0,0,0,0,0,0,0
2026-09-18,2026-09-17,CMBT,Energy,20.41,1043.01,5922.37,1.48,3.81,0.15,3.66,0.44,5.31,0,0,0,0,0,0,1,0,0,0,0,0,1
2026-09-18,2026-09-17,CMC,Industrials,67.1,1258.22,7422.89,0.62,1.94,-0.01,1.96,-0.14,0.72,0,0,0,0,0,0,0,0,0,0,0,0,0
2026-09-18,2026-09-17,CMCO,Industrials,15.74,587.15,454.32,1.51,-2.24,-6.31,4.35,0.0,-8.59,0,0,0,0,0,0,1,0,0,0,0,0,1
2026-09-18,2026-09-17,CMCSA,Communication Services,22.91,32423.1,81299.26,1.12,-3.46,-3.74,0.29,0.48,-8.98,0,0,0,0,0,0,0,0,0,0,0,0,0
2026-09-18,2026-09-17,CME,Financial,271.15,2682.63,97499.91,0.59,-0.48,-0.03,-0.45,-0.28,-1.07,0,0,0,0,0,0,0,0,0,0,0,0,0
2026-09-18,2026-09-17,CMG,Consumer Cyclical,33.51,17384.23,42404.16,0.55,-0.5,-2.22,1.75,0.45,-7.25,0,0,0,0,0,0,0,0,0,0,0,0,0
2026-09-18,2026-09-17,CMI,Industrials,523.88,1048.74,72119.68,1.14,-0.69,-3.56,2.98,1.92,-4.75,0,0,0,0,0,0,0,0,0,0,0,0,0
2026-09-18,2026-09-17,CMPS,Healthcare,15.0,3402.86,2077.2,1.46,8.7,6.69,1.88,0.0,5.49,0,0,0,1,1,0,0,0,0,0,0,0,1
2026-09-18,2026-09-17,CMS,Utilities,66.2,3448.37,20758.8,0.94,0.32,-0.08,0.39,0.72,-2.19,0,0,0,0,0,0,0,0,0,0,0,0,0
2026-09-18,2026-09-17,CNC,Healthcare,67.1,4664.68,33147.06,1.1,1.65,0.71,0.94,-0.03,2.6,0,0,0,0,0,0,0,0,0,0,0,0,0
2026-09-18,2026-09-17,CNH,Industrials,13.55,16899.39,16771.19,0.89,0.22,-1.74,2.0,0.0,0.37,0,0,0,0,0,0,0,0,0,0,0,0,0
2026-09-18,2026-09-17,CNI,Industrials,119.87,1486.44,72539.33,0.99,0.32,-0.77,1.1,0.0,-1.06,0,0,0,0,0,0,0,0,0,0,0,0,0
2026-09-18,2026-09-17,CNK,Communication Services,34.52,2374.18,4001.28,0.89,1.44,1.23,0.21,-0.78,-1.79,0,0,0,0,0,0,0,0,0,0,0,0,0
2026-09-18,2026-09-17,CNM,Industrials,42.9,2386.62,8172.19,1.34,0.19,-0.88,1.07,0.96,5.02,0,0,0,0,0,0,0,0,0,0,0,0,0
2026-09-18,2026-09-17,CNMD,Healthcare,46.13,557.77,1381.65,0.55,-1.93,-2.49,0.57,0.0,-0.19,0,0,0,0,0,0,0,0,0,0,0,0,0
2026-09-18,2026-09-17,CNO,Financial,55.57,853.92,5141.41,1.31,0.04,-1.09,1.13,0.0,0.98,0,0,0,0,0,0,0,0,0,0,0,0,0
2026-09-18,2026-09-17,CNP,Utilities,38.56,6622.34,25400.26,1.17,0.6,0.31,0.29,0.0,-1.43,0,0,0,0,0,0,0,0,0,0,0,0,0
2026-09-18,2026-09-17,CNQ,Energy,50.62,7880.86,104353.13,0.47,1.1,2.41,-1.28,0.54,-0.35,0,0,0,0,0,0,0,0,0,0,0,0,0
2026-09-18,2026-09-17,CNR,Energy,93.32,566.67,4632.05,0.91,-0.73,-0.66,-0.07,1.29,-5.28,0,0,0,0,0,0,0,0,0,0,0,0,0
2026-09-18,2026-09-17,CNX,Energy,33.52,1726.67,4959.07,1.09,-0.56,-0.56,0.0,0.0,-8.59,0,0,0,0,0,0,0,0,0,0,0,0,0
2026-09-18,2026-09-17,CNXC,Technology,28.34,1733.8,1729.26,1.11,-2.81,-2.28,-0.55,0.6,4.96,0,0,0,0,0,0,0,0,0,0,0,0,0
2026-09-18,2026-09-17,COCO,Consumer Defensive,56.24,1203.74,3228.01,1.73,-0.23,-1.11,0.89,-2.2,10.06,0,0,0,0,0,0,0,0,1,0,0,0,1
2026-09-18,2026-09-17,CODI,Industrials,11.08,719.51,833.62,0.47,0.64,-0.81,1.45,0.0,1.09,0,0,0,0,0,0,0,0,0,0,0,0,0
2026-09-18,2026-09-17,COF,Financial,202.04,3857.77,123948.47,0.88,-0.57,-2.04,1.51,0.43,-2.45,0,0,0,0,0,0,0,0,0,0,0,0,0
2026-09-18,2026-09-17,COGT,Healthcare,33.19,2271.0,5759.29,0.52,2.0,0.36,1.63,1.45,-2.61,0,0,0,0,0,0,0,0,0,0,0,0,0
2026-09-18,2026-09-17,COHR,Technology,295.98,6117.7,57962.43,1.07,2.09,-2.29,4.48,-0.17,0.96,0,0,0,0,0,0,1,0,0,0,0,0,1
2026-09-18,2026-09-17,COHU,Technology,55.0,1142.21,2603.61,0.86,7.72,3.33,4.25,0.0,0.49,0,0,0,1,0,0,1,0,0,0,0,0,1
2026-09-18,2026-09-17,COIN,Financial,173.97,8760.17,45899.71,1.14,5.75,2.46,3.22,-0.78,0.98,0,0,0,1,0,0,1,0,0,0,0,0,1
2026-09-18,2026-09-17,COKE,Consumer Defensive,198.97,514.82,13244.3,0.95,0.15,-0.37,0.52,0.12,5.39,0,0,0,0,0,0,0,0,0,0,0,0,0
2026-09-18,2026-09-17,COLB,Financial,29.94,2961.89,8471.51,0.74,0.76,-0.51,1.28,0.0,-0.32,0,0,0,0,0,0,0,0,0,0,0,0,0
2026-09-18,2026-09-17,COLL,Healthcare,22.38,669.3,728.6,1.06,0.86,0.09,0.77,0.0,-2.36,0,0,0,0,0,0,0,0,0,0,0,0,0
2026-09-18,2026-09-17,COLM,Consumer Cyclical,57.05,641.17,2920.57,1.13,-0.07,-1.04,0.98,0.0,1.12,0,0,0,0,0,0,0,0,0,0,0,0,0
2026-09-18,2026-09-17,COMP,Real Estate,10.48,12923.6,8044.92,1.24,1.45,-1.87,3.39,-1.26,3.46,0,0,0,0,0,0,1,0,0,0,0,0,1
2026-09-18,2026-09-17,CON,Healthcare,35.53,923.58,4530.71,1.21,-2.31,-2.66,0.36,0.0,3.77,0,0,0,0,0,0,0,0,0,0,0,0,0
2026-09-18,2026-09-17,COO,Healthcare,53.78,2783.8,10225.6,2.05,-1.53,-1.91,0.38,1.26,-0.73,1,0,0,0,0,0,0,0,0,0,0,0,1
2026-09-18,2026-09-17,COP,Energy,133.19,6952.2,160006.15,1.05,0.49,1.44,-0.94,0.23,-2.81,0,0,0,0,0,0,0,0,0,0,0,0,0
2026-09-18,2026-09-17,COR,Healthcare,309.41,1449.61,59043.84,0.76,-2.85,-2.81,-0.04,-0.91,-3.6,0,0,0,0,0,0,0,0,0,0,0,0,0
2026-09-18,2026-09-17,CORT,Healthcare,114.86,1075.61,12416.18,0.82,2.73,1.48,1.23,0.03,-0.05,0,0,0,0,0,0,0,0,0,0,0,0,0
2026-09-18,2026-09-17,CORZ,Technology,17.14,12248.04,5507.78,1.32,1.54,-4.71,6.56,-0.41,-1.32,0,0,0,0,0,0,1,1,0,0,0,0,1
2026-09-18,2026-09-17,COST,Consumer Defensive,893.93,2190.19,396439.02,1.06,0.02,-0.15,0.18,-0.04,-0.94,0,0,0,0,0,0,0,0,0,0,0,0,0
2026-09-18,2026-09-17,COUR,Consumer Defensive,5.15,6205.25,1361.66,0.75,-1.72,-2.28,0.57,0.0,-1.53,0,0,0,0,0,0,0,0,0,0,0,0,0
2026-09-18,2026-09-17,CP,Industrials,88.78,2489.31,78044.72,0.75,1.25,0.69,0.56,0.0,-0.07,0,0,0,0,0,0,0,0,0,0,0,0,0
2026-09-18,2026-09-17,CPAY,Technology,404.26,578.99,26543.55,0.52,0.49,-0.19,0.68,0.0,-1.03,0,0,0,0,0,0,0,0,0,0,0,0,0
2026-09-18,2026-09-17,CPB,Consumer Defensive,21.18,8061.03,6316.01,0.51,-0.98,-2.15,1.19,0.75,1.15,0,0,0,0,0,0,0,0,0,0,0,0,0
2026-09-18,2026-09-17,CPNG,Consumer Cyclical,14.46,18327.85,25992.02,0.77,0.42,-1.3,1.74,0.41,-1.43,0,0,0,0,0,0,0,0,0,0,0,0,0
2026-09-18,2026-09-17,CPRI,Consumer Cyclical,14.95,3976.7,1699.09,1.03,1.49,-0.4,1.9,0.0,16.07,0,0,0,0,0,0,0,0,0,0,1,0,1
2026-09-18,2026-09-17,CPRT,Industrials,29.66,11869.55,27459.57,0.78,-3.76,-3.7,-0.06,0.07,-3.54,0,0,0,0,0,0,0,0,0,0,0,0,0
2026-09-18,2026-09-17,CRBG,Financial,34.88,4228.92,15548.54,0.9,0.09,-1.75,1.87,0.0,2.05,0,0,0,0,0,0,0,0,0,0,0,0,0
2026-09-18,2026-09-17,CRC,Energy,54.42,859.43,4833.58,1.02,-0.09,1.27,-1.34,0.0,-3.25,0,0,0,0,0,0,0,0,0,0,0,0,0
2026-09-18,2026-09-17,CRCL,Financial,85.09,14215.0,21602.29,1.0,5.77,2.52,3.17,-0.68,-5.79,0,0,0,1,0,0,1,0,0,0,0,0,1
2026-09-18,2026-09-17,CRCT,Technology,5.71,709.15,1195.92,0.72,2.15,0.88,1.25,0.0,4.58,0,0,0,0,0,0,0,0,0,0,0,0,0
2026-09-18,2026-09-17,CRDO,Technology,168.25,7241.81,31622.91,1.23,4.19,-0.24,4.43,-0.71,4.95,0,0,0,0,0,0,1,0,0,0,0,0,1
2026-09-18,2026-09-17,CRGY,Energy,14.11,6033.55,4661.99,1.12,-2.01,-2.08,0.07,1.28,-2.08,0,0,0,0,0,0,0,0,0,0,0,0,0
2026-09-18,2026-09-17,CRH,Basic Materials,86.7,4510.21,57680.16,1.14,0.0,-2.03,2.08,0.5,-1.1,0,0,0,0,0,0,0,0,0,0,0,0,0
2026-09-18,2026-09-17,CRI,Consumer Cyclical,29.69,1175.39,1089.96,1.11,2.27,0.07,2.2,0.03,-1.66,0,0,0,0,0,0,0,0,0,0,0,0,0
2026-09-18,2026-09-17,CRK,Energy,12.92,2549.0,3793.58,0.89,-1.37,-0.62,-0.76,0.62,-14.94,0,0,0,0,0,0,0,0,0,0,0,0,0
2026-09-18,2026-09-17,CRL,Healthcare,281.67,918.29,13446.61,0.88,3.02,0.56,2.45,0.0,3.18,0,0,0,0,0,0,0,0,0,0,0,0,0
2026-09-18,2026-09-17,CRM,Technology,242.85,14924.46,199865.55,1.11,-3.07,-0.54,-2.54,0.47,-0.06,0,0,0,0,0,0,0,0,0,0,0,0,0
2026-09-18,2026-09-17,CRMD,Healthcare,7.79,1241.44,607.18,0.55,-0.38,-0.89,0.51,1.67,-2.14,0,0,0,0,0,0,0,0,0,0,0,0,0
2026-09-18,2026-09-17,CRML,Basic Materials,6.87,6330.45,1009.13,0.95,6.02,0.88,5.09,0.58,2.23,0,0,0,1,0,0,1,1,0,0,0,0,1
2026-09-18,2026-09-17,CRNC,Technology,8.15,743.73,368.63,0.64,3.82,1.49,2.29,-1.84,0.12,0,0,0,0,0,0,0,0,0,0,0,0,0
2026-09-18,2026-09-17,CROX,Consumer Cyclical,123.0,1040.14,5897.24,1.9,6.59,3.63,2.85,0.0,13.02,0,0,0,1,0,0,0,0,0,0,0,0,1
2026-09-18,2026-09-17,CRS,Industrials,406.71,778.19,20155.97,1.25,-1.24,-3.6,2.45,1.66,-9.27,0,0,0,0,0,0,0,0,0,0,0,0,0
2026-09-18,2026-09-17,CRSP,Healthcare,57.33,1588.65,5542.9,1.89,9.8,6.35,3.24,-0.41,9.69,0,0,0,1,1,0,1,0,0,0,0,0,1
2026-09-18,2026-09-17,CRSR,Technology,13.51,1765.3,1461.47,0.45,2.66,-0.15,2.81,-0.96,7.48,0,0,0,0,0,0,0,0,0,0,0,0,0
2026-09-18,2026-09-17,CRUS,Technology,120.37,788.91,6032.65,0.94,2.01,0.25,1.75,1.23,3.34,0,0,0,0,0,0,0,0,0,0,0,0,0
2026-09-18,2026-09-17,CRVS,Healthcare,12.55,1031.47,1055.72,1.49,2.62,0.0,2.62,0.56,-3.01,0,0,0,0,0,0,0,0,0,0,0,0,0
2026-09-18,2026-09-17,CRWD,Technology,245.7,10127.01,251580.78,1.22,1.8,4.09,-2.2,-0.08,17.64,0,0,0,0,0,0,0,0,0,0,1,0,1
2026-09-18,2026-09-17,CRWV,Technology,79.88,27599.55,44056.74,2.88,-4.16,-1.93,-2.28,0.18,-10.37,1,0,0,0,0,0,0,0,0,0,0,0,1
2026-09-18,2026-09-17,CSCO,Technology,110.24,20916.19,434630.75,0.77,2.32,0.47,1.84,-0.21,2.61,0,0,0,0,0,0,0,0,0,0,0,0,0
2026-09-18,2026-09-17,CSGP,Real Estate,29.3,7188.75,11870.26,0.68,-3.51,-3.89,0.4,1.21,-0.66,0,0,0,0,0,0,0,0,0,0,0,0,0
2026-09-18,2026-09-17,CSIQ,Technology,11.75,2154.82,797.79,0.98,3.62,1.91,1.68,0.25,-9.82,0,0,0,0,0,0,0,0,0,0,0,0,0
2026-09-18,2026-09-17,CSL,Industrials,320.37,564.99,12723.22,0.89,0.89,-1.18,2.09,0.0,-2.84,0,0,0,0,0,0,0,0,0,0,0,0,0
2026-09-18,2026-09-17,CSQR,Technology,17.77,1484.59,2961.09,0.68,1.78,0.45,1.32,0.39,4.41,0,0,0,0,0,0,0,0,0,0,0,0,0
2026-09-18,2026-09-17,CSTM,Basic Materials,26.19,1638.0,3549.47,1.0,1.0,-1.5,2.55,0.08,0.77,0,0,0,0,0,0,0,0,0,0,0,0,0
2026-09-18,2026-09-17,CSWC,Financial,24.01,663.97,1530.25,0.98,1.74,1.01,0.72,0.71,-0.13,0,0,0,0,0,0,0,0,0,0,0,0,0
2026-09-18,2026-09-17,CSX,Industrials,47.9,11545.97,88733.55,0.85,0.0,-1.44,1.46,-0.48,-2.32,0,0,0,0,0,0,0,0,0,0,0,0,0
2026-09-18,2026-09-17,CTAS,Industrials,197.96,2125.34,79217.57,0.73,-0.75,-0.58,-0.17,-0.48,-0.24,0,0,0,0,0,0,0,0,0,0,0,0,0
2026-09-18,2026-09-17,CTKB,Healthcare,5.21,1245.31,677.22,1.79,5.68,4.41,1.22,0.0,15.01,0,0,0,1,0,0,0,0,0,0,1,0,1
2026-09-18,2026-09-17,CTOS,Industrials,9.11,1072.83,2072.58,0.56,0.66,-1.09,1.77,-0.55,0.77,0,0,0,0,0,0,0,0,0,0,0,0,0
2026-09-18,2026-09-17,CTRE,Real Estate,38.17,2487.0,9019.32,0.65,0.5,0.21,0.29,0.0,-1.67,0,0,0,0,0,0,0,0,0,0,0,0,0
2026-09-18,2026-09-17,CTRI,Utilities,19.13,1756.33,1931.42,1.65,-0.16,-1.95,1.83,0.0,-5.53,0,0,0,0,0,0,0,0,0,0,0,0,0
2026-09-18,2026-09-17,CTSH,Technology,61.88,9973.55,27873.48,0.42,0.05,0.13,-0.08,-0.13,6.1,0,0,0,0,0,0,0,0,0,0,0,0,0
2026-09-18,2026-09-17,CTVA,Basic Materials,81.53,4610.51,54396.49,1.06,0.64,0.16,0.48,0.0,-3.5,0,0,0,0,0,0,0,0,0,0,0,0,0
2026-09-18,2026-09-17,CUBE,Real Estate,40.19,2143.77,9088.82,0.85,1.26,0.45,0.81,-1.02,2.84,0,0,0,0,0,0,0,0,0,0,0,0,0
2026-09-18,2026-09-17,CURB,Real Estate,28.74,1454.84,3306.19,0.6,0.17,-0.52,0.7,0.0,-2.24,0,0,0,0,0,0,0,0,0,0,0,0,0
2026-09-18,2026-09-17,CUZ,Real Estate,28.29,1523.72,4656.59,0.9,0.07,-0.88,0.96,0.0,1.25,0,0,0,0,0,0,0,0,0,0,0,0,0
2026-09-18,2026-09-17,CVBF,Financial,22.81,1450.3,4014.5,1.14,0.4,-0.04,0.44,0.0,1.88,0,0,0,0,0,0,0,0,0,0,0,0,0
2026-09-18,2026-09-17,CVE,Energy,32.91,7180.35,60693.94,0.73,1.2,2.11,-0.89,1.91,-1.29,0,0,0,0,0,0,0,0,0,0,0,0,0
2026-09-18,2026-09-17,CVI,Energy,54.14,1066.97,5442.73,0.89,2.05,4.36,-2.21,-0.15,11.4,0,0,0,0,0,0,0,0,0,0,0,0,0
2026-09-18,2026-09-17,CVLT,Technology,148.79,680.42,6166.53,0.9,2.47,1.92,0.53,0.0,13.11,0,0,0,0,0,0,0,0,0,0,0,0,0
2026-09-18,2026-09-17,CVNA,Consumer Cyclical,65.84,9718.63,72454.53,0.66,0.67,-2.42,3.17,0.07,-6.32,0,0,0,0,0,0,1,0,0,0,0,0,1
2026-09-18,2026-09-17,CVS,Healthcare,90.27,7449.05,115452.65,1.0,-1.58,-1.88,0.31,0.14,-5.27,0,0,0,0,0,0,0,0,0,0,0,0,0
2026-09-18,2026-09-17,CVX,Energy,211.57,8452.3,418013.93,0.87,0.01,0.94,-0.91,0.16,-0.56,0,0,0,0,0,0,0,0,0,0,0,0,0
2026-09-18,2026-09-17,CWEN,Utilities,30.96,1325.5,6355.31,0.9,3.27,1.61,1.63,1.36,-1.99,0,0,0,0,0,0,0,0,0,0,0,0,0
2026-09-18,2026-09-17,CWH,Consumer Cyclical,5.79,2087.13,598.07,0.91,4.14,0.35,3.78,0.0,-4.93,0,0,0,0,0,0,1,0,0,0,0,0,1
2026-09-18,2026-09-17,CWK,Real Estate,12.49,2012.05,2931.57,0.91,-0.4,-2.73,2.39,0.0,-1.5,0,0,0,0,0,0,0,0,0,0,0,0,0
2026-09-18,2026-09-17,CWST,Industrials,88.71,612.49,5645.49,0.63,-1.5,-2.63,1.17,0.0,-1.37,0,0,0,0,0,0,0,0,0,0,0,0,0
2026-09-18,2026-09-17,CWT,Utilities,47.88,518.49,2960.86,0.71,-0.35,-0.64,0.29,0.0,-2.01,0,0,0,0,0,0,0,0,0,0,0,0,0
2026-09-18,2026-09-17,CX,Basic Materials,10.19,6116.98,15404.22,0.6,0.3,-1.26,1.57,-0.39,-4.41,0,0,0,0,0,0,0,0,0,0,0,0,0
2026-09-18,2026-09-17,CXM,Technology,5.62,3644.88,1304.81,0.78,0.54,1.81,-1.25,1.6,3.31,0,0,0,0,0,0,0,0,0,0,0,0,0
2026-09-18,2026-09-17,CXT,Industrials,45.29,768.46,2606.95,0.77,-4.31,-6.66,2.51,1.44,-10.09,0,0,0,0,0,0,0,0,0,0,0,0,0
2026-09-18,2026-09-17,CXW,Industrials,35.54,1537.4,3514.68,1.08,1.75,1.48,0.26,0.0,3.28,0,0,0,0,0,0,0,0,0,0,0,0,0
2026-09-18,2026-09-17,CYRX,Industrials,16.78,628.38,849.9,1.2,1.64,-0.12,1.76,-0.14,9.89,0,0,0,0,0,0,0,0,0,0,0,0,0
2026-09-18,2026-09-17,CYTK,Healthcare,69.92,2050.72,9720.52,0.68,0.76,-1.02,1.8,0.0,-5.03,0,0,0,0,0,0,0,0,0,0,0,0,0
2026-09-18,2026-09-17,CZR,Consumer Cyclical,29.67,3858.96,6046.16,2.6,0.0,0.14,-0.13,0.06,0.07,1,0,0,0,0,0,0,0,0,0,0,0,1
2026-09-18,2026-09-17,D,Utilities,64.29,4636.06,56544.72,0.57,1.23,0.78,0.44,-0.45,-1.17,0,0,0,0,0,0,0,0,0,0,0,0,0
2026-09-18,2026-09-17,DAKT,Technology,17.44,615.15,838.74,0.91,-0.68,-2.19,1.54,0.29,-7.97,0,0,0,0,0,0,0,0,0,0,0,0,0
2026-09-18,2026-09-17,DAL,Industrials,79.43,6266.19,52234.99,0.97,2.0,-0.23,2.23,0.06,1.52,0,0,0,0,0,0,0,0,0,0,0,0,0
2026-09-18,2026-09-17,DAN,Consumer Cyclical,30.5,1596.09,3281.09,0.76,1.8,-1.26,3.1,0.0,-0.55,0,0,0,0,0,0,1,0,0,0,0,0,1
2026-09-18,2026-09-17,DAR,Consumer Defensive,66.49,2473.58,10492.32,0.81,1.42,2.21,-0.78,0.0,0.18,0,0,0,0,0,0,0,0,0,0,0,0,0
2026-09-18,2026-09-17,DASH,Consumer Cyclical,194.56,4266.8,84307.5,0.65,-1.12,-3.09,2.03,-0.34,-3.22,0,0,0,0,0,0,0,0,0,0,0,0,0
2026-09-18,2026-09-17,DB,Financial,39.05,1988.77,73378.07,0.91,1.8,-0.03,1.82,0.0,-3.22,0,0,0,0,0,0,0,0,0,0,0,0,0
2026-09-18,2026-09-17,DBI,Consumer Cyclical,6.08,602.16,310.83,0.83,0.66,-1.78,2.48,0.0,1.5,0,0,0,0,0,0,0,0,0,0,0,0,0
2026-09-18,2026-09-17,DBRG,Financial,15.91,3746.3,3027.36,0.62,0.19,0.06,0.13,0.0,-0.06,0,0,0,0,0,0,0,0,0,0,0,0,0
2026-09-18,2026-09-17,DBX,Technology,37.61,3988.73,8178.01,1.04,-0.34,-0.08,-0.26,0.0,7.3,0,0,0,0,0,0,0,0,0,0,0,0,0
2026-09-18,2026-09-17,DC,Basic Materials,6.08,1468.11,815.77,0.59,7.04,3.23,3.7,2.47,3.05,0,0,0,1,0,0,1,0,1,0,0,0,1
2026-09-18,2026-09-17,DCH,Consumer Cyclical,6.11,3224.59,1451.77,1.09,1.83,-0.97,2.83,0.0,-6.86,0,0,0,0,0,0,0,0,0,0,0,0,0
2026-09-18,2026-09-17,DCI,Industrials,86.05,710.14,9974.15,0.74,-0.32,-1.88,1.59,0.0,-2.42,0,0,0,0,0,0,0,0,0,0,0,0,0
2026-09-18,2026-09-17,DCTH,Healthcare,16.25,518.31,563.85,0.84,0.18,-1.34,1.54,1.05,2.85,0,0,0,0,0,0,0,0,0,0,0,0,0
2026-09-18,2026-09-17,DD,Basic Materials,128.46,1480.1,17347.24,0.82,0.7,-0.5,1.2,0.0,0.9,0,0,0,0,0,0,0,0,0,0,0,0,0
2026-09-18,2026-09-17,DDOG,Technology,236.0,4478.84,84741.71,0.63,2.26,2.78,-0.51,0.0,6.44,0,0,0,0,0,0,0,0,0,0,0,0,0
2026-09-18,2026-09-17,DE,Industrials,685.63,1224.85,184863.27,1.01,2.41,1.48,0.92,-0.03,1.13,0,0,0,0,0,0,0,0,0,0,0,0,0
2026-09-18,2026-09-17,DEC,Energy,13.89,1001.02,1098.24,0.95,-1.91,-1.42,-0.49,1.15,-7.03,0,0,0,0,0,0,0,0,0,0,0,0,0
2026-09-18,2026-09-17,DECK,Consumer Cyclical,79.71,2575.49,10855.06,1.52,2.24,0.44,1.8,0.19,-0.21,0,0,0,0,0,0,0,0,0,0,0,0,0
2026-09-18,2026-09-17,DEI,Real Estate,10.29,1863.64,1723.43,1.11,-0.68,-1.25,0.58,0.0,-3.56,0,0,0,0,0,0,0,0,0,0,0,0,0
2026-09-18,2026-09-17,DELL,Technology,588.4,7822.47,374112.25,1.19,4.46,3.16,1.26,0.24,16.14,0,0,0,0,0,0,0,0,0,0,1,0,1
2026-09-18,2026-09-17,DEO,Consumer Defensive,86.72,1107.74,48230.2,1.36,-0.26,-0.22,-0.05,0.32,0.48,0,0,0,0,0,0,0,0,0,0,0,0,0
2026-09-18,2026-09-17,DFH,Consumer Cyclical,11.71,687.82,1060.17,2.11,-2.5,-5.64,3.33,0.79,-2.58,1,0,0,0,0,0,1,0,0,0,0,0,1
2026-09-18,2026-09-17,DFTX,Healthcare,38.68,2970.38,5197.31,0.58,2.19,-0.46,2.67,0.16,2.52,0,0,0,0,0,0,0,0,0,0,0,0,0
2026-09-18,2026-09-17,DG,Consumer Defensive,124.95,2529.47,27566.07,0.89,1.58,0.73,0.85,0.07,1.59,0,0,0,0,0,0,0,0,0,0,0,0,0
2026-09-18,2026-09-17,DGX,Healthcare,247.45,963.76,27311.89,1.03,0.15,-0.33,0.49,-0.1,7.06,0,0,0,0,0,0,0,0,0,0,0,0,0
2026-09-18,2026-09-17,DHI,Consumer Cyclical,140.38,2352.59,39264.47,1.4,1.49,-0.83,2.34,-0.01,3.55,0,0,0,0,0,0,0,0,0,0,0,0,0
2026-09-18,2026-09-17,DHR,Healthcare,212.5,4601.48,149384.54,1.34,1.99,0.96,1.02,0.02,5.97,0,0,0,0,0,0,0,0,0,0,0,0,0
2026-09-18,2026-09-17,DHT,Energy,22.82,3471.93,3679.4,1.57,-0.95,-0.65,-0.3,0.67,6.49,0,0,0,0,0,0,0,0,0,0,0,0,0
2026-09-18,2026-09-17,DINO,Energy,116.62,2670.51,20733.15,0.94,2.33,3.97,-1.58,1.18,8.26,0,0,0,0,0,0,0,0,0,0,0,0,0
2026-09-18,2026-09-17,DIOD,Technology,90.79,628.37,4181.03,0.6,1.52,-2.16,3.76,0.0,-0.95,0,0,0,0,0,0,1,0,0,0,0,0,1
2026-09-18,2026-09-17,DIS,Communication Services,105.35,10278.26,181906.46,0.76,-1.53,-2.08,0.56,0.07,-0.44,0,0,0,0,0,0,0,0,0,0,0,0,0
2026-09-18,2026-09-17,DJT,Communication Services,8.68,4514.07,2412.53,0.49,1.52,-0.46,1.99,0.12,-1.14,0,0,0,0,0,0,0,0,0,0,0,0,0
2026-09-18,2026-09-17,DK,Energy,81.55,1501.83,4993.48,1.33,3.02,4.86,-1.76,0.48,8.89,0,0,0,0,0,0,0,0,0,0,0,0,0
2026-09-18,2026-09-17,DKNG,Consumer Cyclical,22.47,11404.08,19986.35,1.5,-7.64,-7.61,-0.04,0.09,-5.23,0,0,0,1,0,0,0,0,0,0,0,0,1
2026-09-18,2026-09-17,DKS,Consumer Cyclical,123.92,2760.11,11019.82,1.33,0.22,-1.42,1.66,0.15,-6.93,0,0,0,0,0,0,0,0,0,0,0,0,0
2026-09-18,2026-09-17,DLB,Industrials,57.47,979.0,5383.15,0.81,-2.16,-2.94,0.8,0.0,-8.22,0,0,0,0,0,0,0,0,0,0,0,0,0
2026-09-18,2026-09-17,DLO,Technology,14.36,2500.4,4051.12,0.69,0.42,-0.97,1.4,0.14,-3.75,0,0,0,0,0,0,0,0,0,0,0,0,0
2026-09-18,2026-09-17,DLTR,Consumer Defensive,114.4,2937.37,21464.91,1.07,1.78,1.08,0.69,0.33,-3.59,0,0,0,0,0,0,0,0,0,0,0,0,0
2026-09-18,2026-09-17,DMRA,Healthcare,22.78,607.49,1406.33,1.0,-7.13,-8.73,1.75,0.0,-15.13,0,0,0,1,0,0,0,0,0,0,0,0,1
2026-09-18,2026-09-17,DNA,Healthcare,7.84,1111.03,527.95,2.39,11.05,7.54,3.26,-0.51,15.63,1,0,0,1,1,1,1,0,0,0,1,0,1
2026-09-18,2026-09-17,DNLI,Healthcare,20.13,1594.09,3217.73,0.89,0.35,-2.14,2.54,0.6,-5.93,0,0,0,0,0,0,0,0,0,0,0,0,0
2026-09-18,2026-09-17,DNOW,Industrials,15.95,2654.64,2883.53,1.18,2.24,1.53,0.71,0.0,3.1,0,0,0,0,0,0,0,0,0,0,0,0,0
2026-09-18,2026-09-17,DNTH,Healthcare,101.12,934.85,5656.08,1.22,-1.34,-3.31,2.04,2.0,-2.09,0,0,0,0,0,0,0,0,1,0,0,0,1
2026-09-18,2026-09-17,DOC,Real Estate,20.5,5615.66,14483.81,1.19,0.74,-0.29,1.03,0.0,0.64,0,0,0,0,0,0,0,0,0,0,0,0,0
2026-09-18,2026-09-17,DOCN,Technology,132.98,3202.82,15635.72,0.95,7.45,2.03,5.32,0.02,1.47,0,0,0,1,0,0,1,1,0,0,0,0,1
2026-09-18,2026-09-17,DOCS,Healthcare,26.57,4599.23,4735.99,0.47,2.43,2.11,0.31,-0.56,7.53,0,0,0,0,0,0,0,0,0,0,0,0,0
2026-09-18,2026-09-17,DOCU,Technology,70.64,3520.27,13202.79,0.9,0.34,2.14,-1.76,-0.18,7.36,0,0,0,0,0,0,0,0,0,0,0,0,0
2026-09-18,2026-09-17,DOLE,Consumer Defensive,13.14,1085.89,1241.19,0.69,0.31,-0.15,0.46,0.3,-3.17,0,0,0,0,0,0,0,0,0,0,0,0,0
2026-09-18,2026-09-17,DOV,Industrials,189.24,1196.84,25486.89,1.07,0.47,-1.26,1.75,0.0,1.0,0,0,0,0,0,0,0,0,0,0,0,0,0
2026-09-18,2026-09-17,DOW,Basic Materials,29.49,10166.45,21301.83,0.76,-1.96,-0.27,-1.7,0.17,-0.51,0,0,0,0,0,0,0,0,0,0,0,0,0
2026-09-18,2026-09-17,DOX,Technology,60.51,1356.7,6509.12,0.52,-1.45,-1.27,-0.18,0.0,0.41,0,0,0,0,0,0,0,0,0,0,0,0,0
2026-09-18,2026-09-17,DPC,Industrials,40.4,1583.87,6035.48,0.41,2.23,0.05,2.18,-0.99,-4.76,0,0,0,0,0,0,0,0,0,0,0,0,0
2026-09-18,2026-09-17,DPRO,Technology,5.75,1180.4,213.61,1.09,5.89,5.89,0.0,1.39,5.12,0,0,0,1,0,0,0,0,0,0,0,0,1
2026-09-18,2026-09-17,DPZ,Consumer Cyclical,297.65,922.74,9847.73,0.9,-1.21,-2.01,0.82,0.25,-6.19,0,0,0,0,0,0,0,0,0,0,0,0,0
2026-09-18,2026-09-17,DQ,Technology,11.93,939.46,807.3,0.7,5.48,3.29,2.12,0.0,1.88,0,0,0,1,0,0,0,0,0,0,0,0,1
2026-09-18,2026-09-17,DRH,Real Estate,12.25,2637.93,2514.13,0.88,-0.16,-1.05,0.9,0.0,0.57,0,0,0,0,0,0,0,0,0,0,0,0,0
2026-09-18,2026-09-17,DRI,Consumer Cyclical,206.74,1311.76,23473.62,0.68,-0.64,-1.04,0.4,0.2,-0.38,0,0,0,0,0,0,0,0,0,0,0,0,0
2026-09-18,2026-09-17,DRS,Industrials,37.06,976.49,9891.0,0.9,-0.08,-0.67,0.59,0.38,2.07,0,0,0,0,0,0,0,0,0,0,0,0,0
2026-09-18,2026-09-17,DRTS,Healthcare,15.49,670.92,1399.15,1.28,2.99,2.24,0.73,0.71,7.27,0,0,0,0,0,0,0,0,0,0,0,0,0
2026-09-18,2026-09-17,DRVN,Consumer Cyclical,12.26,930.89,2022.66,3.07,1.57,0.08,1.49,0.0,-0.33,1,1,0,0,0,0,0,0,0,0,0,0,1
2026-09-18,2026-09-17,DSGN,Healthcare,12.81,715.12,801.67,0.84,2.44,0.63,1.8,0.0,-13.45,0,0,0,0,0,0,0,0,0,0,0,0,0
2026-09-18,2026-09-17,DSGX,Technology,79.63,601.46,6812.35,1.08,0.75,0.72,0.03,-0.01,11.65,0,0,0,0,0,0,0,0,0,0,0,0,0
2026-09-18,2026-09-17,DT,Technology,55.83,6032.73,16134.99,1.22,1.16,1.44,-0.27,-1.56,8.58,0,0,0,0,0,0,0,0,0,0,0,0,0
2026-09-18,2026-09-17,DTE,Utilities,130.44,1348.17,27143.01,1.67,-0.2,-0.63,0.44,0.02,-2.9,0,0,0,0,0,0,0,0,0,0,0,0,0
2026-09-18,2026-09-17,DTM,Energy,125.9,883.49,12843.72,1.05,0.73,0.82,-0.09,0.0,-2.79,0,0,0,0,0,0,0,0,0,0,0,0,0
2026-09-18,2026-09-17,DUK,Utilities,118.54,4066.45,92425.9,1.02,0.66,0.15,0.51,-0.1,-0.7,0,0,0,0,0,0,0,0,0,0,0,0,0
2026-09-18,2026-09-17,DUKU,Utilities,49.23,916.95,91668.76,1.4,-0.16,0.06,-0.22,0.0,-0.79,0,0,0,0,0,0,0,0,0,0,0,0,0
2026-09-18,2026-09-17,DUOL,Technology,147.1,1276.51,6882.22,0.59,-0.72,0.88,-1.59,-0.09,1.34,0,0,0,0,0,0,0,0,0,0,0,0,0
2026-09-18,2026-09-17,DUOT,Technology,8.5,981.97,267.51,0.49,2.41,0.12,2.29,1.65,4.94,0,0,0,0,0,0,0,0,0,0,0,0,0
2026-09-18,2026-09-17,DV,Communication Services,13.47,4002.87,2087.68,0.58,-0.15,0.0,-0.15,-0.07,0.75,0,0,0,0,0,0,0,0,0,0,0,0,0
2026-09-18,2026-09-17,DVA,Healthcare,183.09,817.12,11681.14,1.73,-5.56,-5.9,0.37,1.58,0.97,0,0,0,1,0,0,0,0,0,0,0,0,1
2026-09-18,2026-09-17,DVN,Energy,48.72,11786.07,53592.0,1.03,0.58,1.46,-0.87,0.37,-2.6,0,0,0,0,0,0,0,0,0,0,0,0,0
2026-09-18,2026-09-17,DX,Real Estate,12.29,5502.28,3049.97,1.19,1.07,-0.24,1.32,0.49,-2.15,0,0,0,0,0,0,0,0,0,0,0,0,0
2026-09-18,2026-09-17,DXC,Technology,11.44,4008.36,1827.87,0.49,-1.21,-1.72,0.52,0.0,3.62,0,0,0,0,0,0,0,0,0,0,0,0,0
2026-09-18,2026-09-17,DXCM,Healthcare,87.93,4684.78,33181.33,0.6,0.68,0.45,0.23,0.24,4.05,0,0,0,0,0,0,0,0,0,0,0,0,0
2026-09-18,2026-09-17,DXYZ,Financial,31.15,1273.6,949.14,0.46,1.3,-0.48,1.79,-0.42,-2.81,0,0,0,0,0,0,0,0,0,0,0,0,0
2026-09-18,2026-09-17,DY,Industrials,285.49,629.01,8610.66,1.21,-0.66,-3.36,2.8,0.16,-3.53,0,0,0,0,0,0,0,0,0,0,0,0,0
2026-09-18,2026-09-17,DYN,Healthcare,18.06,2677.95,3372.64,1.06,4.36,0.89,3.44,0.39,-1.95,0,0,0,0,0,0,1,0,0,0,0,0,1
2026-09-18,2026-09-17,EAT,Consumer Cyclical,199.56,1057.04,8334.63,1.09,-5.25,-5.04,-0.21,-1.28,-7.05,0,0,0,1,0,0,0,0,0,0,0,0,1
2026-09-18,2026-09-17,EBAY,Consumer Cyclical,112.9,4057.65,50240.5,1.55,3.42,3.32,0.09,-0.45,7.49,0,0,0,0,0,0,0,0,0,0,0,0,0
2026-09-18,2026-09-17,EBC,Financial,21.55,3034.81,4924.42,0.6,-0.19,-1.1,0.93,0.0,-0.53,0,0,0,0,0,0,0,0,0,0,0,0,0
2026-09-18,2026-09-17,EBS,Healthcare,7.02,1129.08,359.94,1.22,4.0,2.63,1.33,-0.14,19.59,0,0,0,0,0,0,0,0,0,0,1,0,1
2026-09-18,2026-09-17,EC,Energy,17.38,2290.51,35730.5,0.61,-0.46,0.64,-1.09,0.0,-3.82,0,0,0,0,0,0,0,0,0,0,0,0,0
2026-09-18,2026-09-17,ECG,Industrials,113.34,581.22,5787.57,0.77,1.85,-1.73,3.65,0.0,-1.64,0,0,0,0,0,0,1,0,0,0,0,0,1
2026-09-18,2026-09-17,ECHO,Communication Services,94.08,5398.4,27329.37,0.48,0.66,-0.88,1.56,0.01,2.43,0,0,0,0,0,0,0,0,0,0,0,0,0
2026-09-18,2026-09-17,ECL,Basic Materials,271.68,1383.55,76159.66,0.71,-0.88,-1.91,1.06,0.85,0.03,0,0,0,0,0,0,0,0,0,0,0,0,0
2026-09-18,2026-09-17,ECO,Industrials,86.3,540.37,3309.49,1.83,1.84,0.75,1.09,0.92,18.35,0,0,0,0,0,0,0,0,0,0,1,0,1
2026-09-18,2026-09-17,ECVT,Basic Materials,10.64,1523.15,1164.75,0.85,-2.21,-2.03,-0.18,0.0,5.66,0,0,0,0,0,0,0,0,0,0,0,0,0
2026-09-18,2026-09-17,ED,Utilities,107.08,2247.93,39462.16,0.79,1.57,1.43,0.14,-0.03,0.33,0,0,0,0,0,0,0,0,0,0,0,0,0
2026-09-18,2026-09-17,EDU,Consumer Defensive,55.54,752.98,8839.19,0.41,-0.5,0.05,-0.56,0.0,1.76,0,0,0,0,0,0,0,0,0,0,0,0,0
2026-09-18,2026-09-17,EEFT,Technology,67.86,676.81,2538.21,0.56,-1.67,-2.46,0.81,0.0,-4.06,0,0,0,0,0,0,0,0,0,0,0,0,0
2026-09-18,2026-09-17,EFC,Real Estate,12.58,1223.04,1621.4,1.16,-0.32,-1.56,1.27,0.51,-3.53,0,0,0,0,0,0,0,0,0,0,0,0,0
2026-09-18,2026-09-17,EFOR,Technology,32.93,939.44,1350.13,0.79,1.54,1.54,0.0,1.46,8.36,0,0,0,0,0,0,0,0,0,0,0,0,0
2026-09-18,2026-09-17,EFX,Industrials,161.17,1550.06,18935.04,0.65,-1.61,-2.43,0.84,0.92,-4.09,0,0,0,0,0,0,0,0,0,0,0,0,0
2026-09-18,2026-09-17,EFXT,Energy,22.77,590.27,2780.22,0.62,1.83,1.16,0.67,0.0,1.97,0,0,0,0,0,0,0,0,0,0,0,0,0
2026-09-18,2026-09-17,EGO,Basic Materials,42.39,2730.17,11077.35,1.41,4.49,0.95,3.5,0.26,-0.93,0,0,0,0,0,0,1,0,0,0,0,0,1
2026-09-18,2026-09-17,EGY,Energy,6.24,1346.45,656.39,0.73,1.13,2.97,-1.78,0.0,0.0,0,0,0,0,0,0,0,0,0,0,0,0,0
2026-09-18,2026-09-17,EHC,Healthcare,123.14,986.91,12148.18,0.76,-0.62,-0.76,0.14,0.0,1.73,0,0,0,0,0,0,0,0,0,0,0,0,0
2026-09-18,2026-09-17,EIX,Utilities,55.5,4164.24,21357.17,1.44,1.26,0.58,0.68,0.24,-2.2,0,0,0,0,0,0,0,0,0,0,0,0,0
2026-09-18,2026-09-17,EL,Consumer Defensive,93.86,3067.69,33958.41,0.75,-1.82,-3.55,1.79,0.14,-2.71,0,0,0,0,0,0,0,0,0,0,0,0,0
2026-09-18,2026-09-17,ELAN,Healthcare,22.74,6014.65,11361.4,0.77,-0.52,-2.57,2.1,0.0,-0.52,0,0,0,0,0,0,0,0,0,0,0,0,0
2026-09-18,2026-09-17,ELF,Consumer Defensive,93.32,2437.87,5506.63,0.55,-0.1,-2.4,2.36,-0.08,-2.55,0,0,0,0,0,0,0,0,0,0,0,0,0
2026-09-18,2026-09-17,ELMT,Industrials,21.97,662.63,669.2,2.06,10.74,7.28,3.23,0.98,38.0,1,0,0,1,1,1,1,0,0,0,1,0,1
2026-09-18,2026-09-17,ELS,Real Estate,61.1,1502.47,12251.36,1.01,0.36,-0.33,0.69,0.0,1.33,0,0,0,0,0,0,0,0,0,0,0,0,0
2026-09-18,2026-09-17,ELV,Healthcare,414.26,1330.98,89840.28,0.89,0.41,-0.08,0.49,-0.46,-0.55,0,0,0,0,0,0,0,0,0,0,0,0,0
2026-09-18,2026-09-17,ELVA,Industrials,6.49,1031.26,324.5,0.35,4.85,1.72,3.07,3.24,-1.52,0,0,0,0,0,0,1,0,1,0,0,0,1
2026-09-18,2026-09-17,ELVN,Healthcare,50.24,1223.87,3681.12,1.6,2.28,1.33,0.94,0.94,-10.65,0,0,0,0,0,0,0,0,0,0,0,0,0
2026-09-18,2026-09-17,EMBC,Healthcare,5.19,1770.65,294.06,0.32,1.17,0.19,0.97,0.0,6.13,0,0,0,0,0,0,0,0,0,0,0,0,0
2026-09-18,2026-09-17,EMBJ,Industrials,74.55,1162.93,13266.92,0.75,0.73,-0.82,1.57,-0.08,-0.27,0,0,0,0,0,0,0,0,0,0,0,0,0
2026-09-18,2026-09-17,EMN,Basic Materials,66.24,1150.54,7576.36,1.03,1.8,0.52,1.28,-0.19,-3.13,0,0,0,0,0,0,0,0,0,0,0,0,0
2026-09-18,2026-09-17,EMR,Industrials,147.4,2660.79,82219.71,0.76,1.08,-1.21,2.32,0.15,-0.65,0,0,0,0,0,0,0,0,0,0,0,0,0
2026-09-18,2026-09-17,ENB,Energy,48.75,4874.22,108371.74,0.83,0.81,0.8,0.01,0.27,1.1,0,0,0,0,0,0,0,0,0,0,0,0,0
2026-09-18,2026-09-17,ENOV,Healthcare,17.8,1390.47,1026.51,1.6,-4.61,-6.37,1.88,1.12,-3.31,0,0,0,0,0,0,0,0,0,0,0,0,0
2026-09-18,2026-09-17,ENPH,Technology,36.02,4961.27,4759.85,0.79,1.29,-0.25,1.55,0.08,-2.28,0,0,0,0,0,0,0,0,0,0,0,0,0
2026-09-18,2026-09-17,ENR,Industrials,21.75,1029.25,1489.52,1.03,4.82,3.28,1.49,0.0,8.53,0,0,0,0,0,0,0,0,0,0,0,0,0
2026-09-18,2026-09-17,ENS,Industrials,175.68,543.81,6335.94,0.84,2.22,-0.66,2.89,0.0,-1.87,0,0,0,0,0,0,0,0,0,0,0,0,0
2026-09-18,2026-09-17,ENSG,Healthcare,174.92,608.53,10194.76,0.67,-1.65,-1.64,-0.01,-0.39,1.23,0,0,0,0,0,0,0,0,0,0,0,0,0
2026-09-18,2026-09-17,ENTG,Technology,134.67,2794.67,20577.58,0.68,3.43,0.59,2.83,-1.37,-1.99,0,0,0,0,0,0,0,0,0,0,0,0,0
2026-09-18,2026-09-17,EOG,Energy,145.47,3351.15,76303.26,0.88,0.37,1.11,-0.73,0.25,-1.35,0,0,0,0,0,0,0,0,0,0,0,0,0
2026-09-18,2026-09-17,EOLS,Healthcare,8.01,913.75,529.06,1.34,0.25,-0.5,0.75,0.0,1.26,0,0,0,0,0,0,0,0,0,0,0,0,0
2026-09-18,2026-09-17,EPAM,Technology,117.1,1640.36,6040.84,0.47,-0.06,-0.14,0.08,0.47,2.25,0,0,0,0,0,0,0,0,0,0,0,0,0
2026-09-18,2026-09-17,EPC,Consumer Defensive,27.26,753.69,1256.38,1.34,1.79,0.63,1.16,0.0,1.41,0,0,0,0,0,0,0,0,0,0,0,0,0
2026-09-18,2026-09-17,EPD,Energy,38.45,2904.29,83031.9,0.69,0.95,1.18,-0.24,0.08,-2.24,0,0,0,0,0,0,0,0,0,0,0,0,0
2026-09-18,2026-09-17,EPR,Real Estate,57.16,742.27,4378.96,1.14,0.26,-0.19,0.46,-0.28,-3.66,0,0,0,0,0,0,0,0,0,0,0,0,0
2026-09-18,2026-09-17,EQH,Financial,54.04,2969.85,14754.82,0.88,0.3,-0.53,0.84,0.0,2.74,0,0,0,0,0,0,0,0,0,0,0,0,0
2026-09-18,2026-09-17,EQIX,Real Estate,1025.94,594.12,101231.23,0.62,0.96,-0.39,1.36,0.08,0.21,0,0,0,0,0,0,0,0,0,0,0,0,0
2026-09-18,2026-09-17,EQNR,Energy,44.33,3389.93,105981.95,0.8,0.29,1.21,-0.9,0.0,-1.73,0,0,0,0,0,0,0,0,0,0,0,0,0
2026-09-18,2026-09-17,EQPT,Industrials,18.37,2928.47,4662.44,1.33,4.49,-1.4,5.97,-1.25,4.26,0,0,0,0,0,0,1,1,0,0,0,0,1
2026-09-18,2026-09-17,EQT,Energy,50.35,7210.44,31494.73,0.94,-0.12,-0.47,0.36,0.27,-8.39,0,0,0,0,0,0,0,0,0,0,0,0,0
2026-09-18,2026-09-17,EQX,Basic Materials,12.22,13534.49,14266.36,0.79,5.53,1.5,3.97,0.25,0.16,0,0,0,1,0,0,1,0,0,0,0,0,1
2026-09-18,2026-09-17,ERAS,Healthcare,15.34,4619.87,5365.34,1.63,-0.13,-3.1,3.06,1.55,-4.3,0,0,0,0,0,0,1,0,0,0,0,0,1
2026-09-18,2026-09-17,ERIC,Technology,10.29,11478.18,31329.96,0.58,2.59,-0.39,2.99,-0.19,2.8,0,0,0,0,0,0,0,0,0,0,0,0,0
2026-09-18,2026-09-17,ERII,Industrials,7.05,1000.56,359.87,0.66,-0.7,-1.95,1.27,0.0,-3.03,0,0,0,0,0,0,0,0,0,0,0,0,0
2026-09-18,2026-09-17,ERO,Basic Materials,33.28,1317.94,3471.1,0.81,3.1,-0.36,3.47,1.95,-4.86,0,0,0,0,0,0,1,0,0,0,0,0,1
2026-09-18,2026-09-17,EROC,Industrials,12.9,2218.4,2830.26,1.29,5.65,2.06,3.52,0.7,8.68,0,0,0,1,0,0,1,0,0,0,0,0,1
2026-09-18,2026-09-17,ES,Utilities,68.99,2260.53,25986.79,1.15,1.67,0.94,0.72,0.38,0.0,0,0,0,0,0,0,0,0,0,0,0,0,0
2026-09-18,2026-09-17,ESAB,Industrials,66.67,757.2,4144.73,1.41,0.29,-2.42,2.77,1.21,-3.75,0,0,0,0,0,0,0,0,0,0,0,0,0
2026-09-18,2026-09-17,ESI,Basic Materials,33.16,5374.07,8080.79,0.73,3.3,0.33,2.96,0.0,-2.96,0,0,0,0,0,0,0,0,0,0,0,0,0
2026-09-18,2026-09-17,ESNT,Financial,67.5,699.59,6066.66,0.96,-0.47,-0.74,0.27,0.0,-1.23,0,0,0,0,0,0,0,0,0,0,0,0,0
2026-09-18,2026-09-17,ESTA,Healthcare,69.56,565.45,2073.02,0.55,-2.25,-4.27,2.11,0.0,-2.56,0,0,0,0,0,0,0,0,0,0,0,0,0
2026-09-18,2026-09-17,ESTC,Technology,88.97,2325.31,9341.08,0.86,4.63,4.07,0.54,0.6,6.58,0,0,0,0,0,0,0,0,0,0,0,0,0
2026-09-18,2026-09-17,ET,Energy,21.05,8547.28,72481.46,0.81,-0.28,-0.43,0.14,0.24,-3.13,0,0,0,0,0,0,0,0,0,0,0,0,0
2026-09-18,2026-09-17,ETD,Consumer Cyclical,21.47,701.42,541.1,0.79,-0.69,-1.42,0.74,0.0,-1.74,0,0,0,0,0,0,0,0,0,0,0,0,0
2026-09-18,2026-09-17,ETN,Industrials,409.46,2201.94,159034.26,1.18,2.93,-1.35,4.34,-0.05,0.08,0,0,0,0,0,0,1,0,0,0,0,0,1
2026-09-18,2026-09-17,ETON,Healthcare,57.07,560.37,1631.24,0.56,1.28,0.05,1.22,-0.12,-1.4,0,0,0,0,0,0,0,0,0,0,0,0,0
2026-09-18,2026-09-17,ETOR,Financial,27.93,1031.94,2262.62,0.81,-1.13,-2.85,1.77,0.0,-6.96,0,0,0,0,0,0,0,0,0,0,0,0,0
2026-09-18,2026-09-17,ETR,Utilities,103.31,2726.39,49359.19,0.96,0.97,0.22,0.74,0.0,-2.29,0,0,0,0,0,0,0,0,0,0,0,0,0
2026-09-18,2026-09-17,ETSY,Consumer Cyclical,72.34,2958.6,6639.49,0.98,-1.52,-2.87,1.39,0.15,1.05,0,0,0,0,0,0,0,0,0,0,0,0,0
2026-09-18,2026-09-17,EVC,Communication Services,7.77,1665.62,717.08,0.68,-1.52,-3.96,2.53,1.16,-10.38,0,0,0,0,0,0,0,0,0,0,0,0,0
2026-09-18,2026-09-17,EVER,Communication Services,22.89,672.04,806.64,1.24,-1.93,-2.51,0.6,0.0,-2.55,0,0,0,0,0,0,0,0,0,0,0,0,0
2026-09-18,2026-09-17,EVLV,Industrials,5.04,2092.76,912.87,0.89,-0.1,-0.59,0.5,0.0,1.41,0,0,0,0,0,0,0,0,0,0,0,0,0
2026-09-18,2026-09-17,EVMN,Healthcare,9.37,857.81,340.06,0.47,0.0,-2.09,2.13,-0.75,-11.27,0,0,0,0,0,0,0,0,0,0,0,0,0
2026-09-18,2026-09-17,EVRG,Utilities,80.84,2080.06,18634.67,1.13,0.56,0.29,0.27,0.0,-0.64,0,0,0,0,0,0,0,0,0,0,0,0,0
2026-09-18,2026-09-17,EW,Healthcare,88.25,4120.52,50867.3,0.94,-1.15,-1.08,-0.08,0.0,1.71,0,0,0,0,0,0,0,0,0,0,0,0,0
2026-09-18,2026-09-17,EWBC,Financial,125.79,837.53,17234.73,1.08,-0.31,-1.68,1.39,0.0,-2.77,0,0,0,0,0,0,0,0,0,0,0,0,0
2026-09-18,2026-09-17,EWTX,Healthcare,46.94,1262.56,5097.88,1.91,3.3,0.92,2.35,0.11,9.42,0,0,0,0,0,0,0,0,0,0,0,0,0
2026-09-18,2026-09-17,EXC,Utilities,42.64,8171.45,44015.3,0.68,0.47,0.16,0.31,-0.54,-1.73,0,0,0,0,0,0,0,0,0,0,0,0,0
2026-09-18,2026-09-17,EXE,Energy,88.33,3428.06,20448.73,0.89,-0.46,0.27,-0.73,0.25,-8.82,0,0,0,0,0,0,0,0,0,0,0,0,0
2026-09-18,2026-09-17,EXEL,Healthcare,58.49,2550.96,14492.75,0.7,3.01,2.2,0.79,-1.74,1.85,0,0,0,0,0,0,0,0,0,0,0,0,0
2026-09-18,2026-09-17,EXK,Basic Materials,10.17,7598.44,3011.74,0.84,6.72,2.11,4.51,-0.68,-3.33,0,0,0,1,0,0,1,0,0,0,0,0,1
2026-09-18,2026-09-17,EXLS,Technology,35.48,2531.27,5379.21,0.6,-1.03,-0.73,-0.31,0.0,2.48,0,0,0,0,0,0,0,0,0,0,0,0,0
2026-09-18,2026-09-17,EXPD,Industrials,189.08,1092.12,24578.63,0.86,0.02,-0.96,0.99,0.0,-0.13,0,0,0,0,0,0,0,0,0,0,0,0,0
2026-09-18,2026-09-17,EXPE,Consumer Cyclical,284.55,1648.79,34151.37,1.01,-0.84,-1.83,1.01,0.0,2.77,0,0,0,0,0,0,0,0,0,0,0,0,0
2026-09-18,2026-09-17,EXPO,Industrials,68.19,522.64,3242.17,0.72,0.26,-0.57,0.84,0.0,1.28,0,0,0,0,0,0,0,0,0,0,0,0,0
2026-09-18,2026-09-17,EXR,Real Estate,139.03,1181.24,30676.78,1.14,1.91,0.67,1.23,0.0,1.89,0,0,0,0,0,0,0,0,0,0,0,0,0
2026-09-18,2026-09-17,EXTR,Technology,22.31,1800.01,2911.25,0.97,1.92,-0.49,2.42,1.97,5.34,0,0,0,0,0,0,0,0,0,0,0,0,0
2026-09-18,2026-09-17,EYE,Consumer Cyclical,16.87,2127.95,1333.9,0.99,2.55,2.12,0.43,0.0,-1.52,0,0,0,0,0,0,0,0,0,0,0,0,0
2026-09-18,2026-09-17,EZPW,Financial,31.64,1038.97,1944.07,0.75,2.93,1.8,1.11,0.0,-2.56,0,0,0,0,0,0,0,0,0,0,0,0,0
2026-09-18,2026-09-17,F,Consumer Cyclical,13.61,49413.05,54271.17,0.93,1.95,0.0,1.95,0.13,-1.95,0,0,0,0,0,0,0,0,0,0,0,0,0
2026-09-18,2026-09-17,FA,Industrials,21.06,1976.81,3617.13,0.78,-2.32,-2.55,0.23,0.0,3.13,0,0,0,0,0,0,0,0,0,0,0,0,0
2026-09-18,2026-09-17,FAF,Financial,71.96,822.67,7347.11,1.11,1.2,-0.48,1.69,0.0,1.1,0,0,0,0,0,0,0,0,0,0,0,0,0
2026-09-18,2026-09-17,FANG,Energy,196.94,2249.84,55148.0,2.19,1.23,3.07,-1.78,0.12,-4.11,1,0,0,0,0,0,0,0,0,0,0,0,1
2026-09-18,2026-09-17,FAST,Industrials,49.18,7681.32,56433.94,0.66,0.31,-0.61,0.92,0.0,0.35,0,0,0,0,0,0,0,0,0,0,0,0,0
2026-09-18,2026-09-17,FBIN,Industrials,39.75,2532.96,4745.01,0.92,0.51,-2.26,2.83,0.0,0.03,0,0,0,0,0,0,0,0,0,0,0,0,0
2026-09-18,2026-09-17,FBP,Financial,27.52,1431.62,4201.43,0.8,-0.47,-1.22,0.76,0.0,-0.79,0,0,0,0,0,0,0,0,0,0,0,0,0
2026-09-18,2026-09-17,FCEL,Industrials,17.71,10464.37,1415.99,0.89,14.26,8.52,5.29,0.11,13.6,0,0,0,1,1,1,1,1,0,0,0,0,1
2026-09-18,2026-09-17,FCF,Financial,21.15,792.91,2137.34,1.11,-0.28,-0.75,0.47,0.52,-0.47,0,0,0,0,0,0,0,0,0,0,0,0,0
2026-09-18,2026-09-17,FCX,Basic Materials,70.85,14545.83,101741.84,0.81,2.33,-0.83,3.18,-0.07,-0.51,0,0,0,0,0,0,1,0,0,0,0,0,1
2026-09-18,2026-09-17,FDMT,Healthcare,14.68,939.23,810.98,0.99,6.69,5.38,1.24,-0.54,8.82,0,0,0,1,0,0,0,0,0,0,0,0,1
2026-09-18,2026-09-17,FDS,Financial,278.85,943.23,9917.45,0.55,0.88,2.02,-1.11,0.05,6.05,0,0,0,0,0,0,0,0,0,0,0,0,0
2026-09-18,2026-09-17,FDX,Industrials,305.88,1746.21,72392.76,0.72,1.38,-0.59,1.98,-0.27,-1.9,0,0,0,0,0,0,0,0,0,0,0,0,0
2026-09-18,2026-09-17,FDXF,Industrials,122.37,1438.98,18296.53,1.46,0.53,-1.43,1.99,-1.12,-1.33,0,0,0,0,0,0,0,0,0,0,0,0,0
2026-09-18,2026-09-17,FE,Utilities,45.73,4294.47,26461.2,0.68,0.77,0.46,0.31,0.0,-1.12,0,0,0,0,0,0,0,0,0,0,0,0,0
2026-09-18,2026-09-17,FER,Industrials,54.65,1456.93,39639.29,0.94,-0.85,-1.08,0.23,-0.24,-1.53,0,0,0,0,0,0,0,0,0,0,0,0,0
2026-09-18,2026-09-17,FERG,Industrials,214.26,2284.67,41449.18,0.83,-0.04,-1.82,1.81,0.25,-3.04,0,0,0,0,0,0,0,0,0,0,0,0,0
2026-09-18,2026-09-17,FFBC,Financial,32.12,961.18,3371.08,0.69,-0.2,-1.12,0.93,0.0,-1.28,0,0,0,0,0,0,0,0,0,0,0,0,0
2026-09-18,2026-09-17,FFIN,Financial,32.84,832.15,4706.87,0.76,-1.44,-2.44,1.02,0.0,-0.67,0,0,0,0,0,0,0,0,0,0,0,0,0
2026-09-18,2026-09-17,FFIV,Technology,434.62,612.79,24611.31,0.85,2.6,2.13,0.47,-1.06,9.07,0,0,0,0,0,0,0,0,0,0,0,0,0
2026-09-18,2026-09-17,FG,Financial,23.46,626.54,3071.74,0.84,1.78,0.26,1.52,0.0,-0.47,0,0,0,0,0,0,0,0,0,0,0,0,0
2026-09-18,2026-09-17,FHB,Financial,25.81,2199.52,3140.58,0.84,0.78,0.16,0.62,0.0,0.55,0,0,0,0,0,0,0,0,0,0,0,0,0
2026-09-18,2026-09-17,FHI,Financial,56.36,592.5,4207.85,1.07,-0.58,-1.79,1.23,0.0,-7.59,0,0,0,0,0,0,0,0,0,0,0,0,0
2026-09-18,2026-09-17,FHN,Financial,24.01,5118.28,11375.39,0.89,0.33,0.0,0.33,0.0,-3.03,0,0,0,0,0,0,0,0,0,0,0,0,0
2026-09-18,2026-09-17,FIBK,Financial,37.16,1113.02,3541.52,1.0,0.65,-0.19,0.84,0.0,0.76,0,0,0,0,0,0,0,0,0,0,0,0,0
2026-09-18,2026-09-17,FIG,Technology,23.29,20247.69,12413.79,0.41,1.0,1.13,-0.13,0.3,5.19,0,0,0,0,0,0,0,0,0,0,0,0,0
2026-09-18,2026-09-17,FIGR,Financial,33.71,4158.88,7770.39,0.84,1.26,-0.68,1.95,-0.22,-7.82,0,0,0,0,0,0,0,0,0,0,0,0,0
2026-09-18,2026-09-17,FIGS,Consumer Cyclical,13.06,3057.62,2169.79,0.65,1.24,-0.91,2.17,-0.46,0.85,0,0,0,0,0,0,0,0,0,0,0,0,0
2026-09-18,2026-09-17,FIS,Technology,36.43,6039.36,18787.16,0.8,-1.14,-1.57,0.43,1.02,-5.43,0,0,0,0,0,0,0,0,0,0,0,0,0
2026-09-18,2026-09-17,FISV,Technology,49.3,7656.08,26216.09,0.67,-0.3,-0.48,0.18,-0.16,0.76,0,0,0,0,0,0,0,0,0,0,0,0,0
2026-09-18,2026-09-17,FITB,Financial,53.27,5988.51,48310.17,0.9,1.64,0.53,1.11,0.04,-2.13,0,0,0,0,0,0,0,0,0,0,0,0,0
2026-09-18,2026-09-17,FIVE,Consumer Cyclical,236.8,1120.56,13036.79,1.07,-0.37,-1.4,1.04,0.01,-1.86,0,0,0,0,0,0,0,0,0,0,0,0,0
2026-09-18,2026-09-17,FIVN,Technology,34.5,2582.54,2577.96,1.01,1.23,-0.72,1.97,-1.39,14.05,0,0,0,0,0,0,0,0,0,0,0,0,0
2026-09-18,2026-09-17,FIZZ,Consumer Defensive,31.66,506.65,2963.86,0.83,-1.62,-2.37,0.78,0.25,2.43,0,0,0,0,0,0,0,0,0,0,0,0,0
2026-09-18,2026-09-17,FLEX,Technology,109.02,5533.83,40272.31,0.59,1.04,-2.04,3.14,0.78,0.94,0,0,0,0,0,0,1,0,0,0,0,0,1
2026-09-18,2026-09-17,FLG,Financial,12.66,4634.63,5255.08,0.84,0.64,-0.71,1.35,0.0,-4.6,0,0,0,0,0,0,0,0,0,0,0,0,0
2026-09-18,2026-09-17,FLNC,Utilities,7.66,7661.72,1414.01,4.4,-15.36,5.95,-20.11,-0.11,-20.95,1,1,0,1,1,1,1,1,0,0,0,0,1
2026-09-18,2026-09-17,FLO,Consumer Defensive,6.09,6936.75,1291.43,1.07,-0.98,-2.4,1.46,0.49,-0.33,0,0,0,0,0,0,0,0,0,0,0,0,0
2026-09-18,2026-09-17,FLOC,Energy,20.39,657.24,1842.3,0.87,-0.29,-0.63,0.34,0.0,0.49,0,0,0,0,0,0,0,0,0,0,0,0,0
2026-09-18,2026-09-17,FLR,Industrials,54.96,2488.39,7350.41,1.14,3.72,1.62,2.07,0.0,2.63,0,0,0,0,0,0,0,0,0,0,0,0,0
2026-09-18,2026-09-17,FLS,Industrials,73.74,1826.86,9373.29,0.7,1.98,-0.54,2.53,1.53,1.25,0,0,0,0,0,0,0,0,0,0,0,0,0
2026-09-18,2026-09-17,FLUT,Consumer Cyclical,92.5,2875.4,16052.36,1.31,-5.19,-5.84,0.7,0.54,-6.26,0,0,0,1,0,0,0,0,0,0,0,0,1
2026-09-18,2026-09-17,FLY,Industrials,21.72,3722.62,3636.03,0.65,7.1,3.53,3.45,0.18,3.92,0,0,0,1,0,0,1,0,0,0,0,0,1
2026-09-18,2026-09-17,FLYW,Technology,17.73,1992.35,2157.16,0.48,-0.39,-1.5,1.12,-1.92,-0.11,0,0,0,0,0,0,0,0,0,0,0,0,0
2026-09-18,2026-09-17,FMC,Basic Materials,10.2,3961.89,1277.31,1.13,-5.56,-5.9,0.37,0.39,-15.56,0,0,0,1,0,0,0,0,0,0,0,0,1
2026-09-18,2026-09-17,FMS,Healthcare,22.07,664.25,11746.1,1.88,-3.92,-2.65,-1.31,0.36,-0.72,0,0,0,0,0,0,0,0,0,0,0,0,0
2026-09-18,2026-09-17,FN,Technology,380.92,976.58,13650.21,0.92,-2.99,-5.69,2.86,0.1,-5.7,0,0,0,0,0,0,0,0,0,0,0,0,0
2026-09-18,2026-09-17,FNB,Financial,18.04,4690.73,6368.14,0.96,0.84,-0.44,1.29,0.0,-1.2,0,0,0,0,0,0,0,0,0,0,0,0,0
2026-09-18,2026-09-17,FND,Consumer Cyclical,47.41,2467.3,5048.69,1.47,3.13,-0.29,3.44,0.0,1.15,0,0,0,0,0,0,1,0,0,0,0,0,1
2026-09-18,2026-09-17,FNF,Financial,43.07,1815.63,11551.06,1.3,0.12,-1.15,1.28,0.49,-2.0,0,0,0,0,0,0,0,0,0,0,0,0,0
2026-09-18,2026-09-17,FNKO,Consumer Cyclical,5.36,1029.6,300.63,0.66,1.9,0.0,1.9,0.75,-0.92,0,0,0,0,0,0,0,0,0,0,0,0,0
2026-09-18,2026-09-17,FNV,Basic Materials,266.6,789.52,51419.14,0.5,2.77,-0.08,2.86,0.0,2.28,0,0,0,0,0,0,0,0,0,0,0,0,0
2026-09-18,2026-09-17,FORM,Technology,111.53,1487.7,8712.8,0.91,6.4,1.72,4.6,0.96,-0.53,0,0,0,1,0,0,1,0,0,0,0,0,1
2026-09-18,2026-09-17,FOSL,Consumer Cyclical,5.63,925.94,332.94,0.95,5.83,3.11,2.63,0.0,25.39,0,0,0,1,0,0,0,0,0,0,1,0,1
2026-09-18,2026-09-17,FOUR,Technology,41.35,1729.2,3265.0,0.8,-1.76,-3.46,1.76,0.36,-3.9,0,0,0,0,0,0,0,0,0,0,0,0,0
2026-09-18,2026-09-17,FOX,Communication Services,58.43,1558.42,25952.4,0.53,-1.22,-1.58,0.36,1.95,0.64,0,0,0,0,0,0,0,0,0,0,0,0,0
2026-09-18,2026-09-17,FOXA,Communication Services,64.98,6191.5,25803.62,0.68,-1.78,-1.65,-0.14,0.0,-0.31,0,0,0,0,0,0,0,0,0,0,0,0,0
2026-09-18,2026-09-17,FOXF,Consumer Cyclical,19.38,560.07,814.56,0.62,0.26,-1.67,1.97,0.0,-1.22,0,0,0,0,0,0,0,0,0,0,0,0,0
2026-09-18,2026-09-17,FPS,Industrials,38.06,8460.76,11586.56,2.39,9.24,3.54,5.51,1.0,30.34,1,0,0,1,1,0,1,1,0,0,1,0,1
2026-09-18,2026-09-17,FRNM,Healthcare,16.29,620.43,1750.31,1.83,10.59,9.77,0.75,0.74,10.14,0,0,0,1,1,1,0,0,0,0,0,0,1
2026-09-18,2026-09-17,FRO,Energy,54.03,2627.04,12028.31,2.5,0.67,-0.52,1.19,0.17,11.63,1,0,0,0,0,0,0,0,0,0,0,0,1
2026-09-18,2026-09-17,FROG,Technology,93.98,2603.75,11587.86,0.58,1.47,0.88,0.58,-0.02,6.01,0,0,0,0,0,0,0,0,0,0,0,0,0
2026-09-18,2026-09-17,FRPT,Consumer Defensive,61.57,1327.24,2958.93,0.85,-0.74,-2.7,2.02,0.0,-5.52,0,0,0,0,0,0,0,0,0,0,0,0,0
2026-09-18,2026-09-17,FRSH,Technology,12.72,13938.1,3318.91,0.32,-0.08,1.11,-1.18,0.08,7.16,0,0,0,0,0,0,0,0,0,0,0,0,0
2026-09-18,2026-09-17,FRVO,Utilities,16.66,4525.51,4910.75,0.92,8.18,4.98,3.05,-0.24,5.91,0,0,0,1,1,0,1,0,0,0,0,0,1
2026-09-18,2026-09-17,FSK,Financial,11.74,2306.48,3244.23,0.79,1.82,1.21,0.61,0.0,-1.26,0,0,0,0,0,0,0,0,0,0,0,0,0
2026-09-18,2026-09-17,FSLR,Technology,201.16,2136.4,21618.62,1.25,5.28,4.15,1.09,0.02,-2.9,0,0,0,1,0,0,0,0,0,0,0,0,1
2026-09-18,2026-09-17,FSLY,Technology,24.57,5548.99,3914.0,1.16,4.38,4.38,0.0,-0.69,8.19,0,0,0,0,0,0,0,0,0,0,0,0,0
2026-09-18,2026-09-17,FSM,Basic Materials,11.92,5147.69,3527.84,0.55,3.74,-0.08,3.83,0.25,-1.08,0,0,0,0,0,0,1,0,0,0,0,0,1
2026-09-18,2026-09-17,FTAI,Industrials,195.07,1437.47,20035.08,1.04,2.76,-0.73,3.51,0.25,8.32,0,0,0,0,0,0,1,0,0,0,0,0,1
2026-09-18,2026-09-17,FTDR,Consumer Cyclical,79.5,568.59,5477.02,0.86,-1.29,-3.0,1.76,0.0,-0.08,0,0,0,0,0,0,0,0,0,0,0,0,0
2026-09-18,2026-09-17,FTI,Energy,72.74,3625.28,28526.03,0.88,-0.05,-0.3,0.25,0.54,-3.76,0,0,0,0,0,0,0,0,0,0,0,0,0
2026-09-18,2026-09-17,FTNT,Technology,172.58,5241.68,126624.3,1.04,0.47,1.47,-0.98,-0.76,8.64,0,0,0,0,0,0,0,0,0,0,0,0,0
2026-09-18,2026-09-17,FTRE,Healthcare,20.28,1460.46,1928.63,1.57,1.55,-0.15,1.7,1.38,19.15,0,0,0,0,0,0,0,0,0,0,1,0,1
2026-09-18,2026-09-17,FTS,Utilities,54.48,736.89,27833.83,0.92,1.17,0.7,0.46,0.02,0.0,0,0,0,0,0,0,0,0,0,0,0,0,0
2026-09-18,2026-09-17,FTV,Technology,55.07,2569.39,16632.08,0.91,-0.42,-1.26,0.85,0.0,1.03,0,0,0,0,0,0,0,0,0,0,0,0,0
2026-09-18,2026-09-17,FUBO,Communication Services,9.9,1468.85,1081.05,1.29,-6.6,-8.08,1.6,0.91,-13.23,0,0,0,1,0,0,0,0,0,0,0,0,1
2026-09-18,2026-09-17,FUL,Basic Materials,50.41,754.95,2711.42,0.65,-0.83,-2.27,1.48,0.0,-2.4,0,0,0,0,0,0,0,0,0,0,0,0,0
2026-09-18,2026-09-17,FULT,Financial,23.39,1790.49,4465.5,0.79,-0.3,-1.1,0.81,0.0,-0.89,0,0,0,0,0,0,0,0,0,0,0,0,0
2026-09-18,2026-09-17,FUN,Consumer Cyclical,12.51,2276.07,1279.97,0.71,1.13,-1.42,2.59,0.32,-8.49,0,0,0,0,0,0,0,0,0,0,0,0,0
2026-09-18,2026-09-17,FUTU,Financial,111.36,1387.37,10662.72,0.4,1.4,-0.76,2.18,0.39,-1.89,0,0,0,0,0,0,0,0,0,0,0,0,0
2026-09-18,2026-09-17,FVRR,Communication Services,8.74,738.74,314.21,0.66,-2.46,-2.89,0.45,0.0,-2.13,0,0,0,0,0,0,0,0,0,0,0,0,0
2026-09-18,2026-09-17,FWDI,Financial,6.2,1626.52,457.85,1.09,3.16,-2.36,5.66,0.1,-4.02,0,0,0,0,0,0,1,1,0,0,0,0,1
2026-09-18,2026-09-17,FWONK,Communication Services,94.17,2030.35,23402.78,0.77,-1.25,-1.75,0.51,0.0,-1.33,0,0,0,0,0,0,0,0,0,0,0,0,0
2026-09-18,2026-09-17,FWRD,Industrials,15.41,779.16,520.57,0.62,-0.52,-2.96,2.52,0.0,-6.15,0,0,0,0,0,0,0,0,0,0,0,0,0
2026-09-18,2026-09-17,FWRG,Consumer Cyclical,10.1,1121.64,623.6,1.38,-3.12,-4.13,1.05,1.04,-9.7,0,0,0,0,0,0,0,0,0,0,0,0,0
2026-09-18,2026-09-17,G,Technology,34.95,2412.53,5872.8,0.65,-0.91,-0.63,-0.28,0.0,1.57,0,0,0,0,0,0,0,0,0,0,0,0,0
2026-09-18,2026-09-17,GAP,Consumer Cyclical,20.87,7644.21,7331.01,1.0,3.47,1.85,1.59,0.0,-0.19,0,0,0,0,0,0,0,0,0,0,0,0,0
2026-09-18,2026-09-17,GBCI,Financial,44.72,1165.56,5823.08,0.52,-0.49,-1.69,1.22,0.74,-2.63,0,0,0,0,0,0,0,0,0,0,0,0,0
2026-09-18,2026-09-17,GBDC,Financial,12.73,1177.13,3305.36,1.46,2.25,1.43,0.8,0.0,0.24,0,0,0,0,0,0,0,0,0,0,0,0,0
2026-09-18,2026-09-17,GBTG,Consumer Cyclical,9.46,1828.79,4941.66,4.06,-0.11,-0.11,0.0,0.0,-0.21,1,1,0,0,0,0,0,0,0,0,0,0,1
2026-09-18,2026-09-17,GCMG,Financial,12.93,509.02,2622.1,0.72,1.97,0.31,1.66,0.0,1.17,0,0,0,0,0,0,0,0,0,0,0,0,0
2026-09-18,2026-09-17,GCT,Technology,53.15,638.07,1898.0,0.99,2.92,1.05,1.86,-0.01,2.61,0,0,0,0,0,0,0,0,0,0,0,0,0
2026-09-18,2026-09-17,GD,Industrials,355.95,1143.33,96304.84,1.01,-1.12,-1.46,0.34,0.39,0.48,0,0,0,0,0,0,0,0,0,0,0,0,0
2026-09-18,2026-09-17,GDDY,Technology,98.15,2099.99,12430.47,0.84,-0.95,-1.55,0.62,-0.01,1.85,0,0,0,0,0,0,0,0,0,0,0,0,0
2026-09-18,2026-09-17,GDS,Technology,31.3,1819.96,6101.31,0.31,3.06,1.76,1.28,0.0,0.77,0,0,0,0,0,0,0,0,0,0,0,0,0
2026-09-18,2026-09-17,GDYN,Technology,8.08,1938.23,655.51,0.57,0.75,0.75,0.0,0.12,3.19,0,0,0,0,0,0,0,0,0,0,0,0,0
2026-09-18,2026-09-17,GE,Industrials,313.47,4138.13,325244.72,1.29,0.18,-1.05,1.24,0.21,-3.29,0,0,0,0,0,0,0,0,0,0,0,0,0
2026-09-18,2026-09-17,GEHC,Healthcare,64.44,4362.43,29108.92,1.03,1.5,0.77,0.72,-0.07,0.32,0,0,0,0,0,0,0,0,0,0,0,0,0
2026-09-18,2026-09-17,GEN,Technology,30.21,5582.84,18083.31,0.85,-1.44,-1.27,-0.16,-0.36,0.82,0,0,0,0,0,0,0,0,0,0,0,0,0
2026-09-18,2026-09-17,GENB,Healthcare,17.12,1051.11,2197.4,2.1,9.18,6.73,2.3,-0.64,11.24,1,0,0,1,1,0,0,0,0,0,0,0,1
2026-09-18,2026-09-17,GENI,Communication Services,6.48,5963.23,1799.02,1.21,-2.11,-3.14,1.06,0.15,-3.57,0,0,0,0,0,0,0,0,0,0,0,0,0
2026-09-18,2026-09-17,GEO,Industrials,32.14,2018.2,4230.25,0.96,2.26,1.45,0.8,-0.12,2.42,0,0,0,0,0,0,0,0,0,0,0,0,0
2026-09-18,2026-09-17,GEV,Industrials,924.93,2578.68,246339.93,1.26,-0.02,-3.86,3.99,0.02,0.11,0,0,0,0,0,0,1,0,0,0,0,0,1
2026-09-18,2026-09-17,GFI,Basic Materials,43.34,3795.2,38790.17,0.59,3.29,-0.78,4.1,0.12,-5.12,0,0,0,0,0,0,1,0,0,0,0,0,1
2026-09-18,2026-09-17,GFL,Industrials,43.23,2792.97,18849.14,1.88,5.26,-1.86,7.26,0.02,3.84,0,0,0,1,0,0,1,1,0,0,0,0,1
2026-09-18,2026-09-17,GFR,Energy,6.66,684.65,1601.12,1.33,2.62,2.78,-0.15,0.47,6.56,0,0,0,0,0,0,0,0,0,0,0,0,0
2026-09-18,2026-09-17,GFS,Technology,45.84,3833.93,25154.75,1.67,6.53,2.16,4.28,0.44,-0.26,0,0,0,1,0,0,1,0,0,0,0,0,1
2026-09-18,2026-09-17,GFUZ,Industrials,7.82,511.88,475.44,0.15,-0.26,-0.89,0.64,0.9,-4.75,0,0,0,0,0,0,0,0,0,0,0,0,0
2026-09-18,2026-09-17,GGAL,Financial,42.62,913.49,5647.15,0.41,0.83,-0.88,1.73,0.89,-4.7,0,0,0,0,0,0,0,0,0,0,0,0,0
2026-09-18,2026-09-17,GGB,Basic Materials,5.1,13848.22,6319.87,0.69,2.2,1.39,0.8,-1.76,0.0,0,0,0,0,0,0,0,0,0,0,0,0,0
2026-09-18,2026-09-17,GGG,Industrials,76.59,1785.84,12404.05,0.67,0.41,-1.03,1.46,0.0,0.82,0,0,0,0,0,0,0,0,0,0,0,0,0
2026-09-18,2026-09-17,GH,Healthcare,183.1,2483.48,24571.32,0.75,4.69,3.16,1.48,0.21,15.14,0,0,0,0,0,0,0,0,0,0,1,0,1
2026-09-18,2026-09-17,GIII,Consumer Cyclical,27.67,616.32,1186.39,1.28,-1.77,-2.98,1.24,0.11,0.0,0,0,0,0,0,0,0,0,0,0,0,0,0
2026-09-18,2026-09-17,GIL,Consumer Cyclical,46.27,1408.98,8568.74,0.66,-0.11,-2.18,2.12,0.22,-5.44,0,0,0,0,0,0,0,0,0,0,0,0,0
2026-09-18,2026-09-17,GILD,Healthcare,150.89,6719.27,187096.82,1.17,2.17,1.42,0.74,-0.29,4.2,0,0,0,0,0,0,0,0,0,0,0,0,0
2026-09-18,2026-09-17,GILT,Technology,9.95,597.35,766.44,0.84,1.02,-3.21,4.37,0.0,4.3,0,0,0,0,0,0,1,0,0,0,0,0,1
2026-09-18,2026-09-17,GIS,Consumer Defensive,36.66,9750.82,19599.51,0.55,-0.41,-0.89,0.49,0.22,1.95,0,0,0,0,0,0,0,0,0,0,0,0,0
2026-09-18,2026-09-17,GKOS,Healthcare,161.42,802.43,9521.18,0.81,-1.25,-1.65,0.4,0.0,-5.26,0,0,0,0,0,0,0,0,0,0,0,0,0
2026-09-18,2026-09-17,GL,Financial,172.26,598.94,13238.09,0.49,-0.42,-1.04,0.63,0.0,0.85,0,0,0,0,0,0,0,0,0,0,0,0,0
2026-09-18,2026-09-17,GLBE,Consumer Cyclical,38.38,1486.27,6446.59,1.01,3.93,3.01,0.89,0.0,5.15,0,0,0,0,0,0,0,0,0,0,0,0,0
2026-09-18,2026-09-17,GLIBK,Communication Services,24.25,570.87,968.64,0.61,-2.53,-3.31,0.8,0.0,-5.68,0,0,0,0,0,0,0,0,0,0,0,0,0
2026-09-18,2026-09-17,GLNG,Energy,50.79,1241.77,5159.72,0.96,0.85,0.57,0.28,0.35,-3.61,0,0,0,0,0,0,0,0,0,0,0,0,0
2026-09-18,2026-09-17,GLOB,Technology,37.73,1894.02,1629.17,0.51,-1.67,-1.74,0.08,0.0,2.81,0,0,0,0,0,0,0,0,0,0,0,0,0
2026-09-18,2026-09-17,GLPI,Real Estate,40.11,3155.19,11668.8,0.95,-0.59,-0.99,0.4,0.1,-2.12,0,0,0,0,0,0,0,0,0,0,0,0,0
2026-09-18,2026-09-17,GLUE,Healthcare,12.6,1455.45,1074.94,0.95,-0.4,-1.87,1.5,0.0,-12.01,0,0,0,0,0,0,0,0,0,0,0,0,0
2026-09-18,2026-09-17,GLW,Technology,147.8,13181.8,127313.19,0.64,2.52,-2.35,4.99,0.04,-9.39,0,0,0,0,0,0,1,0,0,0,0,0,1
2026-09-18,2026-09-17,GLXY,Financial,22.28,6466.35,8709.01,0.62,0.04,-3.72,3.91,0.22,-7.67,0,0,0,0,0,0,1,0,0,0,0,0,1
2026-09-18,2026-09-17,GM,Consumer Cyclical,86.62,6885.96,76004.85,1.28,2.76,0.5,2.25,-0.05,0.58,0,0,0,0,0,0,0,0,0,0,0,0,0
2026-09-18,2026-09-17,GMAB,Healthcare,34.53,2217.4,20636.04,1.22,0.39,0.74,-0.35,0.91,7.15,0,0,0,0,0,0,0,0,0,0,0,0,0
2026-09-18,2026-09-17,GME,Consumer Cyclical,22.77,6045.45,11487.49,1.48,3.59,2.96,0.61,-0.09,11.67,0,0,0,0,0,0,0,0,0,0,0,0,0
2026-09-18,2026-09-17,GMED,Healthcare,74.16,1602.32,9956.86,0.89,-1.46,-2.11,0.66,-1.25,0.82,0,0,0,0,0,0,0,0,0,0,0,0,0
2026-09-18,2026-09-17,GMRS,Healthcare,12.66,754.82,683.91,1.22,-2.39,-3.65,1.31,0.0,1.52,0,0,0,0,0,0,0,0,0,0,0,0,0
2026-09-18,2026-09-17,GNL,Real Estate,8.89,2553.63,2056.42,0.76,0.23,-0.45,0.68,0.0,-2.09,0,0,0,0,0,0,0,0,0,0,0,0,0
2026-09-18,2026-09-17,GNRC,Industrials,207.23,1052.71,12227.88,7.64,18.34,-9.7,31.06,0.68,14.07,1,1,1,1,1,1,1,1,0,0,0,0,1
2026-09-18,2026-09-17,GNTX,Consumer Cyclical,22.46,2555.2,4731.95,0.59,0.67,-1.27,1.97,-0.04,-0.97,0,0,0,0,0,0,0,0,0,0,0,0,0
2026-09-18,2026-09-17,GNW,Financial,10.23,3278.68,3865.42,1.33,1.39,1.09,0.3,0.0,-2.29,0,0,0,0,0,0,0,0,0,0,0,0,0
2026-09-18,2026-09-17,GO,Consumer Defensive,11.62,2591.27,1151.36,0.49,1.4,-0.68,2.09,0.0,4.87,0,0,0,0,0,0,0,0,0,0,0,0,0
2026-09-18,2026-09-17,GOLD,Financial,46.87,515.15,1366.49,1.27,0.11,-2.6,2.78,-0.26,4.34,0,0,0,0,0,0,0,0,0,0,0,0,0
2026-09-18,2026-09-17,GOOG,Communication Services,343.68,19733.07,4227033.41,0.78,1.27,-0.38,1.66,-0.27,4.02,0,0,0,0,0,0,0,0,0,0,0,0,0
2026-09-18,2026-09-17,GOOGL,Communication Services,347.33,29751.41,4228193.57,0.65,1.3,-0.39,1.69,-0.26,4.43,0,0,0,0,0,0,0,0,0,0,0,0,0
2026-09-18,2026-09-17,GOOS,Consumer Cyclical,7.46,757.9,728.54,1.57,0.54,-1.19,1.75,0.05,-2.23,0,0,0,0,0,0,0,0,0,0,0,0,0
2026-09-18,2026-09-17,GPC,Consumer Cyclical,130.88,1563.6,18043.09,0.54,0.28,-1.38,1.68,1.21,-2.44,0,0,0,0,0,0,0,0,0,0,0,0,0
2026-09-18,2026-09-17,GPCR,Healthcare,35.1,815.99,2502.98,1.45,-1.13,-2.64,1.55,0.8,-11.25,0,0,0,0,0,0,0,0,0,0,0,0,0
2026-09-18,2026-09-17,GPGI,Industrials,12.34,1562.59,3577.24,0.68,3.52,0.73,2.77,-1.38,-4.34,0,0,0,0,0,0,0,0,0,0,0,0,0
2026-09-18,2026-09-17,GPK,Consumer Cyclical,9.84,5062.89,2913.34,1.14,1.86,0.2,1.66,0.1,4.79,0,0,0,0,0,0,0,0,0,0,0,0,0
2026-09-18,2026-09-17,GPN,Technology,85.4,3128.63,22598.41,0.59,-1.26,-1.78,0.53,0.47,-3.56,0,0,0,0,0,0,0,0,0,0,0,0,0
2026-09-18,2026-09-17,GPRE,Basic Materials,15.09,1515.74,1057.74,0.96,0.2,-0.33,0.53,0.0,-1.63,0,0,0,0,0,0,0,0,0,0,0,0,0
2026-09-18,2026-09-17,GPRK,Energy,11.15,633.18,723.59,1.18,-1.15,-1.15,0.0,0.0,-6.85,0,0,0,0,0,0,0,0,0,0,0,0,0
2026-09-18,2026-09-17,GRAL,Healthcare,79.95,671.28,3571.06,2.28,6.44,6.19,0.24,-0.26,3.08,1,0,0,1,0,0,0,0,0,0,0,0,1
2026-09-18,2026-09-17,GRFS,Healthcare,7.4,603.2,1910.83,0.41,0.0,0.0,0.0,0.0,-3.27,0,0,0,0,0,0,0,0,0,0,0,0,0
2026-09-18,2026-09-17,GRMN,Technology,275.35,939.44,53101.95,1.2,-0.57,-2.0,1.46,0.13,1.16,0,0,0,0,0,0,0,0,0,0,0,0,0
2026-09-18,2026-09-17,GRND,Technology,15.45,1583.16,2685.52,0.89,-0.52,-2.77,2.32,0.0,0.46,0,0,0,0,0,0,0,0,0,0,0,0,0
2026-09-18,2026-09-17,GRPN,Communication Services,18.81,1443.62,764.91,0.63,-2.69,-2.64,-0.05,-0.32,2.9,0,0,0,0,0,0,0,0,0,0,0,0,0
2026-09-18,2026-09-17,GRRR,Technology,12.99,1214.87,357.35,0.3,2.12,-0.38,2.52,0.08,-5.6,0,0,0,0,0,0,0,0,0,0,0,0,0
2026-09-18,2026-09-17,GS,Financial,951.47,2009.15,277040.86,1.64,1.44,1.21,0.23,-0.05,-6.7,0,0,0,0,0,0,0,0,0,0,0,0,0
2026-09-18,2026-09-17,GSAT,Communication Services,82.52,981.92,10691.57,0.65,0.76,-0.21,0.96,0.0,0.67,0,0,0,0,0,0,0,0,0,0,0,0,0
2026-09-18,2026-09-17,GSBD,Financial,9.99,927.61,1124.56,1.08,2.04,0.91,1.12,0.0,4.28,0,0,0,0,0,0,0,0,0,0,0,0,0
2026-09-18,2026-09-17,GSHD,Financial,53.33,501.14,1894.06,0.93,-5.55,-6.03,0.5,1.54,-5.51,0,0,0,1,0,0,0,0,0,0,0,0,1
2026-09-18,2026-09-17,GSIT,Technology,5.22,765.09,200.62,0.66,8.64,3.57,4.89,0.0,-1.69,0,0,0,1,1,0,1,0,0,0,0,0,1
2026-09-18,2026-09-17,GSK,Healthcare,51.06,3610.19,102299.22,0.85,1.53,0.67,0.86,-2.08,6.11,0,0,0,0,0,0,0,0,1,0,0,0,1
2026-09-18,2026-09-17,GT,Consumer Cyclical,5.15,9847.8,1482.68,1.33,-0.19,-2.46,2.33,0.19,-7.04,0,0,0,0,0,0,0,0,0,0,0,0,0
2026-09-18,2026-09-17,GTE,Energy,10.24,866.42,362.29,0.55,-3.67,-1.73,-1.98,0.0,-6.99,0,0,0,0,0,0,0,0,0,0,0,0,0
2026-09-18,2026-09-17,GTES,Industrials,25.77,1977.17,6523.71,0.75,1.26,-1.0,2.28,0.0,0.55,0,0,0,0,0,0,0,0,0,0,0,0,0
2026-09-18,2026-09-17,GTLB,Technology,50.27,4894.09,8375.73,0.81,3.08,3.56,-0.47,-0.36,6.28,0,0,0,0,0,0,0,0,0,0,0,0,0
2026-09-18,2026-09-17,GTX,Consumer Cyclical,26.26,2636.87,4897.31,0.61,0.5,-2.05,2.6,1.94,-3.42,0,0,0,0,0,0,0,0,0,0,0,0,0
2026-09-18,2026-09-17,GTY,Real Estate,29.92,547.65,1853.03,1.25,-0.53,-2.06,1.56,0.0,-7.85,0,0,0,0,0,0,0,0,0,0,0,0,0
2026-09-18,2026-09-17,GVA,Industrials,115.23,810.4,5042.98,0.7,-0.49,-2.48,2.04,0.0,-0.02,0,0,0,0,0,0,0,0,0,0,0,0,0
2026-09-18,2026-09-17,GWRE,Technology,144.98,1543.69,11887.29,0.81,-1.19,-0.01,-1.18,0.33,3.49,0,0,0,0,0,0,0,0,0,0,0,0,0
2026-09-18,2026-09-17,GXO,Industrials,46.58,1454.92,5342.0,0.8,0.93,-1.56,2.54,1.95,2.53,0,0,0,0,0,0,0,0,0,0,0,0,0
2026-09-18,2026-09-17,H,Consumer Cyclical,154.81,804.41,14607.37,1.0,-2.42,-3.8,1.43,1.52,-4.08,0,0,0,0,0,0,0,0,0,0,0,0,0
2026-09-18,2026-09-17,HAE,Healthcare,107.6,742.09,4895.49,0.84,1.28,-0.73,2.02,0.0,6.47,0,0,0,0,0,0,0,0,0,0,0,0,0
2026-09-18,2026-09-17,HAFN,Industrials,9.72,1605.77,4857.86,1.2,0.1,-0.31,0.41,-0.12,3.85,0,0,0,0,0,0,0,0,0,0,0,0,0
2026-09-18,2026-09-17,HAL,Energy,34.03,11651.78,28351.43,1.16,-1.39,-1.08,-0.32,0.29,-5.66,0,0,0,0,0,0,0,0,0,0,0,0,0
2026-09-18,2026-09-17,HALO,Healthcare,109.68,1939.89,12448.46,1.02,1.14,2.43,-1.25,0.29,2.5,0,0,0,0,0,0,0,0,0,0,0,0,0
2026-09-18,2026-09-17,HAPN,Financial,16.16,1705.67,1864.99,1.19,-0.62,-2.71,2.15,-1.18,-3.23,0,0,0,0,0,0,0,0,0,0,0,0,0
2026-09-18,2026-09-17,HAS,Consumer Cyclical,88.76,1942.49,12519.11,0.57,-0.6,-2.18,1.61,0.0,-1.55,0,0,0,0,0,0,0,0,0,0,0,0,0
2026-09-18,2026-09-17,HASI,Financial,37.18,982.49,4777.48,0.93,2.14,1.58,0.55,0.0,-1.14,0,0,0,0,0,0,0,0,0,0,0,0,0
2026-09-18,2026-09-17,HAWK,Industrials,17.28,1121.87,1692.84,1.41,6.86,1.65,5.13,-2.58,5.24,0,0,0,1,0,0,1,1,1,0,0,0,1
2026-09-18,2026-09-17,HAYW,Industrials,12.89,2681.28,2734.23,1.41,-0.31,-2.2,1.93,0.0,0.08,0,0,0,0,0,0,0,0,0,0,0,0,0
2026-09-18,2026-09-17,HBAN,Financial,15.88,23885.84,32084.19,1.56,0.38,-0.13,0.51,-0.06,-5.08,0,0,0,0,0,0,0,0,0,0,0,0,0
2026-09-18,2026-09-17,HBM,Basic Materials,26.44,4633.93,11743.06,0.55,4.67,1.81,2.81,0.04,-0.79,0,0,0,0,0,0,0,0,0,0,0,0,0
2026-09-18,2026-09-17,HBNC,Financial,19.52,652.46,1002.24,0.67,0.15,-1.06,1.23,0.77,-1.21,0,0,0,0,0,0,0,0,0,0,0,0,0
2026-09-18,2026-09-17,HCA,Healthcare,429.04,1486.04,92887.81,0.8,-0.32,-0.68,0.36,0.0,1.86,0,0,0,0,0,0,0,0,0,0,0,0,0
2026-09-18,2026-09-17,HCC,Basic Materials,91.8,665.98,4847.23,0.92,-0.99,-2.49,1.53,0.0,-9.69,0,0,0,0,0,0,0,0,0,0,0,0,0
2026-09-18,2026-09-17,HCSG,Healthcare,21.49,726.84,1474.91,1.0,-1.83,-2.72,0.91,0.0,-1.6,0,0,0,0,0,0,0,0,0,0,0,0,0
2026-09-18,2026-09-17,HD,Consumer Cyclical,302.51,4160.6,301811.11,1.0,0.01,-1.47,1.5,0.18,-1.04,0,0,0,0,0,0,0,0,0,0,0,0,0
2026-09-18,2026-09-17,HDB,Financial,22.66,9315.1,116428.67,0.81,1.25,0.49,0.76,0.53,3.75,0,0,0,0,0,0,0,0,0,0,0,0,0
2026-09-18,2026-09-17,HDSN,Basic Materials,5.15,576.88,216.75,0.57,-1.15,-2.28,1.15,-0.19,-3.74,0,0,0,0,0,0,0,0,0,0,0,0,0
2026-09-18,2026-09-17,HE,Utilities,10.09,2065.0,1742.83,1.1,-1.37,-1.18,-0.2,0.63,-3.63,0,0,0,0,0,0,0,0,0,0,0,0,0
2026-09-18,2026-09-17,HELP,Healthcare,14.02,1746.72,1024.3,1.9,4.08,2.52,1.52,8.13,9.19,0,0,0,0,0,0,0,0,1,1,0,0,1
2026-09-18,2026-09-17,HESM,Energy,40.09,1140.18,8265.69,1.15,1.29,1.49,-0.2,0.65,-0.27,0,0,0,0,0,0,0,0,0,0,0,0,0
2026-09-18,2026-09-17,HGV,Consumer Cyclical,37.15,1121.65,2887.45,0.98,0.11,-2.03,2.18,0.97,-5.23,0,0,0,0,0,0,0,0,0,0,0,0,0
2026-09-18,2026-09-17,HIG,Financial,133.14,1583.13,36063.9,0.93,-1.33,-1.65,0.32,0.14,-2.68,0,0,0,0,0,0,0,0,0,0,0,0,0
2026-09-18,2026-09-17,HIMS,Healthcare,27.89,13780.18,6507.12,0.6,-0.39,-2.99,2.68,0.04,1.64,0,0,0,0,0,0,0,0,0,0,0,0,0
2026-09-18,2026-09-17,HIMX,Technology,13.67,1610.94,2330.46,0.56,4.75,1.26,3.45,-0.51,-0.8,0,0,0,0,0,0,1,0,0,0,0,0,1
2026-09-18,2026-09-17,HIW,Real Estate,30.79,1554.96,3396.33,0.53,0.29,-0.39,0.68,0.0,1.15,0,0,0,0,0,0,0,0,0,0,0,0,0
2026-09-18,2026-09-17,HL,Basic Materials,18.96,37057.14,12736.72,1.65,5.39,1.39,3.95,0.05,-5.29,0,0,0,1,0,0,1,0,0,0,0,0,1
2026-09-18,2026-09-17,HLF,Consumer Defensive,11.69,1666.56,1225.15,0.68,-1.18,-5.65,4.73,0.0,-4.8,0,0,0,0,0,0,1,0,0,0,0,0,1
2026-09-18,2026-09-17,HLI,Financial,132.66,878.88,9272.61,1.14,1.78,0.62,1.15,0.0,-2.43,0,0,0,0,0,0,0,0,0,0,0,0,0
2026-09-18,2026-09-17,HLIT,Technology,10.99,1748.41,1198.64,1.11,-1.43,-4.77,3.5,0.55,-5.58,0,0,0,0,0,0,1,0,0,0,0,0,1
2026-09-18,2026-09-17,HLMN,Industrials,7.18,1555.7,1396.83,0.89,-1.91,-4.39,2.6,0.0,2.87,0,0,0,0,0,0,0,0,0,0,0,0,0
2026-09-18,2026-09-17,HLN,Healthcare,9.36,10381.99,41161.72,3.82,1.63,2.18,-0.54,-1.18,1.52,1,1,0,0,0,0,0,0,0,0,0,0,1
2026-09-18,2026-09-17,HLNE,Financial,88.3,748.77,4872.89,0.9,-1.76,-4.03,2.37,0.0,-7.82,0,0,0,0,0,0,0,0,0,0,0,0,0
2026-09-18,2026-09-17,HLT,Consumer Cyclical,302.54,2151.54,68091.14,0.8,-1.01,-1.96,0.97,-0.17,-1.21,0,0,0,0,0,0,0,0,0,0,0,0,0
2026-09-18,2026-09-17,HMC,Consumer Cyclical,32.53,1228.62,42213.2,0.81,1.31,-0.82,2.15,0.4,2.88,0,0,0,0,0,0,0,0,0,0,0,0,0
2026-09-18,2026-09-17,HMY,Basic Materials,19.98,3518.99,12487.1,1.04,3.95,-0.84,4.84,0.0,-1.04,0,0,0,0,0,0,1,0,0,0,0,0,1
2026-09-18,2026-09-17,HNGE,Healthcare,94.72,1952.6,7643.38,1.06,1.06,1.1,-0.04,0.76,7.32,0,0,0,0,0,0,0,0,0,0,0,0,0
2026-09-18,2026-09-17,HNI,Consumer Cyclical,46.35,646.89,3345.63,0.86,0.3,-1.51,1.84,0.0,0.11,0,0,0,0,0,0,0,0,0,0,0,0,0
2026-09-18,2026-09-17,HNRG,Utilities,15.17,771.42,715.17,2.22,3.27,1.81,1.43,1.45,-2.76,1,0,0,0,0,0,0,0,0,0,0,0,1
2026-09-18,2026-09-17,HNST,Consumer Defensive,5.32,2136.34,570.76,0.93,-0.47,-1.75,1.31,1.5,0.19,0,0,0,0,0,0,0,0,0,0,0,0,0
2026-09-18,2026-09-17,HOG,Consumer Cyclical,26.5,2422.26,2757.93,0.73,-1.27,-1.52,0.26,0.94,-1.71,0,0,0,0,0,0,0,0,0,0,0,0,0
2026-09-18,2026-09-17,HOMB,Financial,29.76,1760.6,5953.48,0.59,0.07,-0.87,0.94,0.0,-0.03,0,0,0,0,0,0,0,0,0,0,0,0,0
2026-09-18,2026-09-17,HON,Industrials,206.49,3838.69,65444.94,0.88,-0.56,-1.22,0.66,-0.33,2.13,0,0,0,0,0,0,0,0,0,0,0,0,0
2026-09-18,2026-09-17,HONA,Industrials,167.13,3677.08,52972.31,2.07,1.8,-1.54,3.39,-0.08,8.7,1,0,0,0,0,0,1,0,0,0,0,0,1
2026-09-18,2026-09-17,HOOD,Financial,109.81,23448.73,98728.22,0.93,5.16,-0.26,5.44,-0.67,-3.11,0,0,0,1,0,0,1,1,0,0,0,0,1
2026-09-18,2026-09-17,HOPE,Financial,13.94,1048.24,1780.72,0.7,-0.07,-1.13,1.08,0.0,-0.07,0,0,0,0,0,0,0,0,0,0,0,0,0
2026-09-18,2026-09-17,HOS,Industrials,8.58,1803.7,1619.04,0.98,-0.46,-0.81,0.35,0.0,-4.67,0,0,0,0,0,0,0,0,0,0,0,0,0
2026-09-18,2026-09-17,HP,Energy,41.46,1281.05,4143.47,0.76,-0.48,-0.84,0.36,0.0,-6.96,0,0,0,0,0,0,0,0,0,0,0,0,0
2026-09-18,2026-09-17,HPE,Technology,61.04,21377.75,81028.45,1.21,7.69,6.62,1.01,0.08,10.54,0,0,0,1,0,0,0,0,0,0,0,0,1
2026-09-18,2026-09-17,HPP,Real Estate,11.6,752.88,643.55,0.56,1.58,0.61,0.96,0.0,-2.36,0,0,0,0,0,0,0,0,0,0,0,0,0
2026-09-18,2026-09-17,HPQ,Technology,34.66,15744.03,31256.08,0.96,5.99,5.0,0.95,0.03,5.9,0,0,0,1,0,0,0,0,0,0,0,0,1
2026-09-18,2026-09-17,HQ,Technology,13.51,653.88,729.16,0.82,-0.37,-0.37,0.0,-1.65,-12.56,0,0,0,0,0,0,0,0,0,0,0,0,0
2026-09-18,2026-09-17,HQY,Healthcare,94.51,855.56,7817.42,0.77,-1.55,-1.79,0.24,0.0,-0.04,0,0,0,0,0,0,0,0,0,0,0,0,0
2026-09-18,2026-09-17,HRB,Consumer Cyclical,44.81,2107.28,5523.55,0.9,-0.67,-0.6,-0.07,0.42,-0.16,0,0,0,0,0,0,0,0,0,0,0,0,0
2026-09-18,2026-09-17,HRI,Industrials,138.76,543.03,4638.95,1.38,-2.77,-4.89,2.24,0.0,-2.31,0,0,0,0,0,0,0,0,0,0,0,0,0
2026-09-18,2026-09-17,HRL,Consumer Defensive,20.76,4436.65,11425.28,0.72,-0.1,-0.76,0.67,0.63,-0.38,0,0,0,0,0,0,0,0,0,0,0,0,0
2026-09-18,2026-09-17,HRMY,Healthcare,42.74,851.54,2489.03,0.75,1.26,0.35,0.9,1.78,3.99,0,0,0,0,0,0,0,0,0,0,0,0,0
2026-09-18,2026-09-17,HROW,Healthcare,33.13,610.98,1241.97,1.43,-3.16,-4.25,1.14,0.0,-9.43,0,0,0,0,0,0,0,0,0,0,0,0,0
2026-09-18,2026-09-17,HSAI,Consumer Cyclical,16.92,1723.96,2201.32,0.55,1.47,-1.08,2.58,0.09,-2.79,0,0,0,0,0,0,0,0,0,0,0,0,0
2026-09-18,2026-09-17,HSBC,Financial,102.84,1277.53,352920.13,0.89,1.98,0.45,1.53,0.06,-0.83,0,0,0,0,0,0,0,0,0,0,0,0,0
2026-09-18,2026-09-17,HSIC,Healthcare,85.04,1210.17,9477.42,1.49,-1.99,-2.26,0.28,0.0,-2.59,0,0,0,0,0,0,0,0,0,0,0,0,0
2026-09-18,2026-09-17,HSLV,Basic Materials,5.42,546.33,1103.08,1.14,5.65,1.69,3.9,0.55,-5.08,0,0,0,1,0,0,1,0,0,0,0,0,1
2026-09-18,2026-09-17,HST,Real Estate,21.9,9333.45,15004.23,0.74,0.64,-0.14,0.78,0.64,-1.08,0,0,0,0,0,0,0,0,0,0,0,0,0
2026-09-18,2026-09-17,HSY,Consumer Defensive,168.33,1681.54,33821.85,0.87,-1.44,-1.84,0.4,0.44,-3.45,0,0,0,0,0,0,0,0,0,0,0,0,0
2026-09-18,2026-09-17,HTFL,Healthcare,49.57,1917.21,4310.29,1.07,2.63,0.26,2.36,0.84,8.97,0,0,0,0,0,0,0,0,0,0,0,0,0
2026-09-18,2026-09-17,HTGC,Financial,17.76,1509.06,3324.03,1.01,1.08,0.34,0.74,0.51,2.13,0,0,0,0,0,0,0,0,0,0,0,0,0
2026-09-18,2026-09-17,HTHT,Consumer Cyclical,43.21,1656.03,13271.95,0.87,1.15,1.01,0.14,0.0,0.47,0,0,0,0,0,0,0,0,0,0,0,0,0
2026-09-18,2026-09-17,HTLD,Industrials,11.92,707.92,921.8,1.4,0.34,-0.91,1.26,0.0,-2.21,0,0,0,0,0,0,0,0,0,0,0,0,0
2026-09-18,2026-09-17,HUBB,Industrials,443.23,540.94,23416.98,1.21,0.95,-0.97,1.93,0.01,-2.03,0,0,0,0,0,0,0,0,0,0,0,0,0
2026-09-18,2026-09-17,HUBG,Industrials,33.38,1079.18,2041.3,1.49,0.79,-0.39,1.18,0.0,-6.42,0,0,0,0,0,0,0,0,0,0,0,0,0
2026-09-18,2026-09-17,HUBS,Technology,229.58,1698.17,11448.28,1.08,-2.91,-2.1,-0.83,0.18,2.7,0,0,0,0,0,0,0,0,0,0,0,0,0
2026-09-18,2026-09-17,HUM,Healthcare,384.52,1295.85,46173.28,0.66,-0.05,-0.54,0.49,0.03,-4.05,0,0,0,0,0,0,0,0,0,0,0,0,0
2026-09-18,2026-09-17,HUN,Basic Materials,9.12,4388.53,1599.45,0.97,-0.76,-1.83,1.09,0.0,-4.3,0,0,0,0,0,0,0,0,0,0,0,0,0
2026-09-18,2026-09-17,HUT,Financial,90.99,4674.23,11215.38,1.17,1.3,-5.71,7.44,0.01,0.43,0,0,0,0,0,0,1,1,0,0,0,0,1
2026-09-18,2026-09-17,HWC,Financial,74.7,851.57,5992.66,0.87,0.2,-1.13,1.35,0.16,0.4,0,0,0,0,0,0,0,0,0,0,0,0,0
2026-09-18,2026-09-17,HWM,Industrials,225.76,3092.66,90033.4,0.82,-0.87,-1.49,0.63,0.66,-0.94,0,0,0,0,0,0,0,0,0,0,0,0,0
2026-09-18,2026-09-17,HXL,Industrials,88.04,972.79,6657.88,1.13,-3.34,-4.67,1.39,0.64,-1.98,0,0,0,0,0,0,0,0,0,0,0,0,0
2026-09-18,2026-09-17,HYMC,Basic Materials,21.51,1954.9,2004.34,1.18,7.28,0.73,6.51,0.42,0.56,0,0,0,1,0,0,1,1,0,0,0,0,1
2026-09-18,2026-09-17,HZO,Consumer Cyclical,52.32,627.64,1155.58,0.92,-0.04,-0.3,0.27,-0.13,0.23,0,0,0,0,0,0,0,0,0,0,0,0,0
2026-09-18,2026-09-17,IAG,Basic Materials,20.16,5309.28,11511.36,0.74,3.49,0.3,3.18,-0.25,0.35,0,0,0,0,0,0,1,0,0,0,0,0,1
2026-09-18,2026-09-17,IART,Healthcare,15.1,882.5,1174.37,1.19,-5.98,-7.36,1.49,0.67,-2.83,0,0,0,1,0,0,0,0,0,0,0,0,1
2026-09-18,2026-09-17,IBKR,Financial,88.38,4380.81,40043.05,1.0,1.89,-0.38,2.28,0.06,-1.16,0,0,0,0,0,0,0,0,0,0,0,0,0
2026-09-18,2026-09-17,IBM,Technology,237.75,8796.47,223992.45,0.67,0.11,-0.35,0.46,-0.02,1.59,0,0,0,0,0,0,0,0,0,0,0,0,0
2026-09-18,2026-09-17,IBN,Financial,28.18,6133.89,101133.79,0.64,0.11,-0.28,0.39,1.14,-2.32,0,0,0,0,0,0,0,0,0,0,0,0,0
2026-09-18,2026-09-17,IBRX,Healthcare,8.46,9997.61,8966.22,1.91,6.95,3.93,2.91,-0.04,9.59,0,0,0,1,0,0,0,0,0,0,0,0,1
2026-09-18,2026-09-17,ICE,Financial,153.3,4105.1,86061.77,0.75,-0.52,-0.65,0.13,0.28,-1.61,0,0,0,0,0,0,0,0,0,0,0,0,0
2026-09-18,2026-09-17,ICHR,Technology,52.96,973.34,1983.39,0.61,2.99,-1.02,4.05,-0.84,-5.05,0,0,0,0,0,0,1,0,0,0,0,0,1
2026-09-18,2026-09-17,ICL,Basic Materials,5.53,1293.81,7137.68,0.95,0.91,0.0,0.91,0.0,-3.32,0,0,0,0,0,0,0,0,0,0,0,0,0
2026-09-18,2026-09-17,ICLR,Healthcare,169.68,829.41,13091.52,1.41,-2.45,-3.05,0.62,0.0,2.41,0,0,0,0,0,0,0,0,0,0,0,0,0
2026-09-18,2026-09-17,IDA,Utilities,133.24,553.04,7706.87,0.89,0.41,-0.11,0.53,0.0,-1.63,0,0,0,0,0,0,0,0,0,0,0,0,0
2026-09-18,2026-09-17,IDXX,Healthcare,506.48,615.41,39901.06,0.75,-1.39,-1.53,0.14,0.06,-0.01,0,0,0,0,0,0,0,0,0,0,0,0,0
2026-09-18,2026-09-17,IDYA,Healthcare,38.61,936.1,3725.46,0.81,2.33,0.0,2.33,0.0,3.1,0,0,0,0,0,0,0,0,0,0,0,0,0
2026-09-18,2026-09-17,IE,Basic Materials,9.48,2205.16,1512.92,1.09,6.04,1.72,4.25,1.37,-8.41,0,0,0,1,0,0,1,0,0,0,0,0,1
2026-09-18,2026-09-17,IEP,Energy,7.03,976.23,4997.73,0.45,1.01,0.86,0.14,0.28,2.18,0,0,0,0,0,0,0,0,0,0,0,0,0
2026-09-18,2026-09-17,IEX,Industrials,221.89,662.95,16357.71,0.61,0.18,-1.5,1.71,-1.31,0.19,0,0,0,0,0,0,0,0,0,0,0,0,0
2026-09-18,2026-09-17,IFF,Basic Materials,84.91,1749.3,21664.79,0.83,0.6,-0.46,1.07,0.0,1.02,0,0,0,0,0,0,0,0,0,0,0,0,0
2026-09-18,2026-09-17,IHS,Real Estate,8.45,1233.57,2858.98,0.55,0.36,0.48,-0.12,0.0,-0.24,0,0,0,0,0,0,0,0,0,0,0,0,0
2026-09-18,2026-09-17,ILMN,Healthcare,245.18,1985.62,37022.18,1.85,7.1,4.84,2.15,0.72,21.82,0,0,0,1,0,0,0,0,0,0,1,0,1
2026-09-18,2026-09-17,IMAX,Communication Services,51.83,1259.29,2842.47,0.52,-0.46,-1.45,1.0,0.1,0.93,0,0,0,0,0,0,0,0,0,0,0,0,0
2026-09-18,2026-09-17,IMCR,Healthcare,32.3,521.05,1663.45,0.5,2.25,2.12,0.13,1.95,-3.81,0,0,0,0,0,0,0,0,0,0,0,0,0
2026-09-18,2026-09-17,IMMR,Technology,7.52,568.09,249.71,2.18,5.62,4.16,1.4,-0.01,2.17,1,0,0,1,0,0,0,0,0,0,0,0,1
2026-09-18,2026-09-17,IMMX,Healthcare,12.72,1823.13,909.98,0.65,6.71,3.92,2.68,-0.07,0.16,0,0,0,1,0,0,0,0,0,0,0,0,1
2026-09-18,2026-09-17,IMNM,Healthcare,23.93,1296.2,2717.91,0.69,2.0,-0.71,2.73,1.59,-4.16,0,0,0,0,0,0,0,0,0,0,0,0,0
2026-09-18,2026-09-17,IMO,Energy,130.28,545.19,63002.1,1.23,-0.02,0.51,-0.52,0.0,-0.41,0,0,0,0,0,0,0,0,0,0,0,0,0
2026-09-18,2026-09-17,IMVT,Healthcare,37.65,1255.76,7776.71,1.06,3.49,1.51,1.95,0.0,-1.18,0,0,0,0,0,0,0,0,0,0,0,0,0
2026-09-18,2026-09-17,IMXI,Technology,12.62,529.5,381.27,1.94,-4.47,-4.83,0.38,0.0,-10.31,0,0,0,0,0,0,0,0,0,0,0,0,0
2026-09-18,2026-09-17,INCY,Healthcare,127.62,1685.82,25868.28,0.87,2.3,1.5,0.79,0.03,3.52,0,0,0,0,0,0,0,0,0,0,0,0,0
2026-09-18,2026-09-17,INDV,Healthcare,35.69,2098.93,4212.56,1.28,3.9,2.68,1.19,0.19,3.42,0,0,0,0,0,0,0,0,0,0,0,0,0
2026-09-18,2026-09-17,INFQ,Technology,13.86,11165.1,3123.44,0.77,7.94,4.29,3.5,-0.29,6.94,0,0,0,1,0,0,1,0,0,0,0,0,1
2026-09-18,2026-09-17,INFY,Technology,11.07,21979.61,44924.6,0.42,-0.09,-0.45,0.36,0.18,1.47,0,0,0,0,0,0,0,0,0,0,0,0,0
2026-09-18,2026-09-17,ING,Financial,36.92,2570.47,103841.56,0.8,1.54,0.08,1.46,0.0,0.68,0,0,0,0,0,0,0,0,0,0,0,0,0
2026-09-18,2026-09-17,INGM,Technology,27.18,1385.86,6269.39,1.66,4.1,3.03,1.03,0.0,3.07,0,0,0,0,0,0,0,0,0,0,0,0,0
2026-09-18,2026-09-17,INGR,Consumer Defensive,99.01,763.66,6243.96,0.96,0.54,-0.06,0.6,0.0,-2.1,0,0,0,0,0,0,0,0,0,0,0,0,0
2026-09-18,2026-09-17,INIO,Industrials,20.96,4438.98,15720.0,2.96,12.03,-0.38,12.45,-1.48,6.94,1,0,0,1,1,1,1,1,0,0,0,0,1
2026-09-18,2026-09-17,INMD,Healthcare,14.54,618.03,835.77,0.67,-0.27,-0.95,0.69,0.0,-1.56,0,0,0,0,0,0,0,0,0,0,0,0,0
2026-09-18,2026-09-17,INN,Real Estate,5.72,1115.73,690.71,0.53,0.53,-0.52,1.05,-2.27,0.88,0,0,0,0,0,0,0,0,1,0,0,0,1
2026-09-18,2026-09-17,INOD,Technology,56.98,1213.36,1959.12,0.63,2.83,-1.57,4.48,0.02,7.29,0,0,0,0,0,0,1,0,0,0,0,0,1
2026-09-18,2026-09-17,INSM,Healthcare,123.98,3014.22,27074.93,0.53,1.14,-0.14,1.29,-0.78,-2.59,0,0,0,0,0,0,0,0,0,0,0,0,0
2026-09-18,2026-09-17,INSP,Healthcare,72.74,858.8,2102.94,0.66,-0.01,-1.09,1.09,0.0,6.78,0,0,0,0,0,0,0,0,0,0,0,0,0
2026-09-18,2026-09-17,INSW,Energy,110.53,601.35,5474.69,1.1,1.05,1.28,-0.23,1.48,8.21,0,0,0,0,0,0,0,0,0,0,0,0,0
2026-09-18,2026-09-17,INTA,Technology,36.69,747.9,2807.19,0.54,-0.84,0.55,-1.38,2.48,-3.55,0,0,0,0,0,0,0,0,1,0,0,0,1
2026-09-18,2026-09-17,INTC,Technology,108.8,109105.0,575128.29,1.37,7.67,3.92,3.61,0.36,8.45,0,0,0,1,0,0,1,0,0,0,0,0,1
2026-09-18,2026-09-17,INTR,Financial,5.45,4978.48,2398.03,0.51,0.0,0.0,0.0,0.37,-5.71,0,0,0,0,0,0,0,0,0,0,0,0,0
2026-09-18,2026-09-17,INTU,Technology,313.13,4317.32,83679.61,0.95,-1.57,-1.89,0.33,0.15,0.12,0,0,0,0,0,0,0,0,0,0,0,0,0
2026-09-18,2026-09-17,INVA,Healthcare,21.05,770.29,1520.76,1.63,-0.71,-0.8,0.09,0.0,2.09,0,0,0,0,0,0,0,0,0,0,0,0,0
2026-09-18,2026-09-17,INVH,Real Estate,27.15,4571.34,16035.42,1.26,-0.22,-0.84,0.62,0.44,-1.49,0,0,0,0,0,0,0,0,0,0,0,0,0
2026-09-18,2026-09-17,INVX,Energy,29.17,644.11,2040.03,1.42,-0.55,-1.32,0.78,0.0,-1.75,0,0,0,0,0,0,0,0,0,0,0,0,0
2026-09-18,2026-09-17,IOND,Financial,84.85,825.86,3817.92,1.38,1.7,2.23,-0.52,0.0,6.22,0,0,0,0,0,0,0,0,0,0,0,0,0
2026-09-18,2026-09-17,IONQ,Technology,40.34,20430.35,16343.27,1.1,9.5,5.27,4.02,-0.94,9.5,0,0,0,1,1,0,1,0,0,0,0,0,1
2026-09-18,2026-09-17,IONS,Healthcare,46.75,3422.14,7769.12,1.19,4.26,0.15,4.1,0.26,-15.99,0,0,0,0,0,0,1,0,0,0,0,0,1
2026-09-18,2026-09-17,IOT,Technology,40.0,6242.5,23424.21,0.58,-1.62,-1.17,-0.45,-0.58,4.06,0,0,0,0,0,0,0,0,0,0,0,0,0
2026-09-18,2026-09-17,IOVA,Healthcare,10.02,16505.27,4538.78,1.47,1.52,-2.24,3.85,0.0,23.1,0,0,0,0,0,0,1,0,0,0,1,0,1
2026-09-18,2026-09-17,IP,Consumer Cyclical,35.55,5047.84,18826.21,1.75,4.37,2.16,2.17,0.0,3.67,0,0,0,0,0,0,0,0,0,0,0,0,0
2026-09-18,2026-09-17,IQMX,Technology,8.84,544.37,1675.18,1.41,-5.25,-7.34,2.25,4.19,-13.59,0,0,0,1,0,0,0,0,1,0,0,0,1
2026-09-18,2026-09-17,IQV,Healthcare,269.44,1449.1,44349.82,1.18,0.23,-1.36,1.61,0.0,4.72,0,0,0,0,0,0,0,0,0,0,0,0,0
2026-09-18,2026-09-17,IR,Industrials,72.65,4058.96,28188.16,1.64,1.69,0.03,1.67,0.14,-0.6,0,0,0,0,0,0,0,0,0,0,0,0,0
2026-09-18,2026-09-17,IRD,Healthcare,5.28,2204.78,439.27,0.69,-2.4,-3.3,0.92,-0.02,-13.01,0,0,0,0,0,0,0,0,0,0,0,0,0
2026-09-18,2026-09-17,IRDM,Communication Services,47.48,1742.15,5032.01,0.79,0.42,0.36,0.06,-0.08,0.96,0,0,0,0,0,0,0,0,0,0,0,0,0
2026-09-18,2026-09-17,IREN,Financial,43.48,43293.86,17111.01,1.07,2.02,-4.44,6.76,-0.3,-0.37,0,0,0,0,0,0,1,1,0,0,0,0,1
2026-09-18,2026-09-17,IRM,Real Estate,114.0,1831.32,33938.12,0.99,1.65,0.18,1.46,0.44,0.97,0,0,0,0,0,0,0,0,0,0,0,0,0
2026-09-18,2026-09-17,IRON,Healthcare,69.18,549.78,2656.02,1.13,0.89,-0.95,1.85,-0.26,-6.69,0,0,0,0,0,0,0,0,0,0,0,0,0
2026-09-18,2026-09-17,IRTC,Healthcare,111.75,616.34,3683.61,0.59,-0.06,-0.64,0.58,0.0,-1.0,0,0,0,0,0,0,0,0,0,0,0,0,0
2026-09-18,2026-09-17,ISRG,Healthcare,383.54,3051.21,135496.27,0.78,0.33,-0.53,0.86,-0.02,6.4,0,0,0,0,0,0,0,0,0,0,0,0,0
2026-09-18,2026-09-17,IT,Technology,187.8,1410.44,11859.38,0.53,-1.97,-1.99,0.02,0.04,10.07,0,0,0,0,0,0,0,0,0,0,0,0,0
2026-09-18,2026-09-17,ITGR,Healthcare,126.33,950.46,4294.85,0.75,0.17,-0.02,0.19,0.0,0.22,0,0,0,0,0,0,0,0,0,0,0,0,0
2026-09-18,2026-09-17,ITRI,Technology,91.38,756.26,4001.23,0.45,-0.82,-2.36,1.57,0.0,-2.32,0,0,0,0,0,0,0,0,0,0,0,0,0
2026-09-18,2026-09-17,ITT,Industrials,202.81,890.92,18131.21,1.59,4.27,2.23,2.0,0.09,3.35,0,0,0,0,0,0,0,0,0,0,0,0,0
2026-09-18,2026-09-17,ITUB,Financial,8.29,21489.2,44800.24,1.04,0.0,-0.24,0.24,0.48,-0.12,0,0,0,0,0,0,0,0,0,0,0,0,0
2026-09-18,2026-09-17,ITW,Industrials,267.51,1311.7,76186.85,0.78,0.07,-1.16,1.24,-0.08,0.87,0,0,0,0,0,0,0,0,0,0,0,0,0
2026-09-18,2026-09-17,IVR,Real Estate,6.54,2819.47,703.97,1.17,1.24,-0.3,1.55,0.46,-5.35,0,0,0,0,0,0,0,0,0,0,0,0,0
2026-09-18,2026-09-17,IVT,Real Estate,30.75,870.12,2397.84,0.7,-0.23,-0.87,0.65,0.0,-4.0,0,0,0,0,0,0,0,0,0,0,0,0,0
2026-09-18,2026-09-17,IVZ,Financial,30.22,4707.47,13342.12,0.89,0.47,-1.4,1.89,0.0,-5.36,0,0,0,0,0,0,0,0,0,0,0,0,0
2026-09-18,2026-09-17,J,Industrials,144.16,953.21,16872.29,0.58,0.47,-0.39,0.86,0.0,2.58,0,0,0,0,0,0,0,0,0,0,0,0,0
2026-09-18,2026-09-17,JACK,Consumer Cyclical,13.25,929.95,254.13,0.55,0.3,-2.14,2.5,0.75,-9.62,0,0,0,0,0,0,0,0,0,0,0,0,0
2026-09-18,2026-09-17,JAN,Real Estate,30.23,1678.34,9307.54,1.15,-1.05,-1.63,0.59,0.0,-1.88,0,0,0,0,0,0,0,0,0,0,0,0,0
2026-09-18,2026-09-17,JANX,Healthcare,16.86,1032.29,1030.77,0.78,3.79,2.24,1.51,0.0,-4.64,0,0,0,0,0,0,0,0,0,0,0,0,0
2026-09-18,2026-09-17,JAZZ,Healthcare,243.84,873.3,15828.77,0.65,0.1,-1.12,1.23,1.38,1.4,0,0,0,0,0,0,0,0,0,0,0,0,0
2026-09-18,2026-09-17,JBGS,Real Estate,11.42,750.64,852.14,1.19,1.42,0.44,0.98,0.0,1.42,0,0,0,0,0,0,0,0,0,0,0,0,0
2026-09-18,2026-09-17,JBHT,Industrials,236.8,1010.13,22239.05,1.77,0.03,-0.75,0.79,0.19,-11.59,0,0,0,0,0,0,0,0,0,0,0,0,0
2026-09-18,2026-09-17,JBIO,Healthcare,17.14,1003.76,1090.06,0.81,2.94,0.65,2.28,-0.47,-10.45,0,0,0,0,0,0,0,0,0,0,0,0,0
2026-09-18,2026-09-17,JBL,Technology,295.94,1194.31,31010.69,0.76,-0.44,-3.05,2.7,0.58,-2.27,0,0,0,0,0,0,0,0,0,0,0,0,0
2026-09-18,2026-09-17,JBS,Consumer Defensive,12.06,5776.46,12915.42,0.67,-1.31,-1.63,0.33,1.66,-4.44,0,0,0,0,0,0,0,0,0,0,0,0,0
2026-09-18,2026-09-17,JBTM,Industrials,110.29,605.39,5721.5,0.64,-1.01,-1.92,0.93,0.0,-1.88,0,0,0,0,0,0,0,0,0,0,0,0,0
2026-09-18,2026-09-17,JCI,Industrials,141.06,3854.99,85445.9,0.72,0.42,-1.36,1.8,1.56,-1.23,0,0,0,0,0,0,0,0,0,0,0,0,0
2026-09-18,2026-09-17,JD,Consumer Cyclical,26.64,8053.82,32038.86,0.71,-0.97,-0.97,0.0,0.18,-1.41,0,0,0,0,0,0,0,0,0,0,0,0,0
2026-09-18,2026-09-17,JEF,Financial,47.87,2147.63,11036.43,1.73,1.1,-1.05,2.18,0.0,-11.24,0,0,0,0,0,0,0,0,0,0,0,0,0
2026-09-18,2026-09-17,JHX,Basic Materials,25.91,7471.68,15041.33,2.14,-3.46,-5.68,2.35,0.0,-8.09,1,0,0,0,0,0,0,0,0,0,0,0,1
2026-09-18,2026-09-17,JKHY,Technology,156.21,1194.69,10952.29,0.87,-1.74,-1.23,-0.52,0.0,-3.23,0,0,0,0,0,0,0,0,0,0,0,0,0
2026-09-18,2026-09-17,JKS,Technology,10.76,727.52,540.8,1.18,4.67,3.96,0.68,-0.37,-7.88,0,0,0,0,0,0,0,0,0,0,0,0,0
2026-09-18,2026-09-17,JMIA,Consumer Cyclical,7.11,1780.97,885.69,0.77,-0.7,-3.66,3.07,0.28,-2.34,0,0,0,0,0,0,1,0,0,0,0,0,1
2026-09-18,2026-09-17,JMKE,Consumer Cyclical,20.13,4093.39,6394.07,0.43,0.3,-0.35,0.65,0.1,-7.96,0,0,0,0,0,0,0,0,0,0,0,0,0
2026-09-18,2026-09-17,JNJ,Healthcare,270.22,7557.07,651202.76,0.87,1.1,0.83,0.27,0.1,1.45,0,0,0,0,0,0,0,0,0,0,0,0,0
2026-09-18,2026-09-17,JOBY,Industrials,6.19,38297.13,6122.68,0.63,1.81,-1.28,3.13,0.15,-1.9,0,0,0,0,0,0,1,0,0,0,0,0,1
2026-09-18,2026-09-17,JPM,Financial,349.31,8031.09,928531.04,0.81,0.11,-0.83,0.95,-0.04,-1.2,0,0,0,0,0,0,0,0,0,0,0,0,0
2026-09-18,2026-09-17,JXN,Financial,129.38,626.24,8762.74,3.78,-5.63,-6.33,0.74,-0.68,-6.49,1,1,0,1,0,0,0,0,0,0,0,0,1
2026-09-18,2026-09-17,KBH,Consumer Cyclical,48.54,1194.63,2975.97,1.84,-0.27,-2.78,2.59,0.0,1.65,0,0,0,0,0,0,0,0,0,0,0,0,0
2026-09-18,2026-09-17,KBR,Industrials,36.7,1567.88,4626.69,0.7,0.27,-0.78,1.07,-0.19,0.69,0,0,0,0,0,0,0,0,0,0,0,0,0
2026-09-18,2026-09-17,KC,Technology,9.38,1480.11,2801.43,1.15,-0.42,-1.47,1.06,0.32,-5.25,0,0,0,0,0,0,0,0,0,0,0,0,0
2026-09-18,2026-09-17,KD,Technology,12.95,4141.7,2820.75,0.75,0.86,-0.38,1.25,-0.23,2.13,0,0,0,0,0,0,0,0,0,0,0,0,0
2026-09-18,2026-09-17,KDP,Consumer Defensive,31.43,13014.51,42770.77,0.83,-1.16,-1.07,-0.09,0.06,-0.1,0,0,0,0,0,0,0,0,0,0,0,0,0
2026-09-18,2026-09-17,KEP,Utilities,11.32,1110.03,14534.09,0.63,0.89,-0.96,1.87,0.0,-4.79,0,0,0,0,0,0,0,0,0,0,0,0,0
2026-09-18,2026-09-17,KEX,Industrials,138.39,534.17,7306.99,0.66,1.06,0.31,0.74,0.0,-0.14,0,0,0,0,0,0,0,0,0,0,0,0,0
2026-09-18,2026-09-17,KEY,Financial,20.95,11108.11,22356.34,1.17,1.11,-0.14,1.25,0.0,-3.59,0,0,0,0,0,0,0,0,0,0,0,0,0
2026-09-18,2026-09-17,KEYS,Technology,331.44,1386.08,56425.92,0.79,2.92,0.2,2.71,-0.9,1.78,0,0,0,0,0,0,0,0,0,0,0,0,0
2026-09-18,2026-09-17,KFY,Industrials,77.12,515.91,4207.58,0.68,-0.4,-0.49,0.09,0.0,-1.31,0,0,0,0,0,0,0,0,0,0,0,0,0
2026-09-18,2026-09-17,KGC,Basic Materials,28.49,8257.1,33795.98,0.64,2.41,-1.01,3.45,0.04,-1.52,0,0,0,0,0,0,1,0,0,0,0,0,1
2026-09-18,2026-09-17,KGS,Energy,58.28,1850.74,5892.35,1.22,-0.22,-1.07,0.86,-0.03,-6.75,0,0,0,0,0,0,0,0,0,0,0,0,0
2026-09-18,2026-09-17,KHC,Consumer Defensive,24.73,16982.56,29325.42,0.69,0.0,-1.79,1.82,0.11,1.39,0,0,0,0,0,0,0,0,0,0,0,0,0
2026-09-18,2026-09-17,KIM,Real Estate,22.57,4739.89,15139.71,1.12,-0.09,-0.44,0.35,0.53,-3.09,0,0,0,0,0,0,0,0,0,0,0,0,0
2026-09-18,2026-09-17,KKR,Financial,98.19,4415.63,88138.84,0.72,1.39,-0.43,1.83,0.36,-2.66,0,0,0,0,0,0,0,0,0,0,0,0,0
2026-09-18,2026-09-17,KLAC,Technology,168.98,11921.21,220780.27,0.83,0.97,-2.32,3.37,-0.35,-4.63,0,0,0,0,0,0,1,0,0,0,0,0,1
2026-09-18,2026-09-17,KLAR,Financial,13.94,5714.58,5262.49,0.65,-0.43,-1.97,1.57,0.29,1.01,0,0,0,0,0,0,0,0,0,0,0,0,0
2026-09-18,2026-09-17,KLIC,Technology,81.92,1008.64,4286.8,0.75,2.98,0.27,2.7,0.57,-1.27,0,0,0,0,0,0,0,0,0,0,0,0,0
2026-09-18,2026-09-17,KLRA,Healthcare,12.92,812.18,1674.99,1.28,1.73,-1.15,2.91,-1.7,-13.35,0,0,0,0,0,0,0,0,0,0,0,0,0
2026-09-18,2026-09-17,KMB,Consumer Defensive,98.19,4223.57,32655.93,0.81,0.09,-0.81,0.91,0.18,-0.29,0,0,0,0,0,0,0,0,0,0,0,0,0
2026-09-18,2026-09-17,KMI,Energy,31.31,10678.19,69721.16,1.41,1.89,1.79,0.1,0.25,1.16,0,0,0,0,0,0,0,0,0,0,0,0,0
2026-09-18,2026-09-17,KMPR,Financial,26.89,1028.6,1584.44,1.0,-1.86,-2.43,0.58,0.0,-0.48,0,0,0,0,0,0,0,0,0,0,0,0,0
2026-09-18,2026-09-17,KMT,Industrials,29.84,1335.89,2279.47,0.85,0.47,-1.42,1.92,0.0,2.44,0,0,0,0,0,0,0,0,0,0,0,0,0
2026-09-18,2026-09-17,KMX,Consumer Cyclical,58.38,2526.53,8284.77,0.71,-0.71,-1.63,0.94,0.14,-3.54,0,0,0,0,0,0,0,0,0,0,0,0,0
2026-09-18,2026-09-17,KN,Technology,35.43,961.87,3026.09,0.76,0.97,-1.5,2.51,0.0,0.06,0,0,0,0,0,0,0,0,0,0,0,0,0
2026-09-18,2026-09-17,KNF,Basic Materials,54.49,744.6,3093.04,1.28,-2.03,-4.24,2.3,0.0,-4.7,0,0,0,0,0,0,0,0,0,0,0,0,0
2026-09-18,2026-09-17,KNSA,Healthcare,79.33,742.61,6189.64,0.97,2.2,0.85,1.34,0.73,3.73,0,0,0,0,0,0,0,0,0,0,0,0,0
2026-09-18,2026-09-17,KNTK,Energy,53.68,1077.6,8716.51,1.22,-0.3,0.17,-0.46,0.0,-0.96,0,0,0,0,0,0,0,0,0,0,0,0,0
2026-09-18,2026-09-17,KNX,Industrials,66.67,3776.59,10850.94,0.91,1.35,-0.27,1.63,0.0,-3.42,0,0,0,0,0,0,0,0,0,0,0,0,0
2026-09-18,2026-09-17,KO,Consumer Defensive,88.06,17103.55,378882.44,0.97,0.22,-0.02,0.23,0.02,0.26,0,0,0,0,0,0,0,0,0,0,0,0,0
2026-09-18,2026-09-17,KOD,Healthcare,32.85,682.84,2064.61,1.21,0.24,-1.41,1.68,1.98,-0.06,0,0,0,0,0,0,0,0,0,0,0,0,0
2026-09-18,2026-09-17,KODK,Industrials,9.74,894.23,953.55,0.8,3.4,1.35,2.02,-1.13,9.07,0,0,0,0,0,0,0,0,0,0,0,0,0
2026-09-18,2026-09-17,KR,Consumer Defensive,60.75,7639.78,37218.33,1.0,-0.64,-0.44,-0.2,0.07,6.67,0,0,0,0,0,0,0,0,0,0,0,0,0
2026-09-18,2026-09-17,KRC,Real Estate,34.42,1275.25,4042.37,1.43,0.0,-0.98,0.99,0.0,-1.23,0,0,0,0,0,0,0,0,0,0,0,0,0
2026-09-18,2026-09-17,KRMN,Industrials,35.25,3318.43,4671.81,1.32,-4.57,-6.97,2.57,0.68,2.5,0,0,0,0,0,0,0,0,0,0,0,0,0
2026-09-18,2026-09-17,KRNY,Financial,9.65,648.95,626.57,0.56,0.0,-0.92,0.93,1.45,-1.83,0,0,0,0,0,0,0,0,0,0,0,0,0
2026-09-18,2026-09-17,KRP,Energy,14.65,823.93,1882.69,0.97,0.27,0.48,-0.21,0.2,-2.98,0,0,0,0,0,0,0,0,0,0,0,0,0
2026-09-18,2026-09-17,KSPI,Technology,97.43,516.06,18513.65,1.0,-0.33,-1.2,0.88,0.0,0.29,0,0,0,0,0,0,0,0,0,0,0,0,0
2026-09-18,2026-09-17,KSS,Consumer Cyclical,16.7,4148.83,1893.39,0.84,1.46,-0.95,2.43,0.36,-0.54,0,0,0,0,0,0,0,0,0,0,0,0,0
2026-09-18,2026-09-17,KT,Communication Services,19.48,1493.34,9297.02,0.95,0.15,-0.87,1.03,0.36,-0.61,0,0,0,0,0,0,0,0,0,0,0,0,0
2026-09-18,2026-09-17,KTB,Consumer Cyclical,65.53,777.43,3581.45,1.47,-4.15,-5.74,1.68,0.0,-0.95,0,0,0,0,0,0,0,0,0,0,0,0,0
2026-09-18,2026-09-17,KTOS,Industrials,47.66,4299.82,8946.8,0.85,0.15,-1.33,1.49,0.19,1.45,0,0,0,0,0,0,0,0,0,0,0,0,0
2026-09-18,2026-09-17,KURA,Healthcare,11.72,1806.93,1042.62,1.02,4.64,2.9,1.7,0.34,1.3,0,0,0,0,0,0,0,0,0,0,0,0,0
2026-09-18,2026-09-17,KVUE,Consumer Defensive,17.87,22989.27,34324.22,1.02,0.22,-0.61,0.84,0.0,0.45,0,0,0,0,0,0,0,0,0,0,0,0,0
2026-09-18,2026-09-17,KVYO,Technology,15.87,5987.48,4518.63,1.3,-2.22,-1.43,-0.8,0.44,-1.61,0,0,0,0,0,0,0,0,0,0,0,0,0
2026-09-18,2026-09-17,KYIV,Communication Services,13.28,519.47,3065.86,0.54,0.84,-0.9,1.75,0.3,-4.25,0,0,0,0,0,0,0,0,0,0,0,0,0
2026-09-18,2026-09-17,KYMR,Healthcare,118.48,859.58,9851.68,0.66,1.85,-0.54,2.4,0.0,1.26,0,0,0,0,0,0,0,0,0,0,0,0,0
2026-09-18,2026-09-17,KYTX,Healthcare,7.04,1002.11,435.38,0.53,2.03,-0.98,3.04,0.28,-4.22,0,0,0,0,0,0,1,0,0,0,0,0,1
2026-09-18,2026-09-17,L,Financial,108.36,795.18,22151.79,1.52,-0.4,-0.65,0.26,,-0.66,0,0,0,0,0,0,0,0,0,0,0,0,0
2026-09-18,2026-09-17,LADR,Real Estate,9.54,1136.19,1210.3,1.16,0.21,-0.63,0.84,1.99,-1.34,0,0,0,0,0,0,0,0,0,0,0,0,0
2026-09-18,2026-09-17,LAMR,Real Estate,146.81,612.62,14908.5,0.73,-0.49,-0.68,0.2,0.0,-0.6,0,0,0,0,0,0,0,0,0,0,0,0,0
2026-09-18,2026-09-17,LAND,Real Estate,9.55,732.26,411.96,0.59,1.87,0.32,1.55,1.05,0.74,0,0,0,0,0,0,0,0,0,0,0,0,0
2026-09-18,2026-09-17,LAR,Basic Materials,5.77,1928.51,931.28,0.58,3.78,0.87,2.88,0.17,-9.98,0,0,0,0,0,0,0,0,0,0,0,0,0
2026-09-18,2026-09-17,LASR,Technology,38.43,1343.06,2217.03,0.63,-0.34,-1.76,1.45,0.44,-2.19,0,0,0,0,0,0,0,0,0,0,0,0,0
2026-09-18,2026-09-17,LAUR,Consumer Defensive,35.88,1102.18,4942.45,0.62,-0.88,-0.94,0.06,0.0,0.29,0,0,0,0,0,0,0,0,0,0,0,0,0
2026-09-18,2026-09-17,LAZ,Financial,36.06,1949.87,3514.07,1.54,-1.5,-3.89,2.49,0.0,-13.88,0,0,0,0,0,0,0,0,0,0,0,0,0
2026-09-18,2026-09-17,LBRT,Energy,19.11,4358.44,3118.59,0.66,-0.78,-1.6,0.83,-0.1,-7.95,0,0,0,0,0,0,0,0,0,0,0,0,0
2026-09-18,2026-09-17,LBTYA,Communication Services,10.29,2261.4,3482.49,0.85,-1.06,-2.56,1.54,0.0,-3.11,0,0,0,0,0,0,0,0,0,0,0,0,0
2026-09-18,2026-09-17,LBTYK,Communication Services,9.9,1368.5,3470.64,2.19,-1.39,-1.98,0.6,0.0,-4.81,1,0,0,0,0,0,0,0,0,0,0,0,1
2026-09-18,2026-09-17,LDOS,Technology,130.96,1602.23,16434.46,0.62,1.24,0.02,1.22,0.0,1.09,0,0,0,0,0,0,0,0,0,0,0,0,0
2026-09-18,2026-09-17,LEA,Consumer Cyclical,122.72,635.64,6053.14,1.14,-0.38,-2.25,1.92,0.0,-4.01,0,0,0,0,0,0,0,0,0,0,0,0,0
2026-09-18,2026-09-17,LEGN,Healthcare,17.58,2479.24,3406.48,0.79,3.41,1.15,2.24,0.8,-8.39,0,0,0,0,0,0,0,0,0,0,0,0,0
2026-09-18,2026-09-17,LEN,Consumer Cyclical,79.7,2703.04,19152.05,3.2,1.71,-1.6,3.37,-0.25,2.31,1,1,0,0,0,0,1,0,0,0,0,0,1
2026-09-18,2026-09-17,LEU,Energy,149.85,763.38,3064.9,1.1,7.8,4.61,3.05,0.1,-9.66,0,0,0,1,0,0,1,0,0,0,0,0,1
2026-09-18,2026-09-17,LEVI,Consumer Cyclical,19.85,2539.44,7639.28,0.85,1.02,-0.45,1.48,0.0,-1.34,0,0,0,0,0,0,0,0,0,0,0,0,0
2026-09-18,2026-09-17,LFST,Healthcare,12.61,4267.75,4818.96,1.72,-1.41,-1.64,0.23,0.24,-3.0,0,0,0,0,0,0,0,0,0,0,0,0,0
2026-09-18,2026-09-17,LFTO,Communication Services,17.42,768.82,2949.75,0.99,-0.97,-0.97,0.0,0.06,-0.74,0,0,0,0,0,0,0,0,0,0,0,0,0
2026-09-18,2026-09-17,LGN,Industrials,54.69,1361.33,5910.64,0.81,1.58,-1.6,3.23,0.0,2.13,0,0,0,0,0,0,1,0,0,0,0,0,1
2026-09-18,2026-09-17,LH,Healthcare,322.73,705.98,26173.4,0.79,-0.55,-1.24,0.7,0.0,5.14,0,0,0,0,0,0,0,0,0,0,0,0,0
2026-09-18,2026-09-17,LHX,Industrials,250.46,1610.07,46639.31,1.18,-0.11,-0.22,0.1,0.2,0.84,0,0,0,0,0,0,0,0,0,0,0,0,0
2026-09-18,2026-09-17,LI,Consumer Cyclical,11.97,3359.17,10205.14,0.93,-0.5,-0.5,0.0,-0.17,2.75,0,0,0,0,0,0,0,0,0,0,0,0,0
2026-09-18,2026-09-17,LIF,Technology,40.3,779.77,3283.66,0.59,-1.01,-1.99,1.01,0.72,-3.03,0,0,0,0,0,0,0,0,0,0,0,0,0
2026-09-18,2026-09-17,LIFE,Financial,36.4,1103.56,2320.82,2.94,-5.58,-8.24,2.91,-0.29,-6.31,1,0,0,1,0,0,0,0,0,0,0,0,1
2026-09-18,2026-09-17,LII,Industrials,359.08,515.64,12410.05,0.75,-0.54,-2.61,2.13,0.2,-3.63,0,0,0,0,0,0,0,0,0,0,0,0,0
2026-09-18,2026-09-17,LILA,Communication Services,8.53,694.84,1664.82,0.31,-2.4,-2.63,0.23,0.0,-1.95,0,0,0,0,0,0,0,0,0,0,0,0,0
2026-09-18,2026-09-17,LILAK,Communication Services,8.57,1647.15,1676.47,0.58,-1.72,-2.94,1.26,0.86,-1.27,0,0,0,0,0,0,0,0,0,0,0,0,0
2026-09-18,2026-09-17,LIN,Basic Materials,458.48,2127.65,211350.19,1.03,-0.78,-0.62,-0.17,0.0,-0.68,0,0,0,0,0,0,0,0,0,0,0,0,0
2026-09-18,2026-09-17,LINC,Consumer Defensive,25.4,829.8,805.73,0.67,0.91,0.08,0.83,-1.97,4.18,0,0,0,0,0,0,0,0,0,0,0,0,0
2026-09-18,2026-09-17,LIND,Consumer Cyclical,27.72,922.93,1818.98,0.88,1.09,-1.84,2.99,0.0,9.61,0,0,0,0,0,0,0,0,0,0,0,0,0
2026-09-18,2026-09-17,LINE,Real Estate,37.94,940.75,8639.32,1.05,0.0,-0.68,0.69,0.16,1.47,0,0,0,0,0,0,0,0,0,0,0,0,0
2026-09-18,2026-09-17,LION,Financial,11.34,2673.64,3374.33,0.85,0.27,-0.44,0.71,0.0,1.7,0,0,0,0,0,0,0,0,0,0,0,0,0
2026-09-18,2026-09-17,LITE,Technology,893.61,4751.31,80156.81,1.03,-2.81,-4.41,1.68,0.38,-4.5,0,0,0,0,0,0,0,0,0,0,0,0,0
2026-09-18,2026-09-17,LIVN,Healthcare,77.79,667.28,4285.72,0.94,-0.92,-1.82,0.92,0.0,-0.5,0,0,0,0,0,0,0,0,0,0,0,0,0
2026-09-18,2026-09-17,LKQ,Consumer Cyclical,23.83,3196.99,6029.04,1.44,3.61,2.32,1.26,0.0,0.85,0,0,0,0,0,0,0,0,0,0,0,0,0
2026-09-18,2026-09-17,LLY,Healthcare,1152.44,2709.36,1084857.47,0.7,1.28,0.19,1.09,-0.06,2.62,0,0,0,0,0,0,0,0,0,0,0,0,0
2026-09-18,2026-09-17,LMND,Financial,48.58,1322.9,3759.92,0.64,0.02,-2.39,2.47,0.0,-2.08,0,0,0,0,0,0,0,0,0,0,0,0,0
2026-09-18,2026-09-17,LMT,Industrials,538.09,1204.04,124186.2,1.12,0.16,-0.2,0.36,0.01,1.5,0,0,0,0,0,0,0,0,0,0,0,0,0
2026-09-18,2026-09-17,LNC,Financial,42.29,1960.82,8096.31,1.26,-0.38,-1.74,1.39,-0.67,-2.92,0,0,0,0,0,0,0,0,0,0,0,0,0
2026-09-18,2026-09-17,LNG,Energy,269.85,1977.72,55733.24,0.82,0.78,1.3,-0.51,-0.55,-2.88,0,0,0,0,0,0,0,0,0,0,0,0,0
2026-09-18,2026-09-17,LNT,Utilities,66.64,2410.18,17278.73,0.92,0.8,0.62,0.18,-0.56,-0.91,0,0,0,0,0,0,0,0,0,0,0,0,0
2026-09-18,2026-09-17,LNTH,Healthcare,100.8,1349.39,6582.23,0.45,0.26,-0.11,0.37,0.0,0.41,0,0,0,0,0,0,0,0,0,0,0,0,0
2026-09-18,2026-09-17,LOAR,Industrials,64.28,699.62,6022.29,1.07,-0.6,-3.08,2.55,0.0,-0.74,0,0,0,0,0,0,0,0,0,0,0,0,0
2026-09-18,2026-09-17,LOGI,Technology,102.54,979.71,14721.67,0.67,3.02,0.81,2.2,-0.53,2.78,0,0,0,0,0,0,0,0,0,0,0,0,0
2026-09-18,2026-09-17,LOW,Consumer Cyclical,194.19,3075.26,108951.08,0.76,0.05,-2.23,2.32,0.13,-1.22,0,0,0,0,0,0,0,0,0,0,0,0,0
2026-09-18,2026-09-17,LPG,Energy,58.31,664.92,2494.66,0.82,0.78,0.66,0.12,0.75,7.17,0,0,0,0,0,0,0,0,0,0,0,0,0
2026-09-18,2026-09-17,LPLA,Financial,329.94,756.94,25980.23,0.76,-0.93,-1.26,0.33,0.12,-4.99,0,0,0,0,0,0,0,0,0,0,0,0,0
2026-09-18,2026-09-17,LPTH,Technology,10.11,3156.26,708.07,1.45,7.67,1.71,5.86,-0.1,4.44,0,0,0,1,0,0,1,1,0,0,0,0,1
2026-09-18,2026-09-17,LPX,Industrials,65.82,1174.78,4602.35,0.89,0.7,-1.83,2.59,0.0,0.15,0,0,0,0,0,0,0,0,0,0,0,0,0
2026-09-18,2026-09-17,LQDA,Healthcare,68.39,1677.95,6121.51,0.64,-0.09,-1.61,1.55,-1.14,0.8,0,0,0,0,0,0,0,0,0,0,0,0,0
2026-09-18,2026-09-17,LRCX,Technology,269.31,10789.04,336993.27,1.04,0.03,-3.97,4.17,-0.15,-9.63,0,0,0,0,0,0,1,0,0,0,0,0,1
2026-09-18,2026-09-17,LRN,Consumer Defensive,80.95,850.15,3364.27,0.62,-1.33,-1.28,-0.05,0.0,-0.61,0,0,0,0,0,0,0,0,0,0,0,0,0
2026-09-18,2026-09-17,LSCC,Technology,108.53,1764.14,15414.55,0.69,2.08,-1.63,3.77,0.43,-4.92,0,0,0,0,0,0,1,0,0,0,0,0,1
2026-09-18,2026-09-17,LSPD,Technology,9.48,827.56,1261.79,0.58,-1.76,-1.76,0.0,0.22,-2.87,0,0,0,0,0,0,0,0,0,0,0,0,0
2026-09-18,2026-09-17,LTBR,Industrials,6.82,804.77,255.46,0.97,5.41,2.56,2.78,-1.61,-7.08,0,0,0,1,0,0,0,0,0,0,0,0,1
2026-09-18,2026-09-17,LTC,Real Estate,43.5,576.1,2344.89,0.98,0.97,1.21,-0.23,0.53,2.35,0,0,0,0,0,0,0,0,0,0,0,0,0
2026-09-18,2026-09-17,LTH,Consumer Cyclical,40.87,2930.32,9132.89,0.85,0.34,-0.97,1.33,0.24,-1.47,0,0,0,0,0,0,0,0,0,0,0,0,0
2026-09-18,2026-09-17,LTM,Industrials,51.35,774.94,14743.1,0.77,2.56,1.0,1.54,0.0,1.32,0,0,0,0,0,0,0,0,0,0,0,0,0
2026-09-18,2026-09-17,LTRX,Technology,5.82,1097.66,271.82,2.75,7.38,5.05,2.21,2.06,15.02,1,0,0,1,0,0,0,0,1,0,1,0,1
2026-09-18,2026-09-17,LULU,Consumer Cyclical,99.39,4366.69,11511.96,1.5,3.55,2.24,1.29,-0.2,2.59,0,0,0,0,0,0,0,0,0,0,0,0,0
2026-09-18,2026-09-17,LUMN,Communication Services,6.48,13349.66,6683.77,1.01,-2.85,-6.36,3.75,0.0,-4.85,0,0,0,0,0,0,1,0,0,0,0,0,1
2026-09-18,2026-09-17,LUNR,Industrials,14.79,9565.55,3385.79,0.86,6.63,3.07,3.46,0.41,1.16,0,0,0,1,0,0,1,0,0,0,0,0,1
2026-09-18,2026-09-17,LUV,Industrials,40.34,5453.75,19734.66,1.46,3.04,0.85,2.17,0.05,4.26,0,0,0,0,0,0,0,0,0,0,0,0,0
2026-09-18,2026-09-17,LVS,Consumer Cyclical,40.67,5079.35,26342.0,0.82,-0.95,-1.69,0.75,0.32,-4.53,0,0,0,0,0,0,0,0,0,0,0,0,0
2026-09-18,2026-09-17,LW,Consumer Defensive,46.46,1601.24,6387.37,1.0,-2.25,-3.03,0.8,0.0,-1.82,0,0,0,0,0,0,0,0,0,0,0,0,0
2026-09-18,2026-09-17,LWLG,Basic Materials,5.02,3479.51,773.92,0.89,3.93,-0.79,4.76,0.4,-2.71,0,0,0,0,0,0,1,0,0,0,0,0,1
2026-09-18,2026-09-17,LXU,Basic Materials,11.27,811.65,811.41,0.86,1.9,-0.35,2.26,1.69,-3.1,0,0,0,0,0,0,0,0,0,0,0,0,0
2026-09-18,2026-09-17,LYB,Basic Materials,64.25,4525.31,20755.18,0.96,-1.0,0.23,-1.23,0.09,-0.08,0,0,0,0,0,0,0,0,0,0,0,0,0
2026-09-18,2026-09-17,LYFT,Technology,15.5,11751.37,5867.38,0.76,-1.21,0.45,-1.66,0.13,3.2,0,0,0,0,0,0,0,0,0,0,0,0,0
2026-09-18,2026-09-17,LYG,Financial,5.94,16054.62,85827.06,0.87,1.02,0.0,1.02,-0.67,0.85,0,0,0,0,0,0,0,0,0,0,0,0,0
2026-09-18,2026-09-17,LYNX,Industrials,13.44,1180.97,1558.36,0.34,-1.68,-2.68,1.02,2.31,8.47,0,0,0,0,0,0,0,0,1,0,0,0,1
2026-09-18,2026-09-17,LYV,Communication Services,168.34,2164.81,39666.6,0.67,-1.63,-2.29,0.68,0.0,-1.02,0,0,0,0,0,0,0,0,0,0,0,0,0
2026-09-18,2026-09-17,LZ,Industrials,6.07,2852.56,1039.57,0.86,0.17,-0.49,0.66,0.0,2.71,0,0,0,0,0,0,0,0,0,0,0,0,0
2026-09-18,2026-09-17,LZB,Consumer Cyclical,29.58,680.51,1184.76,1.04,-1.99,-3.43,1.49,0.41,-4.15,0,0,0,0,0,0,0,0,0,0,0,0,0
2026-09-18,2026-09-17,M,Consumer Cyclical,21.64,5647.68,5651.86,0.9,-0.78,-1.68,0.92,0.28,5.56,0,0,0,0,0,0,0,0,0,0,0,0,0
2026-09-18,2026-09-17,MA,Financial,565.73,3151.14,495585.08,0.66,-0.36,-0.41,0.06,0.04,0.06,0,0,0,0,0,0,0,0,0,0,0,0,0
2026-09-18,2026-09-17,MAA,Real Estate,121.17,1006.21,14413.34,1.25,-0.6,-1.23,0.64,1.51,-2.66,0,0,0,0,0,0,0,0,0,0,0,0,0
2026-09-18,2026-09-17,MAC,Real Estate,22.55,3534.96,6649.14,1.07,0.58,-0.35,0.94,0.0,-0.27,0,0,0,0,0,0,0,0,0,0,0,0,0
2026-09-18,2026-09-17,MAIN,Financial,57.03,584.48,5332.79,0.66,1.4,0.4,1.0,0.28,2.2,0,0,0,0,0,0,0,0,0,0,0,0,0
2026-09-18,2026-09-17,MAIR,Industrials,23.72,2679.65,11900.86,0.77,1.02,-1.08,2.13,1.18,-4.78,0,0,0,0,0,0,0,0,0,0,0,0,0
2026-09-18,2026-09-17,MAMA,Consumer Defensive,13.11,710.05,618.1,1.28,-8.0,-7.74,-0.28,0.53,-12.72,0,0,0,1,1,0,0,0,0,0,0,0,1
2026-09-18,2026-09-17,MAN,Industrials,57.67,1239.45,2681.98,0.49,-0.45,-0.64,0.19,-1.14,1.14,0,0,0,0,0,0,0,0,0,0,0,0,0
2026-09-18,2026-09-17,MANE,Healthcare,108.68,749.98,4540.66,1.02,6.11,2.96,3.07,0.29,10.74,0,0,0,1,0,0,1,0,0,0,0,0,1
2026-09-18,2026-09-17,MANH,Technology,210.82,807.85,12291.85,0.83,-0.57,0.09,-0.66,0.0,2.83,0,0,0,0,0,0,0,0,0,0,0,0,0
2026-09-18,2026-09-17,MAR,Consumer Cyclical,334.0,1613.54,87095.95,0.62,-0.29,-1.1,0.82,-0.04,1.5,0,0,0,0,0,0,0,0,0,0,0,0,0
2026-09-18,2026-09-17,MARA,Financial,11.64,47619.91,4496.52,1.48,5.43,1.57,3.8,-0.17,1.84,0,0,0,1,0,0,1,0,0,0,0,0,1
2026-09-18,2026-09-17,MAS,Industrials,68.23,2382.62,13454.1,1.01,-0.07,-2.07,2.04,0.0,0.87,0,0,0,0,0,0,0,0,0,0,0,0,0
2026-09-18,2026-09-17,MAT,Consumer Cyclical,13.31,4320.71,3802.67,0.91,1.1,-0.37,1.48,0.6,-3.62,0,0,0,0,0,0,0,0,0,0,0,0,0
2026-09-18,2026-09-17,MATV,Basic Materials,12.14,575.6,670.01,0.58,0.83,-0.49,1.33,0.0,-1.54,0,0,0,0,0,0,0,0,0,0,0,0,0
2026-09-18,2026-09-17,MATW,Industrials,20.15,579.76,628.94,2.06,1.0,0.05,0.95,0.0,0.55,1,0,0,0,0,0,0,0,0,0,0,0,1
2026-09-18,2026-09-17,MAX,Communication Services,10.57,838.27,647.56,1.07,-4.26,-4.86,0.63,0.0,-9.97,0,0,0,0,0,0,0,0,0,0,0,0,0
2026-09-18,2026-09-17,MAZE,Healthcare,23.44,549.12,1302.07,0.66,-1.99,-3.86,1.94,0.0,-5.56,0,0,0,0,0,0,0,0,0,0,0,0,0
2026-09-18,2026-09-17,MBC,Consumer Cyclical,6.55,2180.52,1332.87,2.28,-1.36,-4.24,3.01,0.0,-11.84,1,0,0,0,0,0,1,0,0,0,0,0,1
2026-09-18,2026-09-17,MBGL,Technology,20.05,7269.48,5911.17,0.44,0.55,0.75,-0.2,0.0,-0.69,0,0,0,0,0,0,0,0,0,0,0,0,0
2026-09-18,2026-09-17,MBLY,Consumer Cyclical,8.04,5951.7,6835.51,1.58,2.81,-0.12,2.94,-0.12,-2.07,0,0,0,0,0,0,0,0,0,0,0,0,0
2026-09-18,2026-09-17,MBX,Healthcare,63.89,648.62,3076.95,1.5,3.77,2.22,1.51,0.0,4.84,0,0,0,0,0,0,0,0,0,0,0,0,0
2026-09-18,2026-09-17,MC,Financial,59.53,893.05,4829.3,0.85,0.92,-1.39,2.34,0.0,-7.35,0,0,0,0,0,0,0,0,0,0,0,0,0
2026-09-18,2026-09-17,MCD,Consumer Cyclical,248.48,4640.08,175834.75,1.07,-0.03,-0.73,0.7,0.21,-1.81,0,0,0,0,0,0,0,0,0,0,0,0,0
2026-09-18,2026-09-17,MCHB,Financial,15.43,565.42,3571.38,0.69,0.65,-0.06,0.72,0.78,0.0,0,0,0,0,0,0,0,0,0,0,0,0,0
2026-09-18,2026-09-17,MCHP,Technology,70.82,10495.89,38455.87,0.82,1.77,-0.91,2.7,0.01,-1.06,0,0,0,0,0,0,0,0,0,0,0,0,0
2026-09-18,2026-09-17,MCK,Healthcare,879.57,1041.82,102549.39,0.55,-0.87,-0.74,-0.13,0.16,-0.15,0,0,0,0,0,0,0,0,0,0,0,0,0
2026-09-18,2026-09-17,MCO,Financial,461.88,852.27,79997.62,0.74,-0.74,-1.27,0.54,0.0,-1.17,0,0,0,0,0,0,0,0,0,0,0,0,0
2026-09-18,2026-09-17,MD,Healthcare,25.49,798.55,2071.15,1.07,-2.45,-3.3,0.88,0.0,-4.64,0,0,0,0,0,0,0,0,0,0,0,0,0
2026-09-18,2026-09-17,MDA,Industrials,30.41,1538.66,4928.24,0.6,4.54,1.13,3.37,0.39,5.3,0,0,0,0,0,0,1,0,0,0,0,0,1
2026-09-18,2026-09-17,MDB,Technology,393.42,1682.67,31692.47,0.92,4.54,4.66,-0.11,0.03,5.23,0,0,0,0,0,0,0,0,0,0,0,0,0
2026-09-18,2026-09-17,MDLN,Healthcare,32.12,7364.85,42228.4,1.18,-2.64,-3.98,1.39,1.07,-0.83,0,0,0,0,0,0,0,0,0,0,0,0,0
2026-09-18,2026-09-17,MDLZ,Consumer Defensive,62.04,8812.07,79182.15,0.89,-0.51,-0.83,0.32,-0.64,-0.69,0,0,0,0,0,0,0,0,0,0,0,0,0
2026-09-18,2026-09-17,MDT,Healthcare,92.77,8138.99,118665.61,1.34,0.18,0.15,0.03,0.73,1.26,0,0,0,0,0,0,0,0,0,0,0,0,0
2026-09-18,2026-09-17,MDU,Utilities,18.72,1575.71,3937.74,1.13,0.38,-0.21,0.59,0.85,-2.7,0,0,0,0,0,0,0,0,0,0,0,0,0
2026-09-18,2026-09-17,MEC,Industrials,17.44,559.24,444.73,0.85,0.69,-2.52,3.29,1.43,-7.72,0,0,0,0,0,0,1,0,0,0,0,0,1
2026-09-18,2026-09-17,MEI,Technology,13.52,801.21,481.92,0.43,1.81,-1.82,3.69,-1.11,-0.52,0,0,0,0,0,0,1,0,0,0,0,0,1
2026-09-18,2026-09-17,MEOH,Basic Materials,61.03,908.16,4721.28,0.95,-0.78,0.33,-1.11,0.0,-2.69,0,0,0,0,0,0,0,0,0,0,0,0,0
2026-09-18,2026-09-17,MET,Financial,97.35,3542.76,61863.67,0.78,0.12,-0.6,0.73,0.26,0.59,0,0,0,0,0,0,0,0,0,0,0,0,0
2026-09-18,2026-09-17,META,Communication Services,682.31,18402.04,1738188.91,0.86,1.34,-0.02,1.36,-0.23,5.89,0,0,0,0,0,0,0,0,0,0,0,0,0
2026-09-18,2026-09-17,METC,Basic Materials,9.81,1985.84,572.22,0.95,-0.91,-2.39,1.52,0.41,-14.32,0,0,0,0,0,0,0,0,0,0,0,0,0
2026-09-18,2026-09-17,MFA,Real Estate,8.5,1596.69,859.24,1.05,0.59,-0.35,0.95,0.02,-0.7,0,0,0,0,0,0,0,0,0,0,0,0,0
2026-09-18,2026-09-17,MFC,Financial,44.05,2166.32,73089.96,1.01,0.8,0.16,0.64,0.18,1.31,0,0,0,0,0,0,0,0,0,0,0,0,0
2026-09-18,2026-09-17,MFG,Financial,11.07,3708.66,134696.44,0.51,1.28,-0.54,1.83,-0.18,0.09,0,0,0,0,0,0,0,0,0,0,0,0,0
2026-09-18,2026-09-17,MFIC,Financial,9.23,541.81,760.3,0.82,1.99,1.43,0.55,0.0,1.99,0,0,0,0,0,0,0,0,0,0,0,0,0
2026-09-18,2026-09-17,MFP,Industrials,44.99,904.92,2034.92,0.46,1.63,-0.86,2.51,0.0,8.23,0,0,0,0,0,0,0,0,0,0,0,0,0
2026-09-18,2026-09-17,MGA,Consumer Cyclical,64.82,1267.22,17206.47,0.7,1.69,-0.69,2.4,-1.5,-0.49,0,0,0,0,0,0,0,0,0,0,0,0,0
2026-09-18,2026-09-17,MGM,Consumer Cyclical,38.31,2508.08,9638.52,0.77,-0.21,-1.21,1.02,0.34,-5.94,0,0,0,0,0,0,0,0,0,0,0,0,0
2026-09-18,2026-09-17,MGNI,Communication Services,25.63,2668.79,3675.96,2.56,7.78,-3.74,11.96,1.4,8.83,1,0,0,1,0,0,1,1,0,0,0,0,1
2026-09-18,2026-09-17,MGTX,Healthcare,13.05,855.52,1253.36,1.11,2.27,-1.21,3.53,-0.31,1.56,0,0,0,0,0,0,1,0,0,0,0,0,1
2026-09-18,2026-09-17,MGY,Energy,25.68,4682.06,6085.35,0.86,-1.61,-0.47,-1.15,0.35,-7.29,0,0,0,0,0,0,0,0,0,0,0,0,0
2026-09-18,2026-09-17,MH,Consumer Defensive,13.06,764.73,2498.49,0.42,-1.95,-1.28,-0.68,0.0,7.84,0,0,0,0,0,0,0,0,0,0,0,0,0
2026-09-18,2026-09-17,MHK,Consumer Cyclical,128.39,909.09,8696.9,1.02,0.54,-2.52,3.14,0.0,3.34,0,0,0,0,0,0,1,0,0,0,0,0,1
2026-09-18,2026-09-17,MIAX,Financial,37.66,1699.77,3737.03,0.85,-1.0,-2.11,1.13,0.64,-11.47,0,0,0,0,0,0,0,0,0,0,0,0,0
2026-09-18,2026-09-17,MICC,Consumer Defensive,18.93,1017.12,11590.08,0.96,0.69,-1.15,1.86,0.0,-2.92,0,0,0,0,0,0,0,0,0,0,0,0,0
2026-09-18,2026-09-17,MIDD,Industrials,111.34,698.85,5035.05,0.78,-0.86,-1.78,0.93,0.0,5.32,0,0,0,0,0,0,0,0,0,0,0,0,0
2026-09-18,2026-09-17,MIR,Industrials,16.24,4049.55,4044.38,0.91,2.53,0.37,2.15,0.68,2.53,0,0,0,0,0,0,0,0,0,0,0,0,0
2026-09-18,2026-09-17,MIRM,Healthcare,98.82,772.91,6416.6,1.21,1.49,-0.71,2.22,0.0,-1.78,0,0,0,0,0,0,0,0,0,0,0,0,0
2026-09-18,2026-09-17,MITK,Technology,17.3,821.43,780.62,1.14,-2.26,-2.64,0.4,1.91,1.17,0,0,0,0,0,0,0,0,0,0,0,0,0
2026-09-18,2026-09-17,MKC,Consumer Defensive,49.7,3637.32,13396.29,0.76,-0.72,-1.51,0.8,0.0,-2.74,0,0,0,0,0,0,0,0,0,0,0,0,0
2026-09-18,2026-09-17,MKSI,Technology,240.23,1464.2,16243.77,0.7,2.1,-2.15,4.34,-0.44,-8.25,0,0,0,0,0,0,1,0,0,0,0,0,1
2026-09-18,2026-09-17,MKTX,Financial,163.32,1045.12,5747.7,0.39,-0.02,-0.02,0.01,0.0,0.14,0,0,0,0,0,0,0,0,0,0,0,0,0
2026-09-18,2026-09-17,MLI,Industrials,60.33,1506.36,13343.87,1.01,-0.35,-2.11,1.8,-0.55,0.28,0,0,0,0,0,0,0,0,0,0,0,0,0
2026-09-18,2026-09-17,MLKN,Consumer Cyclical,21.15,742.98,1453.7,0.89,0.86,-1.44,2.34,1.42,1.68,0,0,0,0,0,0,0,0,0,0,0,0,0
2026-09-18,2026-09-17,MLM,Basic Materials,494.44,650.23,35115.29,1.1,-0.47,-2.16,1.74,0.0,-1.6,0,0,0,0,0,0,0,0,0,0,0,0,0
2026-09-18,2026-09-17,MLTX,Healthcare,12.35,1395.31,1051.07,1.65,-0.88,-2.45,1.61,1.21,-6.3,0,0,0,0,0,0,0,0,0,0,0,0,0
2026-09-18,2026-09-17,MLYS,Healthcare,27.98,1115.81,2473.63,1.02,1.6,0.11,1.49,0.0,-4.51,0,0,0,0,0,0,0,0,0,0,0,0,0
2026-09-18,2026-09-17,MMED,Healthcare,22.03,1551.58,6198.14,1.76,-1.65,-2.39,0.76,0.0,-1.83,0,0,0,0,0,0,0,0,0,0,0,0,0
2026-09-18,2026-09-17,MMM,Industrials,164.71,3285.49,84944.64,0.73,1.27,-0.08,1.35,-0.22,1.14,0,0,0,0,0,0,0,0,0,0,0,0,0
2026-09-18,2026-09-17,MMS,Industrials,56.81,675.96,2974.44,0.9,-1.39,-1.46,0.07,0.0,0.5,0,0,0,0,0,0,0,0,0,0,0,0,0
2026-09-18,2026-09-17,MMSI,Healthcare,85.57,866.43,5109.43,0.37,-0.66,-0.96,0.3,0.0,-1.04,0,0,0,0,0,0,0,0,0,0,0,0,0
2026-09-18,2026-09-17,MMYT,Consumer Cyclical,47.87,825.09,4502.59,0.53,0.02,-1.97,2.03,0.0,-2.47,0,0,0,0,0,0,0,0,0,0,0,0,0
2026-09-18,2026-09-17,MNDY,Technology,90.29,1362.75,3816.93,0.62,-4.01,-2.44,-1.61,0.01,6.01,0,0,0,0,0,0,0,0,0,0,0,0,0
2026-09-18,2026-09-17,MNR,Energy,10.97,539.85,1831.42,3.02,0.64,-0.27,0.92,0.27,-12.73,1,1,0,0,0,0,0,0,0,0,0,0,1
2026-09-18,2026-09-17,MNRO,Consumer Cyclical,12.25,1077.99,382.99,0.98,0.57,-0.89,1.48,0.0,-2.55,0,0,0,0,0,0,0,0,0,0,0,0,0
2026-09-18,2026-09-17,MNSO,Consumer Cyclical,8.8,807.79,2586.14,0.8,0.34,-0.79,1.14,1.01,-2.87,0,0,0,0,0,0,0,0,0,0,0,0,0
2026-09-18,2026-09-17,MNST,Consumer Defensive,44.51,11041.06,87197.39,0.83,-0.13,-0.6,0.47,-0.0,3.3,0,0,0,0,0,0,0,0,0,0,0,0,0
2026-09-18,2026-09-17,MNTN,Technology,11.33,1165.87,847.52,0.51,-1.73,-3.62,1.95,0.0,-2.91,0,0,0,0,0,0,0,0,0,0,0,0,0
2026-09-18,2026-09-17,MO,Consumer Defensive,69.7,8656.8,116381.14,1.14,-0.57,-0.2,-0.37,-0.01,1.32,0,0,0,0,0,0,0,0,0,0,0,0,0
2026-09-18,2026-09-17,MOD,Consumer Cyclical,184.86,1534.26,9818.42,0.63,2.03,-1.95,4.06,1.56,3.12,0,0,0,0,0,0,1,0,0,0,0,0,1
2026-09-18,2026-09-17,MOH,Healthcare,205.09,1019.67,10705.69,0.5,1.42,1.03,0.39,-0.04,2.4,0,0,0,0,0,0,0,0,0,0,0,0,0
2026-09-18,2026-09-17,MOS,Basic Materials,25.39,8459.49,8071.37,0.56,2.42,1.28,1.13,0.59,-0.04,0,0,0,0,0,0,0,0,0,0,0,0,0
2026-09-18,2026-09-17,MP,Basic Materials,49.38,5776.32,8794.66,0.7,0.8,-2.06,2.92,0.61,-3.78,0,0,0,0,0,0,0,0,0,0,0,0,0
2026-09-18,2026-09-17,MPC,Energy,421.96,2388.83,118496.8,1.13,1.94,3.23,-1.25,0.33,7.53,0,0,0,0,0,0,0,0,0,0,0,0,0
2026-09-18,2026-09-17,MPLT,Healthcare,11.32,884.66,598.24,0.62,-0.7,-2.16,1.49,0.0,-17.88,0,0,0,0,0,0,0,0,0,0,0,0,0
2026-09-18,2026-09-17,MPLX,Energy,58.62,1382.37,59432.37,0.68,1.19,0.67,0.52,0.14,-1.69,0,0,0,0,0,0,0,0,0,0,0,0,0
2026-09-18,2026-09-17,MPWR,Technology,1169.58,886.1,57476.67,1.07,1.91,-1.15,3.1,-0.05,-1.39,0,0,0,0,0,0,1,0,0,0,0,0,1
2026-09-18,2026-09-17,MQ,Technology,15.83,1009.9,1647.88,0.5,-0.38,-1.19,0.82,0.0,-2.01,0,0,0,0,0,0,0,0,0,0,0,0,0
2026-09-18,2026-09-17,MRAM,Technology,14.81,1324.8,360.62,0.48,3.06,-2.05,5.22,-0.41,-7.03,0,0,0,0,0,0,1,1,0,0,0,0,1
2026-09-18,2026-09-17,MRCY,Industrials,86.18,748.6,5182.53,0.77,-1.23,-3.46,2.32,-0.21,7.15,0,0,0,0,0,0,0,0,0,0,0,0,0
2026-09-18,2026-09-17,MRK,Healthcare,147.15,10160.29,363044.29,1.09,1.55,0.97,0.57,0.06,1.69,0,0,0,0,0,0,0,0,0,0,0,0,0
2026-09-18,2026-09-17,MRNA,Healthcare,158.07,16158.37,63107.22,1.19,8.55,3.65,4.72,0.43,15.7,0,0,0,1,1,0,1,0,0,0,1,0,1
2026-09-18,2026-09-17,MRP,Real Estate,28.79,1346.38,4440.22,0.88,-0.55,-1.74,1.21,0.42,-2.7,0,0,0,0,0,0,0,0,0,0,0,0,0
2026-09-18,2026-09-17,MRSH,Financial,174.58,2404.24,83311.54,1.3,-1.23,-0.89,-0.35,0.0,-1.53,0,0,0,0,0,0,0,0,0,0,0,0,0
2026-09-18,2026-09-17,MRTN,Industrials,13.55,694.87,1106.51,1.5,-0.95,-1.88,0.95,0.0,-2.66,0,0,0,0,0,0,0,0,0,0,0,0,0
2026-09-18,2026-09-17,MRVI,Healthcare,7.27,3508.72,1887.83,0.98,6.29,4.15,2.05,0.14,8.02,0,0,0,1,0,0,0,0,0,0,0,0,1
2026-09-18,2026-09-17,MRVL,Technology,240.76,29752.76,211122.44,0.7,4.81,0.29,4.51,-0.52,6.08,0,0,0,0,0,0,1,0,0,0,0,0,1
2026-09-18,2026-09-17,MRX,Financial,73.27,811.26,5270.38,1.23,1.23,0.59,0.64,0.0,-1.11,0,0,0,0,0,0,0,0,0,0,0,0,0
2026-09-18,2026-09-17,MS,Financial,203.52,5315.46,319641.65,0.9,0.54,-0.75,1.3,-0.0,-4.3,0,0,0,0,0,0,0,0,0,0,0,0,0
2026-09-18,2026-09-17,MSCI,Financial,549.47,680.09,39946.46,1.01,1.64,1.06,0.58,0.0,0.34,0,0,0,0,0,0,0,0,0,0,0,0,0
2026-09-18,2026-09-17,MSFT,Technology,497.75,34781.86,3696065.22,0.51,1.52,-0.01,1.53,-0.26,1.08,0,0,0,0,0,0,0,0,0,0,0,0,0
2026-09-18,2026-09-17,MSI,Technology,459.68,1005.41,76074.18,0.57,-0.18,-0.27,0.08,-0.09,-0.91,0,0,0,0,0,0,0,0,0,0,0,0,0
2026-09-18,2026-09-17,MSM,Industrials,121.76,717.32,6799.84,0.76,1.06,-0.45,1.52,0.0,1.74,0,0,0,0,0,0,0,0,0,0,0,0,0
2026-09-18,2026-09-17,MSTR,Technology,132.25,23457.44,50813.83,0.79,4.81,1.81,2.95,-0.57,2.87,0,0,0,0,0,0,0,0,0,0,0,0,0
2026-09-18,2026-09-17,MT,Basic Materials,75.18,1500.38,56688.73,0.89,2.68,-0.12,2.8,0.0,0.16,0,0,0,0,0,0,0,0,0,0,0,0,0
2026-09-18,2026-09-17,MTB,Financial,226.36,1097.6,32690.07,1.06,0.15,-0.47,0.62,0.0,-5.3,0,0,0,0,0,0,0,0,0,0,0,0,0
2026-09-18,2026-09-17,MTCH,Communication Services,43.77,3378.0,10047.44,0.99,0.44,-0.27,0.71,-0.09,4.66,0,0,0,0,0,0,0,0,0,0,0,0,0
2026-09-18,2026-09-17,MTDR,Energy,57.67,1993.93,7136.9,0.69,-0.1,0.95,-1.04,0.0,-6.41,0,0,0,0,0,0,0,0,0,0,0,0,0
2026-09-18,2026-09-17,MTG,Financial,29.67,1819.14,6086.05,1.26,0.58,0.14,0.44,0.0,-3.79,0,0,0,0,0,0,0,0,0,0,0,0,0
2026-09-18,2026-09-17,MTH,Consumer Cyclical,64.62,836.97,4211.56,0.83,1.03,-1.54,2.61,0.0,4.31,0,0,0,0,0,0,0,0,0,0,0,0,0
2026-09-18,2026-09-17,MTN,Consumer Cyclical,137.76,703.91,4908.87,1.39,-1.68,-3.57,1.96,0.0,3.32,0,0,0,0,0,0,0,0,0,0,0,0,0
2026-09-18,2026-09-17,MTSI,Technology,263.14,1545.87,20096.25,0.86,4.52,1.08,3.4,0.0,-3.41,0,0,0,0,0,0,1,0,0,0,0,0,1
2026-09-18,2026-09-17,MTZ,Industrials,207.75,1427.8,16683.35,2.73,-7.92,-11.39,3.92,0.24,-10.53,1,0,0,1,0,0,1,0,0,0,0,0,1
2026-09-18,2026-09-17,MU,Technology,977.5,39937.53,1103981.72,0.55,5.5,2.4,3.02,0.24,0.01,0,0,0,1,0,0,1,0,0,0,0,0,1
2026-09-18,2026-09-17,MUFG,Financial,23.5,3147.19,264511.3,0.84,1.38,-0.17,1.55,-0.04,0.9,0,0,0,0,0,0,0,0,0,0,0,0,0
2026-09-18,2026-09-17,MUR,Energy,37.69,1772.2,5404.03,0.68,-1.31,0.51,-1.81,0.0,-2.94,0,0,0,0,0,0,0,0,0,0,0,0,0
2026-09-18,2026-09-17,MUX,Basic Materials,18.59,1132.33,1140.66,1.17,2.26,-1.33,3.63,-0.17,-4.91,0,0,0,0,0,0,1,0,0,0,0,0,1
2026-09-18,2026-09-17,MWA,Industrials,21.85,1173.73,3411.35,1.35,-3.91,-2.41,-1.54,-0.18,-7.77,0,0,0,0,0,0,0,0,0,0,0,0,0
2026-09-18,2026-09-17,MWH,Utilities,25.72,2004.5,5205.51,0.33,-1.04,-4.17,3.27,1.09,4.98,0,0,0,0,0,0,1,0,0,0,0,0,1
2026-09-18,2026-09-17,MXL,Technology,74.99,3251.12,6801.08,0.81,7.88,2.73,5.02,-0.34,8.15,0,0,0,1,0,0,1,1,0,0,0,0,1
2026-09-18,2026-09-17,NAMS,Healthcare,21.93,1183.91,2621.45,1.95,3.54,1.57,1.94,0.32,0.32,0,0,0,0,0,0,0,0,0,0,0,0,0
2026-09-18,2026-09-17,NAT,Energy,8.15,4061.98,1725.77,1.53,2.0,1.62,0.38,1.1,13.04,0,0,0,0,0,0,0,0,0,0,0,0,0
2026-09-18,2026-09-17,NATL,Technology,45.75,701.42,3380.78,0.79,-0.72,-1.1,0.39,0.0,-1.08,0,0,0,0,0,0,0,0,0,0,0,0,0
2026-09-18,2026-09-17,NAVI,Financial,9.84,1164.57,922.83,1.59,1.03,-0.3,1.33,0.0,7.54,0,0,0,0,0,0,0,0,0,0,0,0,0
2026-09-18,2026-09-17,NAVN,Technology,22.13,3943.31,5767.87,0.87,-1.78,-2.38,0.62,0.61,9.23,0,0,0,0,0,0,0,0,0,0,0,0,0
2026-09-18,2026-09-17,NBIS,Technology,217.99,20687.1,59261.72,1.48,4.12,-5.23,9.86,-1.1,-4.44,0,0,0,0,0,0,1,1,0,0,0,0,1
2026-09-18,2026-09-17,NBIX,Healthcare,151.83,1225.0,15433.39,0.96,1.56,0.46,1.1,0.0,-3.03,0,0,0,0,0,0,0,0,0,0,0,0,0
2026-09-18,2026-09-17,NCLH,Consumer Cyclical,14.39,15477.89,6607.71,1.06,-0.96,-3.62,2.75,0.07,-1.24,0,0,0,0,0,0,0,0,0,0,0,0,0
2026-09-18,2026-09-17,NCNO,Technology,21.41,2917.16,2263.82,0.72,-1.34,-0.93,-0.41,-0.05,-0.09,0,0,0,0,0,0,0,0,0,0,0,0,0
2026-09-18,2026-09-17,NDAQ,Financial,91.31,3804.38,51040.22,1.0,2.87,2.63,0.24,0.03,-0.76,0,0,0,0,0,0,0,0,0,0,0,0,0
2026-09-18,2026-09-17,NE,Energy,44.18,1525.02,7053.0,0.5,-0.36,-0.41,0.05,-0.41,-3.41,0,0,0,0,0,0,0,0,0,0,0,0,0
2026-09-18,2026-09-17,NEE,Utilities,81.28,11064.5,169548.31,0.83,1.13,0.56,0.57,-0.01,-1.41,0,0,0,0,0,0,0,0,0,0,0,0,0
2026-09-18,2026-09-17,NEM,Basic Materials,124.39,8016.53,131068.78,0.67,2.16,-0.88,3.07,0.01,-1.39,0,0,0,0,0,0,1,0,0,0,0,0,1
2026-09-18,2026-09-17,NEO,Healthcare,19.89,2774.97,2555.37,0.72,5.02,4.08,0.9,0.0,12.95,0,0,0,1,0,0,0,0,0,0,0,0,1
2026-09-18,2026-09-17,NEOG,Healthcare,12.83,2102.73,2798.3,1.7,2.23,0.63,1.59,0.77,9.01,0,0,0,0,0,0,0,0,0,0,0,0,0
2026-09-18,2026-09-17,NESR,Energy,32.49,2148.76,3276.67,1.17,3.18,0.65,2.51,0.55,-3.93,0,0,0,0,0,0,0,0,0,0,0,0,0
2026-09-18,2026-09-17,NET,Technology,333.94,3432.84,118909.26,0.88,2.86,4.16,-1.25,0.26,7.32,0,0,0,0,0,0,0,0,0,0,0,0,0
2026-09-18,2026-09-17,NEWP,Basic Materials,5.89,698.91,1093.13,1.3,6.13,3.15,2.88,1.36,0.68,0,0,0,1,0,0,0,0,0,0,0,0,1
2026-09-18,2026-09-17,NEXA,Basic Materials,12.92,734.86,1711.11,2.28,6.95,0.39,6.54,0.46,-1.67,1,0,0,1,0,0,1,1,0,0,0,0,1
2026-09-18,2026-09-17,NEXT,Energy,7.0,2700.0,1863.3,0.8,-0.85,-0.14,-0.71,0.14,-8.74,0,0,0,0,0,0,0,0,0,0,0,0,0
2026-09-18,2026-09-17,NFG,Energy,79.89,639.38,7593.15,1.73,-0.57,-0.42,-0.15,-0.1,-2.96,0,0,0,0,0,0,0,0,0,0,0,0,0
2026-09-18,2026-09-17,NFLX,Communication Services,75.31,39974.16,313586.31,0.7,-1.44,-2.07,0.65,0.17,-0.92,0,0,0,0,0,0,0,0,0,0,0,0,0
2026-09-18,2026-09-17,NG,Basic Materials,7.43,5346.56,3260.14,1.77,6.29,2.2,4.01,0.27,-2.37,0,0,0,1,0,0,1,0,0,0,0,0,1
2026-09-18,2026-09-17,NGG,Utilities,77.6,921.27,78016.71,1.08,2.06,0.82,1.24,-0.03,1.6,0,0,0,0,0,0,0,0,0,0,0,0,0
2026-09-18,2026-09-17,NHI,Real Estate,69.23,563.8,3399.92,1.34,1.57,1.57,0.0,0.0,-1.4,0,0,0,0,0,0,0,0,0,0,0,0,0
2026-09-18,2026-09-17,NHP,Real Estate,16.2,745.03,312.17,1.21,0.5,-0.25,0.74,-1.98,1.0,0,0,0,0,0,0,0,0,0,0,0,0,0
2026-09-18,2026-09-17,NI,Utilities,40.91,5330.95,19618.8,0.78,0.61,0.1,0.52,0.46,-1.23,0,0,0,0,0,0,0,0,0,0,0,0,0
2026-09-18,2026-09-17,NICE,Technology,105.26,543.58,6151.39,0.69,-0.16,-1.49,1.35,0.0,7.36,0,0,0,0,0,0,0,0,0,0,0,0,0
2026-09-18,2026-09-17,NIQ,Technology,17.95,1548.91,5294.45,0.66,0.67,0.0,0.67,0.0,1.7,0,0,0,0,0,0,0,0,0,0,0,0,0
2026-09-18,2026-09-17,NJR,Utilities,53.47,685.39,5425.5,1.08,-0.06,-1.56,1.53,0.0,0.24,0,0,0,0,0,0,0,0,0,0,0,0,0
2026-09-18,2026-09-17,NKE,Consumer Cyclical,36.36,26413.3,53940.01,1.72,1.62,-0.38,2.01,0.0,-0.71,0,0,0,0,0,0,0,0,0,0,0,0,0
2026-09-18,2026-09-17,NKTR,Healthcare,68.36,863.13,2334.01,1.47,1.45,0.6,0.85,0.47,-3.24,0,0,0,0,0,0,0,0,0,0,0,0,0
2026-09-18,2026-09-17,NLY,Real Estate,21.31,7666.21,16061.66,1.28,0.38,-1.25,1.65,0.56,-3.14,0,0,0,0,0,0,0,0,0,0,0,0,0
2026-09-18,2026-09-17,NMAX,Communication Services,10.26,1123.29,1325.19,0.92,-1.72,-3.21,1.53,0.0,-6.56,0,0,0,0,0,0,0,0,0,0,0,0,0
2026-09-18,2026-09-17,NMFC,Financial,7.13,589.18,673.44,1.14,2.0,1.42,0.57,0.0,-1.38,0,0,0,0,0,0,0,0,0,0,0,0,0
2026-09-18,2026-09-17,NMIH,Financial,42.92,531.47,3228.35,0.77,-0.19,-0.79,0.6,0.0,-2.87,0,0,0,0,0,0,0,0,0,0,0,0,0
2026-09-18,2026-09-17,NMR,Financial,10.23,935.92,29898.09,0.77,-2.11,-1.06,-1.05,3.52,-2.94,0,0,0,0,0,0,0,0,1,0,0,0,1
2026-09-18,2026-09-17,NMRK,Real Estate,13.84,1419.38,2507.29,2.27,-2.5,-4.26,1.83,0.83,-2.36,1,0,0,0,0,0,0,0,0,0,0,0,1
2026-09-18,2026-09-17,NN,Technology,14.92,2603.57,2518.64,0.66,2.05,1.36,0.68,0.0,0.61,0,0,0,0,0,0,0,0,0,0,0,0,0
2026-09-18,2026-09-17,NNE,Industrials,16.97,2150.1,911.26,1.09,8.5,4.62,3.71,0.06,-2.25,0,0,0,1,1,0,1,0,0,0,0,0,1
2026-09-18,2026-09-17,NNN,Real Estate,41.66,1489.15,7995.86,1.76,0.02,-0.48,0.5,1.42,-4.99,0,0,0,0,0,0,0,0,0,0,0,0,0
2026-09-18,2026-09-17,NOC,Industrials,524.0,869.46,74441.03,1.27,-1.28,-1.17,-0.11,0.19,0.97,0,0,0,0,0,0,0,0,0,0,0,0,0
2026-09-18,2026-09-17,NOG,Energy,25.19,2832.82,2683.97,0.76,-0.51,0.52,-1.03,1.59,-4.26,0,0,0,0,0,0,0,0,0,0,0,0,0
2026-09-18,2026-09-17,NOK,Technology,10.6,85448.8,59345.69,1.69,4.54,-1.03,5.62,0.28,-0.19,0,0,0,0,0,0,1,1,0,0,0,0,1
2026-09-18,2026-09-17,NOMD,Consumer Defensive,10.74,1577.19,1501.35,0.68,-2.27,-3.24,1.0,0.0,-3.16,0,0,0,0,0,0,0,0,0,0,0,0,0
2026-09-18,2026-09-17,NOV,Energy,20.53,3666.76,7318.5,0.69,-0.1,-0.34,0.24,0.0,-3.71,0,0,0,0,0,0,0,0,0,0,0,0,0
2026-09-18,2026-09-17,NOW,Technology,138.47,20935.61,143177.98,0.47,-0.97,-0.43,-0.54,0.29,5.57,0,0,0,0,0,0,0,0,0,0,0,0,0
2026-09-18,2026-09-17,NP,Financial,30.21,705.82,4145.81,0.59,-1.02,-4.7,3.87,0.0,-2.99,0,0,0,0,0,0,1,0,0,0,0,0,1
2026-09-18,2026-09-17,NPKI,Industrials,12.75,945.79,1082.6,0.91,-1.24,-1.92,0.7,0.0,-3.34,0,0,0,0,0,0,0,0,0,0,0,0,0
2026-09-18,2026-09-17,NRDS,Communication Services,9.2,684.92,588.1,0.79,-2.23,-3.36,1.17,-1.2,-1.29,0,0,0,0,0,0,0,0,0,0,0,0,0
2026-09-18,2026-09-17,NRG,Utilities,106.23,2851.61,22330.66,1.16,-1.07,-3.2,2.2,0.25,-4.85,0,0,0,0,0,0,0,0,0,0,0,0,0
2026-09-18,2026-09-17,NRIX,Healthcare,25.5,1478.27,2646.43,1.02,1.39,-1.12,2.54,-1.41,-1.2,0,0,0,0,0,0,0,0,0,0,0,0,0
2026-09-18,2026-09-17,NSC,Industrials,318.97,1175.43,71643.33,0.63,0.62,0.04,0.58,0.0,-1.34,0,0,0,0,0,0,0,0,0,0,0,0,0
2026-09-18,2026-09-17,NSP,Industrials,49.96,579.72,1908.23,0.75,-2.97,-2.06,-0.93,-0.62,0.28,0,0,0,0,0,0,0,0,0,0,0,0,0
2026-09-18,2026-09-17,NTAP,Technology,196.92,2685.75,38678.83,0.71,2.84,1.67,1.14,0.0,7.25,0,0,0,0,0,0,0,0,0,0,0,0,0
2026-09-18,2026-09-17,NTCT,Technology,39.27,627.67,2855.22,1.32,1.97,1.11,0.86,0.0,4.89,0,0,0,0,0,0,0,0,0,0,0,0,0
2026-09-18,2026-09-17,NTES,Communication Services,116.62,878.75,74277.61,0.55,-0.99,-0.56,-0.43,-0.33,0.86,0,0,0,0,0,0,0,0,0,0,0,0,0
2026-09-18,2026-09-17,NTLA,Healthcare,12.26,4134.58,1717.96,1.39,6.7,2.25,4.35,0.9,2.77,0,0,0,1,0,0,1,0,0,0,0,0,1
2026-09-18,2026-09-17,NTNX,Technology,69.97,3067.03,18914.33,0.83,1.85,1.95,-0.1,0.01,6.96,0,0,0,0,0,0,0,0,0,0,0,0,0
2026-09-18,2026-09-17,NTR,Basic Materials,78.92,2697.64,37661.41,0.55,1.6,1.82,-0.22,0.23,0.23,0,0,0,0,0,0,0,0,0,0,0,0,0
2026-09-18,2026-09-17,NTRA,Healthcare,366.31,1393.89,52801.45,1.84,6.07,4.51,1.49,0.07,12.32,0,0,0,1,0,0,0,0,0,0,0,0,1
2026-09-18,2026-09-17,NTSK,Technology,17.21,5695.23,7031.79,1.3,-0.46,0.53,-0.98,0.15,13.97,0,0,0,0,0,0,0,0,0,0,0,0,0
2026-09-18,2026-09-17,NTST,Real Estate,18.23,2014.63,1858.98,0.79,-0.11,-0.38,0.27,0.0,-7.6,0,0,0,0,0,0,0,0,0,0,0,0,0
2026-09-18,2026-09-17,NU,Financial,13.84,77719.25,66853.9,1.17,0.22,-1.04,1.27,0.36,-7.86,0,0,0,0,0,0,0,0,0,0,0,0,0
2026-09-18,2026-09-17,NUAI,Technology,5.81,7427.28,619.11,0.77,7.39,1.04,6.28,0.17,-2.02,0,0,0,1,0,0,1,1,0,0,0,0,1
2026-09-18,2026-09-17,NUE,Basic Materials,265.14,1499.64,60153.82,0.65,1.71,0.34,1.37,-3.45,3.79,0,0,0,0,0,0,0,0,1,0,0,0,1
2026-09-18,2026-09-17,NUVB,Healthcare,6.07,6805.31,2137.39,0.84,5.02,1.85,3.11,1.48,-3.34,0,0,0,1,0,0,1,0,0,0,0,0,1
2026-09-18,2026-09-17,NVAX,Healthcare,10.0,4315.41,1649.45,2.06,6.95,4.0,2.83,0.1,7.53,1,0,0,1,0,0,0,0,0,0,0,0,1
2026-09-18,2026-09-17,NVCR,Healthcare,16.72,1558.24,1946.97,0.95,3.08,0.84,2.22,-0.3,8.93,0,0,0,0,0,0,0,0,0,0,0,0,0
2026-09-18,2026-09-17,NVDA,Technology,219.34,130638.6,5286093.91,0.72,2.54,0.44,2.09,-0.06,0.45,0,0,0,0,0,0,0,0,0,0,0,0,0
2026-09-18,2026-09-17,NVMI,Technology,348.07,543.19,11062.7,0.98,2.6,-0.05,2.65,0.0,-4.91,0,0,0,0,0,0,0,0,0,0,0,0,0
2026-09-18,2026-09-17,NVO,Healthcare,43.19,11458.4,144508.55,1.13,3.55,2.88,0.65,0.44,-1.86,0,0,0,0,0,0,0,0,0,0,0,0,0
2026-09-18,2026-09-17,NVS,Healthcare,140.92,2088.92,257961.1,0.82,1.6,0.57,1.02,0.14,2.5,0,0,0,0,0,0,0,0,0,0,0,0,0
2026-09-18,2026-09-17,NVST,Healthcare,23.69,2745.01,3805.03,1.69,-5.13,-5.81,0.72,0.87,-8.43,0,0,0,1,0,0,0,0,0,0,0,0,1
2026-09-18,2026-09-17,NVT,Industrials,151.33,2325.51,24493.96,0.82,2.49,-0.74,3.26,-0.22,-2.47,0,0,0,0,0,0,1,0,0,0,0,0,1
2026-09-18,2026-09-17,NVTS,Technology,11.14,15097.1,2908.58,0.71,6.3,1.55,4.68,0.0,-0.09,0,0,0,1,0,0,1,0,0,0,0,0,1
2026-09-18,2026-09-17,NWBI,Financial,15.38,1098.03,2252.54,0.81,-0.45,-1.22,0.78,0.0,-0.71,0,0,0,0,0,0,0,0,0,0,0,0,0
2026-09-18,2026-09-17,NWG,Financial,18.94,3940.44,75160.36,0.82,1.72,0.05,1.66,0.0,2.82,0,0,0,0,0,0,0,0,0,0,0,0,0
2026-09-18,2026-09-17,NWL,Consumer Defensive,5.61,10417.23,2389.3,0.32,-1.41,-3.44,2.11,-1.07,-4.43,0,0,0,0,0,0,0,0,0,0,0,0,0
2026-09-18,2026-09-17,NWS,Communication Services,33.37,1425.75,16885.74,0.56,-0.21,-0.45,0.24,0.0,1.8,0,0,0,0,0,0,0,0,0,0,0,0,0
2026-09-18,2026-09-17,NWSA,Communication Services,30.18,4556.15,16915.55,0.58,-0.03,0.15,-0.18,0.0,2.72,0,0,0,0,0,0,0,0,0,0,0,0,0
2026-09-18,2026-09-17,NXE,Energy,9.45,5008.68,6336.32,0.55,0.75,-1.87,2.67,0.98,-7.44,0,0,0,0,0,0,0,0,0,0,0,0,0
2026-09-18,2026-09-17,NXPI,Technology,227.95,3930.68,57480.82,1.29,4.1,2.61,1.45,-0.39,0.66,0,0,0,0,0,0,0,0,0,0,0,0,0
2026-09-18,2026-09-17,NXT,Technology,83.36,2954.23,12648.17,0.82,6.83,2.85,3.87,0.0,2.47,0,0,0,1,0,0,1,0,0,0,0,0,1
2026-09-18,2026-09-17,NYT,Communication Services,69.94,2014.19,11280.17,1.62,-3.41,-3.42,0.01,0.51,5.06,0,0,0,0,0,0,0,0,0,0,0,0,0
2026-09-18,2026-09-17,O,Real Estate,57.32,5774.86,54237.33,1.46,0.3,-0.56,0.86,0.21,-3.78,0,0,0,0,0,0,0,0,0,0,0,0,0
2026-09-18,2026-09-17,OBDC,Financial,11.35,3727.89,5597.16,0.8,2.16,1.16,0.99,0.0,2.62,0,0,0,0,0,0,0,0,0,0,0,0,0
2026-09-18,2026-09-17,OBE,Energy,12.13,830.77,809.43,0.94,-0.08,1.08,-1.15,0.08,-4.79,0,0,0,0,0,0,0,0,0,0,0,0,0
2026-09-18,2026-09-17,OC,Industrials,124.5,1090.98,9841.56,0.91,-1.65,-4.16,2.61,0.35,-2.35,0,0,0,0,0,0,0,0,0,0,0,0,0
2026-09-18,2026-09-17,OCFC,Financial,18.13,1008.48,1785.03,0.82,-0.66,-1.84,1.21,0.0,-3.26,0,0,0,0,0,0,0,0,0,0,0,0,0
2026-09-18,2026-09-17,OCSL,Financial,12.61,523.83,1110.76,0.72,1.45,1.29,0.16,0.0,0.48,0,0,0,0,0,0,0,0,0,0,0,0,0
2026-09-18,2026-09-17,OCTV,Technology,18.53,1732.14,4974.15,1.54,1.42,2.83,-1.37,0.0,7.42,0,0,0,0,0,0,0,0,0,0,0,0,0
2026-09-18,2026-09-17,OCUL,Healthcare,10.14,2646.73,2226.91,0.87,2.74,0.3,2.43,1.97,-4.52,0,0,0,0,0,0,0,0,0,0,0,0,0
2026-09-18,2026-09-17,ODD,Consumer Defensive,19.27,1281.57,888.82,1.32,6.23,4.44,1.71,0.21,20.36,0,0,0,1,0,0,0,0,0,0,1,0,1
2026-09-18,2026-09-17,ODFL,Industrials,175.09,1736.05,36306.07,0.92,0.42,-1.19,1.62,-0.62,-3.02,0,0,0,0,0,0,0,0,0,0,0,0,0
2026-09-18,2026-09-17,OEC,Basic Materials,5.83,566.59,329.53,0.71,1.39,0.34,1.04,0.0,0.69,0,0,0,0,0,0,0,0,0,0,0,0,0
2026-09-18,2026-09-17,OGC,Basic Materials,28.87,501.49,6422.13,1.16,1.65,-1.74,3.45,0.0,-3.8,0,0,0,0,0,0,1,0,0,0,0,0,1
2026-09-18,2026-09-17,OGE,Utilities,46.3,1431.93,9564.71,0.77,0.63,0.06,0.57,0.0,-0.62,0,0,0,0,0,0,0,0,0,0,0,0,0
2026-09-18,2026-09-17,OGN,Healthcare,13.69,2772.06,3595.12,0.46,0.15,0.15,0.0,-0.29,0.44,0,0,0,0,0,0,0,0,0,0,0,0,0
2026-09-18,2026-09-17,OGS,Utilities,76.24,578.76,4792.16,0.76,-0.27,-0.53,0.26,0.0,-2.46,0,0,0,0,0,0,0,0,0,0,0,0,0
2026-09-18,2026-09-17,OHI,Real Estate,47.37,1915.12,14353.73,1.04,0.98,1.22,-0.23,0.0,0.89,0,0,0,0,0,0,0,0,0,0,0,0,0
2026-09-18,2026-09-17,OI,Consumer Cyclical,6.2,3302.76,952.69,1.14,0.81,-0.64,1.46,0.0,-6.49,0,0,0,0,0,0,0,0,0,0,0,0,0
2026-09-18,2026-09-17,OII,Energy,46.2,1093.13,4598.27,0.73,-0.88,-1.7,0.84,-0.26,-8.64,0,0,0,0,0,0,0,0,0,0,0,0,0
2026-09-18,2026-09-17,OIS,Energy,8.4,640.57,506.71,0.71,-0.47,-0.59,0.12,0.12,-2.21,0,0,0,0,0,0,0,0,0,0,0,0,0
2026-09-18,2026-09-17,OKE,Energy,93.22,3696.55,58763.06,0.95,0.56,1.16,-0.59,0.52,-2.61,0,0,0,0,0,0,0,0,0,0,0,0,0
2026-09-18,2026-09-17,OKLO,Utilities,39.65,9768.99,7375.6,1.78,11.31,7.22,3.82,-0.1,-0.58,0,0,0,1,1,1,1,0,0,0,0,0,1
2026-09-18,2026-09-17,OKTA,Technology,190.02,3437.29,33219.44,1.09,1.01,3.84,-2.72,0.15,11.05,0,0,0,0,0,0,0,0,0,0,0,0,0
2026-09-18,2026-09-17,OLED,Technology,77.33,779.92,3554.62,0.83,1.34,-0.28,1.63,1.28,-4.72,0,0,0,0,0,0,0,0,0,0,0,0,0
2026-09-18,2026-09-17,OLLI,Consumer Defensive,76.2,1946.7,4526.46,0.76,4.06,1.98,2.03,0.0,5.95,0,0,0,0,0,0,0,0,0,0,0,0,0
2026-09-18,2026-09-17,OLMA,Healthcare,9.9,1272.08,866.22,0.86,1.75,0.1,1.64,0.0,-7.39,0,0,0,0,0,0,0,0,0,0,0,0,0
2026-09-18,2026-09-17,OLN,Basic Materials,17.01,3191.52,1938.84,0.96,-0.06,-0.82,0.76,0.69,-1.73,0,0,0,0,0,0,0,0,0,0,0,0,0
2026-09-18,2026-09-17,OMC,Communication Services,78.6,3459.59,21563.6,0.55,-0.92,-1.16,0.24,0.37,-1.07,0,0,0,0,0,0,0,0,0,0,0,0,0
2026-09-18,2026-09-17,OMCL,Healthcare,32.62,742.12,1487.96,0.53,0.59,-0.43,1.02,0.0,1.15,0,0,0,0,0,0,0,0,0,0,0,0,0
2026-09-18,2026-09-17,OMDA,Healthcare,19.83,1318.0,1213.93,1.0,0.35,-0.85,1.21,0.0,-7.77,0,0,0,0,0,0,0,0,0,0,0,0,0
2026-09-18,2026-09-17,OMER,Healthcare,18.45,1938.07,1335.56,1.32,6.4,5.31,1.04,0.22,-0.75,0,0,0,1,0,0,0,0,0,0,0,0,1
2026-09-18,2026-09-17,OMF,Financial,60.94,1016.22,7010.63,0.69,0.61,-0.96,1.58,-0.31,-1.8,0,0,0,0,0,0,0,0,0,0,0,0,0
2026-09-18,2026-09-17,ON,Technology,68.3,10814.59,26589.99,1.54,2.55,0.26,2.29,0.44,-2.66,0,0,0,0,0,0,0,0,0,0,0,0,0
2026-09-18,2026-09-17,ONB,Financial,25.32,4187.09,9686.68,0.92,0.04,-0.59,0.63,0.0,-1.09,0,0,0,0,0,0,0,0,0,0,0,0,0
2026-09-18,2026-09-17,ONDS,Technology,7.39,81707.1,4224.13,0.82,2.64,-1.07,3.75,0.0,1.93,0,0,0,0,0,0,1,0,0,0,0,0,1
2026-09-18,2026-09-17,ONON,Consumer Cyclical,27.33,6701.51,9001.75,1.52,0.66,-0.98,1.66,-0.29,1.79,0,0,0,0,0,0,0,0,0,0,0,0,0
2026-09-18,2026-09-17,ONT,Industrials,17.58,691.22,617.37,0.81,0.29,-3.19,3.59,0.0,-3.19,0,0,0,0,0,0,1,0,0,0,0,0,1
2026-09-18,2026-09-17,ONTO,Technology,250.03,1182.17,12270.03,0.53,2.62,-1.66,4.36,0.03,-7.02,0,0,0,0,0,0,1,0,0,0,0,0,1
2026-09-18,2026-09-17,OPCH,Healthcare,24.5,2284.13,3669.73,1.67,0.12,0.45,-0.33,0.0,3.68,0,0,0,0,0,0,0,0,0,0,0,0,0
2026-09-18,2026-09-17,OPFI,Financial,7.04,896.78,599.86,0.99,0.14,-1.95,2.13,0.28,-7.25,0,0,0,0,0,0,0,0,0,0,0,0,0
2026-09-18,2026-09-17,OPLN,Consumer Cyclical,34.26,1223.19,4207.04,0.61,-2.28,-2.73,0.46,0.0,-1.47,0,0,0,0,0,0,0,0,0,0,0,0,0
2026-09-18,2026-09-17,OR,Basic Materials,36.99,1071.09,6893.46,0.94,4.29,1.34,2.9,0.27,3.21,0,0,0,0,0,0,0,0,0,0,0,0,0
2026-09-18,2026-09-17,ORA,Utilities,97.37,903.49,5987.95,1.29,5.96,2.51,3.37,0.65,0.74,0,0,0,1,0,0,1,0,0,0,0,0,1
2026-09-18,2026-09-17,ORC,Real Estate,6.09,4908.73,1215.58,1.1,0.66,-0.65,1.32,0.33,-4.09,0,0,0,0,0,0,0,0,0,0,0,0,0
2026-09-18,2026-09-17,ORCL,Technology,150.59,32965.79,455344.41,0.84,5.19,2.62,2.51,-0.1,-1.54,0,0,0,1,0,0,0,0,0,0,0,0,1
2026-09-18,2026-09-17,ORI,Financial,40.5,1338.22,9778.04,1.13,-0.98,-1.32,0.34,0.0,-0.83,0,0,0,0,0,0,0,0,0,0,0,0,0
2026-09-18,2026-09-17,ORIC,Healthcare,12.88,1535.27,1335.04,0.75,2.71,0.08,2.63,0.0,6.71,0,0,0,0,0,0,0,0,0,0,0,0,0
2026-09-18,2026-09-17,ORKA,Healthcare,97.73,1136.17,6470.68,0.92,4.47,2.95,1.48,1.95,6.63,0,0,0,0,0,0,0,0,0,0,0,0,0
2026-09-18,2026-09-17,ORLY,Consumer Cyclical,84.89,7169.61,68672.68,1.06,1.45,1.24,0.2,-0.2,-0.73,0,0,0,0,0,0,0,0,0,0,0,0,0
2026-09-18,2026-09-17,ORN,Industrials,9.04,525.79,366.08,0.92,-0.88,-2.48,1.64,0.0,-0.22,0,0,0,0,0,0,0,0,0,0,0,0,0
2026-09-18,2026-09-17,OSCR,Healthcare,31.98,5435.74,9872.0,1.03,-1.11,-3.51,2.49,1.22,-1.84,0,0,0,0,0,0,0,0,0,0,0,0,0
2026-09-18,2026-09-17,OSK,Industrials,144.89,696.97,8945.47,0.62,-0.1,-2.59,2.56,-0.04,-1.95,0,0,0,0,0,0,0,0,0,0,0,0,0
2026-09-18,2026-09-17,OSS,Technology,9.07,1022.37,226.25,0.75,6.46,1.8,4.58,1.43,1.8,0,0,0,1,0,0,1,0,0,0,0,0,1
2026-09-18,2026-09-17,OSW,Consumer Cyclical,21.83,989.54,2215.72,0.73,0.65,-0.95,1.61,0.0,-0.41,0,0,0,0,0,0,0,0,0,0,0,0,0
2026-09-18,2026-09-17,OTEX,Technology,23.52,1635.86,5694.9,0.47,0.51,0.64,-0.13,0.0,4.02,0,0,0,0,0,0,0,0,0,0,0,0,0
2026-09-18,2026-09-17,OTF,Financial,10.86,2513.1,4975.89,0.7,2.26,1.02,1.22,0.0,1.59,0,0,0,0,0,0,0,0,0,0,0,0,0
2026-09-18,2026-09-17,OTIS,Industrials,68.7,3748.23,26151.98,1.96,-0.79,-2.19,1.43,0.42,1.19,0,0,0,0,0,0,0,0,0,0,0,0,0
2026-09-18,2026-09-17,OUST,Technology,34.95,3591.36,2520.33,0.43,2.82,-1.47,4.35,0.23,-0.79,0,0,0,0,0,0,1,0,0,0,0,0,1
2026-09-18,2026-09-17,OUT,Real Estate,27.86,1744.36,4907.13,0.81,-1.14,-1.9,0.78,0.0,-1.97,0,0,0,0,0,0,0,0,0,0,0,0,0
2026-09-18,2026-09-17,OVV,Energy,62.99,3422.8,17353.97,0.95,0.35,1.38,-1.02,0.03,-1.58,0,0,0,0,0,0,0,0,0,0,0,0,0
2026-09-18,2026-09-17,OWL,Financial,9.96,19909.13,15528.56,0.68,-1.58,-3.95,2.47,0.2,-4.51,0,0,0,0,0,0,0,0,0,0,0,0,0
2026-09-18,2026-09-17,OXY,Energy,59.29,8617.24,59268.51,1.02,-0.12,1.06,-1.16,0.1,-3.06,0,0,0,0,0,0,0,0,0,0,0,0,0
2026-09-18,2026-09-17,OZK,Financial,47.84,1160.29,5426.59,1.13,-0.31,-1.22,0.92,0.96,-1.91,0,0,0,0,0,0,0,0,0,0,0,0,0
2026-09-18,2026-09-17,P,Technology,103.99,3008.89,34652.3,1.08,6.54,3.94,2.5,0.0,10.51,0,0,0,1,0,0,0,0,0,0,0,0,1
2026-09-18,2026-09-17,PAA,Energy,25.41,2461.99,17928.44,0.68,-0.04,0.59,-0.63,1.73,-1.19,0,0,0,0,0,0,0,0,0,0,0,0,0
2026-09-18,2026-09-17,PAAS,Basic Materials,49.62,4459.97,20573.44,0.62,4.33,0.81,3.49,-0.01,-2.03,0,0,0,0,0,0,1,0,0,0,0,0,1
2026-09-18,2026-09-17,PACS,Healthcare,42.06,867.69,6659.6,0.81,-1.54,-2.68,1.17,1.45,-6.22,0,0,0,0,0,0,0,0,0,0,0,0,0
2026-09-18,2026-09-17,PAGP,Energy,27.73,1522.04,21123.9,0.86,0.16,0.64,-0.47,0.16,-0.59,0,0,0,0,0,0,0,0,0,0,0,0,0
2026-09-18,2026-09-17,PAGS,Technology,9.56,3002.4,2653.06,1.23,0.95,0.31,0.63,0.0,-5.63,0,0,0,0,0,0,0,0,0,0,0,0,0
2026-09-18,2026-09-17,PANW,Technology,375.06,6608.84,306799.08,0.95,-0.16,2.63,-2.71,-0.11,10.8,0,0,0,0,0,0,0,0,0,0,0,0,0
2026-09-18,2026-09-17,PAR,Technology,15.98,975.69,660.97,1.68,-0.81,-1.05,0.25,0.0,-9.31,0,0,0,0,0,0,0,0,0,0,0,0,0
2026-09-18,2026-09-17,PARR,Energy,86.49,976.53,4333.12,1.05,1.87,3.88,-1.93,0.59,3.47,0,0,0,0,0,0,0,0,0,0,0,0,0
2026-09-18,2026-09-17,PATH,Technology,13.76,70535.93,7171.1,0.8,0.95,2.19,-1.21,0.07,-0.79,0,0,0,0,0,0,0,0,0,0,0,0,0
2026-09-18,2026-09-17,PATK,Consumer Cyclical,69.92,647.43,2245.71,0.61,-0.7,-3.59,3.0,0.0,-6.6,0,0,0,0,0,0,1,0,0,0,0,0,1
2026-09-18,2026-09-17,PAX,Financial,10.05,1072.07,1622.01,0.75,-0.1,-1.37,1.29,0.4,-6.51,0,0,0,0,0,0,0,0,0,0,0,0,0
2026-09-18,2026-09-17,PAY,Technology,36.13,1272.88,4550.2,0.65,-1.39,-3.37,2.05,0.0,-0.41,0,0,0,0,0,0,0,0,0,0,0,0,0
2026-09-18,2026-09-17,PAYC,Technology,226.06,909.22,10011.13,0.72,-0.67,-0.46,-0.21,0.26,4.64,0,0,0,0,0,0,0,0,0,0,0,0,0
2026-09-18,2026-09-17,PAYO,Technology,7.11,4128.52,2409.23,1.36,-0.56,-0.7,0.14,0.0,-0.14,0,0,0,0,0,0,0,0,0,0,0,0,0
2026-09-18,2026-09-17,PAYP,Technology,17.91,967.26,11974.98,0.39,1.47,0.34,1.13,-0.06,-1.81,0,0,0,0,0,0,0,0,0,0,0,0,0
2026-09-18,2026-09-17,PAYS,Technology,12.42,695.55,701.26,1.29,5.08,4.72,0.34,0.0,-6.9,0,0,0,1,0,0,0,0,0,0,0,0,1
2026-09-18,2026-09-17,PAYX,Technology,116.51,3021.64,41475.28,0.86,-0.18,0.34,-0.52,0.06,1.15,0,0,0,0,0,0,0,0,0,0,0,0,0
2026-09-18,2026-09-17,PB,Financial,70.34,1111.14,8453.23,1.04,0.0,-0.62,0.63,0.0,-1.61,0,0,0,0,0,0,0,0,0,0,0,0,0
2026-09-18,2026-09-17,PBA,Energy,47.64,1039.7,27705.04,0.77,1.15,1.19,-0.04,-0.06,-1.45,0,0,0,0,0,0,0,0,0,0,0,0,0
2026-09-18,2026-09-17,PBF,Energy,77.16,3205.29,9146.3,0.78,1.62,3.88,-2.17,0.67,0.1,0,0,0,0,0,0,0,0,0,0,0,0,0
2026-09-18,2026-09-17,PBH,Healthcare,46.47,568.85,2201.49,0.89,-0.83,-1.55,0.73,0.0,-1.84,0,0,0,0,0,0,0,0,0,0,0,0,0
2026-09-18,2026-09-17,PBI,Industrials,17.32,2012.92,2374.4,0.84,0.06,-0.29,0.35,0.0,2.06,0,0,0,0,0,0,0,0,0,0,0,0,0
2026-09-18,2026-09-17,PBR,Energy,20.94,17716.37,77920.05,0.72,0.14,0.79,-0.65,0.25,-2.06,0,0,0,0,0,0,0,0,0,0,0,0,0
2026-09-18,2026-09-17,PBR-A,Energy,18.94,7425.35,51578.36,0.83,0.26,1.23,-0.95,-0.21,-1.46,0,0,0,0,0,0,0,0,0,0,0,0,0
2026-09-18,2026-09-17,PCAR,Industrials,117.36,3180.3,61774.19,0.93,-0.73,-1.68,0.96,0.31,-4.25,0,0,0,0,0,0,0,0,0,0,0,0,0
2026-09-18,2026-09-17,PCG,Utilities,13.38,32223.74,29467.71,0.82,0.22,-0.52,0.75,0.07,-4.63,0,0,0,0,0,0,0,0,0,0,0,0,0
2026-09-18,2026-09-17,PCOR,Technology,51.75,3333.91,7863.69,0.62,-0.42,-0.44,0.02,0.0,-2.74,0,0,0,0,0,0,0,0,0,0,0,0,0
2026-09-18,2026-09-17,PCRX,Healthcare,24.48,586.06,975.82,0.67,-1.73,-2.51,0.8,0.16,-2.7,0,0,0,0,0,0,0,0,0,0,0,0,0
2026-09-18,2026-09-17,PCT,Industrials,5.69,4176.12,1143.14,1.01,3.08,0.18,2.9,0.35,-2.4,0,0,0,0,0,0,0,0,0,0,0,0,0
2026-09-18,2026-09-17,PCTY,Technology,146.23,741.05,7758.52,0.86,-0.74,-0.26,-0.48,-0.5,2.36,0,0,0,0,0,0,0,0,0,0,0,0,0
2026-09-18,2026-09-17,PCVX,Healthcare,60.37,1301.78,8983.38,1.01,2.72,0.25,2.47,1.08,2.5,0,0,0,0,0,0,0,0,0,0,0,0,0
2026-09-18,2026-09-17,PD,Technology,14.44,1648.08,1135.7,0.67,-0.28,0.42,-0.69,0.0,5.02,0,0,0,0,0,0,0,0,0,0,0,0,0
2026-09-18,2026-09-17,PDD,Consumer Cyclical,77.73,7082.51,110640.89,0.85,-1.31,-2.31,1.03,0.15,-0.14,0,0,0,0,0,0,0,0,0,0,0,0,0
2026-09-18,2026-09-17,PDFS,Technology,43.73,632.44,1846.6,0.9,4.19,1.2,2.95,-0.72,-7.27,0,0,0,0,0,0,0,0,0,0,0,0,0
2026-09-18,2026-09-17,PDYN,Technology,5.75,1313.08,283.7,0.74,2.5,0.0,2.5,-0.52,2.13,0,0,0,0,0,0,0,0,0,0,0,0,0
2026-09-18,2026-09-17,PECO,Real Estate,37.36,933.01,5271.5,1.16,-1.16,-1.63,0.48,0.0,-3.51,0,0,0,0,0,0,0,0,0,0,0,0,0
2026-09-18,2026-09-17,PEG,Utilities,70.98,2960.96,35377.86,0.85,0.84,0.44,0.4,0.0,-2.07,0,0,0,0,0,0,0,0,0,0,0,0,0
2026-09-18,2026-09-17,PEGA,Technology,36.07,2719.96,5930.09,0.95,-2.09,3.2,-5.13,0.06,0.98,0,0,0,0,0,0,1,1,0,0,0,0,1
2026-09-18,2026-09-17,PENG,Technology,52.55,2971.58,2692.81,0.51,8.93,3.32,5.43,-0.29,8.08,0,0,0,1,1,0,1,1,0,0,0,0,1
2026-09-18,2026-09-17,PENN,Consumer Cyclical,17.46,3046.61,2340.8,0.71,-1.3,-2.18,0.9,1.49,2.05,0,0,0,0,0,0,0,0,0,0,0,0,0
2026-09-18,2026-09-17,PEP,Consumer Defensive,133.66,8291.29,182431.4,1.27,-0.51,-0.83,0.33,0.1,-2.19,0,0,0,0,0,0,0,0,0,0,0,0,0
2026-09-18,2026-09-17,PFE,Healthcare,27.64,41554.88,157538.96,0.7,0.66,0.07,0.58,0.04,-0.04,0,0,0,0,0,0,0,0,0,0,0,0,0
2026-09-18,2026-09-17,PFG,Financial,115.94,1439.29,24823.3,1.06,-0.6,-1.52,0.93,0.0,0.85,0,0,0,0,0,0,0,0,0,0,0,0,0
2026-09-18,2026-09-17,PFGC,Consumer Defensive,90.36,1640.82,14234.69,1.03,-0.77,-1.76,1.01,0.0,-4.23,0,0,0,0,0,0,0,0,0,0,0,0,0
2026-09-18,2026-09-17,PFLT,Financial,7.22,1063.38,716.35,0.68,2.85,2.12,0.71,0.55,2.02,0,0,0,0,0,0,0,0,0,0,0,0,0
2026-09-18,2026-09-17,PFS,Financial,23.15,973.0,3019.29,0.71,-0.04,-0.94,0.91,0.0,-0.73,0,0,0,0,0,0,0,0,0,0,0,0,0
2026-09-18,2026-09-17,PFSI,Financial,66.51,584.22,3455.3,1.01,0.85,-0.06,0.91,0.0,-4.73,0,0,0,0,0,0,0,0,0,0,0,0,0
2026-09-18,2026-09-17,PG,Consumer Defensive,147.55,9109.01,342710.31,0.74,0.36,-0.03,0.39,0.0,3.2,0,0,0,0,0,0,0,0,0,0,0,0,0
2026-09-18,2026-09-17,PGEN,Healthcare,7.87,4934.21,2817.74,1.89,5.85,3.76,2.02,0.25,17.81,0,0,0,1,0,0,0,0,0,0,1,0,1
2026-09-18,2026-09-17,PGNY,Healthcare,27.01,1170.45,2072.39,0.71,-1.35,-1.35,0.0,-0.07,-0.26,0,0,0,0,0,0,0,0,0,0,0,0,0
2026-09-18,2026-09-17,PGR,Financial,216.29,2840.23,125686.11,1.38,-0.32,-0.42,0.1,0.03,0.05,0,0,0,0,0,0,0,0,0,0,0,0,0
2026-09-18,2026-09-17,PGY,Technology,20.56,2999.08,1715.24,1.1,-4.99,-7.22,2.4,0.68,1.28,0,0,0,0,0,0,0,0,0,0,0,0,0
2026-09-18,2026-09-17,PH,Industrials,925.29,625.57,116630.46,0.92,0.71,-0.54,1.25,-0.32,-0.97,0,0,0,0,0,0,0,0,0,0,0,0,0
2026-09-18,2026-09-17,PHAT,Healthcare,7.75,1326.69,626.98,1.13,0.78,-0.77,1.56,0.0,-7.41,0,0,0,0,0,0,0,0,0,0,0,0,0
2026-09-18,2026-09-17,PHG,Healthcare,24.68,1003.93,24122.97,1.05,-0.2,-0.12,-0.08,-0.12,0.33,0,0,0,0,0,0,0,0,0,0,0,0,0
2026-09-18,2026-09-17,PHM,Consumer Cyclical,118.84,1672.44,22276.86,0.77,1.1,-0.49,1.6,0.13,2.09,0,0,0,0,0,0,0,0,0,0,0,0,0
2026-09-18,2026-09-17,PHR,Healthcare,10.28,851.81,638.09,0.71,0.39,0.88,-0.49,0.0,1.08,0,0,0,0,0,0,0,0,0,0,0,0,0
2026-09-18,2026-09-17,PHVS,Healthcare,38.0,702.16,2654.82,1.62,1.2,0.5,0.69,0.0,1.31,0,0,0,0,0,0,0,0,0,0,0,0,0
2026-09-18,2026-09-17,PII,Consumer Cyclical,55.7,841.17,3169.53,0.79,0.76,-1.4,2.19,0.0,-3.87,0,0,0,0,0,0,0,0,0,0,0,0,0
2026-09-18,2026-09-17,PINS,Communication Services,18.31,12675.65,10369.19,2.32,-1.82,-2.29,0.48,0.54,-2.5,1,0,0,0,0,0,0,0,0,0,0,0,1
2026-09-18,2026-09-17,PIPR,Financial,72.09,603.83,5094.62,1.14,1.02,-0.59,1.63,0.0,-5.28,0,0,0,0,0,0,0,0,0,0,0,0,0
2026-09-18,2026-09-17,PK,Real Estate,15.06,4460.32,3032.15,0.57,1.21,0.07,1.14,0.0,-1.7,0,0,0,0,0,0,0,0,0,0,0,0,0
2026-09-18,2026-09-17,PKG,Consumer Cyclical,235.57,624.74,20988.89,0.94,1.78,0.45,1.33,0.0,1.36,0,0,0,0,0,0,0,0,0,0,0,0,0
2026-09-18,2026-09-17,PL,Industrials,16.99,9665.12,6181.77,1.16,6.05,3.47,2.5,0.12,1.8,0,0,0,1,0,0,0,0,0,0,0,0,1
2026-09-18,2026-09-17,PLAB,Technology,28.51,1287.14,1682.01,0.62,2.37,0.53,1.83,0.39,0.46,0,0,0,0,0,0,0,0,0,0,0,0,0
2026-09-18,2026-09-17,PLAY,Communication Services,6.54,1960.76,227.79,1.8,-4.66,-6.03,1.46,1.68,-19.95,0,0,0,0,0,0,0,0,0,0,0,0,0
2026-09-18,2026-09-17,PLD,Real Estate,135.18,4170.41,131026.6,0.76,1.08,0.34,0.73,-0.39,0.57,0,0,0,0,0,0,0,0,0,0,0,0,0
2026-09-18,2026-09-17,PLNT,Consumer Cyclical,49.91,1876.74,3769.85,0.96,-0.22,-0.93,0.72,0.7,-0.14,0,0,0,0,0,0,0,0,0,0,0,0,0
2026-09-18,2026-09-17,PLTR,Technology,176.24,39736.59,423515.0,0.6,1.09,0.16,0.92,-0.49,6.26,0,0,0,0,0,0,0,0,0,0,0,0,0
2026-09-18,2026-09-17,PM,Consumer Defensive,190.48,4862.54,296884.7,0.62,-0.64,-1.2,0.57,0.01,0.37,0,0,0,0,0,0,0,0,0,0,0,0,0
2026-09-18,2026-09-17,PNC,Financial,232.01,1826.59,92558.92,0.95,0.22,-0.85,1.08,0.1,-4.51,0,0,0,0,0,0,0,0,0,0,0,0,0
2026-09-18,2026-09-17,PNFP,Financial,96.77,1127.63,14623.17,1.03,0.73,-0.44,1.18,-0.8,-2.39,0,0,0,0,0,0,0,0,0,0,0,0,0
2026-09-18,2026-09-17,PNR,Industrials,55.72,3325.33,8895.03,0.76,-1.31,-3.03,1.77,0.14,-1.78,0,0,0,0,0,0,0,0,0,0,0,0,0
2026-09-18,2026-09-17,PNW,Utilities,95.59,1133.83,11585.25,0.66,0.63,0.09,0.54,0.0,-1.04,0,0,0,0,0,0,0,0,0,0,0,0,0
2026-09-18,2026-09-17,PODD,Healthcare,141.55,1674.17,9817.09,0.72,0.68,0.83,-0.16,0.0,5.1,0,0,0,0,0,0,0,0,0,0,0,0,0
2026-09-18,2026-09-17,POET,Technology,7.51,12336.4,1299.67,0.53,1.49,-2.34,3.92,0.0,-1.18,0,0,0,0,0,0,1,0,0,0,0,0,1
2026-09-18,2026-09-17,PONY,Technology,6.88,3668.66,2430.84,0.72,5.04,2.0,2.98,0.0,3.77,0,0,0,1,0,0,0,0,0,0,0,0,1
2026-09-18,2026-09-17,POOL,Industrials,167.65,875.63,6092.52,0.95,-0.07,-1.8,1.77,0.67,-4.61,0,0,0,0,0,0,0,0,0,0,0,0,0
2026-09-18,2026-09-17,POR,Utilities,48.06,1105.07,5652.23,0.85,0.31,-0.23,0.54,0.0,-1.03,0,0,0,0,0,0,0,0,0,0,0,0,0
2026-09-18,2026-09-17,POST,Consumer Defensive,77.86,954.74,3422.48,1.1,-0.8,-1.65,0.87,0.15,-3.01,0,0,0,0,0,0,0,0,0,0,0,0,0
2026-09-18,2026-09-17,POWI,Technology,49.15,802.44,2746.17,1.03,3.15,0.1,3.04,-0.71,-1.09,0,0,0,0,0,0,1,0,0,0,0,0,1
2026-09-18,2026-09-17,POWL,Industrials,176.75,736.86,6439.45,0.69,-0.54,-5.48,5.23,0.15,-0.08,0,0,0,0,0,0,1,1,0,0,0,0,1
2026-09-18,2026-09-17,PPC,Consumer Defensive,29.56,1578.19,7038.49,0.73,-0.34,-0.34,0.0,0.0,-1.24,0,0,0,0,0,0,0,0,0,0,0,0,0
2026-09-18,2026-09-17,PPG,Basic Materials,105.45,1787.79,23441.54,0.78,0.45,-1.4,1.88,0.0,0.38,0,0,0,0,0,0,0,0,0,0,0,0,0
2026-09-18,2026-09-17,PPL,Utilities,33.6,8416.56,25285.5,0.69,0.57,0.0,0.57,0.6,-1.78,0,0,0,0,0,0,0,0,0,0,0,0,0
2026-09-18,2026-09-17,PPLI,Communication Services,36.95,959.22,2751.42,0.82,-1.07,-2.25,1.2,0.0,-1.57,0,0,0,0,0,0,0,0,0,0,0,0,0
2026-09-18,2026-09-17,PPTA,Basic Materials,23.37,1271.05,2923.49,0.62,3.82,-0.72,4.58,-1.03,-1.27,0,0,0,0,0,0,1,0,0,0,0,0,1
2026-09-18,2026-09-17,PR,Energy,23.2,9898.04,19431.32,1.37,1.09,2.02,-0.92,0.22,-2.11,0,0,0,0,0,0,0,0,0,0,0,0,0
2026-09-18,2026-09-17,PRAA,Financial,20.57,532.44,774.42,1.16,2.49,1.23,1.25,0.0,9.59,0,0,0,0,0,0,0,0,0,0,0,0,0
2026-09-18,2026-09-17,PRCH,Financial,15.98,1756.49,1814.05,0.59,0.57,-1.36,1.95,0.19,-1.9,0,0,0,0,0,0,0,0,0,0,0,0,0
2026-09-18,2026-09-17,PRCT,Healthcare,19.47,1530.58,1115.12,0.56,0.15,-0.56,0.72,-0.87,-2.99,0,0,0,0,0,0,0,0,0,0,0,0,0
2026-09-18,2026-09-17,PRDO,Consumer Defensive,32.73,692.86,2048.15,0.72,-1.62,-1.89,0.27,0.0,-0.33,0,0,0,0,0,0,0,0,0,0,0,0,0
2026-09-18,2026-09-17,PRG,Industrials,35.74,580.7,1423.58,0.94,0.11,-2.54,2.72,0.0,-3.8,0,0,0,0,0,0,0,0,0,0,0,0,0
2026-09-18,2026-09-17,PRGO,Healthcare,13.48,3204.96,1870.61,0.7,-0.44,-1.96,1.55,0.53,-0.81,0,0,0,0,0,0,0,0,0,0,0,0,0
2026-09-18,2026-09-17,PRGS,Technology,40.85,672.41,1675.38,0.74,-2.39,-2.23,-0.17,0.76,0.59,0,0,0,0,0,0,0,0,0,0,0,0,0
2026-09-18,2026-09-17,PRIM,Industrials,76.59,1616.66,4123.02,0.77,-0.45,-3.09,2.72,0.0,4.96,0,0,0,0,0,0,0,0,0,0,0,0,0
2026-09-18,2026-09-17,PRKS,Consumer Cyclical,35.7,682.08,1618.68,1.15,-1.19,-2.75,1.61,0.0,-5.83,0,0,0,0,0,0,0,0,0,0,0,0,0
2026-09-18,2026-09-17,PRM,Basic Materials,32.18,1555.41,5267.44,0.65,0.88,0.81,0.06,-0.25,5.37,0,0,0,0,0,0,0,0,0,0,0,0,0
2026-09-18,2026-09-17,PRMB,Consumer Defensive,21.12,3811.3,7644.25,1.08,-0.14,-1.31,1.18,0.05,2.72,0,0,0,0,0,0,0,0,0,0,0,0,0
2026-09-18,2026-09-17,PRTH,Technology,5.95,502.16,490.52,0.89,1.02,-0.5,1.53,0.0,3.21,0,0,0,0,0,0,0,0,0,0,0,0,0
2026-09-18,2026-09-17,PRU,Financial,117.93,1782.68,40685.85,0.68,0.76,-0.29,1.05,0.0,-0.46,0,0,0,0,0,0,0,0,0,0,0,0,0
2026-09-18,2026-09-17,PRVA,Healthcare,20.09,1227.43,2566.18,0.93,-1.37,-2.0,0.64,0.0,-1.37,0,0,0,0,0,0,0,0,0,0,0,0,0
2026-09-18,2026-09-17,PSA,Real Estate,300.76,989.73,56197.7,0.73,2.06,0.9,1.15,0.0,2.09,0,0,0,0,0,0,0,0,0,0,0,0,0
2026-09-18,2026-09-17,PSKY,Communication Services,10.62,10923.51,11915.07,2.62,-4.63,-4.19,-0.45,1.45,2.31,1,0,0,0,0,0,0,0,0,0,0,0,1
2026-09-18,2026-09-17,PSN,Technology,46.17,1398.17,4931.2,0.56,-0.69,-2.27,1.61,0.0,0.63,0,0,0,0,0,0,0,0,0,0,0,0,0
2026-09-18,2026-09-17,PSNL,Healthcare,16.23,4051.01,1733.37,1.39,0.74,-1.16,1.92,0.43,-0.61,0,0,0,0,0,0,0,0,0,0,0,0,0
2026-09-18,2026-09-17,PSO,Communication Services,16.0,730.15,9585.28,0.85,0.57,0.63,-0.06,0.0,2.56,0,0,0,0,0,0,0,0,0,0,0,0,0
2026-09-18,2026-09-17,PSX,Energy,274.21,2813.39,109415.51,1.27,3.62,4.88,-1.21,0.49,6.07,0,0,0,0,0,0,0,0,0,0,0,0,0
2026-09-18,2026-09-17,PTC,Technology,134.44,1622.48,14587.58,1.02,2.5,2.5,0.0,-0.04,4.45,0,0,0,0,0,0,0,0,0,0,0,0,0
2026-09-18,2026-09-17,PTCT,Healthcare,68.0,1485.45,5675.34,0.75,0.61,-1.22,1.85,0.0,0.94,0,0,0,0,0,0,0,0,0,0,0,0,0
2026-09-18,2026-09-17,PTEN,Energy,12.03,8937.82,4588.06,0.94,0.0,0.08,-0.08,0.0,-6.74,0,0,0,0,0,0,0,0,0,0,0,0,0
2026-09-18,2026-09-17,PTGX,Healthcare,143.7,663.78,9298.58,0.84,0.6,-0.48,1.09,0.0,-1.01,0,0,0,0,0,0,0,0,0,0,0,0,0
2026-09-18,2026-09-17,PTRN,Consumer Cyclical,19.43,2005.73,3446.87,0.62,-1.07,-3.33,2.34,1.75,-2.17,0,0,0,0,0,0,0,0,0,0,0,0,0
2026-09-18,2026-09-17,PUBM,Technology,17.33,624.04,789.38,1.83,2.85,-5.2,8.49,0.0,6.78,0,0,0,0,0,0,1,1,0,0,0,0,1
2026-09-18,2026-09-17,PUK,Financial,26.59,1011.24,32792.38,1.03,1.26,0.15,1.1,-1.17,-0.67,0,0,0,0,0,0,0,0,0,0,0,0,0
2026-09-18,2026-09-17,PUMP,Energy,10.46,3882.11,1284.74,1.34,2.45,1.45,0.98,0.0,-9.04,0,0,0,0,0,0,0,0,0,0,0,0,0
2026-09-18,2026-09-17,PURR,Financial,12.83,16240.88,3052.51,1.86,12.15,6.03,5.77,0.94,16.53,0,0,0,1,1,1,1,1,0,0,1,0,1
2026-09-18,2026-09-17,PVH,Consumer Cyclical,73.54,997.36,3392.97,0.95,2.57,1.04,1.51,0.0,6.04,0,0,0,0,0,0,0,0,0,0,0,0,0
2026-09-18,2026-09-17,PWP,Financial,12.77,1201.86,1242.67,1.51,0.16,-2.22,2.43,0.0,-15.82,0,0,0,0,0,0,0,0,0,0,0,0,0
2026-09-18,2026-09-17,PWR,Industrials,616.54,1194.86,92692.71,0.61,-0.44,-3.3,2.96,0.09,-0.35,0,0,0,0,0,0,0,0,0,0,0,0,0
2026-09-18,2026-09-17,PYPL,Financial,52.94,15001.84,45288.1,0.57,0.44,0.01,0.43,-0.0,-0.69,0,0,0,0,0,0,0,0,0,0,0,0,0
2026-09-18,2026-09-17,PZZA,Consumer Cyclical,20.11,1319.12,662.06,1.1,-0.4,-1.71,1.34,0.45,-6.29,0,0,0,0,0,0,0,0,0,0,0,0,0
2026-09-18,2026-09-17,Q,Technology,117.13,1958.8,24504.59,0.59,1.98,-0.57,2.56,1.57,-5.02,0,0,0,0,0,0,0,0,0,0,0,0,0
2026-09-18,2026-09-17,QBTS,Technology,17.69,18761.23,6588.46,1.14,8.73,4.74,3.81,-0.11,6.18,0,0,0,1,1,0,1,0,0,0,0,0,1
2026-09-18,2026-09-17,QCOM,Technology,188.71,14213.28,198189.65,0.87,2.09,-0.86,2.98,-0.31,6.69,0,0,0,0,0,0,0,0,0,0,0,0,0
2026-09-18,2026-09-17,QDEL,Healthcare,11.09,1522.3,760.5,0.91,2.97,0.09,2.88,-1.98,-8.72,0,0,0,0,0,0,0,0,0,0,0,0,0
2026-09-18,2026-09-17,QFIN,Financial,8.29,1857.71,1010.63,0.55,1.34,0.48,0.86,0.0,-2.13,0,0,0,0,0,0,0,0,0,0,0,0,0
2026-09-18,2026-09-17,QGEN,Healthcare,44.38,2808.25,9145.6,0.68,3.45,1.35,2.07,1.13,5.34,0,0,0,0,0,0,0,0,0,0,0,0,0
2026-09-18,2026-09-17,QLYS,Technology,178.08,787.76,6160.68,0.92,-2.72,-1.52,-1.22,-0.04,10.22,0,0,0,0,0,0,0,0,0,0,0,0,0
2026-09-18,2026-09-17,QMCO,Technology,24.94,1430.5,982.89,1.01,4.66,1.05,3.57,-0.2,8.29,0,0,0,0,0,0,1,0,0,0,0,0,1
2026-09-18,2026-09-17,QNST,Communication Services,17.67,860.98,1008.72,1.26,-3.97,-4.69,0.76,-0.8,-2.0,0,0,0,0,0,0,0,0,0,0,0,0,0
2026-09-18,2026-09-17,QNT,Technology,54.5,2036.1,14350.3,0.76,4.79,2.83,1.9,-0.22,11.98,0,0,0,0,0,0,0,0,0,0,0,0,0
2026-09-18,2026-09-17,QRVO,Technology,119.51,1261.15,10543.37,1.24,4.86,4.01,0.82,-1.3,6.36,0,0,0,0,0,0,0,0,0,0,0,0,0
2026-09-18,2026-09-17,QS,Consumer Cyclical,5.17,21540.9,3200.82,0.65,3.4,-0.15,3.56,0.19,-0.19,0,0,0,0,0,0,1,0,0,0,0,0,1
2026-09-18,2026-09-17,QSR,Consumer Cyclical,73.29,2750.56,33311.14,5.58,-2.21,-2.73,0.53,0.08,-4.18,1,1,1,0,0,0,0,0,0,0,0,0,1
2026-09-18,2026-09-17,QTTB,Healthcare,10.86,1171.4,323.3,0.33,-1.09,-2.51,1.46,0.09,1.31,0,0,0,0,0,0,0,0,0,0,0,0,0
2026-09-18,2026-09-17,QTWO,Technology,57.95,801.74,3613.45,0.59,-2.69,-3.09,0.42,0.0,-3.94,0,0,0,0,0,0,0,0,0,0,0,0,0
2026-09-18,2026-09-17,QUBT,Technology,8.44,9358.91,1910.36,0.82,5.5,1.81,3.62,-0.36,7.93,0,0,0,1,0,0,1,0,0,0,0,0,1
2026-09-18,2026-09-17,QURE,Healthcare,44.09,1855.93,3058.37,0.43,3.77,1.43,2.31,1.5,-0.85,0,0,0,0,0,0,0,0,0,0,0,0,0
2026-09-18,2026-09-17,QXO,Industrials,11.64,21750.66,12076.39,0.87,3.28,-1.1,4.44,-0.17,-5.29,0,0,0,0,0,0,1,0,0,0,0,0,1
2026-09-18,2026-09-17,RAL,Technology,67.35,1592.96,7451.6,1.15,-0.34,-1.85,1.54,0.0,4.13,0,0,0,0,0,0,0,0,0,0,0,0,0
2026-09-18,2026-09-17,RAMP,Technology,37.89,1051.59,2303.53,0.78,0.05,0.0,0.05,-0.05,0.37,0,0,0,0,0,0,0,0,0,0,0,0,0
2026-09-18,2026-09-17,RARE,Healthcare,14.5,3343.85,1429.53,3.69,12.58,9.68,2.64,1.86,0.69,1,1,0,1,1,1,0,0,0,0,0,0,1
2026-09-18,2026-09-17,RBA,Industrials,84.08,1624.41,15566.57,0.98,-0.25,-1.27,1.03,0.26,4.4,0,0,0,0,0,0,0,0,0,0,0,0,0
2026-09-18,2026-09-17,RBLX,Communication Services,47.5,11862.19,33932.86,0.55,0.15,-1.35,1.52,0.07,5.84,0,0,0,0,0,0,0,0,0,0,0,0,0
2026-09-18,2026-09-17,RBRK,Technology,107.83,3387.04,22353.64,1.18,2.71,5.14,-2.31,-0.24,21.28,0,0,0,0,0,0,0,0,0,0,1,0,1
2026-09-18,2026-09-17,RCAT,Industrials,7.09,8950.72,1083.51,1.32,0.0,-4.06,4.23,0.49,-12.19,0,0,0,0,0,0,1,0,0,0,0,0,1
2026-09-18,2026-09-17,RCI,Communication Services,35.12,1226.14,18972.88,0.83,-2.17,-3.25,1.11,0.09,-2.69,0,0,0,0,0,0,0,0,0,0,0,0,0
2026-09-18,2026-09-17,RCL,Consumer Cyclical,249.74,2181.08,66979.02,0.83,-1.65,-2.93,1.32,0.22,-3.58,0,0,0,0,0,0,0,0,0,0,0,0,0
2026-09-18,2026-09-17,RCUS,Healthcare,25.54,1402.86,3252.1,1.43,3.61,0.91,2.68,-1.41,-2.33,0,0,0,0,0,0,0,0,0,0,0,0,0
2026-09-18,2026-09-17,RDDT,Communication Services,152.83,5738.11,29403.96,1.0,-3.03,-1.22,-1.83,0.11,-1.62,0,0,0,0,0,0,0,0,0,0,0,0,0
2026-09-18,2026-09-17,RDN,Financial,34.8,1199.06,4604.09,0.78,-1.33,-1.44,0.11,-0.03,-3.92,0,0,0,0,0,0,0,0,0,0,0,0,0
2026-09-18,2026-09-17,RDNT,Healthcare,77.78,841.91,6121.12,0.68,2.64,1.75,0.87,1.84,4.71,0,0,0,0,0,0,0,0,0,0,0,0,0
2026-09-18,2026-09-17,RDW,Industrials,11.55,17508.79,2887.41,0.74,7.04,3.45,3.48,-0.09,6.26,0,0,0,1,0,0,1,0,0,0,0,0,1
2026-09-18,2026-09-17,RDY,Healthcare,12.19,2910.48,10150.25,1.29,4.37,1.75,2.57,-1.64,4.1,0,0,0,0,0,0,0,0,0,0,0,0,0
2026-09-18,2026-09-17,REAL,Consumer Cyclical,9.46,3114.49,1151.01,0.81,-0.21,-3.57,3.48,0.32,-0.94,0,0,0,0,0,0,1,0,0,0,0,0,1
2026-09-18,2026-09-17,REAX,Real Estate,17.61,655.16,386.03,2.21,-7.41,-8.33,1.0,0.79,-4.96,1,0,0,1,0,0,0,0,0,0,0,0,1
2026-09-18,2026-09-17,REF,Consumer Cyclical,15.31,632.23,904.51,1.39,-2.67,-3.41,0.76,0.0,16.43,0,0,0,0,0,0,0,0,0,0,1,0,1
2026-09-18,2026-09-17,REG,Real Estate,73.12,1342.49,13389.77,1.06,-0.19,-0.34,0.15,0.0,-2.91,0,0,0,0,0,0,0,0,0,0,0,0,0
2026-09-18,2026-09-17,REGN,Healthcare,789.45,797.42,81277.81,0.88,1.92,1.06,0.85,-0.06,-0.48,0,0,0,0,0,0,0,0,0,0,0,0,0
2026-09-18,2026-09-17,RELX,Industrials,34.38,2566.65,59815.36,0.6,0.32,-0.38,0.7,0.06,1.66,0,0,0,0,0,0,0,0,0,0,0,0,0
2026-09-18,2026-09-17,RELY,Technology,21.73,3504.26,4599.89,1.19,-1.9,-3.89,2.08,0.29,-0.91,0,0,0,0,0,0,0,0,0,0,0,0,0
2026-09-18,2026-09-17,REPL,Healthcare,12.87,4572.0,1212.61,0.28,-0.69,-2.13,1.47,1.01,-2.79,0,0,0,0,0,0,0,0,0,0,0,0,0
2026-09-18,2026-09-17,RES,Energy,5.93,1599.46,1314.43,1.44,-0.84,-1.0,0.17,0.0,-8.2,0,0,0,0,0,0,0,0,0,0,0,0,0
2026-09-18,2026-09-17,REXR,Real Estate,38.43,2734.76,8569.43,1.14,-1.06,-1.71,0.67,-0.08,3.86,0,0,0,0,0,0,0,0,0,0,0,0,0
2026-09-18,2026-09-17,REYN,Consumer Cyclical,22.69,1382.08,4782.85,1.01,1.16,0.89,0.27,-0.59,5.19,0,0,0,0,0,0,0,0,0,0,0,0,0
2026-09-18,2026-09-17,REZI,Industrials,18.52,2485.7,2812.21,0.67,-0.8,-3.04,2.3,0.0,-1.65,0,0,0,0,0,0,0,0,0,0,0,0,0
2026-09-18,2026-09-17,RF,Financial,28.48,8991.03,24262.95,0.81,0.04,-1.01,1.05,0.21,-4.91,0,0,0,0,0,0,0,0,0,0,0,0,0
2026-09-18,2026-09-17,RGEN,Healthcare,178.19,1114.02,10056.26,0.98,3.05,1.86,1.17,-0.22,8.2,0,0,0,0,0,0,0,0,0,0,0,0,0
2026-09-18,2026-09-17,RGLD,Basic Materials,251.45,718.27,21304.82,0.67,2.42,-0.16,2.58,0.71,-1.0,0,0,0,0,0,0,0,0,0,0,0,0,0
2026-09-18,2026-09-17,RGNX,Healthcare,8.22,1942.02,542.3,0.93,2.94,-1.5,4.51,0.0,-4.03,0,0,0,0,0,0,1,0,0,0,0,0,1
2026-09-18,2026-09-17,RGTI,Technology,15.99,21204.19,5336.96,0.92,8.11,4.31,3.65,-0.31,5.47,0,0,0,1,1,0,1,0,0,0,0,0,1
2026-09-18,2026-09-17,RH,Consumer Cyclical,126.82,817.36,2401.1,0.77,0.24,-3.61,3.99,0.49,-5.37,0,0,0,0,0,0,1,0,0,0,0,0,1
2026-09-18,2026-09-17,RHI,Industrials,37.25,2268.89,3812.98,0.72,0.43,-0.32,0.75,0.0,-0.45,0,0,0,0,0,0,0,0,0,0,0,0,0
2026-09-18,2026-09-17,RHP,Real Estate,120.61,731.46,8227.93,0.61,0.57,-0.25,0.82,0.0,-1.42,0,0,0,0,0,0,0,0,0,0,0,0,0
2026-09-18,2026-09-17,RIG,Energy,5.66,42023.79,6321.55,0.98,2.17,1.43,0.72,0.0,-1.91,0,0,0,0,0,0,0,0,0,0,0,0,0
2026-09-18,2026-09-17,RILY,Financial,6.02,671.11,242.0,0.59,0.0,-2.11,2.16,1.58,-8.51,0,0,0,0,0,0,0,0,0,0,0,0,0
2026-09-18,2026-09-17,RIO,Basic Materials,98.04,2487.96,123004.91,0.54,2.35,0.66,1.68,-0.55,-1.36,0,0,0,0,0,0,0,0,0,0,0,0,0
2026-09-18,2026-09-17,RIOT,Financial,21.88,18371.28,8210.67,0.93,7.52,2.67,4.72,-0.37,4.44,0,0,0,1,0,0,1,0,0,0,0,0,1
2026-09-18,2026-09-17,RITM,Real Estate,9.49,5445.6,5299.28,0.79,0.11,-1.96,2.11,0.21,-1.76,0,0,0,0,0,0,0,0,0,0,0,0,0
2026-09-18,2026-09-17,RIVN,Consumer Cyclical,15.4,29073.93,22297.06,0.92,1.12,-1.16,2.3,0.32,-4.05,0,0,0,0,0,0,0,0,0,0,0,0,0
2026-09-18,2026-09-17,RJF,Financial,163.77,1285.82,31503.08,0.91,-0.49,-1.31,0.83,0.0,-5.62,0,0,0,0,0,0,0,0,0,0,0,0,0
2026-09-18,2026-09-17,RKLB,Industrials,67.82,20840.76,40587.54,1.05,6.47,3.46,2.9,0.04,9.46,0,0,0,1,0,0,0,0,0,0,0,0,1
2026-09-18,2026-09-17,RKT,Financial,12.57,29921.19,35593.75,1.97,-2.93,-5.91,3.17,0.15,-4.7,0,0,0,0,0,0,1,0,0,0,0,0,1
2026-09-18,2026-09-17,RL,Consumer Cyclical,333.08,643.42,19829.94,0.76,-1.56,-3.46,1.96,0.28,-1.07,0,0,0,0,0,0,0,0,0,0,0,0,0
2026-09-18,2026-09-17,RLAY,Healthcare,19.19,3187.68,4205.33,0.97,1.86,-1.34,3.24,0.0,1.59,0,0,0,0,0,0,1,0,0,0,0,0,1
2026-09-18,2026-09-17,RLI,Financial,60.43,780.92,5545.84,1.0,-0.18,-0.36,0.18,0.0,-0.02,0,0,0,0,0,0,0,0,0,0,0,0,0
2026-09-18,2026-09-17,RMBS,Technology,85.87,2749.19,9313.6,0.83,5.48,1.68,3.73,0.07,0.61,0,0,0,1,0,0,1,0,0,0,0,0,1
2026-09-18,2026-09-17,RMD,Healthcare,228.42,1487.8,32950.11,0.73,0.07,0.07,0.0,0.0,4.03,0,0,0,0,0,0,0,0,0,0,0,0,0
2026-09-18,2026-09-17,RNG,Technology,74.78,1864.13,6244.59,0.63,1.69,2.28,-0.58,-0.68,8.31,0,0,0,0,0,0,0,0,0,0,0,0,0
2026-09-18,2026-09-17,RNST,Financial,40.52,649.61,3703.71,0.87,-0.02,-1.05,1.04,0.0,-0.02,0,0,0,0,0,0,0,0,0,0,0,0,0
2026-09-18,2026-09-17,RNW,Utilities,6.84,2231.68,2492.52,0.67,-0.15,0.0,-0.15,0.0,-0.15,0,0,0,0,0,0,0,0,0,0,0,0,0
2026-09-18,2026-09-17,ROAD,Industrials,94.62,873.7,5370.21,0.55,-0.47,-3.61,3.25,0.59,-1.56,0,0,0,0,0,0,1,0,0,0,0,0,1
2026-09-18,2026-09-17,ROIV,Healthcare,39.98,6864.16,28878.47,1.11,1.04,-1.15,2.21,1.6,-2.34,0,0,0,0,0,0,0,0,0,0,0,0,0
2026-09-18,2026-09-17,ROK,Industrials,410.05,830.05,45535.51,1.19,-1.17,-3.17,2.06,0.23,-2.69,0,0,0,0,0,0,0,0,0,0,0,0,0
2026-09-18,2026-09-17,ROKU,Communication Services,154.08,3541.26,22882.21,0.47,-0.67,-1.22,0.56,0.38,-0.03,0,0,0,0,0,0,0,0,0,0,0,0,0
2026-09-18,2026-09-17,ROL,Consumer Cyclical,33.0,5297.24,15877.8,1.11,-1.58,-2.11,0.54,1.06,-4.51,0,0,0,0,0,0,0,0,0,0,0,0,0
2026-09-18,2026-09-17,ROP,Technology,374.76,906.76,37064.1,0.73,-0.28,-0.05,-0.24,-0.3,-3.56,0,0,0,0,0,0,0,0,0,0,0,0,0
2026-09-18,2026-09-17,ROST,Consumer Cyclical,229.48,2678.43,73308.1,0.87,2.08,1.19,0.88,-0.64,1.77,0,0,0,0,0,0,0,0,0,0,0,0,0
2026-09-18,2026-09-17,RPC,Financial,7.96,536.99,877.51,1.17,0.63,-1.24,1.9,0.0,0.76,0,0,0,0,0,0,0,0,0,0,0,0,0
2026-09-18,2026-09-17,RPD,Technology,12.41,2455.42,836.44,0.7,-0.4,1.14,-1.52,0.0,18.19,0,0,0,0,0,0,0,0,0,0,1,0,1
2026-09-18,2026-09-17,RPM,Basic Materials,99.18,1177.63,12653.79,0.64,-0.6,-2.12,1.55,0.0,-0.13,0,0,0,0,0,0,0,0,0,0,0,0,0
2026-09-18,2026-09-17,RPRX,Healthcare,58.93,3109.77,33887.77,0.66,0.79,0.2,0.58,-1.17,0.31,0,0,0,0,0,0,0,0,0,0,0,0,0
2026-09-18,2026-09-17,RRC,Energy,39.1,2888.99,9136.87,0.86,0.64,1.06,-0.41,0.0,-6.64,0,0,0,0,0,0,0,0,0,0,0,0,0
2026-09-18,2026-09-17,RRR,Consumer Cyclical,52.79,770.79,5543.8,1.15,-0.92,-2.11,1.22,0.0,-3.47,0,0,0,0,0,0,0,0,0,0,0,0,0
2026-09-18,2026-09-17,RRX,Industrials,147.94,1245.33,9851.6,1.21,-0.84,-3.94,3.22,0.66,-5.48,0,0,0,0,0,0,1,0,0,0,0,0,1
2026-09-18,2026-09-17,RSG,Industrials,218.93,1489.48,67039.2,1.42,-0.4,-0.8,0.41,0.72,-0.97,0,0,0,0,0,0,0,0,0,0,0,0,0
2026-09-18,2026-09-17,RSI,Consumer Cyclical,25.25,2816.33,5852.28,0.99,-2.47,-2.73,0.27,0.0,-4.21,0,0,0,0,0,0,0,0,0,0,0,0,0
2026-09-18,2026-09-17,RSKD,Technology,6.31,1368.18,833.16,0.42,0.64,0.48,0.16,-1.74,5.7,0,0,0,0,0,0,0,0,0,0,0,0,0
2026-09-18,2026-09-17,RTO,Industrials,21.74,1302.13,10933.7,1.56,-0.73,-2.07,1.37,0.0,-3.03,0,0,0,0,0,0,0,0,0,0,0,0,0
2026-09-18,2026-09-17,RTX,Industrials,193.54,4657.64,260845.1,0.76,-1.67,-2.01,0.34,0.14,-2.31,0,0,0,0,0,0,0,0,0,0,0,0,0
2026-09-18,2026-09-17,RUM,Communication Services,8.89,4042.19,4407.75,1.57,7.11,2.66,4.34,-1.46,20.71,0,0,0,1,0,0,1,0,0,0,1,0,1
2026-09-18,2026-09-17,RUN,Technology,8.73,9790.76,2101.39,0.73,5.5,2.65,2.78,0.4,1.1,0,0,0,1,0,0,0,0,0,0,0,0,1
2026-09-18,2026-09-17,RUSHA,Consumer Cyclical,49.68,729.1,5923.17,0.94,1.37,-0.46,1.84,0.2,3.09,0,0,0,0,0,0,0,0,0,0,0,0,0
2026-09-18,2026-09-17,RVLV,Consumer Cyclical,20.92,865.0,1487.11,1.06,1.5,0.34,1.16,-0.33,2.15,0,0,0,0,0,0,0,0,0,0,0,0,0
2026-09-18,2026-09-17,RVMD,Healthcare,196.94,2216.26,42211.41,0.82,0.52,-0.8,1.33,-0.17,-3.15,0,0,0,0,0,0,0,0,0,0,0,0,0
2026-09-18,2026-09-17,RVTY,Healthcare,146.73,1618.29,16373.07,1.7,0.69,-0.6,1.29,1.55,21.32,0,0,0,0,0,0,0,0,0,0,1,0,1
2026-09-18,2026-09-17,RWAY,Financial,6.69,576.26,280.38,0.51,1.83,1.06,0.76,0.9,2.76,0,0,0,0,0,0,0,0,0,0,0,0,0
2026-09-18,2026-09-17,RXO,Industrials,20.15,1784.44,3323.26,1.07,5.61,3.71,1.83,0.0,3.28,0,0,0,1,0,0,0,0,0,0,0,0,1
2026-09-18,2026-09-17,RXST,Healthcare,5.32,1088.53,221.27,0.93,-1.48,-4.66,3.33,-1.32,-10.74,0,0,0,0,0,0,1,0,0,0,0,0,1
2026-09-18,2026-09-17,RY,Financial,203.57,1440.9,282270.17,0.56,0.63,-0.22,0.85,0.0,-1.17,0,0,0,0,0,0,0,0,0,0,0,0,0
2026-09-18,2026-09-17,RYAAY,Industrials,53.5,1407.38,27718.89,1.45,1.65,0.17,1.48,-0.07,0.94,0,0,0,0,0,0,0,0,0,0,0,0,0
2026-09-18,2026-09-17,RYAM,Basic Materials,8.38,944.05,566.86,0.57,1.45,-0.83,2.3,0.0,0.36,0,0,0,0,0,0,0,0,0,0,0,0,0
2026-09-18,2026-09-17,RYAN,Financial,40.04,2049.36,10242.83,1.13,-0.62,-0.92,0.3,0.0,3.54,0,0,0,0,0,0,0,0,0,0,0,0,0
2026-09-18,2026-09-17,RYN,Real Estate,20.0,2949.56,5983.55,0.94,-0.2,-1.23,1.05,0.1,-1.38,0,0,0,0,0,0,0,0,0,0,0,0,0
2026-09-18,2026-09-17,RYTM,Healthcare,99.02,735.7,6817.73,0.84,1.03,-2.13,3.22,0.0,-3.11,0,0,0,0,0,0,1,0,0,0,0,0,1
2026-09-18,2026-09-17,S,Technology,23.19,7534.26,8071.26,1.94,0.09,1.93,-1.81,0.18,17.06,0,0,0,0,0,0,0,0,0,0,1,0,1
2026-09-18,2026-09-17,SA,Basic Materials,30.88,660.81,3331.03,0.95,5.61,2.73,2.8,1.65,-0.23,0,0,0,1,0,0,0,0,0,0,0,0,1
2026-09-18,2026-09-17,SAIC,Technology,133.65,504.07,5599.61,0.77,0.78,0.06,0.72,-0.11,3.8,0,0,0,0,0,0,0,0,0,0,0,0,0
2026-09-18,2026-09-17,SAIL,Technology,20.19,4090.58,11526.7,1.15,-0.83,0.15,-0.98,-0.64,14.46,0,0,0,0,0,0,0,0,0,0,0,0,0
2026-09-18,2026-09-17,SAN,Financial,14.82,12514.82,215562.82,0.54,2.92,0.34,2.57,-0.14,1.3,0,0,0,0,0,0,0,0,0,0,0,0,0
2026-09-18,2026-09-17,SANM,Technology,196.06,989.49,10508.3,0.67,0.16,-2.19,2.41,1.1,-3.57,0,0,0,0,0,0,0,0,0,0,0,0,0
2026-09-18,2026-09-17,SAP,Technology,213.66,2748.25,246606.38,0.4,0.22,-0.19,0.41,0.02,3.74,0,0,0,0,0,0,0,0,0,0,0,0,0
2026-09-18,2026-09-17,SARO,Industrials,22.54,3529.56,7458.93,1.39,-2.55,-4.13,1.64,0.0,-4.69,0,0,0,0,0,0,0,0,0,0,0,0,0
2026-09-18,2026-09-17,SATL,Industrials,5.51,5734.63,847.1,1.1,11.31,8.04,3.03,1.27,17.23,0,0,0,1,1,1,1,0,0,0,1,0,1
2026-09-18,2026-09-17,SB,Industrials,9.01,1044.67,917.52,2.05,2.97,3.92,-0.91,0.0,7.52,1,0,0,0,0,0,0,0,0,0,0,0,1
2026-09-18,2026-09-17,SBAC,Real Estate,181.13,995.43,19215.74,1.02,0.62,-0.87,1.5,0.0,-0.16,0,0,0,0,0,0,0,0,0,0,0,0,0
2026-09-18,2026-09-17,SBCF,Financial,33.65,1014.15,3258.09,0.74,-0.5,-1.55,1.06,0.27,-0.62,0,0,0,0,0,0,0,0,0,0,0,0,0
2026-09-18,2026-09-17,SBET,Financial,8.26,9456.66,1794.26,0.87,3.51,1.1,2.38,-0.61,-2.02,0,0,0,0,0,0,0,0,0,0,0,0,0
2026-09-18,2026-09-17,SBGI,Communication Services,13.61,518.13,984.25,0.77,-2.99,-4.02,1.07,0.0,-1.52,0,0,0,0,0,0,0,0,0,0,0,0,0
2026-09-18,2026-09-17,SBH,Consumer Cyclical,15.81,1395.97,1480.17,0.7,-1.25,-2.53,1.31,0.0,0.06,0,0,0,0,0,0,0,0,0,0,0,0,0
2026-09-18,2026-09-17,SBLK,Industrials,31.75,1467.65,3555.54,1.51,2.85,1.5,1.33,1.42,3.29,0,0,0,0,0,0,0,0,0,0,0,0,0
2026-09-18,2026-09-17,SBRA,Real Estate,20.15,2870.29,5147.58,0.7,0.3,-0.02,0.32,0.0,-3.26,0,0,0,0,0,0,0,0,0,0,0,0,0
2026-09-18,2026-09-17,SBS,Utilities,5.28,8168.82,18516.06,0.67,0.0,-0.75,0.76,0.0,-0.75,0,0,0,0,0,0,0,0,0,0,0,0,0
2026-09-18,2026-09-17,SBSW,Basic Materials,12.05,5327.44,8527.06,0.99,3.88,0.25,3.62,0.0,-4.14,0,0,0,0,0,0,1,0,0,0,0,0,1
2026-09-18,2026-09-17,SBUX,Consumer Cyclical,96.67,6956.27,110203.8,0.95,-0.69,-1.47,0.79,-0.18,-2.57,0,0,0,0,0,0,0,0,0,0,0,0,0
2026-09-18,2026-09-17,SCCO,Basic Materials,196.11,1207.66,165584.24,0.75,3.28,0.16,3.11,0.15,1.01,0,0,0,0,0,0,1,0,0,0,0,0,1
2026-09-18,2026-09-17,SCHW,Financial,104.63,8711.39,180940.39,0.85,-0.5,-0.64,0.13,0.16,-2.52,0,0,0,0,0,0,0,0,0,0,0,0,0
2026-09-18,2026-09-17,SCI,Consumer Cyclical,79.04,1104.15,10772.49,0.82,-2.04,-2.17,0.12,0.44,-0.87,0,0,0,0,0,0,0,0,0,0,0,0,0
2026-09-18,2026-09-17,SDGR,Healthcare,30.24,1236.59,2262.12,7.3,26.37,25.53,0.67,-1.95,60.85,1,1,1,1,1,1,0,0,0,0,1,1,1
2026-09-18,2026-09-17,SDRL,Energy,48.11,789.8,2997.4,0.56,0.56,0.82,-0.25,0.0,-0.72,0,0,0,0,0,0,0,0,0,0,0,0,0
2026-09-18,2026-09-17,SE,Consumer Cyclical,101.27,4420.19,57416.04,0.72,-2.15,-3.33,1.22,0.72,-5.96,0,0,0,0,0,0,0,0,0,0,0,0,0
2026-09-18,2026-09-17,SECZ,Technology,8.93,1650.41,1457.96,3.51,14.93,7.07,7.34,0.78,11.07,1,1,0,1,1,1,1,1,0,0,0,0,1
2026-09-18,2026-09-17,SEDG,Technology,36.0,3143.64,2214.92,0.48,3.81,1.98,1.79,-0.55,-2.04,0,0,0,0,0,0,0,0,0,0,0,0,0
2026-09-18,2026-09-17,SEI,Energy,69.22,3029.54,5299.94,1.09,7.15,3.31,3.72,0.0,7.9,0,0,0,1,0,0,1,0,0,0,0,0,1
2026-09-18,2026-09-17,SEIC,Financial,104.85,713.69,12584.02,0.86,0.27,-0.61,0.88,0.0,-1.8,0,0,0,0,0,0,0,0,0,0,0,0,0
2026-09-18,2026-09-17,SENS,Healthcare,9.43,735.92,498.6,1.35,4.08,2.61,1.43,0.42,7.28,0,0,0,0,0,0,0,0,0,0,0,0,0
2026-09-18,2026-09-17,SEZL,Financial,113.08,650.51,3807.97,0.92,-3.61,-6.03,2.57,0.62,-4.5,0,0,0,0,0,0,0,0,0,0,0,0,0
2026-09-18,2026-09-17,SF,Financial,75.51,1203.77,11402.14,0.84,-0.09,-1.2,1.12,0.0,-5.25,0,0,0,0,0,0,0,0,0,0,0,0,0
2026-09-18,2026-09-17,SFBS,Financial,40.95,614.46,4475.83,0.87,-0.8,-2.03,1.26,0.0,-3.28,0,0,0,0,0,0,0,0,0,0,0,0,0
2026-09-18,2026-09-17,SFD,Consumer Defensive,19.79,1495.9,7792.66,1.23,-0.8,-1.05,0.25,0.25,-3.89,0,0,0,0,0,0,0,0,0,0,0,0,0
2026-09-18,2026-09-17,SFL,Industrials,13.75,1469.52,2068.48,1.34,1.78,1.48,0.3,0.0,8.44,0,0,0,0,0,0,0,0,0,0,0,0,0
2026-09-18,2026-09-17,SFM,Consumer Defensive,69.64,2010.87,6493.77,0.87,-2.0,-2.6,0.62,0.73,-3.55,0,0,0,0,0,0,0,0,0,0,0,0,0
2026-09-18,2026-09-17,SFNC,Financial,22.88,1412.55,3305.75,0.7,0.28,-0.59,0.88,-0.07,-1.1,0,0,0,0,0,0,0,0,0,0,0,0,0
2026-09-18,2026-09-17,SG,Consumer Cyclical,6.84,5619.16,814.24,0.7,3.32,-1.01,4.38,0.88,1.18,0,0,0,0,0,0,1,0,0,0,0,0,1
2026-09-18,2026-09-17,SGHC,Consumer Cyclical,12.8,2595.08,6503.64,1.2,-3.83,-4.9,1.13,1.24,-6.16,0,0,0,0,0,0,0,0,0,0,0,0,0
2026-09-18,2026-09-17,SGI,Consumer Cyclical,65.04,3109.88,14974.76,0.97,1.29,-1.08,2.4,0.0,-1.62,0,0,0,0,0,0,0,0,0,0,0,0,0
2026-09-18,2026-09-17,SGML,Basic Materials,8.88,1821.86,999.62,1.74,-1.33,-4.41,3.22,1.01,-11.82,0,0,0,0,0,0,1,0,0,0,0,0,1
2026-09-18,2026-09-17,SGMT,Healthcare,11.17,1257.28,687.97,0.81,6.79,4.49,2.2,-1.43,0.99,0,0,0,1,0,0,0,0,0,0,0,0,1
2026-09-18,2026-09-17,SGRY,Healthcare,13.35,1934.23,1747.76,1.97,-4.16,-5.32,1.22,0.0,-5.45,0,0,0,0,0,0,0,0,0,0,0,0,0
2026-09-18,2026-09-17,SHAK,Consumer Cyclical,55.87,1656.54,2391.18,0.81,-1.38,-2.67,1.32,0.45,-9.45,0,0,0,0,0,0,0,0,0,0,0,0,0
2026-09-18,2026-09-17,SHAZ,Technology,56.72,1976.93,2030.95,0.72,8.65,2.82,5.67,0.19,0.27,0,0,0,1,1,0,1,1,0,0,0,0,1
2026-09-18,2026-09-17,SHC,Healthcare,18.95,2698.18,5407.85,0.74,-1.97,-3.51,1.6,1.42,3.78,0,0,0,0,0,0,0,0,0,0,0,0,0
2026-09-18,2026-09-17,SHEL,Energy,95.82,6413.97,274254.09,0.58,0.13,0.36,-0.23,0.19,-0.15,0,0,0,0,0,0,0,0,0,0,0,0,0
2026-09-18,2026-09-17,SHEN,Communication Services,11.47,516.47,635.04,2.05,-1.04,-2.38,1.38,0.0,-4.26,1,0,0,0,0,0,0,0,0,0,0,0,1
2026-09-18,2026-09-17,SHLS,Technology,7.65,5436.61,1287.5,1.07,12.17,8.05,3.81,0.52,7.59,0,0,0,1,1,1,1,0,0,0,0,0,1
2026-09-18,2026-09-17,SHO,Real Estate,11.03,2684.15,2050.96,0.53,0.27,-0.18,0.45,0.0,0.55,0,0,0,0,0,0,0,0,0,0,0,0,0
2026-09-18,2026-09-17,SHOE,Consumer Cyclical,13.24,850.98,359.92,1.25,2.4,0.46,1.93,-1.44,7.82,0,0,0,0,0,0,0,0,0,0,0,0,0
2026-09-18,2026-09-17,SHOO,Consumer Cyclical,41.8,1090.96,3058.8,0.77,0.7,-1.55,2.29,0.0,0.58,0,0,0,0,0,0,0,0,0,0,0,0,0
2026-09-18,2026-09-17,SHOP,Technology,128.6,9194.13,165461.91,0.76,-1.05,-1.27,0.22,0.11,1.58,0,0,0,0,0,0,0,0,0,0,0,0,0
2026-09-18,2026-09-17,SHW,Basic Materials,320.94,2083.8,77910.81,0.72,-0.16,-2.12,2.0,-0.23,1.1,0,0,0,0,0,0,0,0,0,0,0,0,0
2026-09-18,2026-09-17,SIBN,Healthcare,18.04,571.17,808.53,1.04,-2.7,-4.09,1.46,0.0,-1.42,0,0,0,0,0,0,0,0,0,0,0,0,0
2026-09-18,2026-09-17,SIG,Consumer Cyclical,101.45,856.3,3887.29,0.97,-1.45,-3.15,1.76,0.0,3.83,0,0,0,0,0,0,0,0,0,0,0,0,0
2026-09-18,2026-09-17,SIGI,Financial,87.12,514.6,5189.66,1.09,-1.59,-1.71,0.12,0.0,-3.8,0,0,0,0,0,0,0,0,0,0,0,0,0
2026-09-18,2026-09-17,SIMO,Technology,253.3,995.13,8589.4,0.71,5.04,2.03,2.95,0.14,-4.51,0,0,0,1,0,0,0,0,0,0,0,0,1
2026-09-18,2026-09-17,SION,Healthcare,7.18,1991.55,324.63,0.74,1.99,-1.24,3.27,0.42,-5.77,0,0,0,0,0,0,1,0,0,0,0,0,1
2026-09-18,2026-09-17,SIRI,Communication Services,27.74,4051.65,9350.24,1.27,-2.87,-3.31,0.46,0.18,-3.93,0,0,0,0,0,0,0,0,0,0,0,0,0
2026-09-18,2026-09-17,SITE,Industrials,89.1,887.98,3889.7,1.02,0.77,-1.59,2.4,0.0,-5.99,0,0,0,0,0,0,0,0,0,0,0,0,0
2026-09-18,2026-09-17,SITM,Technology,598.6,505.33,18000.52,1.31,9.05,3.18,5.7,-0.1,-0.61,0,0,0,1,1,0,1,1,0,0,0,0,1
2026-09-18,2026-09-17,SJM,Consumer Defensive,123.75,1417.96,13219.37,0.85,0.15,-0.37,0.53,0.0,2.21,0,0,0,0,0,0,0,0,0,0,0,0,0
2026-09-18,2026-09-17,SKE,Basic Materials,31.26,725.26,3921.88,0.47,4.79,0.84,3.92,0.0,0.06,0,0,0,0,0,0,1,0,0,0,0,0,1
2026-09-18,2026-09-17,SKHY,Technology,182.99,31775.27,1333750.1,0.53,4.64,0.56,4.07,0.37,-2.82,0,0,0,0,0,0,1,0,0,0,0,0,1
2026-09-18,2026-09-17,SKM,Communication Services,35.54,2206.23,13514.09,0.52,0.54,0.03,0.51,0.79,-4.08,0,0,0,0,0,0,0,0,0,0,0,0,0
2026-09-18,2026-09-17,SKT,Real Estate,35.75,941.81,4106.92,0.83,-0.06,-0.69,0.64,0.0,-1.97,0,0,0,0,0,0,0,0,0,0,0,0,0
2026-09-18,2026-09-17,SKWD,Financial,56.6,550.65,2512.84,0.43,-1.19,-1.53,0.35,0.0,0.53,0,0,0,0,0,0,0,0,0,0,0,0,0
2026-09-18,2026-09-17,SKY,Consumer Cyclical,85.15,686.12,4621.95,0.95,0.31,-2.29,2.66,0.0,4.16,0,0,0,0,0,0,0,0,0,0,0,0,0
2026-09-18,2026-09-17,SLB,Energy,52.08,13834.79,77294.18,0.88,-0.42,-0.71,0.29,0.12,-7.02,0,0,0,0,0,0,0,0,0,0,0,0,0
2026-09-18,2026-09-17,SLDB,Healthcare,8.87,1540.76,951.08,0.77,1.72,-0.78,2.52,-2.01,-2.21,0,0,0,0,0,0,0,0,1,0,0,0,1
2026-09-18,2026-09-17,SLDE,Financial,25.0,1239.12,2920.3,1.34,-2.61,-2.61,0.0,-0.32,2.25,0,0,0,0,0,0,0,0,0,0,0,0,0
2026-09-18,2026-09-17,SLF,Financial,80.9,779.77,45050.78,0.4,0.78,0.12,0.66,0.0,1.68,0,0,0,0,0,0,0,0,0,0,0,0,0
2026-09-18,2026-09-17,SLG,Real Estate,52.35,974.87,3999.38,1.04,1.16,0.48,0.68,-0.67,1.39,0,0,0,0,0,0,0,0,0,0,0,0,0
2026-09-18,2026-09-17,SLGN,Consumer Cyclical,38.0,1188.53,4015.92,1.01,-1.45,-2.76,1.35,0.0,-1.48,0,0,0,0,0,0,0,0,0,0,0,0,0
2026-09-18,2026-09-17,SLM,Financial,24.99,2507.13,4696.8,0.7,-1.15,-2.46,1.34,0.0,-2.31,0,0,0,0,0,0,0,0,0,0,0,0,0
2026-09-18,2026-09-17,SLN,Healthcare,12.7,1075.58,789.3,0.64,1.6,-0.47,2.08,0.0,-4.58,0,0,0,0,0,0,0,0,0,0,0,0,0
2026-09-18,2026-09-17,SLS,Healthcare,11.53,8436.6,2328.44,0.57,-1.11,1.99,-3.04,-0.52,-14.53,0,0,0,0,0,0,1,0,0,0,0,0,1
2026-09-18,2026-09-17,SM,Energy,36.97,3823.91,8793.46,1.84,-3.12,-1.6,-1.55,0.22,-3.17,0,0,0,0,0,0,0,0,0,0,0,0,0
2026-09-18,2026-09-17,SMA,Real Estate,32.68,735.65,1939.3,0.66,1.3,0.15,1.15,0.0,1.97,0,0,0,0,0,0,0,0,0,0,0,0,0
2026-09-18,2026-09-17,SMCI,Technology,40.35,48942.36,26508.55,1.28,9.5,6.09,3.22,-0.07,7.95,0,0,0,1,1,0,1,0,0,0,0,0,1
2026-09-18,2026-09-17,SMFG,Financial,26.72,1662.55,167972.6,0.54,1.64,0.0,1.64,0.0,0.64,0,0,0,0,0,0,0,0,0,0,0,0,0
2026-09-18,2026-09-17,SMG,Basic Materials,53.93,921.52,3139.82,1.14,-1.57,-3.16,1.64,0.05,-3.97,0,0,0,0,0,0,0,0,0,0,0,0,0
2026-09-18,2026-09-17,SMMT,Healthcare,17.72,5124.94,14136.13,1.2,2.43,-0.06,2.49,0.17,4.24,0,0,0,0,0,0,0,0,0,0,0,0,0
2026-09-18,2026-09-17,SMPL,Consumer Defensive,10.05,2374.37,889.03,1.29,-1.37,-3.46,2.16,-1.39,-1.86,0,0,0,0,0,0,0,0,0,0,0,0,0
2026-09-18,2026-09-17,SMR,Industrials,9.04,33015.43,3884.69,1.49,8.92,5.79,2.95,-0.33,-11.46,0,0,0,1,1,0,0,0,0,0,0,0,1
2026-09-18,2026-09-17,SMTC,Technology,178.19,3370.08,16629.69,1.33,6.35,4.3,1.97,0.19,11.98,0,0,0,1,0,0,0,0,0,0,0,0,1
2026-09-18,2026-09-17,SMWB,Technology,8.34,934.8,730.59,0.39,0.0,-0.6,0.6,0.0,2.96,0,0,0,0,0,0,0,0,0,0,0,0,0
2026-09-18,2026-09-17,SN,Consumer Cyclical,166.16,1708.97,23407.22,1.84,-2.65,-3.96,1.37,0.2,2.2,0,0,0,0,0,0,0,0,0,0,0,0,0
2026-09-18,2026-09-17,SNAP,Communication Services,5.65,39232.36,9555.27,1.27,-1.22,-3.42,2.27,-0.08,2.36,0,0,0,0,0,0,0,0,0,0,0,0,0
2026-09-18,2026-09-17,SNDA,Healthcare,38.74,595.39,1861.38,0.66,-1.75,-1.68,-0.08,0.0,-2.61,0,0,0,0,0,0,0,0,0,0,0,0,0
2026-09-18,2026-09-17,SNDK,Technology,1614.39,13764.99,236377.38,0.61,6.21,3.19,2.93,-0.04,-4.62,0,0,0,1,0,0,0,0,0,0,0,0,1
2026-09-18,2026-09-17,SNDR,Industrials,32.56,810.11,5707.79,0.98,-0.58,-1.81,1.25,0.0,-4.29,0,0,0,0,0,0,0,0,0,0,0,0,0
2026-09-18,2026-09-17,SNDX,Healthcare,17.68,1660.25,1578.77,1.56,2.31,0.86,1.45,0.0,-6.06,0,0,0,0,0,0,0,0,0,0,0,0,0
2026-09-18,2026-09-17,SNEX,Financial,66.13,1146.39,7976.39,0.44,-2.19,-3.54,1.41,0.11,-5.22,0,0,0,0,0,0,0,0,0,0,0,0,0
2026-09-18,2026-09-17,SNN,Healthcare,27.78,1715.65,11626.21,0.68,-0.07,-0.07,0.0,0.0,0.58,0,0,0,0,0,0,0,0,0,0,0,0,0
2026-09-18,2026-09-17,SNOW,Technology,338.39,5473.57,119383.99,0.78,2.23,1.31,0.9,-0.04,2.63,0,0,0,0,0,0,0,0,0,0,0,0,0
2026-09-18,2026-09-17,SNPS,Technology,381.17,1919.78,73046.14,0.83,0.71,-0.85,1.58,-0.26,-4.03,0,0,0,0,0,0,0,0,0,0,0,0,0
2026-09-18,2026-09-17,SNX,Technology,264.41,760.54,21141.89,1.07,1.5,0.19,1.31,0.22,3.47,0,0,0,0,0,0,0,0,0,0,0,0,0
2026-09-18,2026-09-17,SNY,Healthcare,43.14,3283.42,102823.33,0.9,1.29,0.75,0.54,0.14,0.98,0,0,0,0,0,0,0,0,0,0,0,0,0
2026-09-18,2026-09-17,SO,Utilities,86.76,5763.67,99805.5,0.92,0.61,0.14,0.48,-0.03,-1.13,0,0,0,0,0,0,0,0,0,0,0,0,0
2026-09-18,2026-09-17,SOBO,Energy,35.77,708.31,7461.26,0.36,0.62,1.13,-0.51,0.09,-1.7,0,0,0,0,0,0,0,0,0,0,0,0,0
2026-09-18,2026-09-17,SOFI,Financial,16.73,65533.03,21607.98,0.66,-0.65,-3.52,2.97,0.06,-2.79,0,0,0,0,0,0,0,0,0,0,0,0,0
2026-09-18,2026-09-17,SOLS,Basic Materials,58.8,3410.68,9342.69,0.5,0.55,0.12,0.43,0.36,-4.48,0,0,0,0,0,0,0,0,0,0,0,0,0
2026-09-18,2026-09-17,SOLV,Healthcare,87.53,1149.85,14899.69,0.91,-1.46,-1.75,0.29,0.0,-0.14,0,0,0,0,0,0,0,0,0,0,0,0,0
2026-09-18,2026-09-17,SON,Consumer Cyclical,48.82,1162.59,4827.08,1.01,0.85,-1.55,2.44,1.0,0.81,0,0,0,0,0,0,0,0,0,0,0,0,0
2026-09-18,2026-09-17,SONO,Technology,16.07,1976.5,1900.99,0.9,3.01,1.2,1.79,0.37,9.84,0,0,0,0,0,0,0,0,0,0,0,0,0
2026-09-18,2026-09-17,SONY,Technology,23.83,4868.06,139940.96,0.84,0.42,-1.35,1.79,0.17,1.32,0,0,0,0,0,0,0,0,0,0,0,0,0
2026-09-18,2026-09-17,SOUN,Technology,6.0,29809.99,2699.26,0.56,1.18,-1.64,2.87,0.17,-4.46,0,0,0,0,0,0,0,0,0,0,0,0,0
2026-09-18,2026-09-17,SPCX,Industrials,154.81,97702.51,2100937.2,0.86,2.6,0.66,1.94,0.13,4.47,0,0,0,0,0,0,0,0,0,0,0,0,0
2026-09-18,2026-09-17,SPG,Real Estate,204.47,1687.0,66158.22,0.81,0.75,0.05,0.7,-0.16,-0.1,0,0,0,0,0,0,0,0,0,0,0,0,0
2026-09-18,2026-09-17,SPGI,Financial,404.11,2173.35,119131.62,0.68,-0.65,-1.18,0.54,0.24,-1.54,0,0,0,0,0,0,0,0,0,0,0,0,0
2026-09-18,2026-09-17,SPHR,Communication Services,144.94,701.26,5205.32,0.65,0.35,-2.61,3.05,-0.3,2.19,0,0,0,0,0,0,1,0,0,0,0,0,1
2026-09-18,2026-09-17,SPIR,Industrials,12.14,829.48,493.15,0.83,5.66,3.76,1.83,-1.44,7.62,0,0,0,1,0,0,0,0,0,0,0,0,1
2026-09-18,2026-09-17,SPNT,Financial,24.43,744.81,2837.91,0.95,-0.16,-1.01,0.86,0.0,0.29,0,0,0,0,0,0,0,0,0,0,0,0,0
2026-09-18,2026-09-17,SPOT,Communication Services,528.84,1760.25,108878.82,0.73,-3.4,-3.95,0.57,0.03,1.36,0,0,0,0,0,0,0,0,0,0,0,0,0
2026-09-18,2026-09-17,SPSC,Technology,80.34,649.73,2892.25,0.65,-0.42,-0.26,-0.16,1.34,4.03,0,0,0,0,0,0,0,0,0,0,0,0,0
2026-09-18,2026-09-17,SPT,Technology,10.82,1289.32,656.05,0.74,-3.99,-4.84,0.89,0.0,1.98,0,0,0,0,0,0,0,0,0,0,0,0,0
2026-09-18,2026-09-17,SPXC,Industrials,179.7,630.01,9000.43,0.68,0.57,-2.21,2.84,-0.39,-3.88,0,0,0,0,0,0,0,0,0,0,0,0,0
2026-09-18,2026-09-17,SQM,Basic Materials,71.8,968.78,10254.48,0.95,4.54,1.74,2.75,0.21,-0.95,0,0,0,0,0,0,0,0,0,0,0,0,0
2026-09-18,2026-09-17,SR,Utilities,80.34,546.11,4749.44,0.8,0.55,0.36,0.19,0.0,-1.39,0,0,0,0,0,0,0,0,0,0,0,0,0
2026-09-18,2026-09-17,SRAD,Technology,12.36,2304.38,3853.32,0.77,-6.58,-6.72,0.15,0.89,-2.68,0,0,0,1,0,0,0,0,0,0,0,0,1
2026-09-18,2026-09-17,SRE,Utilities,82.18,3848.53,53737.53,1.02,0.59,-0.01,0.6,0.09,-2.17,0,0,0,0,0,0,0,0,0,0,0,0,0
2026-09-18,2026-09-17,SRPT,Healthcare,20.67,3417.51,2183.31,0.76,4.61,2.17,2.38,0.0,0.73,0,0,0,0,0,0,0,0,0,0,0,0,0
2026-09-18,2026-09-17,SRRK,Healthcare,49.02,1482.55,5969.92,2.35,-0.71,-1.01,0.3,0.0,-11.95,1,0,0,0,0,0,0,0,0,0,0,0,1
2026-09-18,2026-09-17,SRTA,Healthcare,5.38,1074.73,475.95,0.53,3.07,1.51,1.53,0.0,4.87,0,0,0,0,0,0,0,0,0,0,0,0,0
2026-09-18,2026-09-17,SSB,Financial,103.67,816.16,10053.35,0.67,-0.18,-1.24,1.07,0.22,-2.05,0,0,0,0,0,0,0,0,0,0,0,0,0
2026-09-18,2026-09-17,SSL,Basic Materials,14.14,1485.0,8961.23,1.39,-1.05,2.69,-3.64,-1.98,-3.48,0,0,0,0,0,0,1,0,0,0,0,0,1
2026-09-18,2026-09-17,SSNC,Technology,80.04,1775.9,18781.79,0.86,-0.63,-0.58,-0.05,0.0,1.42,0,0,0,0,0,0,0,0,0,0,0,0,0
2026-09-18,2026-09-17,SSRM,Basic Materials,36.15,3092.08,7370.31,0.53,2.63,-1.82,4.53,0.07,-0.18,0,0,0,0,0,0,1,0,0,0,0,0,1
2026-09-18,2026-09-17,SSYS,Technology,8.0,720.9,700.69,1.29,5.68,3.09,2.51,0.25,5.68,0,0,0,1,0,0,0,0,0,0,0,0,1
2026-09-18,2026-09-17,ST,Technology,42.24,1586.58,6147.44,0.74,0.79,-2.13,2.98,0.0,0.12,0,0,0,0,0,0,0,0,0,0,0,0,0
2026-09-18,2026-09-17,STAA,Healthcare,21.24,904.49,1065.06,0.87,-5.22,-5.43,0.22,-0.94,-9.31,0,0,0,1,0,0,0,0,0,0,0,0,1
2026-09-18,2026-09-17,STAG,Real Estate,37.49,1619.09,7228.38,0.83,1.11,0.35,0.76,1.09,1.68,0,0,0,0,0,0,0,0,0,0,0,0,0
2026-09-18,2026-09-17,STDN,Basic Materials,12.49,1072.32,1955.31,0.56,4.87,4.08,0.76,1.2,2.46,0,0,0,0,0,0,0,0,0,0,0,0,0
2026-09-18,2026-09-17,STE,Healthcare,208.04,736.05,20283.92,1.04,-0.89,-1.31,0.43,0.0,-2.08,0,0,0,0,0,0,0,0,0,0,0,0,0
2026-09-18,2026-09-17,STEP,Financial,47.1,1370.29,5683.87,0.74,-2.46,-4.69,2.34,0.0,-4.54,0,0,0,0,0,0,0,0,0,0,0,0,0
2026-09-18,2026-09-17,STGW,Communication Services,8.31,1389.98,2031.59,0.77,-0.24,-0.48,0.24,0.0,-3.03,0,0,0,0,0,0,0,0,0,0,0,0,0
2026-09-18,2026-09-17,STLA,Consumer Cyclical,5.05,20731.17,14618.39,1.08,2.64,-0.39,3.05,0.2,-4.36,0,0,0,0,0,0,1,0,0,0,0,0,1
2026-09-18,2026-09-17,STLD,Basic Materials,245.35,1229.74,35165.55,0.69,2.99,1.2,1.77,-3.81,3.49,0,0,0,0,0,0,0,0,1,0,0,0,1
2026-09-18,2026-09-17,STLN,Healthcare,6.63,1668.69,662.89,1.93,1.53,-0.45,1.99,-1.36,6.94,0,0,0,0,0,0,0,0,0,0,0,0,0
2026-09-18,2026-09-17,STM,Technology,48.61,10049.37,43386.37,0.64,1.14,-1.18,2.35,0.24,-4.2,0,0,0,0,0,0,0,0,0,0,0,0,0
2026-09-18,2026-09-17,STNE,Technology,9.75,4825.88,2371.48,0.72,0.31,-0.91,1.23,0.46,-5.34,0,0,0,0,0,0,0,0,0,0,0,0,0
2026-09-18,2026-09-17,STNG,Energy,87.85,835.38,4399.65,1.66,2.58,2.28,0.29,0.09,3.95,0,0,0,0,0,0,0,0,0,0,0,0,0
2026-09-18,2026-09-17,STOK,Healthcare,28.93,891.36,1866.75,1.08,3.65,1.83,1.79,0.0,-1.4,0,0,0,0,0,0,0,0,0,0,0,0,0
2026-09-18,2026-09-17,STRC,Technology,98.13,2159.68,49011.0,0.5,1.09,0.84,0.25,-0.06,0.67,0,0,0,0,0,0,0,0,0,0,0,0,0
2026-09-18,2026-09-17,STRL,Industrials,505.72,769.71,15469.22,0.87,4.78,-1.03,5.87,-0.69,4.3,0,0,0,0,0,0,1,1,0,0,0,0,1
2026-09-18,2026-09-17,STT,Financial,183.07,2028.88,50289.65,0.72,0.09,-1.21,1.32,0.0,-4.3,0,0,0,0,0,0,0,0,0,0,0,0,0
2026-09-18,2026-09-17,STTK,Healthcare,5.85,1241.26,587.13,0.53,-0.51,-2.99,2.55,0.34,-4.88,0,0,0,0,0,0,0,0,0,0,0,0,0
2026-09-18,2026-09-17,STUB,Communication Services,5.94,7033.56,2269.61,0.97,0.85,-0.67,1.53,0.51,-0.17,0,0,0,0,0,0,0,0,0,0,0,0,0
2026-09-18,2026-09-17,STX,Technology,803.13,4747.02,182626.15,1.12,2.55,-0.73,3.3,-0.17,-6.87,0,0,0,0,0,0,1,0,0,0,0,0,1
2026-09-18,2026-09-17,STZ,Consumer Defensive,122.45,2167.73,15862.56,0.76,-0.47,-0.82,0.35,0.0,-1.1,0,0,0,0,0,0,0,0,0,0,0,0,0
2026-09-18,2026-09-17,SU,Energy,69.49,4605.75,81277.59,0.79,0.78,1.5,-0.71,0.27,0.81,0,0,0,0,0,0,0,0,0,0,0,0,0
2026-09-18,2026-09-17,SUI,Real Estate,114.95,1691.83,14001.02,0.59,0.05,-0.51,0.57,0.0,0.02,0,0,0,0,0,0,0,0,0,0,0,0,0
2026-09-18,2026-09-17,SUJA,Consumer Defensive,8.57,581.83,331.02,0.52,-5.82,-6.95,1.21,0.93,-6.64,0,0,0,1,0,0,0,0,0,0,0,0,1
2026-09-18,2026-09-17,SUNB,Industrials,73.97,5054.58,30310.31,1.01,2.24,-1.75,4.06,-1.3,1.08,0,0,0,0,0,0,1,0,0,0,0,0,1
2026-09-18,2026-09-17,SUPN,Healthcare,42.92,846.87,2498.99,0.66,3.72,3.02,0.68,1.96,2.95,0,0,0,0,0,0,0,0,0,0,0,0,0
2026-09-18,2026-09-17,SUPV,Financial,8.38,578.43,638.47,0.56,0.12,-1.76,1.91,0.0,-4.01,0,0,0,0,0,0,0,0,0,0,0,0,0
2026-09-18,2026-09-17,SUZ,Basic Materials,9.26,3173.7,11418.88,0.63,1.76,0.98,0.77,0.0,-1.8,0,0,0,0,0,0,0,0,0,0,0,0,0
2026-09-18,2026-09-17,SVM,Basic Materials,12.15,2806.14,2687.7,0.72,8.68,3.4,5.1,0.08,0.25,0,0,0,1,1,0,1,1,0,0,0,0,1
2026-09-18,2026-09-17,SVRA,Healthcare,5.42,1744.8,1113.59,0.7,5.65,3.63,1.95,-0.03,1.88,0,0,0,1,0,0,0,0,0,0,0,0,1
2026-09-18,2026-09-17,SVV,Consumer Cyclical,9.26,1310.06,1428.42,0.75,1.54,-0.64,2.19,-1.73,-3.94,0,0,0,0,0,0,0,0,0,0,0,0,0
2026-09-18,2026-09-17,SW,Consumer Cyclical,45.48,5161.21,23781.0,0.87,2.02,0.02,2.0,0.0,7.75,0,0,0,0,0,0,0,0,0,0,0,0,0
2026-09-18,2026-09-17,SWBI,Industrials,13.33,706.61,597.72,0.85,2.07,2.07,0.0,0.08,0.3,0,0,0,0,0,0,0,0,0,0,0,0,0
2026-09-18,2026-09-17,SWIM,Industrials,6.24,851.02,734.11,0.6,-0.79,-3.41,2.7,0.0,-1.42,0,0,0,0,0,0,0,0,0,0,0,0,0
2026-09-18,2026-09-17,SWK,Industrials,89.12,1800.59,13458.6,0.88,0.08,-2.24,2.37,0.31,-0.12,0,0,0,0,0,0,0,0,0,0,0,0,0
2026-09-18,2026-09-17,SWKS,Technology,91.32,6194.31,13741.17,1.19,6.69,5.26,1.36,-0.13,8.68,0,0,0,1,0,0,0,0,0,0,0,0,1
2026-09-18,2026-09-17,SWX,Utilities,86.51,538.92,6267.29,1.12,-0.27,-0.76,0.5,0.0,-0.45,0,0,0,0,0,0,0,0,0,0,0,0,0
2026-09-18,2026-09-17,SXC,Basic Materials,9.66,1405.33,819.89,0.63,0.52,-0.51,1.04,0.0,-4.64,0,0,0,0,0,0,0,0,0,0,0,0,0
2026-09-18,2026-09-17,SYF,Financial,74.41,3527.01,24210.85,0.62,-0.63,-2.26,1.67,0.0,-1.37,0,0,0,0,0,0,0,0,0,0,0,0,0
2026-09-18,2026-09-17,SYK,Healthcare,280.13,2660.62,107450.31,0.89,-1.63,-2.09,0.47,0.5,3.75,0,0,0,0,0,0,0,0,0,0,0,0,0
2026-09-18,2026-09-17,SYM,Industrials,44.61,1749.79,26980.2,1.35,3.48,0.02,3.46,-0.16,8.54,0,0,0,0,0,0,1,0,0,0,0,0,1
2026-09-18,2026-09-17,SYNA,Technology,91.12,936.75,3563.43,0.85,2.11,-0.78,2.91,0.0,-2.51,0,0,0,0,0,0,0,0,0,0,0,0,0
2026-09-18,2026-09-17,SYRE,Healthcare,92.68,1294.39,8171.94,1.11,1.66,-0.19,1.85,-1.4,4.48,0,0,0,0,0,0,0,0,0,0,0,0,0
2026-09-18,2026-09-17,SYY,Consumer Defensive,79.11,3502.32,37938.65,1.37,0.51,0.1,0.41,0.82,-3.89,0,0,0,0,0,0,0,0,0,0,0,0,0
2026-09-18,2026-09-17,T,Communication Services,25.39,59448.11,173982.07,0.64,-1.82,-2.27,0.46,0.16,-0.63,0,0,0,0,0,0,0,0,0,0,0,0,0
2026-09-18,2026-09-17,TAC,Utilities,12.29,1774.71,3887.33,0.45,2.85,1.57,1.26,0.0,0.9,0,0,0,0,0,0,0,0,0,0,0,0,0
2026-09-18,2026-09-17,TAK,Healthcare,19.05,3099.66,60622.24,0.87,2.2,0.16,2.04,-0.71,5.19,0,0,0,0,0,0,0,0,0,0,0,0,0
2026-09-18,2026-09-17,TAL,Consumer Defensive,11.7,4842.26,3908.85,0.69,-2.01,-1.97,-0.04,0.0,1.74,0,0,0,0,0,0,0,0,0,0,0,0,0
2026-09-18,2026-09-17,TALO,Energy,17.15,2047.03,2863.46,0.61,-1.55,-0.23,-1.32,0.12,-2.22,0,0,0,0,0,0,0,0,0,0,0,0,0
2026-09-18,2026-09-17,TAP,Consumer Defensive,39.08,3053.01,7338.86,1.08,-0.08,-0.51,0.43,0.0,1.66,0,0,0,0,0,0,0,0,0,0,0,0,0
2026-09-18,2026-09-17,TARS,Healthcare,79.03,1007.09,3468.08,0.47,1.79,0.61,1.17,0.0,-2.58,0,0,0,0,0,0,0,0,0,0,0,0,0
2026-09-18,2026-09-17,TASK,Technology,8.14,702.64,746.33,0.4,-0.31,-1.33,1.04,0.0,6.54,0,0,0,0,0,0,0,0,0,0,0,0,0
2026-09-18,2026-09-17,TBBB,Consumer Defensive,50.9,646.04,5526.91,0.7,0.97,-0.04,1.01,1.51,-0.86,0,0,0,0,0,0,0,0,0,0,0,0,0
2026-09-18,2026-09-17,TBCVU,Financial,9.93,661.67,305.46,0.8,0.05,0.05,0.0,,-0.05,0,0,0,0,0,0,0,0,0,0,0,0,0
2026-09-18,2026-09-17,TBPH,Healthcare,17.04,645.47,884.7,0.48,0.06,0.0,0.06,-0.12,0.12,0,0,0,0,0,0,0,0,0,0,0,0,0
2026-09-18,2026-09-17,TCOM,Consumer Cyclical,40.36,3448.24,26217.05,1.2,-0.17,-1.05,0.89,0.07,4.29,0,0,0,0,0,0,0,0,0,0,0,0,0
2026-09-18,2026-09-17,TD,Financial,121.81,2428.85,205797.99,0.82,1.0,0.04,0.96,0.0,1.39,0,0,0,0,0,0,0,0,0,0,0,0,0
2026-09-18,2026-09-17,TDAY,Communication Services,6.32,2126.04,927.89,1.35,-2.47,-3.81,1.39,0.0,0.48,0,0,0,0,0,0,0,0,0,0,0,0,0
2026-09-18,2026-09-17,TDC,Technology,29.27,3005.54,2722.11,0.44,0.34,0.45,-0.1,0.27,6.98,0,0,0,0,0,0,0,0,0,0,0,0,0
2026-09-18,2026-09-17,TDOC,Healthcare,6.28,4586.33,1140.98,0.55,-2.33,-3.68,1.4,0.32,3.12,0,0,0,0,0,0,0,0,0,0,0,0,0
2026-09-18,2026-09-17,TDS,Communication Services,36.07,1198.12,3881.13,1.38,-2.7,-3.3,0.62,0.0,-3.66,0,0,0,0,0,0,0,0,0,0,0,0,0
2026-09-18,2026-09-17,TDW,Energy,87.83,716.75,4370.09,0.73,-0.39,-1.24,0.86,1.08,-4.52,0,0,0,0,0,0,0,0,0,0,0,0,0
2026-09-18,2026-09-17,TEAM,Technology,192.53,4421.55,48736.81,0.56,1.18,2.07,-0.87,0.31,7.22,0,0,0,0,0,0,0,0,0,0,0,0,0
2026-09-18,2026-09-17,TECH,Healthcare,72.41,4701.59,11355.21,0.8,0.11,0.07,0.04,0.0,0.46,0,0,0,0,0,0,0,0,0,0,0,0,0
2026-09-18,2026-09-17,TECK,Basic Materials,65.22,3185.58,31996.93,0.5,1.51,-0.44,1.96,0.0,-1.03,0,0,0,0,0,0,0,0,0,0,0,0,0
2026-09-18,2026-09-17,TEL,Technology,206.6,2332.3,59813.43,1.04,2.18,-1.81,4.06,0.0,0.96,0,0,0,0,0,0,1,0,0,0,0,0,1
2026-09-18,2026-09-17,TEM,Healthcare,80.36,6304.98,14499.74,2.68,14.85,10.54,3.9,-0.54,36.81,1,0,0,1,1,1,1,0,0,0,1,0,1
2026-09-18,2026-09-17,TENB,Technology,36.06,4238.08,3971.65,0.91,-0.85,0.49,-1.33,-1.68,12.58,0,0,0,0,0,0,0,0,0,0,0,0,0
2026-09-18,2026-09-17,TER,Technology,353.13,3775.69,55208.6,0.69,3.51,0.08,3.43,-0.32,-4.61,0,0,0,0,0,0,1,0,0,0,0,0,1
2026-09-18,2026-09-17,TEVA,Healthcare,39.19,5183.36,45668.11,1.07,1.71,0.59,1.12,0.03,7.81,0,0,0,0,0,0,0,0,0,0,0,0,0
2026-09-18,2026-09-17,TEX,Industrials,57.88,1294.69,6615.69,0.85,-1.6,-4.41,2.94,0.0,-2.95,0,0,0,0,0,0,0,0,0,0,0,0,0
2026-09-18,2026-09-17,TFC,Financial,48.45,7554.16,59187.79,1.35,0.02,-1.28,1.32,0.0,-3.74,0,0,0,0,0,0,0,0,0,0,0,0,0
2026-09-18,2026-09-17,TFPM,Basic Materials,32.87,615.3,6771.22,0.6,2.88,0.06,2.82,1.95,-0.27,0,0,0,0,0,0,0,0,0,0,0,0,0
2026-09-18,2026-09-17,TFSL,Financial,16.81,867.44,4714.24,0.69,0.18,-1.06,1.25,0.18,-1.58,0,0,0,0,0,0,0,0,0,0,0,0,0
2026-09-18,2026-09-17,TFX,Healthcare,125.59,550.63,5321.55,1.57,-1.88,-1.07,-0.82,0.0,-4.86,0,0,0,0,0,0,0,0,0,0,0,0,0
2026-09-18,2026-09-17,TGB,Basic Materials,8.38,5586.16,3067.25,0.77,5.41,1.45,3.9,-0.01,4.49,0,0,0,1,0,0,1,0,0,0,0,0,1
2026-09-18,2026-09-17,TGT,Consumer Defensive,159.83,4255.34,72610.25,0.96,3.33,2.18,1.12,0.08,2.63,0,0,0,0,0,0,0,0,0,0,0,0,0
2026-09-18,2026-09-17,TGTX,Healthcare,56.47,2311.24,8643.81,0.64,1.11,-1.98,3.15,0.85,1.95,0,0,0,0,0,0,1,0,0,0,0,0,1
2026-09-18,2026-09-17,TH,Industrials,20.76,1467.42,2068.19,1.72,10.66,7.23,3.2,-0.19,8.58,0,0,0,1,1,1,1,0,0,0,0,0,1
2026-09-18,2026-09-17,THC,Healthcare,261.9,1082.61,21087.93,0.65,-1.46,-1.02,-0.44,0.61,-0.59,0,0,0,0,0,0,0,0,0,0,0,0,0
2026-09-18,2026-09-17,THO,Consumer Cyclical,68.84,650.58,3583.63,1.11,-1.29,-2.97,1.74,0.23,-4.4,0,0,0,0,0,0,0,0,0,0,0,0,0
2026-09-18,2026-09-17,TIC,Industrials,9.0,1980.0,1963.98,0.67,1.69,-0.22,1.92,0.11,-2.91,0,0,0,0,0,0,0,0,0,0,0,0,0
2026-09-18,2026-09-17,TIGO,Communication Services,95.69,1320.6,16031.9,0.44,0.15,-0.74,0.89,-0.03,-0.81,0,0,0,0,0,0,0,0,0,0,0,0,0
2026-09-18,2026-09-17,TILE,Consumer Cyclical,34.38,501.45,1987.18,0.72,-0.81,-2.58,1.82,0.0,1.57,0,0,0,0,0,0,0,0,0,0,0,0,0
2026-09-18,2026-09-17,TIMB,Communication Services,18.98,505.95,9067.5,0.63,-0.42,-0.52,0.1,0.0,-1.04,0,0,0,0,0,0,0,0,0,0,0,0,0
2026-09-18,2026-09-17,TJX,Consumer Cyclical,126.55,6545.89,139201.71,2.03,3.02,2.41,0.59,0.49,0.1,1,0,0,0,0,0,0,0,0,0,0,0,1
2026-09-18,2026-09-17,TK,Energy,14.67,571.48,1286.43,1.0,1.95,1.8,0.14,-0.34,4.04,0,0,0,0,0,0,0,0,0,0,0,0,0
2026-09-18,2026-09-17,TKC,Communication Services,5.1,2345.05,4442.0,0.89,3.45,0.79,2.64,0.0,-3.23,0,0,0,0,0,0,0,0,0,0,0,0,0
2026-09-18,2026-09-17,TKO,Communication Services,189.3,1260.85,35828.76,0.58,-1.63,-1.92,0.3,1.29,-0.18,0,0,0,0,0,0,0,0,0,0,0,0,0
2026-09-18,2026-09-17,TKR,Industrials,116.58,929.68,8078.62,0.88,-0.1,-2.26,2.2,0.0,-1.34,0,0,0,0,0,0,0,0,0,0,0,0,0
2026-09-18,2026-09-17,TLK,Communication Services,14.24,784.53,14037.93,1.48,-2.86,-2.8,-0.07,-0.07,-5.0,0,0,0,0,0,0,0,0,0,0,0,0,0
2026-09-18,2026-09-17,TLN,Utilities,293.31,842.63,14053.73,0.89,1.99,-0.95,2.96,0.24,-5.85,0,0,0,0,0,0,0,0,0,0,0,0,0
2026-09-18,2026-09-17,TMDX,Healthcare,86.66,916.46,3004.95,0.75,-1.03,-1.52,0.5,-0.08,1.9,0,0,0,0,0,0,0,0,0,0,0,0,0
2026-09-18,2026-09-17,TME,Communication Services,7.77,8522.84,4648.79,0.44,-0.64,-0.64,0.0,0.51,-1.65,0,0,0,0,0,0,0,0,0,0,0,0,0
2026-09-18,2026-09-17,TMO,Healthcare,658.32,2038.19,243412.04,2.06,1.53,0.24,1.28,0.42,9.14,1,0,0,0,0,0,0,0,0,0,0,0,1
2026-09-18,2026-09-17,TMUS,Communication Services,166.45,4935.25,178546.19,1.39,-5.57,-5.75,0.2,0.18,-6.05,0,0,0,1,0,0,0,0,0,0,0,0,1
2026-09-18,2026-09-17,TNDM,Healthcare,17.23,1920.33,1198.84,1.16,-1.71,-2.77,1.08,0.0,-5.9,0,0,0,0,0,0,0,0,0,0,0,0,0
2026-09-18,2026-09-17,TNGX,Healthcare,23.49,3012.95,3960.66,0.57,0.6,-1.26,1.88,0.0,0.51,0,0,0,0,0,0,0,0,0,0,0,0,0
2026-09-18,2026-09-17,TNL,Consumer Cyclical,63.74,723.85,3901.16,0.73,-1.06,-2.73,1.72,0.0,-2.48,0,0,0,0,0,0,0,0,0,0,0,0,0
2026-09-18,2026-09-17,TOL,Consumer Cyclical,134.32,966.29,12377.19,0.86,1.27,-1.24,2.53,0.51,1.39,0,0,0,0,0,0,0,0,0,0,0,0,0
2026-09-18,2026-09-17,TOST,Technology,30.65,10960.41,17807.65,0.59,-1.51,-1.98,0.48,0.34,-4.04,0,0,0,0,0,0,0,0,0,0,0,0,0
2026-09-18,2026-09-17,TOWN,Financial,37.1,638.21,3420.07,0.58,-0.16,-0.78,0.62,0.22,0.03,0,0,0,0,0,0,0,0,0,0,0,0,0
2026-09-18,2026-09-17,TPC,Industrials,85.67,706.22,4503.6,0.59,-0.21,-2.29,2.13,0.0,-0.65,0,0,0,0,0,0,0,0,0,0,0,0,0
2026-09-18,2026-09-17,TPG,Financial,46.22,2645.28,17772.74,1.04,-0.71,-2.67,2.02,0.61,-1.51,0,0,0,0,0,0,0,0,0,0,0,0,0
2026-09-18,2026-09-17,TPR,Consumer Cyclical,116.04,3000.0,23137.41,0.82,-1.61,-3.9,2.38,0.05,0.15,0,0,0,0,0,0,0,0,0,0,0,0,0
2026-09-18,2026-09-17,TRAX,Healthcare,39.2,771.25,1400.65,0.72,0.51,-1.78,2.33,0.0,3.21,0,0,0,0,0,0,0,0,0,0,0,0,0
2026-09-18,2026-09-17,TREX,Industrials,43.41,1907.31,4421.97,0.59,0.7,-2.01,2.76,0.0,-0.6,0,0,0,0,0,0,0,0,0,0,0,0,0
2026-09-18,2026-09-17,TRGP,Energy,285.07,1229.65,61127.85,0.71,0.11,0.41,-0.3,-0.38,-2.34,0,0,0,0,0,0,0,0,0,0,0,0,0
2026-09-18,2026-09-17,TRI,Industrials,99.48,2029.61,43097.72,0.61,-1.81,-1.03,-0.78,0.04,3.94,0,0,0,0,0,0,0,0,0,0,0,0,0
2026-09-18,2026-09-17,TRIN,Financial,18.01,1025.33,1705.43,1.02,2.33,1.12,1.19,0.44,1.07,0,0,0,0,0,0,0,0,0,0,0,0,0
2026-09-18,2026-09-17,TRIP,Consumer Cyclical,8.87,3543.13,1039.56,1.18,-0.78,-1.77,1.01,0.34,0.51,0,0,0,0,0,0,0,0,0,0,0,0,0
2026-09-18,2026-09-17,TRLV,Healthcare,11.65,1314.71,2243.39,1.19,0.87,1.22,-0.35,-0.43,2.92,0,0,0,0,0,0,0,0,0,0,0,0,0
2026-09-18,2026-09-17,TRMB,Technology,57.33,3204.48,13368.2,0.72,0.02,-0.33,0.35,1.65,0.86,0,0,0,0,0,0,0,0,0,0,0,0,0
2026-09-18,2026-09-17,TRMD,Energy,36.63,942.09,3750.55,1.27,0.08,0.3,-0.22,-0.08,5.87,0,0,0,0,0,0,0,0,0,0,0,0,0
2026-09-18,2026-09-17,TRN,Industrials,28.4,698.81,2262.62,0.89,0.25,-1.05,1.31,0.0,0.14,0,0,0,0,0,0,0,0,0,0,0,0,0
2026-09-18,2026-09-17,TRNO,Real Estate,66.23,839.72,7217.1,1.27,0.94,0.46,0.49,0.0,1.86,0,0,0,0,0,0,0,0,0,0,0,0,0
2026-09-18,2026-09-17,TROW,Financial,102.84,1885.57,21937.4,0.85,0.43,-0.88,1.32,0.0,-4.38,0,0,0,0,0,0,0,0,0,0,0,0,0
2026-09-18,2026-09-17,TRP,Energy,61.65,2444.64,61650.0,1.18,0.72,-0.27,1.0,-0.11,-0.42,0,0,0,0,0,0,0,0,0,0,0,0,0
2026-09-18,2026-09-17,TRU,Financial,73.11,2354.17,14007.88,0.81,-2.08,-2.64,0.58,0.4,-4.99,0,0,0,0,0,0,0,0,0,0,0,0,0
2026-09-18,2026-09-17,TRV,Financial,379.49,1909.64,79152.13,0.72,0.15,-0.19,0.34,-0.43,3.25,0,0,0,0,0,0,0,0,0,0,0,0,0
2026-09-18,2026-09-17,TRVI,Healthcare,15.21,2185.36,2167.06,0.69,1.33,-1.11,2.47,0.59,-4.4,0,0,0,0,0,0,0,0,0,0,0,0,0
2026-09-18,2026-09-17,TS,Energy,56.52,1272.48,30294.72,0.61,0.39,-0.09,0.48,-1.95,-0.7,0,0,0,0,0,0,0,0,0,0,0,0,0
2026-09-18,2026-09-17,TSCO,Consumer Cyclical,32.82,10949.39,17100.53,0.77,0.12,-0.03,0.15,0.18,-2.09,0,0,0,0,0,0,0,0,0,0,0,0,0
2026-09-18,2026-09-17,TSEM,Technology,219.24,1757.6,24735.74,1.38,8.43,1.96,6.34,0.46,5.37,0,0,0,1,1,0,1,1,0,0,0,0,1
2026-09-18,2026-09-17,TSHA,Healthcare,5.16,3195.22,1681.3,1.28,1.78,-1.71,3.55,1.55,0.0,0,0,0,0,0,0,1,0,0,0,0,0,1
2026-09-18,2026-09-17,TSLA,Consumer Cyclical,366.2,39982.57,1446324.38,0.97,2.27,-0.35,2.63,-0.19,0.73,0,0,0,0,0,0,0,0,0,0,0,0,0
2026-09-18,2026-09-17,TSLX,Financial,18.19,535.19,1734.29,0.7,1.28,0.44,0.84,0.0,2.31,0,0,0,0,0,0,0,0,0,0,0,0,0
2026-09-18,2026-09-17,TSM,Technology,430.26,12697.78,2231534.94,0.98,3.0,1.38,1.6,-0.22,0.52,0,0,0,0,0,0,0,0,0,0,0,0,0
2026-09-18,2026-09-17,TSN,Consumer Defensive,52.26,3268.92,18019.28,1.04,0.27,-0.11,0.38,0.0,-0.38,0,0,0,0,0,0,0,0,0,0,0,0,0
2026-09-18,2026-09-17,TSSI,Technology,8.62,870.89,243.25,0.7,3.23,0.58,2.63,-1.21,-3.36,0,0,0,0,0,0,0,0,0,0,0,0,0
2026-09-18,2026-09-17,TT,Industrials,423.33,1160.82,93142.41,0.78,0.39,-1.72,2.15,0.38,-3.75,0,0,0,0,0,0,0,0,0,0,0,0,0
2026-09-18,2026-09-17,TTAN,Technology,54.25,2168.18,5233.38,2.59,-7.53,-6.99,-0.58,0.28,-3.14,1,0,0,1,0,0,0,0,0,0,0,0,1
2026-09-18,2026-09-17,TTC,Industrials,92.19,716.16,8727.01,1.3,-0.14,-0.23,0.09,0.0,-0.57,0,0,0,0,0,0,0,0,0,0,0,0,0
2026-09-18,2026-09-17,TTD,Communication Services,14.26,21338.56,6700.5,0.86,-1.59,-4.07,2.59,0.21,2.08,0,0,0,0,0,0,0,0,0,0,0,0,0
2026-09-18,2026-09-17,TTE,Energy,91.59,1652.84,203713.55,0.59,0.83,0.49,0.33,-0.43,0.39,0,0,0,0,0,0,0,0,0,0,0,0,0
2026-09-18,2026-09-17,TTEK,Industrials,36.11,2884.68,9245.76,0.77,-0.99,-1.79,0.82,0.08,1.12,0,0,0,0,0,0,0,0,0,0,0,0,0
2026-09-18,2026-09-17,TTI,Energy,6.15,1867.03,910.65,1.15,-2.07,-3.76,1.75,0.0,-9.82,0,0,0,0,0,0,0,0,0,0,0,0,0
2026-09-18,2026-09-17,TTMI,Technology,114.77,2781.59,12090.89,0.5,0.68,-2.41,3.16,-0.15,-6.19,0,0,0,0,0,0,1,0,0,0,0,0,1
2026-09-18,2026-09-17,TTWO,Communication Services,210.62,2534.74,39381.82,1.04,-0.56,-0.88,0.33,0.0,-2.92,0,0,0,0,0,0,0,0,0,0,0,0,0
2026-09-18,2026-09-17,TU,Communication Services,8.91,7267.1,14157.99,0.68,0.34,-0.78,1.13,0.0,-1.98,0,0,0,0,0,0,0,0,0,0,0,0,0
2026-09-18,2026-09-17,TVTX,Healthcare,64.74,1646.21,6102.46,0.84,1.98,0.36,1.62,0.0,-4.1,0,0,0,0,0,0,0,0,0,0,0,0,0
2026-09-18,2026-09-17,TW,Financial,102.06,1498.55,23884.92,0.82,-0.3,-0.05,-0.25,0.0,-0.4,0,0,0,0,0,0,0,0,0,0,0,0,0
2026-09-18,2026-09-17,TWI,Industrials,7.15,564.19,461.48,0.52,0.85,-1.92,2.82,0.0,-2.85,0,0,0,0,0,0,0,0,0,0,0,0,0
2026-09-18,2026-09-17,TWLO,Technology,246.24,2079.9,37816.36,0.77,3.08,3.6,-0.5,0.71,6.54,0,0,0,0,0,0,0,0,0,0,0,0,0
2026-09-18,2026-09-17,TWST,Healthcare,155.56,1713.29,10240.89,1.97,8.73,2.73,5.84,0.73,22.63,0,0,0,1,1,0,1,1,0,0,1,0,1
2026-09-18,2026-09-17,TX,Basic Materials,58.09,586.44,11403.65,0.9,1.95,0.52,1.42,0.0,0.83,0,0,0,0,0,0,0,0,0,0,0,0,0
2026-09-18,2026-09-17,TXG,Healthcare,76.97,3114.85,10028.51,1.01,5.9,2.11,3.71,0.43,15.95,0,0,0,1,0,0,1,0,0,0,1,0,1
2026-09-18,2026-09-17,TXN,Technology,258.14,7586.07,235745.77,0.86,-0.97,-2.6,1.68,-0.05,-0.26,0,0,0,0,0,0,0,0,0,0,0,0,0
2026-09-18,2026-09-17,TXNM,Utilities,58.59,1320.92,6452.27,1.16,0.09,-0.02,0.1,0.0,1.26,0,0,0,0,0,0,0,0,0,0,0,0,0
2026-09-18,2026-09-17,TXRH,Consumer Cyclical,166.79,931.7,10948.25,1.01,-1.93,-2.3,0.38,0.32,-7.88,0,0,0,0,0,0,0,0,0,0,0,0,0
2026-09-18,2026-09-17,TXT,Industrials,80.91,1685.58,13915.46,1.13,0.25,-0.93,1.19,0.0,2.16,0,0,0,0,0,0,0,0,0,0,0,0,0
2026-09-18,2026-09-17,TYL,Technology,341.57,878.56,13988.07,0.64,-1.41,-1.11,-0.3,1.44,1.82,0,0,0,0,0,0,0,0,0,0,0,0,0
2026-09-18,2026-09-17,TYRA,Healthcare,24.43,885.13,1457.9,0.58,0.33,-1.49,1.85,0.78,3.78,0,0,0,0,0,0,0,0,0,0,0,0,0
2026-09-18,2026-09-17,U,Technology,41.84,9300.79,18413.32,0.43,-0.69,-1.55,0.88,0.05,-0.55,0,0,0,0,0,0,0,0,0,0,0,0,0
2026-09-18,2026-09-17,UAL,Industrials,107.64,4145.61,34938.2,0.78,1.26,-1.61,2.92,0.09,1.08,0,0,0,0,0,0,0,0,0,0,0,0,0
2026-09-18,2026-09-17,UBER,Technology,70.87,19400.31,144756.25,1.02,-0.14,-1.02,0.89,0.21,-2.33,0,0,0,0,0,0,0,0,0,0,0,0,0
2026-09-18,2026-09-17,UBS,Financial,50.62,1745.11,154985.78,0.83,0.4,-0.41,0.81,0.18,-6.28,0,0,0,0,0,0,0,0,0,0,0,0,0
2026-09-18,2026-09-17,UBSI,Financial,47.02,993.9,6404.72,1.3,-0.63,-1.4,0.78,0.0,-0.65,0,0,0,0,0,0,0,0,0,0,0,0,0
2026-09-18,2026-09-17,UCB,Financial,34.64,926.53,4176.73,0.71,-0.57,-1.42,0.86,0.72,-1.45,0,0,0,0,0,0,0,0,0,0,0,0,0
2026-09-18,2026-09-17,UCTT,Technology,67.54,1282.89,3058.01,0.43,1.52,-2.41,4.03,1.42,-5.05,0,0,0,0,0,0,1,0,0,0,0,0,1
2026-09-18,2026-09-17,UDR,Real Estate,34.21,3437.53,17863.24,1.21,-0.55,-1.07,0.52,0.0,-2.65,0,0,0,0,0,0,0,0,0,0,0,0,0
2026-09-18,2026-09-17,UE,Real Estate,20.09,911.32,2677.85,0.76,0.3,-0.1,0.4,0.0,-2.95,0,0,0,0,0,0,0,0,0,0,0,0,0
2026-09-18,2026-09-17,UEC,Energy,10.12,8554.58,5008.1,0.77,0.4,-2.79,3.27,0.1,-8.17,0,0,0,0,0,0,1,0,0,0,0,0,1
2026-09-18,2026-09-17,UGI,Utilities,38.16,1850.19,8185.13,1.08,-0.05,-0.26,0.21,0.0,0.42,0,0,0,0,0,0,0,0,0,0,0,0,0
2026-09-18,2026-09-17,UGP,Energy,7.58,3593.74,8113.78,1.17,0.26,0.66,-0.4,0.13,0.26,0,0,0,0,0,0,0,0,0,0,0,0,0
2026-09-18,2026-09-17,UHS,Healthcare,180.75,838.87,10650.52,1.25,-0.25,-0.84,0.6,0.0,4.65,0,0,0,0,0,0,0,0,0,0,0,0,0
2026-09-18,2026-09-17,UL,Consumer Defensive,62.22,4088.45,134042.42,0.52,-0.35,-0.58,0.22,0.0,0.96,0,0,0,0,0,0,0,0,0,0,0,0,0
2026-09-18,2026-09-17,ULCC,Industrials,5.88,3433.63,1353.67,0.79,4.81,1.55,3.21,0.0,6.33,0,0,0,0,0,0,1,0,0,0,0,0,1
2026-09-18,2026-09-17,ULS,Industrials,64.42,1002.19,13006.28,0.97,0.42,-1.11,1.54,0.0,-9.4,0,0,0,0,0,0,0,0,0,0,0,0,0
2026-09-18,2026-09-17,ULTA,Consumer Cyclical,543.73,666.02,23248.52,0.65,2.49,0.69,1.78,0.05,1.51,0,0,0,0,0,0,0,0,0,0,0,0,0
2026-09-18,2026-09-17,UMAC,Technology,23.88,4093.47,1192.96,0.68,8.5,5.29,3.04,-0.25,1.49,0,0,0,1,1,0,1,0,0,0,0,0,1
2026-09-18,2026-09-17,UMBF,Financial,134.76,632.67,10235.02,1.41,0.42,-0.77,1.19,0.0,-3.31,0,0,0,0,0,0,0,0,0,0,0,0,0
2026-09-18,2026-09-17,UMC,Technology,24.47,14665.72,61518.07,1.21,8.61,4.08,4.35,0.29,10.62,0,0,0,1,1,0,1,0,0,0,0,0,1
2026-09-18,2026-09-17,UMH,Real Estate,15.87,648.96,1355.07,1.63,1.86,1.08,0.77,0.0,2.12,0,0,0,0,0,0,0,0,0,0,0,0,0
2026-09-18,2026-09-17,UNFI,Consumer Defensive,46.3,601.46,2792.68,1.0,0.0,-0.86,0.86,0.0,4.96,0,0,0,0,0,0,0,0,0,0,0,0,0
2026-09-18,2026-09-17,UNH,Healthcare,375.21,5255.75,336786.55,0.92,-0.01,-0.33,0.32,0.24,-3.37,0,0,0,0,0,0,0,0,0,0,0,0,0
2026-09-18,2026-09-17,UNIT,Real Estate,9.64,2290.09,2339.87,0.64,1.05,-0.62,1.68,0.0,-2.33,0,0,0,0,0,0,0,0,0,0,0,0,0
2026-09-18,2026-09-17,UNM,Financial,95.62,1557.02,15137.3,1.45,0.84,0.19,0.65,0.0,1.39,0,0,0,0,0,0,0,0,0,0,0,0,0
2026-09-18,2026-09-17,UNP,Industrials,282.48,2686.89,167814.46,0.81,0.56,-0.45,1.01,-0.09,-1.15,0,0,0,0,0,0,0,0,0,0,0,0,0
2026-09-18,2026-09-17,UPB,Healthcare,5.31,598.73,290.83,0.89,-0.38,-2.39,2.06,0.0,-7.65,0,0,0,0,0,0,0,0,0,0,0,0,0
2026-09-18,2026-09-17,UPBD,Technology,17.66,993.31,1029.56,0.57,-0.67,-2.97,2.36,0.34,-2.97,0,0,0,0,0,0,0,0,0,0,0,0,0
2026-09-18,2026-09-17,UPS,Industrials,100.17,4808.53,85222.79,0.66,1.42,-0.07,1.49,0.56,0.2,0,0,0,0,0,0,0,0,0,0,0,0,0
2026-09-18,2026-09-17,UPST,Financial,24.77,4241.6,2410.44,0.76,-0.32,-3.39,3.18,0.52,-1.31,0,0,0,0,0,0,1,0,0,0,0,0,1
2026-09-18,2026-09-17,UPWK,Communication Services,8.52,3408.87,1063.55,0.67,-0.41,-0.64,0.23,-0.06,1.25,0,0,0,0,0,0,0,0,0,0,0,0,0
2026-09-18,2026-09-17,URBN,Consumer Cyclical,75.84,1161.96,6496.47,0.72,-1.61,-2.94,1.38,0.0,0.32,0,0,0,0,0,0,0,0,0,0,0,0,0
2026-09-18,2026-09-17,URGN,Healthcare,43.95,824.72,2148.31,0.85,1.06,-1.94,3.06,0.0,4.05,0,0,0,0,0,0,1,0,0,0,0,0,1
2026-09-18,2026-09-17,USAR,Basic Materials,15.63,12357.22,5862.45,0.98,3.51,0.51,2.98,0.26,-2.56,0,0,0,0,0,0,0,0,0,0,0,0,0
2026-09-18,2026-09-17,USAS,Basic Materials,5.06,4305.61,1711.09,1.07,10.48,5.86,4.37,-0.01,-0.59,0,0,0,1,1,1,1,0,0,0,0,0,1
2026-09-18,2026-09-17,USB,Financial,60.25,7913.94,93872.61,1.05,0.87,-0.54,1.42,0.39,-3.46,0,0,0,0,0,0,0,0,0,0,0,0,0
2026-09-18,2026-09-17,USDE,Financial,7.71,4919.88,209.61,2.9,24.35,16.64,6.61,4.54,15.77,1,0,0,1,1,1,1,1,1,0,1,0,1
2026-09-18,2026-09-17,USFD,Consumer Defensive,92.16,2472.35,19937.04,1.24,-0.38,-1.96,1.61,0.0,-4.06,0,0,0,0,0,0,0,0,0,0,0,0,0
2026-09-18,2026-09-17,UTHR,Healthcare,497.27,543.57,21328.25,2.68,-0.24,-0.84,0.6,0.0,-1.31,1,0,0,0,0,0,0,0,0,0,0,0,1
2026-09-18,2026-09-17,UTI,Consumer Defensive,20.82,1412.83,1147.08,0.9,-0.29,-1.47,1.2,1.97,1.07,0,0,0,0,0,0,0,0,0,0,0,0,0
2026-09-18,2026-09-17,UTZ,Consumer Defensive,14.27,3564.46,2054.34,0.39,0.07,-0.07,0.14,0.0,0.28,0,0,0,0,0,0,0,0,0,0,0,0,0
2026-09-18,2026-09-17,UUUU,Energy,11.98,7652.4,3171.98,0.95,2.13,-0.91,3.07,0.08,-12.11,0,0,0,0,0,0,1,0,0,0,0,0,1
2026-09-18,2026-09-17,V,Financial,369.93,7518.52,690676.81,0.63,-0.27,-0.39,0.12,-0.17,0.74,0,0,0,0,0,0,0,0,0,0,0,0,0
2026-09-18,2026-09-17,VAL,Energy,84.05,1078.74,5836.08,1.13,1.85,1.02,0.82,0.0,-1.94,0,0,0,0,0,0,0,0,0,0,0,0,0
2026-09-18,2026-09-17,VALE,Basic Materials,14.47,25513.14,61580.85,1.19,2.41,1.47,0.92,-0.07,-5.3,0,0,0,0,0,0,0,0,0,0,0,0,0
2026-09-18,2026-09-17,VC,Consumer Cyclical,98.0,543.73,2616.15,0.76,0.54,-1.38,1.95,0.0,-2.55,0,0,0,0,0,0,0,0,0,0,0,0,0
2026-09-18,2026-09-17,VCEL,Healthcare,40.03,559.64,2049.8,0.96,-0.45,-1.45,1.02,0.0,5.7,0,0,0,0,0,0,0,0,0,0,0,0,0
2026-09-18,2026-09-17,VCTR,Financial,104.22,591.0,6410.52,1.47,0.48,-1.79,2.31,0.0,-6.16,0,0,0,0,0,0,0,0,0,0,0,0,0
2026-09-18,2026-09-17,VCYT,Healthcare,40.57,1330.25,3261.45,1.11,5.38,2.27,3.04,0.0,-3.47,0,0,0,1,0,0,1,0,0,0,0,0,1
2026-09-18,2026-09-17,VECO,Technology,41.41,970.29,2531.38,0.43,0.9,-1.9,2.85,1.57,-5.67,0,0,0,0,0,0,0,0,0,0,0,0,0
2026-09-18,2026-09-17,VEEV,Healthcare,263.75,1952.28,42703.46,0.57,-0.43,0.12,-0.55,0.09,1.06,0,0,0,0,0,0,0,0,0,0,0,0,0
2026-09-18,2026-09-17,VELO,Technology,10.73,2009.53,344.96,0.7,7.41,2.68,4.6,1.3,2.78,0,0,0,1,0,0,1,0,0,0,0,0,1
2026-09-18,2026-09-17,VERA,Healthcare,34.27,2389.47,2469.61,1.62,7.87,5.45,2.3,0.23,1.99,0,0,0,1,0,0,0,0,0,0,0,0,1
2026-09-18,2026-09-17,VERX,Technology,12.3,2004.33,1995.29,0.63,-2.23,-1.52,-0.72,0.0,0.24,0,0,0,0,0,0,0,0,0,0,0,0,0
2026-09-18,2026-09-17,VET,Energy,12.65,1444.72,1934.82,0.49,0.24,1.16,-0.91,-0.13,-5.53,0,0,0,0,0,0,0,0,0,0,0,0,0
2026-09-18,2026-09-17,VFC,Consumer Cyclical,12.93,6945.64,5083.23,0.76,1.57,0.08,1.49,0.46,2.46,0,0,0,0,0,0,0,0,0,0,0,0,0
2026-09-18,2026-09-17,VG,Energy,14.42,14313.47,36051.34,0.9,-1.57,0.07,-1.64,0.21,-6.97,0,0,0,0,0,0,0,0,0,0,0,0,0
2026-09-18,2026-09-17,VGNT,Consumer Cyclical,47.52,1153.09,3366.09,0.93,4.62,3.3,1.28,0.0,2.41,0,0,0,0,0,0,0,0,0,0,0,0,0
2026-09-18,2026-09-17,VIA,Technology,27.84,910.81,2269.12,0.83,4.58,4.58,0.0,-0.4,5.61,0,0,0,0,0,0,0,0,0,0,0,0,0
2026-09-18,2026-09-17,VIAV,Technology,34.74,6076.78,8572.09,0.64,0.78,-2.14,2.99,0.75,-7.11,0,0,0,0,0,0,0,0,0,0,0,0,0
2026-09-18,2026-09-17,VICI,Real Estate,24.11,10106.61,26546.98,0.89,-1.71,-0.5,-1.22,0.33,-2.51,0,0,0,0,0,0,0,0,0,0,0,0,0
2026-09-18,2026-09-17,VICR,Technology,216.39,853.08,9977.04,1.97,17.66,4.76,12.31,1.07,21.53,0,0,0,1,1,1,1,1,0,0,1,0,1
2026-09-18,2026-09-17,VIK,Consumer Cyclical,84.83,2995.65,37847.51,1.13,-0.64,-2.48,1.89,0.0,0.98,0,0,0,0,0,0,0,0,0,0,0,0,0
2026-09-18,2026-09-17,VIPS,Consumer Cyclical,12.19,2621.93,4847.96,0.82,-0.49,-1.22,0.73,0.0,-3.1,0,0,0,0,0,0,0,0,0,0,0,0,0
2026-09-18,2026-09-17,VIR,Healthcare,10.92,1979.61,1847.84,0.91,3.8,0.46,3.33,-1.4,3.21,0,0,0,0,0,0,1,0,0,0,0,0,1
2026-09-18,2026-09-17,VIRT,Financial,57.26,1301.59,8886.76,0.52,0.02,-0.64,0.66,0.0,-7.0,0,0,0,0,0,0,0,0,0,0,0,0,0
2026-09-18,2026-09-17,VISN,Technology,6.45,12136.09,1487.54,0.53,-0.92,-4.02,3.23,0.16,0.78,0,0,0,0,0,0,1,0,0,0,0,0,1
2026-09-18,2026-09-17,VIST,Energy,73.31,1019.56,8138.88,1.0,-1.28,0.91,-2.17,1.19,-7.14,0,0,0,0,0,0,0,0,0,0,0,0,0
2026-09-18,2026-09-17,VITL,Consumer Defensive,11.7,1721.9,502.3,1.89,16.65,9.35,6.68,-0.43,19.51,0,0,0,1,1,1,1,1,0,0,1,0,1
2026-09-18,2026-09-17,VIV,Communication Services,12.0,1401.02,19173.6,1.8,1.18,0.67,0.51,0.0,0.67,0,0,0,0,0,0,0,0,0,0,0,0,0
2026-09-18,2026-09-17,VKTX,Healthcare,29.36,2268.07,3424.93,0.92,-0.54,-2.91,2.44,0.65,-8.62,0,0,0,0,0,0,0,0,0,0,0,0,0
2026-09-18,2026-09-17,VLO,Energy,412.53,2896.84,118778.72,1.13,2.29,3.53,-1.2,0.4,7.03,0,0,0,0,0,0,0,0,0,0,0,0,0
2026-09-18,2026-09-17,VLRS,Industrials,6.46,557.14,742.58,0.48,2.22,-0.15,2.37,-1.08,-0.15,0,0,0,0,0,0,0,0,0,0,0,0,0
2026-09-18,2026-09-17,VLTO,Industrials,95.25,1857.27,23221.31,0.98,-0.52,-0.96,0.44,0.0,1.93,0,0,0,0,0,0,0,0,0,0,0,0,0
2026-09-18,2026-09-17,VLY,Financial,13.67,6610.26,7554.11,1.02,0.96,-0.15,1.11,-0.15,-1.3,0,0,0,0,0,0,0,0,0,0,0,0,0
2026-09-18,2026-09-17,VMC,Basic Materials,244.5,1058.63,31682.01,0.87,0.08,-1.66,1.77,0.0,-2.43,0,0,0,0,0,0,0,0,0,0,0,0,0
2026-09-18,2026-09-17,VMRK,Real Estate,63.01,4337.78,48755.82,1.16,0.03,-0.21,0.24,-0.01,-3.09,0,0,0,0,0,0,0,0,0,0,0,0,0
2026-09-18,2026-09-17,VNDA,Healthcare,5.11,883.98,308.96,0.73,2.2,2.4,-0.2,0.0,1.39,0,0,0,0,0,0,0,0,0,0,0,0,0
2026-09-18,2026-09-17,VNET,Technology,6.09,4459.89,1702.52,0.72,0.66,-0.33,0.99,1.97,-4.55,0,0,0,0,0,0,0,0,0,0,0,0,0
2026-09-18,2026-09-17,VNOM,Energy,42.93,1657.27,15420.24,1.35,-0.6,-0.23,-0.37,0.37,-4.26,0,0,0,0,0,0,0,0,0,0,0,0,0
2026-09-18,2026-09-17,VNT,Technology,31.82,1541.66,4302.07,0.78,0.92,-0.78,1.71,0.0,1.79,0,0,0,0,0,0,0,0,0,0,0,0,0
2026-09-18,2026-09-17,VOD,Communication Services,17.52,3969.13,40546.54,1.03,0.34,-0.23,0.57,-0.38,1.1,0,0,0,0,0,0,0,0,0,0,0,0,0
2026-09-18,2026-09-17,VOR,Healthcare,21.89,1142.94,1295.06,1.35,-0.27,-2.84,2.64,0.0,-2.01,0,0,0,0,0,0,0,0,0,0,0,0,0
2026-09-18,2026-09-17,VOYA,Financial,99.58,1020.75,9021.58,1.5,-0.7,-1.36,0.67,0.0,-3.01,0,0,0,0,0,0,0,0,0,0,0,0,0
2026-09-18,2026-09-17,VOYG,Industrials,36.6,1684.16,2233.66,0.74,4.04,1.08,2.93,-0.14,11.01,0,0,0,0,0,0,0,0,0,0,0,0,0
2026-09-18,2026-09-17,VPG,Technology,62.06,554.49,826.67,0.49,1.67,-2.33,4.1,0.24,0.55,0,0,0,0,0,0,1,0,0,0,0,0,1
2026-09-18,2026-09-17,VRDN,Healthcare,21.93,1891.99,2484.5,0.67,-2.27,-4.15,1.96,0.0,-1.62,0,0,0,0,0,0,0,0,0,0,0,0,0
2026-09-18,2026-09-17,VREX,Healthcare,18.54,836.48,781.43,1.42,0.38,0.22,0.16,0.0,0.38,0,0,0,0,0,0,0,0,0,0,0,0,0
2026-09-18,2026-09-17,VRNS,Technology,47.81,2109.15,5491.48,0.75,2.25,2.49,-0.24,-0.23,5.08,0,0,0,0,0,0,0,0,0,0,0,0,0
2026-09-18,2026-09-17,VRSK,Industrials,176.48,1935.22,22969.94,0.5,-2.9,-2.55,-0.36,0.0,0.35,0,0,0,0,0,0,0,0,0,0,0,0,0
2026-09-18,2026-09-17,VRSN,Technology,302.05,795.42,27275.12,0.83,1.2,1.54,-0.33,-0.02,4.57,0,0,0,0,0,0,0,0,0,0,0,0,0
2026-09-18,2026-09-17,VRT,Industrials,241.49,5972.19,92970.8,0.83,0.87,-3.31,4.32,0.63,-2.68,0,0,0,0,0,0,1,0,0,0,0,0,1
2026-09-18,2026-09-17,VRTX,Healthcare,516.34,1444.25,130872.02,0.62,0.6,-0.39,0.99,-0.45,0.35,0,0,0,0,0,0,0,0,0,0,0,0,0
2026-09-18,2026-09-17,VSAT,Technology,73.02,2238.58,10058.92,0.61,2.92,0.03,2.89,-0.3,-1.56,0,0,0,0,0,0,0,0,0,0,0,0,0
2026-09-18,2026-09-17,VSH,Technology,31.85,5539.71,4885.13,0.57,1.69,-1.09,2.81,0.72,1.79,0,0,0,0,0,0,0,0,0,0,0,0,0
2026-09-18,2026-09-17,VSNT,Communication Services,36.33,1837.96,5042.32,0.94,-3.61,-3.94,0.34,0.47,-2.76,0,0,0,0,0,0,0,0,0,0,0,0,0
2026-09-18,2026-09-17,VST,Utilities,143.56,4426.0,48183.78,0.89,2.26,-0.37,2.64,0.23,-2.37,0,0,0,0,0,0,0,0,0,0,0,0,0
2026-09-18,2026-09-17,VSTM,Healthcare,7.55,2492.54,683.75,0.7,3.14,-0.4,3.55,-0.01,-0.92,0,0,0,0,0,0,1,0,0,0,0,0,1
2026-09-18,2026-09-17,VSTS,Industrials,13.84,1411.79,1829.09,1.18,0.51,-0.43,0.94,0.0,6.13,0,0,0,0,0,0,0,0,0,0,0,0,0
2026-09-18,2026-09-17,VSXY,Consumer Cyclical,77.48,1846.43,6180.12,0.89,4.76,3.62,1.1,0.15,5.57,0,0,0,0,0,0,0,0,0,0,0,0,0
2026-09-18,2026-09-17,VTR,Real Estate,87.71,3535.45,45990.42,0.86,-0.57,-0.97,0.41,0.0,-3.02,0,0,0,0,0,0,0,0,0,0,0,0,0
2026-09-18,2026-09-17,VTRS,Healthcare,17.13,9560.79,19675.36,0.73,0.65,0.18,0.47,0.18,4.58,0,0,0,0,0,0,0,0,0,0,0,0,0
2026-09-18,2026-09-17,VTS,Energy,17.75,531.91,747.35,1.24,1.31,3.62,-2.23,0.0,-2.47,0,0,0,0,0,0,0,0,0,0,0,0,0
2026-09-18,2026-09-17,VVV,Consumer Cyclical,27.06,2140.21,3452.49,1.02,-0.26,-2.24,2.03,0.27,-10.43,0,0,0,0,0,0,0,0,0,0,0,0,0
2026-09-18,2026-09-17,VVX,Industrials,76.43,667.05,2395.73,1.01,1.49,1.91,-0.41,0.05,5.33,0,0,0,0,0,0,0,0,0,0,0,0,0
2026-09-18,2026-09-17,VYX,Technology,6.94,2455.04,958.21,1.87,-2.39,-2.53,0.14,0.14,-14.0,0,0,0,0,0,0,0,0,0,0,0,0,0
2026-09-18,2026-09-17,VZ,Communication Services,48.33,25877.93,200800.31,1.11,-2.87,-3.15,0.28,0.14,-3.28,0,0,0,0,0,0,0,0,0,0,0,0,0
2026-09-18,2026-09-17,W,Consumer Cyclical,102.5,3130.26,14039.23,0.67,-0.72,-4.21,3.64,0.0,5.18,0,0,0,0,0,0,1,0,0,0,0,0,1
2026-09-18,2026-09-17,WAB,Industrials,278.82,917.44,47095.72,0.84,0.89,-0.91,1.81,-0.29,-0.52,0,0,0,0,0,0,0,0,0,0,0,0,0
2026-09-18,2026-09-17,WAFD,Financial,32.54,706.72,2408.34,1.84,-0.76,-1.72,0.98,-0.12,-4.57,0,0,0,0,0,0,0,0,0,0,0,0,0
2026-09-18,2026-09-17,WAL,Financial,79.43,1043.31,8665.88,1.17,2.1,-1.59,3.74,0.0,0.19,0,0,0,0,0,0,1,0,0,0,0,0,1
2026-09-18,2026-09-17,WAT,Healthcare,429.72,820.27,42219.18,0.84,2.65,1.35,1.28,0.18,6.99,0,0,0,0,0,0,0,0,0,0,0,0,0
2026-09-18,2026-09-17,WAY,Healthcare,26.51,2790.77,5083.25,0.62,-0.3,0.0,-0.3,-0.53,14.96,0,0,0,0,0,0,0,0,0,0,0,0,0
2026-09-18,2026-09-17,WB,Communication Services,6.55,1108.41,1033.92,1.03,0.77,0.77,0.0,0.15,-0.91,0,0,0,0,0,0,0,0,0,0,0,0,0
2026-09-18,2026-09-17,WBD,Communication Services,28.24,21010.8,70902.17,1.18,0.61,-0.25,0.86,-0.03,0.14,0,0,0,0,0,0,0,0,0,0,0,0,0
2026-09-18,2026-09-17,WBI,Energy,31.02,1051.71,3829.61,0.64,0.71,0.29,0.42,1.45,-5.2,0,0,0,0,0,0,0,0,0,0,0,0,0
2026-09-18,2026-09-17,WCC,Industrials,339.32,636.41,16536.03,0.51,1.19,-1.44,2.68,-0.36,-1.36,0,0,0,0,0,0,0,0,0,0,0,0,0
2026-09-18,2026-09-17,WCN,Industrials,155.23,1277.61,39125.72,1.04,-0.81,-1.7,0.91,0.27,-2.64,0,0,0,0,0,0,0,0,0,0,0,0,0
2026-09-18,2026-09-17,WDAY,Technology,199.28,4554.3,48026.48,0.93,6.14,6.16,-0.02,-0.24,7.67,0,0,0,1,0,0,0,0,0,0,0,0,1
2026-09-18,2026-09-17,WDC,Technology,423.87,8159.49,152822.48,0.88,1.65,-0.8,2.47,-0.12,-8.04,0,0,0,0,0,0,0,0,0,0,0,0,0
2026-09-18,2026-09-17,WDS,Energy,23.61,692.69,44775.42,0.65,2.34,1.29,1.04,-0.42,-1.17,0,0,0,0,0,0,0,0,0,0,0,0,0
2026-09-18,2026-09-17,WEAV,Healthcare,7.33,2715.56,586.5,0.49,0.14,0.0,0.14,0.0,0.41,0,0,0,0,0,0,0,0,0,0,0,0,0
2026-09-18,2026-09-17,WEC,Utilities,104.73,2245.99,34126.21,0.96,1.31,0.86,0.44,0.0,-0.59,0,0,0,0,0,0,0,0,0,0,0,0,0
2026-09-18,2026-09-17,WELL,Real Estate,232.26,3043.77,167400.22,0.68,-0.96,-1.32,0.37,-0.3,-1.46,0,0,0,0,0,0,0,0,0,0,0,0,0
2026-09-18,2026-09-17,WEN,Consumer Cyclical,6.99,16240.74,1332.78,0.32,-0.57,-1.83,1.28,0.72,-6.05,0,0,0,0,0,0,0,0,0,0,0,0,0
2026-09-18,2026-09-17,WERN,Industrials,35.91,1093.6,2153.78,0.71,0.2,-1.16,1.37,0.0,-6.94,0,0,0,0,0,0,0,0,0,0,0,0,0
2026-09-18,2026-09-17,WES,Energy,47.16,842.72,19485.31,1.19,0.55,0.94,-0.38,0.12,-2.14,0,0,0,0,0,0,0,0,0,0,0,0,0
2026-09-18,2026-09-17,WEST,Consumer Defensive,7.78,501.34,759.54,0.57,0.13,-0.89,1.03,0.0,0.91,0,0,0,0,0,0,0,0,0,0,0,0,0
2026-09-18,2026-09-17,WEX,Technology,195.18,656.67,6652.05,0.76,-1.01,-0.54,-0.48,0.0,2.71,0,0,0,0,0,0,0,0,0,0,0,0,0
2026-09-18,2026-09-17,WFC,Financial,86.89,14643.89,262755.3,0.86,-0.18,-1.0,0.83,0.18,-2.86,0,0,0,0,0,0,0,0,0,0,0,0,0
2026-09-18,2026-09-17,WFRD,Energy,82.05,1249.07,5964.08,0.49,-0.3,-1.45,1.17,0.0,-8.75,0,0,0,0,0,0,0,0,0,0,0,0,0
2026-09-18,2026-09-17,WGO,Consumer Cyclical,26.96,651.62,762.13,0.86,-0.59,-1.96,1.4,1.97,-4.36,0,0,0,0,0,0,0,0,0,0,0,0,0
2026-09-18,2026-09-17,WGS,Healthcare,104.95,729.37,3129.87,1.13,7.73,5.36,2.25,-1.86,25.0,0,0,0,1,0,0,0,0,0,0,1,0,1
2026-09-18,2026-09-17,WH,Consumer Cyclical,69.17,1327.84,5133.18,0.98,1.47,-0.13,1.6,-0.56,0.8,0,0,0,0,0,0,0,0,0,0,0,0,0
2026-09-18,2026-09-17,WHD,Energy,67.26,812.83,5392.87,0.82,0.09,-0.77,0.86,0.0,-1.67,0,0,0,0,0,0,0,0,0,0,0,0,0
2026-09-18,2026-09-17,WHR,Consumer Cyclical,33.03,2478.59,2153.53,1.36,1.88,0.85,1.02,0.3,-7.97,0,0,0,0,0,0,0,0,0,0,0,0,0
2026-09-18,2026-09-17,WING,Consumer Cyclical,103.76,1241.95,2826.68,0.86,2.67,0.96,1.69,-0.3,-6.12,0,0,0,0,0,0,0,0,0,0,0,0,0
2026-09-18,2026-09-17,WIX,Technology,79.9,1525.89,3343.78,0.63,-0.62,-0.62,0.0,0.0,5.8,0,0,0,0,0,0,0,0,0,0,0,0,0
2026-09-18,2026-09-17,WK,Technology,73.2,878.52,3983.29,0.84,0.65,0.52,0.12,0.0,2.62,0,0,0,0,0,0,0,0,0,0,0,0,0
2026-09-18,2026-09-17,WKC,Energy,35.83,1181.16,1832.76,1.3,1.01,2.37,-1.33,0.0,1.36,0,0,0,0,0,0,0,0,0,0,0,0,0
2026-09-18,2026-09-17,WLK,Basic Materials,70.57,1032.16,9018.6,0.47,-0.13,-0.97,0.85,0.0,-1.47,0,0,0,0,0,0,0,0,0,0,0,0,0
2026-09-18,2026-09-17,WLTH,Technology,10.1,1658.9,1577.38,1.88,-0.69,-0.39,-0.29,-0.22,-7.17,0,0,0,0,0,0,0,0,0,0,0,0,0
2026-09-18,2026-09-17,WLY,Communication Services,49.36,566.7,2494.78,0.68,-0.36,-1.0,0.65,0.0,4.49,0,0,0,0,0,0,0,0,0,0,0,0,0
2026-09-18,2026-09-17,WM,Industrials,213.33,2095.73,85271.24,1.03,-0.31,-0.49,0.18,0.08,-0.67,0,0,0,0,0,0,0,0,0,0,0,0,0
2026-09-18,2026-09-17,WMB,Energy,71.81,7428.06,87835.66,0.8,1.28,0.93,0.35,0.01,-1.39,0,0,0,0,0,0,0,0,0,0,0,0,0
2026-09-18,2026-09-17,WMG,Communication Services,27.95,2062.51,14620.92,1.03,-1.24,-2.14,0.92,-0.18,0.4,0,0,0,0,0,0,0,0,0,0,0,0,0
2026-09-18,2026-09-17,WMS,Industrials,125.67,730.21,9476.19,1.16,-0.92,-2.71,1.83,0.0,-1.17,0,0,0,0,0,0,0,0,0,0,0,0,0
2026-09-18,2026-09-17,WMT,Consumer Defensive,106.79,24090.39,847244.76,0.8,-0.66,-0.94,0.28,-0.06,1.0,0,0,0,0,0,0,0,0,0,0,0,0,0
2026-09-18,2026-09-17,WNC,Industrials,12.11,1095.79,493.33,0.47,2.37,-1.38,3.8,0.65,-4.04,0,0,0,0,0,0,1,0,0,0,0,0,1
2026-09-18,2026-09-17,WOLF,Technology,23.74,4161.3,1256.58,0.44,0.3,-3.85,4.31,0.29,-5.68,0,0,0,0,0,0,1,0,0,0,0,0,1
2026-09-18,2026-09-17,WPC,Real Estate,66.52,1421.18,15154.38,1.13,-0.11,-0.48,0.38,0.2,-4.36,0,0,0,0,0,0,0,0,0,0,0,0,0
2026-09-18,2026-09-17,WPM,Basic Materials,152.2,2071.11,69123.15,0.56,3.73,0.13,3.59,-0.13,0.81,0,0,0,0,0,0,1,0,0,0,0,0,1
2026-09-18,2026-09-17,WRB,Financial,70.1,2077.15,26023.05,1.93,0.21,0.17,0.04,0.0,0.07,0,0,0,0,0,0,0,0,0,0,0,0,0
2026-09-18,2026-09-17,WRBY,Healthcare,24.18,2907.77,2988.84,0.73,2.68,-0.08,2.76,-0.73,-0.49,0,0,0,0,0,0,0,0,0,0,0,0,0
2026-09-18,2026-09-17,WRD,Technology,5.6,2335.97,1739.86,1.2,1.63,-0.36,2.0,0.71,-1.67,0,0,0,0,0,0,0,0,0,0,0,0,0
2026-09-18,2026-09-17,WSBC,Financial,39.19,1288.84,3758.55,0.92,-0.89,-1.88,1.01,0.0,-2.63,0,0,0,0,0,0,0,0,0,0,0,0,0
2026-09-18,2026-09-17,WSC,Industrials,18.31,2490.43,3317.61,0.76,1.33,-1.03,2.38,0.0,-2.01,0,0,0,0,0,0,0,0,0,0,0,0,0
2026-09-18,2026-09-17,WSE,Technology,11.72,1249.64,14011.51,1.85,0.09,-0.26,0.34,1.37,-1.76,0,0,0,0,0,0,0,0,0,0,0,0,0
2026-09-18,2026-09-17,WSM,Consumer Cyclical,218.92,1107.87,25784.22,1.03,0.33,-1.68,2.04,0.33,-2.15,0,0,0,0,0,0,0,0,0,0,0,0,0
2026-09-18,2026-09-17,WST,Healthcare,366.6,692.27,25799.75,0.68,1.27,0.11,1.16,0.0,6.49,0,0,0,0,0,0,0,0,0,0,0,0,0
2026-09-18,2026-09-17,WT,Financial,22.24,2810.29,3369.63,1.43,-0.09,-2.03,1.98,0.04,-8.33,0,0,0,0,0,0,0,0,0,0,0,0,0
2026-09-18,2026-09-17,WTFC,Financial,147.94,580.68,9980.92,0.82,-0.2,-1.48,1.3,0.0,-1.86,0,0,0,0,0,0,0,0,0,0,0,0,0
2026-09-18,2026-09-17,WTRG,Utilities,41.62,2218.31,11810.86,1.04,0.6,0.58,0.02,0.0,-0.43,0,0,0,0,0,0,0,0,0,0,0,0,0
2026-09-18,2026-09-17,WTTR,Energy,20.36,1759.03,2625.28,0.84,0.25,-0.2,0.44,0.15,0.0,0,0,0,0,0,0,0,0,0,0,0,0,0
2026-09-18,2026-09-17,WTW,Financial,310.99,561.73,28882.24,0.63,-0.61,-0.63,0.01,0.0,-1.4,0,0,0,0,0,0,0,0,0,0,0,0,0
2026-09-18,2026-09-17,WU,Financial,6.53,9521.79,2036.57,0.87,-0.15,-1.36,1.22,0.28,-5.22,0,0,0,0,0,0,0,0,0,0,0,0,0
2026-09-18,2026-09-17,WULF,Financial,16.47,33079.89,8218.02,1.07,7.02,0.0,7.02,-0.02,2.04,0,0,0,1,0,0,1,1,0,0,0,0,1
2026-09-18,2026-09-17,WWD,Industrials,319.56,713.81,18868.68,1.05,0.35,-2.98,3.43,-0.36,-3.97,0,0,0,0,0,0,1,0,0,0,0,0,1
2026-09-18,2026-09-17,WWW,Consumer Cyclical,19.34,841.12,1587.16,0.57,0.26,-1.88,2.18,1.81,0.26,0,0,0,0,0,0,0,0,0,0,0,0,0
2026-09-18,2026-09-17,WY,Real Estate,21.66,5517.94,15611.14,1.02,-0.69,-2.12,1.47,0.55,-1.5,0,0,0,0,0,0,0,0,0,0,0,0,0
2026-09-18,2026-09-17,WYFI,Technology,17.86,2747.56,693.83,0.39,3.48,-1.05,4.58,-0.01,-3.62,0,0,0,0,0,0,1,0,0,0,0,0,1
2026-09-18,2026-09-17,WYNN,Consumer Cyclical,82.96,1578.56,8542.72,1.25,-1.5,-2.45,0.97,0.65,-6.18,0,0,0,0,0,0,0,0,0,0,0,0,0
2026-09-18,2026-09-17,XE,Industrials,16.33,5797.84,6635.95,1.49,12.08,8.0,3.77,-0.24,3.13,0,0,0,1,1,1,1,0,0,0,0,0,1
2026-09-18,2026-09-17,XEL,Utilities,73.63,5362.95,45991.82,0.99,1.27,0.56,0.7,0.0,-2.36,0,0,0,0,0,0,0,0,0,0,0,0,0
2026-09-18,2026-09-17,XENE,Healthcare,57.35,1080.48,5553.8,1.69,1.04,-0.43,1.48,-26.16,-2.47,0,0,0,0,0,0,0,0,1,1,0,0,1
2026-09-18,2026-09-17,XERS,Healthcare,8.16,1864.2,1487.73,1.26,4.88,6.18,-1.22,0.49,6.39,0,0,0,0,0,0,0,0,0,0,0,0,0
2026-09-18,2026-09-17,XHR,Real Estate,17.65,775.89,1628.14,0.97,0.63,1.67,-1.03,0.0,0.28,0,0,0,0,0,0,0,0,0,0,0,0,0
2026-09-18,2026-09-17,XIFR,Utilities,11.27,886.74,2175.72,0.92,1.9,-0.18,2.08,0.0,-1.83,0,0,0,0,0,0,0,0,0,0,0,0,0
2026-09-18,2026-09-17,XMAX,Consumer Cyclical,8.74,912.74,563.94,0.37,-0.46,-1.24,0.8,0.46,2.34,0,0,0,0,0,0,0,0,0,0,0,0,0
2026-09-18,2026-09-17,XMTR,Industrials,95.26,730.16,5460.64,1.05,2.27,-0.56,2.84,0.25,12.27,0,0,0,0,0,0,0,0,0,0,0,0,0
2026-09-18,2026-09-17,XNCR,Healthcare,24.59,1203.17,1828.35,0.85,3.71,1.4,2.28,0.0,1.36,0,0,0,0,0,0,0,0,0,0,0,0,0
2026-09-18,2026-09-17,XNDU,Technology,7.66,1654.58,2331.65,1.09,2.13,-0.13,2.27,0.26,-14.7,0,0,0,0,0,0,0,0,0,0,0,0,0
2026-09-18,2026-09-17,XOM,Energy,163.27,15093.12,671351.91,0.73,-0.03,0.89,-0.91,0.12,-1.19,0,0,0,0,0,0,0,0,0,0,0,0,0
2026-09-18,2026-09-17,XP,Financial,20.19,5595.19,10438.55,1.27,2.18,0.55,1.62,0.54,1.1,0,0,0,0,0,0,0,0,0,0,0,0,0
2026-09-18,2026-09-17,XPEV,Consumer Cyclical,10.6,7358.67,8292.91,0.86,2.51,0.62,1.89,0.28,2.51,0,0,0,0,0,0,0,0,0,0,0,0,0
2026-09-18,2026-09-17,XPO,Industrials,175.34,1081.83,20529.94,1.18,0.53,-1.73,2.3,0.0,-3.84,0,0,0,0,0,0,0,0,0,0,0,0,0
2026-09-18,2026-09-17,XPRO,Energy,16.4,1065.78,1842.53,0.75,-0.24,-1.15,0.91,0.0,-6.66,0,0,0,0,0,0,0,0,0,0,0,0,0
2026-09-18,2026-09-17,XRAY,Healthcare,9.38,5004.02,1868.94,1.86,-7.54,-7.27,-0.3,1.01,-10.71,0,0,0,1,0,0,0,0,0,0,0,0,1
2026-09-18,2026-09-17,XXI,Consumer Defensive,5.57,1549.9,3628.74,0.99,4.7,3.15,1.5,0.54,2.2,0,0,0,0,0,0,0,0,0,0,0,0,0
2026-09-18,2026-09-17,XYL,Industrials,107.6,2085.11,25123.18,1.04,0.31,-1.51,1.85,-0.09,0.99,0,0,0,0,0,0,0,0,0,0,0,0,0
2026-09-18,2026-09-17,XYZ,Technology,76.47,4893.23,45942.94,0.58,-0.21,-1.34,1.15,0.06,-3.29,0,0,0,0,0,0,0,0,0,0,0,0,0
2026-09-18,2026-09-17,YELP,Communication Services,20.27,1168.95,1099.92,0.73,-2.36,-2.17,-0.19,0.68,-3.25,0,0,0,0,0,0,0,0,0,0,0,0,0
2026-09-18,2026-09-17,YETI,Consumer Cyclical,41.22,1468.34,3008.6,1.68,1.65,-1.86,3.58,1.09,4.43,0,0,0,0,0,0,1,0,0,0,0,0,1
2026-09-18,2026-09-17,YEXT,Technology,6.29,1137.78,622.57,0.91,-1.56,-0.94,-0.63,0.0,0.16,0,0,0,0,0,0,0,0,0,0,0,0,0
2026-09-18,2026-09-17,YMM,Technology,8.1,6745.19,7553.33,0.51,0.37,0.25,0.12,0.09,-0.49,0,0,0,0,0,0,0,0,0,0,0,0,0
2026-09-18,2026-09-17,YOU,Technology,40.11,1621.81,5426.41,1.62,-1.38,-1.74,0.37,0.15,-6.15,0,0,0,0,0,0,0,0,0,0,0,0,0
2026-09-18,2026-09-17,YPF,Energy,54.48,1305.67,21424.8,0.59,-0.31,0.87,-1.17,-0.04,-2.82,0,0,0,0,0,0,0,0,0,0,0,0,0
2026-09-18,2026-09-17,YSS,Industrials,8.76,2390.9,1203.25,1.78,6.44,3.67,2.67,1.02,17.58,0,0,0,1,0,0,0,0,0,0,1,0,1
2026-09-18,2026-09-17,YUM,Consumer Cyclical,135.75,2525.92,37046.33,0.81,-1.6,-2.3,0.71,0.92,-5.66,0,0,0,0,0,0,0,0,0,0,0,0,0
2026-09-18,2026-09-17,YUMC,Consumer Cyclical,41.35,1562.96,14160.64,0.94,-0.02,-0.79,0.77,0.6,-2.22,0,0,0,0,0,0,0,0,0,0,0,0,0
2026-09-18,2026-09-17,Z,Communication Services,30.1,3691.61,6796.2,1.13,-3.86,-5.24,1.45,0.5,-3.68,0,0,0,0,0,0,0,0,0,0,0,0,0
2026-09-18,2026-09-17,ZBH,Healthcare,94.25,2221.81,17977.02,0.99,-2.61,-2.53,-0.08,0.0,1.96,0,0,0,0,0,0,0,0,0,0,0,0,0
2026-09-18,2026-09-17,ZBIO,Healthcare,31.97,845.11,2083.7,0.62,-1.08,-2.47,1.42,0.0,2.8,0,0,0,0,0,0,0,0,0,0,0,0,0
2026-09-18,2026-09-17,ZBRA,Technology,347.81,733.64,16455.12,0.73,1.94,0.72,1.22,0.2,1.1,0,0,0,0,0,0,0,0,0,0,0,0,0
2026-09-18,2026-09-17,ZD,Communication Services,59.13,646.05,2027.4,1.43,0.65,0.56,0.09,0.61,6.95,0,0,0,0,0,0,0,0,0,0,0,0,0
2026-09-18,2026-09-17,ZETA,Technology,30.37,8413.16,7623.28,0.68,-1.56,-1.84,0.29,0.09,-0.62,0,0,0,0,0,0,0,0,0,0,0,0,0
2026-09-18,2026-09-17,ZG,Communication Services,30.66,1186.72,6773.37,0.7,-4.19,-5.72,1.63,2.09,-3.83,0,0,0,0,0,0,0,0,1,0,0,0,1
2026-09-18,2026-09-17,ZGN,Consumer Cyclical,12.36,1186.58,7057.77,1.7,4.75,2.4,2.29,0.0,6.28,0,0,0,0,0,0,0,0,0,0,0,0,0
2026-09-18,2026-09-17,ZIM,Industrials,30.36,1467.1,3658.98,1.01,3.51,2.39,1.09,-0.26,3.02,0,0,0,0,0,0,0,0,0,0,0,0,0
2026-09-18,2026-09-17,ZION,Financial,65.7,1566.79,9589.14,1.04,0.35,-0.82,1.18,0.0,-3.79,0,0,0,0,0,0,0,0,0,0,0,0,0
2026-09-18,2026-09-17,ZLAB,Healthcare,25.81,992.39,2911.63,0.68,4.62,2.24,2.33,0.0,6.79,0,0,0,0,0,0,0,0,0,0,0,0,0
2026-09-18,2026-09-17,ZM,Technology,92.16,3353.42,26890.79,0.77,0.24,0.72,-0.48,0.74,-3.46,0,0,0,0,0,0,0,0,0,0,0,0,0
2026-09-18,2026-09-17,ZS,Technology,197.47,3005.63,32198.41,1.0,3.07,2.84,0.22,-0.19,20.79,0,0,0,0,0,0,0,0,0,0,1,0,1
2026-09-18,2026-09-17,ZTO,Industrials,20.86,1772.02,11426.07,1.35,3.22,1.26,1.93,0.0,0.05,0,0,0,0,0,0,0,0,0,0,0,0,0
2026-09-18,2026-09-17,ZTS,Healthcare,73.02,6117.5,30173.58,0.66,0.03,-0.45,0.48,-0.05,0.22,0,0,0,0,0,0,0,0,0,0,0,0,0
2026-09-18,2026-09-17,ZVRA,Healthcare,11.84,1240.01,703.11,1.28,0.34,-1.0,1.36,0.0,-1.82,0,0,0,0,0,0,0,0,0,0,0,0,0
2026-09-18,2026-09-17,ZWS,Industrials,45.73,970.85,7584.96,0.79,-0.35,-1.89,1.57,0.0,0.46,0,0,0,0,0,0,0,0,0,0,0,0,0
2026-09-18,2026-09-17,ZYME,Healthcare,27.48,607.6,1965.07,2.19,4.73,1.22,3.47,0.07,3.95,1,0,0,0,0,0,1,0,0,0,0,0,1
