Ticker,scan_date,price_T,price_T1,fwd_1d,label_date_1,price_T2,fwd_2d,label_date_2,price_T3,fwd_3d,label_date_3,up_3d,down_3d
A,2026-08-10,148.72,149.49,0.005177514792899407,2026-08-11,,,,,,,,
AA,2026-08-10,51.63,54.08,0.04745303118342048,2026-08-11,,,,,,,,
AAA,2026-08-10,24.93,24.97,0.0016044925792217946,2026-08-11,,,,,,,,
AAAA,2026-08-10,30.86,30.8,-0.0019442644199610948,2026-08-11,,,,,,,,
AAAC,2026-08-10,20.08,20.08,0.0,2026-08-11,,,,,,,,
AAAD,2026-08-10,49.44,49.46,0.0004045307443365509,2026-08-11,,,,,,,,
AAAP,2026-08-10,25.33,25.34,0.00039478878799847905,2026-08-11,,,,,,,,
AAAU,2026-08-10,43.27,43.1,-0.003928819043217069,2026-08-11,,,,,,,,
AAC-U,2026-08-10,10.19,10.19,0.0,2026-08-11,,,,,,,,
AACB,2026-08-10,10.57,10.56,-0.0009460737937558861,2026-08-11,,,,,,,,
AACG,2026-08-10,0.87,0.88,0.011494252873563315,2026-08-11,,,,,,,,
AACI,2026-08-10,10.0,9.99,-0.0010000000000000009,2026-08-11,,,,,,,,
AACO,2026-08-10,9.94,9.94,0.0,2026-08-11,,,,,,,,
AACP,2026-08-10,10.02,10.02,0.0,2026-08-11,,,,,,,,
AADR,2026-08-10,84.25,84.04,-0.0024925816023738667,2026-08-11,,,,,,,,
AADX,2026-08-10,21.52,20.59,-0.04321561338289959,2026-08-11,,,,,,,,
AAEQ,2026-08-10,55.16,54.94,-0.00398839738941259,2026-08-11,,,,,,,,
AAL,2026-08-10,15.0,15.29,0.019333333333333202,2026-08-11,,,,,,,,
AALG,2026-08-10,13.48,14.03,0.040801186943620005,2026-08-11,,,,,,,,
AAME,2026-08-10,1.46,1.43,-0.020547945205479423,2026-08-11,,,,,,,,
AAMI,2026-08-10,90.72,91.55,0.009149029982363333,2026-08-11,,,,,,,,
AAOG,2026-08-10,4.32,4.4,0.0185185185185186,2026-08-11,,,,,,,,
AAOI,2026-08-10,132.81,134.33,0.011444921316166035,2026-08-11,,,,,,,,
AAON,2026-08-10,89.24,85.78,-0.038771851187808126,2026-08-11,,,,,,,,
AAOX,2026-08-10,19.41,19.77,0.018547140649149974,2026-08-11,,,,,,,,
AAOZ,2026-08-10,11.38,11.15,-0.020210896309314608,2026-08-11,,,,,,,,
AAP,2026-08-10,55.73,52.95,-0.04988336623003753,2026-08-11,,,,,,,,
AAPB,2026-08-10,37.66,36.9,-0.020180562931492285,2026-08-11,,,,,,,,
AAPD,2026-08-10,11.28,11.39,0.009751773049645474,2026-08-11,,,,,,,,
AAPE,2026-08-10,14.17,13.95,-0.015525758645024701,2026-08-11,,,,,,,,
AAPG,2026-08-10,18.86,18.98,0.006362672322375529,2026-08-11,,,,,,,,
AAPL,2026-08-10,308.26,304.91,-0.010867449555569841,2026-08-11,,,,,,,,
AAPR,2026-08-10,29.71,29.72,0.0003365870077414179,2026-08-11,,,,,,,,
AAPU,2026-08-10,38.77,37.94,-0.021408305390766214,2026-08-11,,,,,,,,
AAPW,2026-08-10,38.72,38.25,-0.012138429752066138,2026-08-11,,,,,,,,
AAPX,2026-08-10,34.89,34.24,-0.018629979936944596,2026-08-11,,,,,,,,
AAPY,2026-08-10,25.69,25.44,-0.009731413001167755,2026-08-11,,,,,,,,
AARD,2026-08-10,7.56,7.19,-0.04894179894179884,2026-08-11,,,,,,,,
AAT,2026-08-10,22.54,22.32,-0.00976042590949422,2026-08-11,,,,,,,,
AAUA,2026-08-10,59.04,58.85,-0.0032181571815718124,2026-08-11,,,,,,,,
AAUB,2026-08-10,51.39,51.22,-0.003308036582992835,2026-08-11,,,,,,,,
AAUC,2026-08-10,22.22,22.19,-0.0013501350135012302,2026-08-11,,,,,,,,
AAUS,2026-08-10,61.95,61.72,-0.003712671509281784,2026-08-11,,,,,,,,
AAVM,2026-08-10,34.5,34.5,0.0,2026-08-11,,,,,,,,
AAXJ,2026-08-10,112.77,113.62,0.0075374656380242655,2026-08-11,,,,,,,,
AB,2026-08-10,36.98,37.02,0.0010816657652787942,2026-08-11,,,,,,,,
ABAT,2026-08-10,2.65,2.66,0.0037735849056603765,2026-08-11,,,,,,,,
ABBV,2026-08-10,247.97,250.09,0.008549421300963811,2026-08-11,,,,,,,,
ABCB,2026-08-10,87.57,88.23,0.007536827680712621,2026-08-11,,,,,,,,
ABCL,2026-08-10,9.34,9.76,0.044967880085653,2026-08-11,,,,,,,,
ABCS,2026-08-10,36.01,36.0,-0.00027770063871146444,2026-08-11,,,,,,,,
ABEO,2026-08-10,7.45,7.4,-0.006711409395973145,2026-08-11,,,,,,,,
ABEQ,2026-08-10,38.85,38.89,0.001029601029600924,2026-08-11,,,,,,,,
ABEV,2026-08-10,2.94,2.84,-0.03401360544217691,2026-08-11,,,,,,,,
ABFL,2026-08-10,83.86,83.82,-0.00047698545194374553,2026-08-11,,,,,,,,
ABG,2026-08-10,210.76,207.75,-0.014281647371417683,2026-08-11,,,,,,,,
ABI,2026-08-10,24.75,24.76,0.00040404040404040664,2026-08-11,,,,,,,,
ABIG,2026-08-10,36.08,35.91,-0.00471175166297122,2026-08-11,,,,,,,,
ABLD,2026-08-10,32.37,32.42,0.0015446400988570197,2026-08-11,,,,,,,,
ABLG,2026-08-10,31.67,31.6,-0.002210293653299611,2026-08-11,,,,,,,,
ABLS,2026-08-10,23.02,23.03,0.0004344048653346366,2026-08-11,,,,,,,,
ABLV,2026-08-10,0.8,0.78,-0.025000000000000022,2026-08-11,,,,,,,,
ABM,2026-08-10,47.92,48.28,0.0075125208681134925,2026-08-11,,,,,,,,
ABNB,2026-08-10,184.7,184.98,0.0015159718462371963,2026-08-11,,,,,,,,
ABOS,2026-08-10,2.43,2.47,0.016460905349794164,2026-08-11,,,,,,,,
ABOT,2026-08-10,43.44,43.32,-0.0027624309392264568,2026-08-11,,,,,,,,
ABR,2026-08-10,5.36,5.35,-0.001865671641791189,2026-08-11,,,,,,,,
ABSI,2026-08-10,9.01,9.41,0.04439511653718098,2026-08-11,,,,,,,,
ABT,2026-08-10,108.62,109.72,0.010127048425704333,2026-08-11,,,,,,,,
ABTC,2026-08-10,7.07,6.92,-0.021216407355021283,2026-08-11,,,,,,,,
ABTS,2026-08-10,1.26,1.32,0.04761904761904767,2026-08-11,,,,,,,,
ABUF,2026-08-10,27.59,27.58,-0.00036245016310265665,2026-08-11,,,,,,,,
ABUS,2026-08-10,4.59,4.67,0.017429193899782147,2026-08-11,,,,,,,,
ABVC,2026-08-10,0.95,0.99,0.04210526315789487,2026-08-11,,,,,,,,
ABVX,2026-08-10,127.5,126.81,-0.005411764705882338,2026-08-11,,,,,,,,
ABX,2026-08-10,9.52,8.92,-0.06302521008403361,2026-08-11,,,,,,,,
ABXB,2026-08-10,19.14,19.14,0.0,2026-08-11,,,,,,,,
ACA,2026-08-10,144.73,144.91,0.001243695156498248,2026-08-11,,,,,,,,
ACAA,2026-08-10,9.99,10.01,0.002002002002001957,2026-08-11,,,,,,,,
ACAD,2026-08-10,29.39,29.41,0.0006805035726438202,2026-08-11,,,,,,,,
ACB,2026-08-10,2.89,3.48,0.20415224913494812,2026-08-11,,,,,,,,
ACCL,2026-08-10,2.97,2.9,-0.023569023569023684,2026-08-11,,,,,,,,
ACCO,2026-08-10,4.35,4.29,-0.013793103448275779,2026-08-11,,,,,,,,
ACCS,2026-08-10,6.5,5.37,-0.17384615384615387,2026-08-11,,,,,,,,
ACDC,2026-08-10,5.1,5.27,0.033333333333333215,2026-08-11,,,,,,,,
ACEI,2026-08-10,23.65,23.7,0.0021141649048626032,2026-08-11,,,,,,,,
ACEL,2026-08-10,12.05,12.25,0.016597510373443924,2026-08-11,,,,,,,,
ACEP,2026-08-10,20.64,20.69,0.002422480620155154,2026-08-11,,,,,,,,
ACES,2026-08-10,32.03,32.57,0.016859194505151498,2026-08-11,,,,,,,,
ACET,2026-08-10,8.11,8.23,0.014796547472256671,2026-08-11,,,,,,,,
ACFN,2026-08-10,18.38,17.97,-0.022306855277475557,2026-08-11,,,,,,,,
ACGC,2026-08-10,9.98,9.98,0.0,2026-08-11,,,,,,,,
ACGL,2026-08-10,98.25,98.26,0.00010178117048353919,2026-08-11,,,,,,,,
ACGO,2026-08-10,38.47,38.3,-0.004419027813881038,2026-08-11,,,,,,,,
ACGR,2026-08-10,71.22,70.79,-0.006037629879247275,2026-08-11,,,,,,,,
ACH,2026-08-10,1.4,1.26,-0.09999999999999998,2026-08-11,,,,,,,,
ACHC,2026-08-10,31.78,31.1,-0.021397105097545666,2026-08-11,,,,,,,,
ACHR,2026-08-10,6.26,6.79,0.08466453674121399,2026-08-11,,,,,,,,
ACHV,2026-08-10,6.67,6.77,0.014992503748125774,2026-08-11,,,,,,,,
ACHX,2026-08-10,40.24,46.73,0.16128230616302175,2026-08-11,,,,,,,,
ACI,2026-08-10,12.13,12.25,0.009892827699917506,2026-08-11,,,,,,,,
ACIC,2026-08-10,9.95,9.82,-0.01306532663316573,2026-08-11,,,,,,,,
ACII,2026-08-10,25.63,25.63,0.0,2026-08-11,,,,,,,,
ACIO,2026-08-10,47.41,47.27,-0.0029529635098078932,2026-08-11,,,,,,,,
ACIU,2026-08-10,2.28,2.54,0.11403508771929838,2026-08-11,,,,,,,,
ACIW,2026-08-10,52.85,52.24,-0.011542100283822077,2026-08-11,,,,,,,,
ACKY,2026-08-10,18.37,18.41,0.0021774632553075435,2026-08-11,,,,,,,,
ACLC,2026-08-10,87.67,87.33,-0.0038781795368997285,2026-08-11,,,,,,,,
ACLO,2026-08-10,50.39,50.4,0.0001984520738240736,2026-08-11,,,,,,,,
ACLS,2026-08-10,132.65,135.36,0.020429702223897506,2026-08-11,,,,,,,,
ACLZ,2026-08-10,12.94,13.38,0.03400309119010836,2026-08-11,,,,,,,,
ACM,2026-08-10,73.3,67.05,-0.08526603001364252,2026-08-11,,,,,,,,
ACMM,2026-08-10,13.06,13.12,0.004594180704440953,2026-08-11,,,,,,,,
ACMR,2026-08-10,79.41,79.92,0.006422364941443215,2026-08-11,,,,,,,,
ACN,2026-08-10,178.25,179.82,0.008807854137447446,2026-08-11,,,,,,,,
ACNB,2026-08-10,63.49,64.42,0.014647976059221968,2026-08-11,,,,,,,,
ACNT,2026-08-10,15.6,15.33,-0.017307692307692246,2026-08-11,,,,,,,,
ACOG,2026-08-10,8.89,8.89,0.0,2026-08-11,,,,,,,,
ACOM,2026-08-10,22.54,22.58,0.0017746228926351915,2026-08-11,,,,,,,,
ACON,2026-08-10,2.36,2.28,-0.03389830508474578,2026-08-11,,,,,,,,
ACP,2026-08-10,5.08,5.11,0.0059055118110236116,2026-08-11,,,,,,,,
ACR,2026-08-10,14.21,14.1,-0.007741027445461013,2026-08-11,,,,,,,,
ACRE,2026-08-10,4.61,4.73,0.026030368763557465,2026-08-11,,,,,,,,
ACRS,2026-08-10,5.9,5.92,0.003389830508474523,2026-08-11,,,,,,,,
ACRV,2026-08-10,1.74,1.73,-0.005747126436781658,2026-08-11,,,,,,,,
ACSG,2026-08-10,50.17,50.27,0.0019932230416583874,2026-08-11,,,,,,,,
ACSI,2026-08-10,77.63,77.26,-0.004766198634548413,2026-08-11,,,,,,,,
ACSV,2026-08-10,50.25,50.6,0.006965174129353269,2026-08-11,,,,,,,,
ACT,2026-08-10,48.5,49.12,0.012783505154639219,2026-08-11,,,,,,,,
ACTG,2026-08-10,4.77,4.62,-0.03144654088050303,2026-08-11,,,,,,,,
ACTU,2026-08-10,1.02,1.01,-0.009803921568627416,2026-08-11,,,,,,,,
ACU,2026-08-10,56.57,57.35,0.013788226975428586,2026-08-11,,,,,,,,
ACV,2026-08-10,27.43,27.37,-0.0021873860736419948,2026-08-11,,,,,,,,
ACVA,2026-08-10,7.26,7.26,0.0,2026-08-11,,,,,,,,
ACVF,2026-08-10,56.2,56.23,0.000533807829181443,2026-08-11,,,,,,,,
ACVT,2026-08-10,28.63,28.61,-0.0006985679357317531,2026-08-11,,,,,,,,
ACVU,2026-08-10,32.51,32.45,-0.0018455859735464486,2026-08-11,,,,,,,,
ACWI,2026-08-10,161.1,160.89,-0.0013035381750465813,2026-08-11,,,,,,,,
ACWV,2026-08-10,126.5,126.3,-0.0015810276679841806,2026-08-11,,,,,,,,
ACWX,2026-08-10,77.04,77.14,0.0012980269989615323,2026-08-11,,,,,,,,
ACXP,2026-08-10,1.53,1.47,-0.03921568627450989,2026-08-11,,,,,,,,
ACYN,2026-08-10,20.69,20.7,0.0004833252779119501,2026-08-11,,,,,,,,
ACYQ,2026-08-10,20.41,20.73,0.015678588926996584,2026-08-11,,,,,,,,
ACYS,2026-08-10,20.46,20.48,0.0009775171065493637,2026-08-11,,,,,,,,
AD,2026-08-10,35.06,34.85,-0.0059897318881917405,2026-08-11,,,,,,,,
ADAC,2026-08-10,10.08,10.1,0.001984126984126977,2026-08-11,,,,,,,,
ADAG,2026-08-10,4.07,3.89,-0.04422604422604426,2026-08-11,,,,,,,,
ADAM,2026-08-10,9.79,10.23,0.04494382022471921,2026-08-11,,,,,,,,
ADBE,2026-08-10,272.96,263.71,-0.03388774912075032,2026-08-11,,,,,,,,
ADBG,2026-08-10,5.06,4.72,-0.06719367588932801,2026-08-11,,,,,,,,
ADBU,2026-08-10,28.59,26.6,-0.06960475690800971,2026-08-11,,,,,,,,
ADC,2026-08-10,74.14,73.39,-0.010115996762880997,2026-08-11,,,,,,,,
ADCT,2026-08-10,1.13,1.18,0.04424778761061954,2026-08-11,,,,,,,,
ADDS,2026-08-10,25.28,25.5,0.008702531645569556,2026-08-11,,,,,,,,
ADEA,2026-08-10,27.86,27.72,-0.005025125628140725,2026-08-11,,,,,,,,
ADGM,2026-08-10,0.74,0.72,-0.027027027027027084,2026-08-11,,,,,,,,
ADI,2026-08-10,383.92,385.3,0.003594498853927819,2026-08-11,,,,,,,,
ADIG,2026-08-10,28.27,27.92,-0.012380615493455926,2026-08-11,,,,,,,,
ADIL,2026-08-10,4.21,4.31,0.02375296912114,2026-08-11,,,,,,,,
ADIU,2026-08-10,11.46,11.54,0.00698080279232105,2026-08-11,,,,,,,,
ADIV,2026-08-10,19.77,19.78,0.0005058168942844166,2026-08-11,,,,,,,,
ADM,2026-08-10,80.49,80.46,-0.000372717107715248,2026-08-11,,,,,,,,
ADMA,2026-08-10,9.75,9.9,0.01538461538461533,2026-08-11,,,,,,,,
ADME,2026-08-10,56.96,56.74,-0.0038623595505618002,2026-08-11,,,,,,,,
ADNT,2026-08-10,18.71,19.14,0.022982362373062504,2026-08-11,,,,,,,,
ADP,2026-08-10,273.67,271.09,-0.009427412577191707,2026-08-11,,,,,,,,
ADPT,2026-08-10,25.45,25.39,-0.0023575638506875274,2026-08-11,,,,,,,,
ADPV,2026-08-10,45.08,45.12,0.0008873114463177068,2026-08-11,,,,,,,,
ADSE,2026-08-10,11.63,11.83,0.017196904557179593,2026-08-11,,,,,,,,
ADSK,2026-08-10,256.07,251.59,-0.01749521615183347,2026-08-11,,,,,,,,
ADT,2026-08-10,7.51,7.45,-0.007989347536617841,2026-08-11,,,,,,,,
ADTN,2026-08-10,7.63,7.76,0.017038007863696025,2026-08-11,,,,,,,,
ADUR,2026-08-10,15.56,15.69,0.00835475578406153,2026-08-11,,,,,,,,
ADUS,2026-08-10,119.34,116.89,-0.02052957935310884,2026-08-11,,,,,,,,
ADV,2026-08-10,29.88,30.19,0.01037483266398942,2026-08-11,,,,,,,,
ADVB,2026-08-10,7.91,7.77,-0.017699115044247815,2026-08-11,,,,,,,,
ADVE,2026-08-10,46.18,46.31,0.002815071459506324,2026-08-11,,,,,,,,
ADX,2026-08-10,26.22,26.26,0.0015255530129671957,2026-08-11,,,,,,,,
ADXN,2026-08-10,5.95,5.86,-0.015126050420168013,2026-08-11,,,,,,,,
AEAQ,2026-08-10,10.03,10.05,0.001994017946161719,2026-08-11,,,,,,,,
AEBI,2026-08-10,12.75,12.87,0.00941176470588223,2026-08-11,,,,,,,,
AEC,2026-08-10,4.3,4.54,0.05581395348837215,2026-08-11,,,,,,,,
AEE,2026-08-10,107.0,107.82,0.007663551401869029,2026-08-11,,,,,,,,
AEF,2026-08-10,8.97,9.13,0.01783723522853964,2026-08-11,,,,,,,,
AEG,2026-08-10,9.45,9.39,-0.006349206349206216,2026-08-11,,,,,,,,
AEHG,2026-08-10,12.29,14.74,0.1993490642799025,2026-08-11,,,,,,,,
AEHL,2026-08-10,5.71,5.39,-0.05604203152364273,2026-08-11,,,,,,,,
AEHR,2026-08-10,106.2,117.18,0.10338983050847461,2026-08-11,,,,,,,,
AEI,2026-08-10,1.07,1.03,-0.03738317757009346,2026-08-11,,,,,,,,
AEIS,2026-08-10,314.49,327.59,0.04165474259912871,2026-08-11,,,,,,,,
AEM,2026-08-10,180.48,181.75,0.007036790780141855,2026-08-11,,,,,,,,
AEMD,2026-08-10,3.08,3.18,0.032467532467532534,2026-08-11,,,,,,,,
AENT,2026-08-10,5.65,5.57,-0.01415929203539823,2026-08-11,,,,,,,,
AEO,2026-08-10,18.32,17.36,-0.05240174672489084,2026-08-11,,,,,,,,
AEON,2026-08-10,0.28,0.27,-0.0357142857142857,2026-08-11,,,,,,,,
AEP,2026-08-10,122.84,123.58,0.0060240963855420215,2026-08-11,,,,,,,,
AER,2026-08-10,149.58,149.31,-0.0018050541516245744,2026-08-11,,,,,,,,
AERO,2026-08-10,15.76,15.74,-0.0012690355329948444,2026-08-11,,,,,,,,
AERT,2026-08-10,7.06,7.07,0.0014164305949009304,2026-08-11,,,,,,,,
AES,2026-08-10,14.73,14.7,-0.0020366598778004397,2026-08-11,,,,,,,,
AESI,2026-08-10,11.78,11.98,0.01697792869269965,2026-08-11,,,,,,,,
AESP,2026-08-10,9.93,9.93,0.0,2026-08-11,,,,,,,,
AESR,2026-08-10,20.11,20.15,0.001989060169069967,2026-08-11,,,,,,,,
AETH,2026-08-10,29.71,29.78,0.0023561090541905916,2026-08-11,,,,,,,,
AEVA,2026-08-10,23.69,24.06,0.01561840439003781,2026-08-11,,,,,,,,
AEXA,2026-08-10,11.5,11.63,0.011304347826087024,2026-08-11,,,,,,,,
AEYE,2026-08-10,5.86,5.91,0.008532423208191142,2026-08-11,,,,,,,,
AFB,2026-08-10,11.0,10.96,-0.0036363636363635488,2026-08-11,,,,,,,,
AFBI,2026-08-10,23.0,23.0,0.0,2026-08-11,,,,,,,,
AFCG,2026-08-10,2.77,2.75,-0.0072202166064981865,2026-08-11,,,,,,,,
AFG,2026-08-10,143.87,144.35,0.0033363453117396524,2026-08-11,,,,,,,,
AFGR,2026-08-10,37.85,37.52,-0.008718626155878373,2026-08-11,,,,,,,,
AFIF,2026-08-10,9.41,9.41,0.0,2026-08-11,,,,,,,,
AFIX,2026-08-10,24.4,24.42,0.0008196721311477528,2026-08-11,,,,,,,,
AFJK,2026-08-10,11.96,12.01,0.004180602006688794,2026-08-11,,,,,,,,
AFK,2026-08-10,28.48,28.17,-0.010884831460674094,2026-08-11,,,,,,,,
AFL,2026-08-10,121.94,121.07,-0.007134656388387728,2026-08-11,,,,,,,,
AFLG,2026-08-10,45.13,44.88,-0.005539552404165704,2026-08-11,,,,,,,,
AFMC,2026-08-10,41.67,41.6,-0.0016798656107511745,2026-08-11,,,,,,,,
AFOS,2026-08-10,45.9,46.2,0.0065359477124184995,2026-08-11,,,,,,,,
AFRI,2026-08-10,10.75,10.64,-0.01023255813953483,2026-08-11,,,,,,,,
AFRM,2026-08-10,75.54,76.71,0.01548848292295446,2026-08-11,,,,,,,,
AFRU,2026-08-10,10.84,11.07,0.02121771217712176,2026-08-11,,,,,,,,
AFSC,2026-08-10,39.2,39.33,0.0033163265306122014,2026-08-11,,,,,,,,
AFSM,2026-08-10,40.61,40.56,-0.0012312238364934336,2026-08-11,,,,,,,,
AFYA,2026-08-10,13.44,13.58,0.01041666666666674,2026-08-11,,,,,,,,
AG,2026-08-10,18.85,18.96,0.005835543766578244,2026-08-11,,,,,,,,
AGBK,2026-08-10,6.19,6.21,0.003231017770597644,2026-08-11,,,,,,,,
AGCC,2026-08-10,15.24,15.01,-0.015091863517060378,2026-08-11,,,,,,,,
AGCO,2026-08-10,100.87,101.43,0.005551700208188848,2026-08-11,,,,,,,,
AGD,2026-08-10,12.42,12.45,0.0024154589371980784,2026-08-11,,,,,,,,
AGEM,2026-08-10,47.97,48.33,0.007504690431519689,2026-08-11,,,,,,,,
AGEN,2026-08-10,7.0,6.83,-0.024285714285714244,2026-08-11,,,,,,,,
AGG,2026-08-10,97.24,97.32,0.0008227067050596837,2026-08-11,,,,,,,,
AGGA,2026-08-10,24.86,24.88,0.0008045052292839916,2026-08-11,,,,,,,,
AGGH,2026-08-10,19.85,19.85,0.0,2026-08-11,,,,,,,,
AGGS,2026-08-10,40.22,40.24,0.0004972650422676583,2026-08-11,,,,,,,,
AGGY,2026-08-10,42.68,42.7,0.00046860356138722636,2026-08-11,,,,,,,,
AGI,2026-08-10,33.19,33.45,0.007833684844833044,2026-08-11,,,,,,,,
AGIG,2026-08-10,0.88,0.89,0.011363636363636465,2026-08-11,,,,,,,,
AGIO,2026-08-10,32.59,32.69,0.0030684258975144374,2026-08-11,,,,,,,,
AGIQ,2026-08-10,25.45,25.52,0.002750491159135615,2026-08-11,,,,,,,,
AGIX,2026-08-10,45.09,45.24,0.003326679973386426,2026-08-11,,,,,,,,
AGL,2026-08-10,96.78,86.39,-0.10735689191981812,2026-08-11,,,,,,,,
AGM,2026-08-10,233.61,234.68,0.004580283378279981,2026-08-11,,,,,,,,
AGMB,2026-08-10,15.0,14.85,-0.010000000000000009,2026-08-11,,,,,,,,
AGMH,2026-08-10,1.05,1.09,0.03809523809523818,2026-08-11,,,,,,,,
AGMI,2026-08-10,73.4,73.1,-0.004087193460490579,2026-08-11,,,,,,,,
AGNC,2026-08-10,10.76,10.89,0.012081784386617223,2026-08-11,,,,,,,,
AGNG,2026-08-10,38.35,38.21,-0.003650586701434144,2026-08-11,,,,,,,,
AGNT,2026-08-10,4.28,4.27,-0.00233644859813098,2026-08-11,,,,,,,,
AGO,2026-08-10,75.94,75.31,-0.008296023176191714,2026-08-11,,,,,,,,
AGOX,2026-08-10,34.38,34.31,-0.0020360674810936397,2026-08-11,,,,,,,,
AGPU,2026-08-10,8.41,8.01,-0.04756242568370994,2026-08-11,,,,,,,,
AGQ,2026-08-10,81.88,79.45,-0.029677576941866013,2026-08-11,,,,,,,,
AGQI,2026-08-10,18.83,18.8,-0.0015932023366966863,2026-08-11,,,,,,,,
AGRH,2026-08-10,26.23,26.21,-0.0007624857033929899,2026-08-11,,,,,,,,
AGRO,2026-08-10,9.66,9.41,-0.025879917184264967,2026-08-11,,,,,,,,
AGRW,2026-08-10,33.09,32.93,-0.004835297673013161,2026-08-11,,,,,,,,
AGRZ,2026-08-10,0.28,0.25,-0.1071428571428572,2026-08-11,,,,,,,,
AGX,2026-08-10,581.26,578.51,-0.0047311014004060015,2026-08-11,,,,,,,,
AGYS,2026-08-10,106.98,106.57,-0.003832492054589798,2026-08-11,,,,,,,,
AGZ,2026-08-10,108.35,108.46,0.0010152284263960087,2026-08-11,,,,,,,,
AGZD,2026-08-10,22.6,22.59,-0.0004424778761062953,2026-08-11,,,,,,,,
AHCO,2026-08-10,5.22,5.65,0.0823754789272031,2026-08-11,,,,,,,,
AHD,2026-08-10,26.53,26.5,-0.0011307953260459858,2026-08-11,,,,,,,,
AHG,2026-08-10,1.35,1.39,0.02962962962962945,2026-08-11,,,,,,,,
AHLT,2026-08-10,29.4,29.36,-0.0013605442176870541,2026-08-11,,,,,,,,
AHMA,2026-08-10,1.74,1.71,-0.017241379310344862,2026-08-11,,,,,,,,
AHR,2026-08-10,55.47,52.69,-0.05011718045790514,2026-08-11,,,,,,,,
AHRT,2026-08-10,6.74,6.72,-0.0029673590504452063,2026-08-11,,,,,,,,
AHT,2026-08-10,3.2,3.13,-0.02187500000000009,2026-08-11,,,,,,,,
AHYB,2026-08-10,45.81,45.9,0.0019646365422396617,2026-08-11,,,,,,,,
AI,2026-08-10,10.4,10.63,0.02211538461538476,2026-08-11,,,,,,,,
AIA,2026-08-10,134.57,135.9,0.009883332094820618,2026-08-11,,,,,,,,
AIAI,2026-08-10,4.18,5.4,0.29186602870813405,2026-08-11,,,,,,,,
AIB,2026-08-10,1.75,1.75,0.0,2026-08-11,,,,,,,,
AIBD,2026-08-10,47.29,47.88,0.012476210615352201,2026-08-11,,,,,,,,
AIBU,2026-08-10,67.39,66.56,-0.01231636741356279,2026-08-11,,,,,,,,
AIBZ,2026-08-10,6.18,6.2,0.003236245954692629,2026-08-11,,,,,,,,
AIDX,2026-08-10,0.46,0.44,-0.0434782608695653,2026-08-11,,,,,,,,
AIEQ,2026-08-10,50.76,50.96,0.003940110323089163,2026-08-11,,,,,,,,
AIFA,2026-08-10,2.11,3.18,0.5071090047393367,2026-08-11,,,,,,,,
AIFC,2026-08-10,0.42,0.42,0.0,2026-08-11,,,,,,,,
AIFD,2026-08-10,52.33,52.31,-0.0003821899484043323,2026-08-11,,,,,,,,
AIFF,2026-08-10,1.19,1.14,-0.04201680672268915,2026-08-11,,,,,,,,
AIFU,2026-08-10,37.1,37.0,-0.0026954177897574594,2026-08-11,,,,,,,,
AIG,2026-08-10,77.61,77.31,-0.0038654812524159254,2026-08-11,,,,,,,,
AIHS,2026-08-10,1.5,1.84,0.2266666666666668,2026-08-11,,,,,,,,
AIHY,2026-08-10,21.72,21.31,-0.01887661141804786,2026-08-11,,,,,,,,
AII,2026-08-10,20.55,20.19,-0.017518248175182438,2026-08-11,,,,,,,,
AIIA,2026-08-10,10.2,10.2,0.0,2026-08-11,,,,,,,,
AIIO,2026-08-10,3.18,2.98,-0.06289308176100639,2026-08-11,,,,,,,,
AIIR,2026-08-10,6.81,7.34,0.07782672540381785,2026-08-11,,,,,,,,
AIM,2026-08-10,0.26,0.25,-0.03846153846153855,2026-08-11,,,,,,,,
AIMD,2026-08-10,1.43,1.48,0.034965034965035,2026-08-11,,,,,,,,
AIMS,2026-08-10,28.65,28.74,0.003141361256544517,2026-08-11,,,,,,,,
AIN,2026-08-10,61.01,63.02,0.03294541878380608,2026-08-11,,,,,,,,
AINP,2026-08-10,24.81,24.83,0.0008061265618701796,2026-08-11,,,,,,,,
AINT,2026-08-10,31.21,31.27,0.001922460749759658,2026-08-11,,,,,,,,
AIO,2026-08-10,26.34,26.3,-0.0015186028853454436,2026-08-11,,,,,,,,
AIOO,2026-08-10,26.46,26.47,0.00037792894935750887,2026-08-11,,,,,,,,
AIOS,2026-08-10,12.0,13.45,0.12083333333333335,2026-08-11,,,,,,,,
AIOT,2026-08-10,3.06,2.84,-0.07189542483660138,2026-08-11,,,,,,,,
AIP,2026-08-10,27.13,27.45,0.01179506081828241,2026-08-11,,,,,,,,
AIPI,2026-08-10,37.34,37.38,0.0010712372790573355,2026-08-11,,,,,,,,
AIPO,2026-08-10,29.69,30.21,0.017514314584035073,2026-08-11,,,,,,,,
AIQ,2026-08-10,63.51,63.2,-0.00488112108329386,2026-08-11,,,,,,,,
AIQD,2026-08-10,50.49,51.09,0.011883541295306,2026-08-11,,,,,,,,
AIQU,2026-08-10,18.53,18.39,-0.007555315704263377,2026-08-11,,,,,,,,
AIR,2026-08-10,142.69,145.45,0.019342630878127265,2026-08-11,,,,,,,,
AIRE,2026-08-10,1.53,1.51,-0.013071895424836666,2026-08-11,,,,,,,,
AIRG,2026-08-10,5.47,5.34,-0.023765996343692808,2026-08-11,,,,,,,,
AIRI,2026-08-10,2.58,2.61,0.011627906976744207,2026-08-11,,,,,,,,
AIRJ,2026-08-10,5.93,6.4,0.07925801011804401,2026-08-11,,,,,,,,
AIRO,2026-08-10,8.44,8.43,-0.0011848341232226778,2026-08-11,,,,,,,,
AIRR,2026-08-10,122.44,122.97,0.00432865076772293,2026-08-11,,,,,,,,
AIRS,2026-08-10,2.75,3.21,0.16727272727272724,2026-08-11,,,,,,,,
AIRT,2026-08-10,32.33,31.51,-0.02536343952984832,2026-08-11,,,,,,,,
AIS,2026-08-10,67.32,68.16,0.012477718360071277,2026-08-11,,,,,,,,
AISP,2026-08-10,2.03,2.02,-0.004926108374384119,2026-08-11,,,,,,,,
AIT,2026-08-10,357.8,352.35,-0.015231973169368307,2026-08-11,,,,,,,,
AIUP,2026-08-10,29.42,29.34,-0.002719238613188346,2026-08-11,,,,,,,,
AIV,2026-08-10,2.62,2.59,-0.011450381679389388,2026-08-11,,,,,,,,
AIVC,2026-08-10,110.92,110.64,-0.0025243418680129803,2026-08-11,,,,,,,,
AIVI,2026-08-10,60.31,60.22,-0.0014922898358481484,2026-08-11,,,,,,,,
AIVL,2026-08-10,134.75,134.52,-0.001706864564007371,2026-08-11,,,,,,,,
AIX,2026-08-10,23.63,23.57,-0.002539145154464628,2026-08-11,,,,,,,,
AIXC,2026-08-10,0.79,0.8,0.012658227848101333,2026-08-11,,,,,,,,
AIXI,2026-08-10,1.01,0.99,-0.01980198019801982,2026-08-11,,,,,,,,
AIYY,2026-08-10,7.92,8.06,0.017676767676767735,2026-08-11,,,,,,,,
AIZ,2026-08-10,287.22,281.41,-0.020228396351229083,2026-08-11,,,,,,,,
AJAN,2026-08-10,28.58,28.58,0.0,2026-08-11,,,,,,,,
AJG,2026-08-10,252.43,253.51,0.004278413817691895,2026-08-11,,,,,,,,
AJUL,2026-08-10,30.4,30.33,-0.0023026315789473895,2026-08-11,,,,,,,,
AKA,2026-08-10,11.1,10.6,-0.04504504504504503,2026-08-11,,,,,,,,
AKAF,2026-08-10,33.28,33.45,0.005108173076923128,2026-08-11,,,,,,,,
AKAL,2026-08-10,23.07,22.58,-0.021239705244906926,2026-08-11,,,,,,,,
AKAM,2026-08-10,117.65,116.67,-0.008329791755206206,2026-08-11,,,,,,,,
AKAN,2026-08-10,5.01,5.21,0.03992015968063867,2026-08-11,,,,,,,,
AKBA,2026-08-10,0.84,0.87,0.03571428571428581,2026-08-11,,,,,,,,
AKO-A,2026-08-10,23.0,23.75,0.032608695652173836,2026-08-11,,,,,,,,
AKO-B,2026-08-10,31.4,31.5,0.0031847133757962887,2026-08-11,,,,,,,,
AKR,2026-08-10,20.26,20.61,0.01727541954590306,2026-08-11,,,,,,,,
AKRE,2026-08-10,59.69,59.54,-0.0025129837493717,2026-08-11,,,,,,,,
AKTS,2026-08-10,24.1,24.77,0.027800829875518573,2026-08-11,,,,,,,,
AKTX,2026-08-10,7.53,7.73,0.026560424966799445,2026-08-11,,,,,,,,
ALA,2026-08-10,12.73,12.11,-0.04870384917517678,2026-08-11,,,,,,,,
ALAB,2026-08-10,317.23,311.99,-0.016517983797244895,2026-08-11,,,,,,,,
ALAI,2026-08-10,44.65,44.7,0.0011198208286675726,2026-08-11,,,,,,,,
ALAR,2026-08-10,1.86,1.82,-0.021505376344086002,2026-08-11,,,,,,,,
ALB,2026-08-10,131.21,129.36,-0.014099535096410265,2026-08-11,,,,,,,,
ALBG,2026-08-10,6.89,6.68,-0.030478955007256836,2026-08-11,,,,,,,,
ALC,2026-08-10,73.63,75.35,0.023360043460545876,2026-08-11,,,,,,,,
ALCO,2026-08-10,39.06,41.4,0.05990783410138234,2026-08-11,,,,,,,,
ALDB,2026-08-10,25.76,25.7,-0.0023291925465839247,2026-08-11,,,,,,,,
ALDF,2026-08-10,10.78,10.78,0.0,2026-08-11,,,,,,,,
ALDX,2026-08-10,1.51,1.51,0.0,2026-08-11,,,,,,,,
ALEC,2026-08-10,1.69,2.09,0.23668639053254426,2026-08-11,,,,,,,,
ALF,2026-08-10,10.84,10.84,0.0,2026-08-11,,,,,,,,
ALG,2026-08-10,168.98,169.74,0.00449757367735848,2026-08-11,,,,,,,,
ALGM,2026-08-10,42.46,42.52,0.0014130946773434072,2026-08-11,,,,,,,,
ALGN,2026-08-10,176.04,172.96,-0.017496023630992896,2026-08-11,,,,,,,,
ALGS,2026-08-10,7.65,7.28,-0.048366013071895475,2026-08-11,,,,,,,,
ALGT,2026-08-10,89.54,88.34,-0.013401831583649826,2026-08-11,,,,,,,,
ALH,2026-08-10,26.39,26.31,-0.0030314513073134153,2026-08-11,,,,,,,,
ALHC,2026-08-10,13.78,13.2,-0.0420899854862119,2026-08-11,,,,,,,,
ALIL,2026-08-10,32.01,32.35,0.010621680724773652,2026-08-11,,,,,,,,
ALIS,2026-08-10,10.18,10.19,0.0009823182711197198,2026-08-11,,,,,,,,
ALIT,2026-08-10,14.64,13.51,-0.07718579234972678,2026-08-11,,,,,,,,
ALK,2026-08-10,47.26,48.4,0.024121878967414245,2026-08-11,,,,,,,,
ALKS,2026-08-10,49.4,49.21,-0.0038461538461538325,2026-08-11,,,,,,,,
ALKT,2026-08-10,19.62,19.83,0.010703363914372988,2026-08-11,,,,,,,,
ALL,2026-08-10,269.67,262.23,-0.027589275781510714,2026-08-11,,,,,,,,
ALLE,2026-08-10,165.53,168.44,0.017579894883102742,2026-08-11,,,,,,,,
ALLO,2026-08-10,2.1,2.12,0.00952380952380949,2026-08-11,,,,,,,,
ALLR,2026-08-10,1.41,1.43,0.014184397163120588,2026-08-11,,,,,,,,
ALLT,2026-08-10,7.55,8.02,0.062251655629139035,2026-08-11,,,,,,,,
ALLW,2026-08-10,29.88,29.91,0.0010040160642570406,2026-08-11,,,,,,,,
ALLY,2026-08-10,43.79,43.95,0.0036538022379539736,2026-08-11,,,,,,,,
ALM,2026-08-10,13.7,13.29,-0.029927007299270114,2026-08-11,,,,,,,,
ALMR,2026-08-10,27.99,36.57,0.30653804930332273,2026-08-11,,,,,,,,
ALMS,2026-08-10,27.53,25.37,-0.07845986196876131,2026-08-11,,,,,,,,
ALMU,2026-08-10,17.25,18.19,0.054492753623188506,2026-08-11,,,,,,,,
ALNT,2026-08-10,113.03,113.97,0.008316376183314045,2026-08-11,,,,,,,,
ALNY,2026-08-10,216.98,221.2,0.019448797124158812,2026-08-11,,,,,,,,
ALOT,2026-08-10,28.88,28.89,0.0003462603878117143,2026-08-11,,,,,,,,
ALOV,2026-08-10,9.96,9.99,0.003012048192771122,2026-08-11,,,,,,,,
ALOY,2026-08-10,12.98,12.75,-0.017719568567026278,2026-08-11,,,,,,,,
ALP,2026-08-10,0.19,0.19,0.0,2026-08-11,,,,,,,,
ALPS,2026-08-10,0.42,0.41,-0.023809523809523836,2026-08-11,,,,,,,,
ALPX,2026-08-10,9.9,9.89,-0.0010101010101010166,2026-08-11,,,,,,,,
ALRG,2026-08-10,31.68,31.67,-0.0003156565656564636,2026-08-11,,,,,,,,
ALRM,2026-08-10,56.45,56.37,-0.0014171833480957075,2026-08-11,,,,,,,,
ALRS,2026-08-10,33.21,33.44,0.006925624811803477,2026-08-11,,,,,,,,
ALSN,2026-08-10,124.52,124.99,0.003774494057179556,2026-08-11,,,,,,,,
ALT,2026-08-10,3.05,3.0,-0.016393442622950727,2026-08-11,,,,,,,,
ALTG,2026-08-10,7.26,7.62,0.04958677685950419,2026-08-11,,,,,,,,
ALTI,2026-08-10,4.3,4.07,-0.05348837209302315,2026-08-11,,,,,,,,
ALTL,2026-08-10,46.87,46.83,-0.0008534243652655871,2026-08-11,,,,,,,,
ALTO,2026-08-10,4.23,4.17,-0.014184397163120699,2026-08-11,,,,,,,,
ALTY,2026-08-10,12.27,12.29,0.0016299918500406463,2026-08-11,,,,,,,,
ALUB,2026-08-10,10.11,10.11,0.0,2026-08-11,,,,,,,,
ALV,2026-08-10,121.74,122.36,0.005092820765566053,2026-08-11,,,,,,,,
ALVO,2026-08-10,3.77,3.8,0.007957559681697646,2026-08-11,,,,,,,,
ALX,2026-08-10,270.02,271.27,0.004629286719502357,2026-08-11,,,,,,,,
ALXO,2026-08-10,2.06,1.93,-0.06310679611650494,2026-08-11,,,,,,,,
ALZN,2026-08-10,1.46,1.47,0.006849315068493178,2026-08-11,,,,,,,,
AM,2026-08-10,21.94,22.1,0.007292616226071136,2026-08-11,,,,,,,,
AMA,2026-08-10,27.93,28.24,0.011099176512710196,2026-08-11,,,,,,,,
AMAA,2026-08-10,35.93,34.43,-0.04174784302811019,2026-08-11,,,,,,,,
AMACU,2026-08-10,9.95,9.95,0.0,2026-08-11,,,,,,,,
AMAL,2026-08-10,49.39,50.01,0.012553148410609394,2026-08-11,,,,,,,,
AMAN,2026-08-10,10.27,10.4,0.012658227848101333,2026-08-11,,,,,,,,
AMAT,2026-08-10,522.12,525.61,0.00668428713705671,2026-08-11,,,,,,,,
AMAU,2026-08-10,16.94,17.1,0.009445100354191327,2026-08-11,,,,,,,,
AMAX,2026-08-10,7.61,7.6,-0.0013140604467806183,2026-08-11,,,,,,,,
AMBA,2026-08-10,82.04,82.89,0.010360799609946403,2026-08-11,,,,,,,,
AMBO,2026-08-10,1.84,1.96,0.06521739130434767,2026-08-11,,,,,,,,
AMBP,2026-08-10,4.97,5.05,0.016096579476861272,2026-08-11,,,,,,,,
AMBQ,2026-08-10,63.92,65.29,0.021433041301627043,2026-08-11,,,,,,,,
AMBR,2026-08-10,1.33,1.3,-0.022556390977443663,2026-08-11,,,,,,,,
AMC,2026-08-10,2.42,2.4,-0.008264462809917328,2026-08-11,,,,,,,,
AMCI,2026-08-10,4.48,4.44,-0.008928571428571397,2026-08-11,,,,,,,,
AMCR,2026-08-10,47.11,47.4,0.006155805561451899,2026-08-11,,,,,,,,
AMCX,2026-08-10,11.85,11.79,-0.005063291139240533,2026-08-11,,,,,,,,
AMD,2026-08-10,469.56,474.32,0.010137149672033274,2026-08-11,,,,,,,,
AMDC,2026-08-10,17.79,18.05,0.014614952220348698,2026-08-11,,,,,,,,
AMDD,2026-08-10,30.56,30.29,-0.008835078534031426,2026-08-11,,,,,,,,
AMDG,2026-08-10,83.92,85.27,0.016086749285033397,2026-08-11,,,,,,,,
AMDL,2026-08-10,49.48,50.25,0.015561843168957257,2026-08-11,,,,,,,,
AMDW,2026-08-10,81.5,82.28,0.009570552147239342,2026-08-11,,,,,,,,
AMDY,2026-08-10,44.56,44.86,0.006732495511669656,2026-08-11,,,,,,,,
AME,2026-08-10,252.88,256.3,0.013524201202151254,2026-08-11,,,,,,,,
AMEI,2026-08-10,26.85,26.81,-0.0014897579143390294,2026-08-11,,,,,,,,
AMEM,2026-08-10,24.73,24.89,0.006469874646178653,2026-08-11,,,,,,,,
AMG,2026-08-10,363.39,359.07,-0.011888054156691141,2026-08-11,,,,,,,,
AMGN,2026-08-10,417.2,414.3,-0.006951102588686475,2026-08-11,,,,,,,,
AMGR,2026-08-10,26.01,25.94,-0.0026912725874663757,2026-08-11,,,,,,,,
AMH,2026-08-10,34.13,33.87,-0.00761793143861722,2026-08-11,,,,,,,,
AMHI,2026-08-10,24.7,24.7,0.0,2026-08-11,,,,,,,,
AMID,2026-08-10,37.0,37.25,0.006756756756756799,2026-08-11,,,,,,,,
AMIX,2026-08-10,9.29,9.12,-0.01829924650161463,2026-08-11,,,,,,,,
AMJB,2026-08-10,36.89,37.04,0.0040661425860666345,2026-08-11,,,,,,,,
AMKL,2026-08-10,7.53,7.9,0.049136786188578974,2026-08-11,,,,,,,,
AMKR,2026-08-10,52.87,54.3,0.02704747493852855,2026-08-11,,,,,,,,
AMKX,2026-08-10,11.92,12.48,0.046979865771812124,2026-08-11,,,,,,,,
AMLP,2026-08-10,55.05,55.35,0.005449591280654031,2026-08-11,,,,,,,,
AMLX,2026-08-10,22.67,23.63,0.04234671371857068,2026-08-11,,,,,,,,
AMMO,2026-08-10,27.83,27.88,0.0017966223499821243,2026-08-11,,,,,,,,
AMN,2026-08-10,36.6,33.11,-0.09535519125683067,2026-08-11,,,,,,,,
AMOD,2026-08-10,4.47,4.62,0.033557046979865834,2026-08-11,,,,,,,,
AMOM,2026-08-10,57.89,58.16,0.004664017965106071,2026-08-11,,,,,,,,
AMP,2026-08-10,557.53,562.98,0.009775258730472025,2026-08-11,,,,,,,,
AMPG,2026-08-10,5.69,6.21,0.0913884007029877,2026-08-11,,,,,,,,
AMPH,2026-08-10,20.31,20.42,0.005416051206302397,2026-08-11,,,,,,,,
AMPL,2026-08-10,12.19,12.69,0.04101722723543899,2026-08-11,,,,,,,,
AMPU,2026-08-10,3.47,3.61,0.040345821325648235,2026-08-11,,,,,,,,
AMPX,2026-08-10,11.81,12.08,0.022861981371718798,2026-08-11,,,,,,,,
AMPY,2026-08-10,4.16,4.51,0.0841346153846152,2026-08-11,,,,,,,,
AMR,2026-08-10,153.81,153.8,-6.501527859037459e-05,2026-08-11,,,,,,,,
AMRC,2026-08-10,25.28,25.89,0.02412974683544311,2026-08-11,,,,,,,,
AMRN,2026-08-10,14.11,14.01,-0.007087172218284921,2026-08-11,,,,,,,,
AMRX,2026-08-10,17.88,17.1,-0.043624161073825385,2026-08-11,,,,,,,,
AMRZ,2026-08-10,46.29,47.6,0.028299848779434145,2026-08-11,,,,,,,,
AMS,2026-08-10,1.53,1.53,0.0,2026-08-11,,,,,,,,
AMSC,2026-08-10,30.99,32.13,0.036786060019361244,2026-08-11,,,,,,,,
AMSF,2026-08-10,28.14,28.02,-0.004264392324093813,2026-08-11,,,,,,,,
AMSS,2026-08-10,1.13,1.08,-0.044247787610619316,2026-08-11,,,,,,,,
AMST,2026-08-10,1.0,1.04,0.040000000000000036,2026-08-11,,,,,,,,
AMT,2026-08-10,169.11,169.55,0.0026018567796108893,2026-08-11,,,,,,,,
AMTB,2026-08-10,28.67,29.05,0.0132542727589815,2026-08-11,,,,,,,,
AMTD,2026-08-10,0.75,0.74,-0.013333333333333308,2026-08-11,,,,,,,,
AMTM,2026-08-10,24.44,22.43,-0.08224222585924723,2026-08-11,,,,,,,,
AMTX,2026-08-10,1.66,1.7,0.024096385542168752,2026-08-11,,,,,,,,
AMUB,2026-08-10,23.12,23.31,0.008217993079584707,2026-08-11,,,,,,,,
AMUN,2026-08-10,26.01,26.02,0.00038446751249510136,2026-08-11,,,,,,,,
AMUU,2026-08-10,174.88,178.21,0.019041628545288347,2026-08-11,,,,,,,,
AMWL,2026-08-10,13.58,12.99,-0.04344624447717227,2026-08-11,,,,,,,,
AMX,2026-08-10,23.89,23.43,-0.01925491837588955,2026-08-11,,,,,,,,
AMYY,2026-08-10,14.28,14.35,0.004901960784313708,2026-08-11,,,,,,,,
AMZA,2026-08-10,49.15,49.35,0.004069175991861629,2026-08-11,,,,,,,,
AMZD,2026-08-10,7.89,8.06,0.021546261089987473,2026-08-11,,,,,,,,
AMZE,2026-08-10,0.2,0.21,0.04999999999999982,2026-08-11,,,,,,,,
AMZG,2026-08-10,18.75,17.87,-0.04693333333333327,2026-08-11,,,,,,,,
AMZN,2026-08-10,278.09,272.27,-0.02092847639253481,2026-08-11,,,,,,,,
AMZO,2026-08-10,12.03,12.56,0.04405652535328364,2026-08-11,,,,,,,,
AMZP,2026-08-10,29.06,28.4,-0.0227116311080523,2026-08-11,,,,,,,,
AMZU,2026-08-10,43.54,41.7,-0.042259990813045434,2026-08-11,,,,,,,,
AMZW,2026-08-10,41.07,40.02,-0.025566106647187614,2026-08-11,,,,,,,,
AMZY,2026-08-10,11.62,11.45,-0.014629948364888068,2026-08-11,,,,,,,,
AMZZ,2026-08-10,40.38,38.68,-0.04210004952947011,2026-08-11,,,,,,,,
AN,2026-08-10,208.09,208.46,0.001778076793695016,2026-08-11,,,,,,,,
ANAB,2026-08-10,55.47,57.87,0.04326663061114111,2026-08-11,,,,,,,,
ANDE,2026-08-10,65.49,64.1,-0.021224614444953493,2026-08-11,,,,,,,,
ANDG,2026-08-10,49.12,48.47,-0.013232899022801226,2026-08-11,,,,,,,,
ANEL,2026-08-10,25.48,27.13,0.06475667189952894,2026-08-11,,,,,,,,
ANET,2026-08-10,191.52,197.85,0.033051378446115276,2026-08-11,,,,,,,,
ANEW,2026-08-10,53.79,53.72,-0.001301357129578018,2026-08-11,,,,,,,,
ANF,2026-08-10,118.53,117.97,-0.004724542309963775,2026-08-11,,,,,,,,
ANGH,2026-08-10,3.67,3.76,0.02452316076294281,2026-08-11,,,,,,,,
ANGI,2026-08-10,4.59,4.49,-0.02178649237472763,2026-08-11,,,,,,,,
ANGL,2026-08-10,28.96,28.97,0.00034530386740327934,2026-08-11,,,,,,,,
ANGO,2026-08-10,15.75,15.75,0.0,2026-08-11,,,,,,,,
ANGU,2026-08-10,25.47,25.36,-0.004318806438947775,2026-08-11,,,,,,,,
ANGX,2026-08-10,4.22,3.83,-0.09241706161137431,2026-08-11,,,,,,,,
ANIK,2026-08-10,20.68,21.23,0.02659574468085113,2026-08-11,,,,,,,,
ANIP,2026-08-10,75.76,74.53,-0.016235480464625196,2026-08-11,,,,,,,,
ANIX,2026-08-10,3.25,3.22,-0.009230769230769154,2026-08-11,,,,,,,,
ANL,2026-08-10,13.23,13.08,-0.0113378684807256,2026-08-11,,,,,,,,
ANNA,2026-08-10,2.52,2.44,-0.031746031746031744,2026-08-11,,,,,,,,
ANNX,2026-08-10,5.39,5.34,-0.009276437847866359,2026-08-11,,,,,,,,
ANPA,2026-08-10,4.07,4.47,0.0982800982800982,2026-08-11,,,,,,,,
ANRO,2026-08-10,28.29,28.78,0.01732060798868873,2026-08-11,,,,,,,,
ANSC,2026-08-10,11.45,11.46,0.0008733624454149158,2026-08-11,,,,,,,,
ANTA,2026-08-10,3.9,4.03,0.03333333333333344,2026-08-11,,,,,,,,
ANTX,2026-08-10,5.91,5.87,-0.006768189509306244,2026-08-11,,,,,,,,
ANV,2026-08-10,25.67,25.67,0.0,2026-08-11,,,,,,,,
ANVS,2026-08-10,1.89,1.89,0.0,2026-08-11,,,,,,,,
ANY,2026-08-10,2.05,2.17,0.05853658536585371,2026-08-11,,,,,,,,
AOA,2026-08-10,99.13,99.08,-0.0005043881771410463,2026-08-11,,,,,,,,
AOCT,2026-08-10,27.57,27.56,-0.00036271309394275697,2026-08-11,,,,,,,,
AOD,2026-08-10,10.77,10.72,-0.004642525533890329,2026-08-11,,,,,,,,
AOHY,2026-08-10,11.02,11.03,0.0009074410163338875,2026-08-11,,,,,,,,
AOK,2026-08-10,41.29,41.33,0.0009687575684185212,2026-08-11,,,,,,,,
AOM,2026-08-10,49.79,49.79,0.0,2026-08-11,,,,,,,,
AOMR,2026-08-10,8.95,8.98,0.003351955307262733,2026-08-11,,,,,,,,
AON,2026-08-10,356.97,356.46,-0.0014286914866796785,2026-08-11,,,,,,,,
AOR,2026-08-10,69.92,69.9,-0.00028604118993125205,2026-08-11,,,,,,,,
AORT,2026-08-10,26.31,28.39,0.07905739262637779,2026-08-11,,,,,,,,
AOS,2026-08-10,62.41,63.67,0.020189072264060304,2026-08-11,,,,,,,,
AOSL,2026-08-10,34.56,34.84,0.00810185185185186,2026-08-11,,,,,,,,
AOTG,2026-08-10,63.43,63.22,-0.0033107362446791466,2026-08-11,,,,,,,,
AOTS,2026-08-10,23.24,23.25,0.00043029259896743,2026-08-11,,,,,,,,
AOUT,2026-08-10,12.76,12.72,-0.0031347962382444194,2026-08-11,,,,,,,,
AP,2026-08-10,8.67,9.8,0.1303344867358709,2026-08-11,,,,,,,,
APA,2026-08-10,41.02,40.62,-0.009751340809361464,2026-08-11,,,,,,,,
APAC,2026-08-10,10.2,10.21,0.0009803921568629637,2026-08-11,,,,,,,,
APAM,2026-08-10,42.2,43.32,0.026540284360189403,2026-08-11,,,,,,,,
APC,2026-08-10,18.62,18.34,-0.015037593984962516,2026-08-11,,,,,,,,
APCB,2026-08-10,28.93,28.92,-0.0003456619426200902,2026-08-11,,,,,,,,
APD,2026-08-10,308.18,309.31,0.003666688299045928,2026-08-11,,,,,,,,
APDB,2026-08-10,26.14,26.11,-0.0011476664116297774,2026-08-11,,,,,,,,
APEI,2026-08-10,47.39,45.72,-0.03523950200464232,2026-08-11,,,,,,,,
APG,2026-08-10,42.32,42.89,0.013468809073724053,2026-08-11,,,,,,,,
APGE,2026-08-10,134.65,134.69,0.0002970664686223756,2026-08-11,,,,,,,,
APH,2026-08-10,167.7,167.23,-0.0028026237328563353,2026-08-11,,,,,,,,
APHG,2026-08-10,16.05,15.97,-0.004984423676012484,2026-08-11,,,,,,,,
APHU,2026-08-10,27.26,26.81,-0.01650770359501108,2026-08-11,,,,,,,,
API,2026-08-10,4.57,4.67,0.02188183807439814,2026-08-11,,,,,,,,
APIE,2026-08-10,40.05,39.88,-0.0042446941323344145,2026-08-11,,,,,,,,
APLD,2026-08-10,29.06,29.69,0.021679284239504604,2026-08-11,,,,,,,,
APLE,2026-08-10,15.71,15.57,-0.008911521323997529,2026-08-11,,,,,,,,
APLM,2026-08-10,17.85,18.16,0.017366946778711423,2026-08-11,,,,,,,,
APLU,2026-08-10,24.24,24.28,0.0016501650165017256,2026-08-11,,,,,,,,
APLX,2026-08-10,10.8,11.18,0.035185185185184986,2026-08-11,,,,,,,,
APLY,2026-08-10,11.56,11.41,-0.012975778546712835,2026-08-11,,,,,,,,
APLZ,2026-08-10,20.87,19.94,-0.04456157163392427,2026-08-11,,,,,,,,
APMC,2026-08-10,9.91,9.92,0.0010090817356205317,2026-08-11,,,,,,,,
APMD,2026-08-10,27.94,24.87,-0.1098783106657123,2026-08-11,,,,,,,,
APMI,2026-08-10,18.0,18.22,0.012222222222222134,2026-08-11,,,,,,,,
APMU,2026-08-10,24.72,24.75,0.0012135922330096527,2026-08-11,,,,,,,,
APNAU,2026-08-10,,,,2026-08-11,,,,,,,,
APO,2026-08-10,132.02,140.28,0.06256627783669133,2026-08-11,,,,,,,,
APOC,2026-08-10,26.42,26.44,0.0007570022710068347,2026-08-11,,,,,,,,
APOG,2026-08-10,42.52,43.33,0.019049858889933935,2026-08-11,,,,,,,,
APP,2026-08-10,339.0,318.68,-0.059941002949852495,2026-08-11,,,,,,,,
APPC,2026-08-10,12.69,11.17,-0.11977935382190696,2026-08-11,,,,,,,,
APPF,2026-08-10,199.54,203.02,0.017440112258193974,2026-08-11,,,,,,,,
APPN,2026-08-10,35.58,35.51,-0.0019673974142776496,2026-08-11,,,,,,,,
APPS,2026-08-10,14.39,13.04,-0.09381514940931213,2026-08-11,,,,,,,,
APPX,2026-08-10,15.45,13.59,-0.12038834951456312,2026-08-11,,,,,,,,
APRB,2026-08-10,27.28,27.27,-0.0003665689149561224,2026-08-11,,,,,,,,
APRE,2026-08-10,0.64,0.66,0.03125,2026-08-11,,,,,,,,
APRH,2026-08-10,25.18,25.14,-0.001588562351072298,2026-08-11,,,,,,,,
APRJ,2026-08-10,24.92,24.92,0.0,2026-08-11,,,,,,,,
APRP,2026-08-10,33.1,33.07,-0.0009063444108761143,2026-08-11,,,,,,,,
APRT,2026-08-10,46.64,46.62,-0.00042881646655235084,2026-08-11,,,,,,,,
APRW,2026-08-10,37.58,37.57,-0.000266098988823793,2026-08-11,,,,,,,,
APRZ,2026-08-10,40.95,40.83,-0.002930402930403031,2026-08-11,,,,,,,,
APT,2026-08-10,5.37,5.38,0.0018621973929235924,2026-08-11,,,,,,,,
APTV,2026-08-10,49.81,49.62,-0.003814495081309044,2026-08-11,,,,,,,,
APUE,2026-08-10,47.74,47.6,-0.0029325513196480912,2026-08-11,,,,,,,,
APUR,2026-08-10,9.93,9.97,0.004028197381671816,2026-08-11,,,,,,,,
APUS,2026-08-10,4.24,4.63,0.09198113207547154,2026-08-11,,,,,,,,
APVO,2026-08-10,4.02,4.14,0.029850746268656803,2026-08-11,,,,,,,,
APWC,2026-08-10,1.63,1.6,-0.018404907975460016,2026-08-11,,,,,,,,
APXM,2026-08-10,31.96,32.0,0.0012515644555695093,2026-08-11,,,,,,,,
APXT,2026-08-10,10.15,10.12,-0.002955665024630627,2026-08-11,,,,,,,,
APYX,2026-08-10,3.46,3.02,-0.1271676300578034,2026-08-11,,,,,,,,
AQB,2026-08-10,1.37,1.49,0.0875912408759123,2026-08-11,,,,,,,,
AQEC,2026-08-10,26.08,25.94,-0.005368098159509116,2026-08-11,,,,,,,,
AQLG,2026-08-10,26.73,26.67,-0.002244668911335568,2026-08-11,,,,,,,,
AQLT,2026-08-10,32.37,32.31,-0.001853568118628246,2026-08-11,,,,,,,,
AQMS,2026-08-10,2.73,2.64,-0.03296703296703296,2026-08-11,,,,,,,,
AQN,2026-08-10,5.66,5.81,0.026501766784452263,2026-08-11,,,,,,,,
AQST,2026-08-10,4.29,4.41,0.027972027972027913,2026-08-11,,,,,,,,
AQWA,2026-08-10,19.6,19.67,0.0035714285714285587,2026-08-11,,,,,,,,
AR,2026-08-10,37.07,37.83,0.02050175343943894,2026-08-11,,,,,,,,
ARAI,2026-08-10,0.27,0.27,0.0,2026-08-11,,,,,,,,
ARAY,2026-08-10,0.29,0.29,0.0,2026-08-11,,,,,,,,
ARB,2026-08-10,29.69,29.69,0.0,2026-08-11,,,,,,,,
ARBB,2026-08-10,4.4,4.2,-0.045454545454545525,2026-08-11,,,,,,,,
ARBE,2026-08-10,0.73,0.76,0.041095890410958846,2026-08-11,,,,,,,,
ARBK,2026-08-10,2.91,2.89,-0.0068728522336769515,2026-08-11,,,,,,,,
ARCB,2026-08-10,137.43,135.76,-0.012151640835334487,2026-08-11,,,,,,,,
ARCC,2026-08-10,19.98,19.97,-0.0005005005005005447,2026-08-11,,,,,,,,
ARCI,2026-08-10,10.17,10.17,0.0,2026-08-11,,,,,,,,
ARCL,2026-08-10,9.95,9.95,0.0,2026-08-11,,,,,,,,
ARCM,2026-08-10,100.14,100.14,0.0,2026-08-11,,,,,,,,
ARCO,2026-08-10,8.07,7.91,-0.019826517967781898,2026-08-11,,,,,,,,
ARCP,2026-08-10,25.04,25.05,0.0003993610223642641,2026-08-11,,,,,,,,
ARCT,2026-08-10,7.05,7.52,0.06666666666666665,2026-08-11,,,,,,,,
ARCX,2026-08-10,16.9,19.58,0.1585798816568047,2026-08-11,,,,,,,,
ARDC,2026-08-10,12.48,12.45,-0.0024038461538462563,2026-08-11,,,,,,,,
ARDT,2026-08-10,11.06,10.97,-0.008137432188065064,2026-08-11,,,,,,,,
ARDX,2026-08-10,4.0,3.94,-0.015000000000000013,2026-08-11,,,,,,,,
ARE,2026-08-10,48.35,48.12,-0.004756980351602991,2026-08-11,,,,,,,,
AREC,2026-08-10,2.85,2.9,0.01754385964912264,2026-08-11,,,,,,,,
AREN,2026-08-10,2.2,1.6,-0.2727272727272727,2026-08-11,,,,,,,,
ARES,2026-08-10,137.66,143.11,0.039590294929536585,2026-08-11,,,,,,,,
ARGT,2026-08-10,93.43,92.6,-0.008883656213207858,2026-08-11,,,,,,,,
ARGX,2026-08-10,866.11,864.74,-0.0015817852235858743,2026-08-11,,,,,,,,
ARHS,2026-08-10,9.44,9.84,0.04237288135593231,2026-08-11,,,,,,,,
ARI,2026-08-10,6.65,6.72,0.010526315789473495,2026-08-11,,,,,,,,
ARIA,2026-08-10,25.33,25.14,-0.007500986971969881,2026-08-11,,,,,,,,
ARIS,2026-08-10,17.08,17.34,0.015222482435597318,2026-08-11,,,,,,,,
ARKB,2026-08-10,21.21,21.05,-0.007543611504007508,2026-08-11,,,,,,,,
ARKD,2026-08-10,20.29,20.3,0.0004928536224741986,2026-08-11,,,,,,,,
ARKE,2026-08-10,19.94,19.95,0.0005015045135405849,2026-08-11,,,,,,,,
ARKF,2026-08-10,43.1,43.22,0.0027842227378189754,2026-08-11,,,,,,,,
ARKG,2026-08-10,44.31,44.55,0.005416384563303955,2026-08-11,,,,,,,,
ARKI,2026-08-10,22.14,22.28,0.006323396567299078,2026-08-11,,,,,,,,
ARKK,2026-08-10,80.44,80.6,0.001989060169069967,2026-08-11,,,,,,,,
ARKO,2026-08-10,4.7,4.41,-0.0617021276595745,2026-08-11,,,,,,,,
ARKQ,2026-08-10,127.89,128.3,0.0032058800531706844,2026-08-11,,,,,,,,
ARKR,2026-08-10,5.85,5.9,0.008547008547008739,2026-08-11,,,,,,,,
ARKT,2026-08-10,19.17,19.17,0.0,2026-08-11,,,,,,,,
ARKW,2026-08-10,149.58,149.91,0.002206177296429912,2026-08-11,,,,,,,,
ARKX,2026-08-10,34.41,34.41,0.0,2026-08-11,,,,,,,,
ARL,2026-08-10,15.07,15.21,0.00928998009289983,2026-08-11,,,,,,,,
ARLI,2026-08-10,26.94,27.0,0.00222717149220486,2026-08-11,,,,,,,,
ARLO,2026-08-10,14.73,14.73,0.0,2026-08-11,,,,,,,,
ARLP,2026-08-10,24.79,24.73,-0.0024203307785396477,2026-08-11,,,,,,,,
ARLU,2026-08-10,32.83,32.72,-0.003350593968930893,2026-08-11,,,,,,,,
ARM,2026-08-10,267.85,268.93,0.004032107522867312,2026-08-11,,,,,,,,
ARMA,2026-08-10,13.66,13.79,0.009516837481698293,2026-08-11,,,,,,,,
ARMG,2026-08-10,20.1,20.12,0.0009950248756218638,2026-08-11,,,,,,,,
ARMH,2026-08-10,11.29,11.35,0.005314437555358875,2026-08-11,,,,,,,,
ARMK,2026-08-10,55.71,60.47,0.08544246993358451,2026-08-11,,,,,,,,
ARMP,2026-08-10,4.6,4.25,-0.07608695652173902,2026-08-11,,,,,,,,
ARMS,2026-08-10,25.08,25.08,0.0,2026-08-11,,,,,,,,
ARMW,2026-08-10,46.09,46.28,0.004122369277500537,2026-08-11,,,,,,,,
ARMY,2026-08-10,27.46,27.32,-0.0050983248361252675,2026-08-11,,,,,,,,
AROC,2026-08-10,33.13,32.99,-0.004225777241171125,2026-08-11,,,,,,,,
AROW,2026-08-10,38.93,38.95,0.0005137426149499635,2026-08-11,,,,,,,,
ARP,2026-08-10,33.72,33.7,-0.0005931198102014923,2026-08-11,,,,,,,,
ARQ,2026-08-10,2.07,2.27,0.09661835748792269,2026-08-11,,,,,,,,
ARQQ,2026-08-10,22.61,24.39,0.07872622733303847,2026-08-11,,,,,,,,
ARQT,2026-08-10,25.92,26.23,0.011959876543209846,2026-08-11,,,,,,,,
ARR,2026-08-10,16.54,16.67,0.007859733978234695,2026-08-11,,,,,,,,
ARRY,2026-08-10,5.32,5.35,0.005639097744360777,2026-08-11,,,,,,,,
ARTC,2026-08-10,9.99,9.97,-0.002002002002001957,2026-08-11,,,,,,,,
ARTL,2026-08-10,0.71,0.74,0.04225352112676051,2026-08-11,,,,,,,,
ARTNA,2026-08-10,34.59,35.05,0.01329864122578761,2026-08-11,,,,,,,,
ARTV,2026-08-10,11.22,11.78,0.04991087344028511,2026-08-11,,,,,,,,
ARTW,2026-08-10,2.87,2.82,-0.017421602787456525,2026-08-11,,,,,,,,
ARTY,2026-08-10,72.1,73.17,0.014840499306518762,2026-08-11,,,,,,,,
ARVN,2026-08-10,8.99,8.99,0.0,2026-08-11,,,,,,,,
ARVR,2026-08-10,57.24,56.85,-0.006813417190775661,2026-08-11,,,,,,,,
ARW,2026-08-10,202.57,206.47,0.019252604038110244,2026-08-11,,,,,,,,
ARWG,2026-08-10,26.54,26.72,0.006782215523737811,2026-08-11,,,,,,,,
ARWR,2026-08-10,88.33,89.24,0.01030227555756813,2026-08-11,,,,,,,,
ARX,2026-08-10,12.04,12.52,0.039867109634551534,2026-08-11,,,,,,,,
ARXS,2026-08-10,57.51,58.11,0.010432968179447055,2026-08-11,,,,,,,,
AS,2026-08-10,36.17,33.85,-0.06414155377384578,2026-08-11,,,,,,,,
ASA,2026-08-10,58.41,58.35,-0.0010272213662043672,2026-08-11,,,,,,,,
ASAN,2026-08-10,9.23,9.25,0.0021668472372697867,2026-08-11,,,,,,,,
ASB,2026-08-10,31.35,31.88,0.016905901116427424,2026-08-11,,,,,,,,
ASBP,2026-08-10,7.79,7.61,-0.023106546854942178,2026-08-11,,,,,,,,
ASC,2026-08-10,16.39,16.21,-0.010982306284319732,2026-08-11,,,,,,,,
ASCE,2026-08-10,35.0,34.88,-0.0034285714285713365,2026-08-11,,,,,,,,
ASCI,2026-08-10,37.01,37.09,0.0021615779519050804,2026-08-11,,,,,,,,
ASD,2026-08-10,27.92,27.59,-0.011819484240687794,2026-08-11,,,,,,,,
ASEA,2026-08-10,21.41,21.46,0.0023353573096684954,2026-08-11,,,,,,,,
ASEC,2026-08-10,49.94,49.85,-0.0018021625951140097,2026-08-11,,,,,,,,
ASG,2026-08-10,5.39,5.42,0.005565862708719838,2026-08-11,,,,,,,,
ASGI,2026-08-10,23.93,23.84,-0.003760969494358557,2026-08-11,,,,,,,,
ASGM,2026-08-10,32.05,31.94,-0.003432137285491299,2026-08-11,,,,,,,,
ASH,2026-08-10,75.4,74.58,-0.010875331564986879,2026-08-11,,,,,,,,
ASHR,2026-08-10,34.96,34.68,-0.008009153318077833,2026-08-11,,,,,,,,
ASHS,2026-08-10,43.71,43.19,-0.011896591169068937,2026-08-11,,,,,,,,
ASIA,2026-08-10,40.85,40.86,0.0002447980416155904,2026-08-11,,,,,,,,
ASIC,2026-08-10,24.84,25.02,0.007246376811594235,2026-08-11,,,,,,,,
ASIX,2026-08-10,16.26,16.74,0.02952029520295185,2026-08-11,,,,,,,,
ASLE,2026-08-10,5.8,5.73,-0.012068965517241237,2026-08-11,,,,,,,,
ASLV,2026-08-10,31.38,31.42,0.001274697259400881,2026-08-11,,,,,,,,
ASM,2026-08-10,7.31,7.38,0.009575923392612928,2026-08-11,,,,,,,,
ASMB,2026-08-10,26.74,27.27,0.019820493642483283,2026-08-11,,,,,,,,
ASMF,2026-08-10,26.12,25.98,-0.0053598774885145195,2026-08-11,,,,,,,,
ASMG,2026-08-10,47.44,50.86,0.07209106239460383,2026-08-11,,,,,,,,
ASMH,2026-08-10,11.81,12.23,0.035563082133784896,2026-08-11,,,,,,,,
ASML,2026-08-10,1733.48,1799.38,0.03801601402958221,2026-08-11,,,,,,,,
ASMU,2026-08-10,31.08,33.3,0.0714285714285714,2026-08-11,,,,,,,,
ASMZ,2026-08-10,20.3,21.7,0.06896551724137923,2026-08-11,,,,,,,,
ASND,2026-08-10,255.62,254.57,-0.004107659807526809,2026-08-11,,,,,,,,
ASO,2026-08-10,49.89,49.56,-0.006614552014431729,2026-08-11,,,,,,,,
ASPC,2026-08-10,10.56,10.56,0.0,2026-08-11,,,,,,,,
ASPI,2026-08-10,4.29,4.32,0.006993006993007089,2026-08-11,,,,,,,,
ASPN,2026-08-10,6.29,6.14,-0.02384737678855331,2026-08-11,,,,,,,,
ASPS,2026-08-10,5.54,5.58,0.0072202166064982976,2026-08-11,,,,,,,,
ASR,2026-08-10,274.62,271.64,-0.010851358240477782,2026-08-11,,,,,,,,
ASRV,2026-08-10,5.16,4.85,-0.06007751937984507,2026-08-11,,,,,,,,
ASST,2026-08-10,12.44,12.62,0.014469453376205754,2026-08-11,,,,,,,,
ASTC,2026-08-10,9.75,9.4,-0.03589743589743588,2026-08-11,,,,,,,,
ASTE,2026-08-10,43.04,42.94,-0.0023234200743494915,2026-08-11,,,,,,,,
ASTG,2026-08-10,10.79,11.67,0.08155699721964793,2026-08-11,,,,,,,,
ASTH,2026-08-10,37.47,34.48,-0.07979717107018958,2026-08-11,,,,,,,,
ASTI,2026-08-10,3.51,3.42,-0.02564102564102555,2026-08-11,,,,,,,,
ASTL,2026-08-10,4.43,4.42,-0.0022573363431150906,2026-08-11,,,,,,,,
ASTN,2026-08-10,4.37,3.98,-0.08924485125858128,2026-08-11,,,,,,,,
ASTS,2026-08-10,68.76,71.63,0.04173938336241978,2026-08-11,,,,,,,,
ASTT,2026-08-10,23.08,24.91,0.07928942807625661,2026-08-11,,,,,,,,
ASTX,2026-08-10,14.43,15.55,0.0776160776160777,2026-08-11,,,,,,,,
ASTY,2026-08-10,7.84,8.41,0.07270408163265318,2026-08-11,,,,,,,,
ASUP,2026-08-10,9.92,10.7,0.0786290322580645,2026-08-11,,,,,,,,
ASUR,2026-08-10,8.36,8.4,0.004784688995215447,2026-08-11,,,,,,,,
ASX,2026-08-10,37.59,38.65,0.028198989092843796,2026-08-11,,,,,,,,
ASYS,2026-08-10,15.09,15.4,0.02054340622929085,2026-08-11,,,,,,,,
ATAI,2026-08-10,7.25,7.21,-0.0055172413793103114,2026-08-11,,,,,,,,
ATAT,2026-08-10,35.62,34.02,-0.04491858506457036,2026-08-11,,,,,,,,
ATC,2026-08-10,21.13,21.33,0.009465215333648747,2026-08-11,,,,,,,,
ATCH,2026-08-10,0.19,0.19,0.0,2026-08-11,,,,,,,,
ATCL,2026-08-10,24.84,24.86,0.0008051529790660261,2026-08-11,,,,,,,,
ATCX,2026-08-10,3.14,3.2,0.019108280254777066,2026-08-11,,,,,,,,
ATEC,2026-08-10,9.49,9.37,-0.012644889357218192,2026-08-11,,,,,,,,
ATEN,2026-08-10,28.33,27.17,-0.04094599364631124,2026-08-11,,,,,,,,
ATER,2026-08-10,0.48,0.49,0.02083333333333326,2026-08-11,,,,,,,,
ATEX,2026-08-10,92.79,92.94,0.0016165535079211146,2026-08-11,,,,,,,,
ATFV,2026-08-10,39.57,39.62,0.0012635835228707037,2026-08-11,,,,,,,,
ATGL,2026-08-10,9.35,8.6,-0.0802139037433155,2026-08-11,,,,,,,,
ATHE,2026-08-10,4.55,4.7,0.03296703296703307,2026-08-11,,,,,,,,
ATHM,2026-08-10,23.49,23.02,-0.020008514261387722,2026-08-11,,,,,,,,
ATHR,2026-08-10,4.08,3.79,-0.07107843137254899,2026-08-11,,,,,,,,
ATI,2026-08-10,228.19,230.08,0.008282571541259554,2026-08-11,,,,,,,,
ATII,2026-08-10,10.65,10.65,0.0,2026-08-11,,,,,,,,
ATKR,2026-08-10,93.75,93.87,0.0012799999999999478,2026-08-11,,,,,,,,
ATLC,2026-08-10,95.78,93.5,-0.02380455209855925,2026-08-11,,,,,,,,
ATLO,2026-08-10,31.01,31.59,0.018703643985811036,2026-08-11,,,,,,,,
ATLX,2026-08-10,3.19,3.17,-0.006269592476489061,2026-08-11,,,,,,,,
ATMP,2026-08-10,35.9,36.12,0.006128133704735417,2026-08-11,,,,,,,,
ATMU,2026-08-10,49.62,49.46,-0.0032245062474808295,2026-08-11,,,,,,,,
ATNI,2026-08-10,32.11,31.29,-0.025537215820616632,2026-08-11,,,,,,,,
ATNM,2026-08-10,0.77,0.79,0.025974025974025983,2026-08-11,,,,,,,,
ATO,2026-08-10,167.92,169.21,0.007682229633158677,2026-08-11,,,,,,,,
ATOM,2026-08-10,5.37,5.57,0.03724394785847296,2026-08-11,,,,,,,,
ATOS,2026-08-10,2.37,2.36,-0.0042194092827004814,2026-08-11,,,,,,,,
ATPC,2026-08-10,2.59,2.53,-0.02316602316602323,2026-08-11,,,,,,,,
ATR,2026-08-10,133.68,134.75,0.008004189108318238,2026-08-11,,,,,,,,
ATRA,2026-08-10,8.61,8.94,0.03832752613240409,2026-08-11,,,,,,,,
ATRC,2026-08-10,41.64,42.95,0.03146013448607121,2026-08-11,,,,,,,,
ATRO,2026-08-10,75.46,74.91,-0.007288629737609242,2026-08-11,,,,,,,,
ATS,2026-08-10,19.73,20.39,0.03345159655347185,2026-08-11,,,,,,,,
ATTO,2026-08-10,19.84,18.65,-0.05997983870967749,2026-08-11,,,,,,,,
ATTR,2026-08-10,95.26,95.2,-0.000629855133319368,2026-08-11,,,,,,,,
ATXG,2026-08-10,4.68,4.87,0.040598290598290676,2026-08-11,,,,,,,,
ATYR,2026-08-10,0.53,0.53,0.0,2026-08-11,,,,,,,,
AU,2026-08-10,97.25,97.44,0.00195372750642675,2026-08-11,,,,,,,,
AUAU,2026-08-10,39.09,38.75,-0.008697876694806927,2026-08-11,,,,,,,,
AUB,2026-08-10,41.65,42.15,0.01200480192076836,2026-08-11,,,,,,,,
AUBN,2026-08-10,26.15,26.32,0.006500956022944537,2026-08-11,,,,,,,,
AUC,2026-08-10,6.66,6.5,-0.024024024024024038,2026-08-11,,,,,,,,
AUDC,2026-08-10,10.0,9.95,-0.0050000000000001155,2026-08-11,,,,,,,,
AUGC,2026-08-10,25.39,25.4,0.0003938558487592836,2026-08-11,,,,,,,,
AUGM,2026-08-10,35.31,35.32,0.0002832058906825363,2026-08-11,,,,,,,,
AUGO,2026-08-10,76.25,76.06,-0.002491803278688476,2026-08-11,,,,,,,,
AUGP,2026-08-10,33.99,33.89,-0.0029420417769933094,2026-08-11,,,,,,,,
AUGT,2026-08-10,39.26,39.2,-0.0015282730514517562,2026-08-11,,,,,,,,
AUGU,2026-08-10,32.44,32.36,-0.002466091245376001,2026-08-11,,,,,,,,
AUGW,2026-08-10,34.69,34.65,-0.0011530700490054446,2026-08-11,,,,,,,,
AUGZ,2026-08-10,46.37,46.27,-0.002156566745740607,2026-08-11,,,,,,,,
AUID,2026-08-10,0.62,0.57,-0.08064516129032262,2026-08-11,,,,,,,,
AUMI,2026-08-10,95.01,94.46,-0.005788864330070642,2026-08-11,,,,,,,,
AUNA,2026-08-10,5.26,5.34,0.015209125475285079,2026-08-11,,,,,,,,
AUPH,2026-08-10,15.45,15.37,-0.00517799352750814,2026-08-11,,,,,,,,
AUR,2026-08-10,6.98,6.95,-0.004297994269340966,2026-08-11,,,,,,,,
AURA,2026-08-10,7.7,8.04,0.04415584415584406,2026-08-11,,,,,,,,
AURE,2026-08-10,1.7,1.74,0.0235294117647058,2026-08-11,,,,,,,,
AUSF,2026-08-10,51.95,51.94,-0.0001924927815207811,2026-08-11,,,,,,,,
AUSM,2026-08-10,25.07,25.07,0.0,2026-08-11,,,,,,,,
AUST,2026-08-10,1.28,1.35,0.0546875,2026-08-11,,,,,,,,
AUTL,2026-08-10,2.07,2.33,0.12560386473429963,2026-08-11,,,,,,,,
AUUD,2026-08-10,1.32,1.25,-0.053030303030303094,2026-08-11,,,,,,,,
AV,2026-08-10,29.24,29.25,0.00034199726402195374,2026-08-11,,,,,,,,
AVA,2026-08-10,38.21,38.43,0.005757655064119405,2026-08-11,,,,,,,,
AVAH,2026-08-10,9.46,8.95,-0.05391120507399594,2026-08-11,,,,,,,,
AVAL,2026-08-10,5.28,5.26,-0.0037878787878788955,2026-08-11,,,,,,,,
AVAT,2026-08-10,0.34,0.34,0.0,2026-08-11,,,,,,,,
AVAV,2026-08-10,189.15,196.02,0.03632038065027765,2026-08-11,,,,,,,,
AVAZ,2026-08-10,7.32,6.92,-0.05464480874316946,2026-08-11,,,,,,,,
AVB,2026-08-10,183.84,181.76,-0.011314186248912117,2026-08-11,,,,,,,,
AVBC,2026-08-10,21.29,21.45,0.007515265382808778,2026-08-11,,,,,,,,
AVBH,2026-08-10,32.33,32.67,0.010516548097742051,2026-08-11,,,,,,,,
AVBP,2026-08-10,30.99,31.39,0.012907389480477649,2026-08-11,,,,,,,,
AVD,2026-08-10,2.29,2.19,-0.04366812227074235,2026-08-11,,,,,,,,
AVDE,2026-08-10,93.53,93.57,0.00042767026622470006,2026-08-11,,,,,,,,
AVDS,2026-08-10,79.27,79.25,-0.0002523022581051304,2026-08-11,,,,,,,,
AVDV,2026-08-10,109.46,109.61,0.001370363603142799,2026-08-11,,,,,,,,
AVEE,2026-08-10,67.89,68.0,0.0016202680807189118,2026-08-11,,,,,,,,
AVEM,2026-08-10,91.87,92.08,0.0022858386850983514,2026-08-11,,,,,,,,
AVES,2026-08-10,65.32,65.17,-0.0022963870177585832,2026-08-11,,,,,,,,
AVEX,2026-08-10,21.76,22.15,0.017922794117646967,2026-08-11,,,,,,,,
AVGB,2026-08-10,50.97,50.99,0.00039238767902705085,2026-08-11,,,,,,,,
AVGC,2026-08-10,31.01,30.22,-0.02547565301515653,2026-08-11,,,,,,,,
AVGE,2026-08-10,101.39,101.39,0.0,2026-08-11,,,,,,,,
AVGG,2026-08-10,32.93,31.9,-0.031278469480716664,2026-08-11,,,,,,,,
AVGO,2026-08-10,422.4,416.08,-0.014962121212121149,2026-08-11,,,,,,,,
AVGU,2026-08-10,42.11,40.77,-0.031821420090239805,2026-08-11,,,,,,,,
AVGV,2026-08-10,87.99,88.07,0.0009091942266166164,2026-08-11,,,,,,,,
AVGW,2026-08-10,42.54,41.84,-0.016455101081335077,2026-08-11,,,,,,,,
AVGX,2026-08-10,56.36,54.66,-0.030163236337828248,2026-08-11,,,,,,,,
AVIE,2026-08-10,79.18,79.12,-0.0007577671129073149,2026-08-11,,,,,,,,
AVIG,2026-08-10,40.69,40.72,0.0007372818874415987,2026-08-11,,,,,,,,
AVIR,2026-08-10,5.02,5.05,0.005976095617529875,2026-08-11,,,,,,,,
AVIV,2026-08-10,82.64,82.58,-0.0007260406582768608,2026-08-11,,,,,,,,
AVK,2026-08-10,12.76,12.88,0.009404388714733702,2026-08-11,,,,,,,,
AVL,2026-08-10,53.41,51.82,-0.029769706047556577,2026-08-11,,,,,,,,
AVLC,2026-08-10,92.12,92.0,-0.0013026487190621605,2026-08-11,,,,,,,,
AVLN,2026-08-10,34.56,35.46,0.02604166666666652,2026-08-11,,,,,,,,
AVLV,2026-08-10,94.18,94.2,0.00021235931195584534,2026-08-11,,,,,,,,
AVMA,2026-08-10,73.83,73.83,0.0,2026-08-11,,,,,,,,
AVMC,2026-08-10,81.13,81.4,0.0033279921114262034,2026-08-11,,,,,,,,
AVMU,2026-08-10,45.55,45.56,0.00021953896816695462,2026-08-11,,,,,,,,
AVMV,2026-08-10,83.22,83.27,0.0006008171112712457,2026-08-11,,,,,,,,
AVNM,2026-08-10,84.6,84.56,-0.00047281323877057524,2026-08-11,,,,,,,,
AVNT,2026-08-10,45.65,45.47,-0.003943044906900339,2026-08-11,,,,,,,,
AVNV,2026-08-10,86.11,85.95,-0.0018580884914644047,2026-08-11,,,,,,,,
AVNW,2026-08-10,20.9,21.0,0.004784688995215447,2026-08-11,,,,,,,,
AVO,2026-08-10,13.15,12.9,-0.019011406844106515,2026-08-11,,,,,,,,
AVOS,2026-08-10,27.81,27.73,-0.0028766630708377816,2026-08-11,,,,,,,,
AVPT,2026-08-10,12.99,13.13,0.010777521170130866,2026-08-11,,,,,,,,
AVR,2026-08-10,8.96,9.17,0.0234375,2026-08-11,,,,,,,,
AVRE,2026-08-10,47.89,47.63,-0.005429108373355529,2026-08-11,,,,,,,,
AVRY,2026-08-10,25.79,25.66,-0.005040713454827372,2026-08-11,,,,,,,,
AVS,2026-08-10,6.95,7.05,0.014388489208633004,2026-08-11,,,,,,,,
AVSC,2026-08-10,73.96,74.3,0.00459707950243371,2026-08-11,,,,,,,,
AVSD,2026-08-10,83.15,83.1,-0.000601322910403046,2026-08-11,,,,,,,,
AVSE,2026-08-10,77.07,77.18,0.0014272739068381668,2026-08-11,,,,,,,,
AVSF,2026-08-10,46.28,46.3,0.00043215211754521476,2026-08-11,,,,,,,,
AVSU,2026-08-10,90.07,89.99,-0.0008881980681691992,2026-08-11,,,,,,,,
AVT,2026-08-10,97.4,95.96,-0.014784394250513477,2026-08-11,,,,,,,,
AVTM,2026-08-10,56.06,56.05,-0.0001783803068142742,2026-08-11,,,,,,,,
AVTR,2026-08-10,13.73,13.77,0.0029133284777858037,2026-08-11,,,,,,,,
AVTX,2026-08-10,19.77,19.47,-0.015174506828528056,2026-08-11,,,,,,,,
AVUQ,2026-08-10,67.71,67.41,-0.004430660168365019,2026-08-11,,,,,,,,
AVUS,2026-08-10,131.26,131.1,-0.0012189547463050676,2026-08-11,,,,,,,,
AVUV,2026-08-10,127.0,127.22,0.0017322834645669971,2026-08-11,,,,,,,,
AVX,2026-08-10,3.49,3.11,-0.10888252148997146,2026-08-11,,,,,,,,
AVXC,2026-08-10,79.75,79.97,0.0027586206896552667,2026-08-11,,,,,,,,
AVXL,2026-08-10,3.39,3.51,0.03539823008849541,2026-08-11,,,,,,,,
AVXX,2026-08-10,8.07,8.67,0.07434944237918217,2026-08-11,,,,,,,,
AVY,2026-08-10,178.35,179.73,0.007737594617325483,2026-08-11,,,,,,,,
AWAY,2026-08-10,20.19,20.21,0.000990589400693409,2026-08-11,,,,,,,,
AWF,2026-08-10,10.09,10.18,0.008919722497522375,2026-08-11,,,,,,,,
AWI,2026-08-10,183.35,186.7,0.01827106626670294,2026-08-11,,,,,,,,
AWK,2026-08-10,135.45,136.06,0.0045035068290883995,2026-08-11,,,,,,,,
AWP,2026-08-10,11.76,11.61,-0.012755102040816313,2026-08-11,,,,,,,,
AWR,2026-08-10,86.57,87.54,0.011204805359824599,2026-08-11,,,,,,,,
AWRE,2026-08-10,1.27,1.23,-0.03149606299212604,2026-08-11,,,,,,,,
AWX,2026-08-10,2.8,2.86,0.021428571428571352,2026-08-11,,,,,,,,
AX,2026-08-10,99.18,100.16,0.009881024400080651,2026-08-11,,,,,,,,
AXG,2026-08-10,2.57,2.6,0.011673151750972943,2026-08-11,,,,,,,,
AXGN,2026-08-10,48.22,48.48,0.005391953546246331,2026-08-11,,,,,,,,
AXIA,2026-08-10,10.22,10.22,0.0,2026-08-11,,,,,,,,
AXIL,2026-08-10,5.8,5.7,-0.01724137931034475,2026-08-11,,,,,,,,
AXIN,2026-08-10,10.28,10.28,0.0,2026-08-11,,,,,,,,
AXON,2026-08-10,596.33,636.31,0.06704341555849935,2026-08-11,,,,,,,,
AXP,2026-08-10,338.86,340.81,0.005754588915776404,2026-08-11,,,,,,,,
AXR,2026-08-10,21.78,21.74,-0.0018365472910928382,2026-08-11,,,,,,,,
AXS,2026-08-10,101.79,100.72,-0.010511838098045012,2026-08-11,,,,,,,,
AXSM,2026-08-10,220.89,215.77,-0.0231789578523246,2026-08-11,,,,,,,,
AXTA,2026-08-10,37.44,37.28,-0.004273504273504147,2026-08-11,,,,,,,,
AXTC,2026-08-10,23.29,23.24,-0.002146844139115478,2026-08-11,,,,,,,,
AXTI,2026-08-10,73.81,73.78,-0.0004064489906516755,2026-08-11,,,,,,,,
AXTL,2026-08-10,3.84,3.82,-0.00520833333333337,2026-08-11,,,,,,,,
AXTU,2026-08-10,5.35,5.33,-0.0037383177570092796,2026-08-11,,,,,,,,
AXTX,2026-08-10,9.9,9.87,-0.003030303030303161,2026-08-11,,,,,,,,
AYA,2026-08-10,27.92,27.84,-0.002865329512894088,2026-08-11,,,,,,,,
AYI,2026-08-10,353.4,357.08,0.010413129598189075,2026-08-11,,,,,,,,
AYTU,2026-08-10,2.38,2.4,0.008403361344537785,2026-08-11,,,,,,,,
AZ,2026-08-10,6.47,6.7,0.03554868624420404,2026-08-11,,,,,,,,
AZI,2026-08-10,1.51,1.4,-0.07284768211920534,2026-08-11,,,,,,,,
AZIO,2026-08-10,1.5,1.64,0.09333333333333327,2026-08-11,,,,,,,,
AZN,2026-08-10,161.91,158.75,-0.019517015625964973,2026-08-11,,,,,,,,
AZO,2026-08-10,3067.99,3042.65,-0.008259479333374564,2026-08-11,,,,,,,,
AZTA,2026-08-10,33.33,33.39,0.0018001800180018623,2026-08-11,,,,,,,,
AZTD,2026-08-10,32.53,32.6,0.0021518598217029616,2026-08-11,,,,,,,,
AZTR,2026-08-10,0.14,0.14,0.0,2026-08-11,,,,,,,,
AZUL,2026-08-10,8.45,8.35,-0.011834319526627168,2026-08-11,,,,,,,,
AZYY,2026-08-10,14.47,14.44,-0.0020732550103663705,2026-08-11,,,,,,,,
AZZ,2026-08-10,152.25,153.13,0.005779967159277533,2026-08-11,,,,,,,,
B,2026-08-10,40.88,40.13,-0.018346379647749544,2026-08-11,,,,,,,,
BA,2026-08-10,232.79,233.24,0.0019330727264916803,2026-08-11,,,,,,,,
BAB,2026-08-10,26.31,26.35,0.0015203344735843505,2026-08-11,,,,,,,,
BABA,2026-08-10,132.32,127.85,-0.03378174123337363,2026-08-11,,,,,,,,
BABC,2026-08-10,34.68,32.44,-0.06459054209919268,2026-08-11,,,,,,,,
BABO,2026-08-10,8.82,8.61,-0.023809523809523947,2026-08-11,,,,,,,,
BABU,2026-08-10,13.79,12.84,-0.06889050036258149,2026-08-11,,,,,,,,
BABW,2026-08-10,26.06,25.13,-0.035686876438986936,2026-08-11,,,,,,,,
BABX,2026-08-10,25.45,23.74,-0.06719056974459725,2026-08-11,,,,,,,,
BAC,2026-08-10,63.86,64.0,0.0021922956467272936,2026-08-11,,,,,,,,
BACC,2026-08-10,10.45,10.48,0.002870813397129357,2026-08-11,,,,,,,,
BAER,2026-08-10,1.37,1.3,-0.051094890510948954,2026-08-11,,,,,,,,
BAFE,2026-08-10,30.44,30.33,-0.0036136662286465615,2026-08-11,,,,,,,,
BAFN,2026-08-10,6.3,6.24,-0.00952380952380949,2026-08-11,,,,,,,,
BAGX,2026-08-10,101.81,101.63,-0.0017679992142226597,2026-08-11,,,,,,,,
BAGY,2026-08-10,22.77,22.57,-0.008783487044356608,2026-08-11,,,,,,,,
BAH,2026-08-10,77.9,78.57,0.008600770218228249,2026-08-11,,,,,,,,
BAI,2026-08-10,44.22,44.42,0.0045228403437358455,2026-08-11,,,,,,,,
BAIG,2026-08-10,18.54,19.67,0.06094929881337663,2026-08-11,,,,,,,,
BAIV,2026-08-10,28.75,28.69,-0.0020869565217390695,2026-08-11,,,,,,,,
BAK,2026-08-10,2.23,2.21,-0.008968609865470878,2026-08-11,,,,,,,,
BALI,2026-08-10,35.01,34.87,-0.0039988574692945145,2026-08-11,,,,,,,,
BALL,2026-08-10,62.58,62.9,0.005113454777884385,2026-08-11,,,,,,,,
BALQ,2026-08-10,56.01,55.78,-0.004106409569719638,2026-08-11,,,,,,,,
BALT,2026-08-10,34.68,34.67,-0.00028835063437138153,2026-08-11,,,,,,,,
BALY,2026-08-10,13.02,12.97,-0.0038402457757296116,2026-08-11,,,,,,,,
BAM,2026-08-10,52.84,55.36,0.04769114307342903,2026-08-11,,,,,,,,
BAMA,2026-08-10,37.05,37.0,-0.0013495276653170407,2026-08-11,,,,,,,,
BAMB,2026-08-10,25.8,25.82,0.0007751937984497026,2026-08-11,,,,,,,,
BAMD,2026-08-10,34.49,34.69,0.005798782255726165,2026-08-11,,,,,,,,
BAMG,2026-08-10,44.83,44.7,-0.0028998438545615457,2026-08-11,,,,,,,,
BAMO,2026-08-10,35.25,35.18,-0.001985815602836838,2026-08-11,,,,,,,,
BAMU,2026-08-10,25.32,25.3,-0.0007898894154818592,2026-08-11,,,,,,,,
BAMV,2026-08-10,38.06,38.08,0.0005254860746188861,2026-08-11,,,,,,,,
BAMY,2026-08-10,27.54,27.55,0.0003631082062454105,2026-08-11,,,,,,,,
BANC,2026-08-10,18.95,19.49,0.028496042216358708,2026-08-11,,,,,,,,
BAND,2026-08-10,52.71,51.62,-0.020679188009865346,2026-08-11,,,,,,,,
BANF,2026-08-10,112.29,113.58,0.011488111140796065,2026-08-11,,,,,,,,
BANL,2026-08-10,3.85,4.14,0.07532467532467524,2026-08-11,,,,,,,,
BANR,2026-08-10,71.41,72.76,0.018904915277972334,2026-08-11,,,,,,,,
BANX,2026-08-10,20.3,20.43,0.0064039408866993774,2026-08-11,,,,,,,,
BAOS,2026-08-10,0.71,0.73,0.028169014084507005,2026-08-11,,,,,,,,
BAP,2026-08-10,382.21,377.0,-0.013631249836477233,2026-08-11,,,,,,,,
BAPR,2026-08-10,54.26,54.16,-0.0018429782528566196,2026-08-11,,,,,,,,
BAR,2026-08-10,43.18,43.04,-0.003242241778601218,2026-08-11,,,,,,,,
BARK,2026-08-10,10.71,10.72,0.0009337068160597539,2026-08-11,,,,,,,,
BASG,2026-08-10,28.96,28.95,-0.00034530386740339036,2026-08-11,,,,,,,,
BASV,2026-08-10,32.04,32.13,0.002808988764045006,2026-08-11,,,,,,,,
BATL,2026-08-10,1.41,1.36,-0.03546099290780125,2026-08-11,,,,,,,,
BATRA,2026-08-10,53.29,54.39,0.020641771439294354,2026-08-11,,,,,,,,
BATRK,2026-08-10,50.04,50.96,0.018385291766586764,2026-08-11,,,,,,,,
BATT,2026-08-10,15.61,15.33,-0.017937219730941645,2026-08-11,,,,,,,,
BAUG,2026-08-10,55.4,55.3,-0.0018050541516245744,2026-08-11,,,,,,,,
BAVA,2026-08-10,17.5,16.98,-0.029714285714285693,2026-08-11,,,,,,,,
BAX,2026-08-10,27.78,27.61,-0.006119510439164921,2026-08-11,,,,,,,,
BAY,2026-08-10,29.3,29.21,-0.0030716723549487623,2026-08-11,,,,,,,,
BB,2026-08-10,8.83,8.98,0.016987542468856143,2026-08-11,,,,,,,,
BBAG,2026-08-10,45.11,45.13,0.0004433606739082663,2026-08-11,,,,,,,,
BBAI,2026-08-10,3.23,3.33,0.03095975232198156,2026-08-11,,,,,,,,
BBAR,2026-08-10,17.27,16.46,-0.046902142443543626,2026-08-11,,,,,,,,
BBAX,2026-08-10,64.88,64.63,-0.0038532675709000985,2026-08-11,,,,,,,,
BBB,2026-08-10,30.18,30.06,-0.003976143141153132,2026-08-11,,,,,,,,
BBBI,2026-08-10,50.48,50.53,0.0009904912836768975,2026-08-11,,,,,,,,
BBBL,2026-08-10,45.82,45.81,-0.0002182453077258506,2026-08-11,,,,,,,,
BBBS,2026-08-10,50.68,50.69,0.00019731649565901677,2026-08-11,,,,,,,,
BBBY,2026-08-10,4.44,4.27,-0.03828828828828845,2026-08-11,,,,,,,,
BBC,2026-08-10,52.32,52.3,-0.0003822629969419955,2026-08-11,,,,,,,,
BBCA,2026-08-10,106.1,106.09,-9.425070688018344e-05,2026-08-11,,,,,,,,
BBCB,2026-08-10,44.29,44.3,0.00022578460149014212,2026-08-11,,,,,,,,
BBCP,2026-08-10,9.39,9.33,-0.006389776357827559,2026-08-11,,,,,,,,
BBCQ,2026-08-10,10.19,10.18,-0.0009813542688910104,2026-08-11,,,,,,,,
BBD,2026-08-10,3.33,3.21,-0.03603603603603611,2026-08-11,,,,,,,,
BBDC,2026-08-10,9.36,9.31,-0.005341880341880212,2026-08-11,,,,,,,,
BBEM,2026-08-10,75.12,75.34,0.0029286474973375665,2026-08-11,,,,,,,,
BBEU,2026-08-10,80.67,80.6,-0.00086773273831664,2026-08-11,,,,,,,,
BBGI,2026-08-10,21.87,22.29,0.019204389574759784,2026-08-11,,,,,,,,
BBH,2026-08-10,219.79,219.72,-0.00031848582738069897,2026-08-11,,,,,,,,
BBHL,2026-08-10,17.73,17.67,-0.0033840947546530664,2026-08-11,,,,,,,,
BBHM,2026-08-10,12.19,12.28,0.007383100902379036,2026-08-11,,,,,,,,
BBHY,2026-08-10,45.73,45.74,0.00021867483052706582,2026-08-11,,,,,,,,
BBIB,2026-08-10,96.58,96.64,0.00062124663491403,2026-08-11,,,,,,,,
BBIN,2026-08-10,81.14,81.21,0.0008627064333250889,2026-08-11,,,,,,,,
BBIO,2026-08-10,84.67,83.7,-0.01145624188024097,2026-08-11,,,,,,,,
BBJP,2026-08-10,77.48,77.74,0.003355704697986406,2026-08-11,,,,,,,,
BBLB,2026-08-10,77.53,77.78,0.0032245582355217017,2026-08-11,,,,,,,,
BBLG,2026-08-10,0.88,0.91,0.03409090909090917,2026-08-11,,,,,,,,
BBLU,2026-08-10,17.48,17.39,-0.005148741418764313,2026-08-11,,,,,,,,
BBMC,2026-08-10,128.44,128.67,0.0017907194020554407,2026-08-11,,,,,,,,
BBN,2026-08-10,15.92,15.94,0.0012562814070351536,2026-08-11,,,,,,,,
BBNX,2026-08-10,16.4,17.62,0.07439024390243909,2026-08-11,,,,,,,,
BBOT,2026-08-10,9.28,9.2,-0.008620689655172376,2026-08-11,,,,,,,,
BBP,2026-08-10,101.08,101.63,0.005441234665611416,2026-08-11,,,,,,,,
BBRE,2026-08-10,107.32,106.19,-0.01052925829295559,2026-08-11,,,,,,,,
BBSB,2026-08-10,97.97,98.01,0.0004082882515055175,2026-08-11,,,,,,,,
BBSC,2026-08-10,91.86,92.05,0.002068364903113462,2026-08-11,,,,,,,,
BBSI,2026-08-10,32.29,31.39,-0.027872406317745346,2026-08-11,,,,,,,,
BBT,2026-08-10,31.54,31.73,0.006024096385542244,2026-08-11,,,,,,,,
BBUC,2026-08-10,28.74,28.76,0.0006958942240780086,2026-08-11,,,,,,,,
BBUL,2026-08-10,14.14,14.61,0.03323903818953311,2026-08-11,,,,,,,,
BBUS,2026-08-10,139.48,139.09,-0.0027960997992543257,2026-08-11,,,,,,,,
BBVA,2026-08-10,28.35,28.5,0.005291005291005346,2026-08-11,,,,,,,,
BBW,2026-08-10,37.26,36.84,-0.011272141706924144,2026-08-11,,,,,,,,
BBWI,2026-08-10,19.32,18.88,-0.022774327122153326,2026-08-11,,,,,,,,
BBY,2026-08-10,82.43,83.28,0.010311779691859702,2026-08-11,,,,,,,,
BBYY,2026-08-10,9.84,9.79,-0.005081300813008172,2026-08-11,,,,,,,,
BC,2026-08-10,80.43,81.41,0.012184508268058947,2026-08-11,,,,,,,,
BCAB,2026-08-10,3.47,3.5,0.008645533141210304,2026-08-11,,,,,,,,
BCACU,2026-08-10,,,,2026-08-11,,,,,,,,
BCAL,2026-08-10,21.39,21.49,0.004675081813931614,2026-08-11,,,,,,,,
BCAR,2026-08-10,5.04,4.86,-0.0357142857142857,2026-08-11,,,,,,,,
BCAT,2026-08-10,16.08,16.11,0.001865671641791078,2026-08-11,,,,,,,,
BCAX,2026-08-10,27.73,23.76,-0.14316624594302196,2026-08-11,,,,,,,,
BCBP,2026-08-10,8.57,8.75,0.02100350058343059,2026-08-11,,,,,,,,
BCC,2026-08-10,84.75,85.53,0.00920353982300881,2026-08-11,,,,,,,,
BCCC,2026-08-10,11.8,11.74,-0.005084745762711895,2026-08-11,,,,,,,,
BCCQ,2026-08-10,9.87,9.9,0.003039513677811634,2026-08-11,,,,,,,,
BCD,2026-08-10,36.97,36.99,0.000540979172301892,2026-08-11,,,,,,,,
BCDA,2026-08-10,0.97,0.93,-0.04123711340206182,2026-08-11,,,,,,,,
BCDF,2026-08-10,33.18,33.1,-0.0024110910186858625,2026-08-11,,,,,,,,
BCE,2026-08-10,22.54,23.37,0.03682342502218283,2026-08-11,,,,,,,,
BCEM,2026-08-10,26.27,26.33,0.0022839741149600634,2026-08-11,,,,,,,,
BCFN,2026-08-10,22.96,23.12,0.006968641114982521,2026-08-11,,,,,,,,
BCG,2026-08-10,1.36,1.3,-0.044117647058823595,2026-08-11,,,,,,,,
BCGD,2026-08-10,26.94,26.92,-0.0007423904974016571,2026-08-11,,,,,,,,
BCGS,2026-08-10,28.12,28.13,0.00035561877667134034,2026-08-11,,,,,,,,
BCH,2026-08-10,41.49,40.9,-0.014220294046758286,2026-08-11,,,,,,,,
BCHI,2026-08-10,31.37,31.62,0.007969397513547971,2026-08-11,,,,,,,,
BCHP,2026-08-10,39.24,39.13,-0.0028032619775738565,2026-08-11,,,,,,,,
BCHT,2026-08-10,1.43,1.37,-0.04195804195804187,2026-08-11,,,,,,,,
BCI,2026-08-10,24.49,24.51,0.0008166598611678566,2026-08-11,,,,,,,,
BCIC,2026-08-10,7.65,7.75,0.013071895424836555,2026-08-11,,,,,,,,
BCIL,2026-08-10,29.87,29.79,-0.0026782725142283637,2026-08-11,,,,,,,,
BCKT,2026-08-10,40.24,40.26,0.0004970178926440028,2026-08-11,,,,,,,,
BCLO,2026-08-10,49.58,49.58,0.0,2026-08-11,,,,,,,,
BCML,2026-08-10,30.39,31.25,0.02829878249424156,2026-08-11,,,,,,,,
BCO,2026-08-10,110.51,113.91,0.03076644647543203,2026-08-11,,,,,,,,
BCOR,2026-08-10,21.44,21.46,0.000932835820895539,2026-08-11,,,,,,,,
BCPC,2026-08-10,177.19,179.01,0.010271460014673384,2026-08-11,,,,,,,,
BCPL,2026-08-10,24.46,24.46,0.0,2026-08-11,,,,,,,,
BCRX,2026-08-10,9.84,10.34,0.05081300813008127,2026-08-11,,,,,,,,
BCS,2026-08-10,27.98,27.84,-0.005003573981415266,2026-08-11,,,,,,,,
BCSF,2026-08-10,12.95,12.84,-0.008494208494208455,2026-08-11,,,,,,,,
BCSM,2026-08-10,25.69,25.87,0.007006617360840739,2026-08-11,,,,,,,,
BCSS,2026-08-10,10.21,10.25,0.003917727717923425,2026-08-11,,,,,,,,
BCTK,2026-08-10,30.49,30.42,-0.0022958346999014667,2026-08-11,,,,,,,,
BCTX,2026-08-10,3.39,3.45,0.017699115044247815,2026-08-11,,,,,,,,
BCUS,2026-08-10,35.99,35.83,-0.004445679355376542,2026-08-11,,,,,,,,
BCV,2026-08-10,24.91,24.89,-0.0008028904054596664,2026-08-11,,,,,,,,
BCX,2026-08-10,12.62,12.65,0.0023771790808242432,2026-08-11,,,,,,,,
BCYC,2026-08-10,4.11,4.12,0.0024330900243307862,2026-08-11,,,,,,,,
BD,2026-08-10,24.73,24.74,0.0004043671653861658,2026-08-11,,,,,,,,
BDBT,2026-08-10,24.8,24.82,0.0008064516129031585,2026-08-11,,,,,,,,
BDC,2026-08-10,135.15,134.64,-0.0037735849056604875,2026-08-11,,,,,,,,
BDCI,2026-08-10,10.1,10.09,-0.000990099009900991,2026-08-11,,,,,,,,
BDCX,2026-08-10,20.93,21.03,0.004777830864787447,2026-08-11,,,,,,,,
BDCZ,2026-08-10,15.31,15.54,0.015022860875244959,2026-08-11,,,,,,,,
BDEC,2026-08-10,54.56,54.5,-0.0010997067448680342,2026-08-11,,,,,,,,
BDGS,2026-08-10,36.91,36.88,-0.0008127878623677143,2026-08-11,,,,,,,,
BDIV,2026-08-10,25.25,25.21,-0.0015841584158415856,2026-08-11,,,,,,,,
BDJ,2026-08-10,9.88,9.92,0.004048582995951344,2026-08-11,,,,,,,,
BDL,2026-08-10,41.0,41.6,0.014634146341463428,2026-08-11,,,,,,,,
BDMD,2026-08-10,1.22,1.17,-0.040983606557377095,2026-08-11,,,,,,,,
BDN,2026-08-10,3.08,3.1,0.006493506493506551,2026-08-11,,,,,,,,
BDRX,2026-08-10,1.6,1.58,-0.012499999999999956,2026-08-11,,,,,,,,
BDRY,2026-08-10,13.8,13.79,-0.0007246376811594901,2026-08-11,,,,,,,,
BDSX,2026-08-10,24.86,24.31,-0.02212389380530977,2026-08-11,,,,,,,,
BDTX,2026-08-10,1.98,2.09,0.05555555555555558,2026-08-11,,,,,,,,
BDVG,2026-08-10,15.21,15.17,-0.002629848783694988,2026-08-11,,,,,,,,
BDVL,2026-08-10,26.84,26.81,-0.0011177347242921076,2026-08-11,,,,,,,,
BDX,2026-08-10,179.63,181.41,0.009909257919055836,2026-08-11,,,,,,,,
BDYN,2026-08-10,28.43,28.39,-0.00140696447414701,2026-08-11,,,,,,,,
BE,2026-08-10,210.63,211.21,0.0027536438304136546,2026-08-11,,,,,,,,
BEAG,2026-08-10,10.69,10.75,0.00561272217025266,2026-08-11,,,,,,,,
BEAM,2026-08-10,27.28,26.85,-0.01576246334310849,2026-08-11,,,,,,,,
BEAT,2026-08-10,0.55,0.59,0.07272727272727253,2026-08-11,,,,,,,,
BEBE,2026-08-10,9.98,9.98,0.0,2026-08-11,,,,,,,,
BEC,2026-08-10,11.9,11.94,0.003361344537815114,2026-08-11,,,,,,,,
BEDY,2026-08-10,30.14,30.16,0.0006635700066357497,2026-08-11,,,,,,,,
BEDZ,2026-08-10,36.49,36.32,-0.004658810633050181,2026-08-11,,,,,,,,
BEEM,2026-08-10,1.14,1.16,0.01754385964912286,2026-08-11,,,,,,,,
BEEP,2026-08-10,2.76,2.77,0.0036231884057971175,2026-08-11,,,,,,,,
BEEX,2026-08-10,28.15,28.07,-0.002841918294848922,2026-08-11,,,,,,,,
BEEZ,2026-08-10,35.6,35.66,0.0016853932584268705,2026-08-11,,,,,,,,
BEG,2026-08-10,32.87,33.14,0.00821417706115013,2026-08-11,,,,,,,,
BEGS,2026-08-10,14.82,14.64,-0.012145748987854255,2026-08-11,,,,,,,,
BEKE,2026-08-10,17.65,16.96,-0.0390934844192633,2026-08-11,,,,,,,,
BELFA,2026-08-10,227.7,234.39,0.029380764163372763,2026-08-11,,,,,,,,
BELFB,2026-08-10,284.21,290.1,0.020724112452060295,2026-08-11,,,,,,,,
BELT,2026-08-10,39.77,39.95,0.004526024641689608,2026-08-11,,,,,,,,
BEMB,2026-08-10,52.71,52.73,0.00037943464238288094,2026-08-11,,,,,,,,
BEN,2026-08-10,33.52,33.36,-0.004773269689737569,2026-08-11,,,,,,,,
BENF,2026-08-10,2.8,2.75,-0.017857142857142794,2026-08-11,,,,,,,,
BENJ,2026-08-10,53.01,53.02,0.00018864365214121825,2026-08-11,,,,,,,,
BEP,2026-08-10,32.66,34.23,0.04807103490508258,2026-08-11,,,,,,,,
BEPC,2026-08-10,33.22,34.79,0.047260686333534085,2026-08-11,,,,,,,,
BERZ,2026-08-10,21.45,21.85,0.018648018648018683,2026-08-11,,,,,,,,
BESF,2026-08-10,39.77,39.73,-0.001005783253709036,2026-08-11,,,,,,,,
BESO,2026-08-10,25.58,25.51,-0.002736512900703536,2026-08-11,,,,,,,,
BESS,2026-08-10,3.12,3.56,0.14102564102564097,2026-08-11,,,,,,,,
BETA,2026-08-10,23.76,24.59,0.034932659932659815,2026-08-11,,,,,,,,
BETE,2026-08-10,30.3,30.21,-0.002970297029702973,2026-08-11,,,,,,,,
BETH,2026-08-10,35.33,35.1,-0.006510048117746914,2026-08-11,,,,,,,,
BETR,2026-08-10,18.05,15.53,-0.13961218836565104,2026-08-11,,,,,,,,
BETZ,2026-08-10,19.04,19.22,0.009453781512605008,2026-08-11,,,,,,,,
BEX,2026-08-10,23.54,23.63,0.0038232795242141293,2026-08-11,,,,,,,,
BEZ,2026-08-10,11.83,11.74,-0.0076077768385460764,2026-08-11,,,,,,,,
BF-A,2026-08-10,28.68,28.41,-0.009414225941422605,2026-08-11,,,,,,,,
BF-B,2026-08-10,28.19,28.03,-0.005675771550195163,2026-08-11,,,,,,,,
BFAM,2026-08-10,72.48,71.52,-0.013245033112582849,2026-08-11,,,,,,,,
BFAP,2026-08-10,14.25,14.2,-0.0035087719298245723,2026-08-11,,,,,,,,
BFC,2026-08-10,152.92,156.93,0.02622286162699461,2026-08-11,,,,,,,,
BFEB,2026-08-10,53.86,53.81,-0.0009283327144448128,2026-08-11,,,,,,,,
BFEW,2026-08-10,21.74,21.76,0.0009199632014720294,2026-08-11,,,,,,,,
BFH,2026-08-10,108.41,108.01,-0.0036896965224609835,2026-08-11,,,,,,,,
BFIX,2026-08-10,24.97,24.98,0.00040048057669217485,2026-08-11,,,,,,,,
BFJA,2026-08-10,17.32,17.28,-0.002309468822170868,2026-08-11,,,,,,,,
BFJL,2026-08-10,17.33,17.26,-0.004039238315060367,2026-08-11,,,,,,,,
BFLB,2026-08-10,55.49,55.4,-0.0016219138583528636,2026-08-11,,,,,,,,
BFLX,2026-08-10,26.34,26.27,-0.0026575550493546096,2026-08-11,,,,,,,,
BFLY,2026-08-10,9.7,9.37,-0.03402061855670102,2026-08-11,,,,,,,,
BFOC,2026-08-10,16.94,16.98,0.0023612750885477762,2026-08-11,,,,,,,,
BFOR,2026-08-10,24.27,24.3,0.0012360939431397266,2026-08-11,,,,,,,,
BFRG,2026-08-10,0.58,0.58,0.0,2026-08-11,,,,,,,,
BFRI,2026-08-10,1.21,1.22,0.008264462809917328,2026-08-11,,,,,,,,
BFRZ,2026-08-10,27.17,27.16,-0.0003680529996320514,2026-08-11,,,,,,,,
BFS,2026-08-10,33.93,34.51,0.017094017094017033,2026-08-11,,,,,,,,
BFST,2026-08-10,31.54,31.98,0.013950538998097617,2026-08-11,,,,,,,,
BFXU,2026-08-10,24.0,23.9,-0.004166666666666763,2026-08-11,,,,,,,,
BG,2026-08-10,112.65,111.6,-0.009320905459387574,2026-08-11,,,,,,,,
BGB,2026-08-10,11.3,11.34,0.003539823008849474,2026-08-11,,,,,,,,
BGC,2026-08-10,10.29,10.16,-0.012633624878522709,2026-08-11,,,,,,,,
BGCG,2026-08-10,27.38,27.7,0.011687363038714427,2026-08-11,,,,,,,,
BGDE,2026-08-10,5.63,6.0,0.06571936056838368,2026-08-11,,,,,,,,
BGDV,2026-08-10,31.68,31.71,0.0009469696969697239,2026-08-11,,,,,,,,
BGEG,2026-08-10,22.95,23.06,0.004793028322439996,2026-08-11,,,,,,,,
BGFI,2026-08-10,25.08,25.14,0.0023923444976077235,2026-08-11,,,,,,,,
BGGG,2026-08-10,36.69,36.8,0.0029980921231942403,2026-08-11,,,,,,,,
BGH,2026-08-10,14.28,14.23,-0.003501400560223966,2026-08-11,,,,,,,,
BGI,2026-08-10,0.34,0.33,-0.02941176470588236,2026-08-11,,,,,,,,
BGIA,2026-08-10,25.43,25.51,0.003145890680299024,2026-08-11,,,,,,,,
BGIG,2026-08-10,37.44,37.47,0.0008012820512821595,2026-08-11,,,,,,,,
BGIN,2026-08-10,1.73,1.77,0.023121387283236983,2026-08-11,,,,,,,,
BGL,2026-08-10,0.19,0.21,0.10526315789473673,2026-08-11,,,,,,,,
BGLC,2026-08-10,1.56,1.52,-0.02564102564102566,2026-08-11,,,,,,,,
BGLD,2026-08-10,16.96,16.98,0.001179245283018826,2026-08-11,,,,,,,,
BGM,2026-08-10,0.3,0.29,-0.033333333333333326,2026-08-11,,,,,,,,
BGMS,2026-08-10,0.9,0.9,0.0,2026-08-11,,,,,,,,
BGR,2026-08-10,16.58,16.73,0.009047044632086942,2026-08-11,,,,,,,,
BGRN,2026-08-10,46.81,46.81,0.0,2026-08-11,,,,,,,,
BGRO,2026-08-10,43.96,43.72,-0.005459508644222066,2026-08-11,,,,,,,,
BGS,2026-08-10,3.4,3.41,0.002941176470588225,2026-08-11,,,,,,,,
BGSF,2026-08-10,5.56,5.55,-0.0017985611510791255,2026-08-11,,,,,,,,
BGSI,2026-08-10,101.05,102.62,0.015536862939139029,2026-08-11,,,,,,,,
BGT,2026-08-10,10.99,11.08,0.008189262966332933,2026-08-11,,,,,,,,
BGUS,2026-08-10,26.61,26.49,-0.00450958286358516,2026-08-11,,,,,,,,
BGX,2026-08-10,10.85,10.87,0.0018433179723502668,2026-08-11,,,,,,,,
BGY,2026-08-10,5.88,5.89,0.001700680272108901,2026-08-11,,,,,,,,
BH,2026-08-10,385.62,382.84,-0.0072091696488771895,2026-08-11,,,,,,,,
BHAV,2026-08-10,9.99,9.99,0.0,2026-08-11,,,,,,,,
BHB,2026-08-10,39.36,39.81,0.01143292682926833,2026-08-11,,,,,,,,
BHC,2026-08-10,6.35,6.24,-0.017322834645669194,2026-08-11,,,,,,,,
BHDG,2026-08-10,23.84,24.0,0.006711409395973256,2026-08-11,,,,,,,,
BHE,2026-08-10,81.26,81.32,0.0007383706620722741,2026-08-11,,,,,,,,
BHF,2026-08-10,60.09,58.8,-0.021467798302546304,2026-08-11,,,,,,,,
BHK,2026-08-10,9.2,9.19,-0.0010869565217390686,2026-08-11,,,,,,,,
BHM,2026-08-10,8.57,8.62,0.005834305717619559,2026-08-11,,,,,,,,
BHP,2026-08-10,90.61,90.02,-0.006511422580289139,2026-08-11,,,,,,,,
BHR,2026-08-10,2.03,2.01,-0.009852216748768461,2026-08-11,,,,,,,,
BHRB,2026-08-10,72.73,73.62,0.012237041110958247,2026-08-11,,,,,,,,
BHST,2026-08-10,2.1,2.08,-0.00952380952380949,2026-08-11,,,,,,,,
BHV,2026-08-10,12.75,12.85,0.007843137254901933,2026-08-11,,,,,,,,
BHVN,2026-08-10,14.54,14.49,-0.003438789546079679,2026-08-11,,,,,,,,
BHYB,2026-08-10,53.86,53.9,0.0007426661715559391,2026-08-11,,,,,,,,
BHYP,2026-08-10,31.37,30.68,-0.02199553713739244,2026-08-11,,,,,,,,
BIAF,2026-08-10,0.49,0.49,0.0,2026-08-11,,,,,,,,
BIB,2026-08-10,108.86,108.55,-0.0028476942862392107,2026-08-11,,,,,,,,
BIBL,2026-08-10,56.21,56.45,0.004269702899839967,2026-08-11,,,,,,,,
BID,2026-08-10,9.85,9.86,0.0010152284263960087,2026-08-11,,,,,,,,
BIDD,2026-08-10,30.65,30.71,0.001957585644372095,2026-08-11,,,,,,,,
BIDG,2026-08-10,10.11,9.47,-0.06330365974282881,2026-08-11,,,,,,,,
BIDU,2026-08-10,109.5,105.94,-0.03251141552511416,2026-08-11,,,,,,,,
BIGY,2026-08-10,52.75,52.53,-0.00417061611374403,2026-08-11,,,,,,,,
BIIB,2026-08-10,207.13,203.89,-0.01564235021484095,2026-08-11,,,,,,,,
BIII,2026-08-10,9.95,9.97,0.0020100502512563345,2026-08-11,,,,,,,,
BIL,2026-08-10,91.48,91.49,0.00010931351114984444,2026-08-11,,,,,,,,
BILD,2026-08-10,29.69,29.77,0.002694509936005396,2026-08-11,,,,,,,,
BILI,2026-08-10,18.99,17.99,-0.05265929436545547,2026-08-11,,,,,,,,
BILL,2026-08-10,49.26,49.48,0.004466098254161555,2026-08-11,,,,,,,,
BILS,2026-08-10,99.22,99.23,0.00010078613182828988,2026-08-11,,,,,,,,
BILT,2026-08-10,27.67,27.8,0.004698229129020515,2026-08-11,,,,,,,,
BILZ,2026-08-10,100.75,100.76,9.925558312651184e-05,2026-08-11,,,,,,,,
BINC,2026-08-10,51.98,51.98,0.0,2026-08-11,,,,,,,,
BINT,2026-08-10,32.79,32.83,0.0012198841110093728,2026-08-11,,,,,,,,
BINV,2026-08-10,45.89,45.65,-0.005229897581172427,2026-08-11,,,,,,,,
BIO,2026-08-10,354.54,356.25,0.00482315112540177,2026-08-11,,,,,,,,
BIOA,2026-08-10,11.45,10.67,-0.068122270742358,2026-08-11,,,,,,,,
BIOT,2026-08-10,0.4,0.42,0.04999999999999982,2026-08-11,,,,,,,,
BIOX,2026-08-10,0.36,0.36,0.0,2026-08-11,,,,,,,,
BIOY,2026-08-10,21.12,21.16,0.0018939393939394478,2026-08-11,,,,,,,,
BIP,2026-08-10,37.98,39.38,0.03686150605581906,2026-08-11,,,,,,,,
BIPC,2026-08-10,38.28,39.98,0.04440961337513061,2026-08-11,,,,,,,,
BIRD,2026-08-10,2.58,2.54,-0.015503875968992276,2026-08-11,,,,,,,,
BIRK,2026-08-10,39.72,37.47,-0.056646525679758364,2026-08-11,,,,,,,,
BIS,2026-08-10,12.41,12.45,0.003223207091055613,2026-08-11,,,,,,,,
BIT,2026-08-10,12.34,12.31,-0.002431118314424552,2026-08-11,,,,,,,,
BITA,2026-08-10,51.31,51.0,-0.006041707269538121,2026-08-11,,,,,,,,
BITB,2026-08-10,34.71,34.43,-0.008066839527513747,2026-08-11,,,,,,,,
BITC,2026-08-10,35.84,35.53,-0.008649553571428603,2026-08-11,,,,,,,,
BITI,2026-08-10,23.92,24.12,0.00836120401337781,2026-08-11,,,,,,,,
BITO,2026-08-10,8.64,8.57,-0.00810185185185186,2026-08-11,,,,,,,,
BITQ,2026-08-10,22.19,22.41,0.00991437584497512,2026-08-11,,,,,,,,
BITS,2026-08-10,54.58,54.81,0.004213997801392422,2026-08-11,,,,,,,,
BITU,2026-08-10,9.33,9.18,-0.016077170418006492,2026-08-11,,,,,,,,
BITW,2026-08-10,41.08,40.79,-0.007059396299902598,2026-08-11,,,,,,,,
BITX,2026-08-10,12.02,11.82,-0.016638935108153063,2026-08-11,,,,,,,,
BITY,2026-08-10,25.5,25.26,-0.009411764705882342,2026-08-11,,,,,,,,
BIV,2026-08-10,75.4,75.46,0.0007957559681694981,2026-08-11,,,,,,,,
BIVI,2026-08-10,1.1,1.27,0.15454545454545454,2026-08-11,,,,,,,,
BIXI,2026-08-10,10.03,10.03,0.0,2026-08-11,,,,,,,,
BIYA,2026-08-10,2.7,2.7,0.0,2026-08-11,,,,,,,,
BIZD,2026-08-10,13.32,13.36,0.0030030030030030463,2026-08-11,,,,,,,,
BJ,2026-08-10,96.2,93.96,-0.023284823284823397,2026-08-11,,,,,,,,
BJAN,2026-08-10,60.27,60.2,-0.0011614401858304202,2026-08-11,,,,,,,,
BJDX,2026-08-10,0.99,1.07,0.08080808080808088,2026-08-11,,,,,,,,
BJRI,2026-08-10,68.65,67.53,-0.016314639475600967,2026-08-11,,,,,,,,
BJUL,2026-08-10,55.59,55.49,-0.0017988846914912537,2026-08-11,,,,,,,,
BJUN,2026-08-10,49.9,49.78,-0.0024048096192383905,2026-08-11,,,,,,,,
BKAG,2026-08-10,41.25,41.28,0.0007272727272726875,2026-08-11,,,,,,,,
BKCG,2026-08-10,39.78,39.72,-0.0015082956259427904,2026-08-11,,,,,,,,
BKCH,2026-08-10,62.33,63.27,0.01508102037542125,2026-08-11,,,,,,,,
BKCI,2026-08-10,55.13,55.22,0.0016325049882095488,2026-08-11,,,,,,,,
BKD,2026-08-10,13.69,12.55,-0.0832724616508399,2026-08-11,,,,,,,,
BKDV,2026-08-10,35.08,35.03,-0.0014253135689851204,2026-08-11,,,,,,,,
BKE,2026-08-10,46.65,45.94,-0.015219721329046143,2026-08-11,,,,,,,,
BKEM,2026-08-10,29.97,30.05,0.002669336002669498,2026-08-11,,,,,,,,
BKF,2026-08-10,41.5,40.86,-0.015421686746987961,2026-08-11,,,,,,,,
BKFI,2026-08-10,23.5,23.5,0.0,2026-08-11,,,,,,,,
BKGI,2026-08-10,44.58,44.45,-0.002916105877074804,2026-08-11,,,,,,,,
BKH,2026-08-10,73.7,73.26,-0.005970149253731294,2026-08-11,,,,,,,,
BKHA,2026-08-10,11.93,11.78,-0.012573344509639539,2026-08-11,,,,,,,,
BKHY,2026-08-10,47.28,47.28,0.0,2026-08-11,,,,,,,,
BKIE,2026-08-10,34.78,34.8,0.0005750431282345314,2026-08-11,,,,,,,,
BKKT,2026-08-10,7.65,7.37,-0.036601307189542465,2026-08-11,,,,,,,,
BKLC,2026-08-10,49.41,49.26,-0.0030358227079537725,2026-08-11,,,,,,,,
BKLG,2026-08-10,25.88,25.76,-0.004636785162287382,2026-08-11,,,,,,,,
BKLN,2026-08-10,20.5,20.52,0.0009756097560975618,2026-08-11,,,,,,,,
BKMC,2026-08-10,41.5,41.6,0.002409638554216942,2026-08-11,,,,,,,,
BKMI,2026-08-10,26.03,26.08,0.0019208605455243166,2026-08-11,,,,,,,,
BKMS,2026-08-10,25.43,25.45,0.0007864726700745894,2026-08-11,,,,,,,,
BKNG,2026-08-10,212.88,212.87,-4.6974821495626706e-05,2026-08-11,,,,,,,,
BKR,2026-08-10,64.07,64.81,0.011549867332605102,2026-08-11,,,,,,,,
BKSE,2026-08-10,45.16,45.33,0.0037643932683790737,2026-08-11,,,,,,,,
BKSY,2026-08-10,28.61,29.89,0.04473960153792378,2026-08-11,,,,,,,,
BKT,2026-08-10,10.56,10.51,-0.004734848484848508,2026-08-11,,,,,,,,
BKTI,2026-08-10,75.0,77.35,0.03133333333333321,2026-08-11,,,,,,,,
BKU,2026-08-10,46.26,47.0,0.015996541288370025,2026-08-11,,,,,,,,
BKUI,2026-08-10,49.63,49.63,0.0,2026-08-11,,,,,,,,
BKV,2026-08-10,25.66,26.51,0.033125487139516796,2026-08-11,,,,,,,,
BKYI,2026-08-10,4.17,3.9,-0.06474820143884896,2026-08-11,,,,,,,,
BL,2026-08-10,29.29,28.12,-0.03994537384772956,2026-08-11,,,,,,,,
BLBD,2026-08-10,65.33,66.18,0.013010867901423584,2026-08-11,,,,,,,,
BLCK,2026-08-10,21.54,21.66,0.005571030640668662,2026-08-11,,,,,,,,
BLCO,2026-08-10,16.83,16.87,0.002376708259061333,2026-08-11,,,,,,,,
BLCR,2026-08-10,50.16,50.06,-0.001993620414672881,2026-08-11,,,,,,,,
BLCV,2026-08-10,43.3,43.23,-0.0016166281755196632,2026-08-11,,,,,,,,
BLDG,2026-08-10,26.72,26.67,-0.0018712574850298092,2026-08-11,,,,,,,,
BLDP,2026-08-10,2.55,2.6,0.019607843137255054,2026-08-11,,,,,,,,
BLDR,2026-08-10,71.98,75.1,0.043345373714920754,2026-08-11,,,,,,,,
BLDX,2026-08-10,26.36,26.38,0.0007587253414262918,2026-08-11,,,,,,,,
BLES,2026-08-10,49.73,49.72,-0.00020108586366374137,2026-08-11,,,,,,,,
BLFS,2026-08-10,34.64,34.82,0.0051963048498844255,2026-08-11,,,,,,,,
BLGR,2026-08-10,32.77,32.6,-0.005187671650900283,2026-08-11,,,,,,,,
BLIN,2026-08-10,1.12,1.12,0.0,2026-08-11,,,,,,,,
BLIV,2026-08-10,2.26,2.19,-0.030973451327433565,2026-08-11,,,,,,,,
BLK,2026-08-10,1131.4,1148.84,0.015414530669966231,2026-08-11,,,,,,,,
BLKB,2026-08-10,45.96,45.45,-0.011096605744125299,2026-08-11,,,,,,,,
BLLN,2026-08-10,98.65,97.94,-0.0071971616827167795,2026-08-11,,,,,,,,
BLMN,2026-08-10,11.02,11.12,0.00907441016333932,2026-08-11,,,,,,,,
BLND,2026-08-10,1.51,1.44,-0.04635761589403975,2026-08-11,,,,,,,,
BLNE,2026-08-10,1.12,1.11,-0.008928571428571397,2026-08-11,,,,,,,,
BLNK,2026-08-10,0.6,0.59,-0.01666666666666672,2026-08-11,,,,,,,,
BLOK,2026-08-10,59.08,59.16,0.0013540961408260443,2026-08-11,,,,,,,,
BLOX,2026-08-10,12.75,12.88,0.010196078431372602,2026-08-11,,,,,,,,
BLRK,2026-08-10,10.07,10.06,-0.0009930486593843213,2026-08-11,,,,,,,,
BLRX,2026-08-10,2.71,2.78,0.025830258302582898,2026-08-11,,,,,,,,
BLSG,2026-08-10,1.76,1.76,0.0,2026-08-11,,,,,,,,
BLSH,2026-08-10,24.54,24.52,-0.0008149959250203231,2026-08-11,,,,,,,,
BLSM,2026-08-10,15.99,16.52,0.03314571607254524,2026-08-11,,,,,,,,
BLST,2026-08-10,24.85,24.85,0.0,2026-08-11,,,,,,,,
BLTD,2026-08-10,24.36,24.4,0.0016420361247946325,2026-08-11,,,,,,,,
BLTE,2026-08-10,167.26,177.58,0.061700346765514835,2026-08-11,,,,,,,,
BLUC,2026-08-10,32.19,32.04,-0.004659832246039053,2026-08-11,,,,,,,,
BLUI,2026-08-10,25.66,25.67,0.000389711613406174,2026-08-11,,,,,,,,
BLUW,2026-08-10,10.35,10.35,0.0,2026-08-11,,,,,,,,
BLUX,2026-08-10,32.76,32.79,0.0009157509157509125,2026-08-11,,,,,,,,
BLV,2026-08-10,65.82,65.9,0.0012154360376785966,2026-08-11,,,,,,,,
BLW,2026-08-10,12.62,12.61,-0.0007923930269413404,2026-08-11,,,,,,,,
BLX,2026-08-10,56.01,56.16,0.0026780931976433386,2026-08-11,,,,,,,,
BLZE,2026-08-10,19.27,18.71,-0.029060716139076237,2026-08-11,,,,,,,,
BLZR,2026-08-10,10.16,10.16,0.0,2026-08-11,,,,,,,,
BMA,2026-08-10,84.19,80.4,-0.045017222948093516,2026-08-11,,,,,,,,
BMAR,2026-08-10,58.87,58.81,-0.0010191948360793734,2026-08-11,,,,,,,,
BMAY,2026-08-10,48.51,48.46,-0.001030715316429509,2026-08-11,,,,,,,,
BMBL,2026-08-10,2.73,2.78,0.01831501831501825,2026-08-11,,,,,,,,
BME,2026-08-10,44.38,44.62,0.005407841369986288,2026-08-11,,,,,,,,
BMEA,2026-08-10,1.27,1.29,0.015748031496062964,2026-08-11,,,,,,,,
BMED,2026-08-10,32.26,32.33,0.002169869807811642,2026-08-11,,,,,,,,
BMEZ,2026-08-10,16.12,16.15,0.0018610421836227076,2026-08-11,,,,,,,,
BMGL,2026-08-10,4.9,4.99,0.01836734693877551,2026-08-11,,,,,,,,
BMHL,2026-08-10,5.84,5.74,-0.017123287671232834,2026-08-11,,,,,,,,
BMI,2026-08-10,136.44,135.68,-0.005570214013485675,2026-08-11,,,,,,,,
BMM,2026-08-10,5.55,5.29,-0.04684684684684681,2026-08-11,,,,,,,,
BMN,2026-08-10,25.14,25.24,0.003977724741447863,2026-08-11,,,,,,,,
BMNG,2026-08-10,15.25,15.13,-0.007868852459016362,2026-08-11,,,,,,,,
BMNR,2026-08-10,18.1,18.09,-0.0005524861878454246,2026-08-11,,,,,,,,
BMNU,2026-08-10,11.02,11.08,0.005444646098003769,2026-08-11,,,,,,,,
BMNZ,2026-08-10,12.84,12.77,-0.005451713395638658,2026-08-11,,,,,,,,
BMO,2026-08-10,181.91,181.17,-0.004067945687427854,2026-08-11,,,,,,,,
BMOP,2026-08-10,24.75,24.79,0.0016161616161616266,2026-08-11,,,,,,,,
BMR,2026-08-10,1.33,1.31,-0.015037593984962405,2026-08-11,,,,,,,,
BMRA,2026-08-10,1.63,1.57,-0.036809815950920144,2026-08-11,,,,,,,,
BMRC,2026-08-10,28.1,28.47,0.013167259786476704,2026-08-11,,,,,,,,
BMRN,2026-08-10,68.88,69.55,0.009727061556329852,2026-08-11,,,,,,,,
BMSI,2026-08-10,25.22,25.24,0.0007930214115781098,2026-08-11,,,,,,,,
BMVP,2026-08-10,54.48,54.39,-0.0016519823788545551,2026-08-11,,,,,,,,
BMY,2026-08-10,64.84,63.61,-0.018969771745835917,2026-08-11,,,,,,,,
BN,2026-08-10,44.28,44.8,0.01174345076784089,2026-08-11,,,,,,,,
BNAI,2026-08-10,14.12,15.25,0.08002832861189813,2026-08-11,,,,,,,,
BNAV,2026-08-10,25.07,24.73,-0.013562026326286447,2026-08-11,,,,,,,,
BNC,2026-08-10,2.41,2.43,0.008298755186721962,2026-08-11,,,,,,,,
BND,2026-08-10,72.15,72.21,0.0008316008316007206,2026-08-11,,,,,,,,
BNDC,2026-08-10,21.69,21.72,0.0013831258644536604,2026-08-11,,,,,,,,
BNDD,2026-08-10,95.7,95.91,0.0021943573667710936,2026-08-11,,,,,,,,
BNDI,2026-08-10,46.42,46.44,0.0004308487720809939,2026-08-11,,,,,,,,
BNDP,2026-08-10,73.06,73.12,0.0008212428141254335,2026-08-11,,,,,,,,
BNDS,2026-08-10,50.07,50.15,0.0015977631316157481,2026-08-11,,,,,,,,
BNDW,2026-08-10,67.47,67.51,0.0005928560841856889,2026-08-11,,,,,,,,
BNDX,2026-08-10,47.79,47.82,0.0006277463904582614,2026-08-11,,,,,,,,
BNDY,2026-08-10,24.72,24.73,0.0004045307443365509,2026-08-11,,,,,,,,
BNED,2026-08-10,12.82,12.57,-0.01950078003120126,2026-08-11,,,,,,,,
BNGE,2026-08-10,32.63,32.51,-0.00367759730309547,2026-08-11,,,,,,,,
BNGO,2026-08-10,1.16,1.19,0.02586206896551735,2026-08-11,,,,,,,,
BNKD,2026-08-10,26.75,26.63,-0.004485981308411269,2026-08-11,,,,,,,,
BNKK,2026-08-10,1.06,1.09,0.028301886792452935,2026-08-11,,,,,,,,
BNKU,2026-08-10,46.26,46.35,0.0019455252918287869,2026-08-11,,,,,,,,
BNL,2026-08-10,20.46,20.65,0.009286412512218956,2026-08-11,,,,,,,,
BNMC,2026-08-10,35.62,35.15,-0.013194834362717511,2026-08-11,,,,,,,,
BNO,2026-08-10,50.11,50.96,0.016962682099381343,2026-08-11,,,,,,,,
BNOV,2026-08-10,49.1,49.02,-0.0016293279022402407,2026-08-11,,,,,,,,
BNR,2026-08-10,10.86,10.42,-0.04051565377532229,2026-08-11,,,,,,,,
BNRG,2026-08-10,0.4,0.44,0.09999999999999987,2026-08-11,,,,,,,,
BNS,2026-08-10,88.56,88.86,0.003387533875338633,2026-08-11,,,,,,,,
BNT,2026-08-10,44.67,45.29,0.01387956122677414,2026-08-11,,,,,,,,
BNTC,2026-08-10,13.78,13.48,-0.021770682148040565,2026-08-11,,,,,,,,
BNTX,2026-08-10,92.8,92.8,0.0,2026-08-11,,,,,,,,
BNY,2026-08-10,159.43,160.32,0.005582387254594368,2026-08-11,,,,,,,,
BOAT,2026-08-10,44.13,43.48,-0.014729209154770162,2026-08-11,,,,,,,,
BOBP,2026-08-10,29.86,29.95,0.003014065639651786,2026-08-11,,,,,,,,
BOBS,2026-08-10,18.39,18.35,-0.002175095160413254,2026-08-11,,,,,,,,
BOC,2026-08-10,14.21,14.22,0.0007037297677692234,2026-08-11,,,,,,,,
BOCT,2026-08-10,54.29,54.25,-0.0007367839381101637,2026-08-11,,,,,,,,
BODI,2026-08-10,10.22,6.29,-0.3845401174168298,2026-08-11,,,,,,,,
BOE,2026-08-10,12.43,12.5,0.005631536604987941,2026-08-11,,,,,,,,
BOEG,2026-08-10,15.08,15.15,0.004641909814323553,2026-08-11,,,,,,,,
BOEU,2026-08-10,38.07,38.17,0.0026267402153927755,2026-08-11,,,,,,,,
BOF,2026-08-10,4.11,4.24,0.031630170316301776,2026-08-11,,,,,,,,
BOH,2026-08-10,78.69,79.43,0.009403990341847912,2026-08-11,,,,,,,,
BOIL,2026-08-10,20.71,20.45,-0.012554321583776007,2026-08-11,,,,,,,,
BOKF,2026-08-10,143.16,144.03,0.006077116512992475,2026-08-11,,,,,,,,
BOLD,2026-08-10,2.82,2.75,-0.024822695035460973,2026-08-11,,,,,,,,
BOLT,2026-08-10,3.99,3.98,-0.0025062656641604564,2026-08-11,,,,,,,,
BON,2026-08-10,1.19,1.15,-0.03361344537815125,2026-08-11,,,,,,,,
BOND,2026-08-10,90.41,90.48,0.0007742506359915691,2026-08-11,,,,,,,,
BOOM,2026-08-10,7.46,7.64,0.024128686327077764,2026-08-11,,,,,,,,
BOOT,2026-08-10,168.59,165.8,-0.016549024260039125,2026-08-11,,,,,,,,
BORR,2026-08-10,4.16,4.26,0.024038461538461453,2026-08-11,,,,,,,,
BOSC,2026-08-10,4.45,4.5,0.011235955056179803,2026-08-11,,,,,,,,
BOT,2026-08-10,27.16,30.98,0.14064801178203234,2026-08-11,,,,,,,,
BOTJ,2026-08-10,27.02,27.31,0.01073279052553655,2026-08-11,,,,,,,,
BOTT,2026-08-10,45.22,45.77,0.012162759840778525,2026-08-11,,,,,,,,
BOTZ,2026-08-10,37.42,37.48,0.0016034206306787535,2026-08-11,,,,,,,,
BOUT,2026-08-10,46.2,45.77,-0.009307359307359264,2026-08-11,,,,,,,,
BOW,2026-08-10,33.46,33.47,0.0002988643156005555,2026-08-11,,,,,,,,
BOX,2026-08-10,33.6,32.83,-0.022916666666666807,2026-08-11,,,,,,,,
BOXA,2026-08-10,104.46,104.71,0.0023932605782117644,2026-08-11,,,,,,,,
BOXL,2026-08-10,2.97,2.93,-0.013468013468013518,2026-08-11,,,,,,,,
BOXX,2026-08-10,117.77,117.8,0.0002547338031757551,2026-08-11,,,,,,,,
BP,2026-08-10,42.88,43.16,0.006529850746268551,2026-08-11,,,,,,,,
BPAC,2026-08-10,10.17,10.17,0.0,2026-08-11,,,,,,,,
BPAY,2026-08-10,26.8,26.9,0.003731343283581934,2026-08-11,,,,,,,,
BPH,2026-08-10,66.2,66.77,0.008610271903323197,2026-08-11,,,,,,,,
BPI,2026-08-10,20.65,20.49,-0.0077481840193704965,2026-08-11,,,,,,,,
BPOP,2026-08-10,173.96,174.84,0.00505863416877439,2026-08-11,,,,,,,,
BPRE,2026-08-10,12.84,12.92,0.006230529595015577,2026-08-11,,,,,,,,
BPRN,2026-08-10,42.2,42.5,0.007109004739336511,2026-08-11,,,,,,,,
BPRO,2026-08-10,20.92,20.81,-0.005258126195028856,2026-08-11,,,,,,,,
BQ,2026-08-10,0.82,0.81,-0.012195121951219412,2026-08-11,,,,,,,,
BR,2026-08-10,173.4,170.73,-0.015397923875432595,2026-08-11,,,,,,,,
BRAG,2026-08-10,1.66,1.64,-0.012048192771084376,2026-08-11,,,,,,,,
BRAI,2026-08-10,5.59,5.65,0.01073345259391778,2026-08-11,,,,,,,,
BRAZ,2026-08-10,30.39,29.39,-0.03290556103981568,2026-08-11,,,,,,,,
BRBI,2026-08-10,10.18,9.59,-0.057956777996070685,2026-08-11,,,,,,,,
BRBR,2026-08-10,11.38,11.55,0.01493848857644986,2026-08-11,,,,,,,,
BRBS,2026-08-10,3.72,3.73,0.0026881720430107503,2026-08-11,,,,,,,,
BRC,2026-08-10,96.34,95.06,-0.01328627776624458,2026-08-11,,,,,,,,
BRCB,2026-08-10,7.3,6.91,-0.05342465753424652,2026-08-11,,,,,,,,
BRCC,2026-08-10,0.86,0.85,-0.011627906976744207,2026-08-11,,,,,,,,
BRCE,2026-08-10,30.32,30.27,-0.0016490765171504052,2026-08-11,,,,,,,,
BREE,2026-08-10,26.57,26.67,0.0037636432066241454,2026-08-11,,,,,,,,
BREM,2026-08-10,50.77,50.74,-0.0005909001378767709,2026-08-11,,,,,,,,
BRES,2026-08-10,27.41,27.46,0.0018241517694272957,2026-08-11,,,,,,,,
BREW,2026-08-10,26.55,26.65,0.0037664783427493465,2026-08-11,,,,,,,,
BREZ,2026-08-10,9.96,9.97,0.0010040160642570406,2026-08-11,,,,,,,,
BRF,2026-08-10,15.6,15.2,-0.02564102564102566,2026-08-11,,,,,,,,
BRFH,2026-08-10,1.72,1.69,-0.01744186046511631,2026-08-11,,,,,,,,
BRHY,2026-08-10,50.85,50.87,0.0003933136676499416,2026-08-11,,,,,,,,
BRIA,2026-08-10,1.38,1.34,-0.02898550724637672,2026-08-11,,,,,,,,
BRID,2026-08-10,6.37,6.36,-0.0015698587127158659,2026-08-11,,,,,,,,
BRIE,2026-08-10,30.87,30.91,0.0012957563977971098,2026-08-11,,,,,,,,
BRIF,2026-08-10,38.1,38.03,-0.0018372703412073976,2026-08-11,,,,,,,,
BRK-A,2026-08-10,793815.19,775000.0,-0.023702229734354097,2026-08-11,,,,,,,,
BRK-B,2026-08-10,529.42,516.38,-0.024630727966453825,2026-08-11,,,,,,,,
BRKC,2026-08-10,41.79,41.06,-0.01746829385020332,2026-08-11,,,,,,,,
BRKH,2026-08-10,9.96,9.96,0.0,2026-08-11,,,,,,,,
BRKL,2026-08-10,26.8,25.62,-0.04402985074626864,2026-08-11,,,,,,,,
BRKR,2026-08-10,56.32,57.02,0.012428977272727293,2026-08-11,,,,,,,,
BRKU,2026-08-10,25.35,24.18,-0.04615384615384621,2026-08-11,,,,,,,,
BRKW,2026-08-10,41.49,40.38,-0.026753434562545197,2026-08-11,,,,,,,,
BRLN,2026-08-10,50.74,50.59,-0.002956247536460399,2026-08-11,,,,,,,,
BRLS,2026-08-10,0.89,0.88,-0.011235955056179803,2026-08-11,,,,,,,,
BRLT,2026-08-10,1.28,1.33,0.0390625,2026-08-11,,,,,,,,
BRN,2026-08-10,0.96,0.97,0.01041666666666674,2026-08-11,,,,,,,,
BRNS,2026-08-10,0.56,0.58,0.03571428571428559,2026-08-11,,,,,,,,
BRNY,2026-08-10,58.72,58.83,0.0018732970027248719,2026-08-11,,,,,,,,
BRO,2026-08-10,71.6,71.44,-0.0022346368715083775,2026-08-11,,,,,,,,
BROL,2026-08-10,26.3,26.14,-0.006083650190114032,2026-08-11,,,,,,,,
BROS,2026-08-10,51.29,49.57,-0.03353480210567361,2026-08-11,,,,,,,,
BRR,2026-08-10,1.7,1.77,0.04117647058823537,2026-08-11,,,,,,,,
BRRR,2026-08-10,18.03,17.88,-0.008319467554076643,2026-08-11,,,,,,,,
BRSL,2026-08-10,11.0,11.25,0.022727272727272707,2026-08-11,,,,,,,,
BRSM,2026-08-10,26.12,26.23,0.004211332312404226,2026-08-11,,,,,,,,
BRSP,2026-08-10,4.9,4.95,0.010204081632652962,2026-08-11,,,,,,,,
BRSV,2026-08-10,45.1,45.13,0.00066518847006658,2026-08-11,,,,,,,,
BRT,2026-08-10,14.15,14.11,-0.002826855123674976,2026-08-11,,,,,,,,
BRTMU,2026-08-10,9.97,9.96,-0.0010030090270811698,2026-08-11,,,,,,,,
BRTR,2026-08-10,49.36,49.42,0.001215559157212276,2026-08-11,,,,,,,,
BRTX,2026-08-10,0.2,0.21,0.04999999999999982,2026-08-11,,,,,,,,
BRUN,2026-08-10,17.5,18.61,0.06342857142857139,2026-08-11,,,,,,,,
BRVE,2026-08-10,27.53,25.01,-0.09153650563022153,2026-08-11,,,,,,,,
BRW,2026-08-10,6.69,6.6,-0.013452914798206428,2026-08-11,,,,,,,,
BRX,2026-08-10,29.81,29.61,-0.006709158000670845,2026-08-11,,,,,,,,
BRZE,2026-08-10,28.75,28.22,-0.018434782608695688,2026-08-11,,,,,,,,
BRZU,2026-08-10,91.54,85.04,-0.07100720996285781,2026-08-11,,,,,,,,
BRZX,2026-08-10,23.93,22.28,-0.06895110739657329,2026-08-11,,,,,,,,
BSAA,2026-08-10,11.4,11.31,-0.007894736842105288,2026-08-11,,,,,,,,
BSAC,2026-08-10,35.48,35.03,-0.012683201803832977,2026-08-11,,,,,,,,
BSBK,2026-08-10,9.01,8.97,-0.004439511653718031,2026-08-11,,,,,,,,
BSBR,2026-08-10,5.76,5.75,-0.0017361111111110494,2026-08-11,,,,,,,,
BSCA,2026-08-10,19.74,19.75,0.0005065856129686797,2026-08-11,,,,,,,,
BSCQ,2026-08-10,19.54,19.55,0.0005117707267145999,2026-08-11,,,,,,,,
BSCR,2026-08-10,19.64,19.64,0.0,2026-08-11,,,,,,,,
BSCS,2026-08-10,20.35,20.35,0.0,2026-08-11,,,,,,,,
BSCT,2026-08-10,18.52,18.53,0.0005399568034558655,2026-08-11,,,,,,,,
BSCU,2026-08-10,16.53,16.55,0.001209921355111998,2026-08-11,,,,,,,,
BSCV,2026-08-10,16.25,16.26,0.0006153846153846843,2026-08-11,,,,,,,,
BSCW,2026-08-10,20.28,20.31,0.0014792899408282434,2026-08-11,,,,,,,,
BSCX,2026-08-10,20.76,20.77,0.00048169556840060856,2026-08-11,,,,,,,,
BSCY,2026-08-10,20.33,20.33,0.0,2026-08-11,,,,,,,,
BSCZ,2026-08-10,20.07,20.08,0.0004982561036370736,2026-08-11,,,,,,,,
BSEM,2026-08-10,3.78,3.61,-0.044973544973545,2026-08-11,,,,,,,,
BSEP,2026-08-10,53.83,53.82,-0.00018577001671926663,2026-08-11,,,,,,,,
BSET,2026-08-10,19.57,19.6,0.0015329586101175963,2026-08-11,,,,,,,,
BSGR,2026-08-10,25.05,25.05,0.0,2026-08-11,,,,,,,,
BSGT,2026-08-10,25.01,25.03,0.000799680127948843,2026-08-11,,,,,,,,
BSIN,2026-08-10,1.21,1.43,0.18181818181818188,2026-08-11,,,,,,,,
BSJQ,2026-08-10,22.9,22.91,0.0004366812227074579,2026-08-11,,,,,,,,
BSJR,2026-08-10,22.36,22.39,0.0013416815742397503,2026-08-11,,,,,,,,
BSJS,2026-08-10,21.78,21.8,0.0009182736455464191,2026-08-11,,,,,,,,
BSJT,2026-08-10,21.17,21.17,0.0,2026-08-11,,,,,,,,
BSJU,2026-08-10,25.75,25.76,0.0003883495145631244,2026-08-11,,,,,,,,
BSJV,2026-08-10,26.08,26.08,0.0,2026-08-11,,,,,,,,
BSJW,2026-08-10,25.27,25.27,0.0,2026-08-11,,,,,,,,
BSJX,2026-08-10,25.12,25.13,0.00039808917197436955,2026-08-11,,,,,,,,
BSJY,2026-08-10,24.96,24.98,0.0008012820512819374,2026-08-11,,,,,,,,
BSL,2026-08-10,13.11,13.08,-0.0022883295194507935,2026-08-11,,,,,,,,
BSM,2026-08-10,14.38,14.18,-0.013908205841446475,2026-08-11,,,,,,,,
BSMC,2026-08-10,40.49,40.71,0.005433440355643304,2026-08-11,,,,,,,,
BSMQ,2026-08-10,23.58,23.56,-0.0008481764206954567,2026-08-11,,,,,,,,
BSMR,2026-08-10,23.65,23.67,0.0008456659619451301,2026-08-11,,,,,,,,
BSMS,2026-08-10,23.42,23.44,0.0008539709649870719,2026-08-11,,,,,,,,
BSMT,2026-08-10,23.02,23.02,0.0,2026-08-11,,,,,,,,
BSMU,2026-08-10,21.78,21.76,-0.0009182736455463081,2026-08-11,,,,,,,,
BSMV,2026-08-10,20.84,20.84,0.0,2026-08-11,,,,,,,,
BSMW,2026-08-10,24.85,24.88,0.0012072434607643956,2026-08-11,,,,,,,,
BSMY,2026-08-10,24.14,24.11,-0.0012427506213753547,2026-08-11,,,,,,,,
BSMZ,2026-08-10,25.09,25.08,-0.0003985651654045963,2026-08-11,,,,,,,,
BSOL,2026-08-10,10.41,10.33,-0.007684918347742542,2026-08-11,,,,,,,,
BSP,2026-08-10,51.43,53.44,0.03908224771534119,2026-08-11,,,,,,,,
BSR,2026-08-10,30.82,30.79,-0.0009733939000649006,2026-08-11,,,,,,,,
BSRR,2026-08-10,39.83,40.48,0.016319357268390622,2026-08-11,,,,,,,,
BSSX,2026-08-10,25.49,25.49,0.0,2026-08-11,,,,,,,,
BST,2026-08-10,49.07,49.29,0.004483391073975884,2026-08-11,,,,,,,,
BSTP,2026-08-10,40.21,40.14,-0.0017408604824670215,2026-08-11,,,,,,,,
BSTS,2026-08-10,25.04,25.05,0.0003993610223642641,2026-08-11,,,,,,,,
BSTU,2026-08-10,24.98,25.0,0.0008006405124099114,2026-08-11,,,,,,,,
BSTV,2026-08-10,24.95,24.98,0.0012024048096193063,2026-08-11,,,,,,,,
BSTZ,2026-08-10,30.32,30.02,-0.009894459102902431,2026-08-11,,,,,,,,
BSV,2026-08-10,77.46,77.48,0.000258197779499314,2026-08-11,,,,,,,,
BSVN,2026-08-10,50.6,51.06,0.009090909090909038,2026-08-11,,,,,,,,
BSVO,2026-08-10,29.71,29.78,0.0023561090541905916,2026-08-11,,,,,,,,
BSX,2026-08-10,50.46,51.19,0.014466904478795062,2026-08-11,,,,,,,,
BSY,2026-08-10,35.31,36.25,0.026621353724157304,2026-08-11,,,,,,,,
BTAI,2026-08-10,0.93,0.93,0.0,2026-08-11,,,,,,,,
BTAL,2026-08-10,12.08,11.91,-0.01407284768211925,2026-08-11,,,,,,,,
BTBD,2026-08-10,1.25,1.3,0.040000000000000036,2026-08-11,,,,,,,,
BTBT,2026-08-10,1.3,1.35,0.03846153846153855,2026-08-11,,,,,,,,
BTC,2026-08-10,28.28,28.07,-0.007425742574257432,2026-08-11,,,,,,,,
BTCC,2026-08-10,13.12,13.06,-0.004573170731707266,2026-08-11,,,,,,,,
BTCI,2026-08-10,28.46,28.26,-0.007027406886858767,2026-08-11,,,,,,,,
BTCK,2026-08-10,24.42,24.92,0.020475020475020367,2026-08-11,,,,,,,,
BTCL,2026-08-10,12.28,12.07,-0.017100977198696965,2026-08-11,,,,,,,,
BTCO,2026-08-10,63.62,63.14,-0.007544797233574263,2026-08-11,,,,,,,,
BTCS,2026-08-10,1.13,1.1,-0.0265486725663715,2026-08-11,,,,,,,,
BTCT,2026-08-10,0.49,0.5,0.020408163265306145,2026-08-11,,,,,,,,
BTCU,2026-08-10,16.75,16.43,-0.01910447761194034,2026-08-11,,,,,,,,
BTCW,2026-08-10,67.54,67.06,-0.007106899615042961,2026-08-11,,,,,,,,
BTCZ,2026-08-10,5.49,5.55,0.010928961748633892,2026-08-11,,,,,,,,
BTDL,2026-08-10,10.54,10.48,-0.005692599620493288,2026-08-11,,,,,,,,
BTDR,2026-08-10,8.69,8.69,0.0,2026-08-11,,,,,,,,
BTE,2026-08-10,4.38,4.4,0.004566210045662267,2026-08-11,,,,,,,,
BTF,2026-08-10,17.27,17.12,-0.008685581933989495,2026-08-11,,,,,,,,
BTG,2026-08-10,5.06,5.07,0.001976284584980448,2026-08-11,,,,,,,,
BTGD,2026-08-10,22.55,22.24,-0.013747228381374876,2026-08-11,,,,,,,,
BTGO,2026-08-10,5.03,4.96,-0.013916500994035852,2026-08-11,,,,,,,,
BTI,2026-08-10,57.05,56.81,-0.004206836108676559,2026-08-11,,,,,,,,
BTMD,2026-08-10,1.54,1.54,0.0,2026-08-11,,,,,,,,
BTO,2026-08-10,40.39,40.84,0.011141371626640417,2026-08-11,,,,,,,,
BTOC,2026-08-10,0.28,0.3,0.0714285714285714,2026-08-11,,,,,,,,
BTOG,2026-08-10,0.84,0.86,0.023809523809523725,2026-08-11,,,,,,,,
BTOT,2026-08-10,48.8,48.84,0.0008196721311477528,2026-08-11,,,,,,,,
BTQ,2026-08-10,3.94,4.43,0.12436548223350252,2026-08-11,,,,,,,,
BTR,2026-08-10,28.37,28.39,0.0007049700387733449,2026-08-11,,,,,,,,
BTRN,2026-08-10,24.69,24.69,0.0,2026-08-11,,,,,,,,
BTSG,2026-08-10,61.45,57.89,-0.05793327908869006,2026-08-11,,,,,,,,
BTT,2026-08-10,22.62,22.58,-0.0017683465959329459,2026-08-11,,,,,,,,
BTTC,2026-08-10,0.8,0.77,-0.03749999999999998,2026-08-11,,,,,,,,
BTU,2026-08-10,24.65,24.41,-0.009736308316429909,2026-08-11,,,,,,,,
BTX,2026-08-10,8.58,8.6,0.002331002331002363,2026-08-11,,,,,,,,
BTZ,2026-08-10,10.26,10.24,-0.0019493177387913674,2026-08-11,,,,,,,,
BUCK,2026-08-10,23.36,23.41,0.0021404109589040488,2026-08-11,,,,,,,,
BUD,2026-08-10,83.09,80.61,-0.029847153688771222,2026-08-11,,,,,,,,
BUDA,2026-08-10,7.9,8.5,0.07594936708860756,2026-08-11,,,,,,,,
BUFB,2026-08-10,40.24,40.21,-0.0007455268389662262,2026-08-11,,,,,,,,
BUFC,2026-08-10,43.22,43.25,0.0006941230911614582,2026-08-11,,,,,,,,
BUFD,2026-08-10,30.25,30.22,-0.0009917355371901193,2026-08-11,,,,,,,,
BUFE,2026-08-10,21.36,21.41,0.002340823970037542,2026-08-11,,,,,,,,
BUFF,2026-08-10,53.63,53.6,-0.0005593884020138606,2026-08-11,,,,,,,,
BUFG,2026-08-10,29.95,29.88,-0.002337228714524242,2026-08-11,,,,,,,,
BUFH,2026-08-10,21.59,21.56,-0.001389532190829157,2026-08-11,,,,,,,,
BUFI,2026-08-10,43.28,43.29,0.00023105360443609335,2026-08-11,,,,,,,,
BUFM,2026-08-10,41.28,41.21,-0.0016957364341085857,2026-08-11,,,,,,,,
BUFP,2026-08-10,32.73,32.68,-0.0015276504735715069,2026-08-11,,,,,,,,
BUFQ,2026-08-10,39.51,39.49,-0.0005062009617817775,2026-08-11,,,,,,,,
BUFR,2026-08-10,37.33,37.29,-0.0010715242432359773,2026-08-11,,,,,,,,
BUFS,2026-08-10,25.3,25.33,0.0011857707509881354,2026-08-11,,,,,,,,
BUFT,2026-08-10,26.25,26.25,0.0,2026-08-11,,,,,,,,
BUFX,2026-08-10,22.49,22.48,-0.00044464206313910015,2026-08-11,,,,,,,,
BUFY,2026-08-10,23.92,23.96,0.0016722408026754731,2026-08-11,,,,,,,,
BUFZ,2026-08-10,28.4,28.4,0.0,2026-08-11,,,,,,,,
BUG,2026-08-10,43.0,42.92,-0.0018604651162790198,2026-08-11,,,,,,,,
BUI,2026-08-10,26.87,26.92,0.0018608113137328353,2026-08-11,,,,,,,,
BUL,2026-08-10,64.82,64.68,-0.002159827213822685,2026-08-11,,,,,,,,
BULD,2026-08-10,36.72,37.16,0.011982570806100101,2026-08-11,,,,,,,,
BULG,2026-08-10,38.06,41.12,0.08039936941671022,2026-08-11,,,,,,,,
BULL,2026-08-10,7.26,7.57,0.04269972451790638,2026-08-11,,,,,,,,
BULZ,2026-08-10,36.72,35.95,-0.020969498910675233,2026-08-11,,,,,,,,
BUR,2026-08-10,4.28,4.34,0.014018691588784993,2026-08-11,,,,,,,,
BURL,2026-08-10,371.5,358.83,-0.03410497981157479,2026-08-11,,,,,,,,
BUSA,2026-08-10,41.68,41.76,0.0019193857965451588,2026-08-11,,,,,,,,
BUSE,2026-08-10,30.82,31.08,0.00843608046722899,2026-08-11,,,,,,,,
BUSM,2026-08-10,17.21,17.24,0.0017431725740846282,2026-08-11,,,,,,,,
BUUU,2026-08-10,27.75,28.83,0.038918918918918965,2026-08-11,,,,,,,,
BUXX,2026-08-10,20.22,20.22,0.0,2026-08-11,,,,,,,,
BUYB,2026-08-10,43.88,43.94,0.0013673655423882547,2026-08-11,,,,,,,,
BUYO,2026-08-10,33.92,34.02,0.002948113207547287,2026-08-11,,,,,,,,
BUYW,2026-08-10,14.57,14.6,0.0020590253946464188,2026-08-11,,,,,,,,
BUYZ,2026-08-10,36.9,36.76,-0.003794037940379469,2026-08-11,,,,,,,,
BUZZ,2026-08-10,35.52,35.63,0.003096846846846857,2026-08-11,,,,,,,,
BV,2026-08-10,11.28,11.3,0.0017730496453902678,2026-08-11,,,,,,,,
BVAL,2026-08-10,32.21,32.23,0.0006209251785158632,2026-08-11,,,,,,,,
BVC,2026-08-10,12.83,14.08,0.09742790335151996,2026-08-11,,,,,,,,
BVFL,2026-08-10,21.09,21.3,0.009957325746799528,2026-08-11,,,,,,,,
BVN,2026-08-10,34.58,34.8,0.0063620589936379535,2026-08-11,,,,,,,,
BVS,2026-08-10,13.96,13.85,-0.007879656160458492,2026-08-11,,,,,,,,
BW,2026-08-10,8.88,9.19,0.03490990990990972,2026-08-11,,,,,,,,
BWA,2026-08-10,69.28,69.68,0.005773672055427337,2026-08-11,,,,,,,,
BWAY,2026-08-10,15.32,14.98,-0.022193211488250597,2026-08-11,,,,,,,,
BWB,2026-08-10,21.46,21.71,0.011649580615097799,2026-08-11,,,,,,,,
BWEN,2026-08-10,4.46,5.34,0.19730941704035865,2026-08-11,,,,,,,,
BWET,2026-08-10,312.22,338.83,0.08522836461469452,2026-08-11,,,,,,,,
BWFG,2026-08-10,66.83,67.99,0.017357474188238742,2026-08-11,,,,,,,,
BWG,2026-08-10,7.78,7.79,0.0012853470437017567,2026-08-11,,,,,,,,
BWIN,2026-08-10,28.85,29.76,0.03154246100519931,2026-08-11,,,,,,,,
BWIV,2026-08-10,9.92,9.92,0.0,2026-08-11,,,,,,,,
BWLP,2026-08-10,21.59,21.28,-0.014358499305233807,2026-08-11,,,,,,,,
BWMN,2026-08-10,42.42,42.37,-0.001178689297501312,2026-08-11,,,,,,,,
BWMX,2026-08-10,16.13,16.3,0.010539367637941721,2026-08-11,,,,,,,,
BWOW,2026-08-10,11.45,11.64,0.01659388646288229,2026-08-11,,,,,,,,
BWQG,2026-08-10,25.66,25.76,0.0038971161340608518,2026-08-11,,,,,,,,
BWTG,2026-08-10,42.76,42.55,-0.004911131898970966,2026-08-11,,,,,,,,
BWX,2026-08-10,21.79,21.83,0.0018357044515833199,2026-08-11,,,,,,,,
BWXT,2026-08-10,168.88,169.71,0.004914732354334594,2026-08-11,,,,,,,,
BWZ,2026-08-10,27.17,27.15,-0.0007361059992639918,2026-08-11,,,,,,,,
BX,2026-08-10,141.66,147.17,0.038895948044613826,2026-08-11,,,,,,,,
BXBL,2026-08-10,4.79,4.71,-0.01670146137787054,2026-08-11,,,,,,,,
BXC,2026-08-10,91.41,89.88,-0.01673777486051853,2026-08-11,,,,,,,,
BXDC,2026-08-10,19.88,20.05,0.00855130784708269,2026-08-11,,,,,,,,
BXMT,2026-08-10,14.17,14.64,0.03316866619618919,2026-08-11,,,,,,,,
BXP,2026-08-10,67.9,67.49,-0.006038291605302115,2026-08-11,,,,,,,,
BXSL,2026-08-10,24.31,24.42,0.00452488687782826,2026-08-11,,,,,,,,
BY,2026-08-10,38.45,38.78,0.00858257477243174,2026-08-11,,,,,,,,
BYAH,2026-08-10,3.45,3.55,0.02898550724637672,2026-08-11,,,,,,,,
BYD,2026-08-10,81.46,82.37,0.011171126933464448,2026-08-11,,,,,,,,
BYFC,2026-08-10,11.25,11.32,0.006222222222222351,2026-08-11,,,,,,,,
BYLD,2026-08-10,22.28,22.27,-0.0004488330341113622,2026-08-11,,,,,,,,
BYND,2026-08-10,0.52,0.42,-0.1923076923076924,2026-08-11,,,,,,,,
BYRE,2026-08-10,27.32,27.1,-0.008052708638360162,2026-08-11,,,,,,,,
BYRN,2026-08-10,4.85,4.68,-0.035051546391752564,2026-08-11,,,,,,,,
BYSI,2026-08-10,0.79,0.79,0.0,2026-08-11,,,,,,,,
BZ,2026-08-10,17.46,16.75,-0.040664375715922185,2026-08-11,,,,,,,,
BZAI,2026-08-10,1.03,1.09,0.058252427184465994,2026-08-11,,,,,,,,
BZFD,2026-08-10,1.13,1.12,-0.008849557522123686,2026-08-11,,,,,,,,
BZH,2026-08-10,33.06,33.17,0.0033272837265576616,2026-08-11,,,,,,,,
BZQ,2026-08-10,22.01,23.59,0.07178555202180825,2026-08-11,,,,,,,,
BZUN,2026-08-10,2.93,2.91,-0.0068259385665528916,2026-08-11,,,,,,,,
BZZ,2026-08-10,26.85,27.17,0.011918063314711347,2026-08-11,,,,,,,,
C,2026-08-10,135.22,135.77,0.004067445644135637,2026-08-11,,,,,,,,
CAAA,2026-08-10,20.18,20.18,0.0,2026-08-11,,,,,,,,
CAAP,2026-08-10,24.99,24.69,-0.012004801920768249,2026-08-11,,,,,,,,
CAAS,2026-08-10,4.64,4.59,-0.010775862068965525,2026-08-11,,,,,,,,
CABA,2026-08-10,2.8,2.79,-0.0035714285714284477,2026-08-11,,,,,,,,
CABO,2026-08-10,35.74,33.89,-0.051762730833799675,2026-08-11,,,,,,,,
CABR,2026-08-10,1.44,1.47,0.02083333333333326,2026-08-11,,,,,,,,
CABZ,2026-08-10,23.06,23.08,0.0008673026886383273,2026-08-11,,,,,,,,
CAC,2026-08-10,57.38,58.09,0.012373649355176042,2026-08-11,,,,,,,,
CACC,2026-08-10,581.25,572.21,-0.015552688172042917,2026-08-11,,,,,,,,
CACI,2026-08-10,648.24,667.57,0.029819202764408415,2026-08-11,,,,,,,,
CADL,2026-08-10,10.5,10.65,0.014285714285714235,2026-08-11,,,,,,,,
CAE,2026-08-10,26.86,27.17,0.011541325390916013,2026-08-11,,,,,,,,
CAES,2026-08-10,10.09,10.07,-0.001982160555004886,2026-08-11,,,,,,,,
CAF,2026-08-10,19.51,19.36,-0.0076883649410559585,2026-08-11,,,,,,,,
CAFG,2026-08-10,34.26,33.98,-0.008172796263864579,2026-08-11,,,,,,,,
CAFX,2026-08-10,24.47,24.49,0.000817327339599494,2026-08-11,,,,,,,,
CAG,2026-08-10,14.77,14.93,0.01083276912660791,2026-08-11,,,,,,,,
CAGE,2026-08-10,29.23,29.2,-0.0010263427984947837,2026-08-11,,,,,,,,
CAH,2026-08-10,237.18,240.26,0.012985917868285624,2026-08-11,,,,,,,,
CAI,2026-08-10,23.4,23.14,-0.011111111111111072,2026-08-11,,,,,,,,
CAIE,2026-08-10,27.3,27.24,-0.002197802197802301,2026-08-11,,,,,,,,
CAII,2026-08-10,9.95,9.95,0.0,2026-08-11,,,,,,,,
CAIQ,2026-08-10,25.92,25.83,-0.003472222222222321,2026-08-11,,,,,,,,
CAKE,2026-08-10,111.19,113.06,0.016818059177983624,2026-08-11,,,,,,,,
CAL,2026-08-10,14.47,14.15,-0.022114720110573582,2026-08-11,,,,,,,,
CALC,2026-08-10,0.66,0.66,0.0,2026-08-11,,,,,,,,
CALF,2026-08-10,56.6,56.44,-0.002826855123674976,2026-08-11,,,,,,,,
CALI,2026-08-10,50.37,50.38,0.00019853087155063953,2026-08-11,,,,,,,,
CALM,2026-08-10,81.98,82.56,0.007074896316174639,2026-08-11,,,,,,,,
CALX,2026-08-10,38.17,39.62,0.03798794865077282,2026-08-11,,,,,,,,
CALY,2026-08-10,17.05,16.86,-0.011143695014662836,2026-08-11,,,,,,,,
CAM,2026-08-10,24.87,24.91,0.001608363490148701,2026-08-11,,,,,,,,
CAMC,2026-08-10,20.11,21.17,0.05271009448035824,2026-08-11,,,,,,,,
CAML,2026-08-10,41.46,41.46,0.0,2026-08-11,,,,,,,,
CAMP,2026-08-10,4.22,4.17,-0.011848341232227444,2026-08-11,,,,,,,,
CAMT,2026-08-10,158.1,164.41,0.039911448450348,2026-08-11,,,,,,,,
CAMX,2026-08-10,35.96,35.86,-0.002780867630700845,2026-08-11,,,,,,,,
CAN,2026-08-10,0.2,0.2,0.0,2026-08-11,,,,,,,,
CANC,2026-08-10,43.13,43.05,-0.001854857407836863,2026-08-11,,,,,,,,
CANE,2026-08-10,10.7,10.83,0.01214953271028052,2026-08-11,,,,,,,,
CANF,2026-08-10,3.21,3.31,0.031152647975077885,2026-08-11,,,,,,,,
CANG,2026-08-10,1.65,1.72,0.042424242424242475,2026-08-11,,,,,,,,
CANQ,2026-08-10,30.48,30.38,-0.0032808398950131545,2026-08-11,,,,,,,,
CAOS,2026-08-10,90.46,90.39,-0.0007738226840591222,2026-08-11,,,,,,,,
CAPE,2026-08-10,32.84,33.19,0.010657734470158164,2026-08-11,,,,,,,,
CAPL,2026-08-10,22.6,22.44,-0.0070796460176991705,2026-08-11,,,,,,,,
CAPN,2026-08-10,11.18,11.13,-0.004472271914132242,2026-08-11,,,,,,,,
CAPR,2026-08-10,3.85,3.93,0.020779220779220786,2026-08-11,,,,,,,,
CAPS,2026-08-10,0.29,0.32,0.10344827586206917,2026-08-11,,,,,,,,
CAQ,2026-08-10,9.99,9.97,-0.002002002002001957,2026-08-11,,,,,,,,
CAR,2026-08-10,138.61,140.66,0.014789697713007532,2026-08-11,,,,,,,,
CARD,2026-08-10,2.25,2.28,0.013333333333333197,2026-08-11,,,,,,,,
CARE,2026-08-10,31.72,32.01,0.00914249684741475,2026-08-11,,,,,,,,
CARG,2026-08-10,37.59,36.18,-0.0375099760574622,2026-08-11,,,,,,,,
CARK,2026-08-10,48.68,48.63,-0.00102711585866877,2026-08-11,,,,,,,,
CARL,2026-08-10,13.73,13.73,0.0,2026-08-11,,,,,,,,
CARR,2026-08-10,63.44,63.62,0.0028373266078183246,2026-08-11,,,,,,,,
CARS,2026-08-10,12.19,11.86,-0.027071369975389725,2026-08-11,,,,,,,,
CART,2026-08-10,50.56,49.39,-0.02314082278481011,2026-08-11,,,,,,,,
CARU,2026-08-10,24.53,24.24,-0.011822258459029844,2026-08-11,,,,,,,,
CARX,2026-08-10,28.71,27.4,-0.0456287008011147,2026-08-11,,,,,,,,
CARY,2026-08-10,20.67,20.68,0.0004837929366230398,2026-08-11,,,,,,,,
CARZ,2026-08-10,107.11,106.97,-0.0013070675007001986,2026-08-11,,,,,,,,
CAS,2026-08-10,26.69,26.4,-0.01086549269389292,2026-08-11,,,,,,,,
CASH,2026-08-10,87.04,87.48,0.005055147058823595,2026-08-11,,,,,,,,
CASS,2026-08-10,57.29,57.49,0.0034910106475825042,2026-08-11,,,,,,,,
CAST,2026-08-10,1.23,1.35,0.09756097560975618,2026-08-11,,,,,,,,
CASY,2026-08-10,854.46,829.91,-0.028731596563911777,2026-08-11,,,,,,,,
CAT,2026-08-10,837.58,843.37,0.006912772511282528,2026-08-11,,,,,,,,
CATF,2026-08-10,49.54,49.58,0.0008074283407346616,2026-08-11,,,,,,,,
CATG,2026-08-10,11.24,11.4,0.014234875444839812,2026-08-11,,,,,,,,
CATH,2026-08-10,92.03,91.85,-0.0019558839508856396,2026-08-11,,,,,,,,
CATLU,2026-08-10,9.98,9.98,0.0,2026-08-11,,,,,,,,
CATO,2026-08-10,3.32,3.27,-0.015060240963855387,2026-08-11,,,,,,,,
CATX,2026-08-10,3.0,3.18,0.06000000000000005,2026-08-11,,,,,,,,
CATY,2026-08-10,63.37,63.7,0.0052075114407448275,2026-08-11,,,,,,,,
CAUG,2026-08-10,25.27,25.28,0.0003957261574991655,2026-08-11,,,,,,,,
CAVA,2026-08-10,61.58,60.81,-0.012504059759662178,2026-08-11,,,,,,,,
CB,2026-08-10,348.3,347.07,-0.003531438415159349,2026-08-11,,,,,,,,
CBAN,2026-08-10,21.92,22.06,0.006386861313868453,2026-08-11,,,,,,,,
CBAT,2026-08-10,0.77,0.78,0.012987012987013102,2026-08-11,,,,,,,,
CBC,2026-08-10,33.04,32.99,-0.0015133171912832255,2026-08-11,,,,,,,,
CBFV,2026-08-10,37.37,38.02,0.017393631255017583,2026-08-11,,,,,,,,
CBIL,2026-08-10,25.05,25.07,0.0007984031936127955,2026-08-11,,,,,,,,
CBIO,2026-08-10,17.33,16.69,-0.03693017888055383,2026-08-11,,,,,,,,
CBK,2026-08-10,34.7,34.67,-0.0008645533141210526,2026-08-11,,,,,,,,
CBL,2026-08-10,55.7,56.91,0.021723518850987222,2026-08-11,,,,,,,,
CBLL,2026-08-10,19.3,21.31,0.10414507772020709,2026-08-11,,,,,,,,
CBLS,2026-08-10,30.74,30.61,-0.0042290175666883645,2026-08-11,,,,,,,,
CBNA,2026-08-10,47.92,48.22,0.006260434056761133,2026-08-11,,,,,,,,
CBNK,2026-08-10,37.31,37.67,0.00964888769766814,2026-08-11,,,,,,,,
CBOA,2026-08-10,24.26,24.22,-0.0016488046166530657,2026-08-11,,,,,,,,
CBOE,2026-08-10,285.02,282.73,-0.00803452389306003,2026-08-11,,,,,,,,
CBOJ,2026-08-10,23.69,23.68,-0.00042211903756861346,2026-08-11,,,,,,,,
CBOL,2026-08-10,23.49,23.45,-0.001702852277564837,2026-08-11,,,,,,,,
CBON,2026-08-10,23.98,23.94,-0.0016680567139282232,2026-08-11,,,,,,,,
CBOO,2026-08-10,24.56,24.56,0.0,2026-08-11,,,,,,,,
CBOT,2026-08-10,25.71,25.86,0.005834305717619559,2026-08-11,,,,,,,,
CBOX,2026-08-10,101.28,101.33,0.000493680884676051,2026-08-11,,,,,,,,
CBOY,2026-08-10,24.53,24.53,0.0,2026-08-11,,,,,,,,
CBRE,2026-08-10,143.94,147.46,0.02445463387522584,2026-08-11,,,,,,,,
CBRG,2026-08-10,5.26,5.46,0.03802281368821303,2026-08-11,,,,,,,,
CBRL,2026-08-10,56.1,56.03,-0.0012477718360071055,2026-08-11,,,,,,,,
CBRS,2026-08-10,230.01,234.76,0.020651276031476984,2026-08-11,,,,,,,,
CBRX,2026-08-10,15.6,16.11,0.032692307692307576,2026-08-11,,,,,,,,
CBRZ,2026-08-10,9.13,8.77,-0.03943044906900339,2026-08-11,,,,,,,,
CBSE,2026-08-10,47.69,47.75,0.0012581253931642777,2026-08-11,,,,,,,,
CBSH,2026-08-10,58.65,59.02,0.00630861040068198,2026-08-11,,,,,,,,
CBT,2026-08-10,86.45,86.98,0.006130711393869337,2026-08-11,,,,,,,,
CBTA,2026-08-10,20.97,20.87,-0.004768717215068996,2026-08-11,,,,,,,,
CBTJ,2026-08-10,17.63,17.59,-0.0022688598979012653,2026-08-11,,,,,,,,
CBTL,2026-08-10,17.68,17.62,-0.0033936651583709176,2026-08-11,,,,,,,,
CBTO,2026-08-10,19.77,19.77,0.0,2026-08-11,,,,,,,,
CBTY,2026-08-10,19.74,19.7,-0.0020263424518742745,2026-08-11,,,,,,,,
CBU,2026-08-10,64.03,64.88,0.01327502733093855,2026-08-11,,,,,,,,
CBUS,2026-08-10,1.91,1.9,-0.005235602094240788,2026-08-11,,,,,,,,
CBXA,2026-08-10,21.43,21.38,-0.002333177788147456,2026-08-11,,,,,,,,
CBXJ,2026-08-10,20.0,19.94,-0.0029999999999998916,2026-08-11,,,,,,,,
CBXL,2026-08-10,19.94,19.9,-0.0020060180541626726,2026-08-11,,,,,,,,
CBXO,2026-08-10,22.11,22.13,0.0009045680687471691,2026-08-11,,,,,,,,
CBXY,2026-08-10,22.15,22.13,-0.0009029345372459918,2026-08-11,,,,,,,,
CBZ,2026-08-10,54.43,54.6,0.0031232776042624533,2026-08-11,,,,,,,,
CC,2026-08-10,14.59,14.8,0.014393420150788261,2026-08-11,,,,,,,,
CCAP,2026-08-10,11.68,11.44,-0.020547945205479423,2026-08-11,,,,,,,,
CCAQ,2026-08-10,10.49,10.51,0.0019065776930409228,2026-08-11,,,,,,,,
CCB,2026-08-10,48.61,51.86,0.06685867105533849,2026-08-11,,,,,,,,
CCBG,2026-08-10,51.5,51.9,0.007766990291262044,2026-08-11,,,,,,,,
CCC,2026-08-10,6.97,6.87,-0.014347202295552308,2026-08-11,,,,,,,,
CCCC,2026-08-10,3.62,3.87,0.06906077348066297,2026-08-11,,,,,,,,
CCCT,2026-08-10,9.84,9.85,0.00101626016260159,2026-08-11,,,,,,,,
CCD,2026-08-10,25.93,26.07,0.005399151561897408,2026-08-11,,,,,,,,
CCEC,2026-08-10,22.19,22.37,0.008111762054979765,2026-08-11,,,,,,,,
CCEF,2026-08-10,29.8,29.88,0.0026845637583892135,2026-08-11,,,,,,,,
CCEL,2026-08-10,3.51,3.51,0.0,2026-08-11,,,,,,,,
CCEP,2026-08-10,106.03,106.51,0.00452702065453181,2026-08-11,,,,,,,,
CCFE,2026-08-10,27.86,27.58,-0.01005025125628145,2026-08-11,,,,,,,,
CCG,2026-08-10,13.4,13.93,0.03955223880597014,2026-08-11,,,,,,,,
CCHH,2026-08-10,1.31,1.3,-0.007633587786259555,2026-08-11,,,,,,,,
CCI,2026-08-10,73.61,73.64,0.0004075533215595062,2026-08-11,,,,,,,,
CCIF,2026-08-10,2.75,2.81,0.021818181818181737,2026-08-11,,,,,,,,
CCII,2026-08-10,10.32,10.32,0.0,2026-08-11,,,,,,,,
CCJ,2026-08-10,97.31,98.73,0.014592539307368257,2026-08-11,,,,,,,,
CCK,2026-08-10,120.31,120.01,-0.002493558307705035,2026-08-11,,,,,,,,
CCL,2026-08-10,27.75,27.73,-0.0007207207207207134,2026-08-11,,,,,,,,
CCLD,2026-08-10,2.41,2.44,0.012448132780082943,2026-08-11,,,,,,,,
CCM,2026-08-10,4.34,5.18,0.19354838709677424,2026-08-11,,,,,,,,
CCNE,2026-08-10,34.28,34.53,0.007292882147024393,2026-08-11,,,,,,,,
CCNR,2026-08-10,40.46,40.35,-0.002718734552644597,2026-08-11,,,,,,,,
CCO,2026-08-10,2.41,2.41,0.0,2026-08-11,,,,,,,,
CCOI,2026-08-10,10.3,10.82,0.05048543689320373,2026-08-11,,,,,,,,
CCOM,2026-08-10,23.61,23.52,-0.003811944091486663,2026-08-11,,,,,,,,
CCOR,2026-08-10,26.62,26.54,-0.003005259203606392,2026-08-11,,,,,,,,
CCPX,2026-08-10,24.92,23.8,-0.0449438202247191,2026-08-11,,,,,,,,
CCRP,2026-08-10,19.34,19.34,0.0,2026-08-11,,,,,,,,
CCS,2026-08-10,68.89,70.85,0.028451154013644953,2026-08-11,,,,,,,,
CCSB,2026-08-10,19.83,19.84,0.0005042864346949116,2026-08-11,,,,,,,,
CCSI,2026-08-10,36.98,36.95,-0.0008112493239587071,2026-08-11,,,,,,,,
CCSO,2026-08-10,27.48,27.68,0.00727802037845704,2026-08-11,,,,,,,,
CCTG,2026-08-10,0.77,0.76,-0.012987012987012991,2026-08-11,,,,,,,,
CCU,2026-08-10,12.12,12.0,-0.009900990099009799,2026-08-11,,,,,,,,
CCUP,2026-08-10,1.59,1.77,0.1132075471698113,2026-08-11,,,,,,,,
CCXI,2026-08-10,16.1,16.37,0.016770186335403725,2026-08-11,,,,,,,,
CD,2026-08-10,2.86,3.07,0.07342657342657333,2026-08-11,,,,,,,,
CDC,2026-08-10,76.39,76.71,0.0041890299777456175,2026-08-11,,,,,,,,
CDE,2026-08-10,18.15,18.58,0.02369146005509637,2026-08-11,,,,,,,,
CDEI,2026-08-10,94.42,94.0,-0.0044482101249735395,2026-08-11,,,,,,,,
CDIG,2026-08-10,26.56,26.75,0.00715361445783147,2026-08-11,,,,,,,,
CDIO,2026-08-10,1.71,1.83,0.07017543859649122,2026-08-11,,,,,,,,
CDL,2026-08-10,79.7,80.03,0.004140526976160519,2026-08-11,,,,,,,,
CDLR,2026-08-10,23.81,23.21,-0.025199496010079758,2026-08-11,,,,,,,,
CDLX,2026-08-10,3.8,3.81,0.0026315789473685403,2026-08-11,,,,,,,,
CDNA,2026-08-10,47.07,47.23,0.0033991926917356086,2026-08-11,,,,,,,,
CDNG,2026-08-10,10.44,10.17,-0.025862068965517238,2026-08-11,,,,,,,,
CDNL,2026-08-10,60.0,38.27,-0.36216666666666664,2026-08-11,,,,,,,,
CDNS,2026-08-10,331.91,327.53,-0.013196348407701008,2026-08-11,,,,,,,,
CDP,2026-08-10,36.47,36.39,-0.002193583767480023,2026-08-11,,,,,,,,
CDPI,2026-08-10,20.18,20.22,0.001982160555004997,2026-08-11,,,,,,,,
CDRE,2026-08-10,32.76,34.04,0.039072039072039155,2026-08-11,,,,,,,,
CDRO,2026-08-10,8.85,8.92,0.00790960451977396,2026-08-11,,,,,,,,
CDT,2026-08-10,3.11,2.96,-0.048231511254019255,2026-08-11,,,,,,,,
CDTG,2026-08-10,1.26,1.27,0.007936507936507908,2026-08-11,,,,,,,,
CDW,2026-08-10,136.43,135.37,-0.007769552151286385,2026-08-11,,,,,,,,
CDX,2026-08-10,20.78,20.78,0.0,2026-08-11,,,,,,,,
CDXS,2026-08-10,1.5,1.48,-0.013333333333333308,2026-08-11,,,,,,,,
CDZI,2026-08-10,3.32,3.55,0.06927710843373491,2026-08-11,,,,,,,,
CE,2026-08-10,44.46,44.84,0.008547008547008517,2026-08-11,,,,,,,,
CECO,2026-08-10,70.38,73.97,0.05100880932082985,2026-08-11,,,,,,,,
CEE,2026-08-10,21.05,21.25,0.009501187648456089,2026-08-11,,,,,,,,
CEF,2026-08-10,44.88,44.56,-0.007130124777183555,2026-08-11,,,,,,,,
CEFA,2026-08-10,41.5,41.58,0.001927710843373509,2026-08-11,,,,,,,,
CEFD,2026-08-10,19.19,19.31,0.006253256904637627,2026-08-11,,,,,,,,
CEFS,2026-08-10,25.4,25.31,-0.0035433070866142113,2026-08-11,,,,,,,,
CEFZ,2026-08-10,8.32,8.33,0.0012019230769231282,2026-08-11,,,,,,,,
CEG,2026-08-10,270.43,278.36,0.029323669711200706,2026-08-11,,,,,,,,
CEGX,2026-08-10,13.46,14.26,0.059435364041604766,2026-08-11,,,,,,,,
CELC,2026-08-10,90.79,88.11,-0.029518669456988778,2026-08-11,,,,,,,,
CELH,2026-08-10,27.21,28.09,0.03234105108416019,2026-08-11,,,,,,,,
CELU,2026-08-10,0.69,0.7,0.01449275362318847,2026-08-11,,,,,,,,
CELZ,2026-08-10,1.2,1.24,0.03333333333333344,2026-08-11,,,,,,,,
CEMB,2026-08-10,45.22,45.22,0.0,2026-08-11,,,,,,,,
CENN,2026-08-10,3.34,3.43,0.026946107784431295,2026-08-11,,,,,,,,
CENT,2026-08-10,43.9,44.14,0.0054669703872438635,2026-08-11,,,,,,,,
CENTA,2026-08-10,38.19,38.41,0.005760670332547679,2026-08-11,,,,,,,,
CENX,2026-08-10,51.88,52.29,0.007902852737085464,2026-08-11,,,,,,,,
CEPF,2026-08-10,10.41,10.36,-0.004803073967339144,2026-08-11,,,,,,,,
CEPI,2026-08-10,30.92,31.12,0.0064683053040104355,2026-08-11,,,,,,,,
CEPL,2026-08-10,7.34,7.6,0.03542234332425065,2026-08-11,,,,,,,,
CEPO,2026-08-10,10.68,10.68,0.0,2026-08-11,,,,,,,,
CEPS,2026-08-10,10.4,10.4,0.0,2026-08-11,,,,,,,,
CEPU,2026-08-10,13.79,13.31,-0.03480783176214641,2026-08-11,,,,,,,,
CEPV,2026-08-10,10.4,10.38,-0.0019230769230769162,2026-08-11,,,,,,,,
CERS,2026-08-10,2.52,2.57,0.01984126984126977,2026-08-11,,,,,,,,
CERT,2026-08-10,8.07,8.13,0.0074349442379182396,2026-08-11,,,,,,,,
CERY,2026-08-10,36.94,37.02,0.0021656740660531693,2026-08-11,,,,,,,,
CET,2026-08-10,55.33,55.09,-0.004337610699439609,2026-08-11,,,,,,,,
CETX,2026-08-10,2.97,3.05,0.026936026936026813,2026-08-11,,,,,,,,
CETY,2026-08-10,0.91,1.0,0.09890109890109877,2026-08-11,,,,,,,,
CEV,2026-08-10,10.41,10.6,0.018251681075888593,2026-08-11,,,,,,,,
CEVA,2026-08-10,31.92,30.83,-0.034147869674185594,2026-08-11,,,,,,,,
CEW,2026-08-10,19.84,19.85,0.0005040322580645018,2026-08-11,,,,,,,,
CF,2026-08-10,121.48,117.8,-0.030293052354297023,2026-08-11,,,,,,,,
CFA,2026-08-10,101.94,102.17,0.0022562291544045987,2026-08-11,,,,,,,,
CFBK,2026-08-10,35.27,35.56,0.008222285228239201,2026-08-11,,,,,,,,
CFFI,2026-08-10,85.26,85.55,0.00340136054421758,2026-08-11,,,,,,,,
CFFN,2026-08-10,8.77,8.81,0.004561003420752607,2026-08-11,,,,,,,,
CFG,2026-08-10,72.67,72.99,0.0044034677308379955,2026-08-11,,,,,,,,
CFIT,2026-08-10,25.86,25.86,0.0,2026-08-11,,,,,,,,
CFND,2026-08-10,2.84,2.85,0.0035211267605634866,2026-08-11,,,,,,,,
CFO,2026-08-10,82.61,82.79,0.002178912964532209,2026-08-11,,,,,,,,
CFR,2026-08-10,165.65,166.01,0.0021732568668879626,2026-08-11,,,,,,,,
CG,2026-08-10,47.8,48.36,0.011715481171548081,2026-08-11,,,,,,,,
CGAU,2026-08-10,21.33,21.68,0.016408813877168305,2026-08-11,,,,,,,,
CGBD,2026-08-10,11.14,11.17,0.002692998204667729,2026-08-11,,,,,,,,
CGBL,2026-08-10,38.31,38.34,0.000783085356303781,2026-08-11,,,,,,,,
CGC,2026-08-10,0.95,1.0,0.05263157894736836,2026-08-11,,,,,,,,
CGCB,2026-08-10,25.81,25.85,0.0015497869043008539,2026-08-11,,,,,,,,
CGCFU,2026-08-10,9.97,10.02,0.005015045135406071,2026-08-11,,,,,,,,
CGCP,2026-08-10,21.98,21.98,0.0,2026-08-11,,,,,,,,
CGCV,2026-08-10,33.81,33.76,-0.0014788524105295853,2026-08-11,,,,,,,,
CGDG,2026-08-10,38.83,38.8,-0.0007725985063096186,2026-08-11,,,,,,,,
CGDV,2026-08-10,51.21,51.13,-0.0015621948838117072,2026-08-11,,,,,,,,
CGEM,2026-08-10,18.28,19.63,0.07385120350109387,2026-08-11,,,,,,,,
CGEN,2026-08-10,2.34,2.4,0.025641025641025772,2026-08-11,,,,,,,,
CGGE,2026-08-10,35.74,35.68,-0.0016787912702854735,2026-08-11,,,,,,,,
CGGG,2026-08-10,29.04,28.92,-0.004132231404958553,2026-08-11,,,,,,,,
CGGO,2026-08-10,40.5,40.52,0.0004938271604939537,2026-08-11,,,,,,,,
CGGR,2026-08-10,47.01,46.94,-0.0014890448840672033,2026-08-11,,,,,,,,
CGHM,2026-08-10,25.5,25.51,0.00039215686274518546,2026-08-11,,,,,,,,
CGHY,2026-08-10,25.21,25.24,0.0011900039666798978,2026-08-11,,,,,,,,
CGIB,2026-08-10,25.36,25.37,0.00039432176656162277,2026-08-11,,,,,,,,
CGIC,2026-08-10,36.72,36.74,0.0005446623093683378,2026-08-11,,,,,,,,
CGIE,2026-08-10,38.11,38.13,0.0005247966413015615,2026-08-11,,,,,,,,
CGMM,2026-08-10,33.04,33.17,0.0039346246973366306,2026-08-11,,,,,,,,
CGMS,2026-08-10,27.09,27.12,0.001107419712070845,2026-08-11,,,,,,,,
CGMU,2026-08-10,27.13,27.16,0.0011057869517139274,2026-08-11,,,,,,,,
CGNG,2026-08-10,36.47,36.41,-0.0016451878256101837,2026-08-11,,,,,,,,
CGNT,2026-08-10,9.33,9.37,0.004287245444801524,2026-08-11,,,,,,,,
CGNX,2026-08-10,64.36,62.9,-0.02268489745183344,2026-08-11,,,,,,,,
CGO,2026-08-10,13.2,13.19,-0.0007575757575757347,2026-08-11,,,,,,,,
CGON,2026-08-10,76.56,77.03,0.00613897596656221,2026-08-11,,,,,,,,
CGOV,2026-08-10,25.08,25.06,-0.0007974481658692412,2026-08-11,,,,,,,,
CGRO,2026-08-10,23.37,22.9,-0.020111253744116486,2026-08-11,,,,,,,,
CGSD,2026-08-10,25.67,25.67,0.0,2026-08-11,,,,,,,,
CGSM,2026-08-10,26.3,26.3,0.0,2026-08-11,,,,,,,,
CGTL,2026-08-10,3.85,3.89,0.010389610389610393,2026-08-11,,,,,,,,
CGTX,2026-08-10,1.05,1.02,-0.02857142857142858,2026-08-11,,,,,,,,
CGUI,2026-08-10,25.31,25.32,0.00039510075069149053,2026-08-11,,,,,,,,
CGUS,2026-08-10,46.25,46.11,-0.0030270270270270627,2026-08-11,,,,,,,,
CGV,2026-08-10,16.02,16.04,0.0012484394506866447,2026-08-11,,,,,,,,
CGVV,2026-08-10,32.51,32.53,0.0006151953245157049,2026-08-11,,,,,,,,
CGW,2026-08-10,65.98,66.09,0.0016671718702636618,2026-08-11,,,,,,,,
CGXU,2026-08-10,34.72,34.85,0.003744239631336521,2026-08-11,,,,,,,,
CHA,2026-08-10,10.21,10.24,0.002938295788442735,2026-08-11,,,,,,,,
CHAI,2026-08-10,0.33,0.32,-0.030303030303030276,2026-08-11,,,,,,,,
CHAR,2026-08-10,10.92,10.92,0.0,2026-08-11,,,,,,,,
CHAT,2026-08-10,87.88,88.32,0.005006827492034516,2026-08-11,,,,,,,,
CHAU,2026-08-10,22.48,22.12,-0.016014234875444844,2026-08-11,,,,,,,,
CHCI,2026-08-10,15.02,14.87,-0.00998668442077233,2026-08-11,,,,,,,,
CHCO,2026-08-10,145.0,146.33,0.009172413793103518,2026-08-11,,,,,,,,
CHCT,2026-08-10,15.12,15.07,-0.003306878306878258,2026-08-11,,,,,,,,
CHD,2026-08-10,103.3,102.78,-0.005033881897386183,2026-08-11,,,,,,,,
CHDG,2026-08-10,25.29,25.27,-0.0007908264136021748,2026-08-11,,,,,,,,
CHDN,2026-08-10,86.37,88.62,0.026050712052796188,2026-08-11,,,,,,,,
CHE,2026-08-10,549.48,537.14,-0.02245759627283983,2026-08-11,,,,,,,,
CHEC,2026-08-10,10.23,10.23,0.0,2026-08-11,,,,,,,,
CHEF,2026-08-10,108.83,109.31,0.004410548561977423,2026-08-11,,,,,,,,
CHGA,2026-08-10,0.22,0.22,0.0,2026-08-11,,,,,,,,
CHGG,2026-08-10,0.85,0.84,-0.0117647058823529,2026-08-11,,,,,,,,
CHGX,2026-08-10,33.66,33.68,0.0005941770647654998,2026-08-11,,,,,,,,
CHH,2026-08-10,102.75,102.63,-0.0011678832116788218,2026-08-11,,,,,,,,
CHI,2026-08-10,13.13,13.14,0.0007616146230007281,2026-08-11,,,,,,,,
CHIQ,2026-08-10,18.55,18.21,-0.01832884097035037,2026-08-11,,,,,,,,
CHKP,2026-08-10,131.14,129.12,-0.015403385694677252,2026-08-11,,,,,,,,
CHMG,2026-08-10,81.24,82.18,0.011570654849827777,2026-08-11,,,,,,,,
CHMI,2026-08-10,2.79,2.91,0.043010752688172005,2026-08-11,,,,,,,,
CHNL,2026-08-10,18.87,19.73,0.045574986751457214,2026-08-11,,,,,,,,
CHNR,2026-08-10,3.97,4.06,0.022670025188916698,2026-08-11,,,,,,,,
CHNU,2026-08-10,15.43,16.7,0.08230719377835394,2026-08-11,,,,,,,,
CHOW,2026-08-10,0.34,0.35,0.02941176470588225,2026-08-11,,,,,,,,
CHPG,2026-08-10,10.45,10.47,0.001913875598086312,2026-08-11,,,,,,,,
CHPS,2026-08-10,83.44,84.13,0.008269415148609793,2026-08-11,,,,,,,,
CHPT,2026-08-10,6.12,6.27,0.02450980392156854,2026-08-11,,,,,,,,
CHPX,2026-08-10,92.69,93.4,0.007659941741288145,2026-08-11,,,,,,,,
CHPY,2026-08-10,69.97,70.56,0.008432185222238209,2026-08-11,,,,,,,,
CHR,2026-08-10,1.96,1.94,-0.010204081632653073,2026-08-11,,,,,,,,
CHRD,2026-08-10,138.52,139.23,0.005125613629800574,2026-08-11,,,,,,,,
CHRI,2026-08-10,91.74,91.54,-0.0021800741225200815,2026-08-11,,,,,,,,
CHRN,2026-08-10,19.39,19.27,-0.006188757091284192,2026-08-11,,,,,,,,
CHRS,2026-08-10,1.24,1.21,-0.024193548387096753,2026-08-11,,,,,,,,
CHRW,2026-08-10,148.29,145.1,-0.021511902353496537,2026-08-11,,,,,,,,
CHSN,2026-08-10,0.99,1.02,0.030303030303030276,2026-08-11,,,,,,,,
CHT,2026-08-10,42.34,42.39,0.001180916391119391,2026-08-11,,,,,,,,
CHTR,2026-08-10,153.29,157.69,0.028703764107247842,2026-08-11,,,,,,,,
CHW,2026-08-10,8.69,8.65,-0.00460299194476399,2026-08-11,,,,,,,,
CHWY,2026-08-10,22.59,22.47,-0.005312084993359889,2026-08-11,,,,,,,,
CHY,2026-08-10,13.28,13.33,0.0037650602409640133,2026-08-11,,,,,,,,
CHYG,2026-08-10,25.03,25.05,0.0007990411506193507,2026-08-11,,,,,,,,
CHYM,2026-08-10,30.85,31.73,0.02852512155591569,2026-08-11,,,,,,,,
CI,2026-08-10,278.4,273.87,-0.016271551724137856,2026-08-11,,,,,,,,
CIA,2026-08-10,3.84,3.72,-0.03124999999999989,2026-08-11,,,,,,,,
CIB,2026-08-10,91.47,98.01,0.07149885208265006,2026-08-11,,,,,,,,
CIBR,2026-08-10,100.6,99.92,-0.006759443339960147,2026-08-11,,,,,,,,
CIEG,2026-08-10,5.47,5.43,-0.007312614259597838,2026-08-11,,,,,,,,
CIEI,2026-08-10,24.9,24.92,0.0008032128514057213,2026-08-11,,,,,,,,
CIEN,2026-08-10,387.7,387.53,-0.0004384833634253349,2026-08-11,,,,,,,,
CIEX,2026-08-10,14.39,14.29,-0.006949270326615853,2026-08-11,,,,,,,,
CIFC,2026-08-10,8.29,9.1,0.09770808202653813,2026-08-11,,,,,,,,
CIFG,2026-08-10,4.56,5.05,0.10745614035087714,2026-08-11,,,,,,,,
CIFR,2026-08-10,16.33,17.21,0.05388854868340487,2026-08-11,,,,,,,,
CIFU,2026-08-10,11.22,12.42,0.106951871657754,2026-08-11,,,,,,,,
CIG,2026-08-10,2.04,1.97,-0.03431372549019607,2026-08-11,,,,,,,,
CIGI,2026-08-10,100.08,103.63,0.03547162270183857,2026-08-11,,,,,,,,
CIGL,2026-08-10,0.45,0.6,0.33333333333333326,2026-08-11,,,,,,,,
CII,2026-08-10,25.0,24.75,-0.010000000000000009,2026-08-11,,,,,,,,
CIIT,2026-08-10,3.71,3.75,0.010781671159029615,2026-08-11,,,,,,,,
CIK,2026-08-10,2.45,2.46,0.004081632653061051,2026-08-11,,,,,,,,
CIM,2026-08-10,11.71,11.9,0.016225448334756587,2026-08-11,,,,,,,,
CINF,2026-08-10,173.86,173.21,-0.0037386402852870315,2026-08-11,,,,,,,,
CING,2026-08-10,5.25,5.2,-0.00952380952380949,2026-08-11,,,,,,,,
CINT,2026-08-10,3.63,3.64,0.0027548209366392573,2026-08-11,,,,,,,,
CION,2026-08-10,7.48,7.47,-0.0013368983957220415,2026-08-11,,,,,,,,
CIR,2026-08-10,22.35,25.01,0.1190156599552572,2026-08-11,,,,,,,,
CIRC,2026-08-10,0.7,0.74,0.05714285714285716,2026-08-11,,,,,,,,
CISO,2026-08-10,0.26,0.26,0.0,2026-08-11,,,,,,,,
CISS,2026-08-10,0.09,0.08,-0.11111111111111105,2026-08-11,,,,,,,,
CITR,2026-08-10,5.84,5.89,0.008561643835616417,2026-08-11,,,,,,,,
CIVB,2026-08-10,28.13,28.45,0.011375755421258349,2026-08-11,,,,,,,,
CIVG,2026-08-10,24.92,24.92,0.0,2026-08-11,,,,,,,,
CIX,2026-08-10,30.28,31.48,0.039630118890356725,2026-08-11,,,,,,,,
CJMB,2026-08-10,1.97,1.92,-0.025380710659898553,2026-08-11,,,,,,,,
CJUL,2026-08-10,25.52,25.58,0.0023510971786833146,2026-08-11,,,,,,,,
CJUN,2026-08-10,25.45,25.4,-0.0019646365422396617,2026-08-11,,,,,,,,
CKX,2026-08-10,10.88,10.88,0.0,2026-08-11,,,,,,,,
CL,2026-08-10,93.15,92.31,-0.00901771336553947,2026-08-11,,,,,,,,
CLAR,2026-08-10,3.78,3.81,0.007936507936507908,2026-08-11,,,,,,,,
CLB,2026-08-10,12.22,12.43,0.017184942716857554,2026-08-11,,,,,,,,
CLBK,2026-08-10,10.81,11.09,0.02590194264569834,2026-08-11,,,,,,,,
CLBR,2026-08-10,10.26,10.26,0.0,2026-08-11,,,,,,,,
CLBT,2026-08-10,15.9,16.03,0.008176100628930927,2026-08-11,,,,,,,,
CLCG,2026-08-10,28.94,28.88,-0.0020732550103663705,2026-08-11,,,,,,,,
CLCV,2026-08-10,31.4,31.38,-0.0006369426751592355,2026-08-11,,,,,,,,
CLDI,2026-08-10,1.63,1.64,0.006134969325153339,2026-08-11,,,,,,,,
CLDT,2026-08-10,12.45,12.45,0.0,2026-08-11,,,,,,,,
CLDX,2026-08-10,42.97,44.33,0.031649988363974924,2026-08-11,,,,,,,,
CLF,2026-08-10,12.49,12.41,-0.006405124099279402,2026-08-11,,,,,,,,
CLFD,2026-08-10,28.79,29.46,0.023271969433831252,2026-08-11,,,,,,,,
CLGN,2026-08-10,0.32,0.29,-0.09375000000000011,2026-08-11,,,,,,,,
CLH,2026-08-10,310.0,311.55,0.0050000000000001155,2026-08-11,,,,,,,,
CLIK,2026-08-10,1.46,1.44,-0.013698630136986356,2026-08-11,,,,,,,,
CLIP,2026-08-10,100.15,100.16,9.985022466296734e-05,2026-08-11,,,,,,,,
CLIR,2026-08-10,3.9,4.17,0.0692307692307692,2026-08-11,,,,,,,,
CLIX,2026-08-10,60.82,60.59,-0.0037816507727720383,2026-08-11,,,,,,,,
CLLS,2026-08-10,2.76,2.89,0.04710144927536253,2026-08-11,,,,,,,,
CLM,2026-08-10,7.51,7.55,0.005326231691078487,2026-08-11,,,,,,,,
CLMB,2026-08-10,27.12,27.74,0.022861356932153187,2026-08-11,,,,,,,,
CLMT,2026-08-10,45.47,46.04,0.012535737849131312,2026-08-11,,,,,,,,
CLNE,2026-08-10,1.61,1.71,0.06211180124223592,2026-08-11,,,,,,,,
CLNK,2026-08-10,15.04,15.69,0.04321808510638303,2026-08-11,,,,,,,,
CLNN,2026-08-10,5.16,4.37,-0.1531007751937985,2026-08-11,,,,,,,,
CLOA,2026-08-10,51.81,51.83,0.00038602586373270853,2026-08-11,,,,,,,,
CLOB,2026-08-10,50.24,50.28,0.0007961783439489611,2026-08-11,,,,,,,,
CLOC,2026-08-10,25.0,24.99,-0.00040000000000006697,2026-08-11,,,,,,,,
CLOD,2026-08-10,34.84,34.54,-0.008610792192881855,2026-08-11,,,,,,,,
CLOI,2026-08-10,52.82,52.81,-0.0001893222264293115,2026-08-11,,,,,,,,
CLOO,2026-08-10,25.16,25.17,0.0003974562798092496,2026-08-11,,,,,,,,
CLOU,2026-08-10,28.09,27.96,-0.004627981488073973,2026-08-11,,,,,,,,
CLOV,2026-08-10,4.57,4.39,-0.03938730853391703,2026-08-11,,,,,,,,
CLOX,2026-08-10,25.52,25.53,0.00039184952978055243,2026-08-11,,,,,,,,
CLOZ,2026-08-10,26.33,26.34,0.00037979491074824345,2026-08-11,,,,,,,,
CLPR,2026-08-10,2.92,2.91,-0.003424657534246478,2026-08-11,,,,,,,,
CLPS,2026-08-10,0.88,0.87,-0.011363636363636354,2026-08-11,,,,,,,,
CLPT,2026-08-10,14.57,14.9,0.02264927934111194,2026-08-11,,,,,,,,
CLRB,2026-08-10,2.6,2.64,0.01538461538461533,2026-08-11,,,,,,,,
CLRO,2026-08-10,8.98,6.35,-0.29287305122494445,2026-08-11,,,,,,,,
CLRS,2026-08-10,,,,2026-08-11,,,,,,,,
CLS,2026-08-10,314.59,310.38,-0.013382497854350084,2026-08-11,,,,,,,,
CLSE,2026-08-10,33.61,33.37,-0.007140731925022403,2026-08-11,,,,,,,,
CLSK,2026-08-10,11.59,11.52,-0.006039689387402958,2026-08-11,,,,,,,,
CLSM,2026-08-10,27.47,27.4,-0.002548234437568242,2026-08-11,,,,,,,,
CLST,2026-08-10,17.0,17.15,0.008823529411764675,2026-08-11,,,,,,,,
CLSX,2026-08-10,11.29,11.12,-0.015057573073516406,2026-08-11,,,,,,,,
CLUB,2026-08-10,26.3,26.11,-0.007224334600760551,2026-08-11,,,,,,,,
CLVT,2026-08-10,1.89,1.91,0.010582010582010692,2026-08-11,,,,,,,,
CLW,2026-08-10,22.83,22.67,-0.007008322382829446,2026-08-11,,,,,,,,
CLWT,2026-08-10,1.57,1.66,0.0573248407643312,2026-08-11,,,,,,,,
CLX,2026-08-10,107.7,108.25,0.005106778087279551,2026-08-11,,,,,,,,
CLYM,2026-08-10,13.54,13.85,0.022895125553914264,2026-08-11,,,,,,,,
CM,2026-08-10,119.29,118.96,-0.0027663676754129396,2026-08-11,,,,,,,,
CMAG,2026-08-10,26.22,25.95,-0.010297482837528626,2026-08-11,,,,,,,,
CMAY,2026-08-10,25.88,25.85,-0.0011591962905718178,2026-08-11,,,,,,,,
CMBO,2026-08-10,103.17,103.18,9.69274013764565e-05,2026-08-11,,,,,,,,
CMBS,2026-08-10,48.33,48.19,-0.0028967515001034894,2026-08-11,,,,,,,,
CMBT,2026-08-10,16.1,16.3,0.012422360248447228,2026-08-11,,,,,,,,
CMC,2026-08-10,73.21,72.04,-0.015981423302827258,2026-08-11,,,,,,,,
CMCI,2026-08-10,30.04,30.02,-0.0006657789613847553,2026-08-11,,,,,,,,
CMCL,2026-08-10,22.73,22.91,0.007919049714034232,2026-08-11,,,,,,,,
CMCM,2026-08-10,3.16,3.16,0.0,2026-08-11,,,,,,,,
CMCO,2026-08-10,19.31,19.55,0.01242879337131031,2026-08-11,,,,,,,,
CMCSA,2026-08-10,25.2,25.65,0.017857142857142794,2026-08-11,,,,,,,,
CMCT,2026-08-10,4.51,4.65,0.031042128603104402,2026-08-11,,,,,,,,
CMDB,2026-08-10,17.5,17.18,-0.01828571428571435,2026-08-11,,,,,,,,
CMDT,2026-08-10,33.2,33.24,0.00120481927710836,2026-08-11,,,,,,,,
CMDY,2026-08-10,60.39,60.45,0.0009935419771485154,2026-08-11,,,,,,,,
CME,2026-08-10,263.65,259.32,-0.016423288450597373,2026-08-11,,,,,,,,
CMF,2026-08-10,56.79,56.83,0.0007043493572811421,2026-08-11,,,,,,,,
CMG,2026-08-10,32.14,32.0,-0.00435594275046669,2026-08-11,,,,,,,,
CMI,2026-08-10,634.82,632.95,-0.0029457168961279923,2026-08-11,,,,,,,,
CMII,2026-08-10,10.02,10.02,0.0,2026-08-11,,,,,,,,
CMMB,2026-08-10,1.89,1.9,0.005291005291005346,2026-08-11,,,,,,,,
CMND,2026-08-10,1.6,1.61,0.006250000000000089,2026-08-11,,,,,,,,
CMP,2026-08-10,27.02,26.98,-0.001480384900073961,2026-08-11,,,,,,,,
CMPR,2026-08-10,94.58,95.38,0.008458447874814867,2026-08-11,,,,,,,,
CMPS,2026-08-10,13.18,13.38,0.015174506828528056,2026-08-11,,,,,,,,
CMPX,2026-08-10,2.22,2.2,-0.009009009009009028,2026-08-11,,,,,,,,
CMRC,2026-08-10,2.11,2.25,0.06635071090047395,2026-08-11,,,,,,,,
CMRE,2026-08-10,14.43,13.99,-0.03049203049203042,2026-08-11,,,,,,,,
CMS,2026-08-10,69.06,69.62,0.00810889081957722,2026-08-11,,,,,,,,
CMT,2026-08-10,25.23,25.33,0.003963535473642477,2026-08-11,,,,,,,,
CMTG,2026-08-10,1.77,1.85,0.04519774011299438,2026-08-11,,,,,,,,
CMTL,2026-08-10,1.72,1.73,0.005813953488372103,2026-08-11,,,,,,,,
CMTV,2026-08-10,39.7,40.79,0.02745591939546599,2026-08-11,,,,,,,,
CNA,2026-08-10,51.27,50.87,-0.007801833430856386,2026-08-11,,,,,,,,
CNAV,2026-08-10,39.19,39.14,-0.001275835672365333,2026-08-11,,,,,,,,
CNBS,2026-08-10,25.84,27.09,0.04837461300309598,2026-08-11,,,,,,,,
CNC,2026-08-10,66.57,64.88,-0.025386810875769883,2026-08-11,,,,,,,,
CNCK,2026-08-10,1.94,2.01,0.036082474226803996,2026-08-11,,,,,,,,
CNDT,2026-08-10,1.56,1.58,0.012820512820512775,2026-08-11,,,,,,,,
CNEQ,2026-08-10,39.68,39.74,0.0015120967741935054,2026-08-11,,,,,,,,
CNET,2026-08-10,1.32,1.32,0.0,2026-08-11,,,,,,,,
CNEY,2026-08-10,0.64,0.64,0.0,2026-08-11,,,,,,,,
CNF,2026-08-10,2.29,2.25,-0.017467248908296984,2026-08-11,,,,,,,,
CNH,2026-08-10,10.48,10.63,0.014312977099236734,2026-08-11,,,,,,,,
CNI,2026-08-10,125.14,126.28,0.009109797027329503,2026-08-11,,,,,,,,
CNK,2026-08-10,37.75,36.66,-0.028874172185430536,2026-08-11,,,,,,,,
CNL,2026-08-10,14.36,14.51,0.010445682451253546,2026-08-11,,,,,,,,
CNM,2026-08-10,46.3,46.63,0.007127429805615648,2026-08-11,,,,,,,,
CNMD,2026-08-10,49.46,49.58,0.0024262029923169948,2026-08-11,,,,,,,,
CNNE,2026-08-10,14.65,14.84,0.012969283276450527,2026-08-11,,,,,,,,
CNO,2026-08-10,55.29,54.63,-0.011937059142702044,2026-08-11,,,,,,,,
CNOB,2026-08-10,32.58,32.89,0.009515039901780264,2026-08-11,,,,,,,,
CNP,2026-08-10,40.03,40.18,0.003747189607794077,2026-08-11,,,,,,,,
CNQ,2026-08-10,47.25,47.61,0.007619047619047636,2026-08-11,,,,,,,,
CNQQ,2026-08-10,24.46,24.19,-0.011038430089942763,2026-08-11,,,,,,,,
CNR,2026-08-10,94.16,93.73,-0.004566694987255704,2026-08-11,,,,,,,,
CNRG,2026-08-10,93.58,95.23,0.01763197264372729,2026-08-11,,,,,,,,
CNS,2026-08-10,82.15,84.31,0.026293365794278767,2026-08-11,,,,,,,,
CNSP,2026-08-10,5.13,5.5,0.0721247563352827,2026-08-11,,,,,,,,
CNSY,2026-08-10,3.84,3.83,-0.0026041666666666297,2026-08-11,,,,,,,,
CNTB,2026-08-10,2.15,2.24,0.04186046511627928,2026-08-11,,,,,,,,
CNTN,2026-08-10,1.87,1.9,0.016042780748662944,2026-08-11,,,,,,,,
CNTX,2026-08-10,0.45,0.47,0.04444444444444429,2026-08-11,,,,,,,,
CNTY,2026-08-10,1.2,1.22,0.016666666666666607,2026-08-11,,,,,,,,
CNVS,2026-08-10,2.82,2.77,-0.01773049645390068,2026-08-11,,,,,,,,
CNX,2026-08-10,35.97,36.13,0.0044481512371421505,2026-08-11,,,,,,,,
CNXC,2026-08-10,25.5,25.69,0.0074509803921569695,2026-08-11,,,,,,,,
CNXN,2026-08-10,82.4,80.79,-0.019538834951456252,2026-08-11,,,,,,,,
CNXT,2026-08-10,50.41,50.52,0.002182106724856414,2026-08-11,,,,,,,,
CNXU,2026-08-10,7.27,7.44,0.023383768913342706,2026-08-11,,,,,,,,
CNYA,2026-08-10,36.45,36.07,-0.010425240054869778,2026-08-11,,,,,,,,
COAG,2026-08-10,49.87,51.74,0.03749749348305609,2026-08-11,,,,,,,,
COAL,2026-08-10,24.8,24.89,0.003629032258064546,2026-08-11,,,,,,,,
COCH,2026-08-10,0.7,0.77,0.10000000000000009,2026-08-11,,,,,,,,
COCO,2026-08-10,62.78,64.46,0.02676011468620576,2026-08-11,,,,,,,,
COCP,2026-08-10,1.08,1.08,0.0,2026-08-11,,,,,,,,
CODA,2026-08-10,10.4,10.17,-0.022115384615384648,2026-08-11,,,,,,,,
CODI,2026-08-10,11.08,12.32,0.11191335740072206,2026-08-11,,,,,,,,
CODX,2026-08-10,1.5,1.49,-0.00666666666666671,2026-08-11,,,,,,,,
COE,2026-08-10,19.79,20.0,0.010611419909045017,2026-08-11,,,,,,,,
COF,2026-08-10,218.97,219.15,0.0008220304151254076,2026-08-11,,,,,,,,
COFS,2026-08-10,34.0,34.2,0.00588235294117645,2026-08-11,,,,,,,,
COGT,2026-08-10,41.53,38.7,-0.06814351071514568,2026-08-11,,,,,,,,
COHC,2026-08-10,20.48,20.74,0.0126953125,2026-08-11,,,,,,,,
COHH,2026-08-10,8.07,8.16,0.011152416356877248,2026-08-11,,,,,,,,
COHN,2026-08-10,11.66,11.87,0.01801029159519718,2026-08-11,,,,,,,,
COHR,2026-08-10,325.15,328.57,0.010518222358911311,2026-08-11,,,,,,,,
COHU,2026-08-10,49.47,52.82,0.06771780877299372,2026-08-11,,,,,,,,
COHX,2026-08-10,32.16,32.8,0.01990049751243772,2026-08-11,,,,,,,,
COIA,2026-08-10,6.24,6.22,-0.0032051282051283048,2026-08-11,,,,,,,,
COIG,2026-08-10,4.01,4.0,-0.0024937655860348684,2026-08-11,,,,,,,,
COIN,2026-08-10,148.68,148.58,-0.0006725854183481372,2026-08-11,,,,,,,,
COIW,2026-08-10,7.56,7.54,-0.002645502645502562,2026-08-11,,,,,,,,
COIX,2026-08-10,25.36,25.23,-0.005126182965299653,2026-08-11,,,,,,,,
COKE,2026-08-10,185.55,181.71,-0.020695230396119646,2026-08-11,,,,,,,,
COLA,2026-08-10,10.7,10.72,0.0018691588785046953,2026-08-11,,,,,,,,
COLB,2026-08-10,31.26,31.71,0.014395393474088358,2026-08-11,,,,,,,,
COLD,2026-08-10,14.59,14.48,-0.007539410555174708,2026-08-11,,,,,,,,
COLL,2026-08-10,27.2,25.98,-0.04485294117647054,2026-08-11,,,,,,,,
COLM,2026-08-10,57.02,56.32,-0.012276394247632494,2026-08-11,,,,,,,,
COLO,2026-08-10,47.24,48.02,0.01651143099068597,2026-08-11,,,,,,,,
COM,2026-08-10,33.94,33.92,-0.0005892751915143046,2026-08-11,,,,,,,,
COMB,2026-08-10,26.43,26.45,0.000756715853197143,2026-08-11,,,,,,,,
COMD,2026-08-10,28.35,28.37,0.000705467372134061,2026-08-11,,,,,,,,
COMP,2026-08-10,12.4,12.69,0.023387096774193372,2026-08-11,,,,,,,,
COMT,2026-08-10,33.59,33.64,0.0014885382554330473,2026-08-11,,,,,,,,
CON,2026-08-10,34.1,33.03,-0.0313782991202346,2026-08-11,,,,,,,,
CONI,2026-08-10,51.94,52.01,0.0013477088948787852,2026-08-11,,,,,,,,
CONL,2026-08-10,4.09,4.09,0.0,2026-08-11,,,,,,,,
CONX,2026-08-10,4.97,4.96,-0.002012072434607548,2026-08-11,,,,,,,,
CONY,2026-08-10,18.07,18.09,0.0011068068622024363,2026-08-11,,,,,,,,
COO,2026-08-10,76.32,76.82,0.006551362683438144,2026-08-11,,,,,,,,
COOK,2026-08-10,61.29,63.53,0.03654756077663568,2026-08-11,,,,,,,,
COOT,2026-08-10,0.43,0.48,0.11627906976744184,2026-08-11,,,,,,,,
COP,2026-08-10,123.03,125.92,0.02349020564090054,2026-08-11,,,,,,,,
COPA,2026-08-10,54.86,54.18,-0.01239518775063797,2026-08-11,,,,,,,,
COPJ,2026-08-10,45.46,44.94,-0.011438627364716347,2026-08-11,,,,,,,,
COPL,2026-08-10,10.48,10.49,0.000954198473282375,2026-08-11,,,,,,,,
COPP,2026-08-10,43.39,42.82,-0.013136667434892835,2026-08-11,,,,,,,,
COPR,2026-08-10,2.73,2.71,-0.0073260073260073,2026-08-11,,,,,,,,
COPX,2026-08-10,89.51,88.59,-0.010278181208803527,2026-08-11,,,,,,,,
COPY,2026-08-10,15.78,15.76,-0.0012674271229403677,2026-08-11,,,,,,,,
COPZ,2026-08-10,17.82,17.46,-0.02020202020202022,2026-08-11,,,,,,,,
COR,2026-08-10,325.0,333.87,0.027292307692307727,2026-08-11,,,,,,,,
CORB,2026-08-10,28.99,29.04,0.0017247326664366902,2026-08-11,,,,,,,,
CORD,2026-08-10,3.92,3.72,-0.05102040816326525,2026-08-11,,,,,,,,
CORN,2026-08-10,17.64,17.57,-0.003968253968253954,2026-08-11,,,,,,,,
CORO,2026-08-10,36.66,36.76,0.0027277686852156258,2026-08-11,,,,,,,,
CORP,2026-08-10,94.84,94.92,0.000843525938422518,2026-08-11,,,,,,,,
CORT,2026-08-10,114.23,111.86,-0.020747614462050312,2026-08-11,,,,,,,,
CORZ,2026-08-10,19.44,19.76,0.016460905349794164,2026-08-11,,,,,,,,
COSM,2026-08-10,0.22,0.22,0.0,2026-08-11,,,,,,,,
COSO,2026-08-10,27.71,27.89,0.006495849873691784,2026-08-11,,,,,,,,
COST,2026-08-10,952.75,944.32,-0.008848071372343114,2026-08-11,,,,,,,,
COSW,2026-08-10,39.86,39.49,-0.009282488710486647,2026-08-11,,,,,,,,
COTG,2026-08-10,12.96,12.74,-0.016975308641975384,2026-08-11,,,,,,,,
COTY,2026-08-10,2.85,2.82,-0.010526315789473717,2026-08-11,,,,,,,,
COUR,2026-08-10,5.76,5.69,-0.012152777777777679,2026-08-11,,,,,,,,
COWG,2026-08-10,39.32,39.29,-0.0007629704984740693,2026-08-11,,,,,,,,
COWS,2026-08-10,39.99,40.19,0.005001250312578032,2026-08-11,,,,,,,,
COWZ,2026-08-10,70.02,70.23,0.0029991431019709136,2026-08-11,,,,,,,,
COYA,2026-08-10,4.64,4.8,0.034482758620689724,2026-08-11,,,,,,,,
COYY,2026-08-10,16.55,16.58,0.0018126888217522286,2026-08-11,,,,,,,,
COZX,2026-08-10,11.2,11.41,0.018750000000000044,2026-08-11,,,,,,,,
CP,2026-08-10,90.51,91.92,0.015578389128273029,2026-08-11,,,,,,,,
CPA,2026-08-10,136.69,134.5,-0.016021654839417643,2026-08-11,,,,,,,,
CPAC,2026-08-10,11.88,11.81,-0.005892255892255949,2026-08-11,,,,,,,,
CPAG,2026-08-10,101.41,101.49,0.0007888768366037802,2026-08-11,,,,,,,,
CPAI,2026-08-10,52.11,52.08,-0.0005757052389177009,2026-08-11,,,,,,,,
CPAY,2026-08-10,400.88,406.16,0.013171023747754917,2026-08-11,,,,,,,,
CPB,2026-08-10,22.42,22.72,0.013380909901873128,2026-08-11,,,,,,,,
CPBI,2026-08-10,20.61,20.61,0.0,2026-08-11,,,,,,,,
CPER,2026-08-10,40.18,40.22,0.0009955201592832807,2026-08-11,,,,,,,,
CPF,2026-08-10,38.49,38.69,0.005196154845414247,2026-08-11,,,,,,,,
CPHC,2026-08-10,15.47,15.41,-0.003878474466709747,2026-08-11,,,,,,,,
CPHI,2026-08-10,1.12,1.13,0.008928571428571175,2026-08-11,,,,,,,,
CPHY,2026-08-10,51.7,51.72,0.0003868471953578645,2026-08-11,,,,,,,,
CPII,2026-08-10,18.89,18.88,-0.000529380624669229,2026-08-11,,,,,,,,
CPIX,2026-08-10,7.79,7.96,0.021822849807445532,2026-08-11,,,,,,,,
CPK,2026-08-10,132.36,133.56,0.00906618313689922,2026-08-11,,,,,,,,
CPLB,2026-08-10,20.67,20.67,0.0,2026-08-11,,,,,,,,
CPLS,2026-08-10,34.48,34.51,0.0008700696055685686,2026-08-11,,,,,,,,
CPNG,2026-08-10,16.19,16.5,0.01914762198888198,2026-08-11,,,,,,,,
CPNJ,2026-08-10,27.64,27.61,-0.0010853835021708003,2026-08-11,,,,,,,,
CPNM,2026-08-10,26.94,26.92,-0.0007423904974016571,2026-08-11,,,,,,,,
CPNQ,2026-08-10,27.58,27.56,-0.0007251631617113397,2026-08-11,,,,,,,,
CPNS,2026-08-10,28.31,28.34,0.0010596962204167948,2026-08-11,,,,,,,,
CPNX,2026-08-10,13.42,13.97,0.040983606557377206,2026-08-11,,,,,,,,
CPOP,2026-08-10,0.39,0.36,-0.07692307692307698,2026-08-11,,,,,,,,
CPRA,2026-08-10,27.86,27.84,-0.000717875089734421,2026-08-11,,,,,,,,
CPRI,2026-08-10,15.43,15.57,0.009073233959818516,2026-08-11,,,,,,,,
CPRJ,2026-08-10,27.75,27.77,0.0007207207207207134,2026-08-11,,,,,,,,
CPRO,2026-08-10,28.4,28.41,0.00035211267605639307,2026-08-11,,,,,,,,
CPRT,2026-08-10,29.59,29.4,-0.006421088205474823,2026-08-11,,,,,,,,
CPRY,2026-08-10,28.16,28.17,0.0003551136363637575,2026-08-11,,,,,,,,
CPS,2026-08-10,28.39,27.42,-0.034166960197252516,2026-08-11,,,,,,,,
CPSA,2026-08-10,28.07,28.07,0.0,2026-08-11,,,,,,,,
CPSD,2026-08-10,26.97,26.96,-0.00037078235076004606,2026-08-11,,,,,,,,
CPSF,2026-08-10,26.45,26.47,0.0007561436672967048,2026-08-11,,,,,,,,
CPSH,2026-08-10,4.35,4.42,0.016091954022988464,2026-08-11,,,,,,,,
CPSJ,2026-08-10,27.96,27.93,-0.0010729613733906351,2026-08-11,,,,,,,,
CPSL,2026-08-10,28.22,28.22,0.0,2026-08-11,,,,,,,,
CPSM,2026-08-10,29.49,29.49,0.0,2026-08-11,,,,,,,,
CPSN,2026-08-10,27.97,27.97,0.0,2026-08-11,,,,,,,,
CPSO,2026-08-10,28.12,28.1,-0.0007112375533427917,2026-08-11,,,,,,,,
CPSP,2026-08-10,27.1,27.1,0.0,2026-08-11,,,,,,,,
CPSR,2026-08-10,26.02,26.03,0.0003843197540354115,2026-08-11,,,,,,,,
CPSS,2026-08-10,9.25,9.2,-0.005405405405405461,2026-08-11,,,,,,,,
CPST,2026-08-10,28.01,28.01,0.0,2026-08-11,,,,,,,,
CPSU,2026-08-10,27.9,27.89,-0.00035842293906807043,2026-08-11,,,,,,,,
CPSY,2026-08-10,25.89,25.92,0.0011587485515642815,2026-08-11,,,,,,,,
CPT,2026-08-10,109.08,108.29,-0.007242390905757179,2026-08-11,,,,,,,,
CPTL,2026-08-10,49.61,49.44,-0.003426728482160857,2026-08-11,,,,,,,,
CPXR,2026-08-10,32.77,32.76,-0.0003051571559354871,2026-08-11,,,,,,,,
CPZ,2026-08-10,13.67,13.66,-0.000731528895391298,2026-08-11,,,,,,,,
CQP,2026-08-10,67.27,66.58,-0.0102571725880779,2026-08-11,,,,,,,,
CQQQ,2026-08-10,52.87,51.83,-0.01967089086438434,2026-08-11,,,,,,,,
CQTM,2026-08-10,25.39,25.79,0.015754233950374008,2026-08-11,,,,,,,,
CR,2026-08-10,219.35,220.56,0.005516298153635857,2026-08-11,,,,,,,,
CRAC,2026-08-10,10.18,10.19,0.0009823182711197198,2026-08-11,,,,,,,,
CRAI,2026-08-10,168.51,168.73,0.0013055605008605031,2026-08-11,,,,,,,,
CRAK,2026-08-10,56.0,57.27,0.022678571428571548,2026-08-11,,,,,,,,
CRAN,2026-08-10,10.14,10.14,0.0,2026-08-11,,,,,,,,
CRAQ,2026-08-10,10.31,10.35,0.0038797284190106307,2026-08-11,,,,,,,,
CRBG,2026-08-10,34.49,33.39,-0.031893302406494684,2026-08-11,,,,,,,,
CRBN,2026-08-10,258.81,258.73,-0.0003091070669603013,2026-08-11,,,,,,,,
CRBP,2026-08-10,9.46,9.51,0.005285412262156397,2026-08-11,,,,,,,,
CRBU,2026-08-10,1.66,1.69,0.01807228915662651,2026-08-11,,,,,,,,
CRC,2026-08-10,53.75,54.13,0.007069767441860497,2026-08-11,,,,,,,,
CRCA,2026-08-10,13.5,15.07,0.11629629629629634,2026-08-11,,,,,,,,
CRCD,2026-08-10,5.06,4.46,-0.11857707509881421,2026-08-11,,,,,,,,
CRCG,2026-08-10,9.12,10.21,0.11951754385964941,2026-08-11,,,,,,,,
CRCL,2026-08-10,67.05,71.16,0.061297539149888225,2026-08-11,,,,,,,,
CRCO,2026-08-10,12.7,13.31,0.048031496062992174,2026-08-11,,,,,,,,
CRCT,2026-08-10,5.9,5.97,0.011864406779660941,2026-08-11,,,,,,,,
CRD,2026-08-10,23.52,24.79,0.05399659863945572,2026-08-11,,,,,,,,
CRD-A,2026-08-10,13.21,13.16,-0.0037850113550341735,2026-08-11,,,,,,,,
CRD-B,2026-08-10,12.09,12.03,-0.00496277915632759,2026-08-11,,,,,,,,
CRDD,2026-08-10,14.88,14.22,-0.04435483870967738,2026-08-11,,,,,,,,
CRDF,2026-08-10,1.03,1.05,0.01941747572815533,2026-08-11,,,,,,,,
CRDL,2026-08-10,1.47,1.5,0.020408163265306145,2026-08-11,,,,,,,,
CRDO,2026-08-10,239.93,247.69,0.032342766640270026,2026-08-11,,,,,,,,
CRDT,2026-08-10,23.61,23.74,0.005506141465480674,2026-08-11,,,,,,,,
CRDU,2026-08-10,16.34,17.35,0.061811505507956,2026-08-11,,,,,,,,
CRDX,2026-08-10,9.42,8.61,-0.08598726114649691,2026-08-11,,,,,,,,
CRE,2026-08-10,2.87,2.8,-0.024390243902439157,2026-08-11,,,,,,,,
CRESY,2026-08-10,10.81,10.58,-0.021276595744680882,2026-08-11,,,,,,,,
CREX,2026-08-10,2.99,3.0,0.0033444816053511683,2026-08-11,,,,,,,,
CRF,2026-08-10,7.22,7.26,0.005540166204986097,2026-08-11,,,,,,,,
CRGO,2026-08-10,1.29,1.25,-0.03100775193798455,2026-08-11,,,,,,,,
CRGY,2026-08-10,12.21,12.42,0.017199017199017064,2026-08-11,,,,,,,,
CRH,2026-08-10,100.6,101.29,0.006858846918489148,2026-08-11,,,,,,,,
CRI,2026-08-10,40.38,39.74,-0.015849430411094656,2026-08-11,,,,,,,,
CRIB,2026-08-10,25.37,25.21,-0.006306661411115466,2026-08-11,,,,,,,,
CRIS,2026-08-10,3.66,2.31,-0.3688524590163934,2026-08-11,,,,,,,,
CRK,2026-08-10,14.36,14.39,0.002089136490250665,2026-08-11,,,,,,,,
CRL,2026-08-10,277.0,282.0,0.018050541516245522,2026-08-11,,,,,,,,
CRM,2026-08-10,197.51,197.47,-0.00020252139132193037,2026-08-11,,,,,,,,
CRMD,2026-08-10,7.53,7.3,-0.030544488711819473,2026-08-11,,,,,,,,
CRMG,2026-08-10,6.23,6.22,-0.0016051364365972098,2026-08-11,,,,,,,,
CRML,2026-08-10,6.94,6.77,-0.02449567723342949,2026-08-11,,,,,,,,
CRMT,2026-08-10,3.13,3.22,0.028753993610223683,2026-08-11,,,,,,,,
CRMU,2026-08-10,2.38,2.28,-0.04201680672268915,2026-08-11,,,,,,,,
CRMX,2026-08-10,5.57,5.33,-0.04308797127468589,2026-08-11,,,,,,,,
CRNC,2026-08-10,8.9,8.43,-0.05280898876404505,2026-08-11,,,,,,,,
CRNT,2026-08-10,2.11,2.19,0.03791469194312791,2026-08-11,,,,,,,,
CRNX,2026-08-10,84.15,84.36,0.002495543672014211,2026-08-11,,,,,,,,
CRON,2026-08-10,3.0,3.08,0.026666666666666616,2026-08-11,,,,,,,,
CROX,2026-08-10,138.19,131.71,-0.0468919603444532,2026-08-11,,,,,,,,
CRPT,2026-08-10,11.35,11.34,-0.0008810572687224516,2026-08-11,,,,,,,,
CRS,2026-08-10,559.98,537.57,-0.04001928640308572,2026-08-11,,,,,,,,
CRSH,2026-08-10,22.03,21.95,-0.0036314117113028788,2026-08-11,,,,,,,,
CRSP,2026-08-10,53.51,54.07,0.010465333582508007,2026-08-11,,,,,,,,
CRSR,2026-08-10,13.71,12.83,-0.06418672501823497,2026-08-11,,,,,,,,
CRT,2026-08-10,9.91,9.96,0.005045408678103103,2026-08-11,,,,,,,,
CRTC,2026-08-10,41.22,41.19,-0.0007278020378457262,2026-08-11,,,,,,,,
CRTO,2026-08-10,17.95,17.26,-0.038440111420612655,2026-08-11,,,,,,,,
CRUC,2026-08-10,14.47,14.42,-0.003455425017277136,2026-08-11,,,,,,,,
CRUS,2026-08-10,121.84,121.99,0.0012311227839789662,2026-08-11,,,,,,,,
CRUX,2026-08-10,29.4,29.43,0.0010204081632654294,2026-08-11,,,,,,,,
CRVL,2026-08-10,61.71,61.2,-0.008264462809917328,2026-08-11,,,,,,,,
CRVO,2026-08-10,2.86,3.09,0.08041958041958042,2026-08-11,,,,,,,,
CRVS,2026-08-10,13.74,14.73,0.072052401746725,2026-08-11,,,,,,,,
CRWC,2026-08-10,34.74,33.62,-0.032239493379389916,2026-08-11,,,,,,,,
CRWD,2026-08-10,225.16,221.9,-0.014478593000532891,2026-08-11,,,,,,,,
CRWG,2026-08-10,20.88,21.94,0.05076628352490431,2026-08-11,,,,,,,,
CRWL,2026-08-10,84.11,81.49,-0.03114968493639292,2026-08-11,,,,,,,,
CRWS,2026-08-10,2.97,3.04,0.023569023569023573,2026-08-11,,,,,,,,
CRWU,2026-08-10,4.01,4.21,0.04987531172069826,2026-08-11,,,,,,,,
CRWV,2026-08-10,88.19,90.32,0.02415239823109183,2026-08-11,,,,,,,,
CRWX,2026-08-10,22.84,23.45,0.026707530647986033,2026-08-11,,,,,,,,
CRXP,2026-08-10,19.58,19.58,0.0,2026-08-11,,,,,,,,
CRY,2026-08-10,17.33,17.5,0.00980957876514732,2026-08-11,,,,,,,,
CSAI,2026-08-10,5.36,5.34,-0.003731343283582156,2026-08-11,,,,,,,,
CSAN,2026-08-10,2.72,2.58,-0.05147058823529416,2026-08-11,,,,,,,,
CSB,2026-08-10,67.03,67.42,0.005818290317768149,2026-08-11,,,,,,,,
CSBR,2026-08-10,5.14,4.99,-0.029182879377431803,2026-08-11,,,,,,,,
CSCL,2026-08-10,66.34,64.09,-0.03391618932770579,2026-08-11,,,,,,,,
CSCO,2026-08-10,122.57,120.43,-0.0174594109488454,2026-08-11,,,,,,,,
CSCS,2026-08-10,12.56,12.77,0.01671974522292996,2026-08-11,,,,,,,,
CSD,2026-08-10,133.18,134.42,0.009310707313410216,2026-08-11,,,,,,,,
CSEN,2026-08-10,25.26,25.54,0.011084718923198622,2026-08-11,,,,,,,,
CSEX,2026-08-10,12.51,12.18,-0.026378896882494063,2026-08-11,,,,,,,,
CSGP,2026-08-10,31.48,31.12,-0.01143583227445999,2026-08-11,,,,,,,,
CSHI,2026-08-10,49.85,49.86,0.00020060180541614514,2026-08-11,,,,,,,,
CSHP,2026-08-10,99.32,99.24,-0.000805477245267805,2026-08-11,,,,,,,,
CSHR,2026-08-10,5.03,4.88,-0.02982107355864816,2026-08-11,,,,,,,,
CSIO,2026-08-10,28.28,28.23,-0.0017680339462518013,2026-08-11,,,,,,,,
CSIQ,2026-08-10,15.6,15.88,0.017948717948718107,2026-08-11,,,,,,,,
CSL,2026-08-10,385.25,389.96,0.012225827384815036,2026-08-11,,,,,,,,
CSM,2026-08-10,89.4,89.09,-0.0034675615212528266,2026-08-11,,,,,,,,
CSMD,2026-08-10,35.9,35.98,0.0022284122562674646,2026-08-11,,,,,,,,
CSNR,2026-08-10,36.81,36.97,0.0043466449334419455,2026-08-11,,,,,,,,
CSPF,2026-08-10,26.01,26.0,-0.0003844675124952124,2026-08-11,,,,,,,,
CSPI,2026-08-10,8.1,8.4,0.0370370370370372,2026-08-11,,,,,,,,
CSQ,2026-08-10,21.02,20.88,-0.006660323501427201,2026-08-11,,,,,,,,
CSQR,2026-08-10,21.6,22.36,0.035185185185184986,2026-08-11,,,,,,,,
CSR,2026-08-10,55.15,54.78,-0.006708975521305449,2026-08-11,,,,,,,,
CSRE,2026-08-10,28.67,28.44,-0.008022322985699382,2026-08-11,,,,,,,,
CSSD,2026-08-10,25.17,25.18,0.00039729837107649324,2026-08-11,,,,,,,,
CSTE,2026-08-10,2.55,3.0,0.17647058823529416,2026-08-11,,,,,,,,
CSTK,2026-08-10,33.88,33.92,0.001180637544273777,2026-08-11,,,,,,,,
CSTL,2026-08-10,32.35,32.24,-0.0034003091190107915,2026-08-11,,,,,,,,
CSTM,2026-08-10,29.38,29.91,0.018039482641252658,2026-08-11,,,,,,,,
CSV,2026-08-10,34.25,33.64,-0.0178102189781022,2026-08-11,,,,,,,,
CSW,2026-08-10,347.7,351.29,0.01032499280989363,2026-08-11,,,,,,,,
CSWC,2026-08-10,25.14,25.05,-0.0035799522673031214,2026-08-11,,,,,,,,
CSX,2026-08-10,50.12,49.94,-0.0035913806863527853,2026-08-11,,,,,,,,
CTA,2026-08-10,26.99,27.18,0.007039644312708537,2026-08-11,,,,,,,,
CTAA,2026-08-10,9.92,9.92,0.0,2026-08-11,,,,,,,,
CTAP,2026-08-10,28.16,28.27,0.00390625,2026-08-11,,,,,,,,
CTAS,2026-08-10,202.71,205.28,0.01267821025109761,2026-08-11,,,,,,,,
CTAU,2026-08-10,25.33,25.31,-0.0007895775759968471,2026-08-11,,,,,,,,
CTBI,2026-08-10,77.47,78.09,0.008003097973409146,2026-08-11,,,,,,,,
CTEC,2026-08-10,58.01,58.6,0.010170660230994777,2026-08-11,,,,,,,,
CTEF,2026-08-10,88.81,89.07,0.00292759824344091,2026-08-11,,,,,,,,
CTEV,2026-08-10,34.07,34.96,0.026122688582330467,2026-08-11,,,,,,,,
CTEX,2026-08-10,34.88,35.49,0.017488532110091715,2026-08-11,,,,,,,,
CTGO,2026-08-10,19.52,19.93,0.021004098360655643,2026-08-11,,,,,,,,
CTIF,2026-08-10,55.94,56.17,0.004111548087236461,2026-08-11,,,,,,,,
CTJL,2026-08-10,25.59,25.55,-0.0015631105900741904,2026-08-11,,,,,,,,
CTJN,2026-08-10,25.36,25.32,-0.001577287066246047,2026-08-11,,,,,,,,
CTKB,2026-08-10,4.66,4.74,0.017167381974249052,2026-08-11,,,,,,,,
CTM,2026-08-10,0.61,0.61,0.0,2026-08-11,,,,,,,,
CTMA,2026-08-10,25.74,25.71,-0.0011655011655010705,2026-08-11,,,,,,,,
CTMX,2026-08-10,3.44,3.45,0.0029069767441860517,2026-08-11,,,,,,,,
CTNM,2026-08-10,14.49,14.82,0.022774327122153215,2026-08-11,,,,,,,,
CTNT,2026-08-10,1.9,1.72,-0.09473684210526312,2026-08-11,,,,,,,,
CTO,2026-08-10,21.47,21.57,0.004657661853749495,2026-08-11,,,,,,,,
CTOR,2026-08-10,0.74,0.73,-0.013513513513513487,2026-08-11,,,,,,,,
CTOS,2026-08-10,10.65,10.64,-0.0009389671361501595,2026-08-11,,,,,,,,
CTRE,2026-08-10,40.42,38.68,-0.04304799604156362,2026-08-11,,,,,,,,
CTRI,2026-08-10,23.76,24.4,0.026936026936026813,2026-08-11,,,,,,,,
CTRM,2026-08-10,2.09,2.06,-0.014354066985645786,2026-08-11,,,,,,,,
CTRN,2026-08-10,74.17,76.18,0.0270999056222192,2026-08-11,,,,,,,,
CTS,2026-08-10,64.61,64.14,-0.007274415725119887,2026-08-11,,,,,,,,
CTSH,2026-08-10,58.31,58.6,0.004973417938604063,2026-08-11,,,,,,,,
CTSO,2026-08-10,0.36,0.36,0.0,2026-08-11,,,,,,,,
CTVA,2026-08-10,76.47,76.22,-0.0032692559173531643,2026-08-11,,,,,,,,
CTW,2026-08-10,2.54,2.59,0.019685039370078705,2026-08-11,,,,,,,,
CTWO,2026-08-10,18.3,18.45,0.008196721311475308,2026-08-11,,,,,,,,
CTXR,2026-08-10,0.68,0.72,0.0588235294117645,2026-08-11,,,,,,,,
CUB,2026-08-10,10.85,10.88,0.0027649769585254003,2026-08-11,,,,,,,,
CUBE,2026-08-10,40.99,40.84,-0.0036594291290558134,2026-08-11,,,,,,,,
CUBI,2026-08-10,82.36,82.86,0.00607090820786782,2026-08-11,,,,,,,,
CUE,2026-08-10,26.1,28.24,0.08199233716475085,2026-08-11,,,,,,,,
CULP,2026-08-10,3.37,3.45,0.023738872403560762,2026-08-11,,,,,,,,
CUPR,2026-08-10,3.04,2.98,-0.019736842105263164,2026-08-11,,,,,,,,
CURB,2026-08-10,29.9,29.59,-0.010367892976588577,2026-08-11,,,,,,,,
CURE,2026-08-10,131.19,130.1,-0.00830856010366643,2026-08-11,,,,,,,,
CURI,2026-08-10,2.8,2.8,0.0,2026-08-11,,,,,,,,
CURR,2026-08-10,3.16,3.72,0.17721518987341778,2026-08-11,,,,,,,,
CURV,2026-08-10,2.5,2.4,-0.040000000000000036,2026-08-11,,,,,,,,
CURX,2026-08-10,0.19,0.2,0.05263157894736836,2026-08-11,,,,,,,,
CUST,2026-08-10,25.0,25.01,0.00039999999999995595,2026-08-11,,,,,,,,
CUT,2026-08-10,30.56,30.54,-0.0006544502617801262,2026-08-11,,,,,,,,
CUVL,2026-08-10,6.74,6.86,0.017804154302670572,2026-08-11,,,,,,,,
CUZ,2026-08-10,29.37,29.34,-0.0010214504596527396,2026-08-11,,,,,,,,
CV,2026-08-10,6.68,6.6,-0.0119760479041916,2026-08-11,,,,,,,,
CVAR,2026-08-10,30.94,30.84,-0.003232062055591567,2026-08-11,,,,,,,,
CVBF,2026-08-10,22.55,22.82,0.01197339246119733,2026-08-11,,,,,,,,
CVCO,2026-08-10,583.17,594.18,0.018879571994444122,2026-08-11,,,,,,,,
CVE,2026-08-10,29.56,29.84,0.009472259810554773,2026-08-11,,,,,,,,
CVEO,2026-08-10,31.93,32.63,0.02192295646727227,2026-08-11,,,,,,,,
CVGD,2026-08-10,26.89,26.77,-0.004462625511342577,2026-08-11,,,,,,,,
CVGI,2026-08-10,3.31,3.32,0.0030211480362536403,2026-08-11,,,,,,,,
CVI,2026-08-10,32.42,34.05,0.0502776064157926,2026-08-11,,,,,,,,
CVIE,2026-08-10,84.8,85.11,0.0036556603773585383,2026-08-11,,,,,,,,
CVKD,2026-08-10,1.94,1.94,0.0,2026-08-11,,,,,,,,
CVLC,2026-08-10,97.06,96.88,-0.001854522975479167,2026-08-11,,,,,,,,
CVLG,2026-08-10,33.48,33.37,-0.003285543608124275,2026-08-11,,,,,,,,
CVLT,2026-08-10,139.43,139.43,0.0,2026-08-11,,,,,,,,
CVM,2026-08-10,1.49,1.52,0.020134228187919545,2026-08-11,,,,,,,,
CVMC,2026-08-10,77.84,78.08,0.0030832476875641834,2026-08-11,,,,,,,,
CVNA,2026-08-10,74.16,72.0,-0.029126213592232997,2026-08-11,,,,,,,,
CVNY,2026-08-10,22.23,21.73,-0.02249212775528564,2026-08-11,,,,,,,,
CVR,2026-08-10,10.3,10.3,0.0,2026-08-11,,,,,,,,
CVRD,2026-08-10,18.78,18.83,0.0026624068157612424,2026-08-11,,,,,,,,
CVRT,2026-08-10,48.19,48.01,-0.0037352147748495046,2026-08-11,,,,,,,,
CVRX,2026-08-10,2.37,2.6,0.09704641350210963,2026-08-11,,,,,,,,
CVS,2026-08-10,95.67,93.5,-0.02268213651092299,2026-08-11,,,,,,,,
CVSA,2026-08-10,128.71,126.48,-0.017325771113355648,2026-08-11,,,,,,,,
CVSB,2026-08-10,50.69,50.68,-0.00019727756954035502,2026-08-11,,,,,,,,
CVSM,2026-08-10,26.57,26.58,0.0003763643206622369,2026-08-11,,,,,,,,
CVU,2026-08-10,5.25,5.49,0.04571428571428582,2026-08-11,,,,,,,,
CVV,2026-08-10,7.84,7.82,-0.0025510204081632404,2026-08-11,,,,,,,,
CVX,2026-08-10,194.91,196.66,0.008978502898773888,2026-08-11,,,,,,,,
CVY,2026-08-10,30.05,30.07,0.000665557404326167,2026-08-11,,,,,,,,
CW,2026-08-10,694.35,705.96,0.01672067401166566,2026-08-11,,,,,,,,
CWB,2026-08-10,103.61,103.67,0.0005790946819805853,2026-08-11,,,,,,,,
CWBC,2026-08-10,24.9,25.47,0.02289156626506017,2026-08-11,,,,,,,,
CWCO,2026-08-10,30.24,32.32,0.06878306878306883,2026-08-11,,,,,,,,
CWD,2026-08-10,0.51,0.56,0.0980392156862746,2026-08-11,,,,,,,,
CWEB,2026-08-10,26.36,24.57,-0.0679059180576631,2026-08-11,,,,,,,,
CWEN,2026-08-10,33.05,34.5,0.04387291981845687,2026-08-11,,,,,,,,
CWH,2026-08-10,6.15,6.34,0.03089430894308931,2026-08-11,,,,,,,,
CWI,2026-08-10,41.2,41.22,0.00048543689320368344,2026-08-11,,,,,,,,
CWK,2026-08-10,13.28,13.75,0.03539156626506035,2026-08-11,,,,,,,,
CWS,2026-08-10,73.07,73.28,0.0028739564800877027,2026-08-11,,,,,,,,
CWST,2026-08-10,89.99,92.52,0.028114234914990544,2026-08-11,,,,,,,,
CWT,2026-08-10,49.48,49.98,0.010105092966855356,2026-08-11,,,,,,,,
CWVX,2026-08-10,17.4,18.15,0.0431034482758621,2026-08-11,,,,,,,,
CWY,2026-08-10,16.94,16.99,0.0029515938606845538,2026-08-11,,,,,,,,
CX,2026-08-10,11.3,11.19,-0.009734513274336387,2026-08-11,,,,,,,,
CXAI,2026-08-10,0.16,0.16,0.0,2026-08-11,,,,,,,,
CXDO,2026-08-10,6.3,6.43,0.02063492063492056,2026-08-11,,,,,,,,
CXII,2026-08-10,10.77,10.73,-0.003714020427112219,2026-08-11,,,,,,,,
CXM,2026-08-10,6.93,6.87,-0.008658008658008587,2026-08-11,,,,,,,,
CXRN,2026-08-10,16.43,16.33,-0.0060864272671942166,2026-08-11,,,,,,,,
CXSE,2026-08-10,39.48,38.89,-0.014944275582573385,2026-08-11,,,,,,,,
CXT,2026-08-10,51.49,51.18,-0.006020586521654714,2026-08-11,,,,,,,,
CXW,2026-08-10,33.0,33.92,0.027878787878787836,2026-08-11,,,,,,,,
CYAB,2026-08-10,0.34,0.34,0.0,2026-08-11,,,,,,,,
CYCN,2026-08-10,3.58,3.57,-0.0027932960893854997,2026-08-11,,,,,,,,
CYCU,2026-08-10,0.65,0.59,-0.09230769230769242,2026-08-11,,,,,,,,
CYD,2026-08-10,46.15,46.76,0.013217768147345543,2026-08-11,,,,,,,,
CYH,2026-08-10,2.94,2.84,-0.03401360544217691,2026-08-11,,,,,,,,
CYN,2026-08-10,1.24,1.26,0.016129032258064502,2026-08-11,,,,,,,,
CYPH,2026-08-10,0.68,0.68,0.0,2026-08-11,,,,,,,,
CYRX,2026-08-10,14.82,14.95,0.00877192982456143,2026-08-11,,,,,,,,
CYTK,2026-08-10,77.49,76.45,-0.013421086591818177,2026-08-11,,,,,,,,
CZA,2026-08-10,127.04,127.1,0.0004722921914357414,2026-08-11,,,,,,,,
CZFS,2026-08-10,81.09,82.29,0.014798372179060326,2026-08-11,,,,,,,,
CZNC,2026-08-10,25.32,25.59,0.010663507109004655,2026-08-11,,,,,,,,
CZR,2026-08-10,30.07,29.74,-0.0109743930828069,2026-08-11,,,,,,,,
CZWI,2026-08-10,20.37,20.51,0.0068728522336769515,2026-08-11,,,,,,,,
D,2026-08-10,67.15,68.1,0.014147431124348353,2026-08-11,,,,,,,,
DAAQ,2026-08-10,7.5,7.65,0.020000000000000018,2026-08-11,,,,,,,,
DABS,2026-08-10,50.36,50.34,-0.00039714058776796346,2026-08-11,,,,,,,,
DAC,2026-08-10,138.32,135.02,-0.02385772122614216,2026-08-11,,,,,,,,
DADS,2026-08-10,19.74,19.74,0.0,2026-08-11,,,,,,,,
DAIC,2026-08-10,0.77,0.82,0.06493506493506485,2026-08-11,,,,,,,,
DAIO,2026-08-10,2.89,2.92,0.01038062283737018,2026-08-11,,,,,,,,
DAK,2026-08-10,30.11,30.02,-0.0029890401859846705,2026-08-11,,,,,,,,
DAKT,2026-08-10,21.28,21.2,-0.00375939849624074,2026-08-11,,,,,,,,
DAL,2026-08-10,89.21,90.41,0.01345140679296053,2026-08-11,,,,,,,,
DALI,2026-08-10,29.01,29.03,0.0006894174422613641,2026-08-11,,,,,,,,
DAMD,2026-08-10,1.71,1.68,-0.01754385964912286,2026-08-11,,,,,,,,
DAN,2026-08-10,29.84,30.4,0.018766756032171594,2026-08-11,,,,,,,,
DANA,2026-08-10,25.06,25.05,-0.0003990422984835318,2026-08-11,,,,,,,,
DAO,2026-08-10,18.12,18.36,0.013245033112582627,2026-08-11,,,,,,,,
DAPP,2026-08-10,17.12,17.36,0.014018691588784993,2026-08-11,,,,,,,,
DAPR,2026-08-10,41.58,41.54,-0.0009620009620009418,2026-08-11,,,,,,,,
DAR,2026-08-10,62.83,62.36,-0.007480502944453238,2026-08-11,,,,,,,,
DARE,2026-08-10,1.36,1.44,0.0588235294117645,2026-08-11,,,,,,,,
DARP,2026-08-10,58.18,58.1,-0.0013750429700928324,2026-08-11,,,,,,,,
DASH,2026-08-10,209.86,212.0,0.010197274373391796,2026-08-11,,,,,,,,
DAT,2026-08-10,49.81,49.55,-0.005219835374422943,2026-08-11,,,,,,,,
DAUG,2026-08-10,47.45,47.47,0.00042149631190713244,2026-08-11,,,,,,,,
DAVA,2026-08-10,3.01,3.02,0.0033222591362127574,2026-08-11,,,,,,,,
DAVE,2026-08-10,308.82,310.0,0.003820996049478609,2026-08-11,,,,,,,,
DAX,2026-08-10,47.01,47.12,0.0023399276749627163,2026-08-11,,,,,,,,
DB,2026-08-10,38.27,38.23,-0.0010452051215052993,2026-08-11,,,,,,,,
DBA,2026-08-10,27.82,27.59,-0.008267433501078392,2026-08-11,,,,,,,,
DBAW,2026-08-10,48.45,48.46,0.00020639834881319707,2026-08-11,,,,,,,,
DBB,2026-08-10,25.67,25.69,0.00077911959485788,2026-08-11,,,,,,,,
DBC,2026-08-10,29.93,29.97,0.0013364517206815307,2026-08-11,,,,,,,,
DBCA,2026-08-10,10.0,10.0,0.0,2026-08-11,,,,,,,,
DBD,2026-08-10,71.66,70.81,-0.011861568518001575,2026-08-11,,,,,,,,
DBE,2026-08-10,31.17,31.57,0.01283285210137941,2026-08-11,,,,,,,,
DBEF,2026-08-10,56.22,56.25,0.0005336179295625243,2026-08-11,,,,,,,,
DBEM,2026-08-10,38.41,38.51,0.0026034886748242947,2026-08-11,,,,,,,,
DBEU,2026-08-10,55.29,55.21,-0.0014469162597214869,2026-08-11,,,,,,,,
DBEZ,2026-08-10,64.05,64.16,0.0017174082747852815,2026-08-11,,,,,,,,
DBGI,2026-08-10,17.05,15.8,-0.07331378299120239,2026-08-11,,,,,,,,
DBI,2026-08-10,6.57,6.33,-0.0365296803652968,2026-08-11,,,,,,,,
DBJP,2026-08-10,115.99,116.26,0.00232778687817925,2026-08-11,,,,,,,,
DBL,2026-08-10,14.2,14.27,0.004929577464788837,2026-08-11,,,,,,,,
DBMF,2026-08-10,31.32,31.33,0.00031928480204346243,2026-08-11,,,,,,,,
DBND,2026-08-10,44.91,44.95,0.0008906702293476343,2026-08-11,,,,,,,,
DBO,2026-08-10,20.85,21.04,0.009112709832134192,2026-08-11,,,,,,,,
DBP,2026-08-10,101.45,100.82,-0.006209955643174059,2026-08-11,,,,,,,,
DBRG,2026-08-10,15.93,15.94,0.0006277463904582614,2026-08-11,,,,,,,,
DBVT,2026-08-10,14.27,14.09,-0.01261387526278901,2026-08-11,,,,,,,,
DBX,2026-08-10,34.59,34.08,-0.014744145706851786,2026-08-11,,,,,,,,
DC,2026-08-10,6.13,6.3,0.027732463295269127,2026-08-11,,,,,,,,
DCBO,2026-08-10,23.41,23.06,-0.01495087569414788,2026-08-11,,,,,,,,
DCGO,2026-08-10,0.57,0.58,0.01754385964912286,2026-08-11,,,,,,,,
DCH,2026-08-10,6.64,6.89,0.03765060240963858,2026-08-11,,,,,,,,
DCI,2026-08-10,96.74,96.91,0.0017572875749432004,2026-08-11,,,,,,,,
DCMT,2026-08-10,34.2,34.3,0.0029239766081869956,2026-08-11,,,,,,,,
DCO,2026-08-10,194.85,197.26,0.012368488580959625,2026-08-11,,,,,,,,
DCOM,2026-08-10,40.14,40.63,0.012207274539113078,2026-08-11,,,,,,,,
DCOR,2026-08-10,85.13,85.08,-0.0005873370139786172,2026-08-11,,,,,,,,
DCOY,2026-08-10,3.83,3.87,0.010443864229765065,2026-08-11,,,,,,,,
DCRE,2026-08-10,51.53,51.52,-0.00019406171162428265,2026-08-11,,,,,,,,
DCTH,2026-08-10,16.67,17.22,0.03299340131973594,2026-08-11,,,,,,,,
DCX,2026-08-10,0.98,0.97,-0.010204081632653073,2026-08-11,,,,,,,,
DD,2026-08-10,141.55,144.49,0.020770045920169622,2026-08-11,,,,,,,,
DDC,2026-08-10,0.55,0.49,-0.10909090909090913,2026-08-11,,,,,,,,
DDD,2026-08-10,3.68,3.81,0.03532608695652173,2026-08-11,,,,,,,,
DDDD,2026-08-10,33.52,33.68,0.004773269689737347,2026-08-11,,,,,,,,
DDEC,2026-08-10,48.24,48.21,-0.0006218905472636926,2026-08-11,,,,,,,,
DDFA,2026-08-10,20.42,20.42,0.0,2026-08-11,,,,,,,,
DDFD,2026-08-10,20.23,20.22,-0.0004943153732082095,2026-08-11,,,,,,,,
DDFF,2026-08-10,20.2,20.17,-0.0014851485148513754,2026-08-11,,,,,,,,
DDFG,2026-08-10,19.38,19.38,0.0,2026-08-11,,,,,,,,
DDFJ,2026-08-10,20.0,19.99,-0.000500000000000056,2026-08-11,,,,,,,,
DDFL,2026-08-10,21.56,21.53,-0.0013914656771798484,2026-08-11,,,,,,,,
DDFM,2026-08-10,19.98,20.0,0.0010010010010010895,2026-08-11,,,,,,,,
DDFN,2026-08-10,20.36,20.36,0.0,2026-08-11,,,,,,,,
DDFO,2026-08-10,22.72,22.72,0.0,2026-08-11,,,,,,,,
DDFS,2026-08-10,22.2,22.21,0.00045045045045055687,2026-08-11,,,,,,,,
DDFY,2026-08-10,20.35,20.3,-0.002457002457002533,2026-08-11,,,,,,,,
DDFZ,2026-08-10,19.67,19.62,-0.00254194204372149,2026-08-11,,,,,,,,
DDI,2026-08-10,12.05,12.37,0.02655601659751028,2026-08-11,,,,,,,,
DDIV,2026-08-10,47.08,47.18,0.0021240441801189114,2026-08-11,,,,,,,,
DDL,2026-08-10,2.37,2.31,-0.025316455696202556,2026-08-11,,,,,,,,
DDLS,2026-08-10,45.73,45.75,0.00043734966105413164,2026-08-11,,,,,,,,
DDM,2026-08-10,69.25,68.81,-0.006353790613718324,2026-08-11,,,,,,,,
DDNQ,2026-08-10,20.77,20.73,-0.001925854597977783,2026-08-11,,,,,,,,
DDOG,2026-08-10,260.78,246.78,-0.053685098550502186,2026-08-11,,,,,,,,
DDS,2026-08-10,633.98,646.04,0.019022682103536193,2026-08-11,,,,,,,,
DDSQ,2026-08-10,21.41,21.4,-0.0004670714619336991,2026-08-11,,,,,,,,
DDTA,2026-08-10,20.75,20.76,0.0004819277108434328,2026-08-11,,,,,,,,
DDTD,2026-08-10,20.74,20.72,-0.0009643201542911539,2026-08-11,,,,,,,,
DDTF,2026-08-10,20.57,20.58,0.00048614487117148997,2026-08-11,,,,,,,,
DDTG,2026-08-10,19.49,19.48,-0.0005130836326320276,2026-08-11,,,,,,,,
DDTJ,2026-08-10,20.49,20.47,-0.0009760858955587537,2026-08-11,,,,,,,,
DDTL,2026-08-10,22.42,22.38,-0.001784121320249854,2026-08-11,,,,,,,,
DDTM,2026-08-10,20.43,20.41,-0.0009789525208027117,2026-08-11,,,,,,,,
DDTN,2026-08-10,20.83,20.82,-0.00048007681228989796,2026-08-11,,,,,,,,
DDTO,2026-08-10,23.39,23.33,-0.002565198802907287,2026-08-11,,,,,,,,
DDTS,2026-08-10,22.9,22.9,0.0,2026-08-11,,,,,,,,
DDTY,2026-08-10,20.61,20.58,-0.0014556040756914523,2026-08-11,,,,,,,,
DDTZ,2026-08-10,19.82,19.79,-0.0015136226034309086,2026-08-11,,,,,,,,
DDV,2026-08-10,25.42,25.44,0.0007867820613689513,2026-08-11,,,,,,,,
DDWM,2026-08-10,47.67,47.59,-0.0016782043213761089,2026-08-11,,,,,,,,
DDX,2026-08-10,25.33,25.35,0.0007895775759969581,2026-08-11,,,,,,,,
DDXX,2026-08-10,28.64,28.68,0.0013966480446927498,2026-08-11,,,,,,,,
DE,2026-08-10,609.28,617.95,0.01422991071428581,2026-08-11,,,,,,,,
DEA,2026-08-10,23.97,24.0,0.0012515644555695093,2026-08-11,,,,,,,,
DEC,2026-08-10,14.34,14.65,0.021617852161785356,2026-08-11,,,,,,,,
DECK,2026-08-10,97.44,93.84,-0.03694581280788167,2026-08-11,,,,,,,,
DECM,2026-08-10,34.05,34.05,0.0,2026-08-11,,,,,,,,
DECO,2026-08-10,71.66,72.2,0.007535584705554044,2026-08-11,,,,,,,,
DECP,2026-08-10,33.21,33.17,-0.0012044564890093534,2026-08-11,,,,,,,,
DECT,2026-08-10,40.24,40.18,-0.0014910536779324524,2026-08-11,,,,,,,,
DECU,2026-08-10,29.98,29.89,-0.0030020013342227925,2026-08-11,,,,,,,,
DECW,2026-08-10,36.25,36.22,-0.0008275862068966022,2026-08-11,,,,,,,,
DECZ,2026-08-10,44.4,44.28,-0.002702702702702675,2026-08-11,,,,,,,,
DEED,2026-08-10,21.12,21.12,0.0,2026-08-11,,,,,,,,
DEEF,2026-08-10,40.32,40.33,0.0002480158730158166,2026-08-11,,,,,,,,
DEEP,2026-08-10,43.48,43.23,-0.0057497700091996284,2026-08-11,,,,,,,,
DEFI,2026-08-10,72.28,71.61,-0.009269507470946348,2026-08-11,,,,,,,,
DEFR,2026-08-10,26.6,26.63,0.0011278195488721998,2026-08-11,,,,,,,,
DEFT,2026-08-10,0.46,0.48,0.04347826086956519,2026-08-11,,,,,,,,
DEHP,2026-08-10,40.09,40.16,0.0017460713394858995,2026-08-11,,,,,,,,
DEI,2026-08-10,11.54,11.49,-0.004332755632582286,2026-08-11,,,,,,,,
DELL,2026-08-10,457.88,440.97,-0.03693107364374937,2026-08-11,,,,,,,,
DEM,2026-08-10,54.66,54.41,-0.004573728503476038,2026-08-11,,,,,,,,
DEMZ,2026-08-10,48.29,48.32,0.00062124663491403,2026-08-11,,,,,,,,
DEO,2026-08-10,97.11,94.94,-0.022345793430130767,2026-08-11,,,,,,,,
DERM,2026-08-10,6.44,6.32,-0.018633540372670843,2026-08-11,,,,,,,,
DES,2026-08-10,41.04,41.14,0.002436647173489348,2026-08-11,,,,,,,,
DESK,2026-08-10,40.82,40.71,-0.002694757471827569,2026-08-11,,,,,,,,
DETX,2026-08-10,3.67,3.73,0.016348773841961872,2026-08-11,,,,,,,,
DEUS,2026-08-10,67.77,67.84,0.0010329054153757067,2026-08-11,,,,,,,,
DEW,2026-08-10,71.96,72.09,0.0018065591995555241,2026-08-11,,,,,,,,
DEXC,2026-08-10,76.15,76.82,0.008798424162836271,2026-08-11,,,,,,,,
DFAC,2026-08-10,45.91,45.87,-0.0008712698758440718,2026-08-11,,,,,,,,
DFAE,2026-08-10,38.67,38.77,0.0025859839668993523,2026-08-11,,,,,,,,
DFAI,2026-08-10,43.14,43.16,0.00046360686138147145,2026-08-11,,,,,,,,
DFAL,2026-08-10,52.05,51.91,-0.0026897214217098675,2026-08-11,,,,,,,,
DFAR,2026-08-10,26.19,25.96,-0.008781977854142808,2026-08-11,,,,,,,,
DFAS,2026-08-10,83.22,83.5,0.0033645758231195533,2026-08-11,,,,,,,,
DFAT,2026-08-10,71.87,72.0,0.0018088214832334693,2026-08-11,,,,,,,,
DFAU,2026-08-10,53.51,53.39,-0.002242571481965938,2026-08-11,,,,,,,,
DFAW,2026-08-10,85.44,85.41,-0.000351123595505598,2026-08-11,,,,,,,,
DFAX,2026-08-10,37.75,37.73,-0.0005298013245034205,2026-08-11,,,,,,,,
DFCA,2026-08-10,49.76,49.76,0.0,2026-08-11,,,,,,,,
DFCF,2026-08-10,41.59,41.62,0.0007213272421253691,2026-08-11,,,,,,,,
DFDV,2026-08-10,2.86,2.85,-0.0034965034965034336,2026-08-11,,,,,,,,
DFE,2026-08-10,76.34,76.57,0.0030128373067852543,2026-08-11,,,,,,,,
DFEB,2026-08-10,51.33,51.29,-0.0007792713812585506,2026-08-11,,,,,,,,
DFEM,2026-08-10,39.11,39.24,0.0033239580669905955,2026-08-11,,,,,,,,
DFEN,2026-08-10,86.28,87.12,0.009735744089012455,2026-08-11,,,,,,,,
DFEV,2026-08-10,41.14,41.42,0.006806028196402636,2026-08-11,,,,,,,,
DFGP,2026-08-10,53.38,53.4,0.00037467216185826935,2026-08-11,,,,,,,,
DFGR,2026-08-10,29.25,29.07,-0.006153846153846176,2026-08-11,,,,,,,,
DFGX,2026-08-10,52.35,52.41,0.0011461318051575464,2026-08-11,,,,,,,,
DFH,2026-08-10,13.79,14.14,0.025380710659898664,2026-08-11,,,,,,,,
DFIC,2026-08-10,39.07,39.09,0.0005119017148709215,2026-08-11,,,,,,,,
DFII,2026-08-10,11.69,11.61,-0.006843455945252375,2026-08-11,,,,,,,,
DFIN,2026-08-10,47.41,47.14,-0.0056950010546297225,2026-08-11,,,,,,,,
DFIP,2026-08-10,40.51,40.53,0.0004937052579609968,2026-08-11,,,,,,,,
DFIS,2026-08-10,37.09,37.15,0.0016176867080073265,2026-08-11,,,,,,,,
DFIV,2026-08-10,57.75,57.75,0.0,2026-08-11,,,,,,,,
DFJ,2026-08-10,111.55,111.86,0.0027790228597042166,2026-08-11,,,,,,,,
DFLI,2026-08-10,1.31,1.29,-0.01526717557251911,2026-08-11,,,,,,,,
DFLV,2026-08-10,41.84,41.89,0.001195028680688326,2026-08-11,,,,,,,,
DFMC,2026-08-10,61.35,61.56,0.0034229828850855792,2026-08-11,,,,,,,,
DFNL,2026-08-10,52.32,52.57,0.004778287461773667,2026-08-11,,,,,,,,
DFNM,2026-08-10,47.85,47.84,-0.0002089864158829613,2026-08-11,,,,,,,,
DFNS,2026-08-10,37.1,36.58,-0.014016172506738589,2026-08-11,,,,,,,,
DFP,2026-08-10,20.91,20.8,-0.005260640841702524,2026-08-11,,,,,,,,
DFSB,2026-08-10,50.88,50.87,-0.0001965408805032487,2026-08-11,,,,,,,,
DFSC,2026-08-10,1.21,1.29,0.06611570247933884,2026-08-11,,,,,,,,
DFSD,2026-08-10,47.39,47.4,0.000211014982063773,2026-08-11,,,,,,,,
DFSE,2026-08-10,47.72,47.94,0.0046102263202012495,2026-08-11,,,,,,,,
DFSI,2026-08-10,47.27,47.22,-0.0010577533319230392,2026-08-11,,,,,,,,
DFSU,2026-08-10,48.76,48.66,-0.002050861361772016,2026-08-11,,,,,,,,
DFSV,2026-08-10,40.32,40.4,0.001984126984126977,2026-08-11,,,,,,,,
DFTT,2026-08-10,30.55,30.48,-0.0022913256955809924,2026-08-11,,,,,,,,
DFTX,2026-08-10,45.15,40.91,-0.09390919158361022,2026-08-11,,,,,,,,
DFUS,2026-08-10,84.53,84.3,-0.002720927481367652,2026-08-11,,,,,,,,
DFUV,2026-08-10,57.25,57.31,0.001048034934497899,2026-08-11,,,,,,,,
DFVE,2026-08-10,37.28,37.31,0.0008047210300430319,2026-08-11,,,,,,,,
DFVX,2026-08-10,86.11,85.98,-0.0015096968993147941,2026-08-11,,,,,,,,
DG,2026-08-10,122.42,120.07,-0.019196209769645534,2026-08-11,,,,,,,,
DGAC,2026-08-10,9.95,9.95,0.0,2026-08-11,,,,,,,,
DGAP,2026-08-10,30.9,30.9,0.0,2026-08-11,,,,,,,,
DGCB,2026-08-10,53.38,53.41,0.000562008242787515,2026-08-11,,,,,,,,
DGICA,2026-08-10,18.67,18.68,0.0005356186395284457,2026-08-11,,,,,,,,
DGII,2026-08-10,82.75,83.58,0.010030211480362539,2026-08-11,,,,,,,,
DGIN,2026-08-10,36.77,37.17,0.010878433505575158,2026-08-11,,,,,,,,
DGJA,2026-08-10,31.97,31.97,0.0,2026-08-11,,,,,,,,
DGJL,2026-08-10,30.15,30.14,-0.00033167495854058426,2026-08-11,,,,,,,,
DGLO,2026-08-10,24.57,24.73,0.006512006512006563,2026-08-11,,,,,,,,
DGNX,2026-08-10,1.74,1.62,-0.06896551724137923,2026-08-11,,,,,,,,
DGOC,2026-08-10,32.76,32.76,0.0,2026-08-11,,,,,,,,
DGP,2026-08-10,153.25,152.24,-0.006590538336052165,2026-08-11,,,,,,,,
DGRE,2026-08-10,39.21,39.57,0.009181331293037553,2026-08-11,,,,,,,,
DGRO,2026-08-10,79.62,79.69,0.0008791760864104159,2026-08-11,,,,,,,,
DGRS,2026-08-10,60.87,61.04,0.0027928371940200147,2026-08-11,,,,,,,,
DGRW,2026-08-10,100.11,99.83,-0.0027969233842772834,2026-08-11,,,,,,,,
DGS,2026-08-10,63.9,63.54,-0.005633802816901401,2026-08-11,,,,,,,,
DGT,2026-08-10,191.64,191.35,-0.0015132540179503273,2026-08-11,,,,,,,,
DGX,2026-08-10,237.63,237.5,-0.0005470689727727907,2026-08-11,,,,,,,,
DGXX,2026-08-10,3.75,3.79,0.010666666666666602,2026-08-11,,,,,,,,
DGZ,2026-08-10,5.33,5.33,0.0,2026-08-11,,,,,,,,
DH,2026-08-10,0.7,0.64,-0.08571428571428563,2026-08-11,,,,,,,,
DHC,2026-08-10,8.41,8.16,-0.029726516052318686,2026-08-11,,,,,,,,
DHDG,2026-08-10,37.55,37.53,-0.0005326231691077377,2026-08-11,,,,,,,,
DHF,2026-08-10,2.38,2.4,0.008403361344537785,2026-08-11,,,,,,,,
DHI,2026-08-10,146.66,150.79,0.02816037092595125,2026-08-11,,,,,,,,
DHLX,2026-08-10,14.01,13.98,-0.0021413276231262435,2026-08-11,,,,,,,,
DHR,2026-08-10,209.37,207.44,-0.009218130582222872,2026-08-11,,,,,,,,
DHS,2026-08-10,117.01,117.58,0.004871378514656799,2026-08-11,,,,,,,,
DHSB,2026-08-10,27.5,27.48,-0.0007272727272726875,2026-08-11,,,,,,,,
DHT,2026-08-10,18.33,18.2,-0.007092198581560183,2026-08-11,,,,,,,,
DHX,2026-08-10,3.64,3.82,0.049450549450549275,2026-08-11,,,,,,,,
DHY,2026-08-10,1.76,1.75,-0.005681818181818232,2026-08-11,,,,,,,,
DIA,2026-08-10,538.99,537.28,-0.003172600604835041,2026-08-11,,,,,,,,
DIAL,2026-08-10,17.91,17.92,0.0005583472920156485,2026-08-11,,,,,,,,
DIBS,2026-08-10,4.56,4.43,-0.028508771929824595,2026-08-11,,,,,,,,
DIEM,2026-08-10,41.3,41.42,0.0029055690072641305,2026-08-11,,,,,,,,
DIG,2026-08-10,62.28,63.65,0.021997430956968378,2026-08-11,,,,,,,,
DIHP,2026-08-10,35.58,35.58,0.0,2026-08-11,,,,,,,,
DIM,2026-08-10,88.66,88.41,-0.002819760884277045,2026-08-11,,,,,,,,
DIME,2026-08-10,7.44,7.32,-0.016129032258064502,2026-08-11,,,,,,,,
DIN,2026-08-10,35.82,35.84,0.0005583472920156485,2026-08-11,,,,,,,,
DINE,2026-08-10,25.14,25.11,-0.0011933174224344478,2026-08-11,,,,,,,,
DINO,2026-08-10,85.22,85.55,0.0038723304388641466,2026-08-11,,,,,,,,
DINT,2026-08-10,30.42,30.41,-0.0003287310979619429,2026-08-11,,,,,,,,
DIOD,2026-08-10,100.94,103.15,0.021894194571032477,2026-08-11,,,,,,,,
DIPR,2026-08-10,24.82,24.96,0.005640612409347323,2026-08-11,,,,,,,,
DIPS,2026-08-10,34.77,34.82,0.001438021282714974,2026-08-11,,,,,,,,
DIS,2026-08-10,103.18,103.53,0.0033921302578019397,2026-08-11,,,,,,,,
DISK,2026-08-10,33.14,33.85,0.02142426071213044,2026-08-11,,,,,,,,
DISV,2026-08-10,43.65,43.74,0.0020618556701030855,2026-08-11,,,,,,,,
DIT,2026-08-10,68.74,68.74,0.0,2026-08-11,,,,,,,,
DIV,2026-08-10,19.48,19.42,-0.0030800821355235763,2026-08-11,,,,,,,,
DIVB,2026-08-10,67.66,67.73,0.0010345846881467669,2026-08-11,,,,,,,,
DIVD,2026-08-10,44.9,44.88,-0.00044543429844090543,2026-08-11,,,,,,,,
DIVE,2026-08-10,27.6,27.51,-0.003260869565217428,2026-08-11,,,,,,,,
DIVG,2026-08-10,38.03,38.13,0.0026295030239285033,2026-08-11,,,,,,,,
DIVI,2026-08-10,44.45,44.49,0.000899887514060671,2026-08-11,,,,,,,,
DIVL,2026-08-10,25.54,25.6,0.002349256068911565,2026-08-11,,,,,,,,
DIVN,2026-08-10,30.22,30.33,0.0036399735274652567,2026-08-11,,,,,,,,
DIVO,2026-08-10,48.16,48.11,-0.0010382059800664312,2026-08-11,,,,,,,,
DIVP,2026-08-10,27.54,27.56,0.000726216412490821,2026-08-11,,,,,,,,
DIVS,2026-08-10,35.01,35.01,0.0,2026-08-11,,,,,,,,
DIVY,2026-08-10,30.78,30.99,0.006822612085769952,2026-08-11,,,,,,,,
DIVZ,2026-08-10,38.26,38.27,0.00026136957658140503,2026-08-11,,,,,,,,
DJAN,2026-08-10,46.35,46.31,-0.0008629989212513012,2026-08-11,,,,,,,,
DJCO,2026-08-10,561.29,559.88,-0.002512070409235845,2026-08-11,,,,,,,,
DJD,2026-08-10,66.15,65.9,-0.0037792894935751997,2026-08-11,,,,,,,,
DJIA,2026-08-10,22.74,22.81,0.0030782761653473933,2026-08-11,,,,,,,,
DJP,2026-08-10,48.49,48.48,-0.00020622808826575856,2026-08-11,,,,,,,,
DJT,2026-08-10,9.39,8.91,-0.051118210862619806,2026-08-11,,,,,,,,
DJTU,2026-08-10,12.89,11.71,-0.09154383242823894,2026-08-11,,,,,,,,
DJUL,2026-08-10,51.27,51.22,-0.0009752291788570622,2026-08-11,,,,,,,,
DJUN,2026-08-10,50.2,50.12,-0.0015936254980081221,2026-08-11,,,,,,,,
DK,2026-08-10,60.81,63.94,0.051471797401743125,2026-08-11,,,,,,,,
DKI,2026-08-10,4.35,3.92,-0.09885057471264358,2026-08-11,,,,,,,,
DKL,2026-08-10,59.3,58.52,-0.013153456998313606,2026-08-11,,,,,,,,
DKNG,2026-08-10,24.27,25.34,0.04408735063864855,2026-08-11,,,,,,,,
DKNX,2026-08-10,17.3,18.73,0.08265895953757219,2026-08-11,,,,,,,,
DKS,2026-08-10,214.1,205.03,-0.0423633815973844,2026-08-11,,,,,,,,
DLAG,2026-08-10,33.49,33.51,0.0005971931919974693,2026-08-11,,,,,,,,
DLB,2026-08-10,62.1,61.36,-0.011916264090177209,2026-08-11,,,,,,,,
DLCU,2026-08-10,50.09,49.92,-0.0033938909962069053,2026-08-11,,,,,,,,
DLFE,2026-08-10,32.26,32.23,-0.0009299442033477989,2026-08-11,,,,,,,,
DLHC,2026-08-10,4.84,4.76,-0.016528925619834767,2026-08-11,,,,,,,,
DLLL,2026-08-10,25.9,23.86,-0.07876447876447878,2026-08-11,,,,,,,,
DLMY,2026-08-10,30.5,30.45,-0.0016393442622950616,2026-08-11,,,,,,,,
DLN,2026-08-10,100.83,100.78,-0.0004958841614598475,2026-08-11,,,,,,,,
DLNG,2026-08-10,3.85,3.77,-0.020779220779220786,2026-08-11,,,,,,,,
DLNV,2026-08-10,33.47,33.46,-0.00029877502240804876,2026-08-11,,,,,,,,
DLO,2026-08-10,14.37,14.11,-0.018093249826026447,2026-08-11,,,,,,,,
DLPN,2026-08-10,1.08,1.09,0.0092592592592593,2026-08-11,,,,,,,,
DLR,2026-08-10,191.3,190.81,-0.0025614218504966813,2026-08-11,,,,,,,,
DLS,2026-08-10,87.79,87.95,0.0018225310399817563,2026-08-11,,,,,,,,
DLTH,2026-08-10,3.98,4.0,0.005025125628140614,2026-08-11,,,,,,,,
DLTR,2026-08-10,129.37,128.06,-0.010125995207544314,2026-08-11,,,,,,,,
DLUX,2026-08-10,50.28,50.28,0.0,2026-08-11,,,,,,,,
DLX,2026-08-10,24.48,23.84,-0.02614379084967322,2026-08-11,,,,,,,,
DLXY,2026-08-10,0.37,0.38,0.027027027027026973,2026-08-11,,,,,,,,
DLY,2026-08-10,14.2,14.2,0.0,2026-08-11,,,,,,,,
DMA,2026-08-10,7.66,7.66,0.0,2026-08-11,,,,,,,,
DMAA,2026-08-10,10.71,10.69,-0.0018674136321196189,2026-08-11,,,,,,,,
DMAC,2026-08-10,6.65,6.87,0.03308270676691727,2026-08-11,,,,,,,,
DMAR,2026-08-10,45.33,45.32,-0.00022060445620997182,2026-08-11,,,,,,,,
DMAX,2026-08-10,27.59,27.61,0.0007249003262050913,2026-08-11,,,,,,,,
DMAY,2026-08-10,47.99,47.93,-0.0012502604709314635,2026-08-11,,,,,,,,
DMB,2026-08-10,10.62,10.61,-0.0009416195856873921,2026-08-11,,,,,,,,
DMBS,2026-08-10,48.13,48.18,0.0010388531061706896,2026-08-11,,,,,,,,
DMC,2026-08-10,30.27,30.66,0.012884043607532147,2026-08-11,,,,,,,,
DMII,2026-08-10,10.12,10.11,-0.0009881422924901129,2026-08-11,,,,,,,,
DMLP,2026-08-10,26.53,27.18,0.024500565397662877,2026-08-11,,,,,,,,
DMO,2026-08-10,10.48,10.49,0.000954198473282375,2026-08-11,,,,,,,,
DMRA,2026-08-10,29.54,30.36,0.02775897088693302,2026-08-11,,,,,,,,
DMRC,2026-08-10,7.51,7.69,0.023968042609853635,2026-08-11,,,,,,,,
DMX,2026-08-10,50.0,50.0,0.0,2026-08-11,,,,,,,,
DMXF,2026-08-10,86.62,86.86,0.002770722696836758,2026-08-11,,,,,,,,
DNA,2026-08-10,7.65,7.51,-0.018300653594771288,2026-08-11,,,,,,,,
DNL,2026-08-10,46.95,47.02,0.001490947816826349,2026-08-11,,,,,,,,
DNLI,2026-08-10,25.0,24.69,-0.012399999999999967,2026-08-11,,,,,,,,
DNMX,2026-08-10,10.04,10.05,0.0009960159362552012,2026-08-11,,,,,,,,
DNN,2026-08-10,3.26,3.31,0.015337423312883569,2026-08-11,,,,,,,,
DNOV,2026-08-10,52.22,52.17,-0.0009574875526617843,2026-08-11,,,,,,,,
DNOW,2026-08-10,16.65,16.66,0.0006006006006007425,2026-08-11,,,,,,,,
DNP,2026-08-10,10.86,10.88,0.0018416206261511192,2026-08-11,,,,,,,,
DNTH,2026-08-10,111.8,108.49,-0.029606440071556328,2026-08-11,,,,,,,,
DNUT,2026-08-10,3.14,3.09,-0.015923566878981,2026-08-11,,,,,,,,
DOC,2026-08-10,20.9,20.51,-0.0186602870813396,2026-08-11,,,,,,,,
DOCK,2026-08-10,26.98,26.94,-0.001482579688658281,2026-08-11,,,,,,,,
DOCN,2026-08-10,129.73,120.86,-0.06837277422338695,2026-08-11,,,,,,,,
DOCS,2026-08-10,25.63,26.11,0.018728053062817107,2026-08-11,,,,,,,,
DOCT,2026-08-10,47.49,47.49,0.0,2026-08-11,,,,,,,,
DOCU,2026-08-10,59.64,59.34,-0.005030181086519092,2026-08-11,,,,,,,,
DOG,2026-08-10,21.08,21.15,0.0033206831119545477,2026-08-11,,,,,,,,
DOGG,2026-08-10,22.21,22.15,-0.0027014858171995337,2026-08-11,,,,,,,,
DOGZ,2026-08-10,0.93,0.93,0.0,2026-08-11,,,,,,,,
DOJE,2026-08-10,6.46,6.56,0.015479876160990669,2026-08-11,,,,,,,,
DOL,2026-08-10,76.41,76.62,0.002748331370239665,2026-08-11,,,,,,,,
DOLE,2026-08-10,12.98,12.96,-0.0015408320493065508,2026-08-11,,,,,,,,
DOMH,2026-08-10,2.82,3.14,0.1134751773049647,2026-08-11,,,,,,,,
DOMO,2026-08-10,4.02,3.92,-0.02487562189054715,2026-08-11,,,,,,,,
DON,2026-08-10,58.14,58.33,0.0032679738562091387,2026-08-11,,,,,,,,
DOO,2026-08-10,64.11,65.24,0.017625955389174885,2026-08-11,,,,,,,,
DORM,2026-08-10,133.27,133.05,-0.0016507841224581155,2026-08-11,,,,,,,,
DOUG,2026-08-10,1.83,2.02,0.10382513661202175,2026-08-11,,,,,,,,
DOV,2026-08-10,210.1,208.45,-0.007853403141361293,2026-08-11,,,,,,,,
DOW,2026-08-10,30.58,31.26,0.022236756049705875,2026-08-11,,,,,,,,
DOX,2026-08-10,58.59,57.49,-0.018774534903567175,2026-08-11,,,,,,,,
DOYU,2026-08-10,4.45,4.61,0.035955056179775235,2026-08-11,,,,,,,,
DPC,2026-08-10,51.48,53.77,0.04448329448329469,2026-08-11,,,,,,,,
DPG,2026-08-10,14.37,14.53,0.011134307585247027,2026-08-11,,,,,,,,
DPRE,2026-08-10,26.09,25.91,-0.006899195093905686,2026-08-11,,,,,,,,
DPRO,2026-08-10,4.72,4.43,-0.06144067796610175,2026-08-11,,,,,,,,
DPST,2026-08-10,145.2,149.68,0.030853994490358305,2026-08-11,,,,,,,,
DPU,2026-08-10,2.03,2.1,0.034482758620689724,2026-08-11,,,,,,,,
DPZ,2026-08-10,347.85,357.34,0.027281874371136938,2026-08-11,,,,,,,,
DQ,2026-08-10,14.62,14.54,-0.005471956224350261,2026-08-11,,,,,,,,
DQJN,2026-08-10,29.55,29.48,-0.0023688663282571687,2026-08-11,,,,,,,,
DRAI,2026-08-10,33.75,33.67,-0.002370370370370356,2026-08-11,,,,,,,,
DRAL,2026-08-10,8.46,8.93,0.05555555555555536,2026-08-11,,,,,,,,
DRAM,2026-08-10,49.6,50.89,0.026008064516128915,2026-08-11,,,,,,,,
DRAY,2026-08-10,14.87,15.3,0.02891728312037678,2026-08-11,,,,,,,,
DRCT,2026-08-10,2.56,2.75,0.07421875,2026-08-11,,,,,,,,
DRD,2026-08-10,23.67,23.84,0.007182087029995676,2026-08-11,,,,,,,,
DRDB,2026-08-10,10.65,10.64,-0.0009389671361501595,2026-08-11,,,,,,,,
DRES,2026-08-10,31.58,31.6,0.0006333122229260635,2026-08-11,,,,,,,,
DRGN,2026-08-10,37.08,36.2,-0.023732470334411948,2026-08-11,,,,,,,,
DRH,2026-08-10,12.13,12.01,-0.009892827699917617,2026-08-11,,,,,,,,
DRI,2026-08-10,217.97,218.9,0.004266642198467618,2026-08-11,,,,,,,,
DRIO,2026-08-10,7.66,7.67,0.0013054830287206887,2026-08-11,,,,,,,,
DRIP,2026-08-10,39.96,38.84,-0.02802802802802795,2026-08-11,,,,,,,,
DRIV,2026-08-10,35.57,35.54,-0.0008434073657577201,2026-08-11,,,,,,,,
DRKY,2026-08-10,21.58,21.51,-0.0032437442075994305,2026-08-11,,,,,,,,
DRLL,2026-08-10,38.72,39.16,0.011363636363636243,2026-08-11,,,,,,,,
DRMA,2026-08-10,1.12,1.08,-0.0357142857142857,2026-08-11,,,,,,,,
DRMP,2026-08-10,20.68,21.21,0.02562862669245658,2026-08-11,,,,,,,,
DRMY,2026-08-10,43.63,44.41,0.017877607151042696,2026-08-11,,,,,,,,
DRN,2026-08-10,10.62,10.39,-0.021657250470809686,2026-08-11,,,,,,,,
DRNL,2026-08-10,7.17,7.38,0.029288702928870203,2026-08-11,,,,,,,,
DRNZ,2026-08-10,23.71,24.03,0.01349641501476162,2026-08-11,,,,,,,,
DRS,2026-08-10,45.05,44.66,-0.008657047724750289,2026-08-11,,,,,,,,
DRSK,2026-08-10,28.86,28.79,-0.002425502425502435,2026-08-11,,,,,,,,
DRTS,2026-08-10,13.6,14.27,0.04926470588235299,2026-08-11,,,,,,,,
DRUG,2026-08-10,80.79,80.25,-0.0066839955440030074,2026-08-11,,,,,,,,
DRUP,2026-08-10,70.27,69.98,-0.004126938949765124,2026-08-11,,,,,,,,
DRV,2026-08-10,18.65,19.14,0.026273458445040365,2026-08-11,,,,,,,,
DRVN,2026-08-10,12.53,12.34,-0.015163607342378205,2026-08-11,,,,,,,,
DRVR,2026-08-10,25.71,25.78,0.002722676001555735,2026-08-11,,,,,,,,
DSAC,2026-08-10,10.17,10.17,0.0,2026-08-11,,,,,,,,
DSC,2026-08-10,6.38,6.49,0.017241379310344973,2026-08-11,,,,,,,,
DSCO,2026-08-10,24.76,24.75,-0.00040387722132473325,2026-08-11,,,,,,,,
DSEP,2026-08-10,48.29,48.32,0.00062124663491403,2026-08-11,,,,,,,,
DSGN,2026-08-10,14.33,14.62,0.02023726448011165,2026-08-11,,,,,,,,
DSGR,2026-08-10,34.87,34.87,0.0,2026-08-11,,,,,,,,
DSGX,2026-08-10,80.0,79.18,-0.01024999999999987,2026-08-11,,,,,,,,
DSI,2026-08-10,147.01,146.53,-0.0032650840078904952,2026-08-11,,,,,,,,
DSL,2026-08-10,10.74,10.73,-0.0009310986964617962,2026-08-11,,,,,,,,
DSM,2026-08-10,5.89,5.87,-0.003395585738539819,2026-08-11,,,,,,,,
DSMC,2026-08-10,43.59,43.45,-0.003211745813259892,2026-08-11,,,,,,,,
DSP,2026-08-10,14.09,13.19,-0.06387508871540104,2026-08-11,,,,,,,,
DSPY,2026-08-10,67.26,67.25,-0.00014867677668750634,2026-08-11,,,,,,,,
DSS,2026-08-10,0.51,0.51,0.0,2026-08-11,,,,,,,,
DSTL,2026-08-10,67.94,68.01,0.0010303208713571266,2026-08-11,,,,,,,,
DSTX,2026-08-10,36.21,36.15,-0.00165700082850051,2026-08-11,,,,,,,,
DSU,2026-08-10,9.55,9.53,-0.0020942408376964927,2026-08-11,,,,,,,,
DSWL,2026-08-10,3.23,3.3,0.021671826625387025,2026-08-11,,,,,,,,
DSX,2026-08-10,2.38,2.36,-0.008403361344537785,2026-08-11,,,,,,,,
DSY,2026-08-10,4.82,4.75,-0.014522821576763545,2026-08-11,,,,,,,,
DT,2026-08-10,50.57,49.66,-0.01799485861182526,2026-08-11,,,,,,,,
DTAN,2026-08-10,34.04,33.99,-0.001468860164512309,2026-08-11,,,,,,,,
DTCR,2026-08-10,27.95,28.01,0.0021466905187836893,2026-08-11,,,,,,,,
DTCX,2026-08-10,1.95,1.93,-0.01025641025641022,2026-08-11,,,,,,,,
DTD,2026-08-10,97.2,97.21,0.00010288065843622185,2026-08-11,,,,,,,,
DTE,2026-08-10,136.78,137.64,0.006287468928205753,2026-08-11,,,,,,,,
DTEC,2026-08-10,52.63,52.53,-0.0019000570017100316,2026-08-11,,,,,,,,
DTF,2026-08-10,11.55,11.51,-0.0034632034632035014,2026-08-11,,,,,,,,
DTH,2026-08-10,58.17,58.1,-0.001203369434416346,2026-08-11,,,,,,,,
DTI,2026-08-10,2.28,2.45,0.07456140350877205,2026-08-11,,,,,,,,
DTIL,2026-08-10,7.46,7.51,0.006702412868632601,2026-08-11,,,,,,,,
DTM,2026-08-10,134.18,134.78,0.004471605306304971,2026-08-11,,,,,,,,
DTRE,2026-08-10,42.28,42.34,0.001419110690633829,2026-08-11,,,,,,,,
DTSQ,2026-08-10,11.26,11.34,0.007104795737122638,2026-08-11,,,,,,,,
DTSS,2026-08-10,0.72,0.74,0.0277777777777779,2026-08-11,,,,,,,,
DTST,2026-08-10,3.2,3.48,0.08749999999999991,2026-08-11,,,,,,,,
DUBS,2026-08-10,43.25,43.19,-0.001387283236994219,2026-08-11,,,,,,,,
DUG,2026-08-10,16.46,16.08,-0.023086269744836074,2026-08-11,,,,,,,,
DUHP,2026-08-10,42.45,42.42,-0.0007067137809187996,2026-08-11,,,,,,,,
DUK,2026-08-10,121.19,123.19,0.01650301179965341,2026-08-11,,,,,,,,
DUKH,2026-08-10,23.74,23.75,0.00042122999157556684,2026-08-11,,,,,,,,
DUKQ,2026-08-10,32.03,32.04,0.0003122073056509578,2026-08-11,,,,,,,,
DUKR,2026-08-10,5.36,5.56,0.03731343283582067,2026-08-11,,,,,,,,
DUKX,2026-08-10,28.79,28.75,-0.0013893713094824678,2026-08-11,,,,,,,,
DUKZ,2026-08-10,25.21,25.21,0.0,2026-08-11,,,,,,,,
DULL,2026-08-10,57.29,57.94,0.011345784604642972,2026-08-11,,,,,,,,
DUNK,2026-08-10,28.66,28.43,-0.008025122121423589,2026-08-11,,,,,,,,
DUO,2026-08-10,0.64,0.63,-0.015625,2026-08-11,,,,,,,,
DUOG,2026-08-10,51.6,50.34,-0.024418604651162745,2026-08-11,,,,,,,,
DUOL,2026-08-10,137.19,135.44,-0.012756031780742028,2026-08-11,,,,,,,,
DUOT,2026-08-10,8.9,8.77,-0.014606741573033766,2026-08-11,,,,,,,,
DURA,2026-08-10,38.92,39.09,0.004367934224049463,2026-08-11,,,,,,,,
DUSA,2026-08-10,57.58,57.29,-0.005036470996873876,2026-08-11,,,,,,,,
DUSB,2026-08-10,50.82,50.83,0.0001967729240455185,2026-08-11,,,,,,,,
DUSG,2026-08-10,53.28,53.42,0.0026276276276275823,2026-08-11,,,,,,,,
DUSL,2026-08-10,101.65,103.1,0.014264633546482886,2026-08-11,,,,,,,,
DUST,2026-08-10,41.13,41.42,0.007050814490639379,2026-08-11,,,,,,,,
DUTY,2026-08-10,28.92,28.88,-0.0013831258644537714,2026-08-11,,,,,,,,
DV,2026-08-10,13.22,13.25,0.0022692889561271024,2026-08-11,,,,,,,,
DVA,2026-08-10,183.69,178.34,-0.02912515651369152,2026-08-11,,,,,,,,
DVAL,2026-08-10,16.66,16.63,-0.0018007202881152873,2026-08-11,,,,,,,,
DVDN,2026-08-10,15.5,15.67,0.010967741935483888,2026-08-11,,,,,,,,
DVGR,2026-08-10,27.64,27.66,0.0007235890014472002,2026-08-11,,,,,,,,
DVIN,2026-08-10,30.88,31.16,0.0090673575129534,2026-08-11,,,,,,,,
DVLT,2026-08-10,0.3,0.31,0.03333333333333344,2026-08-11,,,,,,,,
DVLU,2026-08-10,41.68,41.88,0.004798464491362786,2026-08-11,,,,,,,,
DVN,2026-08-10,45.36,45.4,0.0008818342151675207,2026-08-11,,,,,,,,
DVND,2026-08-10,39.87,39.85,-0.0005016302984699461,2026-08-11,,,,,,,,
DVOL,2026-08-10,37.75,37.78,0.0007947019867549088,2026-08-11,,,,,,,,
DVQQ,2026-08-10,31.64,31.52,-0.0037926675094817064,2026-08-11,,,,,,,,
DVRE,2026-08-10,24.4,24.04,-0.014754098360655665,2026-08-11,,,,,,,,
DVSP,2026-08-10,30.28,30.17,-0.003632760898282683,2026-08-11,,,,,,,,
DVUT,2026-08-10,25.02,25.58,0.022382094324540303,2026-08-11,,,,,,,,
DVVY,2026-08-10,27.65,27.69,0.0014466546112117395,2026-08-11,,,,,,,,
DVXB,2026-08-10,29.4,29.49,0.003061224489795844,2026-08-11,,,,,,,,
DVXC,2026-08-10,23.84,23.72,-0.005033557046979942,2026-08-11,,,,,,,,
DVXE,2026-08-10,40.6,41.25,0.016009852216748666,2026-08-11,,,,,,,,
DVXF,2026-08-10,28.74,28.74,0.0,2026-08-11,,,,,,,,
DVXK,2026-08-10,37.5,37.44,-0.0016000000000000458,2026-08-11,,,,,,,,
DVXP,2026-08-10,25.72,25.7,-0.0007776049766717863,2026-08-11,,,,,,,,
DVXV,2026-08-10,33.88,33.77,-0.0032467532467532756,2026-08-11,,,,,,,,
DVXY,2026-08-10,22.91,22.82,-0.003928415539065866,2026-08-11,,,,,,,,
DVY,2026-08-10,161.99,162.58,0.003642200135810958,2026-08-11,,,,,,,,
DVYA,2026-08-10,51.49,51.43,-0.00116527481064288,2026-08-11,,,,,,,,
DVYE,2026-08-10,34.38,34.12,-0.0075625363583480265,2026-08-11,,,,,,,,
DWAS,2026-08-10,116.56,116.71,0.0012868908716539007,2026-08-11,,,,,,,,
DWAW,2026-08-10,50.95,51.01,0.001177625122669168,2026-08-11,,,,,,,,
DWLD,2026-08-10,48.56,48.28,-0.005766062602965416,2026-08-11,,,,,,,,
DWM,2026-08-10,76.46,76.41,-0.0006539366989275486,2026-08-11,,,,,,,,
DWMF,2026-08-10,34.26,34.28,0.0005837711617047159,2026-08-11,,,,,,,,
DWSH,2026-08-10,5.58,5.57,-0.0017921146953404632,2026-08-11,,,,,,,,
DWSN,2026-08-10,4.23,4.45,0.05200945626477527,2026-08-11,,,,,,,,
DWTX,2026-08-10,1.83,1.84,0.005464480874316946,2026-08-11,,,,,,,,
DWUS,2026-08-10,60.23,60.05,-0.002988543914992481,2026-08-11,,,,,,,,
DWWN,2026-08-10,24.11,24.15,0.0016590626296142386,2026-08-11,,,,,,,,
DWX,2026-08-10,47.9,47.81,-0.0018789144050103124,2026-08-11,,,,,,,,
DX,2026-08-10,12.78,12.93,0.011737089201877993,2026-08-11,,,,,,,,
DXC,2026-08-10,10.91,10.81,-0.009165902841429818,2026-08-11,,,,,,,,
DXCM,2026-08-10,87.65,89.53,0.021448944666286218,2026-08-11,,,,,,,,
DXD,2026-08-10,16.22,16.33,0.00678175092478428,2026-08-11,,,,,,,,
DXF,2026-08-10,0.49,0.53,0.08163265306122458,2026-08-11,,,,,,,,
DXIV,2026-08-10,74.19,74.23,0.0005391562205150358,2026-08-11,,,,,,,,
DXJ,2026-08-10,179.6,179.65,0.0002783964365256075,2026-08-11,,,,,,,,
DXLG,2026-08-10,0.56,0.58,0.03571428571428559,2026-08-11,,,,,,,,
DXPE,2026-08-10,192.65,195.0,0.01219828704905268,2026-08-11,,,,,,,,
DXR,2026-08-10,10.45,10.24,-0.020095693779904167,2026-08-11,,,,,,,,
DXST,2026-08-10,2.61,2.56,-0.019157088122605304,2026-08-11,,,,,,,,
DXUV,2026-08-10,70.06,70.05,-0.0001427347987440486,2026-08-11,,,,,,,,
DXYZ,2026-08-10,26.53,29.62,0.11647191858273653,2026-08-11,,,,,,,,
DY,2026-08-10,400.79,403.18,0.005963222635295251,2026-08-11,,,,,,,,
DYAI,2026-08-10,1.0,1.05,0.050000000000000044,2026-08-11,,,,,,,,
DYFI,2026-08-10,22.62,22.64,0.0008841732979663064,2026-08-11,,,,,,,,
DYLD,2026-08-10,22.3,22.3,0.0,2026-08-11,,,,,,,,
DYLG,2026-08-10,28.77,28.73,-0.0013903371567605127,2026-08-11,,,,,,,,
DYN,2026-08-10,26.5,26.71,0.007924528301886724,2026-08-11,,,,,,,,
DYNB,2026-08-10,38.9,38.9,0.0,2026-08-11,,,,,,,,
DYNC,2026-08-10,10.85,10.86,0.0009216589861751334,2026-08-11,,,,,,,,
DYNF,2026-08-10,69.95,69.69,-0.0037169406719085307,2026-08-11,,,,,,,,
DYOR,2026-08-10,10.09,10.1,0.0009910802775023875,2026-08-11,,,,,,,,
DYTA,2026-08-10,31.88,31.84,-0.0012547051442910462,2026-08-11,,,,,,,,
DZZ,2026-08-10,1.75,1.78,0.017142857142857126,2026-08-11,,,,,,,,
E,2026-08-10,54.87,55.49,0.011299435028248705,2026-08-11,,,,,,,,
EA,2026-08-10,209.7,209.7,0.0,2026-08-11,,,,,,,,
EAD,2026-08-10,6.39,6.44,0.007824726134585402,2026-08-11,,,,,,,,
EAF,2026-08-10,7.85,7.91,0.007643312101910826,2026-08-11,,,,,,,,
EAFG,2026-08-10,26.04,26.12,0.003072196620583778,2026-08-11,,,,,,,,
EAGG,2026-08-10,46.55,46.6,0.0010741138560688146,2026-08-11,,,,,,,,
EAGL,2026-08-10,35.2,35.23,0.0008522727272726183,2026-08-11,,,,,,,,
EALT,2026-08-10,36.72,36.67,-0.0013616557734204005,2026-08-11,,,,,,,,
EAOA,2026-08-10,45.89,45.89,0.0,2026-08-11,,,,,,,,
EAOK,2026-08-10,28.16,28.16,0.0,2026-08-11,,,,,,,,
EAOM,2026-08-10,31.34,31.32,-0.0006381620931716903,2026-08-11,,,,,,,,
EAOR,2026-08-10,38.02,38.0,-0.0005260389268806342,2026-08-11,,,,,,,,
EAPR,2026-08-10,32.86,33.0,0.004260499087035852,2026-08-11,,,,,,,,
EARN,2026-08-10,4.36,4.36,0.0,2026-08-11,,,,,,,,
EART,2026-08-10,30.76,30.3,-0.014954486345903795,2026-08-11,,,,,,,,
EASG,2026-08-10,39.43,38.69,-0.018767435962465218,2026-08-11,,,,,,,,
EASY,2026-08-10,27.48,27.48,0.0,2026-08-11,,,,,,,,
EAT,2026-08-10,227.54,221.38,-0.027072163136151906,2026-08-11,,,,,,,,
EBAY,2026-08-10,107.71,106.01,-0.015783121344350448,2026-08-11,,,,,,,,
EBC,2026-08-10,22.94,23.13,0.008282476024411345,2026-08-11,,,,,,,,
EBF,2026-08-10,22.07,22.13,0.00271862256456723,2026-08-11,,,,,,,,
EBI,2026-08-10,67.41,67.37,-0.0005933837709537482,2026-08-11,,,,,,,,
EBIT,2026-08-10,40.04,40.19,0.0037462537462538137,2026-08-11,,,,,,,,
EBIZ,2026-08-10,31.39,31.28,-0.003504300732717458,2026-08-11,,,,,,,,
EBMT,2026-08-10,23.4,23.49,0.0038461538461538325,2026-08-11,,,,,,,,
EBND,2026-08-10,21.09,21.06,-0.0014224751066856944,2026-08-11,,,,,,,,
EBON,2026-08-10,2.07,2.11,0.019323671497584627,2026-08-11,,,,,,,,
EBS,2026-08-10,4.47,4.45,-0.004474272930648726,2026-08-11,,,,,,,,
EBUF,2026-08-10,31.62,31.68,0.00189753320683117,2026-08-11,,,,,,,,
EC,2026-08-10,17.05,17.01,-0.002346041055718451,2026-08-11,,,,,,,,
ECAT,2026-08-10,15.83,15.84,0.0006317119393557391,2026-08-11,,,,,,,,
ECBK,2026-08-10,20.05,20.21,0.007980049875311757,2026-08-11,,,,,,,,
ECC,2026-08-10,3.87,3.79,-0.02067183462532296,2026-08-11,,,,,,,,
ECF,2026-08-10,12.64,12.68,0.0031645569620253333,2026-08-11,,,,,,,,
ECG,2026-08-10,131.89,134.48,0.019637576768519294,2026-08-11,,,,,,,,
ECH,2026-08-10,40.87,40.41,-0.011255199412772199,2026-08-11,,,,,,,,
ECHO,2026-08-10,89.15,87.98,-0.013123948401570384,2026-08-11,,,,,,,,
ECHX,2026-08-10,8.11,7.86,-0.0308261405672009,2026-08-11,,,,,,,,
ECL,2026-08-10,284.4,284.63,0.0008087201125175358,2026-08-11,,,,,,,,
ECML,2026-08-10,41.21,41.11,-0.002426595486532457,2026-08-11,,,,,,,,
ECNS,2026-08-10,29.9,29.46,-0.014715719063545074,2026-08-11,,,,,,,,
ECO,2026-08-10,60.51,60.74,0.0038010246240292034,2026-08-11,,,,,,,,
ECON,2026-08-10,34.06,34.21,0.004403992953611269,2026-08-11,,,,,,,,
ECOR,2026-08-10,8.96,9.12,0.01785714285714257,2026-08-11,,,,,,,,
ECOW,2026-08-10,27.68,27.34,-0.012283236994219626,2026-08-11,,,,,,,,
ECPG,2026-08-10,94.92,93.49,-0.015065318162663321,2026-08-11,,,,,,,,
ECVT,2026-08-10,10.08,10.12,0.003968253968253954,2026-08-11,,,,,,,,
ECX,2026-08-10,1.05,1.04,-0.00952380952380949,2026-08-11,,,,,,,,
ED,2026-08-10,106.3,107.5,0.011288805268109048,2026-08-11,,,,,,,,
EDBL,2026-08-10,1.83,1.78,-0.02732240437158473,2026-08-11,,,,,,,,
EDC,2026-08-10,73.7,74.56,0.011668928086838504,2026-08-11,,,,,,,,
EDD,2026-08-10,5.97,5.92,-0.008375209380234505,2026-08-11,,,,,,,,
EDEN,2026-08-10,113.08,113.51,0.0038026176158472147,2026-08-11,,,,,,,,
EDF,2026-08-10,5.29,5.3,0.001890359168241984,2026-08-11,,,,,,,,
EDGE,2026-08-10,51.69,51.64,-0.0009673050880246725,2026-08-11,,,,,,,,
EDGF,2026-08-10,24.64,24.65,0.00040584415584410394,2026-08-11,,,,,,,,
EDGH,2026-08-10,34.61,34.52,-0.0026004045073677595,2026-08-11,,,,,,,,
EDGI,2026-08-10,31.73,31.76,0.0009454774661203924,2026-08-11,,,,,,,,
EDGQ,2026-08-10,27.66,27.58,-0.002892263195950928,2026-08-11,,,,,,,,
EDGU,2026-08-10,32.24,32.18,-0.0018610421836229296,2026-08-11,,,,,,,,
EDGX,2026-08-10,27.07,27.05,-0.0007388252678240947,2026-08-11,,,,,,,,
EDHL,2026-08-10,3.91,3.91,0.0,2026-08-11,,,,,,,,
EDIT,2026-08-10,2.81,2.95,0.04982206405693956,2026-08-11,,,,,,,,
EDIV,2026-08-10,41.67,41.53,-0.003359731221502238,2026-08-11,,,,,,,,
EDN,2026-08-10,24.02,23.04,-0.04079933388842638,2026-08-11,,,,,,,,
EDOG,2026-08-10,24.86,24.67,-0.007642799678197809,2026-08-11,,,,,,,,
EDOW,2026-08-10,46.58,46.37,-0.004508372692142548,2026-08-11,,,,,,,,
EDRY,2026-08-10,36.39,38.4,0.05523495465787298,2026-08-11,,,,,,,,
EDSA,2026-08-10,5.24,5.52,0.05343511450381677,2026-08-11,,,,,,,,
EDTK,2026-08-10,0.9,0.9,0.0,2026-08-11,,,,,,,,
EDU,2026-08-10,58.05,55.55,-0.04306632213608963,2026-08-11,,,,,,,,
EDUC,2026-08-10,1.39,1.4,0.007194244604316502,2026-08-11,,,,,,,,
EDV,2026-08-10,59.57,59.67,0.001678697330871337,2026-08-11,,,,,,,,
EDZ,2026-08-10,16.09,15.89,-0.0124300807955251,2026-08-11,,,,,,,,
EE,2026-08-10,35.51,35.36,-0.00422416220782873,2026-08-11,,,,,,,,
EEA,2026-08-10,11.23,11.29,0.005342831700801298,2026-08-11,,,,,,,,
EEE,2026-08-10,21.0,20.99,-0.0004761904761905189,2026-08-11,,,,,,,,
EEFT,2026-08-10,70.89,70.47,-0.0059246720270842435,2026-08-11,,,,,,,,
EEIQ,2026-08-10,2.48,2.58,0.040322580645161255,2026-08-11,,,,,,,,
EELV,2026-08-10,28.7,28.53,-0.005923344947735165,2026-08-11,,,,,,,,
EEM,2026-08-10,65.17,65.43,0.003989565751112645,2026-08-11,,,,,,,,
EEMA,2026-08-10,114.23,114.54,0.0027138229887069265,2026-08-11,,,,,,,,
EEMO,2026-08-10,20.77,20.93,0.007703418391911354,2026-08-11,,,,,,,,
EEMS,2026-08-10,74.86,75.08,0.002938819129040926,2026-08-11,,,,,,,,
EEMV,2026-08-10,73.44,73.66,0.00299564270152497,2026-08-11,,,,,,,,
EEMX,2026-08-10,51.57,51.72,0.002908667830133771,2026-08-11,,,,,,,,
EES,2026-08-10,68.56,68.58,0.00029171528588101125,2026-08-11,,,,,,,,
EET,2026-08-10,104.84,105.5,0.006295307134681405,2026-08-11,,,,,,,,
EETH,2026-08-10,22.8,22.84,0.0017543859649122862,2026-08-11,,,,,,,,
EEV,2026-08-10,11.46,11.33,-0.011343804537521929,2026-08-11,,,,,,,,
EFA,2026-08-10,108.01,108.09,0.0007406721599851895,2026-08-11,,,,,,,,
EFAA,2026-08-10,57.01,57.1,0.001578670408700189,2026-08-11,,,,,,,,
EFAD,2026-08-10,44.94,44.9,-0.0008900756564307333,2026-08-11,,,,,,,,
EFAS,2026-08-10,22.97,22.91,-0.0026121027427078447,2026-08-11,,,,,,,,
EFAV,2026-08-10,93.64,93.49,-0.001601879538658757,2026-08-11,,,,,,,,
EFAX,2026-08-10,56.03,56.03,0.0,2026-08-11,,,,,,,,
EFC,2026-08-10,13.47,13.6,0.009651076466221209,2026-08-11,,,,,,,,
EFFE,2026-08-10,27.5,27.47,-0.0010909090909091423,2026-08-11,,,,,,,,
EFFI,2026-08-10,27.33,27.31,-0.0007317965605561083,2026-08-11,,,,,,,,
EFG,2026-08-10,125.97,126.2,0.0018258315471937347,2026-08-11,,,,,,,,
EFIV,2026-08-10,75.32,75.14,-0.0023898035050450295,2026-08-11,,,,,,,,
EFNL,2026-08-10,52.64,52.77,0.002469604863222008,2026-08-11,,,,,,,,
EFO,2026-08-10,78.34,78.28,-0.0007658922644881994,2026-08-11,,,,,,,,
EFOI,2026-08-10,3.09,3.0,-0.029126213592232997,2026-08-11,,,,,,,,
EFOR,2026-08-10,32.45,32.83,0.01171032357473023,2026-08-11,,,,,,,,
EFR,2026-08-10,10.8,10.77,-0.002777777777777879,2026-08-11,,,,,,,,
EFRA,2026-08-10,36.31,36.62,0.008537592949600548,2026-08-11,,,,,,,,
EFSC,2026-08-10,65.68,66.21,0.00806942752740536,2026-08-11,,,,,,,,
EFSI,2026-08-10,42.87,43.1,0.005365057149521846,2026-08-11,,,,,,,,
EFT,2026-08-10,10.85,10.89,0.0036866359447005337,2026-08-11,,,,,,,,
EFU,2026-08-10,6.76,6.76,0.0,2026-08-11,,,,,,,,
EFV,2026-08-10,81.65,81.57,-0.0009797917942439005,2026-08-11,,,,,,,,
EFX,2026-08-10,181.04,181.96,0.005081749889527254,2026-08-11,,,,,,,,
EFXT,2026-08-10,20.51,20.82,0.015114578254509903,2026-08-11,,,,,,,,
EFZ,2026-08-10,22.12,22.11,-0.0004520795660036825,2026-08-11,,,,,,,,
EG,2026-08-10,369.9,365.7,-0.01135442011354415,2026-08-11,,,,,,,,
EGAN,2026-08-10,7.38,7.41,0.004065040650406582,2026-08-11,,,,,,,,
EGBN,2026-08-10,27.64,28.39,0.02713458755426923,2026-08-11,,,,,,,,
EGG,2026-08-10,3.55,3.36,-0.05352112676056342,2026-08-11,,,,,,,,
EGGQ,2026-08-10,50.27,50.71,0.008752735229759168,2026-08-11,,,,,,,,
EGGS,2026-08-10,36.97,37.23,0.0070327292399241514,2026-08-11,,,,,,,,
EGGY,2026-08-10,33.07,33.34,0.008164499546416737,2026-08-11,,,,,,,,
EGHA,2026-08-10,10.35,10.35,0.0,2026-08-11,,,,,,,,
EGHT,2026-08-10,2.24,2.14,-0.044642857142857206,2026-08-11,,,,,,,,
EGLE,2026-08-10,32.65,32.6,-0.0015313935681469104,2026-08-11,,,,,,,,
EGO,2026-08-10,39.1,39.09,-0.0002557544757032515,2026-08-11,,,,,,,,
EGP,2026-08-10,201.86,201.63,-0.0011394035470129182,2026-08-11,,,,,,,,
EGUS,2026-08-10,59.25,58.85,-0.006751054852320637,2026-08-11,,,,,,,,
EGY,2026-08-10,5.81,5.79,-0.0034423407917383297,2026-08-11,,,,,,,,
EH,2026-08-10,5.69,5.77,0.014059753954305698,2026-08-11,,,,,,,,
EHC,2026-08-10,125.81,125.35,-0.003656307129798919,2026-08-11,,,,,,,,
EHCC,2026-08-10,19.55,19.6,0.002557544757033181,2026-08-11,,,,,,,,
EHGO,2026-08-10,1.9,1.9,0.0,2026-08-11,,,,,,,,
EHI,2026-08-10,5.88,5.87,-0.00170068027210879,2026-08-11,,,,,,,,
EHLD,2026-08-10,8.42,8.44,0.002375296912114022,2026-08-11,,,,,,,,
EHLS,2026-08-10,25.98,25.86,-0.004618937644341847,2026-08-11,,,,,,,,
EHTH,2026-08-10,1.26,1.22,-0.031746031746031744,2026-08-11,,,,,,,,
EHY,2026-08-10,7.55,7.58,0.003973509933774766,2026-08-11,,,,,,,,
EIC,2026-08-10,10.0,9.93,-0.007000000000000006,2026-08-11,,,,,,,,
EIDO,2026-08-10,12.75,12.48,-0.02117647058823524,2026-08-11,,,,,,,,
EIG,2026-08-10,49.06,48.5,-0.011414594374235643,2026-08-11,,,,,,,,
EIKN,2026-08-10,9.73,10.23,0.05138746145940387,2026-08-11,,,,,,,,
EIM,2026-08-10,9.71,9.67,-0.004119464469619083,2026-08-11,,,,,,,,
EINC,2026-08-10,118.16,119.04,0.007447528774543022,2026-08-11,,,,,,,,
EIPI,2026-08-10,22.34,22.47,0.005819158460161011,2026-08-11,,,,,,,,
EIPX,2026-08-10,32.6,32.83,0.007055214723926229,2026-08-11,,,,,,,,
EIRL,2026-08-10,82.06,81.85,-0.002559103095296167,2026-08-11,,,,,,,,
EIS,2026-08-10,121.62,121.41,-0.0017266896891958705,2026-08-11,,,,,,,,
EIX,2026-08-10,67.83,69.89,0.030370042753943727,2026-08-11,,,,,,,,
EJAN,2026-08-10,36.31,36.4,0.0024786560176259798,2026-08-11,,,,,,,,
EJH,2026-08-10,1.42,1.46,0.028169014084507005,2026-08-11,,,,,,,,
EJUL,2026-08-10,30.69,30.75,0.0019550342130987275,2026-08-11,,,,,,,,
EKG,2026-08-10,21.1,21.1,0.0,2026-08-11,,,,,,,,
EL,2026-08-10,87.19,87.78,0.0067668310586077585,2026-08-11,,,,,,,,
ELA,2026-08-10,16.06,16.08,0.001245330012453305,2026-08-11,,,,,,,,
ELAB,2026-08-10,0.92,0.9,-0.021739130434782594,2026-08-11,,,,,,,,
ELAN,2026-08-10,22.28,22.73,0.02019748653500897,2026-08-11,,,,,,,,
ELBM,2026-08-10,0.62,0.6,-0.032258064516129115,2026-08-11,,,,,,,,
ELCV,2026-08-10,31.71,31.89,0.0056764427625355385,2026-08-11,,,,,,,,
ELD,2026-08-10,28.83,28.81,-0.0006937218175511184,2026-08-11,,,,,,,,
ELDN,2026-08-10,3.68,3.75,0.01902173913043481,2026-08-11,,,,,,,,
ELE,2026-08-10,19.08,19.4,0.016771488469601747,2026-08-11,,,,,,,,
ELF,2026-08-10,95.24,94.99,-0.0026249475010500234,2026-08-11,,,,,,,,
ELFY,2026-08-10,41.81,42.22,0.009806266443434408,2026-08-11,,,,,,,,
ELIL,2026-08-10,31.97,31.04,-0.029089771660932073,2026-08-11,,,,,,,,
ELLO,2026-08-10,20.0,20.05,0.0024999999999999467,2026-08-11,,,,,,,,
ELM,2026-08-10,29.67,29.67,0.0,2026-08-11,,,,,,,,
ELMD,2026-08-10,42.58,42.39,-0.004462188821042656,2026-08-11,,,,,,,,
ELME,2026-08-10,1.62,1.62,0.0,2026-08-11,,,,,,,,
ELMT,2026-08-10,16.48,16.51,0.001820388349514701,2026-08-11,,,,,,,,
ELOG,2026-08-10,0.81,0.93,0.14814814814814814,2026-08-11,,,,,,,,
ELOL,2026-08-10,20.16,19.53,-0.03125,2026-08-11,,,,,,,,
ELOX,2026-08-10,17.0,19.18,0.128235294117647,2026-08-11,,,,,,,,
ELPC,2026-08-10,11.14,10.85,-0.026032315978456122,2026-08-11,,,,,,,,
ELPW,2026-08-10,4.01,4.83,0.20448877805486299,2026-08-11,,,,,,,,
ELS,2026-08-10,64.58,64.05,-0.00820687519355845,2026-08-11,,,,,,,,
ELSE,2026-08-10,7.74,7.74,0.0,2026-08-11,,,,,,,,
ELTK,2026-08-10,8.57,8.58,0.001166861143523823,2026-08-11,,,,,,,,
ELTX,2026-08-10,3.1,3.03,-0.022580645161290436,2026-08-11,,,,,,,,
ELUT,2026-08-10,0.81,0.8,-0.012345679012345734,2026-08-11,,,,,,,,
ELV,2026-08-10,397.7,390.37,-0.018430978124214237,2026-08-11,,,,,,,,
ELVA,2026-08-10,9.28,7.33,-0.2101293103448275,2026-08-11,,,,,,,,
ELVN,2026-08-10,59.42,58.78,-0.010770784247728038,2026-08-11,,,,,,,,
ELVR,2026-08-10,60.94,59.69,-0.020511978995733537,2026-08-11,,,,,,,,
ELWT,2026-08-10,8.08,8.14,0.007425742574257432,2026-08-11,,,,,,,,
EMA,2026-08-10,50.73,51.22,0.009658978907943983,2026-08-11,,,,,,,,
EMAT,2026-08-10,2.53,2.32,-0.08300395256916993,2026-08-11,,,,,,,,
EMAU,2026-08-10,24.98,24.96,-0.0008006405124099114,2026-08-11,,,,,,,,
EMB,2026-08-10,94.84,94.83,-0.00010544074230289802,2026-08-11,,,,,,,,
EMBC,2026-08-10,4.99,4.88,-0.022044088176352727,2026-08-11,,,,,,,,
EMBD,2026-08-10,23.59,23.59,0.0,2026-08-11,,,,,,,,
EMBJ,2026-08-10,73.8,71.39,-0.03265582655826549,2026-08-11,,,,,,,,
EMBX,2026-08-10,51.16,51.15,-0.00019546520719304628,2026-08-11,,,,,,,,
EMC,2026-08-10,36.32,36.38,0.0016519823788547772,2026-08-11,,,,,,,,
EMCB,2026-08-10,65.86,65.91,0.0007591861524445243,2026-08-11,,,,,,,,
EMCR,2026-08-10,42.94,42.94,0.0,2026-08-11,,,,,,,,
EMCS,2026-08-10,44.09,44.2,0.002494896801995994,2026-08-11,,,,,,,,
EMD,2026-08-10,10.51,10.49,-0.0019029495718363432,2026-08-11,,,,,,,,
EMDM,2026-08-10,40.46,40.54,0.001977261492832394,2026-08-11,,,,,,,,
EMDV,2026-08-10,47.79,47.66,-0.00272023435865254,2026-08-11,,,,,,,,
EME,2026-08-10,809.33,816.86,0.009303992191071586,2026-08-11,,,,,,,,
EMEM,2026-08-10,25.27,25.32,0.0019786307874951614,2026-08-11,,,,,,,,
EMEQ,2026-08-10,61.75,62.39,0.010364372469635619,2026-08-11,,,,,,,,
EMES,2026-08-10,27.53,27.77,0.008717762440973331,2026-08-11,,,,,,,,
EMET,2026-08-10,43.98,43.59,-0.008867667121418732,2026-08-11,,,,,,,,
EMF,2026-08-10,21.68,21.74,0.002767527675276771,2026-08-11,,,,,,,,
EMFI,2026-08-10,50.03,50.02,-0.000199880071956815,2026-08-11,,,,,,,,
EMGF,2026-08-10,69.83,70.04,0.0030073034512387853,2026-08-11,,,,,,,,
EMHC,2026-08-10,24.95,24.94,-0.0004008016032063244,2026-08-11,,,,,,,,
EMHY,2026-08-10,40.28,40.24,-0.0009930486593843213,2026-08-11,,,,,,,,
EMIF,2026-08-10,25.94,25.67,-0.010408635312258996,2026-08-11,,,,,,,,
EMIS,2026-08-10,10.22,10.24,0.001956947162426559,2026-08-11,,,,,,,,
EMJL,2026-08-10,24.21,24.14,-0.0028913672036349203,2026-08-11,,,,,,,,
EMJN,2026-08-10,22.74,22.78,0.0017590149516271136,2026-08-11,,,,,,,,
EMKT,2026-08-10,30.95,31.0,0.001615508885298933,2026-08-11,,,,,,,,
EML,2026-08-10,24.76,24.42,-0.013731825525040375,2026-08-11,,,,,,,,
EMLC,2026-08-10,25.62,25.59,-0.0011709601873536313,2026-08-11,,,,,,,,
EMLP,2026-08-10,43.52,43.76,0.0055147058823528106,2026-08-11,,,,,,,,
EMM,2026-08-10,42.53,42.87,0.007994356924523771,2026-08-11,,,,,,,,
EMMF,2026-08-10,37.23,37.36,0.0034918076819769883,2026-08-11,,,,,,,,
EMMY,2026-08-10,24.18,24.31,0.005376344086021501,2026-08-11,,,,,,,,
EMN,2026-08-10,73.42,74.77,0.01838736039226352,2026-08-11,,,,,,,,
EMNT,2026-08-10,98.86,98.87,0.00010115314586278679,2026-08-11,,,,,,,,
EMO,2026-08-10,51.85,52.19,0.006557377049180246,2026-08-11,,,,,,,,
EMOP,2026-08-10,49.18,49.45,0.005490036600244164,2026-08-11,,,,,,,,
EMOT,2026-08-10,27.42,27.4,-0.0007293946024800047,2026-08-11,,,,,,,,
EMPB,2026-08-10,34.37,34.61,0.006982833866744365,2026-08-11,,,,,,,,
EMPD,2026-08-10,2.52,2.65,0.051587301587301626,2026-08-11,,,,,,,,
EMQQ,2026-08-10,35.0,35.15,0.004285714285714226,2026-08-11,,,,,,,,
EMR,2026-08-10,158.71,164.38,0.03572553714321702,2026-08-11,,,,,,,,
EMSC,2026-08-10,25.39,25.38,-0.0003938558487593946,2026-08-11,,,,,,,,
EMSF,2026-08-10,38.38,38.82,0.011464304325169206,2026-08-11,,,,,,,,
EMTY,2026-08-10,22.82,23.02,0.00876424189307623,2026-08-11,,,,,,,,
EMXC,2026-08-10,93.76,94.66,0.009598976109215007,2026-08-11,,,,,,,,
EMXF,2026-08-10,56.38,56.24,-0.0024831500532103146,2026-08-11,,,,,,,,
EMXX,2026-08-10,23.74,23.56,-0.0075821398483572056,2026-08-11,,,,,,,,
ENB,2026-08-10,51.39,51.57,0.003502626970227629,2026-08-11,,,,,,,,
ENDW,2026-08-10,34.95,34.94,-0.0002861230329043174,2026-08-11,,,,,,,,
ENFR,2026-08-10,39.21,39.37,0.0040805916857944435,2026-08-11,,,,,,,,
ENGN,2026-08-10,1.75,1.82,0.040000000000000036,2026-08-11,,,,,,,,
ENGS,2026-08-10,2.81,2.76,-0.017793594306049876,2026-08-11,,,,,,,,
ENHA,2026-08-10,2.47,2.15,-0.12955465587044546,2026-08-11,,,,,,,,
ENHI,2026-08-10,27.75,27.72,-0.00108108108108107,2026-08-11,,,,,,,,
ENHU,2026-08-10,28.84,28.74,-0.0034674063800277377,2026-08-11,,,,,,,,
ENIC,2026-08-10,4.48,4.47,-0.0022321428571430157,2026-08-11,,,,,,,,
ENLT,2026-08-10,80.98,82.64,0.020498888614472577,2026-08-11,,,,,,,,
ENLV,2026-08-10,2.01,1.92,-0.04477611940298498,2026-08-11,,,,,,,,
ENOR,2026-08-10,35.22,35.27,0.0014196479273140827,2026-08-11,,,,,,,,
ENOV,2026-08-10,24.24,24.6,0.014851485148514865,2026-08-11,,,,,,,,
ENPH,2026-08-10,40.92,42.3,0.03372434017595305,2026-08-11,,,,,,,,
ENR,2026-08-10,21.92,22.38,0.020985401459853836,2026-08-11,,,,,,,,
ENRD,2026-08-10,5.19,5.63,0.08477842003853553,2026-08-11,,,,,,,,
ENS,2026-08-10,186.3,186.21,-0.0004830917874396601,2026-08-11,,,,,,,,
ENSC,2026-08-10,0.43,0.42,-0.023255813953488413,2026-08-11,,,,,,,,
ENSG,2026-08-10,183.94,180.2,-0.020332717190388205,2026-08-11,,,,,,,,
ENTA,2026-08-10,13.81,13.52,-0.020999275887038427,2026-08-11,,,,,,,,
ENTG,2026-08-10,144.21,150.21,0.04160599126274178,2026-08-11,,,,,,,,
ENTL,2026-08-10,7.96,8.61,0.08165829145728631,2026-08-11,,,,,,,,
ENTX,2026-08-10,3.04,3.0,-0.013157894736842146,2026-08-11,,,,,,,,
ENVA,2026-08-10,252.55,257.12,0.01809542664818853,2026-08-11,,,,,,,,
ENVB,2026-08-10,1.54,1.55,0.006493506493506551,2026-08-11,,,,,,,,
ENVX,2026-08-10,4.64,4.83,0.04094827586206895,2026-08-11,,,,,,,,
ENZL,2026-08-10,47.52,47.44,-0.0016835016835018424,2026-08-11,,,,,,,,
EO,2026-08-10,9.8,10.63,0.08469387755102042,2026-08-11,,,,,,,,
EOCT,2026-08-10,34.6,34.67,0.002023121387283222,2026-08-11,,,,,,,,
EOD,2026-08-10,6.64,6.67,0.004518072289156683,2026-08-11,,,,,,,,
EOG,2026-08-10,142.22,143.4,0.008297004640697603,2026-08-11,,,,,,,,
EOI,2026-08-10,20.19,20.25,0.002971768202080227,2026-08-11,,,,,,,,
EOLS,2026-08-10,7.57,8.34,0.10171730515191535,2026-08-11,,,,,,,,
EONR,2026-08-10,0.5,0.49,-0.020000000000000018,2026-08-11,,,,,,,,
EOS,2026-08-10,22.06,22.06,0.0,2026-08-11,,,,,,,,
EOSE,2026-08-10,4.05,4.24,0.04691358024691361,2026-08-11,,,,,,,,
EOSU,2026-08-10,9.17,10.09,0.1003271537622683,2026-08-11,,,,,,,,
EOT,2026-08-10,17.44,17.53,0.0051605504587155515,2026-08-11,,,,,,,,
EP,2026-08-10,2.76,2.65,-0.03985507246376807,2026-08-11,,,,,,,,
EPAC,2026-08-10,36.93,37.26,0.008935824532900094,2026-08-11,,,,,,,,
EPAI,2026-08-10,27.63,28.12,0.017734346724574745,2026-08-11,,,,,,,,
EPAM,2026-08-10,97.37,99.9,0.025983362431960533,2026-08-11,,,,,,,,
EPC,2026-08-10,27.99,28.61,0.02215076813147565,2026-08-11,,,,,,,,
EPD,2026-08-10,37.99,37.86,-0.0034219531455647045,2026-08-11,,,,,,,,
EPEM,2026-08-10,29.6,29.66,0.002027027027027062,2026-08-11,,,,,,,,
EPHE,2026-08-10,25.85,25.75,-0.003868471953578423,2026-08-11,,,,,,,,
EPI,2026-08-10,43.41,43.4,-0.00023036166781842393,2026-08-11,,,,,,,,
EPIN,2026-08-10,28.87,28.99,0.004156563907169897,2026-08-11,,,,,,,,
EPM,2026-08-10,3.73,3.77,0.01072386058981234,2026-08-11,,,,,,,,
EPMB,2026-08-10,26.88,27.03,0.005580357142857206,2026-08-11,,,,,,,,
EPMV,2026-08-10,27.23,27.28,0.0018362100624311761,2026-08-11,,,,,,,,
EPOL,2026-08-10,44.16,44.39,0.005208333333333481,2026-08-11,,,,,,,,
EPOW,2026-08-10,0.55,0.56,0.0181818181818183,2026-08-11,,,,,,,,
EPP,2026-08-10,57.56,57.58,0.00034746351633074823,2026-08-11,,,,,,,,
EPR,2026-08-10,60.4,59.78,-0.010264900662251608,2026-08-11,,,,,,,,
EPRF,2026-08-10,16.59,16.67,0.004822182037371947,2026-08-11,,,,,,,,
EPRT,2026-08-10,30.18,30.06,-0.003976143141153132,2026-08-11,,,,,,,,
EPRX,2026-08-10,6.66,6.7,0.006006006006006093,2026-08-11,,,,,,,,
EPS,2026-08-10,81.25,80.99,-0.0032000000000000917,2026-08-11,,,,,,,,
EPSB,2026-08-10,27.74,27.87,0.00468637346791656,2026-08-11,,,,,,,,
EPSM,2026-08-10,1.53,1.57,0.026143790849673332,2026-08-11,,,,,,,,
EPSN,2026-08-10,5.82,5.91,0.015463917525773141,2026-08-11,,,,,,,,
EPSV,2026-08-10,31.25,31.5,0.008000000000000007,2026-08-11,,,,,,,,
EPU,2026-08-10,90.7,89.82,-0.009702315325248123,2026-08-11,,,,,,,,
EPV,2026-08-10,16.84,16.89,0.002969121140142583,2026-08-11,,,,,,,,
EQ,2026-08-10,2.19,2.23,0.0182648401826484,2026-08-11,,,,,,,,
EQAL,2026-08-10,61.0,61.19,0.003114754098360706,2026-08-11,,,,,,,,
EQBK,2026-08-10,50.69,51.25,0.011047543894259215,2026-08-11,,,,,,,,
EQH,2026-08-10,52.67,51.35,-0.025061704955382624,2026-08-11,,,,,,,,
EQIN,2026-08-10,54.12,54.24,0.0022172949002217113,2026-08-11,,,,,,,,
EQIX,2026-08-10,1043.38,1032.4,-0.010523490962065618,2026-08-11,,,,,,,,
EQL,2026-08-10,52.21,52.12,-0.0017238076996745066,2026-08-11,,,,,,,,
EQLT,2026-08-10,38.95,38.76,-0.00487804878048792,2026-08-11,,,,,,,,
EQNR,2026-08-10,40.99,40.93,-0.0014637716516223698,2026-08-11,,,,,,,,
EQPT,2026-08-10,19.75,19.57,-0.009113924050632938,2026-08-11,,,,,,,,
EQQQ,2026-08-10,42.76,42.78,0.000467726847521055,2026-08-11,,,,,,,,
EQR,2026-08-10,65.83,65.09,-0.011241075497493425,2026-08-11,,,,,,,,
EQRR,2026-08-10,85.78,86.41,0.007344369316857113,2026-08-11,,,,,,,,
EQS,2026-08-10,1.15,1.15,0.0,2026-08-11,,,,,,,,
EQT,2026-08-10,54.08,54.37,0.005362426035502965,2026-08-11,,,,,,,,
EQTY,2026-08-10,29.9,29.94,0.0013377926421405117,2026-08-11,,,,,,,,
EQWL,2026-08-10,134.32,134.4,0.0005955926146516966,2026-08-11,,,,,,,,
EQX,2026-08-10,11.59,11.66,0.006039689387403069,2026-08-11,,,,,,,,
ERAS,2026-08-10,18.12,18.31,0.010485651214127811,2026-08-11,,,,,,,,
ERC,2026-08-10,9.29,9.31,0.0021528525296019563,2026-08-11,,,,,,,,
ERET,2026-08-10,29.15,28.92,-0.007890222984562545,2026-08-11,,,,,,,,
ERH,2026-08-10,11.63,11.65,0.0017196904557179593,2026-08-11,,,,,,,,
ERIC,2026-08-10,9.98,10.07,0.009018036072144353,2026-08-11,,,,,,,,
ERIE,2026-08-10,252.35,256.64,0.017000198137507416,2026-08-11,,,,,,,,
ERII,2026-08-10,7.99,7.72,-0.03379224030037553,2026-08-11,,,,,,,,
ERNA,2026-08-10,4.53,4.39,-0.030905077262693315,2026-08-11,,,,,,,,
ERO,2026-08-10,36.54,36.3,-0.006568144499179085,2026-08-11,,,,,,,,
EROC,2026-08-10,10.51,11.25,0.07040913415794492,2026-08-11,,,,,,,,
EROK,2026-08-10,24.32,25.85,0.06291118421052633,2026-08-11,,,,,,,,
ERTH,2026-08-10,46.99,47.09,0.002128112364332857,2026-08-11,,,,,,,,
ERX,2026-08-10,96.51,98.88,0.0245570407211686,2026-08-11,,,,,,,,
ERY,2026-08-10,10.08,9.84,-0.023809523809523836,2026-08-11,,,,,,,,
ES,2026-08-10,71.17,71.13,-0.0005620345651258241,2026-08-11,,,,,,,,
ESAB,2026-08-10,85.58,87.96,0.02781023603645716,2026-08-11,,,,,,,,
ESBA,2026-08-10,4.38,4.6,0.05022831050228316,2026-08-11,,,,,,,,
ESBG,2026-08-10,21.97,21.86,-0.005006827492034516,2026-08-11,,,,,,,,
ESCA,2026-08-10,21.37,20.76,-0.028544688816097286,2026-08-11,,,,,,,,
ESE,2026-08-10,300.81,295.41,-0.017951530866659904,2026-08-11,,,,,,,,
ESEA,2026-08-10,74.84,72.02,-0.037680384820951485,2026-08-11,,,,,,,,
ESG,2026-08-10,182.35,181.98,-0.002029064984919171,2026-08-11,,,,,,,,
ESGD,2026-08-10,107.09,107.14,0.0004668970025212271,2026-08-11,,,,,,,,
ESGE,2026-08-10,52.33,52.53,0.003821899484043545,2026-08-11,,,,,,,,
ESGG,2026-08-10,241.18,240.82,-0.0014926610830086062,2026-08-11,,,,,,,,
ESGU,2026-08-10,169.49,169.02,-0.0027730249572246457,2026-08-11,,,,,,,,
ESGV,2026-08-10,136.84,136.28,-0.004092370651856192,2026-08-11,,,,,,,,
ESI,2026-08-10,37.27,37.65,0.010195867990340668,2026-08-11,,,,,,,,
ESIM,2026-08-10,29.42,29.47,0.0016995241332427025,2026-08-11,,,,,,,,
ESLA,2026-08-10,0.72,0.71,-0.01388888888888895,2026-08-11,,,,,,,,
ESLG,2026-08-10,29.0,29.04,0.0013793103448276334,2026-08-11,,,,,,,,
ESLT,2026-08-10,846.04,776.08,-0.08269112571509607,2026-08-11,,,,,,,,
ESLV,2026-08-10,29.23,29.37,0.004789599726308547,2026-08-11,,,,,,,,
ESML,2026-08-10,55.39,55.56,0.0030691460552445538,2026-08-11,,,,,,,,
ESMV,2026-08-10,31.66,31.68,0.0006317119393557391,2026-08-11,,,,,,,,
ESN,2026-08-10,20.64,20.61,-0.0014534883720930258,2026-08-11,,,,,,,,
ESNT,2026-08-10,67.61,67.62,0.00014790711433221304,2026-08-11,,,,,,,,
ESOA,2026-08-10,15.46,13.23,-0.14424320827943082,2026-08-11,,,,,,,,
ESP,2026-08-10,61.92,63.79,0.030200258397932833,2026-08-11,,,,,,,,
ESPO,2026-08-10,99.6,99.1,-0.005020080321285092,2026-08-11,,,,,,,,
ESQ,2026-08-10,129.03,132.92,0.03014802759048263,2026-08-11,,,,,,,,
ESRT,2026-08-10,4.64,4.63,-0.0021551724137930384,2026-08-11,,,,,,,,
ESS,2026-08-10,283.21,282.46,-0.0026482115744500545,2026-08-11,,,,,,,,
ESSC,2026-08-10,31.14,31.26,0.003853564547206201,2026-08-11,,,,,,,,
ESTA,2026-08-10,75.06,74.28,-0.010391686650679466,2026-08-11,,,,,,,,
ESTC,2026-08-10,76.32,76.35,0.00039308176100627534,2026-08-11,,,,,,,,
ESUM,2026-08-10,31.14,31.24,0.0032113037893384266,2026-08-11,,,,,,,,
ET,2026-08-10,20.59,20.78,0.00922778047595929,2026-08-11,,,,,,,,
ETB,2026-08-10,15.64,15.71,0.004475703324808178,2026-08-11,,,,,,,,
ETCO,2026-08-10,8.4,8.41,0.0011904761904761862,2026-08-11,,,,,,,,
ETD,2026-08-10,23.51,23.67,0.006805614632071411,2026-08-11,,,,,,,,
ETEC,2026-08-10,27.52,27.65,0.004723837209302362,2026-08-11,,,,,,,,
ETFT,2026-08-10,10.17,10.16,-0.000983284169124854,2026-08-11,,,,,,,,
ETG,2026-08-10,24.42,24.43,0.00040950040950038513,2026-08-11,,,,,,,,
ETH,2026-08-10,17.91,17.94,0.0016750418760469454,2026-08-11,,,,,,,,
ETHA,2026-08-10,14.14,14.18,0.0028288543140027045,2026-08-11,,,,,,,,
ETHB,2026-08-10,24.14,24.17,0.0012427506213754658,2026-08-11,,,,,,,,
ETHD,2026-08-10,58.98,58.92,-0.0010172939979653517,2026-08-11,,,,,,,,
ETHE,2026-08-10,15.11,15.15,0.002647253474520328,2026-08-11,,,,,,,,
ETHO,2026-08-10,82.39,82.86,0.005704575798033629,2026-08-11,,,,,,,,
ETHT,2026-08-10,10.12,10.17,0.004940711462450675,2026-08-11,,,,,,,,
ETHU,2026-08-10,15.68,15.71,0.001913265306122458,2026-08-11,,,,,,,,
ETHV,2026-08-10,27.44,27.47,0.0010932944606412143,2026-08-11,,,,,,,,
ETHW,2026-08-10,13.42,13.45,0.0022354694485842153,2026-08-11,,,,,,,,
ETJ,2026-08-10,8.52,8.54,0.0023474178403755097,2026-08-11,,,,,,,,
ETN,2026-08-10,444.96,459.29,0.032205142035239165,2026-08-11,,,,,,,,
ETNG,2026-08-10,15.37,16.38,0.06571242680546518,2026-08-11,,,,,,,,
ETO,2026-08-10,31.97,31.96,-0.00031279324366584316,2026-08-11,,,,,,,,
ETON,2026-08-10,43.67,42.05,-0.037096404854591314,2026-08-11,,,,,,,,
ETOR,2026-08-10,34.0,29.33,-0.13735294117647068,2026-08-11,,,,,,,,
ETR,2026-08-10,105.65,106.57,0.008707998106956882,2026-08-11,,,,,,,,
ETS,2026-08-10,1.08,1.1,0.0185185185185186,2026-08-11,,,,,,,,
ETSS,2026-08-10,9.87,9.87,0.0,2026-08-11,,,,,,,,
ETSY,2026-08-10,80.4,79.48,-0.011442786069651767,2026-08-11,,,,,,,,
ETTY,2026-08-10,8.34,8.36,0.0023980815347721673,2026-08-11,,,,,,,,
ETU,2026-08-10,4.14,4.17,0.007246376811594235,2026-08-11,,,,,,,,
ETV,2026-08-10,15.13,15.23,0.006609385327164485,2026-08-11,,,,,,,,
ETW,2026-08-10,9.76,9.82,0.006147540983606703,2026-08-11,,,,,,,,
ETX,2026-08-10,18.27,18.31,0.0021893814997262506,2026-08-11,,,,,,,,
ETY,2026-08-10,14.66,14.73,0.004774897680764001,2026-08-11,,,,,,,,
EU,2026-08-10,1.31,1.38,0.05343511450381677,2026-08-11,,,,,,,,
EUAD,2026-08-10,47.37,47.13,-0.005066497783407065,2026-08-11,,,,,,,,
EUDA,2026-08-10,14.8,15.23,0.029054054054054035,2026-08-11,,,,,,,,
EUDG,2026-08-10,40.23,40.13,-0.002485707183693675,2026-08-11,,,,,,,,
EUDV,2026-08-10,55.46,55.25,-0.0037865128020194705,2026-08-11,,,,,,,,
EUFN,2026-08-10,42.29,42.14,-0.003546937810356976,2026-08-11,,,,,,,,
EUHY,2026-08-10,53.44,53.4,-0.0007485029940119681,2026-08-11,,,,,,,,
EUIG,2026-08-10,49.87,50.05,0.0036093843994384756,2026-08-11,,,,,,,,
EUM,2026-08-10,16.19,16.14,-0.0030883261272390827,2026-08-11,,,,,,,,
EUO,2026-08-10,30.17,30.22,0.0016572754391779299,2026-08-11,,,,,,,,
EURK,2026-08-10,12.0,11.7,-0.025000000000000022,2026-08-11,,,,,,,,
EURL,2026-08-10,51.31,51.6,0.005651919703761443,2026-08-11,,,,,,,,
EUSA,2026-08-10,118.0,118.37,0.0031355932203389614,2026-08-11,,,,,,,,
EUSB,2026-08-10,42.74,42.78,0.0009358914365933391,2026-08-11,,,,,,,,
EUV,2026-08-10,25.33,25.87,0.02131859455191476,2026-08-11,,,,,,,,
EUVX,2026-08-10,16.17,16.85,0.042053184910327834,2026-08-11,,,,,,,,
EVAC,2026-08-10,10.25,10.25,0.0,2026-08-11,,,,,,,,
EVAX,2026-08-10,3.05,3.06,0.003278688524590345,2026-08-11,,,,,,,,
EVC,2026-08-10,11.7,9.23,-0.21111111111111103,2026-08-11,,,,,,,,
EVCM,2026-08-10,10.23,9.92,-0.030303030303030387,2026-08-11,,,,,,,,
EVER,2026-08-10,25.55,25.09,-0.018003913894324874,2026-08-11,,,,,,,,
EVEX,2026-08-10,2.84,2.85,0.0035211267605634866,2026-08-11,,,,,,,,
EVF,2026-08-10,5.04,5.03,-0.001984126984126977,2026-08-11,,,,,,,,
EVG,2026-08-10,10.61,10.67,0.005655042412818112,2026-08-11,,,,,,,,
EVGN,2026-08-10,0.63,0.7,0.11111111111111094,2026-08-11,,,,,,,,
EVGO,2026-08-10,1.59,1.6,0.0062893081761006275,2026-08-11,,,,,,,,
EVH,2026-08-10,3.93,4.1,0.043256997455470625,2026-08-11,,,,,,,,
EVHY,2026-08-10,52.1,52.15,0.0009596928982724684,2026-08-11,,,,,,,,
EVI,2026-08-10,14.08,14.56,0.03409090909090917,2026-08-11,,,,,,,,
EVIM,2026-08-10,52.6,52.62,0.0003802281368820992,2026-08-11,,,,,,,,
EVLN,2026-08-10,48.74,48.81,0.001436192039392603,2026-08-11,,,,,,,,
EVLU,2026-08-10,41.18,41.15,-0.0007285089849441428,2026-08-11,,,,,,,,
EVLV,2026-08-10,5.86,6.03,0.029010238907849706,2026-08-11,,,,,,,,
EVMN,2026-08-10,14.07,14.21,0.00995024875621886,2026-08-11,,,,,,,,
EVMO,2026-08-10,49.69,49.69,0.0,2026-08-11,,,,,,,,
EVMT,2026-08-10,17.9,18.01,0.0061452513966482325,2026-08-11,,,,,,,,
EVMU,2026-08-10,18.54,18.61,0.003775620280474623,2026-08-11,,,,,,,,
EVN,2026-08-10,10.75,10.78,0.0027906976744185297,2026-08-11,,,,,,,,
EVNT,2026-08-10,12.35,12.35,0.0,2026-08-11,,,,,,,,
EVO,2026-08-10,2.08,2.1,0.009615384615384581,2026-08-11,,,,,,,,
EVOX,2026-08-10,10.09,10.09,0.0,2026-08-11,,,,,,,,
EVPF,2026-08-10,49.85,49.78,-0.0014042126379137931,2026-08-11,,,,,,,,
EVR,2026-08-10,297.97,303.06,0.017082256603013546,2026-08-11,,,,,,,,
EVRG,2026-08-10,82.09,82.03,-0.0007309051041539671,2026-08-11,,,,,,,,
EVSB,2026-08-10,50.83,50.83,0.0,2026-08-11,,,,,,,,
EVSD,2026-08-10,50.76,50.79,0.0005910165484632746,2026-08-11,,,,,,,,
EVSM,2026-08-10,50.14,50.15,0.00019944156362172727,2026-08-11,,,,,,,,
EVT,2026-08-10,29.07,29.21,0.004815961472308228,2026-08-11,,,,,,,,
EVTC,2026-08-10,29.64,29.51,-0.004385964912280715,2026-08-11,,,,,,,,
EVTL,2026-08-10,0.9,0.89,-0.011111111111111072,2026-08-11,,,,,,,,
EVTR,2026-08-10,50.05,50.1,0.0009990009990010762,2026-08-11,,,,,,,,
EVUS,2026-08-10,37.16,37.17,0.0002691065662003833,2026-08-11,,,,,,,,
EVV,2026-08-10,9.25,9.21,-0.00432432432432428,2026-08-11,,,,,,,,
EVX,2026-08-10,41.24,41.51,0.006547041707080314,2026-08-11,,,,,,,,
EVYM,2026-08-10,50.17,50.14,-0.0005979669124975828,2026-08-11,,,,,,,,
EW,2026-08-10,92.03,93.66,0.01771161577746372,2026-08-11,,,,,,,,
EWA,2026-08-10,30.05,29.95,-0.0033277870216306127,2026-08-11,,,,,,,,
EWAVU,2026-08-10,9.94,9.96,0.00201207243460777,2026-08-11,,,,,,,,
EWBC,2026-08-10,131.85,133.04,0.009025407660219864,2026-08-11,,,,,,,,
EWC,2026-08-10,61.5,61.51,0.00016260162601633432,2026-08-11,,,,,,,,
EWD,2026-08-10,53.44,53.06,-0.007110778443113697,2026-08-11,,,,,,,,
EWG,2026-08-10,43.87,43.99,0.0027353544563484267,2026-08-11,,,,,,,,
EWH,2026-08-10,22.8,22.48,-0.01403508771929829,2026-08-11,,,,,,,,
EWI,2026-08-10,63.17,63.09,-0.0012664239354123197,2026-08-11,,,,,,,,
EWJ,2026-08-10,96.05,96.28,0.0023945861530452195,2026-08-11,,,,,,,,
EWJV,2026-08-10,47.35,47.46,0.002323125659978942,2026-08-11,,,,,,,,
EWK,2026-08-10,26.9,26.82,-0.0029739776951672736,2026-08-11,,,,,,,,
EWL,2026-08-10,64.36,64.03,-0.0051274083281540594,2026-08-11,,,,,,,,
EWM,2026-08-10,28.04,28.07,0.0010699001426532906,2026-08-11,,,,,,,,
EWN,2026-08-10,68.73,69.43,0.01018478102720799,2026-08-11,,,,,,,,
EWO,2026-08-10,43.58,43.72,0.0032124827902708653,2026-08-11,,,,,,,,
EWP,2026-08-10,62.41,62.63,0.0035250761095979577,2026-08-11,,,,,,,,
EWQ,2026-08-10,47.75,47.69,-0.0012565445026178068,2026-08-11,,,,,,,,
EWS,2026-08-10,33.17,33.92,0.02261079288513712,2026-08-11,,,,,,,,
EWT,2026-08-10,102.18,103.94,0.017224505774124044,2026-08-11,,,,,,,,
EWTX,2026-08-10,44.58,44.31,-0.006056527590847849,2026-08-11,,,,,,,,
EWU,2026-08-10,48.49,48.3,-0.003918333677046859,2026-08-11,,,,,,,,
EWUS,2026-08-10,45.53,45.59,0.0013178124313639739,2026-08-11,,,,,,,,
EWV,2026-08-10,16.58,16.51,-0.0042219541616402845,2026-08-11,,,,,,,,
EWW,2026-08-10,76.93,76.24,-0.008969192772650625,2026-08-11,,,,,,,,
EWX,2026-08-10,71.55,71.47,-0.0011180992313067906,2026-08-11,,,,,,,,
EWY,2026-08-10,163.12,167.24,0.02525747915644927,2026-08-11,,,,,,,,
EWZ,2026-08-10,35.19,33.98,-0.03438476840011373,2026-08-11,,,,,,,,
EWZS,2026-08-10,12.62,12.17,-0.03565768621236132,2026-08-11,,,,,,,,
EXC,2026-08-10,44.5,44.87,0.008314606741572916,2026-08-11,,,,,,,,
EXE,2026-08-10,97.56,98.24,0.0069700697006969126,2026-08-11,,,,,,,,
EXEL,2026-08-10,52.96,51.33,-0.030777945619335445,2026-08-11,,,,,,,,
EXFY,2026-08-10,2.47,2.31,-0.06477732793522273,2026-08-11,,,,,,,,
EXG,2026-08-10,10.02,10.09,0.00698602794411185,2026-08-11,,,,,,,,
EXI,2026-08-10,204.71,205.42,0.0034683210395192177,2026-08-11,,,,,,,,
EXK,2026-08-10,10.24,10.59,0.0341796875,2026-08-11,,,,,,,,
EXLS,2026-08-10,35.07,34.9,-0.004847447961220497,2026-08-11,,,,,,,,
EXOD,2026-08-10,5.2,4.99,-0.04038461538461535,2026-08-11,,,,,,,,
EXOZ,2026-08-10,5.2,5.76,0.10769230769230753,2026-08-11,,,,,,,,
EXP,2026-08-10,210.98,214.31,0.01578348658640638,2026-08-11,,,,,,,,
EXPD,2026-08-10,179.0,177.21,-0.010000000000000009,2026-08-11,,,,,,,,
EXPE,2026-08-10,314.01,321.07,0.022483360402534958,2026-08-11,,,,,,,,
EXPO,2026-08-10,67.52,68.35,0.012292654028436045,2026-08-11,,,,,,,,
EXR,2026-08-10,146.66,146.55,-0.0007500340924586624,2026-08-11,,,,,,,,
EXTR,2026-08-10,23.54,23.9,0.015293118096856295,2026-08-11,,,,,,,,
EXUS,2026-08-10,28.69,28.85,0.005576856047403211,2026-08-11,,,,,,,,
EXYN,2026-08-10,2.17,2.57,0.1843317972350229,2026-08-11,,,,,,,,
EYE,2026-08-10,22.43,22.06,-0.0164957646009809,2026-08-11,,,,,,,,
EYEG,2026-08-10,34.49,34.51,0.0005798782255725943,2026-08-11,,,,,,,,
EYES,2026-08-10,29.94,30.09,0.005010020040080221,2026-08-11,,,,,,,,
EYLD,2026-08-10,47.09,47.02,-0.0014865151836908064,2026-08-11,,,,,,,,
EYPT,2026-08-10,13.07,13.05,-0.0015302218821728886,2026-08-11,,,,,,,,
EZA,2026-08-10,69.73,68.59,-0.016348773841961872,2026-08-11,,,,,,,,
EZBC,2026-08-10,36.94,36.68,-0.0070384407146724115,2026-08-11,,,,,,,,
EZET,2026-08-10,14.23,14.23,0.0,2026-08-11,,,,,,,,
EZGO,2026-08-10,1.08,1.16,0.07407407407407396,2026-08-11,,,,,,,,
EZJ,2026-08-10,67.94,68.22,0.004121283485428284,2026-08-11,,,,,,,,
EZM,2026-08-10,76.79,76.73,-0.0007813517385076851,2026-08-11,,,,,,,,
EZMO,2026-08-10,26.42,26.37,-0.0018925056775170868,2026-08-11,,,,,,,,
EZPW,2026-08-10,27.18,26.97,-0.007726269315673329,2026-08-11,,,,,,,,
EZPZ,2026-08-10,15.85,15.76,-0.005678233438485836,2026-08-11,,,,,,,,
EZRA,2026-08-10,2.51,2.36,-0.05976095617529875,2026-08-11,,,,,,,,
EZRO,2026-08-10,24.85,24.89,0.0016096579476860828,2026-08-11,,,,,,,,
EZU,2026-08-10,71.3,71.53,0.003225806451612856,2026-08-11,,,,,,,,
F,2026-08-10,14.0,13.98,-0.0014285714285714457,2026-08-11,,,,,,,,
FA,2026-08-10,23.59,21.17,-0.1025858414582449,2026-08-11,,,,,,,,
FAAA,2026-08-10,50.29,50.28,-0.00019884668920255866,2026-08-11,,,,,,,,
FAAR,2026-08-10,31.17,31.23,0.0019249278152069227,2026-08-11,,,,,,,,
FAB,2026-08-10,106.63,106.94,0.002907249366969955,2026-08-11,,,,,,,,
FABC,2026-08-10,2.63,2.77,0.05323193916349811,2026-08-11,,,,,,,,
FAC,2026-08-10,5.72,5.96,0.04195804195804209,2026-08-11,,,,,,,,
FACT,2026-08-10,10.66,10.65,-0.0009380863039399889,2026-08-11,,,,,,,,
FAD,2026-08-10,190.57,191.22,0.0034108201710658648,2026-08-11,,,,,,,,
FAF,2026-08-10,72.21,71.69,-0.007201218667774456,2026-08-11,,,,,,,,
FAI,2026-08-10,54.64,54.35,-0.005307467057101056,2026-08-11,,,,,,,,
FALN,2026-08-10,26.99,27.0,0.0003705075954056891,2026-08-11,,,,,,,,
FAMI,2026-08-10,0.16,0.17,0.0625,2026-08-11,,,,,,,,
FAN,2026-08-10,23.69,23.92,0.009708737864077666,2026-08-11,,,,,,,,
FANG,2026-08-10,198.97,201.71,0.013770920239231987,2026-08-11,,,,,,,,
FAPR,2026-08-10,47.71,47.63,-0.0016767973171242234,2026-08-11,,,,,,,,
FARX,2026-08-10,29.51,29.52,0.0003388681802778404,2026-08-11,,,,,,,,
FAS,2026-08-10,181.37,181.25,-0.0006616309202183146,2026-08-11,,,,,,,,
FAST,2026-08-10,52.15,52.38,0.004410354745925327,2026-08-11,,,,,,,,
FATE,2026-08-10,2.76,2.74,-0.007246376811594013,2026-08-11,,,,,,,,
FATN,2026-08-10,6.49,7.04,0.0847457627118644,2026-08-11,,,,,,,,
FAUG,2026-08-10,57.44,57.47,0.0005222841225627217,2026-08-11,,,,,,,,
FAX,2026-08-10,14.63,14.63,0.0,2026-08-11,,,,,,,,
FAZ,2026-08-10,31.5,31.52,0.0006349206349205438,2026-08-11,,,,,,,,
FB,2026-08-10,45.16,45.12,-0.0008857395925597755,2026-08-11,,,,,,,,
FBCG,2026-08-10,62.41,62.13,-0.004486460503124401,2026-08-11,,,,,,,,
FBCV,2026-08-10,42.69,42.64,-0.0011712344811430908,2026-08-11,,,,,,,,
FBDC,2026-08-10,17.84,17.89,0.002802690582959677,2026-08-11,,,,,,,,
FBGL,2026-08-10,0.43,0.41,-0.04651162790697683,2026-08-11,,,,,,,,
FBIN,2026-08-10,47.99,50.0,0.04188372577620325,2026-08-11,,,,,,,,
FBIO,2026-08-10,2.75,2.61,-0.050909090909090904,2026-08-11,,,,,,,,
FBIZ,2026-08-10,70.43,71.38,0.013488570211557471,2026-08-11,,,,,,,,
FBK,2026-08-10,60.74,61.4,0.010865986170562891,2026-08-11,,,,,,,,
FBL,2026-08-10,22.36,22.67,0.013864042933810383,2026-08-11,,,,,,,,
FBLA,2026-08-10,15.56,15.69,0.00835475578406153,2026-08-11,,,,,,,,
FBLG,2026-08-10,0.98,1.03,0.05102040816326525,2026-08-11,,,,,,,,
FBNC,2026-08-10,64.72,65.21,0.007571075401730409,2026-08-11,,,,,,,,
FBND,2026-08-10,44.86,44.89,0.0006687472135533667,2026-08-11,,,,,,,,
FBOT,2026-08-10,40.05,40.41,0.008988764044943753,2026-08-11,,,,,,,,
FBP,2026-08-10,28.93,29.04,0.0038022813688212143,2026-08-11,,,,,,,,
FBRT,2026-08-10,7.81,7.95,0.01792573623559557,2026-08-11,,,,,,,,
FBRX,2026-08-10,76.82,76.87,0.0006508721687061847,2026-08-11,,,,,,,,
FBT,2026-08-10,258.53,258.65,0.00046416276641014775,2026-08-11,,,,,,,,
FBTC,2026-08-10,55.65,55.23,-0.007547169811320753,2026-08-11,,,,,,,,
FBUF,2026-08-10,33.46,33.41,-0.0014943215780036656,2026-08-11,,,,,,,,
FBX,2026-08-10,28.61,29.01,0.013981125480601264,2026-08-11,,,,,,,,
FBY,2026-08-10,8.75,8.8,0.005714285714285783,2026-08-11,,,,,,,,
FBYD,2026-08-10,9.5,9.96,0.04842105263157914,2026-08-11,,,,,,,,
FBYY,2026-08-10,11.02,11.06,0.003629764065335772,2026-08-11,,,,,,,,
FC,2026-08-10,21.45,20.78,-0.031235431235431155,2026-08-11,,,,,,,,
FCA,2026-08-10,27.84,27.57,-0.00969827586206895,2026-08-11,,,,,,,,
FCAL,2026-08-10,48.92,48.92,0.0,2026-08-11,,,,,,,,
FCAP,2026-08-10,63.74,64.94,0.018826482585503568,2026-08-11,,,,,,,,
FCBC,2026-08-10,47.74,48.56,0.01717637201508171,2026-08-11,,,,,,,,
FCBD,2026-08-10,25.18,25.19,0.0003971405877680745,2026-08-11,,,,,,,,
FCBM,2026-08-10,12.69,12.86,0.013396375098502666,2026-08-11,,,,,,,,
FCCO,2026-08-10,33.81,33.74,-0.0020703933747412417,2026-08-11,,,,,,,,
FCEF,2026-08-10,24.22,24.11,-0.004541701073492943,2026-08-11,,,,,,,,
FCEL,2026-08-10,19.83,19.2,-0.0317700453857791,2026-08-11,,,,,,,,
FCF,2026-08-10,21.43,21.54,0.005132991133924403,2026-08-11,,,,,,,,
FCFS,2026-08-10,208.73,208.37,-0.0017247161404684297,2026-08-11,,,,,,,,
FCFY,2026-08-10,30.04,29.97,-0.0023302263648469212,2026-08-11,,,,,,,,
FCG,2026-08-10,29.81,30.06,0.008386447500838612,2026-08-11,,,,,,,,
FCHL,2026-08-10,1.16,1.19,0.02586206896551735,2026-08-11,,,,,,,,
FCLD,2026-08-10,42.77,42.92,0.003507131166705646,2026-08-11,,,,,,,,
FCLO,2026-08-10,50.28,50.31,0.0005966587112171684,2026-08-11,,,,,,,,
FCN,2026-08-10,150.87,152.83,0.012991317027904792,2026-08-11,,,,,,,,
FCNCA,2026-08-10,2233.35,2253.13,0.008856650323505244,2026-08-11,,,,,,,,
FCOM,2026-08-10,71.11,70.44,-0.00942202221909716,2026-08-11,,,,,,,,
FCOR,2026-08-10,46.25,46.32,0.0015135135135135869,2026-08-11,,,,,,,,
FCPI,2026-08-10,56.64,56.46,-0.0031779661016949623,2026-08-11,,,,,,,,
FCPT,2026-08-10,24.49,24.53,0.0016333197223357132,2026-08-11,,,,,,,,
FCRS,2026-08-10,10.25,10.25,0.0,2026-08-11,,,,,,,,
FCSH,2026-08-10,24.04,24.06,0.0008319467554076532,2026-08-11,,,,,,,,
FCT,2026-08-10,9.67,9.67,0.0,2026-08-11,,,,,,,,
FCTE,2026-08-10,30.18,30.42,0.007952286282306265,2026-08-11,,,,,,,,
FCTR,2026-08-10,39.9,39.98,0.002005012531328232,2026-08-11,,,,,,,,
FCUS,2026-08-10,36.96,36.97,0.00027056277056281,2026-08-11,,,,,,,,
FCUV,2026-08-10,6.44,6.0,-0.06832298136645965,2026-08-11,,,,,,,,
FCVT,2026-08-10,50.27,50.28,0.00019892580067626398,2026-08-11,,,,,,,,
FCX,2026-08-10,70.51,68.87,-0.023259112182669184,2026-08-11,,,,,,,,
FCXG,2026-08-10,15.71,14.92,-0.050286441756842826,2026-08-11,,,,,,,,
FDAT,2026-08-10,22.8,22.83,0.001315789473684159,2026-08-11,,,,,,,,
FDBC,2026-08-10,53.29,54.3,0.01895289923062493,2026-08-11,,,,,,,,
FDCF,2026-08-10,51.18,51.11,-0.0013677217663149444,2026-08-11,,,,,,,,
FDD,2026-08-10,20.39,20.39,0.0,2026-08-11,,,,,,,,
FDEC,2026-08-10,55.61,55.57,-0.000719295090811034,2026-08-11,,,,,,,,
FDEM,2026-08-10,35.32,35.47,0.00424688561721398,2026-08-11,,,,,,,,
FDEV,2026-08-10,37.67,37.72,0.0013273161667108901,2026-08-11,,,,,,,,
FDFF,2026-08-10,36.64,36.87,0.00627729257641918,2026-08-11,,,,,,,,
FDG,2026-08-10,134.77,133.62,-0.008533056318171695,2026-08-11,,,,,,,,
FDHY,2026-08-10,48.99,49.01,0.00040824658093474575,2026-08-11,,,,,,,,
FDIF,2026-08-10,41.21,41.29,0.001941276389225921,2026-08-11,,,,,,,,
FDIG,2026-08-10,40.68,40.72,0.000983284169124854,2026-08-11,,,,,,,,
FDIQ,2026-08-10,72.08,71.79,-0.004023307436181955,2026-08-11,,,,,,,,
FDIS,2026-08-10,104.4,104.16,-0.0022988505747126853,2026-08-11,,,,,,,,
FDIV,2026-08-10,28.2,28.32,0.004255319148936287,2026-08-11,,,,,,,,
FDL,2026-08-10,51.93,52.15,0.004236472174080408,2026-08-11,,,,,,,,
FDLO,2026-08-10,73.64,73.13,-0.006925583921781664,2026-08-11,,,,,,,,
FDLS,2026-08-10,43.06,42.95,-0.002554575011611715,2026-08-11,,,,,,,,
FDM,2026-08-10,94.16,94.39,0.0024426508071369035,2026-08-11,,,,,,,,
FDMM,2026-08-10,9.8,9.8,0.0,2026-08-11,,,,,,,,
FDMO,2026-08-10,95.22,95.01,-0.002205419029615574,2026-08-11,,,,,,,,
FDMT,2026-08-10,11.14,11.47,0.029622980251346576,2026-08-11,,,,,,,,
FDN,2026-08-10,293.12,290.31,-0.009586517467248923,2026-08-11,,,,,,,,
FDND,2026-08-10,23.02,22.82,-0.008688097306689846,2026-08-11,,,,,,,,
FDNI,2026-08-10,29.65,29.25,-0.013490725126475533,2026-08-11,,,,,,,,
FDRR,2026-08-10,69.85,69.42,-0.006156048675733605,2026-08-11,,,,,,,,
FDRS,2026-08-10,24.53,24.51,-0.0008153281695882919,2026-08-11,,,,,,,,
FDRV,2026-08-10,18.18,18.18,0.0,2026-08-11,,,,,,,,
FDRX,2026-08-10,22.97,22.9,-0.0030474531998259113,2026-08-11,,,,,,,,
FDS,2026-08-10,284.12,282.95,-0.004117978319020166,2026-08-11,,,,,,,,
FDSB,2026-08-10,17.89,18.0,0.006148686416992621,2026-08-11,,,,,,,,
FDT,2026-08-10,93.23,93.37,0.001501662554971528,2026-08-11,,,,,,,,
FDTS,2026-08-10,68.71,69.24,0.007713578809489086,2026-08-11,,,,,,,,
FDTX,2026-08-10,54.84,54.92,0.0014587892049597873,2026-08-11,,,,,,,,
FDUS,2026-08-10,19.84,19.82,-0.0010080645161290036,2026-08-11,,,,,,,,
FDV,2026-08-10,33.25,33.28,0.0009022556390978487,2026-08-11,,,,,,,,
FDVV,2026-08-10,63.78,63.6,-0.002822201317027262,2026-08-11,,,,,,,,
FDX,2026-08-10,325.08,322.43,-0.008151839547188344,2026-08-11,,,,,,,,
FDXF,2026-08-10,141.35,139.51,-0.013017332861690822,2026-08-11,,,,,,,,
FE,2026-08-10,46.76,46.84,0.0017108639863132602,2026-08-11,,,,,,,,
FEAC,2026-08-10,33.59,33.5,-0.002679368859779818,2026-08-11,,,,,,,,
FEAM,2026-08-10,1.96,1.84,-0.061224489795918324,2026-08-11,,,,,,,,
FEBM,2026-08-10,31.54,31.56,0.0006341154090043766,2026-08-11,,,,,,,,
FEBO,2026-08-10,0.8,0.8,0.0,2026-08-11,,,,,,,,
FEBP,2026-08-10,34.72,34.68,-0.0011520737327188613,2026-08-11,,,,,,,,
FEBT,2026-08-10,42.02,41.97,-0.0011899095668730375,2026-08-11,,,,,,,,
FEBU,2026-08-10,30.46,30.37,-0.002954694681549519,2026-08-11,,,,,,,,
FEBW,2026-08-10,36.09,36.08,-0.00027708506511514575,2026-08-11,,,,,,,,
FEBZ,2026-08-10,41.33,41.22,-0.002661504960077443,2026-08-11,,,,,,,,
FECM,2026-08-10,24.84,24.82,-0.0008051529790660261,2026-08-11,,,,,,,,
FEDM,2026-08-10,66.09,66.16,0.0010591617491297889,2026-08-11,,,,,,,,
FEDU,2026-08-10,7.5,6.91,-0.07866666666666666,2026-08-11,,,,,,,,
FEED,2026-08-10,0.41,0.4,-0.024390243902438935,2026-08-11,,,,,,,,
FEGE,2026-08-10,52.56,52.4,-0.003044140030441511,2026-08-11,,,,,,,,
FEIG,2026-08-10,39.92,39.97,0.0012525050100200552,2026-08-11,,,,,,,,
FEIM,2026-08-10,73.09,75.9,0.038445751812833606,2026-08-11,,,,,,,,
FELC,2026-08-10,43.99,43.79,-0.004546487838145152,2026-08-11,,,,,,,,
FELE,2026-08-10,107.43,107.81,0.003537187005491882,2026-08-11,,,,,,,,
FELG,2026-08-10,44.46,44.22,-0.005398110661268607,2026-08-11,,,,,,,,
FELV,2026-08-10,43.06,42.96,-0.0023223409196470035,2026-08-11,,,,,,,,
FEM,2026-08-10,32.17,32.01,-0.004973577867578571,2026-08-11,,,,,,,,
FEMB,2026-08-10,29.71,29.64,-0.0023561090541904806,2026-08-11,,,,,,,,
FEMD,2026-08-10,37.19,37.37,0.0048400107555794936,2026-08-11,,,,,,,,
FEMG,2026-08-10,26.91,26.95,0.0014864362690449884,2026-08-11,,,,,,,,
FEMR,2026-08-10,40.15,40.28,0.0032378580323786377,2026-08-11,,,,,,,,
FEMS,2026-08-10,45.46,45.21,-0.005499340079190507,2026-08-11,,,,,,,,
FEMV,2026-08-10,27.8,27.87,0.0025179856115107313,2026-08-11,,,,,,,,
FEMY,2026-08-10,2.37,2.35,-0.008438818565400852,2026-08-11,,,,,,,,
FENC,2026-08-10,10.94,12.78,0.16819012797074961,2026-08-11,,,,,,,,
FENG,2026-08-10,1.54,1.51,-0.019480519480519543,2026-08-11,,,,,,,,
FENI,2026-08-10,41.6,41.65,0.0012019230769229061,2026-08-11,,,,,,,,
FENY,2026-08-10,33.45,33.82,0.011061285500747253,2026-08-11,,,,,,,,
FEOE,2026-08-10,56.29,56.13,-0.0028424231657487864,2026-08-11,,,,,,,,
FEP,2026-08-10,59.62,59.72,0.0016772895001677668,2026-08-11,,,,,,,,
FEPI,2026-08-10,41.87,41.78,-0.0021495103893001133,2026-08-11,,,,,,,,
FER,2026-08-10,65.43,65.67,0.003668042182485065,2026-08-11,,,,,,,,
FERA,2026-08-10,10.46,10.47,0.0009560229445506607,2026-08-11,,,,,,,,
FERG,2026-08-10,263.78,251.51,-0.046516036090681556,2026-08-11,,,,,,,,
FESC,2026-08-10,24.22,24.31,0.0037159372419488523,2026-08-11,,,,,,,,
FESM,2026-08-10,48.13,48.17,0.0008310824849366849,2026-08-11,,,,,,,,
FET,2026-08-10,78.42,83.07,0.05929609793420032,2026-08-11,,,,,,,,
FETH,2026-08-10,18.7,18.72,0.0010695187165774556,2026-08-11,,,,,,,,
FEUS,2026-08-10,84.3,84.03,-0.00320284697508888,2026-08-11,,,,,,,,
FEUZ,2026-08-10,68.33,68.44,0.0016098346260793317,2026-08-11,,,,,,,,
FEX,2026-08-10,139.81,140.28,0.0033617051713039636,2026-08-11,,,,,,,,
FEZ,2026-08-10,71.7,71.83,0.0018131101813110284,2026-08-11,,,,,,,,
FF,2026-08-10,5.16,6.37,0.23449612403100772,2026-08-11,,,,,,,,
FFA,2026-08-10,23.6,23.65,0.0021186440677964935,2026-08-11,,,,,,,,
FFAI,2026-08-10,4.37,4.15,-0.05034324942791757,2026-08-11,,,,,,,,
FFBC,2026-08-10,33.61,34.0,0.011603689378161253,2026-08-11,,,,,,,,
FFC,2026-08-10,16.26,16.22,-0.002460024600246191,2026-08-11,,,,,,,,
FFDI,2026-08-10,33.18,33.24,0.001808318264014508,2026-08-11,,,,,,,,
FFEB,2026-08-10,62.27,62.21,-0.0009635458487233795,2026-08-11,,,,,,,,
FFEM,2026-08-10,41.38,41.37,-0.00024166263895608608,2026-08-11,,,,,,,,
FFF,2026-08-10,26.28,26.15,-0.004946727549467345,2026-08-11,,,,,,,,
FFGX,2026-08-10,34.57,34.65,0.0023141452126120843,2026-08-11,,,,,,,,
FFIN,2026-08-10,34.37,34.8,0.012510910677916875,2026-08-11,,,,,,,,
FFIU,2026-08-10,21.39,21.45,0.0028050490883588797,2026-08-11,,,,,,,,
FFIV,2026-08-10,409.99,414.0,0.00978072635917937,2026-08-11,,,,,,,,
FFLC,2026-08-10,60.35,60.24,-0.0018227009113503945,2026-08-11,,,,,,,,
FFLG,2026-08-10,33.37,33.18,-0.005693736889421541,2026-08-11,,,,,,,,
FFLS,2026-08-10,24.1,24.18,0.003319502074688785,2026-08-11,,,,,,,,
FFLV,2026-08-10,29.14,29.1,-0.0013726835964309458,2026-08-11,,,,,,,,
FFLX,2026-08-10,9.67,9.67,0.0,2026-08-11,,,,,,,,
FFND,2026-08-10,33.87,33.86,-0.0002952465308532215,2026-08-11,,,,,,,,
FFOG,2026-08-10,49.75,49.53,-0.004422110552763758,2026-08-11,,,,,,,,
FFOX,2026-08-10,30.66,30.89,0.007501630789302105,2026-08-11,,,,,,,,
FFSM,2026-08-10,37.73,37.85,0.003180492976411431,2026-08-11,,,,,,,,
FFTY,2026-08-10,36.69,36.98,0.007904061052057765,2026-08-11,,,,,,,,
FFUT,2026-08-10,61.31,61.19,-0.001957266351329423,2026-08-11,,,,,,,,
FG,2026-08-10,27.08,26.81,-0.009970457902511054,2026-08-11,,,,,,,,
FGBI,2026-08-10,8.42,8.43,0.0011876484560569,2026-08-11,,,,,,,,
FGD,2026-08-10,34.88,34.93,0.0014334862385321223,2026-08-11,,,,,,,,
FGDL,2026-08-10,58.42,58.18,-0.004108182129407778,2026-08-11,,,,,,,,
FGI,2026-08-10,4.63,4.55,-0.017278617710583144,2026-08-11,,,,,,,,
FGII,2026-08-10,9.95,9.99,0.004020100502512669,2026-08-11,,,,,,,,
FGL,2026-08-10,0.8,0.76,-0.050000000000000044,2026-08-11,,,,,,,,
FGM,2026-08-10,63.3,63.36,0.0009478672985783199,2026-08-11,,,,,,,,
FGNX,2026-08-10,7.27,6.96,-0.04264099037138924,2026-08-11,,,,,,,,
FGRU,2026-08-10,8.51,7.98,-0.062279670975323054,2026-08-11,,,,,,,,
FGSI,2026-08-10,21.52,21.44,-0.0037174721189590088,2026-08-11,,,,,,,,
FGSM,2026-08-10,35.72,35.81,0.002519596864501761,2026-08-11,,,,,,,,
FHB,2026-08-10,27.27,27.47,0.00733406674000725,2026-08-11,,,,,,,,
FHDG,2026-08-10,37.09,37.08,-0.00026961445133477646,2026-08-11,,,,,,,,
FHEQ,2026-08-10,34.39,34.18,-0.0061064262867113195,2026-08-11,,,,,,,,
FHI,2026-08-10,63.14,63.0,-0.0022172949002217113,2026-08-11,,,,,,,,
FHIL,2026-08-10,25.28,25.31,0.0011867088607593335,2026-08-11,,,,,,,,
FHLC,2026-08-10,81.9,81.61,-0.0035409035409036393,2026-08-11,,,,,,,,
FHN,2026-08-10,25.23,25.43,0.007927070947284953,2026-08-11,,,,,,,,
FHTX,2026-08-10,6.24,6.59,0.05608974358974361,2026-08-11,,,,,,,,
FHYS,2026-08-10,22.96,22.93,-0.0013066202090592505,2026-08-11,,,,,,,,
FIAT,2026-08-10,21.05,21.1,0.002375296912114022,2026-08-11,,,,,,,,
FIAX,2026-08-10,17.46,17.48,0.001145475372279492,2026-08-11,,,,,,,,
FIBK,2026-08-10,37.38,38.02,0.01712145532370246,2026-08-11,,,,,,,,
FICO,2026-08-10,1049.74,1038.23,-0.010964619810619802,2026-08-11,,,,,,,,
FICS,2026-08-10,42.95,42.81,-0.0032596041909196405,2026-08-11,,,,,,,,
FID,2026-08-10,22.83,22.83,0.0,2026-08-11,,,,,,,,
FIDI,2026-08-10,29.25,29.24,-0.0003418803418804295,2026-08-11,,,,,,,,
FIDU,2026-08-10,98.05,98.67,0.006323304436512078,2026-08-11,,,,,,,,
FIEE,2026-08-10,3.64,3.8,0.0439560439560438,2026-08-11,,,,,,,,
FIG,2026-08-10,25.39,24.87,-0.02048050413548641,2026-08-11,,,,,,,,
FIGB,2026-08-10,42.19,42.23,0.0009480919649205166,2026-08-11,,,,,,,,
FIGG,2026-08-10,24.39,23.35,-0.04264042640426402,2026-08-11,,,,,,,,
FIGR,2026-08-10,28.82,27.84,-0.03400416377515614,2026-08-11,,,,,,,,
FIGS,2026-08-10,14.39,14.27,-0.008339124391938957,2026-08-11,,,,,,,,
FIGX,2026-08-10,10.27,10.29,0.0019474196689386325,2026-08-11,,,,,,,,
FIIG,2026-08-10,20.4,20.4,0.0,2026-08-11,,,,,,,,
FIMU,2026-08-10,19.85,19.86,0.0005037783375314575,2026-08-11,,,,,,,,
FINA,2026-08-10,25.88,25.81,-0.002704791344667723,2026-08-11,,,,,,,,
FINS,2026-08-10,12.63,12.67,0.003167062549485289,2026-08-11,,,,,,,,
FINT,2026-08-10,36.64,36.64,0.0,2026-08-11,,,,,,,,
FINV,2026-08-10,4.72,4.43,-0.06144067796610175,2026-08-11,,,,,,,,
FINW,2026-08-10,13.71,13.76,0.003646973012399579,2026-08-11,,,,,,,,
FINX,2026-08-10,26.01,26.06,0.0019223375624759509,2026-08-11,,,,,,,,
FINY,2026-08-10,25.56,25.55,-0.0003912363067292146,2026-08-11,,,,,,,,
FIP,2026-08-10,4.3,4.37,0.016279069767441978,2026-08-11,,,,,,,,
FIRY,2026-08-10,10.48,10.22,-0.024809160305343525,2026-08-11,,,,,,,,
FIS,2026-08-10,42.51,42.76,0.005880969183721385,2026-08-11,,,,,,,,
FISI,2026-08-10,41.33,41.64,0.007500604887491047,2026-08-11,,,,,,,,
FISN,2026-08-10,7.95,8.25,0.037735849056603765,2026-08-11,,,,,,,,
FISR,2026-08-10,25.21,25.21,0.0,2026-08-11,,,,,,,,
FISV,2026-08-10,52.22,52.72,0.009574875526618065,2026-08-11,,,,,,,,
FITB,2026-08-10,57.13,57.6,0.00822685104148424,2026-08-11,,,,,,,,
FITE,2026-08-10,116.89,117.61,0.006159637265805484,2026-08-11,,,,,,,,
FITZ,2026-08-10,25.66,25.6,-0.002338269680436378,2026-08-11,,,,,,,,
FIVA,2026-08-10,39.85,39.88,0.0007528230865747609,2026-08-11,,,,,,,,
FIVE,2026-08-10,235.36,234.24,-0.0047586675730795225,2026-08-11,,,,,,,,
FIVN,2026-08-10,34.48,32.63,-0.053654292343387366,2026-08-11,,,,,,,,
FIW,2026-08-10,112.86,113.15,0.0025695552011342215,2026-08-11,,,,,,,,
FIX,2026-08-10,1674.84,1688.05,0.0078873205798764,2026-08-11,,,,,,,,
FIXD,2026-08-10,42.93,42.95,0.0004658746797112645,2026-08-11,,,,,,,,
FIXP,2026-08-10,19.86,19.88,0.001007049345417954,2026-08-11,,,,,,,,
FIXT,2026-08-10,37.17,37.18,0.0002690341673392549,2026-08-11,,,,,,,,
FIYY,2026-08-10,24.49,24.49,0.0,2026-08-11,,,,,,,,
FIZY,2026-08-10,26.34,26.26,-0.0030372057706908873,2026-08-11,,,,,,,,
FIZZ,2026-08-10,31.04,30.83,-0.006765463917525749,2026-08-11,,,,,,,,
FJAN,2026-08-10,56.35,56.26,-0.0015971606033718944,2026-08-11,,,,,,,,
FJDIU,2026-08-10,9.96,9.95,-0.0010040160642571516,2026-08-11,,,,,,,,
FJET,2026-08-10,3.94,4.1,0.04060913705583746,2026-08-11,,,,,,,,
FJP,2026-08-10,76.28,76.39,0.0014420555846879068,2026-08-11,,,,,,,,
FJUL,2026-08-10,61.26,61.21,-0.0008161932745673894,2026-08-11,,,,,,,,
FJUN,2026-08-10,61.36,61.24,-0.001955671447196883,2026-08-11,,,,,,,,
FKU,2026-08-10,56.53,56.35,-0.003184150008844866,2026-08-11,,,,,,,,
FKWL,2026-08-10,2.37,2.41,0.016877637130801704,2026-08-11,,,,,,,,
FLAG,2026-08-10,28.96,28.88,-0.002762430939226568,2026-08-11,,,,,,,,
FLAO,2026-08-10,28.55,28.54,-0.00035026269702287394,2026-08-11,,,,,,,,
FLAU,2026-08-10,36.08,35.89,-0.005266075388026592,2026-08-11,,,,,,,,
FLAX,2026-08-10,35.53,35.7,0.004784688995215447,2026-08-11,,,,,,,,
FLBL,2026-08-10,23.01,23.03,0.0008691873098651826,2026-08-11,,,,,,,,
FLBR,2026-08-10,21.84,21.07,-0.03525641025641024,2026-08-11,,,,,,,,
FLC,2026-08-10,16.78,16.79,0.0005959475566148509,2026-08-11,,,,,,,,
FLCA,2026-08-10,54.92,54.89,-0.0005462490895848937,2026-08-11,,,,,,,,
FLCB,2026-08-10,21.03,21.03,0.0,2026-08-11,,,,,,,,
FLCC,2026-08-10,37.05,36.93,-0.0032388663967610754,2026-08-11,,,,,,,,
FLCE,2026-08-10,32.13,32.05,-0.0024898848428261955,2026-08-11,,,,,,,,
FLCG,2026-08-10,35.22,35.07,-0.004258943781942026,2026-08-11,,,,,,,,
FLCH,2026-08-10,22.55,22.05,-0.022172949002217335,2026-08-11,,,,,,,,
FLCO,2026-08-10,20.92,20.93,0.00047801147227533036,2026-08-11,,,,,,,,
FLCV,2026-08-10,37.73,37.74,0.0002650410813678228,2026-08-11,,,,,,,,
FLD,2026-08-10,0.45,0.45,0.0,2026-08-11,,,,,,,,
FLDB,2026-08-10,50.32,50.3,-0.0003974562798092496,2026-08-11,,,,,,,,
FLDR,2026-08-10,50.01,50.05,0.0007998400319935151,2026-08-11,,,,,,,,
FLDZ,2026-08-10,33.1,33.44,0.010271903323262777,2026-08-11,,,,,,,,
FLEE,2026-08-10,40.14,40.13,-0.0002491280518185368,2026-08-11,,,,,,,,
FLEU,2026-08-10,36.91,36.97,0.0016255757247358726,2026-08-11,,,,,,,,
FLEX,2026-08-10,119.7,122.41,0.022639933166248793,2026-08-11,,,,,,,,
FLG,2026-08-10,14.01,14.19,0.012847965738757905,2026-08-11,,,,,,,,
FLGB,2026-08-10,37.36,37.22,-0.0037473233404711204,2026-08-11,,,,,,,,
FLGR,2026-08-10,34.16,34.24,0.0023419203747074846,2026-08-11,,,,,,,,
FLGT,2026-08-10,19.06,19.0,-0.0031479538300104304,2026-08-11,,,,,,,,
FLGV,2026-08-10,19.92,19.94,0.0010040160642570406,2026-08-11,,,,,,,,
FLHY,2026-08-10,24.12,24.11,-0.0004145936981758691,2026-08-11,,,,,,,,
FLIA,2026-08-10,20.29,20.31,0.0009857072449481752,2026-08-11,,,,,,,,
FLIN,2026-08-10,36.04,36.03,-0.00027746947835727287,2026-08-11,,,,,,,,
FLJH,2026-08-10,46.0,46.21,0.004565217391304444,2026-08-11,,,,,,,,
FLJJ,2026-08-10,34.4,34.36,-0.0011627906976744429,2026-08-11,,,,,,,,
FLJP,2026-08-10,40.91,40.99,0.001955512099731216,2026-08-11,,,,,,,,
FLKR,2026-08-10,54.2,55.42,0.02250922509225095,2026-08-11,,,,,,,,
FLL,2026-08-10,2.47,2.37,-0.04048582995951422,2026-08-11,,,,,,,,
FLLA,2026-08-10,27.16,26.53,-0.02319587628865971,2026-08-11,,,,,,,,
FLMB,2026-08-10,23.49,23.51,0.0008514261387826405,2026-08-11,,,,,,,,
FLMI,2026-08-10,24.72,24.74,0.0008090614886731018,2026-08-11,,,,,,,,
FLMX,2026-08-10,37.41,36.99,-0.011226944667201089,2026-08-11,,,,,,,,
FLN,2026-08-10,25.38,24.87,-0.02009456264775411,2026-08-11,,,,,,,,
FLNA,2026-08-10,1.0,0.97,-0.030000000000000027,2026-08-11,,,,,,,,
FLNC,2026-08-10,12.65,13.11,0.036363636363636376,2026-08-11,,,,,,,,
FLNG,2026-08-10,30.32,29.15,-0.03858839050131935,2026-08-11,,,,,,,,
FLNT,2026-08-10,4.27,4.12,-0.03512880562060883,2026-08-11,,,,,,,,
FLO,2026-08-10,7.14,7.16,0.0028011204481792618,2026-08-11,,,,,,,,
FLOC,2026-08-10,22.33,23.26,0.041648007165248746,2026-08-11,,,,,,,,
FLOT,2026-08-10,50.92,50.92,0.0,2026-08-11,,,,,,,,
FLOW,2026-08-10,43.44,43.4,-0.0009208103130754486,2026-08-11,,,,,,,,
FLQL,2026-08-10,79.39,79.08,-0.0039047739009950844,2026-08-11,,,,,,,,
FLQM,2026-08-10,61.56,61.34,-0.003573749187784303,2026-08-11,,,,,,,,
FLQS,2026-08-10,50.2,50.15,-0.0009960159362550902,2026-08-11,,,,,,,,
FLR,2026-08-10,52.25,52.95,0.013397129186602852,2026-08-11,,,,,,,,
FLRG,2026-08-10,42.75,42.55,-0.004678362573099504,2026-08-11,,,,,,,,
FLRN,2026-08-10,30.76,30.76,0.0,2026-08-11,,,,,,,,
FLRT,2026-08-10,46.75,46.79,0.00085561497326192,2026-08-11,,,,,,,,
FLS,2026-08-10,79.49,80.86,0.01723487231098253,2026-08-11,,,,,,,,
FLSA,2026-08-10,32.68,32.55,-0.00397796817625462,2026-08-11,,,,,,,,
FLSP,2026-08-10,28.32,28.3,-0.0007062146892655718,2026-08-11,,,,,,,,
FLSW,2026-08-10,44.55,44.33,-0.004938271604938205,2026-08-11,,,,,,,,
FLTB,2026-08-10,49.96,49.93,-0.0006004803843074891,2026-08-11,,,,,,,,
FLTR,2026-08-10,25.53,25.54,0.00039169604386990464,2026-08-11,,,,,,,,
FLTW,2026-08-10,98.71,100.41,0.017222165940634193,2026-08-11,,,,,,,,
FLUD,2026-08-10,24.97,24.97,0.0,2026-08-11,,,,,,,,
FLUT,2026-08-10,94.27,99.02,0.05038718574307843,2026-08-11,,,,,,,,
FLUX,2026-08-10,0.52,0.54,0.03846153846153855,2026-08-11,,,,,,,,
FLV,2026-08-10,87.33,87.6,0.003091721058055663,2026-08-11,,,,,,,,
FLWS,2026-08-10,3.98,4.04,0.015075376884422065,2026-08-11,,,,,,,,
FLX,2026-08-10,2.08,2.13,0.024038461538461453,2026-08-11,,,,,,,,
FLXI,2026-08-10,48.91,48.81,-0.002044571662236594,2026-08-11,,,,,,,,
FLXN,2026-08-10,24.87,24.89,0.0008041817450743505,2026-08-11,,,,,,,,
FLXR,2026-08-10,38.84,38.87,0.0007723995880533074,2026-08-11,,,,,,,,
FLXS,2026-08-10,75.25,75.25,0.0,2026-08-11,,,,,,,,
FLY,2026-08-10,25.76,26.36,0.02329192546583836,2026-08-11,,,,,,,,
FLYD,2026-08-10,38.35,37.75,-0.01564537157757495,2026-08-11,,,,,,,,
FLYE,2026-08-10,1.66,1.72,0.03614457831325302,2026-08-11,,,,,,,,
FLYT,2026-08-10,7.33,7.69,0.049113233287858105,2026-08-11,,,,,,,,
FLYU,2026-08-10,53.5,54.27,0.014392523364485932,2026-08-11,,,,,,,,
FLYW,2026-08-10,17.38,17.47,0.005178365937859697,2026-08-11,,,,,,,,
FLYX,2026-08-10,1.23,1.32,0.07317073170731714,2026-08-11,,,,,,,,
FLZH,2026-08-10,1.34,1.33,-0.007462686567164201,2026-08-11,,,,,,,,
FMAC,2026-08-10,10.05,10.04,-0.0009950248756220859,2026-08-11,,,,,,,,
FMAG,2026-08-10,36.85,36.82,-0.0008141112618724744,2026-08-11,,,,,,,,
FMAO,2026-08-10,34.38,35.06,0.019778941244909864,2026-08-11,,,,,,,,
FMAR,2026-08-10,53.18,53.17,-0.000188040616773133,2026-08-11,,,,,,,,
FMAT,2026-08-10,60.86,60.88,0.000328623069339562,2026-08-11,,,,,,,,
FMAY,2026-08-10,57.5,57.39,-0.001913043478260823,2026-08-11,,,,,,,,
FMB,2026-08-10,50.61,50.63,0.00039517881841533153,2026-08-11,,,,,,,,
FMBH,2026-08-10,51.13,51.64,0.009974574613729636,2026-08-11,,,,,,,,
FMC,2026-08-10,10.46,10.41,-0.004780114722753415,2026-08-11,,,,,,,,
FMCE,2026-08-10,29.02,29.18,0.005513439007581056,2026-08-11,,,,,,,,
FMCX,2026-08-10,37.44,37.53,0.0024038461538462563,2026-08-11,,,,,,,,
FMDE,2026-08-10,42.37,42.43,0.001416096294547975,2026-08-11,,,,,,,,
FMED,2026-08-10,30.34,30.22,-0.0039551746868820015,2026-08-11,,,,,,,,
FMET,2026-08-10,38.68,38.51,-0.004395036194415725,2026-08-11,,,,,,,,
FMF,2026-08-10,50.62,50.63,0.00019755037534574527,2026-08-11,,,,,,,,
FMFC,2026-08-10,0.27,0.25,-0.07407407407407418,2026-08-11,,,,,,,,
FMHI,2026-08-10,47.84,47.85,0.00020903010033435088,2026-08-11,,,,,,,,
FMKT,2026-08-10,22.63,22.58,-0.002209456473707516,2026-08-11,,,,,,,,
FMN,2026-08-10,11.15,11.14,-0.0008968609865470656,2026-08-11,,,,,,,,
FMNB,2026-08-10,15.72,16.06,0.021628498727735312,2026-08-11,,,,,,,,
FMNY,2026-08-10,26.43,26.46,0.0011350737797957144,2026-08-11,,,,,,,,
FMQQ,2026-08-10,12.61,12.91,0.023790642347343516,2026-08-11,,,,,,,,
FMS,2026-08-10,24.35,23.87,-0.019712525667351155,2026-08-11,,,,,,,,
FMST,2026-08-10,1.36,1.32,-0.02941176470588236,2026-08-11,,,,,,,,
FMTL,2026-08-10,36.22,36.25,0.000828271673108727,2026-08-11,,,,,,,,
FMTM,2026-08-10,39.43,39.18,-0.006340349987319249,2026-08-11,,,,,,,,
FMUB,2026-08-10,50.83,50.85,0.00039346842415910466,2026-08-11,,,,,,,,
FMUN,2026-08-10,49.7,49.79,0.0018108651911468154,2026-08-11,,,,,,,,
FMX,2026-08-10,119.92,118.23,-0.014092728485657124,2026-08-11,,,,,,,,
FMY,2026-08-10,11.68,11.66,-0.001712328767123239,2026-08-11,,,,,,,,
FN,2026-08-10,527.07,525.88,-0.0022577646232949666,2026-08-11,,,,,,,,
FNB,2026-08-10,18.95,19.11,0.008443271767810012,2026-08-11,,,,,,,,
FNCL,2026-08-10,82.18,82.28,0.0012168410805548646,2026-08-11,,,,,,,,
FND,2026-08-10,59.17,60.5,0.02247760689538625,2026-08-11,,,,,,,,
FNDA,2026-08-10,37.9,38.0,0.0026385224274407815,2026-08-11,,,,,,,,
FNDB,2026-08-10,31.67,31.64,-0.000947268708556992,2026-08-11,,,,,,,,
FNDC,2026-08-10,50.79,50.86,0.0013782240598543272,2026-08-11,,,,,,,,
FNDE,2026-08-10,41.78,41.36,-0.010052656773575919,2026-08-11,,,,,,,,
FNDF,2026-08-10,54.92,55.08,0.0029133284777858037,2026-08-11,,,,,,,,
FNDX,2026-08-10,32.44,32.41,-0.0009247842170160281,2026-08-11,,,,,,,,
FNF,2026-08-10,47.99,47.57,-0.008751823296520134,2026-08-11,,,,,,,,
FNG,2026-08-10,9.2,9.08,-0.01304347826086949,2026-08-11,,,,,,,,
FNGD,2026-08-10,26.41,27.14,0.027641045058689917,2026-08-11,,,,,,,,
FNGG,2026-08-10,268.23,263.14,-0.018976251724266646,2026-08-11,,,,,,,,
FNGO,2026-08-10,153.3,150.38,-0.019047619047619202,2026-08-11,,,,,,,,
FNGR,2026-08-10,0.29,0.29,0.0,2026-08-11,,,,,,,,
FNGS,2026-08-10,80.79,80.06,-0.00903577175393,2026-08-11,,,,,,,,
FNGU,2026-08-10,33.7,32.72,-0.02908011869436211,2026-08-11,,,,,,,,
FNK,2026-08-10,64.26,64.42,0.0024898848428258624,2026-08-11,,,,,,,,
FNKO,2026-08-10,6.19,5.93,-0.042003231017770704,2026-08-11,,,,,,,,
FNLC,2026-08-10,34.8,35.42,0.017816091954023117,2026-08-11,,,,,,,,
FNOV,2026-08-10,59.67,59.62,-0.0008379420144126737,2026-08-11,,,,,,,,
FNRN,2026-08-10,17.34,17.34,0.0,2026-08-11,,,,,,,,
FNUC,2026-08-10,1.7,1.86,0.09411764705882364,2026-08-11,,,,,,,,
FNV,2026-08-10,240.9,240.74,-0.0006641760066417035,2026-08-11,,,,,,,,
FNWB,2026-08-10,11.0,11.16,0.014545454545454639,2026-08-11,,,,,,,,
FNWD,2026-08-10,44.22,44.75,0.011985526910900157,2026-08-11,,,,,,,,
FNX,2026-08-10,146.23,146.46,0.001572864665253526,2026-08-11,,,,,,,,
FNY,2026-08-10,106.16,106.26,0.0009419743782970169,2026-08-11,,,,,,,,
FOA,2026-08-10,21.82,21.55,-0.012373968835930338,2026-08-11,,,,,,,,
FOCL,2026-08-10,6.08,6.01,-0.011513157894736836,2026-08-11,,,,,,,,
FOCT,2026-08-10,53.45,53.43,-0.0003741814780169328,2026-08-11,,,,,,,,
FOF,2026-08-10,13.76,13.68,-0.005813953488372103,2026-08-11,,,,,,,,
FOFO,2026-08-10,2.59,2.53,-0.02316602316602323,2026-08-11,,,,,,,,
FOMG,2026-08-10,6.05,7.02,0.16033057851239674,2026-08-11,,,,,,,,
FOPC,2026-08-10,25.19,25.2,0.00039698292973389115,2026-08-11,,,,,,,,
FOR,2026-08-10,28.53,29.08,0.019277953031896056,2026-08-11,,,,,,,,
FORH,2026-08-10,25.07,25.07,0.0,2026-08-11,,,,,,,,
FORM,2026-08-10,112.47,121.07,0.07646483506712887,2026-08-11,,,,,,,,
FORR,2026-08-10,11.62,11.83,0.01807228915662651,2026-08-11,,,,,,,,
FORTY,2026-08-10,107.4,104.27,-0.029143389199255187,2026-08-11,,,,,,,,
FOSL,2026-08-10,5.36,5.24,-0.022388059701492602,2026-08-11,,,,,,,,
FOTO,2026-08-10,19.76,19.85,0.0045546558704452345,2026-08-11,,,,,,,,
FOUR,2026-08-10,43.16,41.04,-0.04911955514365152,2026-08-11,,,,,,,,
FOWF,2026-08-10,37.19,37.08,-0.0029577843506318757,2026-08-11,,,,,,,,
FOX,2026-08-10,56.33,55.34,-0.017575004438132313,2026-08-11,,,,,,,,
FOXA,2026-08-10,63.42,62.14,-0.0201829076001262,2026-08-11,,,,,,,,
FOXF,2026-08-10,21.03,21.54,0.024251069900142586,2026-08-11,,,,,,,,
FOXX,2026-08-10,2.5,2.47,-0.0119999999999999,2026-08-11,,,,,,,,
FOXY,2026-08-10,28.26,28.1,-0.005661712668082131,2026-08-11,,,,,,,,
FPA,2026-08-10,47.86,48.04,0.003760969494358557,2026-08-11,,,,,,,,
FPAA,2026-08-10,25.9,25.95,0.0019305019305020377,2026-08-11,,,,,,,,
FPAG,2026-08-10,42.95,42.93,-0.0004656577415600438,2026-08-11,,,,,,,,
FPAS,2026-08-10,24.52,24.53,0.00040783034257763084,2026-08-11,,,,,,,,
FPE,2026-08-10,17.81,17.76,-0.0028074115665355226,2026-08-11,,,,,,,,
FPEI,2026-08-10,19.18,19.16,-0.0010427528675703845,2026-08-11,,,,,,,,
FPF,2026-08-10,17.73,17.75,0.0011280315848842815,2026-08-11,,,,,,,,
FPFD,2026-08-10,21.23,21.22,-0.0004710315591145431,2026-08-11,,,,,,,,
FPH,2026-08-10,5.24,5.26,0.003816793893129722,2026-08-11,,,,,,,,
FPI,2026-08-10,9.72,9.74,0.002057613168724215,2026-08-11,,,,,,,,
FPRO,2026-08-10,25.0,24.86,-0.005600000000000049,2026-08-11,,,,,,,,
FPS,2026-08-10,37.6,37.72,0.0031914893617019935,2026-08-11,,,,,,,,
FPSX,2026-08-10,4.83,4.81,-0.0041407867494824835,2026-08-11,,,,,,,,
FPWR,2026-08-10,36.71,36.99,0.007627349496050151,2026-08-11,,,,,,,,
FPX,2026-08-10,180.5,181.2,0.0038781163434902233,2026-08-11,,,,,,,,
FPXE,2026-08-10,34.1,34.01,-0.0026392961876834375,2026-08-11,,,,,,,,
FPXI,2026-08-10,71.85,71.93,0.0011134307585247694,2026-08-11,,,,,,,,
FQAL,2026-08-10,84.86,84.64,-0.002592505302851711,2026-08-11,,,,,,,,
FR,2026-08-10,63.03,62.98,-0.000793273044581988,2026-08-11,,,,,,,,
FRA,2026-08-10,10.94,11.04,0.009140767824497242,2026-08-11,,,,,,,,
FRAF,2026-08-10,61.79,63.12,0.02152451853050663,2026-08-11,,,,,,,,
FRBA,2026-08-10,18.54,18.76,0.011866235167206085,2026-08-11,,,,,,,,
FRBT,2026-08-10,19.35,19.5,0.007751937984496138,2026-08-11,,,,,,,,
FRD,2026-08-10,43.47,42.87,-0.013802622498274686,2026-08-11,,,,,,,,
FRDM,2026-08-10,66.17,66.57,0.006045035514583574,2026-08-11,,,,,,,,
FREI,2026-08-10,24.81,24.78,-0.0012091898428052694,2026-08-11,,,,,,,,
FREL,2026-08-10,29.48,29.29,-0.006445047489823663,2026-08-11,,,,,,,,
FRGN,2026-08-10,31.49,31.52,0.0009526833915529664,2026-08-11,,,,,,,,
FRGT,2026-08-10,2.45,2.57,0.048979591836734615,2026-08-11,,,,,,,,
FRHC,2026-08-10,150.0,151.0,0.006666666666666599,2026-08-11,,,,,,,,
FRI,2026-08-10,31.72,31.42,-0.009457755359394637,2026-08-11,,,,,,,,
FRIZ,2026-08-10,27.72,27.73,0.0003607503607503393,2026-08-11,,,,,,,,
FRME,2026-08-10,42.42,42.77,0.008250825082508184,2026-08-11,,,,,,,,
FRMI,2026-08-10,5.88,7.12,0.2108843537414966,2026-08-11,,,,,,,,
FRMM,2026-08-10,6.3,6.25,-0.007936507936507908,2026-08-11,,,,,,,,
FRNM,2026-08-10,11.62,12.0,0.03270223752151469,2026-08-11,,,,,,,,
FRNW,2026-08-10,22.74,22.96,0.009674582233949014,2026-08-11,,,,,,,,
FRO,2026-08-10,38.45,38.14,-0.008062418725617748,2026-08-11,,,,,,,,
FROG,2026-08-10,88.15,86.1,-0.023255813953488524,2026-08-11,,,,,,,,
FRPH,2026-08-10,21.64,22.12,0.022181146025878062,2026-08-11,,,,,,,,
FRPT,2026-08-10,67.77,71.75,0.05872805075992327,2026-08-11,,,,,,,,
FRSH,2026-08-10,11.98,11.97,-0.0008347245409014992,2026-08-11,,,,,,,,
FRST,2026-08-10,16.15,16.33,0.011145510835913308,2026-08-11,,,,,,,,
FRSX,2026-08-10,1.36,1.41,0.03676470588235281,2026-08-11,,,,,,,,
FRT,2026-08-10,117.13,116.74,-0.0033296337402886067,2026-08-11,,,,,,,,
FRTT,2026-08-10,0.98,1.29,0.3163265306122449,2026-08-11,,,,,,,,
FRTY,2026-08-10,23.29,23.32,0.0012881064834693312,2026-08-11,,,,,,,,
FRVO,2026-08-10,23.92,24.17,0.010451505016722429,2026-08-11,,,,,,,,
FRWD,2026-08-10,32.05,32.17,0.0037441497659906897,2026-08-11,,,,,,,,
FSBC,2026-08-10,46.01,46.92,0.01977830906324729,2026-08-11,,,,,,,,
FSBW,2026-08-10,42.61,43.4,0.01854024876789495,2026-08-11,,,,,,,,
FSCC,2026-08-10,35.88,35.88,0.0,2026-08-11,,,,,,,,
FSCO,2026-08-10,5.01,5.04,0.005988023952095967,2026-08-11,,,,,,,,
FSCS,2026-08-10,38.24,38.34,0.0026150627615062483,2026-08-11,,,,,,,,
FSEA,2026-08-10,17.09,17.12,0.0017554125219427785,2026-08-11,,,,,,,,
FSEC,2026-08-10,43.29,43.33,0.0009240009240008007,2026-08-11,,,,,,,,
FSEG,2026-08-10,27.88,27.89,0.00035868005738892705,2026-08-11,,,,,,,,
FSEP,2026-08-10,56.35,56.31,-0.0007098491570540766,2026-08-11,,,,,,,,
FSEV,2026-08-10,27.13,27.17,0.0014743826022853845,2026-08-11,,,,,,,,
FSGS,2026-08-10,33.74,33.77,0.000889152341434496,2026-08-11,,,,,,,,
FSHP,2026-08-10,11.31,11.28,-0.0026525198938992522,2026-08-11,,,,,,,,
FSI,2026-08-10,4.98,4.9,-0.016064257028112428,2026-08-11,,,,,,,,
FSIG,2026-08-10,18.82,18.82,0.0,2026-08-11,,,,,,,,
FSK,2026-08-10,12.19,12.25,0.004922067268252617,2026-08-11,,,,,,,,
FSLR,2026-08-10,239.33,240.91,0.006601763255755566,2026-08-11,,,,,,,,
FSLY,2026-08-10,27.75,28.78,0.03711711711711718,2026-08-11,,,,,,,,
FSM,2026-08-10,10.73,10.83,0.009319664492078328,2026-08-11,,,,,,,,
FSMB,2026-08-10,19.95,19.95,0.0,2026-08-11,,,,,,,,
FSMD,2026-08-10,52.04,52.16,0.002305918524212025,2026-08-11,,,,,,,,
FSML,2026-08-10,30.69,30.75,0.0019550342130987275,2026-08-11,,,,,,,,
FSOL,2026-08-10,9.01,8.94,-0.007769145394006638,2026-08-11,,,,,,,,
FSP,2026-08-10,0.44,0.44,0.0,2026-08-11,,,,,,,,
FSPC,2026-08-10,20.69,20.68,-0.00048332527791206115,2026-08-11,,,,,,,,
FSS,2026-08-10,126.77,128.72,0.015382188214877468,2026-08-11,,,,,,,,
FSSL,2026-08-10,11.24,11.38,0.012455516014235002,2026-08-11,,,,,,,,
FSTA,2026-08-10,53.71,53.62,-0.0016756656116180269,2026-08-11,,,,,,,,
FSTB,2026-08-10,20.0,20.01,0.000500000000000167,2026-08-11,,,,,,,,
FSTR,2026-08-10,39.58,37.94,-0.041435068216270854,2026-08-11,,,,,,,,
FSUN,2026-08-10,39.67,40.61,0.02369548777413666,2026-08-11,,,,,,,,
FSV,2026-08-10,142.74,143.34,0.004203446826397617,2026-08-11,,,,,,,,
FSYD,2026-08-10,48.28,48.33,0.0010356255178127771,2026-08-11,,,,,,,,
FSZ,2026-08-10,82.86,82.93,0.0008447984552257815,2026-08-11,,,,,,,,
FT,2026-08-10,7.83,7.87,0.005108556832694733,2026-08-11,,,,,,,,
FTA,2026-08-10,102.46,102.81,0.003415967206714887,2026-08-11,,,,,,,,
FTAG,2026-08-10,29.45,29.42,-0.0010186757215618902,2026-08-11,,,,,,,,
FTAI,2026-08-10,215.0,225.6,0.049302325581395356,2026-08-11,,,,,,,,
FTBD,2026-08-10,48.47,48.51,0.0008252527336496396,2026-08-11,,,,,,,,
FTBI,2026-08-10,21.89,21.88,-0.0004568296025583285,2026-08-11,,,,,,,,
FTC,2026-08-10,183.43,184.4,0.005288120809027852,2026-08-11,,,,,,,,
FTCA,2026-08-10,7.3,7.28,-0.002739726027397249,2026-08-11,,,,,,,,
FTCB,2026-08-10,20.56,20.56,0.0,2026-08-11,,,,,,,,
FTCE,2026-08-10,27.73,27.79,0.0021637216011538563,2026-08-11,,,,,,,,
FTCI,2026-08-10,2.83,2.68,-0.053003533568904526,2026-08-11,,,,,,,,
FTCS,2026-08-10,100.65,100.61,-0.0003974167908594728,2026-08-11,,,,,,,,
FTDR,2026-08-10,83.91,83.57,-0.004051960433798185,2026-08-11,,,,,,,,
FTDS,2026-08-10,65.81,65.96,0.0022792888618750062,2026-08-11,,,,,,,,
FTEC,2026-08-10,286.99,286.79,-0.0006968883933238246,2026-08-11,,,,,,,,
FTEK,2026-08-10,1.38,1.4,0.01449275362318847,2026-08-11,,,,,,,,
FTF,2026-08-10,5.8,5.84,0.006896551724137945,2026-08-11,,,,,,,,
FTFT,2026-08-10,0.81,0.84,0.03703703703703698,2026-08-11,,,,,,,,
FTGC,2026-08-10,29.57,29.57,0.0,2026-08-11,,,,,,,,
FTGS,2026-08-10,39.98,39.89,-0.0022511255627812865,2026-08-11,,,,,,,,
FTH,2026-08-10,28.57,30.0,0.05005250262513128,2026-08-11,,,,,,,,
FTHA,2026-08-10,9.96,9.91,-0.005020080321285203,2026-08-11,,,,,,,,
FTHF,2026-08-10,44.88,45.29,0.009135472370766395,2026-08-11,,,,,,,,
FTHI,2026-08-10,23.96,23.96,0.0,2026-08-11,,,,,,,,
FTHM,2026-08-10,0.72,0.71,-0.01388888888888895,2026-08-11,,,,,,,,
FTHY,2026-08-10,13.47,13.46,-0.0007423904974016571,2026-08-11,,,,,,,,
FTI,2026-08-10,74.13,75.32,0.01605288007554284,2026-08-11,,,,,,,,
FTIF,2026-08-10,28.73,28.88,0.005221023320570728,2026-08-11,,,,,,,,
FTK,2026-08-10,37.62,38.82,0.03189792663476876,2026-08-11,,,,,,,,
FTKI,2026-08-10,20.18,20.11,-0.0034687809712586892,2026-08-11,,,,,,,,
FTLF,2026-08-10,9.96,9.7,-0.026104417670682833,2026-08-11,,,,,,,,
FTLS,2026-08-10,75.89,75.56,-0.004348398998550551,2026-08-11,,,,,,,,
FTMA,2026-08-10,8.95,8.97,0.0022346368715084886,2026-08-11,,,,,,,,
FTMH,2026-08-10,11.58,11.6,0.0017271157167528806,2026-08-11,,,,,,,,
FTMN,2026-08-10,8.73,8.74,0.001145475372279492,2026-08-11,,,,,,,,
FTMS,2026-08-10,9.91,9.9,-0.0010090817356205317,2026-08-11,,,,,,,,
FTMU,2026-08-10,7.77,7.78,0.0012870012870014325,2026-08-11,,,,,,,,
FTNJ,2026-08-10,8.7,8.69,-0.0011494252873562871,2026-08-11,,,,,,,,
FTNT,2026-08-10,164.21,161.89,-0.01412825041105914,2026-08-11,,,,,,,,
FTNY,2026-08-10,7.8,7.8,0.0,2026-08-11,,,,,,,,
FTOH,2026-08-10,8.34,8.34,0.0,2026-08-11,,,,,,,,
FTPA,2026-08-10,8.6,8.6,0.0,2026-08-11,,,,,,,,
FTQI,2026-08-10,22.18,22.17,-0.00045085662759236644,2026-08-11,,,,,,,,
FTRA,2026-08-10,9.86,9.86,0.0,2026-08-11,,,,,,,,
FTRB,2026-08-10,24.75,24.75,0.0,2026-08-11,,,,,,,,
FTRE,2026-08-10,18.99,19.52,0.027909426013691396,2026-08-11,,,,,,,,
FTRI,2026-08-10,17.61,17.52,-0.005110732538330498,2026-08-11,,,,,,,,
FTRK,2026-08-10,0.34,0.31,-0.08823529411764708,2026-08-11,,,,,,,,
FTS,2026-08-10,55.39,56.07,0.012276584220978437,2026-08-11,,,,,,,,
FTSD,2026-08-10,89.94,90.04,0.001111852346008524,2026-08-11,,,,,,,,
FTSL,2026-08-10,44.9,44.95,0.0011135857461026522,2026-08-11,,,,,,,,
FTSM,2026-08-10,59.77,59.79,0.00033461602810769264,2026-08-11,,,,,,,,
FTV,2026-08-10,61.75,61.68,-0.0011336032388663542,2026-08-11,,,,,,,,
FTW,2026-08-10,11.39,11.39,0.0,2026-08-11,,,,,,,,
FTWO,2026-08-10,46.03,46.3,0.0058657397349553,2026-08-11,,,,,,,,
FTXG,2026-08-10,22.69,22.7,0.00044072278536799736,2026-08-11,,,,,,,,
FTXH,2026-08-10,40.1,39.9,-0.004987531172069848,2026-08-11,,,,,,,,
FTXL,2026-08-10,229.2,231.26,0.008987783595113541,2026-08-11,,,,,,,,
FTXN,2026-08-10,38.08,38.39,0.00814075630252109,2026-08-11,,,,,,,,
FTXO,2026-08-10,42.93,43.23,0.006988120195667191,2026-08-11,,,,,,,,
FTXR,2026-08-10,44.68,44.91,0.005147717099373228,2026-08-11,,,,,,,,
FUBO,2026-08-10,9.36,9.7,0.03632478632478642,2026-08-11,,,,,,,,
FUFU,2026-08-10,1.29,1.29,0.0,2026-08-11,,,,,,,,
FUL,2026-08-10,61.25,62.03,0.012734693877550995,2026-08-11,,,,,,,,
FULC,2026-08-10,3.75,3.69,-0.016000000000000014,2026-08-11,,,,,,,,
FULT,2026-08-10,24.01,24.27,0.010828821324448068,2026-08-11,,,,,,,,
FUMB,2026-08-10,20.08,20.06,-0.0009960159362549792,2026-08-11,,,,,,,,
FUN,2026-08-10,15.85,15.91,0.003785488958990557,2026-08-11,,,,,,,,
FUNC,2026-08-10,44.46,45.39,0.020917678812415685,2026-08-11,,,,,,,,
FUND,2026-08-10,10.42,10.66,0.02303262955854124,2026-08-11,,,,,,,,
FURY,2026-08-10,0.61,0.59,-0.032786885245901676,2026-08-11,,,,,,,,
FUSB,2026-08-10,16.6,16.45,-0.009036144578313365,2026-08-11,,,,,,,,
FUSD,2026-08-10,25.06,25.06,0.0,2026-08-11,,,,,,,,
FUSE,2026-08-10,0.83,0.88,0.06024096385542177,2026-08-11,,,,,,,,
FUSI,2026-08-10,50.48,50.48,0.0,2026-08-11,,,,,,,,
FUTG,2026-08-10,4.12,3.84,-0.06796116504854377,2026-08-11,,,,,,,,
FUTU,2026-08-10,108.7,105.16,-0.03256669733210682,2026-08-11,,,,,,,,
FUTY,2026-08-10,55.76,56.38,0.011119081779053186,2026-08-11,,,,,,,,
FV,2026-08-10,72.69,72.81,0.0016508460586051044,2026-08-11,,,,,,,,
FVAL,2026-08-10,83.19,82.78,-0.004928476980406216,2026-08-11,,,,,,,,
FVAV,2026-08-10,10.18,10.18,0.0,2026-08-11,,,,,,,,
FVC,2026-08-10,41.93,41.95,0.00047698545194374553,2026-08-11,,,,,,,,
FVCB,2026-08-10,18.52,18.6,0.004319654427645814,2026-08-11,,,,,,,,
FVD,2026-08-10,50.55,50.59,0.000791295746785492,2026-08-11,,,,,,,,
FVN,2026-08-10,11.6,11.06,-0.04655172413793096,2026-08-11,,,,,,,,
FVR,2026-08-10,19.38,19.5,0.006191950464396356,2026-08-11,,,,,,,,
FVRR,2026-08-10,9.09,8.75,-0.037403740374037375,2026-08-11,,,,,,,,
FWAC,2026-08-10,10.09,9.92,-0.01684836471754214,2026-08-11,,,,,,,,
FWD,2026-08-10,131.93,132.28,0.00265292200409295,2026-08-11,,,,,,,,
FWDI,2026-08-10,4.24,4.28,0.009433962264151052,2026-08-11,,,,,,,,
FWONA,2026-08-10,93.88,93.43,-0.004793353216872465,2026-08-11,,,,,,,,
FWONK,2026-08-10,102.73,102.38,-0.0034069891949771725,2026-08-11,,,,,,,,
FWRD,2026-08-10,18.77,18.6,-0.009057005860415468,2026-08-11,,,,,,,,
FWRG,2026-08-10,12.03,11.78,-0.020781379883624274,2026-08-11,,,,,,,,
FXA,2026-08-10,69.83,69.89,0.0008592295574967324,2026-08-11,,,,,,,,
FXAC,2026-08-10,10.01,10.04,0.0029970029970030065,2026-08-11,,,,,,,,
FXB,2026-08-10,129.81,129.81,0.0,2026-08-11,,,,,,,,
FXC,2026-08-10,70.11,70.19,0.001141064042219364,2026-08-11,,,,,,,,
FXD,2026-08-10,71.1,70.98,-0.0016877637130799927,2026-08-11,,,,,,,,
FXE,2026-08-10,106.51,106.52,9.388789784980922e-05,2026-08-11,,,,,,,,
FXED,2026-08-10,17.36,17.38,0.0011520737327188613,2026-08-11,,,,,,,,
FXF,2026-08-10,108.77,108.68,-0.0008274340351198672,2026-08-11,,,,,,,,
FXG,2026-08-10,64.55,64.64,0.0013942680092950965,2026-08-11,,,,,,,,
FXH,2026-08-10,132.23,131.52,-0.005369432050215339,2026-08-11,,,,,,,,
FXHO,2026-08-10,9.21,10.38,0.12703583061889256,2026-08-11,,,,,,,,
FXI,2026-08-10,36.49,35.66,-0.02274595779665678,2026-08-11,,,,,,,,
FXL,2026-08-10,215.96,217.24,0.005927023522874553,2026-08-11,,,,,,,,
FXN,2026-08-10,22.5,22.75,0.011111111111111072,2026-08-11,,,,,,,,
FXNC,2026-08-10,31.24,32.04,0.025608194622279257,2026-08-11,,,,,,,,
FXO,2026-08-10,66.22,66.1,-0.0018121413470251202,2026-08-11,,,,,,,,
FXP,2026-08-10,19.26,19.9,0.03322949117341634,2026-08-11,,,,,,,,
FXR,2026-08-10,90.72,91.13,0.004519400352733571,2026-08-11,,,,,,,,
FXU,2026-08-10,47.51,48.01,0.010524100189433838,2026-08-11,,,,,,,,
FXY,2026-08-10,57.62,57.63,0.00017355085039927332,2026-08-11,,,,,,,,
FXZ,2026-08-10,84.04,83.95,-0.0010709186101857116,2026-08-11,,,,,,,,
FYC,2026-08-10,122.52,122.54,0.0001632386549135223,2026-08-11,,,,,,,,
FYEE,2026-08-10,30.16,30.09,-0.0023209549071617763,2026-08-11,,,,,,,,
FYLD,2026-08-10,39.71,39.76,0.0012591286829513049,2026-08-11,,,,,,,,
FYT,2026-08-10,72.35,72.49,0.0019350380096752051,2026-08-11,,,,,,,,
FYX,2026-08-10,144.05,144.25,0.0013884068031932983,2026-08-11,,,,,,,,
G,2026-08-10,34.13,33.96,-0.004980955171403512,2026-08-11,,,,,,,,
GAA,2026-08-10,35.45,35.59,0.00394922425952049,2026-08-11,,,,,,,,
GAB,2026-08-10,5.74,5.77,0.00522648083623678,2026-08-11,,,,,,,,
GABC,2026-08-10,49.69,50.33,0.012879855101630033,2026-08-11,,,,,,,,
GABF,2026-08-10,46.22,46.72,0.01081782778018181,2026-08-11,,,,,,,,
GAEM,2026-08-10,26.89,26.85,-0.0014875418371141924,2026-08-11,,,,,,,,
GAIA,2026-08-10,1.9,1.24,-0.34736842105263155,2026-08-11,,,,,,,,
GAIN,2026-08-10,16.35,16.46,0.006727828746177389,2026-08-11,,,,,,,,
GAL,2026-08-10,53.7,53.69,-0.00018621973929244806,2026-08-11,,,,,,,,
GALT,2026-08-10,3.12,3.13,0.0032051282051281937,2026-08-11,,,,,,,,
GALX,2026-08-10,25.67,25.82,0.005843396961433545,2026-08-11,,,,,,,,
GAM,2026-08-10,67.36,67.35,-0.00014845605700719577,2026-08-11,,,,,,,,
GAME,2026-08-10,0.39,0.39,0.0,2026-08-11,,,,,,,,
GAMR,2026-08-10,97.77,98.15,0.0038866728035185094,2026-08-11,,,,,,,,
GANX,2026-08-10,1.77,2.06,0.16384180790960445,2026-08-11,,,,,,,,
GAP,2026-08-10,21.51,20.96,-0.02556950255695034,2026-08-11,,,,,,,,
GAPR,2026-08-10,42.38,42.35,-0.0007078810759792997,2026-08-11,,,,,,,,
GARA,2026-08-10,27.49,27.44,-0.0018188432157146828,2026-08-11,,,,,,,,
GARP,2026-08-10,83.66,83.65,-0.00011953143676779465,2026-08-11,,,,,,,,
GARY,2026-08-10,27.24,27.33,0.0033039647577093323,2026-08-11,,,,,,,,
GASS,2026-08-10,8.81,8.65,-0.018161180476730987,2026-08-11,,,,,,,,
GASZ,2026-08-10,23.46,23.7,0.010230179028132946,2026-08-11,,,,,,,,
GATX,2026-08-10,176.34,177.56,0.0069184529885448764,2026-08-11,,,,,,,,
GAU,2026-08-10,2.0,2.1,0.050000000000000044,2026-08-11,,,,,,,,
GAUG,2026-08-10,41.94,41.94,0.0,2026-08-11,,,,,,,,
GAUZ,2026-08-10,0.4,0.39,-0.025000000000000022,2026-08-11,,,,,,,,
GAVA,2026-08-10,15.72,15.24,-0.03053435114503822,2026-08-11,,,,,,,,
GBAB,2026-08-10,14.07,14.07,0.0,2026-08-11,,,,,,,,
GBCI,2026-08-10,48.76,49.11,0.0071780147662017235,2026-08-11,,,,,,,,
GBDC,2026-08-10,13.13,13.18,0.0038080731150036407,2026-08-11,,,,,,,,
GBF,2026-08-10,101.97,102.01,0.00039227223693250046,2026-08-11,,,,,,,,
GBFH,2026-08-10,20.86,21.55,0.03307766059443917,2026-08-11,,,,,,,,
GBHI,2026-08-10,25.24,25.25,0.0003961965134706702,2026-08-11,,,,,,,,
GBIL,2026-08-10,99.96,99.98,0.00020008003201299474,2026-08-11,,,,,,,,
GBLI,2026-08-10,28.97,27.84,-0.039005868139454614,2026-08-11,,,,,,,,
GBND,2026-08-10,49.65,49.65,0.0,2026-08-11,,,,,,,,
GBR,2026-08-10,0.7,0.71,0.014285714285714235,2026-08-11,,,,,,,,
GBTC,2026-08-10,49.53,49.13,-0.008075913587724637,2026-08-11,,,,,,,,
GBTG,2026-08-10,9.45,9.44,-0.0010582010582009804,2026-08-11,,,,,,,,
GBUG,2026-08-10,48.19,47.77,-0.008715501141315474,2026-08-11,,,,,,,,
GBX,2026-08-10,46.13,46.13,0.0,2026-08-11,,,,,,,,
GCAD,2026-08-10,56.33,56.51,0.003195455352387633,2026-08-11,,,,,,,,
GCAL,2026-08-10,50.67,50.61,-0.001184132622853773,2026-08-11,,,,,,,,
GCBC,2026-08-10,34.31,34.83,0.015155931215389051,2026-08-11,,,,,,,,
GCC,2026-08-10,25.17,25.14,-0.0011918951132300348,2026-08-11,,,,,,,,
GCDT,2026-08-10,0.46,0.42,-0.08695652173913049,2026-08-11,,,,,,,,
GCGR,2026-08-10,10.15,10.1,-0.0049261083743843415,2026-08-11,,,,,,,,
GCL,2026-08-10,0.55,0.5,-0.09090909090909094,2026-08-11,,,,,,,,
GCMG,2026-08-10,13.82,13.98,0.011577424023154759,2026-08-11,,,,,,,,
GCO,2026-08-10,37.71,36.82,-0.0236011667992575,2026-08-11,,,,,,,,
GCOR,2026-08-10,40.42,40.47,0.0012370113805046934,2026-08-11,,,,,,,,
GCOW,2026-08-10,46.81,46.84,0.0006408886989959228,2026-08-11,,,,,,,,
GCPB,2026-08-10,49.91,49.92,0.00020036064916850727,2026-08-11,,,,,,,,
GCSH,2026-08-10,50.15,50.06,-0.001794616151545303,2026-08-11,,,,,,,,
GCT,2026-08-10,51.65,51.52,-0.002516940948693036,2026-08-11,,,,,,,,
GCTK,2026-08-10,0.4,0.37,-0.07500000000000007,2026-08-11,,,,,,,,
GCTS,2026-08-10,2.45,2.04,-0.1673469387755102,2026-08-11,,,,,,,,
GCV,2026-08-10,4.71,4.7,-0.002123142250530785,2026-08-11,,,,,,,,
GD,2026-08-10,395.97,391.89,-0.010303810894764842,2026-08-11,,,,,,,,
GDC,2026-08-10,1.68,1.75,0.04166666666666674,2026-08-11,,,,,,,,
GDDY,2026-08-10,91.49,90.74,-0.008197617225926379,2026-08-11,,,,,,,,
GDE,2026-08-10,67.99,67.31,-0.010001470804529955,2026-08-11,,,,,,,,
GDEC,2026-08-10,40.5,40.48,-0.0004938271604939537,2026-08-11,,,,,,,,
GDEV,2026-08-10,12.32,12.0,-0.025974025974025983,2026-08-11,,,,,,,,
GDHG,2026-08-10,1.33,1.28,-0.03759398496240607,2026-08-11,,,,,,,,
GDIV,2026-08-10,19.16,19.15,-0.000521920668058562,2026-08-11,,,,,,,,
GDL,2026-08-10,8.41,8.42,0.0011890606420927874,2026-08-11,,,,,,,,
GDLC,2026-08-10,28.82,28.69,-0.004510756419153328,2026-08-11,,,,,,,,
GDMA,2026-08-10,42.75,42.73,-0.0004678362573100614,2026-08-11,,,,,,,,
GDMN,2026-08-10,91.3,90.81,-0.0053669222343920575,2026-08-11,,,,,,,,
GDO,2026-08-10,10.28,10.3,0.001945525291829009,2026-08-11,,,,,,,,
GDOC,2026-08-10,37.41,37.28,-0.003475006682705062,2026-08-11,,,,,,,,
GDOG,2026-08-10,8.2,8.32,0.014634146341463428,2026-08-11,,,,,,,,
GDOT,2026-08-10,13.26,13.41,0.011312217194570096,2026-08-11,,,,,,,,
GDRX,2026-08-10,3.66,3.8,0.0382513661202184,2026-08-11,,,,,,,,
GDS,2026-08-10,31.41,32.63,0.038841133397007344,2026-08-11,,,,,,,,
GDT,2026-08-10,35.95,35.8,-0.004172461752434131,2026-08-11,,,,,,,,
GDTC,2026-08-10,0.8,0.84,0.04999999999999982,2026-08-11,,,,,,,,
GDV,2026-08-10,30.5,30.55,0.0016393442622950616,2026-08-11,,,,,,,,
GDX,2026-08-10,90.49,90.12,-0.004088849596640354,2026-08-11,,,,,,,,
GDXD,2026-08-10,24.48,24.73,0.010212418300653558,2026-08-11,,,,,,,,
GDXJ,2026-08-10,118.78,118.6,-0.0015154066341135364,2026-08-11,,,,,,,,
GDXU,2026-08-10,133.31,131.72,-0.011927087240267031,2026-08-11,,,,,,,,
GDXW,2026-08-10,42.57,42.35,-0.0051679586563306845,2026-08-11,,,,,,,,
GDXY,2026-08-10,11.12,11.09,-0.0026978417266186883,2026-08-11,,,,,,,,
GDYN,2026-08-10,7.66,7.77,0.01436031331592691,2026-08-11,,,,,,,,
GE,2026-08-10,366.7,368.06,0.003708753749659177,2026-08-11,,,,,,,,
GECC,2026-08-10,5.62,5.63,0.001779359430605032,2026-08-11,,,,,,,,
GEF,2026-08-10,87.41,87.53,0.0013728406360828949,2026-08-11,,,,,,,,
GEG,2026-08-10,2.15,2.15,0.0,2026-08-11,,,,,,,,
GEHC,2026-08-10,72.94,72.75,-0.002604880723882652,2026-08-11,,,,,,,,
GEL,2026-08-10,15.55,15.49,-0.0038585209003215715,2026-08-11,,,,,,,,
GELS,2026-08-10,0.58,0.57,-0.017241379310344862,2026-08-11,,,,,,,,
GEM,2026-08-10,49.93,50.11,0.003605047065892153,2026-08-11,,,,,,,,
GEMD,2026-08-10,41.63,41.6,-0.0007206341580591191,2026-08-11,,,,,,,,
GEME,2026-08-10,42.44,42.31,-0.0030631479736097367,2026-08-11,,,,,,,,
GEMG,2026-08-10,7.31,7.1,-0.028727770177838563,2026-08-11,,,,,,,,
GEMI,2026-08-10,4.11,4.05,-0.014598540145985495,2026-08-11,,,,,,,,
GEN,2026-08-10,29.29,29.01,-0.009559576647319767,2026-08-11,,,,,,,,
GENB,2026-08-10,14.72,14.27,-0.030570652173913082,2026-08-11,,,,,,,,
GENC,2026-08-10,16.0,17.3,0.08125000000000004,2026-08-11,,,,,,,,
GEND,2026-08-10,13.28,13.35,0.005271084337349352,2026-08-11,,,,,,,,
GENI,2026-08-10,7.56,7.78,0.029100529100529293,2026-08-11,,,,,,,,
GENK,2026-08-10,1.82,2.0,0.09890109890109877,2026-08-11,,,,,,,,
GENM,2026-08-10,10.19,10.2,0.0009813542688910104,2026-08-11,,,,,,,,
GENT,2026-08-10,10.15,10.17,0.0019704433497536034,2026-08-11,,,,,,,,
GENW,2026-08-10,15.52,15.48,-0.002577319587628857,2026-08-11,,,,,,,,
GENZ,2026-08-10,39.37,39.28,-0.002286004572009004,2026-08-11,,,,,,,,
GEO,2026-08-10,30.66,31.75,0.03555120678408352,2026-08-11,,,,,,,,
GEOS,2026-08-10,5.63,5.35,-0.04973357015985791,2026-08-11,,,,,,,,
GEQ,2026-08-10,52.46,52.43,-0.0005718642775448535,2026-08-11,,,,,,,,
GERN,2026-08-10,1.48,1.63,0.10135135135135132,2026-08-11,,,,,,,,
GETY,2026-08-10,0.44,0.29,-0.34090909090909094,2026-08-11,,,,,,,,
GEV,2026-08-10,990.85,1011.88,0.02122420144320536,2026-08-11,,,,,,,,
GEVC,2026-08-10,20.45,21.24,0.03863080684596576,2026-08-11,,,,,,,,
GEVG,2026-08-10,24.69,25.73,0.04212231672742006,2026-08-11,,,,,,,,
GEVO,2026-08-10,1.57,1.63,0.03821656050955413,2026-08-11,,,,,,,,
GEVX,2026-08-10,19.46,20.22,0.039054470709146916,2026-08-11,,,,,,,,
GEW,2026-08-10,57.24,57.18,-0.0010482180293501786,2026-08-11,,,,,,,,
GF,2026-08-10,11.46,11.56,0.008726003490401313,2026-08-11,,,,,,,,
GFAI,2026-08-10,0.35,0.36,0.028571428571428692,2026-08-11,,,,,,,,
GFEB,2026-08-10,44.73,44.68,-0.001117818019226391,2026-08-11,,,,,,,,
GFF,2026-08-10,104.8,106.75,0.018606870229007644,2026-08-11,,,,,,,,
GFGF,2026-08-10,36.91,36.75,-0.004334868599295438,2026-08-11,,,,,,,,
GFI,2026-08-10,41.1,40.27,-0.020194647201946414,2026-08-11,,,,,,,,
GFL,2026-08-10,41.18,41.32,0.003399708596405926,2026-08-11,,,,,,,,
GFLW,2026-08-10,33.92,34.02,0.002948113207547287,2026-08-11,,,,,,,,
GFR,2026-08-10,6.49,6.65,0.024653312788905923,2026-08-11,,,,,,,,
GFS,2026-08-10,50.05,50.82,0.015384615384615552,2026-08-11,,,,,,,,
GFSG,2026-08-10,4.3,4.38,0.018604651162790642,2026-08-11,,,,,,,,
GFUZ,2026-08-10,8.72,9.19,0.053899082568807266,2026-08-11,,,,,,,,
GGAL,2026-08-10,46.42,44.53,-0.04071520896165448,2026-08-11,,,,,,,,
GGB,2026-08-10,4.96,4.69,-0.05443548387096764,2026-08-11,,,,,,,,
GGG,2026-08-10,83.38,83.53,0.001798992564164159,2026-08-11,,,,,,,,
GGLL,2026-08-10,110.37,101.78,-0.0778291202319471,2026-08-11,,,,,,,,
GGLS,2026-08-10,56.46,58.58,0.037548707049238406,2026-08-11,,,,,,,,
GGM,2026-08-10,31.64,31.76,0.0037926675094817064,2026-08-11,,,,,,,,
GGME,2026-08-10,63.63,63.21,-0.0066006600660066805,2026-08-11,,,,,,,,
GGN,2026-08-10,5.36,5.35,-0.001865671641791189,2026-08-11,,,,,,,,
GGOV,2026-08-10,50.11,50.12,0.00019956096587514516,2026-08-11,,,,,,,,
GGR,2026-08-10,2.58,2.6,0.007751937984496138,2026-08-11,,,,,,,,
GGRP,2026-08-10,0.95,0.96,0.010526315789473717,2026-08-11,,,,,,,,
GGRW,2026-08-10,38.48,38.33,-0.0038981288981289053,2026-08-11,,,,,,,,
GGT,2026-08-10,4.22,4.18,-0.009478672985781977,2026-08-11,,,,,,,,
GGTL,2026-08-10,38.75,38.85,0.002580645161290418,2026-08-11,,,,,,,,
GGUS,2026-08-10,67.51,67.29,-0.0032587764775589,2026-08-11,,,,,,,,
GGZ,2026-08-10,16.57,16.61,0.002414001207000638,2026-08-11,,,,,,,,
GH,2026-08-10,167.21,165.09,-0.012678667543807198,2026-08-11,,,,,,,,
GHC,2026-08-10,1177.69,1173.83,-0.003277602764734433,2026-08-11,,,,,,,,
GHG,2026-08-10,1.12,1.12,0.0,2026-08-11,,,,,,,,
GHI,2026-08-10,5.71,5.71,0.0,2026-08-11,,,,,,,,
GHM,2026-08-10,108.75,108.76,9.195402298844968e-05,2026-08-11,,,,,,,,
GHRS,2026-08-10,29.53,29.08,-0.015238740264138295,2026-08-11,,,,,,,,
GHTA,2026-08-10,31.01,30.97,-0.0012899064817801786,2026-08-11,,,,,,,,
GHXIU,2026-08-10,10.15,10.15,0.0,2026-08-11,,,,,,,,
GHY,2026-08-10,11.7,11.77,0.005982905982905962,2026-08-11,,,,,,,,
GHYB,2026-08-10,44.47,44.49,0.0004497413986959131,2026-08-11,,,,,,,,
GHYG,2026-08-10,45.19,45.17,-0.00044257579110418277,2026-08-11,,,,,,,,
GIAX,2026-08-10,15.87,15.95,0.00504095778197855,2026-08-11,,,,,,,,
GIB,2026-08-10,75.25,74.86,-0.005182724252491666,2026-08-11,,,,,,,,
GIBO,2026-08-10,29.53,27.89,-0.055536742295970165,2026-08-11,,,,,,,,
GIC,2026-08-10,39.8,39.35,-0.011306532663316493,2026-08-11,,,,,,,,
GIEQ,2026-08-10,43.02,43.06,0.0009298000929800487,2026-08-11,,,,,,,,
GIFT,2026-08-10,0.89,0.92,0.03370786516853941,2026-08-11,,,,,,,,
GIGB,2026-08-10,44.87,44.89,0.00044573211499887577,2026-08-11,,,,,,,,
GIGL,2026-08-10,49.54,49.54,0.0,2026-08-11,,,,,,,,
GIGM,2026-08-10,1.48,1.49,0.006756756756756799,2026-08-11,,,,,,,,
GII,2026-08-10,74.94,75.13,0.002535361622631349,2026-08-11,,,,,,,,
GIII,2026-08-10,35.14,34.11,-0.029311326124075165,2026-08-11,,,,,,,,
GIL,2026-08-10,57.49,58.51,0.017742216037571756,2026-08-11,,,,,,,,
GILD,2026-08-10,133.06,135.77,0.020366751841274677,2026-08-11,,,,,,,,
GILT,2026-08-10,11.03,11.21,0.016319129646418906,2026-08-11,,,,,,,,
GINC,2026-08-10,50.03,49.89,-0.002798321007395521,2026-08-11,,,,,,,,
GIND,2026-08-10,24.92,24.94,0.0008025682182986049,2026-08-11,,,,,,,,
GINN,2026-08-10,82.12,82.16,0.00048709206039920794,2026-08-11,,,,,,,,
GINX,2026-08-10,36.75,36.74,-0.0002721088435373442,2026-08-11,,,,,,,,
GIPR,2026-08-10,0.73,0.7,-0.04109589041095896,2026-08-11,,,,,,,,
GIS,2026-08-10,37.26,37.93,0.017981749865807917,2026-08-11,,,,,,,,
GISC,2026-08-10,49.94,49.96,0.00040048057669217485,2026-08-11,,,,,,,,
GITS,2026-08-10,2.71,2.84,0.047970479704797064,2026-08-11,,,,,,,,
GIW,2026-08-10,10.11,10.13,0.001978239366963619,2026-08-11,,,,,,,,
GIX,2026-08-10,9.97,9.97,0.0,2026-08-11,,,,,,,,
GJAN,2026-08-10,45.82,45.79,-0.0006547359231776628,2026-08-11,,,,,,,,
GJUL,2026-08-10,44.53,44.48,-0.0011228385358186266,2026-08-11,,,,,,,,
GJUN,2026-08-10,41.96,41.93,-0.0007149666348903461,2026-08-11,,,,,,,,
GK,2026-08-10,29.55,29.44,-0.0037225042301184397,2026-08-11,,,,,,,,
GKAT,2026-08-10,45.51,45.72,0.004614370468029039,2026-08-11,,,,,,,,
GKOS,2026-08-10,181.42,182.0,0.003197001433138613,2026-08-11,,,,,,,,
GL,2026-08-10,183.26,181.04,-0.012113936483684418,2026-08-11,,,,,,,,
GLAD,2026-08-10,19.48,19.73,0.012833675564681624,2026-08-11,,,,,,,,
GLAM,2026-08-10,28.39,28.49,0.0035223670306445687,2026-08-11,,,,,,,,
GLAS,2026-08-10,10.01,9.98,-0.0029970029970028955,2026-08-11,,,,,,,,
GLBE,2026-08-10,41.15,40.86,-0.007047387606318289,2026-08-11,,,,,,,,
GLBL,2026-08-10,28.76,28.61,-0.005215577190542442,2026-08-11,,,,,,,,
GLBS,2026-08-10,3.39,3.68,0.08554572271386429,2026-08-11,,,,,,,,
GLCR,2026-08-10,24.63,24.66,0.0012180267965895553,2026-08-11,,,,,,,,
GLD,2026-08-10,402.54,400.96,-0.003925075768867803,2026-08-11,,,,,,,,
GLDB,2026-08-10,21.03,20.86,-0.00808368996671427,2026-08-11,,,,,,,,
GLDG,2026-08-10,1.03,1.04,0.009708737864077666,2026-08-11,,,,,,,,
GLDI,2026-08-10,148.8,148.55,-0.0016801075268817467,2026-08-11,,,,,,,,
GLDM,2026-08-10,86.81,86.46,-0.004031793572169207,2026-08-11,,,,,,,,
GLDN,2026-08-10,16.29,16.24,-0.0030693677102516803,2026-08-11,,,,,,,,
GLDW,2026-08-10,43.96,43.72,-0.005459508644222066,2026-08-11,,,,,,,,
GLE,2026-08-10,0.39,0.49,0.2564102564102564,2026-08-11,,,,,,,,
GLED,2026-08-10,9.98,9.96,-0.002004008016032066,2026-08-11,,,,,,,,
GLGG,2026-08-10,3.39,3.6,0.06194690265486735,2026-08-11,,,,,,,,
GLIBA,2026-08-10,25.42,25.0,-0.01652242328874909,2026-08-11,,,,,,,,
GLIBK,2026-08-10,25.28,24.93,-0.013844936708860778,2026-08-11,,,,,,,,
GLIN,2026-08-10,45.79,45.99,0.004367765887748565,2026-08-11,,,,,,,,
GLIX,2026-08-10,27.2,27.26,0.0022058823529411686,2026-08-11,,,,,,,,
GLL,2026-08-10,22.47,22.63,0.00712060525144631,2026-08-11,,,,,,,,
GLMD,2026-08-10,0.59,0.56,-0.05084745762711851,2026-08-11,,,,,,,,
GLND,2026-08-10,2.23,2.01,-0.09865470852017943,2026-08-11,,,,,,,,
GLNG,2026-08-10,50.7,50.84,0.002761341222879743,2026-08-11,,,,,,,,
GLNK,2026-08-10,7.34,7.64,0.04087193460490468,2026-08-11,,,,,,,,
GLO,2026-08-10,6.01,6.01,0.0,2026-08-11,,,,,,,,
GLOB,2026-08-10,38.55,38.98,0.011154345006485045,2026-08-11,,,,,,,,
GLOF,2026-08-10,61.0,60.63,-0.006065573770491772,2026-08-11,,,,,,,,
GLOO,2026-08-10,3.48,3.46,-0.005747126436781658,2026-08-11,,,,,,,,
GLOW,2026-08-10,35.22,35.22,0.0,2026-08-11,,,,,,,,
GLP,2026-08-10,50.01,50.01,0.0,2026-08-11,,,,,,,,
GLPI,2026-08-10,42.81,42.64,-0.0039710348049522,2026-08-11,,,,,,,,
GLQ,2026-08-10,8.38,8.38,0.0,2026-08-11,,,,,,,,
GLRE,2026-08-10,15.35,15.42,0.004560260586319309,2026-08-11,,,,,,,,
GLRY,2026-08-10,41.21,41.14,-0.0016986168405727087,2026-08-11,,,,,,,,
GLSI,2026-08-10,15.5,15.55,0.003225806451612856,2026-08-11,,,,,,,,
GLTR,2026-08-10,199.5,197.82,-0.008421052631578996,2026-08-11,,,,,,,,
GLU,2026-08-10,19.31,19.31,0.0,2026-08-11,,,,,,,,
GLUE,2026-08-10,15.82,15.76,-0.0037926675094817064,2026-08-11,,,,,,,,
GLV,2026-08-10,6.3,6.32,0.0031746031746031633,2026-08-11,,,,,,,,
GLW,2026-08-10,157.76,159.19,0.009064401622718155,2026-08-11,,,,,,,,
GLWG,2026-08-10,15.12,15.38,0.01719576719576721,2026-08-11,,,,,,,,
GLX,2026-08-10,10.22,10.8,0.05675146771037176,2026-08-11,,,,,,,,
GLXG,2026-08-10,1.13,1.24,0.09734513274336298,2026-08-11,,,,,,,,
GLXU,2026-08-10,3.95,4.19,0.06075949367088618,2026-08-11,,,,,,,,
GLXY,2026-08-10,19.52,20.13,0.03125,2026-08-11,,,,,,,,
GM,2026-08-10,87.96,89.35,0.01580263756252842,2026-08-11,,,,,,,,
GMAB,2026-08-10,30.87,30.85,-0.0006478781988985549,2026-08-11,,,,,,,,
GMAR,2026-08-10,44.87,44.85,-0.00044573211499876475,2026-08-11,,,,,,,,
GMAY,2026-08-10,43.89,43.89,0.0,2026-08-11,,,,,,,,
GME,2026-08-10,18.79,18.82,0.0015965939329432022,2026-08-11,,,,,,,,
GMEC,2026-08-10,17.48,17.69,0.012013729977116805,2026-08-11,,,,,,,,
GMED,2026-08-10,86.15,85.15,-0.01160766105629718,2026-08-11,,,,,,,,
GMEU,2026-08-10,5.65,5.65,0.0,2026-08-11,,,,,,,,
GMEX,2026-08-10,1.21,1.13,-0.06611570247933896,2026-08-11,,,,,,,,
GMEY,2026-08-10,23.9,23.99,0.003765690376569042,2026-08-11,,,,,,,,
GMF,2026-08-10,156.59,156.45,-0.0008940545373268272,2026-08-11,,,,,,,,
GMHS,2026-08-10,0.75,0.79,0.053333333333333455,2026-08-11,,,,,,,,
GMM,2026-08-10,2.94,2.97,0.010204081632653184,2026-08-11,,,,,,,,
GMMA,2026-08-10,22.05,22.0,-0.0022675736961451642,2026-08-11,,,,,,,,
GMMF,2026-08-10,100.31,100.33,0.00019938191606017064,2026-08-11,,,,,,,,
GMNY,2026-08-10,49.73,49.73,0.0,2026-08-11,,,,,,,,
GMOC,2026-08-10,50.12,50.14,0.0003990422984836428,2026-08-11,,,,,,,,
GMOD,2026-08-10,27.98,28.01,0.001072194424589057,2026-08-11,,,,,,,,
GMOI,2026-08-10,40.95,40.89,-0.001465201465201571,2026-08-11,,,,,,,,
GMOM,2026-08-10,37.46,37.47,0.0002669514148423424,2026-08-11,,,,,,,,
GMOV,2026-08-10,32.23,32.41,0.0055848588271796284,2026-08-11,,,,,,,,
GMRS,2026-08-10,12.65,11.9,-0.059288537549407105,2026-08-11,,,,,,,,
GMTL,2026-08-10,12.36,13.56,0.09708737864077688,2026-08-11,,,,,,,,
GMUB,2026-08-10,50.85,50.84,-0.0001966568338249708,2026-08-11,,,,,,,,
GNE,2026-08-10,14.48,14.58,0.006906077348066253,2026-08-11,,,,,,,,
GNK,2026-08-10,25.06,24.72,-0.013567438148443745,2026-08-11,,,,,,,,
GNL,2026-08-10,9.25,9.06,-0.020540540540540442,2026-08-11,,,,,,,,
GNLN,2026-08-10,1.95,1.96,0.00512820512820511,2026-08-11,,,,,,,,
GNLX,2026-08-10,2.72,2.65,-0.02573529411764719,2026-08-11,,,,,,,,
GNMA,2026-08-10,43.45,43.53,0.0018411967779055072,2026-08-11,,,,,,,,
GNMX,2026-08-10,32.34,32.38,0.0012368583797155441,2026-08-11,,,,,,,,
GNOM,2026-08-10,59.76,59.68,-0.0013386880856760541,2026-08-11,,,,,,,,
GNOV,2026-08-10,42.46,42.44,-0.0004710315591145431,2026-08-11,,,,,,,,
GNPX,2026-08-10,4.19,4.47,0.06682577565632442,2026-08-11,,,,,,,,
GNR,2026-08-10,75.22,75.19,-0.00039883009837815564,2026-08-11,,,,,,,,
GNRC,2026-08-10,206.09,215.86,0.04740647290018929,2026-08-11,,,,,,,,
GNS,2026-08-10,0.16,0.15,-0.0625,2026-08-11,,,,,,,,
GNSS,2026-08-10,1.64,1.67,0.018292682926829285,2026-08-11,,,,,,,,
GNT,2026-08-10,8.79,8.9,0.012514220705347023,2026-08-11,,,,,,,,
GNTA,2026-08-10,1.3,1.3,0.0,2026-08-11,,,,,,,,
GNTX,2026-08-10,23.85,23.93,0.0033542976939202607,2026-08-11,,,,,,,,
GNW,2026-08-10,9.8,9.79,-0.0010204081632654294,2026-08-11,,,,,,,,
GO,2026-08-10,9.83,9.83,0.0,2026-08-11,,,,,,,,
GOAI,2026-08-10,1.55,1.69,0.0903225806451613,2026-08-11,,,,,,,,
GOAU,2026-08-10,44.93,44.86,-0.0015579790785666958,2026-08-11,,,,,,,,
GOCT,2026-08-10,42.26,42.22,-0.0009465215333648302,2026-08-11,,,,,,,,
GOEX,2026-08-10,85.02,85.06,0.0004704775346977552,2026-08-11,,,,,,,,
GOF,2026-08-10,10.68,10.73,0.004681647940074862,2026-08-11,,,,,,,,
GOGL,2026-08-10,26.17,24.12,-0.07833397019487964,2026-08-11,,,,,,,,
GOGO,2026-08-10,3.19,2.89,-0.09404388714733536,2026-08-11,,,,,,,,
GOIB,2026-08-10,25.95,24.85,-0.042389210019267765,2026-08-11,,,,,,,,
GOLD,2026-08-10,43.47,43.44,-0.0006901311249137843,2026-08-11,,,,,,,,
GOLF,2026-08-10,91.44,90.37,-0.011701662292213366,2026-08-11,,,,,,,,
GOLI,2026-08-10,13.12,13.1,-0.0015243902439023849,2026-08-11,,,,,,,,
GOLS,2026-08-10,26.79,26.99,0.0074654721911160404,2026-08-11,,,,,,,,
GOLY,2026-08-10,26.86,26.83,-0.0011169024571854314,2026-08-11,,,,,,,,
GOOD,2026-08-10,12.77,12.78,0.000783085356303781,2026-08-11,,,,,,,,
GOOG,2026-08-10,355.84,343.0,-0.036083633093525136,2026-08-11,,,,,,,,
GOOGL,2026-08-10,357.52,343.8,-0.03837547549787412,2026-08-11,,,,,,,,
GOOL,2026-08-10,13.78,12.69,-0.079100145137881,2026-08-11,,,,,,,,
GOOP,2026-08-10,38.27,36.65,-0.04233080742095652,2026-08-11,,,,,,,,
GOOS,2026-08-10,8.69,8.77,0.009205983889528202,2026-08-11,,,,,,,,
GOOW,2026-08-10,64.86,61.94,-0.04502004316990449,2026-08-11,,,,,,,,
GOOX,2026-08-10,78.77,73.04,-0.0727434302399389,2026-08-11,,,,,,,,
GOOY,2026-08-10,12.75,12.34,-0.0321568627450981,2026-08-11,,,,,,,,
GOP,2026-08-10,44.73,44.83,0.002235636038453004,2026-08-11,,,,,,,,
GORO,2026-08-10,2.47,2.44,-0.012145748987854366,2026-08-11,,,,,,,,
GOSS,2026-08-10,0.18,0.18,0.0,2026-08-11,,,,,,,,
GOTU,2026-08-10,1.86,1.8,-0.032258064516129115,2026-08-11,,,,,,,,
GOU,2026-08-10,27.71,25.66,-0.07398051245037895,2026-08-11,,,,,,,,
GOVI,2026-08-10,26.38,26.42,0.0015163002274451998,2026-08-11,,,,,,,,
GOVM,2026-08-10,24.83,24.85,0.000805477245267916,2026-08-11,,,,,,,,
GOVT,2026-08-10,22.42,22.44,0.000892060660124816,2026-08-11,,,,,,,,
GOVX,2026-08-10,0.75,0.77,0.026666666666666616,2026-08-11,,,,,,,,
GOVZ,2026-08-10,33.43,33.53,0.0029913251570445887,2026-08-11,,,,,,,,
GP,2026-08-10,1.49,1.52,0.020134228187919545,2026-08-11,,,,,,,,
GPAC,2026-08-10,10.02,10.02,0.0,2026-08-11,,,,,,,,
GPAT,2026-08-10,11.17,11.04,-0.011638316920322356,2026-08-11,,,,,,,,
GPC,2026-08-10,134.54,135.09,0.004088003567712217,2026-08-11,,,,,,,,
GPCR,2026-08-10,53.81,52.13,-0.031220962646348216,2026-08-11,,,,,,,,
GPGI,2026-08-10,14.35,14.17,-0.012543554006968605,2026-08-11,,,,,,,,
GPI,2026-08-10,265.12,266.26,0.004299939649969664,2026-08-11,,,,,,,,
GPIQ,2026-08-10,57.16,56.97,-0.0033240027991602306,2026-08-11,,,,,,,,
GPIX,2026-08-10,56.41,56.27,-0.0024818294628611293,2026-08-11,,,,,,,,
GPK,2026-08-10,11.91,11.96,0.004198152812762368,2026-08-11,,,,,,,,
GPMT,2026-08-10,1.24,1.25,0.008064516129032251,2026-08-11,,,,,,,,
GPN,2026-08-10,86.13,85.86,-0.0031347962382444194,2026-08-11,,,,,,,,
GPOR,2026-08-10,168.01,171.26,0.01934408666150822,2026-08-11,,,,,,,,
GPRE,2026-08-10,15.09,15.56,0.031146454605699203,2026-08-11,,,,,,,,
GPRF,2026-08-10,49.42,49.53,0.0022258195062727637,2026-08-11,,,,,,,,
GPRK,2026-08-10,9.66,9.31,-0.03623188405797095,2026-08-11,,,,,,,,
GPRO,2026-08-10,0.7,0.62,-0.11428571428571421,2026-08-11,,,,,,,,
GPT,2026-08-10,34.42,34.53,0.0031958163858221145,2026-08-11,,,,,,,,
GPTY,2026-08-10,42.68,42.77,0.0021087160262418525,2026-08-11,,,,,,,,
GPUS,2026-08-10,0.12,0.12,0.0,2026-08-11,,,,,,,,
GPZ,2026-08-10,24.9,25.78,0.03534136546184752,2026-08-11,,,,,,,,
GQGU,2026-08-10,26.87,26.63,-0.008931894305917454,2026-08-11,,,,,,,,
GQI,2026-08-10,60.28,60.22,-0.0009953550099536246,2026-08-11,,,,,,,,
GQQQ,2026-08-10,35.99,35.88,-0.003056404556821324,2026-08-11,,,,,,,,
GQRE,2026-08-10,63.88,63.6,-0.004383218534752653,2026-08-11,,,,,,,,
GRAB,2026-08-10,3.67,3.74,0.019073569482289,2026-08-11,,,,,,,,
GRAG,2026-08-10,6.32,6.56,0.03797468354430378,2026-08-11,,,,,,,,
GRAL,2026-08-10,74.84,75.48,0.0085515766969535,2026-08-11,,,,,,,,
GRAN,2026-08-10,1.39,1.41,0.014388489208633004,2026-08-11,,,,,,,,
GRBK,2026-08-10,70.52,71.61,0.015456608054452703,2026-08-11,,,,,,,,
GRC,2026-08-10,81.79,82.79,0.012226433549333615,2026-08-11,,,,,,,,
GRCE,2026-08-10,2.11,2.12,0.004739336492891155,2026-08-11,,,,,,,,
GRDN,2026-08-10,41.47,39.46,-0.04846877260670357,2026-08-11,,,,,,,,
GRDX,2026-08-10,3.01,3.15,0.04651162790697683,2026-08-11,,,,,,,,
GREK,2026-08-10,81.96,81.91,-0.0006100536847242211,2026-08-11,,,,,,,,
GRF,2026-08-10,10.52,10.31,-0.019961977186311652,2026-08-11,,,,,,,,
GRFS,2026-08-10,8.05,7.99,-0.007453416149068359,2026-08-11,,,,,,,,
GRI,2026-08-10,1.7,2.2,0.2941176470588236,2026-08-11,,,,,,,,
GRID,2026-08-10,185.17,187.42,0.01215099638170325,2026-08-11,,,,,,,,
GRIN,2026-08-10,33.51,33.61,0.0029841838257236297,2026-08-11,,,,,,,,
GRML,2026-08-10,0.2,0.21,0.04999999999999982,2026-08-11,,,,,,,,
GRMN,2026-08-10,313.16,309.65,-0.011208328011240387,2026-08-11,,,,,,,,
GRN,2026-08-10,32.7,32.81,0.0033639143730885834,2026-08-11,,,,,,,,
GRNB,2026-08-10,23.78,23.79,0.000420521446593769,2026-08-11,,,,,,,,
GRND,2026-08-10,16.35,16.23,-0.007339449541284515,2026-08-11,,,,,,,,
GRNI,2026-08-10,21.14,21.16,0.0009460737937558861,2026-08-11,,,,,,,,
GRNJ,2026-08-10,30.62,30.93,0.010124101894186666,2026-08-11,,,,,,,,
GRNQ,2026-08-10,10.92,9.26,-0.15201465201465203,2026-08-11,,,,,,,,
GRNT,2026-08-10,5.08,5.18,0.019685039370078705,2026-08-11,,,,,,,,
GRNY,2026-08-10,27.93,27.98,0.001790189760114691,2026-08-11,,,,,,,,
GRO,2026-08-10,2.26,2.23,-0.01327433628318575,2026-08-11,,,,,,,,
GROV,2026-08-10,1.06,1.04,-0.018867924528301883,2026-08-11,,,,,,,,
GROW,2026-08-10,3.1,3.11,0.003225806451612856,2026-08-11,,,,,,,,
GROY,2026-08-10,3.08,3.09,0.0032467532467532756,2026-08-11,,,,,,,,
GROZ,2026-08-10,33.28,33.12,-0.004807692307692402,2026-08-11,,,,,,,,
GRPM,2026-08-10,142.98,142.88,-0.0006993985172750738,2026-08-11,,,,,,,,
GRPN,2026-08-10,22.95,21.87,-0.04705882352941171,2026-08-11,,,,,,,,
GRPZ,2026-08-10,33.34,33.24,-0.0029994001199760145,2026-08-11,,,,,,,,
GRRR,2026-08-10,13.49,14.0,0.037805782060785775,2026-08-11,,,,,,,,
GRSD,2026-08-10,1.84,1.89,0.02717391304347827,2026-08-11,,,,,,,,
GRVY,2026-08-10,69.29,69.99,0.010102467888584155,2026-08-11,,,,,,,,
GRW,2026-08-10,32.68,32.61,-0.0021419828641371375,2026-08-11,,,,,,,,
GRWG,2026-08-10,1.43,1.49,0.04195804195804209,2026-08-11,,,,,,,,
GRX,2026-08-10,9.93,9.92,-0.001007049345417954,2026-08-11,,,,,,,,
GS,2026-08-10,1034.51,1034.41,-9.666412117803613e-05,2026-08-11,,,,,,,,
GSAT,2026-08-10,83.82,83.56,-0.0031018849916486513,2026-08-11,,,,,,,,
GSBC,2026-08-10,80.23,80.32,0.0011217748971705799,2026-08-11,,,,,,,,
GSBD,2026-08-10,9.75,9.7,-0.005128205128205221,2026-08-11,,,,,,,,
GSC,2026-08-10,67.7,67.84,0.00206794682422462,2026-08-11,,,,,,,,
GSEE,2026-08-10,67.28,67.44,0.0023781212841853527,2026-08-11,,,,,,,,
GSEP,2026-08-10,41.67,41.65,-0.00047996160307184343,2026-08-11,,,,,,,,
GSEU,2026-08-10,50.38,50.29,-0.0017864231838031763,2026-08-11,,,,,,,,
GSEW,2026-08-10,97.86,98.13,0.0027590435315756334,2026-08-11,,,,,,,,
GSG,2026-08-10,32.32,32.52,0.006188118811881305,2026-08-11,,,,,,,,
GSGO,2026-08-10,44.77,44.69,-0.0017869108778201248,2026-08-11,,,,,,,,
GSHD,2026-08-10,64.55,65.31,0.011773818745158815,2026-08-11,,,,,,,,
GSHR,2026-08-10,10.52,10.51,-0.000950570342205248,2026-08-11,,,,,,,,
GSIB,2026-08-10,64.65,64.51,-0.002165506573859277,2026-08-11,,,,,,,,
GSID,2026-08-10,78.05,78.07,0.0002562459961563679,2026-08-11,,,,,,,,
GSIE,2026-08-10,48.06,48.04,-0.0004161464835622519,2026-08-11,,,,,,,,
GSIT,2026-08-10,6.64,6.59,-0.0075301204819276935,2026-08-11,,,,,,,,
GSIW,2026-08-10,13.6,15.55,0.14338235294117663,2026-08-11,,,,,,,,
GSJY,2026-08-10,54.64,54.68,0.0007320644216690653,2026-08-11,,,,,,,,
GSK,2026-08-10,52.16,50.9,-0.02415644171779141,2026-08-11,,,,,,,,
GSKH,2026-08-10,71.88,70.39,-0.0207289927657206,2026-08-11,,,,,,,,
GSL,2026-08-10,41.88,40.78,-0.02626552053486153,2026-08-11,,,,,,,,
GSLC,2026-08-10,147.74,147.26,-0.0032489508596184047,2026-08-11,,,,,,,,
GSM,2026-08-10,4.63,4.57,-0.01295896328293733,2026-08-11,,,,,,,,
GSOL,2026-08-10,5.76,5.72,-0.00694444444444442,2026-08-11,,,,,,,,
GSPY,2026-08-10,42.42,42.27,-0.0035360678925034916,2026-08-11,,,,,,,,
GSRF,2026-08-10,10.18,10.19,0.0009823182711197198,2026-08-11,,,,,,,,
GSRV,2026-08-10,9.86,9.86,0.0,2026-08-11,,,,,,,,
GSSC,2026-08-10,91.45,91.73,0.003061782394751189,2026-08-11,,,,,,,,
GSST,2026-08-10,50.44,50.45,0.00019825535289452745,2026-08-11,,,,,,,,
GSUI,2026-08-10,10.06,9.9,-0.015904572564612307,2026-08-11,,,,,,,,
GSUN,2026-08-10,0.51,0.47,-0.07843137254901966,2026-08-11,,,,,,,,
GSUS,2026-08-10,106.77,106.41,-0.0033717336330429948,2026-08-11,,,,,,,,
GSWO,2026-08-10,65.87,65.67,-0.0030362835888871897,2026-08-11,,,,,,,,
GSY,2026-08-10,50.18,50.21,0.0005978477481067834,2026-08-11,,,,,,,,
GT,2026-08-10,6.03,6.09,0.00995024875621886,2026-08-11,,,,,,,,
GTBP,2026-08-10,0.32,0.31,-0.03125,2026-08-11,,,,,,,,
GTE,2026-08-10,8.95,9.53,0.06480446927374306,2026-08-11,,,,,,,,
GTEC,2026-08-10,0.54,0.55,0.0185185185185186,2026-08-11,,,,,,,,
GTEK,2026-08-10,57.55,57.68,0.0022589052997394887,2026-08-11,,,,,,,,
GTEN,2026-08-10,10.49,10.7,0.020019065776930356,2026-08-11,,,,,,,,
GTERA,2026-08-10,10.4,10.38,-0.0019230769230769162,2026-08-11,,,,,,,,
GTES,2026-08-10,28.4,28.44,0.0014084507042253502,2026-08-11,,,,,,,,
GTIM,2026-08-10,1.47,1.48,0.006802721088435382,2026-08-11,,,,,,,,
GTIP,2026-08-10,47.58,47.56,-0.00042034468263962843,2026-08-11,,,,,,,,
GTLB,2026-08-10,40.73,42.11,0.03388165971028734,2026-08-11,,,,,,,,
GTM,2026-08-10,4.23,4.08,-0.03546099290780147,2026-08-11,,,,,,,,
GTN,2026-08-10,4.98,4.76,-0.04417670682730934,2026-08-11,,,,,,,,
GTND,2026-08-10,25.68,25.6,-0.0031152647975076775,2026-08-11,,,,,,,,
GTO,2026-08-10,46.21,46.23,0.00043280675178514194,2026-08-11,,,,,,,,
GTOC,2026-08-10,24.7,24.72,0.0008097165991902688,2026-08-11,,,,,,,,
GTOH,2026-08-10,25.28,25.31,0.0011867088607593335,2026-08-11,,,,,,,,
GTOP,2026-08-10,49.43,49.16,-0.005462269876593262,2026-08-11,,,,,,,,
GTOQ,2026-08-10,22.31,22.33,0.0008964589870013029,2026-08-11,,,,,,,,
GTOS,2026-08-10,24.93,24.93,0.0,2026-08-11,,,,,,,,
GTPE,2026-08-10,61.95,61.82,-0.0020984665052462548,2026-08-11,,,,,,,,
GTR,2026-08-10,27.67,27.67,0.0,2026-08-11,,,,,,,,
GTX,2026-08-10,29.01,29.12,0.0037917959324371697,2026-08-11,,,,,,,,
GTY,2026-08-10,32.48,32.3,-0.005541871921182273,2026-08-11,,,,,,,,
GUAC,2026-08-10,9.95,9.95,0.0,2026-08-11,,,,,,,,
GUG,2026-08-10,15.41,15.46,0.0032446463335495945,2026-08-11,,,,,,,,
GUMI,2026-08-10,50.33,50.32,-0.00019868865487782106,2026-08-11,,,,,,,,
GUNR,2026-08-10,53.9,53.8,-0.0018552875695733162,2026-08-11,,,,,,,,
GURE,2026-08-10,3.06,3.19,0.042483660130719025,2026-08-11,,,,,,,,
GURU,2026-08-10,69.59,69.66,0.0010058916510991,2026-08-11,,,,,,,,
GUSA,2026-08-10,66.88,66.72,-0.0023923444976076125,2026-08-11,,,,,,,,
GUSE,2026-08-10,46.3,46.17,-0.0028077753779696124,2026-08-11,,,,,,,,
GUSH,2026-08-10,39.22,40.32,0.02804691483936761,2026-08-11,,,,,,,,
GUT,2026-08-10,6.39,6.38,-0.0015649452269169695,2026-08-11,,,,,,,,
GUTS,2026-08-10,0.68,0.7,0.02941176470588225,2026-08-11,,,,,,,,
GV,2026-08-10,0.14,0.14,0.0,2026-08-11,,,,,,,,
GVA,2026-08-10,125.97,125.37,-0.004763038818766274,2026-08-11,,,,,,,,
GVAL,2026-08-10,38.06,37.92,-0.0036784025223332018,2026-08-11,,,,,,,,
GVH,2026-08-10,1.0,1.0,0.0,2026-08-11,,,,,,,,
GVI,2026-08-10,105.17,105.25,0.0007606731957783275,2026-08-11,,,,,,,,
GVIP,2026-08-10,173.74,174.36,0.0035685507079543655,2026-08-11,,,,,,,,
GVLE,2026-08-10,49.52,49.61,0.001817447495961133,2026-08-11,,,,,,,,
GVLU,2026-08-10,28.8,28.77,-0.0010416666666667185,2026-08-11,,,,,,,,
GVUS,2026-08-10,66.24,66.14,-0.0015096618357487435,2026-08-11,,,,,,,,
GWAV,2026-08-10,4.46,4.24,-0.049327354260089606,2026-08-11,,,,,,,,
GWH,2026-08-10,0.58,0.65,0.12068965517241392,2026-08-11,,,,,,,,
GWRE,2026-08-10,172.94,176.65,0.021452526887937973,2026-08-11,,,,,,,,
GWRS,2026-08-10,7.37,7.61,0.03256445047489831,2026-08-11,,,,,,,,
GWW,2026-08-10,1297.45,1301.94,0.0034606343211684987,2026-08-11,,,,,,,,
GWX,2026-08-10,45.68,45.97,0.006348511383537536,2026-08-11,,,,,,,,
GXAI,2026-08-10,0.85,0.89,0.04705882352941182,2026-08-11,,,,,,,,
GXC,2026-08-10,93.44,91.72,-0.018407534246575374,2026-08-11,,,,,,,,
GXDW,2026-08-10,24.48,24.45,-0.001225490196078427,2026-08-11,,,,,,,,
GXIG,2026-08-10,24.33,24.34,0.0004110152075627038,2026-08-11,,,,,,,,
GXLC,2026-08-10,92.95,92.7,-0.002689618074233513,2026-08-11,,,,,,,,
GXO,2026-08-10,46.96,46.67,-0.0061754684838160046,2026-08-11,,,,,,,,
GXPC,2026-08-10,30.35,29.71,-0.021087314662273537,2026-08-11,,,,,,,,
GXPD,2026-08-10,27.15,26.95,-0.007366482504604033,2026-08-11,,,,,,,,
GXPE,2026-08-10,35.17,35.54,0.010520329826556596,2026-08-11,,,,,,,,
GXPS,2026-08-10,26.71,26.65,-0.002246349681767179,2026-08-11,,,,,,,,
GXPT,2026-08-10,33.73,33.6,-0.0038541357841682666,2026-08-11,,,,,,,,
GXRP,2026-08-10,19.77,19.63,-0.0070814365199798335,2026-08-11,,,,,,,,
GXUS,2026-08-10,64.44,64.26,-0.0027932960893853886,2026-08-11,,,,,,,,
GYGY,2026-08-10,3.0,2.37,-0.20999999999999996,2026-08-11,,,,,,,,
GYLD,2026-08-10,14.5,14.45,-0.0034482758620689724,2026-08-11,,,,,,,,
GYRE,2026-08-10,6.72,6.64,-0.011904761904761862,2026-08-11,,,,,,,,
GYRO,2026-08-10,5.36,5.36,0.0,2026-08-11,,,,,,,,
H,2026-08-10,170.08,172.64,0.015051740357478582,2026-08-11,,,,,,,,
HACK,2026-08-10,119.19,118.8,-0.0032720865844449998,2026-08-11,,,,,,,,
HACQ,2026-08-10,10.07,10.07,0.0,2026-08-11,,,,,,,,
HAE,2026-08-10,86.61,87.22,0.0070430666204825965,2026-08-11,,,,,,,,
HAFC,2026-08-10,31.68,31.97,0.009154040404040442,2026-08-11,,,,,,,,
HAFN,2026-08-10,7.49,7.32,-0.022696929238985253,2026-08-11,,,,,,,,
HAIL,2026-08-10,38.06,38.29,0.006043089858118744,2026-08-11,,,,,,,,
HAIN,2026-08-10,0.59,0.54,-0.08474576271186429,2026-08-11,,,,,,,,
HAKY,2026-08-10,32.12,31.95,-0.005292652552926436,2026-08-11,,,,,,,,
HAL,2026-08-10,33.64,33.8,0.0047562425683709275,2026-08-11,,,,,,,,
HALO,2026-08-10,102.62,102.62,0.0,2026-08-11,,,,,,,,
HALX,2026-08-10,25.65,25.64,-0.00038986354775816245,2026-08-11,,,,,,,,
HAO,2026-08-10,0.16,0.17,0.0625,2026-08-11,,,,,,,,
HAP,2026-08-10,73.67,73.7,0.0004072213926971102,2026-08-11,,,,,,,,
HAPI,2026-08-10,46.51,46.4,-0.002365082777897265,2026-08-11,,,,,,,,
HAPN,2026-08-10,19.44,19.23,-0.010802469135802517,2026-08-11,,,,,,,,
HAPS,2026-08-10,38.32,38.32,0.0,2026-08-11,,,,,,,,
HARD,2026-08-10,31.49,31.78,0.009209272785011269,2026-08-11,,,,,,,,
HAS,2026-08-10,94.49,97.04,0.026986982749497512,2026-08-11,,,,,,,,
HASI,2026-08-10,40.57,41.08,0.012570865171308787,2026-08-11,,,,,,,,
HAUG,2026-08-10,25.19,25.24,0.0019849146486699,2026-08-11,,,,,,,,
HAUS,2026-08-10,18.54,18.36,-0.009708737864077666,2026-08-11,,,,,,,,
HAUZ,2026-08-10,22.86,22.89,0.001312335958005395,2026-08-11,,,,,,,,
HAVA,2026-08-10,10.17,10.15,-0.001966568338249708,2026-08-11,,,,,,,,
HAWK,2026-08-10,25.19,25.09,-0.003969829297340244,2026-08-11,,,,,,,,
HAWX,2026-08-10,46.02,46.04,0.0004345936549325913,2026-08-11,,,,,,,,
HAYW,2026-08-10,15.43,15.56,0.008425145819831448,2026-08-11,,,,,,,,
HBAN,2026-08-10,17.6,17.77,0.009659090909090784,2026-08-11,,,,,,,,
HBB,2026-08-10,33.0,33.12,0.0036363636363636598,2026-08-11,,,,,,,,
HBCP,2026-08-10,70.63,71.68,0.014866204162537366,2026-08-11,,,,,,,,
HBDC,2026-08-10,24.71,24.75,0.0016187778227438887,2026-08-11,,,,,,,,
HBIO,2026-08-10,6.39,6.13,-0.04068857589984343,2026-08-11,,,,,,,,
HBM,2026-08-10,27.91,27.67,-0.008599068434252954,2026-08-11,,,,,,,,
HBMX,2026-08-10,23.0,23.55,0.023913043478260843,2026-08-11,,,,,,,,
HBNB,2026-08-10,5.36,5.41,0.009328358208955168,2026-08-11,,,,,,,,
HBNC,2026-08-10,20.22,20.38,0.007912957467853587,2026-08-11,,,,,,,,
HBR,2026-08-10,9.26,9.01,-0.02699784017278617,2026-08-11,,,,,,,,
HBT,2026-08-10,35.94,36.19,0.006956037840845752,2026-08-11,,,,,,,,
HBTA,2026-08-10,32.53,32.42,-0.0033814940055333365,2026-08-11,,,,,,,,
HBTC,2026-08-10,17.66,17.55,-0.006228765571913875,2026-08-11,,,,,,,,
HCA,2026-08-10,414.03,411.44,-0.006255585344057124,2026-08-11,,,,,,,,
HCAC,2026-08-10,10.07,10.08,0.0009930486593843213,2026-08-11,,,,,,,,
HCAI,2026-08-10,4.35,4.45,0.02298850574712663,2026-08-11,,,,,,,,
HCAT,2026-08-10,1.72,1.76,0.023255813953488413,2026-08-11,,,,,,,,
HCC,2026-08-10,95.37,97.79,0.025374855824682907,2026-08-11,,,,,,,,
HCI,2026-08-10,184.85,184.37,-0.002596700027048926,2026-08-11,,,,,,,,
HCIC,2026-08-10,9.99,10.0,0.0010010010010010895,2026-08-11,,,,,,,,
HCKT,2026-08-10,11.22,11.46,0.021390374331550888,2026-08-11,,,,,,,,
HCM,2026-08-10,12.55,12.47,-0.0063745019920318224,2026-08-11,,,,,,,,
HCMA,2026-08-10,10.28,10.28,0.0,2026-08-11,,,,,,,,
HCMT,2026-08-10,41.84,41.58,-0.006214149139579517,2026-08-11,,,,,,,,
HCOW,2026-08-10,25.88,25.96,0.0030911901081918103,2026-08-11,,,,,,,,
HCRB,2026-08-10,34.54,34.5,-0.0011580775911985697,2026-08-11,,,,,,,,
HCSG,2026-08-10,21.79,20.96,-0.038090867370353276,2026-08-11,,,,,,,,
HCTI,2026-08-10,1.25,1.27,0.016000000000000014,2026-08-11,,,,,,,,
HCWB,2026-08-10,3.27,3.17,-0.030581039755351758,2026-08-11,,,,,,,,
HCWC,2026-08-10,0.26,0.27,0.03846153846153855,2026-08-11,,,,,,,,
HD,2026-08-10,350.78,354.48,0.010547921774331614,2026-08-11,,,,,,,,
HDB,2026-08-10,23.45,23.29,-0.006823027718550145,2026-08-11,,,,,,,,
HDEF,2026-08-10,33.99,33.93,-0.00176522506619603,2026-08-11,,,,,,,,
HDG,2026-08-10,54.78,54.83,0.0009127418765972894,2026-08-11,,,,,,,,
HDGE,2026-08-10,14.27,14.24,-0.0021023125437981127,2026-08-11,,,,,,,,
HDL,2026-08-10,13.3,13.38,0.006015037593984918,2026-08-11,,,,,,,,
HDLB,2026-08-10,17.58,17.48,-0.00568828213879391,2026-08-11,,,,,,,,
HDMV,2026-08-10,38.91,38.61,-0.007710100231302919,2026-08-11,,,,,,,,
HDRN,2026-08-10,1.83,1.84,0.005464480874316946,2026-08-11,,,,,,,,
HDSN,2026-08-10,5.7,5.53,-0.029824561403508754,2026-08-11,,,,,,,,
HDUS,2026-08-10,74.41,74.11,-0.004031716167181787,2026-08-11,,,,,,,,
HDV,2026-08-10,28.99,29.07,0.0027595722662987487,2026-08-11,,,,,,,,
HE,2026-08-10,11.68,11.85,0.014554794520547976,2026-08-11,,,,,,,,
HEAL,2026-08-10,28.93,28.9,-0.0010369858278603816,2026-08-11,,,,,,,,
HECA,2026-08-10,27.78,27.8,0.0007199424046075986,2026-08-11,,,,,,,,
HECO,2026-08-10,62.42,62.91,0.007850048061518677,2026-08-11,,,,,,,,
HEDG,2026-08-10,30.51,30.55,0.0013110455588332126,2026-08-11,,,,,,,,
HEDJ,2026-08-10,58.09,58.03,-0.0010328800137717753,2026-08-11,,,,,,,,
HEEM,2026-08-10,41.45,41.59,0.003377563329312494,2026-08-11,,,,,,,,
HEFA,2026-08-10,47.57,47.56,-0.00021021652301866922,2026-08-11,,,,,,,,
HEFT,2026-08-10,26.64,26.66,0.0007507507507507061,2026-08-11,,,,,,,,
HEGD,2026-08-10,27.34,27.2,-0.005120702267739641,2026-08-11,,,,,,,,
HEI,2026-08-10,363.94,366.92,0.008188162883991934,2026-08-11,,,,,,,,
HEI-A,2026-08-10,265.08,264.72,-0.0013580805794475292,2026-08-11,,,,,,,,
HELE,2026-08-10,29.21,29.28,0.002396439575487852,2026-08-11,,,,,,,,
HELO,2026-08-10,69.81,69.72,-0.0012892135797164528,2026-08-11,,,,,,,,
HELP,2026-08-10,10.01,10.09,0.007992007992007943,2026-08-11,,,,,,,,
HELS,2026-08-10,24.53,24.5,-0.0012229922543823823,2026-08-11,,,,,,,,
HELX,2026-08-10,41.73,41.45,-0.006709801102324331,2026-08-11,,,,,,,,
HEMI,2026-08-10,42.42,42.28,-0.0033003300330033403,2026-08-11,,,,,,,,
HEPS,2026-08-10,2.76,2.91,0.05434782608695676,2026-08-11,,,,,,,,
HEQ,2026-08-10,11.67,11.65,-0.001713796058269046,2026-08-11,,,,,,,,
HEQQ,2026-08-10,61.07,61.04,-0.0004912395611593734,2026-08-11,,,,,,,,
HEQT,2026-08-10,34.49,34.41,-0.00231951290229071,2026-08-11,,,,,,,,
HERD,2026-08-10,51.79,51.78,-0.000193087468623232,2026-08-11,,,,,,,,
HERE,2026-08-10,1.92,1.88,-0.02083333333333337,2026-08-11,,,,,,,,
HERO,2026-08-10,27.59,27.42,-0.00616165277274372,2026-08-11,,,,,,,,
HERZ,2026-08-10,16.12,16.28,0.00992555831265518,2026-08-11,,,,,,,,
HESM,2026-08-10,40.62,40.54,-0.001969473165928104,2026-08-11,,,,,,,,
HEWJ,2026-08-10,64.96,65.1,0.0021551724137931494,2026-08-11,,,,,,,,
HEZU,2026-08-10,50.22,50.36,0.002787733970529782,2026-08-11,,,,,,,,
HF,2026-08-10,22.73,22.71,-0.0008798944126704455,2026-08-11,,,,,,,,
HFBL,2026-08-10,23.05,23.45,0.017353579175704903,2026-08-11,,,,,,,,
HFEQ,2026-08-10,24.77,24.82,0.002018570851836987,2026-08-11,,,,,,,,
HFFG,2026-08-10,1.56,1.78,0.14102564102564097,2026-08-11,,,,,,,,
HFGM,2026-08-10,31.62,31.62,0.0,2026-08-11,,,,,,,,
HFGO,2026-08-10,29.91,29.77,-0.004680708793045829,2026-08-11,,,,,,,,
HFMF,2026-08-10,21.61,21.64,0.0013882461823231385,2026-08-11,,,,,,,,
HFND,2026-08-10,24.65,24.59,-0.0024340770791074773,2026-08-11,,,,,,,,
HFRO,2026-08-10,7.3,7.27,-0.004109589041095929,2026-08-11,,,,,,,,
HFSI,2026-08-10,34.9,34.96,0.0017191977077364307,2026-08-11,,,,,,,,
HFSP,2026-08-10,13.16,13.23,0.005319148936170137,2026-08-11,,,,,,,,
HFWA,2026-08-10,29.41,29.53,0.004080244814688827,2026-08-11,,,,,,,,
HFXI,2026-08-10,37.91,38.05,0.003692957003429198,2026-08-11,,,,,,,,
HG,2026-08-10,34.85,35.21,0.010329985652797635,2026-08-11,,,,,,,,
HGBL,2026-08-10,1.06,1.07,0.009433962264151052,2026-08-11,,,,,,,,
HGER,2026-08-10,33.46,33.48,0.000597728631201333,2026-08-11,,,,,,,,
HGLB,2026-08-10,7.5,7.52,0.002666666666666595,2026-08-11,,,,,,,,
HGRO,2026-08-10,31.11,30.94,-0.005464480874316835,2026-08-11,,,,,,,,
HGTY,2026-08-10,13.12,12.78,-0.02591463414634143,2026-08-11,,,,,,,,
HGV,2026-08-10,42.53,43.02,0.011521279097107984,2026-08-11,,,,,,,,
HHH,2026-08-10,65.55,67.03,0.02257818459191463,2026-08-11,,,,,,,,
HHS,2026-08-10,2.5,2.49,-0.0039999999999998925,2026-08-11,,,,,,,,
HIBL,2026-08-10,105.87,107.52,0.015585151601020142,2026-08-11,,,,,,,,
HIBS,2026-08-10,19.53,19.23,-0.015360983102918668,2026-08-11,,,,,,,,
HIDE,2026-08-10,24.45,24.42,-0.0012269938650305567,2026-08-11,,,,,,,,
HIDV,2026-08-10,92.36,92.19,-0.0018406236466003145,2026-08-11,,,,,,,,
HIFS,2026-08-10,298.86,311.5,0.04229405072609249,2026-08-11,,,,,,,,
HIG,2026-08-10,141.15,139.08,-0.014665249734325148,2026-08-11,,,,,,,,
HIGH,2026-08-10,21.95,21.9,-0.002277904328018221,2026-08-11,,,,,,,,
HIHO,2026-08-10,1.09,1.15,0.05504587155963292,2026-08-11,,,,,,,,
HII,2026-08-10,330.81,327.85,-0.008947734349022074,2026-08-11,,,,,,,,
HIMC,2026-08-10,18.95,18.16,-0.04168865435356195,2026-08-11,,,,,,,,
HIMS,2026-08-10,31.77,30.51,-0.03966005665722372,2026-08-11,,,,,,,,
HIMU,2026-08-10,48.61,48.6,-0.0002057189878625909,2026-08-11,,,,,,,,
HIMX,2026-08-10,14.73,14.98,0.016972165648336812,2026-08-11,,,,,,,,
HIMZ,2026-08-10,35.35,32.46,-0.08175388967468178,2026-08-11,,,,,,,,
HIND,2026-08-10,2.21,2.25,0.018099547511312153,2026-08-11,,,,,,,,
HIO,2026-08-10,3.55,3.58,0.008450704225352101,2026-08-11,,,,,,,,
HIPO,2026-08-10,32.43,33.39,0.029602220166512483,2026-08-11,,,,,,,,
HIPS,2026-08-10,11.68,11.75,0.0059931506849315586,2026-08-11,,,,,,,,
HIS,2026-08-10,26.64,26.5,-0.005255255255255276,2026-08-11,,,,,,,,
HISF,2026-08-10,43.88,43.9,0.00045578851412941823,2026-08-11,,,,,,,,
HIT,2026-08-10,1.12,1.05,-0.0625,2026-08-11,,,,,,,,
HITI,2026-08-10,2.3,2.34,0.01739130434782621,2026-08-11,,,,,,,,
HIVE,2026-08-10,2.6,2.65,0.019230769230769162,2026-08-11,,,,,,,,
HIW,2026-08-10,30.91,30.85,-0.0019411193788417824,2026-08-11,,,,,,,,
HIX,2026-08-10,3.94,3.94,0.0,2026-08-11,,,,,,,,
HIYY,2026-08-10,13.75,13.33,-0.030545454545454542,2026-08-11,,,,,,,,
HJLY,2026-08-10,25.39,25.38,-0.0003938558487593946,2026-08-11,,,,,,,,
HJUN,2026-08-10,25.22,25.2,-0.0007930214115781098,2026-08-11,,,,,,,,
HKD,2026-08-10,1.67,1.62,-0.029940119760478945,2026-08-11,,,,,,,,
HKIT,2026-08-10,3.27,3.13,-0.042813455657492394,2026-08-11,,,,,,,,
HKPD,2026-08-10,0.42,0.41,-0.023809523809523836,2026-08-11,,,,,,,,
HL,2026-08-10,17.55,17.76,0.011965811965811923,2026-08-11,,,,,,,,
HLAL,2026-08-10,72.97,72.66,-0.004248321227901863,2026-08-11,,,,,,,,
HLF,2026-08-10,11.52,11.74,0.01909722222222232,2026-08-11,,,,,,,,
HLI,2026-08-10,123.39,125.45,0.0166950320123187,2026-08-11,,,,,,,,
HLIO,2026-08-10,81.52,81.06,-0.005642787046123532,2026-08-11,,,,,,,,
HLIT,2026-08-10,11.6,11.45,-0.012931034482758674,2026-08-11,,,,,,,,
HLLY,2026-08-10,3.15,3.12,-0.00952380952380949,2026-08-11,,,,,,,,
HLMN,2026-08-10,9.08,9.01,-0.00770925110132159,2026-08-11,,,,,,,,
HLN,2026-08-10,9.93,9.93,0.0,2026-08-11,,,,,,,,
HLNE,2026-08-10,100.36,104.84,0.04463929852530901,2026-08-11,,,,,,,,
HLP,2026-08-10,1.21,1.3,0.07438016528925617,2026-08-11,,,,,,,,
HLT,2026-08-10,311.0,314.66,0.011768488745980799,2026-08-11,,,,,,,,
HLTH,2026-08-10,27.75,27.85,0.003603603603603567,2026-08-11,,,,,,,,
HLX,2026-08-10,10.0,10.19,0.018999999999999906,2026-08-11,,,,,,,,
HLXC,2026-08-10,10.57,10.57,0.0,2026-08-11,,,,,,,,
HMAY,2026-08-10,25.32,25.31,-0.0003949447077409296,2026-08-11,,,,,,,,
HMC,2026-08-10,31.72,31.7,-0.0006305170239596647,2026-08-11,,,,,,,,
HMH,2026-08-10,20.5,19.91,-0.028780487804878074,2026-08-11,,,,,,,,
HMN,2026-08-10,52.84,52.26,-0.010976532929598881,2026-08-11,,,,,,,,
HMOP,2026-08-10,38.83,38.8,-0.0007725985063096186,2026-08-11,,,,,,,,
HMR,2026-08-10,1.24,1.32,0.06451612903225823,2026-08-11,,,,,,,,
HMY,2026-08-10,19.9,19.51,-0.019597989949748595,2026-08-11,,,,,,,,
HMYY,2026-08-10,6.17,6.16,-0.0016207455429497752,2026-08-11,,,,,,,,
HNDL,2026-08-10,22.66,22.68,0.0008826125330978485,2026-08-11,,,,,,,,
HNGE,2026-08-10,91.57,89.01,-0.027956754395544237,2026-08-11,,,,,,,,
HNI,2026-08-10,48.99,49.52,0.010818534394774426,2026-08-11,,,,,,,,
HNNA,2026-08-10,9.93,9.95,0.002014098690835908,2026-08-11,,,,,,,,
HNRG,2026-08-10,15.88,15.64,-0.015113350125944613,2026-08-11,,,,,,,,
HNST,2026-08-10,5.23,5.21,-0.003824091778202754,2026-08-11,,,,,,,,
HNVR,2026-08-10,27.05,27.2,0.005545286506469349,2026-08-11,,,,,,,,
HODL,2026-08-10,18.09,17.95,-0.007739082365948113,2026-08-11,,,,,,,,
HODO,2026-08-10,0.49,0.5,0.020408163265306145,2026-08-11,,,,,,,,
HODU,2026-08-10,10.34,10.31,-0.0029013539651836506,2026-08-11,,,,,,,,
HOFT,2026-08-10,14.77,15.18,0.02775897088693302,2026-08-11,,,,,,,,
HOG,2026-08-10,26.09,26.72,0.0241471828286699,2026-08-11,,,,,,,,
HOLA,2026-08-10,56.85,57.06,0.0036939313984170052,2026-08-11,,,,,,,,
HOLD,2026-08-10,32.13,31.92,-0.006535947712418277,2026-08-11,,,,,,,,
HOLO,2026-08-10,1.64,1.7,0.03658536585365857,2026-08-11,,,,,,,,
HOMB,2026-08-10,30.76,31.01,0.00812743823146933,2026-08-11,,,,,,,,
HOMZ,2026-08-10,46.49,46.8,0.006668100666809895,2026-08-11,,,,,,,,
HON,2026-08-10,242.93,230.12,-0.05273123945169389,2026-08-11,,,,,,,,
HONA,2026-08-10,163.09,165.93,0.017413697958182706,2026-08-11,,,,,,,,
HONG,2026-08-10,16.87,15.12,-0.10373443983402497,2026-08-11,,,,,,,,
HOOC,2026-08-10,16.13,16.0,-0.008059516429014146,2026-08-11,,,,,,,,
HOOD,2026-08-10,94.52,94.38,-0.0014811680067710054,2026-08-11,,,,,,,,
HOOG,2026-08-10,25.09,25.01,-0.0031885213232363263,2026-08-11,,,,,,,,
HOOW,2026-08-10,24.35,24.33,-0.000821355236139798,2026-08-11,,,,,,,,
HOOX,2026-08-10,28.32,28.25,-0.0024717514124293904,2026-08-11,,,,,,,,
HOOY,2026-08-10,25.9,25.93,0.0011583011583011782,2026-08-11,,,,,,,,
HOOZ,2026-08-10,12.27,12.3,0.0024449877750611915,2026-08-11,,,,,,,,
HOPE,2026-08-10,14.0,14.24,0.017142857142857126,2026-08-11,,,,,,,,
HOUR,2026-08-10,1.92,1.94,0.01041666666666674,2026-08-11,,,,,,,,
HOV,2026-08-10,131.7,137.36,0.04297646165527724,2026-08-11,,,,,,,,
HOVR,2026-08-10,2.04,2.03,-0.004901960784313819,2026-08-11,,,,,,,,
HOWL,2026-08-10,0.38,0.38,0.0,2026-08-11,,,,,,,,
HOYY,2026-08-10,5.11,5.12,0.001956947162426559,2026-08-11,,,,,,,,
HP,2026-08-10,41.87,42.56,0.016479579651301757,2026-08-11,,,,,,,,
HPAI,2026-08-10,0.49,0.48,-0.020408163265306145,2026-08-11,,,,,,,,
HPE,2026-08-10,54.68,54.38,-0.005486466715435179,2026-08-11,,,,,,,,
HPEL,2026-08-10,17.89,17.68,-0.01173840134153159,2026-08-11,,,,,,,,
HPF,2026-08-10,15.93,15.95,0.0012554927809165228,2026-08-11,,,,,,,,
HPI,2026-08-10,16.17,16.22,0.0030921459492885273,2026-08-11,,,,,,,,
HPK,2026-08-10,7.92,8.26,0.04292929292929282,2026-08-11,,,,,,,,
HPP,2026-08-10,13.64,13.35,-0.021260997067448772,2026-08-11,,,,,,,,
HPQ,2026-08-10,29.8,29.07,-0.024496644295302072,2026-08-11,,,,,,,,
HPS,2026-08-10,14.28,14.36,0.0056022408963585235,2026-08-11,,,,,,,,
HQ,2026-08-10,12.56,12.49,-0.005573248407643283,2026-08-11,,,,,,,,
HQGO,2026-08-10,68.15,67.81,-0.004988994864270069,2026-08-11,,,,,,,,
HQH,2026-08-10,23.28,23.41,0.005584192439862523,2026-08-11,,,,,,,,
HQI,2026-08-10,13.57,17.19,0.2667649226234341,2026-08-11,,,,,,,,
HQL,2026-08-10,20.82,21.1,0.01344860710854956,2026-08-11,,,,,,,,
HQY,2026-08-10,106.79,105.57,-0.011424290663919923,2026-08-11,,,,,,,,
HR,2026-08-10,19.64,19.15,-0.024949083503055136,2026-08-11,,,,,,,,
HRB,2026-08-10,45.93,46.67,0.01611147398214685,2026-08-11,,,,,,,,
HRI,2026-08-10,169.76,171.03,0.0074811498586240255,2026-08-11,,,,,,,,
HRL,2026-08-10,24.7,24.3,-0.0161943319838056,2026-08-11,,,,,,,,
HRMY,2026-08-10,39.0,39.52,0.01333333333333342,2026-08-11,,,,,,,,
HROW,2026-08-10,40.7,39.42,-0.03144963144963142,2026-08-11,,,,,,,,
HRSK,2026-08-10,25.84,25.8,-0.001547987616099089,2026-08-11,,,,,,,,
HRTG,2026-08-10,32.71,32.18,-0.016202996025680205,2026-08-11,,,,,,,,
HRTS,2026-08-10,37.79,37.71,-0.00211696215930135,2026-08-11,,,,,,,,
HRTX,2026-08-10,0.34,0.32,-0.05882352941176472,2026-08-11,,,,,,,,
HRZN,2026-08-10,4.75,4.89,0.02947368421052632,2026-08-11,,,,,,,,
HSAI,2026-08-10,19.3,18.95,-0.0181347150259068,2026-08-11,,,,,,,,
HSBC,2026-08-10,103.32,103.21,-0.0010646535036779037,2026-08-11,,,,,,,,
HSBH,2026-08-10,112.64,112.68,0.0003551136363637575,2026-08-11,,,,,,,,
HSCS,2026-08-10,2.07,2.05,-0.009661835748792313,2026-08-11,,,,,,,,
HSCZ,2026-08-10,43.83,43.91,0.0018252338580879712,2026-08-11,,,,,,,,
HSDT,2026-08-10,1.7,1.74,0.0235294117647058,2026-08-11,,,,,,,,
HSHP,2026-08-10,15.31,15.51,0.013063357282821597,2026-08-11,,,,,,,,
HSIC,2026-08-10,88.08,89.18,0.012488646684831961,2026-08-11,,,,,,,,
HSLV,2026-08-10,5.37,5.34,-0.005586592178770999,2026-08-11,,,,,,,,
HSMV,2026-08-10,39.13,39.12,-0.0002555583950933915,2026-08-11,,,,,,,,
HST,2026-08-10,22.67,22.29,-0.01676224084693434,2026-08-11,,,,,,,,
HSTM,2026-08-10,29.37,28.36,-0.034388832141641235,2026-08-11,,,,,,,,
HSY,2026-08-10,182.75,181.98,-0.0042134062927496885,2026-08-11,,,,,,,,
HTAB,2026-08-10,18.94,18.96,0.001055966209081216,2026-08-11,,,,,,,,
HTAX,2026-08-10,24.52,24.48,-0.0016313213703099683,2026-08-11,,,,,,,,
HTB,2026-08-10,49.5,49.75,0.005050505050504972,2026-08-11,,,,,,,,
HTCO,2026-08-10,3.13,3.17,0.012779552715654896,2026-08-11,,,,,,,,
HTCR,2026-08-10,2.85,2.9,0.01754385964912264,2026-08-11,,,,,,,,
HTD,2026-08-10,25.4,25.47,0.00275590551181093,2026-08-11,,,,,,,,
HTEC,2026-08-10,41.32,41.11,-0.005082284607938026,2026-08-11,,,,,,,,
HTFL,2026-08-10,29.35,29.54,0.0064735945485518975,2026-08-11,,,,,,,,
HTGC,2026-08-10,17.17,16.67,-0.02912055911473499,2026-08-11,,,,,,,,
HTH,2026-08-10,38.77,39.14,0.009543461439257106,2026-08-11,,,,,,,,
HTHT,2026-08-10,43.01,41.6,-0.032783073703789745,2026-08-11,,,,,,,,
HTLD,2026-08-10,11.75,11.8,0.004255319148936287,2026-08-11,,,,,,,,
HTLM,2026-08-10,1.99,2.05,0.03015075376884413,2026-08-11,,,,,,,,
HTO,2026-08-10,61.24,62.28,0.0169823644676681,2026-08-11,,,,,,,,
HTOO,2026-08-10,2.46,2.46,0.0,2026-08-11,,,,,,,,
HTRB,2026-08-10,33.21,33.25,0.0012044564890092424,2026-08-11,,,,,,,,
HTT,2026-08-10,2.54,2.5,-0.015748031496062964,2026-08-11,,,,,,,,
HTUS,2026-08-10,46.04,45.93,-0.0023892267593397243,2026-08-11,,,,,,,,
HTZ,2026-08-10,2.12,2.45,0.1556603773584906,2026-08-11,,,,,,,,
HUBB,2026-08-10,504.9,519.62,0.029154287977817495,2026-08-11,,,,,,,,
HUBC,2026-08-10,0.85,0.76,-0.10588235294117643,2026-08-11,,,,,,,,
HUBG,2026-08-10,47.35,38.0,-0.19746568109820484,2026-08-11,,,,,,,,
HUBS,2026-08-10,215.91,220.51,0.021305173451901194,2026-08-11,,,,,,,,
HUDI,2026-08-10,0.93,0.86,-0.07526881720430112,2026-08-11,,,,,,,,
HUHU,2026-08-10,5.3,4.76,-0.10188679245283017,2026-08-11,,,,,,,,
HUIZ,2026-08-10,1.42,1.34,-0.05633802816901401,2026-08-11,,,,,,,,
HULL,2026-08-10,26.09,25.74,-0.013415101571483401,2026-08-11,,,,,,,,
HUM,2026-08-10,385.7,372.82,-0.033393829401088926,2026-08-11,,,,,,,,
HUMA,2026-08-10,0.74,0.71,-0.04054054054054057,2026-08-11,,,,,,,,
HUMN,2026-08-10,32.56,32.85,0.008906633906633932,2026-08-11,,,,,,,,
HUN,2026-08-10,10.36,10.44,0.007722007722007707,2026-08-11,,,,,,,,
HURA,2026-08-10,2.15,2.3,0.06976744186046502,2026-08-11,,,,,,,,
HURC,2026-08-10,21.72,22.08,0.016574585635359185,2026-08-11,,,,,,,,
HURN,2026-08-10,152.03,152.75,0.0047359073866999335,2026-08-11,,,,,,,,
HUSV,2026-08-10,41.43,41.26,-0.004103306782524796,2026-08-11,,,,,,,,
HUT,2026-08-10,85.66,88.78,0.03642306794303063,2026-08-11,,,,,,,,
HUTG,2026-08-10,14.14,15.07,0.06577086280056577,2026-08-11,,,,,,,,
HUYA,2026-08-10,2.43,2.42,-0.004115226337448652,2026-08-11,,,,,,,,
HVAC,2026-08-10,35.75,36.29,0.0151048951048951,2026-08-11,,,,,,,,
HVII,2026-08-10,10.52,10.53,0.000950570342205248,2026-08-11,,,,,,,,
HVMC,2026-08-10,10.22,10.22,0.0,2026-08-11,,,,,,,,
HVT,2026-08-10,28.95,28.42,-0.018307426597582,2026-08-11,,,,,,,,
HWBK,2026-08-10,39.84,39.79,-0.0012550200803214118,2026-08-11,,,,,,,,
HWC,2026-08-10,77.43,78.22,0.010202763786645974,2026-08-11,,,,,,,,
HWH,2026-08-10,1.44,1.32,-0.08333333333333326,2026-08-11,,,,,,,,
HWIV,2026-08-10,26.68,26.7,0.0007496251874061777,2026-08-11,,,,,,,,
HWKN,2026-08-10,130.66,129.66,-0.007653451706719716,2026-08-11,,,,,,,,
HWM,2026-08-10,283.71,281.34,-0.00835360050756051,2026-08-11,,,,,,,,
HWO,2026-08-10,26.87,26.91,0.0014886490509862238,2026-08-11,,,,,,,,
HWSM,2026-08-10,31.96,31.98,0.0006257822277846437,2026-08-11,,,,,,,,
HXHX,2026-08-10,0.48,0.49,0.02083333333333326,2026-08-11,,,,,,,,
HXL,2026-08-10,100.83,100.51,-0.0031736586333431793,2026-08-11,,,,,,,,
HY,2026-08-10,35.1,34.51,-0.016809116809116897,2026-08-11,,,,,,,,
HYBB,2026-08-10,46.42,46.44,0.0004308487720809939,2026-08-11,,,,,,,,
HYBI,2026-08-10,49.12,49.15,0.000610749185667725,2026-08-11,,,,,,,,
HYBL,2026-08-10,27.97,27.96,-0.0003575259206292092,2026-08-11,,,,,,,,
HYBX,2026-08-10,29.46,29.46,0.0,2026-08-11,,,,,,,,
HYD,2026-08-10,50.45,50.45,0.0,2026-08-11,,,,,,,,
HYDB,2026-08-10,46.33,46.35,0.00043168573278662414,2026-08-11,,,,,,,,
HYDR,2026-08-10,43.47,44.09,0.014262709914883986,2026-08-11,,,,,,,,
HYDW,2026-08-10,46.51,46.67,0.003440120404214264,2026-08-11,,,,,,,,
HYEM,2026-08-10,19.97,20.02,0.0025037556334501776,2026-08-11,,,,,,,,
HYFI,2026-08-10,37.15,37.16,0.00026917900403766737,2026-08-11,,,,,,,,
HYFM,2026-08-10,1.95,1.67,-0.14358974358974363,2026-08-11,,,,,,,,
HYFT,2026-08-10,1.36,1.38,0.014705882352941124,2026-08-11,,,,,,,,
HYG,2026-08-10,79.48,79.51,0.00037745344740813813,2026-08-11,,,,,,,,
HYGH,2026-08-10,86.47,86.44,-0.00034694113565403306,2026-08-11,,,,,,,,
HYGM,2026-08-10,24.54,24.56,0.0008149959250203231,2026-08-11,,,,,,,,
HYGV,2026-08-10,40.03,40.05,0.0004996252810391955,2026-08-11,,,,,,,,
HYGW,2026-08-10,28.84,28.85,0.0003467406380028848,2026-08-11,,,,,,,,
HYHG,2026-08-10,64.68,64.69,0.00015460729746430424,2026-08-11,,,,,,,,
HYI,2026-08-10,10.5,10.51,0.0009523809523810378,2026-08-11,,,,,,,,
HYIN,2026-08-10,14.33,14.45,0.008374040474528943,2026-08-11,,,,,,,,
HYLB,2026-08-10,36.26,36.28,0.0005515719801434393,2026-08-11,,,,,,,,
HYLN,2026-08-10,3.93,3.92,-0.0025445292620865922,2026-08-11,,,,,,,,
HYLS,2026-08-10,40.67,40.69,0.0004917629702483328,2026-08-11,,,,,,,,
HYMB,2026-08-10,24.95,24.95,0.0,2026-08-11,,,,,,,,
HYMC,2026-08-10,27.29,27.53,0.008794430194210445,2026-08-11,,,,,,,,
HYNE,2026-08-10,16.21,16.26,0.0030845157310301907,2026-08-11,,,,,,,,
HYNX,2026-08-10,16.57,18.12,0.09354254677127338,2026-08-11,,,,,,,,
HYP,2026-08-10,26.1,26.08,-0.0007662835249043765,2026-08-11,,,,,,,,
HYPD,2026-08-10,2.61,2.64,0.011494252873563315,2026-08-11,,,,,,,,
HYPG,2026-08-10,19.7,19.31,-0.019796954314720838,2026-08-11,,,,,,,,
HYPR,2026-08-10,0.95,0.97,0.021052631578947434,2026-08-11,,,,,,,,
HYS,2026-08-10,92.7,92.74,0.0004314994606255951,2026-08-11,,,,,,,,
HYSA,2026-08-10,14.81,14.86,0.0033760972316001503,2026-08-11,,,,,,,,
HYSD,2026-08-10,20.03,20.03,0.0,2026-08-11,,,,,,,,
HYT,2026-08-10,8.42,8.44,0.002375296912114022,2026-08-11,,,,,,,,
HYTI,2026-08-10,18.93,18.94,0.0005282620179609676,2026-08-11,,,,,,,,
HYTR,2026-08-10,21.32,21.34,0.0009380863039398779,2026-08-11,,,,,,,,
HYUP,2026-08-10,41.54,41.4,-0.003370245546461259,2026-08-11,,,,,,,,
HYXF,2026-08-10,46.37,46.38,0.0002156566745741273,2026-08-11,,,,,,,,
HYZD,2026-08-10,22.65,22.64,-0.0004415011037526284,2026-08-11,,,,,,,,
HZO,2026-08-10,52.12,52.46,0.00652340752110514,2026-08-11,,,,,,,,
IACO,2026-08-10,9.95,9.96,0.0010050251256283893,2026-08-11,,,,,,,,
IACQ,2026-08-10,9.97,9.92,-0.005015045135406293,2026-08-11,,,,,,,,
IAE,2026-08-10,8.64,8.62,-0.0023148148148149916,2026-08-11,,,,,,,,
IAF,2026-08-10,13.25,13.33,0.006037735849056647,2026-08-11,,,,,,,,
IAG,2026-08-10,18.43,18.16,-0.014650027129679888,2026-08-11,,,,,,,,
IAGG,2026-08-10,49.9,49.91,0.00020040080160321772,2026-08-11,,,,,,,,
IAI,2026-08-10,188.23,187.98,-0.0013281623545662313,2026-08-11,,,,,,,,
IAK,2026-08-10,146.6,145.82,-0.005320600272851306,2026-08-11,,,,,,,,
IALT,2026-08-10,28.94,29.01,0.002418797512093951,2026-08-11,,,,,,,,
IAPR,2026-08-10,34.03,34.07,0.0011754334410813971,2026-08-11,,,,,,,,
IART,2026-08-10,17.07,17.37,0.017574692442882345,2026-08-11,,,,,,,,
IAT,2026-08-10,64.23,64.65,0.006539000467071565,2026-08-11,,,,,,,,
IAU,2026-08-10,82.51,82.18,-0.003999515210277527,2026-08-11,,,,,,,,
IAUG,2026-08-10,30.89,30.86,-0.0009711880867595557,2026-08-11,,,,,,,,
IAUI,2026-08-10,51.57,51.52,-0.0009695559433778866,2026-08-11,,,,,,,,
IAUM,2026-08-10,43.74,43.57,-0.0038866026520347763,2026-08-11,,,,,,,,
IAUX,2026-08-10,1.7,1.66,-0.02352941176470591,2026-08-11,,,,,,,,
IBAC,2026-08-10,10.81,10.81,0.0,2026-08-11,,,,,,,,
IBAT,2026-08-10,40.56,40.71,0.0036982248520709415,2026-08-11,,,,,,,,
IBB,2026-08-10,200.02,199.74,-0.0013998600139986106,2026-08-11,,,,,,,,
IBBQ,2026-08-10,34.1,34.05,-0.0014662756598241566,2026-08-11,,,,,,,,
IBCA,2026-08-10,25.03,25.03,0.0,2026-08-11,,,,,,,,
IBCB,2026-08-10,24.54,24.55,0.00040749796251016157,2026-08-11,,,,,,,,
IBCP,2026-08-10,37.9,38.0,0.0026385224274407815,2026-08-11,,,,,,,,
IBD,2026-08-10,23.63,23.62,-0.0004231908590773825,2026-08-11,,,,,,,,
IBDR,2026-08-10,24.18,24.18,0.0,2026-08-11,,,,,,,,
IBDS,2026-08-10,24.15,24.16,0.00041407867494824835,2026-08-11,,,,,,,,
IBDT,2026-08-10,25.16,25.16,0.0,2026-08-11,,,,,,,,
IBDU,2026-08-10,23.02,23.03,0.0004344048653346366,2026-08-11,,,,,,,,
IBDV,2026-08-10,21.58,21.59,0.0004633920296570615,2026-08-11,,,,,,,,
IBDW,2026-08-10,20.58,20.6,0.0009718172983481654,2026-08-11,,,,,,,,
IBDX,2026-08-10,24.82,24.83,0.00040290088638195165,2026-08-11,,,,,,,,
IBDY,2026-08-10,25.29,25.3,0.0003954132068011429,2026-08-11,,,,,,,,
IBDZ,2026-08-10,25.51,25.54,0.0011760094080752737,2026-08-11,,,,,,,,
IBEX,2026-08-10,37.01,36.69,-0.008646311807619544,2026-08-11,,,,,,,,
IBFR,2026-08-10,51.17,51.22,0.0009771350400624712,2026-08-11,,,,,,,,
IBG,2026-08-10,0.95,0.9,-0.05263157894736836,2026-08-11,,,,,,,,
IBGA,2026-08-10,23.43,23.46,0.001280409731114096,2026-08-11,,,,,,,,
IBGB,2026-08-10,23.36,23.4,0.001712328767123239,2026-08-11,,,,,,,,
IBGC,2026-08-10,23.94,23.96,0.0008354218880535225,2026-08-11,,,,,,,,
IBGK,2026-08-10,22.21,22.25,0.0018009905447995411,2026-08-11,,,,,,,,
IBGL,2026-08-10,22.82,22.87,0.002191060473269113,2026-08-11,,,,,,,,
IBGM,2026-08-10,23.74,23.76,0.0008424599831509116,2026-08-11,,,,,,,,
IBHF,2026-08-10,22.49,22.47,-0.0008892841262783113,2026-08-11,,,,,,,,
IBHG,2026-08-10,21.96,21.96,0.0,2026-08-11,,,,,,,,
IBHH,2026-08-10,23.36,23.36,0.0,2026-08-11,,,,,,,,
IBHI,2026-08-10,23.27,23.27,0.0,2026-08-11,,,,,,,,
IBHJ,2026-08-10,26.27,26.34,0.0026646364674534073,2026-08-11,,,,,,,,
IBHK,2026-08-10,25.48,25.47,-0.0003924646781789942,2026-08-11,,,,,,,,
IBHL,2026-08-10,25.32,25.3,-0.0007898894154818592,2026-08-11,,,,,,,,
IBHM,2026-08-10,25.19,25.23,0.0015879317189360087,2026-08-11,,,,,,,,
IBIC,2026-08-10,25.61,25.61,0.0,2026-08-11,,,,,,,,
IBID,2026-08-10,25.73,25.72,-0.0003886513797124458,2026-08-11,,,,,,,,
IBIE,2026-08-10,25.75,25.74,-0.0003883495145631244,2026-08-11,,,,,,,,
IBIF,2026-08-10,25.73,25.73,0.0,2026-08-11,,,,,,,,
IBIG,2026-08-10,25.64,25.62,-0.0007800312012480326,2026-08-11,,,,,,,,
IBIH,2026-08-10,25.62,25.62,0.0,2026-08-11,,,,,,,,
IBII,2026-08-10,25.27,25.26,-0.00039572615749894346,2026-08-11,,,,,,,,
IBIJ,2026-08-10,25.24,25.25,0.0003961965134706702,2026-08-11,,,,,,,,
IBIK,2026-08-10,25.01,25.03,0.000799680127948843,2026-08-11,,,,,,,,
IBIL,2026-08-10,24.74,24.74,0.0,2026-08-11,,,,,,,,
IBIM,2026-08-10,24.61,24.59,-0.000812677773262882,2026-08-11,,,,,,,,
IBIO,2026-08-10,1.4,1.47,0.050000000000000044,2026-08-11,,,,,,,,
IBIT,2026-08-10,36.23,35.94,-0.008004416229643874,2026-08-11,,,,,,,,
IBKR,2026-08-10,90.66,89.78,-0.009706596073240648,2026-08-11,,,,,,,,
IBLC,2026-08-10,42.41,42.87,0.010846498467342647,2026-08-11,,,,,,,,
IBM,2026-08-10,236.31,238.42,0.00892894926156318,2026-08-11,,,,,,,,
IBMO,2026-08-10,25.63,25.62,-0.0003901677721419583,2026-08-11,,,,,,,,
IBMP,2026-08-10,25.35,25.34,-0.00039447731755426485,2026-08-11,,,,,,,,
IBMQ,2026-08-10,25.5,25.5,0.0,2026-08-11,,,,,,,,
IBMR,2026-08-10,25.26,25.29,0.0011876484560569,2026-08-11,,,,,,,,
IBMS,2026-08-10,25.75,25.75,0.0,2026-08-11,,,,,,,,
IBMT,2026-08-10,25.58,25.6,0.0007818608287726292,2026-08-11,,,,,,,,
IBMU,2026-08-10,25.11,25.12,0.00039824771007568316,2026-08-11,,,,,,,,
IBMV,2026-08-10,25.01,25.0,-0.0003998400639744215,2026-08-11,,,,,,,,
IBMW,2026-08-10,25.04,24.89,-0.005990415335463184,2026-08-11,,,,,,,,
IBMX,2026-08-10,24.64,24.64,0.0,2026-08-11,,,,,,,,
IBN,2026-08-10,30.08,29.87,-0.006981382978723305,2026-08-11,,,,,,,,
IBND,2026-08-10,31.13,31.18,0.0016061676839063121,2026-08-11,,,,,,,,
IBO,2026-08-10,0.44,0.43,-0.022727272727272707,2026-08-11,,,,,,,,
IBOC,2026-08-10,72.81,72.04,-0.010575470402417242,2026-08-11,,,,,,,,
IBOT,2026-08-10,67.15,67.95,0.011913626209977712,2026-08-11,,,,,,,,
IBP,2026-08-10,235.76,249.57,0.05857651849338308,2026-08-11,,,,,,,,
IBRN,2026-08-10,39.18,39.25,0.0017866258295049509,2026-08-11,,,,,,,,
IBRX,2026-08-10,7.49,7.6,0.014686248331108098,2026-08-11,,,,,,,,
IBTA,2026-08-10,36.19,36.76,0.015750207239568992,2026-08-11,,,,,,,,
IBTG,2026-08-10,22.84,22.84,0.0,2026-08-11,,,,,,,,
IBTH,2026-08-10,22.34,22.33,-0.0004476275738586333,2026-08-11,,,,,,,,
IBTI,2026-08-10,22.07,22.08,0.000453103760761131,2026-08-11,,,,,,,,
IBTJ,2026-08-10,21.52,21.53,0.0004646840148698761,2026-08-11,,,,,,,,
IBTK,2026-08-10,19.37,19.39,0.0010325245224573898,2026-08-11,,,,,,,,
IBTL,2026-08-10,19.97,19.99,0.0010015022533800266,2026-08-11,,,,,,,,
IBTM,2026-08-10,22.4,22.41,0.0004464285714287364,2026-08-11,,,,,,,,
IBTO,2026-08-10,23.75,23.77,0.0008421052631579773,2026-08-11,,,,,,,,
IBTP,2026-08-10,24.93,24.96,0.001203369434416457,2026-08-11,,,,,,,,
IBTQ,2026-08-10,24.58,24.61,0.0012205044751831817,2026-08-11,,,,,,,,
IBTR,2026-08-10,24.37,24.41,0.0016413623307345304,2026-08-11,,,,,,,,
IBUF,2026-08-10,32.02,32.03,0.00031230480949395734,2026-08-11,,,,,,,,
IBUY,2026-08-10,74.35,73.56,-0.010625420309347544,2026-08-11,,,,,,,,
IBX,2026-08-10,18.24,18.6,0.019736842105263275,2026-08-11,,,,,,,,
ICAP,2026-08-10,29.12,29.3,0.006181318681318659,2026-08-11,,,,,,,,
ICCC,2026-08-10,10.97,10.95,-0.001823154056517895,2026-08-11,,,,,,,,
ICCM,2026-08-10,3.28,3.51,0.07012195121951215,2026-08-11,,,,,,,,
ICE,2026-08-10,150.54,151.25,0.004716354457287242,2026-08-11,,,,,,,,
ICF,2026-08-10,67.83,67.34,-0.007223942208462231,2026-08-11,,,,,,,,
ICFI,2026-08-10,91.51,90.58,-0.010162823735111015,2026-08-11,,,,,,,,
ICG,2026-08-10,0.89,0.9,0.011235955056179803,2026-08-11,,,,,,,,
ICHR,2026-08-10,64.77,67.51,0.04230353558746347,2026-08-11,,,,,,,,
ICL,2026-08-10,5.34,5.34,0.0,2026-08-11,,,,,,,,
ICLN,2026-08-10,18.08,18.2,0.006637168141592875,2026-08-11,,,,,,,,
ICLO,2026-08-10,25.62,25.62,0.0,2026-08-11,,,,,,,,
ICLR,2026-08-10,166.05,165.58,-0.0028304727491719195,2026-08-11,,,,,,,,
ICMB,2026-08-10,0.83,0.86,0.03614457831325302,2026-08-11,,,,,,,,
ICOI,2026-08-10,10.37,10.37,0.0,2026-08-11,,,,,,,,
ICON,2026-08-10,1.02,1.03,0.009803921568627416,2026-08-11,,,,,,,,
ICOP,2026-08-10,55.99,55.31,-0.012145025897481676,2026-08-11,,,,,,,,
ICOW,2026-08-10,44.86,44.83,-0.0006687472135532557,2026-08-11,,,,,,,,
ICPI,2026-08-10,50.01,49.99,-0.00039992001599675753,2026-08-11,,,,,,,,
ICPY,2026-08-10,13.1,13.13,0.0022900763358779663,2026-08-11,,,,,,,,
ICRC,2026-08-10,17.42,17.42,0.0,2026-08-11,,,,,,,,
ICSH,2026-08-10,50.47,50.48,0.00019813750743002956,2026-08-11,,,,,,,,
ICU,2026-08-10,3.69,3.69,0.0,2026-08-11,,,,,,,,
ICUI,2026-08-10,182.42,182.08,-0.0018638307203155957,2026-08-11,,,,,,,,
ICVT,2026-08-10,115.14,115.41,0.002344971339239166,2026-08-11,,,,,,,,
IDA,2026-08-10,139.69,140.15,0.003293005941728211,2026-08-11,,,,,,,,
IDAC,2026-08-10,10.0,10.0,0.0,2026-08-11,,,,,,,,
IDAI,2026-08-10,3.16,2.76,-0.12658227848101278,2026-08-11,,,,,,,,
IDAU,2026-08-10,24.99,24.79,-0.008003201280512129,2026-08-11,,,,,,,,
IDCC,2026-08-10,348.25,338.07,-0.029231873653984275,2026-08-11,,,,,,,,
IDE,2026-08-10,13.14,13.2,0.004566210045662045,2026-08-11,,,,,,,,
IDEC,2026-08-10,35.29,35.3,0.00028336639274573194,2026-08-11,,,,,,,,
IDEF,2026-08-10,35.13,34.97,-0.004554511813265161,2026-08-11,,,,,,,,
IDEQ,2026-08-10,35.61,35.55,-0.0016849199663017123,2026-08-11,,,,,,,,
IDEV,2026-08-10,92.9,92.97,0.0007534983853605404,2026-08-11,,,,,,,,
IDGT,2026-08-10,116.59,117.5,0.0078051290848271115,2026-08-11,,,,,,,,
IDHQ,2026-08-10,45.71,45.58,-0.002844016626558754,2026-08-11,,,,,,,,
IDIAU,2026-08-10,,,,2026-08-11,,,,,,,,
IDJL,2026-08-10,25.51,25.42,-0.003528028224225821,2026-08-11,,,,,,,,
IDJN,2026-08-10,25.56,25.47,-0.0035211267605633756,2026-08-11,,,,,,,,
IDLV,2026-08-10,36.09,36.04,-0.0013854253255750626,2026-08-11,,,,,,,,
IDMO,2026-08-10,62.39,62.45,0.0009616925789390773,2026-08-11,,,,,,,,
IDMY,2026-08-10,25.78,25.75,-0.001163692785104753,2026-08-11,,,,,,,,
IDN,2026-08-10,3.76,3.77,0.0026595744680850686,2026-08-11,,,,,,,,
IDNA,2026-08-10,35.26,35.2,-0.001701644923425838,2026-08-11,,,,,,,,
IDOG,2026-08-10,43.96,44.0,0.0009099181073703999,2026-08-11,,,,,,,,
IDR,2026-08-10,35.44,34.7,-0.020880361173814754,2026-08-11,,,,,,,,
IDRV,2026-08-10,37.33,37.14,-0.005089740155371003,2026-08-11,,,,,,,,
IDT,2026-08-10,64.85,65.4,0.008481110254433544,2026-08-11,,,,,,,,
IDU,2026-08-10,109.8,110.98,0.010746812386156712,2026-08-11,,,,,,,,
IDUB,2026-08-10,28.08,28.15,0.00249287749287741,2026-08-11,,,,,,,,
IDV,2026-08-10,44.39,44.36,-0.0006758278891642044,2026-08-11,,,,,,,,
IDVO,2026-08-10,43.11,42.98,-0.0030155416376711486,2026-08-11,,,,,,,,
IDVY,2026-08-10,27.15,27.17,0.0007366482504604921,2026-08-11,,,,,,,,
IDVZ,2026-08-10,34.85,34.65,-0.0057388809182210565,2026-08-11,,,,,,,,
IDX,2026-08-10,11.35,11.12,-0.02026431718061683,2026-08-11,,,,,,,,
IDXX,2026-08-10,595.76,586.64,-0.01530817778971394,2026-08-11,,,,,,,,
IDYA,2026-08-10,36.74,36.84,0.0027218290691344293,2026-08-11,,,,,,,,
IDYN,2026-08-10,30.91,30.9,-0.0003235198964737229,2026-08-11,,,,,,,,
IE,2026-08-10,11.0,11.12,0.010909090909090757,2026-08-11,,,,,,,,
IEAG,2026-08-10,10.21,10.24,0.002938295788442735,2026-08-11,,,,,,,,
IEDI,2026-08-10,57.16,57.21,0.0008747375787263589,2026-08-11,,,,,,,,
IEF,2026-08-10,92.76,92.87,0.0011858559724018392,2026-08-11,,,,,,,,
IEFA,2026-08-10,100.53,100.63,0.0009947279419078026,2026-08-11,,,,,,,,
IEI,2026-08-10,116.25,116.35,0.0008602150537633246,2026-08-11,,,,,,,,
IEMG,2026-08-10,79.56,79.89,0.004147812971342368,2026-08-11,,,,,,,,
IEO,2026-08-10,126.0,128.5,0.01984126984126977,2026-08-11,,,,,,,,
IEP,2026-08-10,7.43,7.58,0.020188425302826385,2026-08-11,,,,,,,,
IESC,2026-08-10,751.09,780.0,0.038490726810368914,2026-08-11,,,,,,,,
IETC,2026-08-10,110.04,109.71,-0.002998909487459178,2026-08-11,,,,,,,,
IETH,2026-08-10,18.61,18.61,0.0,2026-08-11,,,,,,,,
IEUR,2026-08-10,78.1,78.11,0.00012804097311147622,2026-08-11,,,,,,,,
IEUS,2026-08-10,73.24,73.2,-0.0005461496450026582,2026-08-11,,,,,,,,
IEV,2026-08-10,75.61,75.67,0.0007935458272716467,2026-08-11,,,,,,,,
IEX,2026-08-10,233.27,237.31,0.017318986582072204,2026-08-11,,,,,,,,
IEZ,2026-08-10,29.57,29.89,0.010821778829895212,2026-08-11,,,,,,,,
IFBD,2026-08-10,1.05,1.05,0.0,2026-08-11,,,,,,,,
IFEB,2026-08-10,32.09,32.1,0.00031162355874103653,2026-08-11,,,,,,,,
IFED,2026-08-10,46.8,46.8,0.0,2026-08-11,,,,,,,,
IFF,2026-08-10,85.09,85.0,-0.001057703607944549,2026-08-11,,,,,,,,
IFGL,2026-08-10,22.84,22.84,0.0,2026-08-11,,,,,,,,
IFLN,2026-08-10,18.21,18.21,0.0,2026-08-11,,,,,,,,
IFLO,2026-08-10,36.04,36.07,0.0008324084350721517,2026-08-11,,,,,,,,
IFLR,2026-08-10,54.4,54.48,0.0014705882352941124,2026-08-11,,,,,,,,
IFN,2026-08-10,11.81,11.91,0.008467400508044065,2026-08-11,,,,,,,,
IFRA,2026-08-10,60.77,61.21,0.007240414678295171,2026-08-11,,,,,,,,
IFRX,2026-08-10,1.96,2.0,0.020408163265306145,2026-08-11,,,,,,,,
IFS,2026-08-10,58.4,57.18,-0.020890410958904093,2026-08-11,,,,,,,,
IFV,2026-08-10,25.96,25.98,0.0007704160246533309,2026-08-11,,,,,,,,
IG,2026-08-10,20.17,20.19,0.0009915716410511255,2026-08-11,,,,,,,,
IGA,2026-08-10,10.29,10.28,-0.0009718172983479434,2026-08-11,,,,,,,,
IGAC,2026-08-10,10.02,10.03,0.0009980039920158834,2026-08-11,,,,,,,,
IGBH,2026-08-10,24.33,24.32,-0.0004110152075625928,2026-08-11,,,,,,,,
IGC,2026-08-10,0.27,0.28,0.03703703703703698,2026-08-11,,,,,,,,
IGCB,2026-08-10,44.9,44.84,-0.0013363028953228273,2026-08-11,,,,,,,,
IGD,2026-08-10,6.62,6.64,0.0030211480362536403,2026-08-11,,,,,,,,
IGE,2026-08-10,62.48,63.01,0.008482714468629915,2026-08-11,,,,,,,,
IGEB,2026-08-10,44.17,44.17,0.0,2026-08-11,,,,,,,,
IGF,2026-08-10,65.79,65.94,0.002279981760145766,2026-08-11,,,,,,,,
IGGY,2026-08-10,29.84,29.91,0.0023458445040214215,2026-08-11,,,,,,,,
IGHG,2026-08-10,77.88,77.84,-0.0005136106831020726,2026-08-11,,,,,,,,
IGI,2026-08-10,15.83,15.85,0.0012634238787112562,2026-08-11,,,,,,,,
IGIB,2026-08-10,52.16,52.18,0.0003834355828220559,2026-08-11,,,,,,,,
IGIC,2026-08-10,26.45,26.55,0.003780718336483968,2026-08-11,,,,,,,,
IGLB,2026-08-10,47.83,47.84,0.00020907380305268397,2026-08-11,,,,,,,,
IGLD,2026-08-10,21.73,21.76,0.0013805798435342354,2026-08-11,,,,,,,,
IGM,2026-08-10,162.88,162.17,-0.004359037328094395,2026-08-11,,,,,,,,
IGME,2026-08-10,22.82,22.82,0.0,2026-08-11,,,,,,,,
IGOV,2026-08-10,41.19,41.24,0.001213886865744307,2026-08-11,,,,,,,,
IGPT,2026-08-10,90.48,90.73,0.0027630415561450405,2026-08-11,,,,,,,,
IGR,2026-08-10,4.67,4.64,-0.0064239828693790635,2026-08-11,,,,,,,,
IGRO,2026-08-10,92.68,92.46,-0.0023737591713424155,2026-08-11,,,,,,,,
IGSB,2026-08-10,52.04,52.07,0.0005764796310530063,2026-08-11,,,,,,,,
IGV,2026-08-10,105.01,103.92,-0.010379963812970239,2026-08-11,,,,,,,,
IH,2026-08-10,1.31,1.35,0.03053435114503822,2026-08-11,,,,,,,,
IHAK,2026-08-10,66.72,66.83,0.0016486810551559206,2026-08-11,,,,,,,,
IHD,2026-08-10,7.42,7.42,0.0,2026-08-11,,,,,,,,
IHDG,2026-08-10,53.88,53.85,-0.000556792873051215,2026-08-11,,,,,,,,
IHE,2026-08-10,103.86,102.84,-0.009820912767186551,2026-08-11,,,,,,,,
IHF,2026-08-10,57.3,56.34,-0.01675392670157061,2026-08-11,,,,,,,,
IHG,2026-08-10,155.63,155.87,0.0015421191287028346,2026-08-11,,,,,,,,
IHI,2026-08-10,55.45,55.98,0.009558160504959279,2026-08-11,,,,,,,,
IHRT,2026-08-10,3.71,2.93,-0.21024258760107817,2026-08-11,,,,,,,,
IHS,2026-08-10,8.3,8.31,0.00120481927710836,2026-08-11,,,,,,,,
IHT,2026-08-10,1.58,1.56,-0.012658227848101222,2026-08-11,,,,,,,,
IHY,2026-08-10,21.63,21.63,0.0,2026-08-11,,,,,,,,
IIF,2026-08-10,23.32,23.41,0.0038593481989708245,2026-08-11,,,,,,,,
IIGD,2026-08-10,24.34,24.35,0.00041084634346755244,2026-08-11,,,,,,,,
III,2026-08-10,5.18,5.16,-0.0038610038610037423,2026-08-11,,,,,,,,
IIIN,2026-08-10,32.34,32.71,0.011440940012368506,2026-08-11,,,,,,,,
IIIV,2026-08-10,16.8,16.95,0.008928571428571397,2026-08-11,,,,,,,,
IIM,2026-08-10,12.64,12.64,0.0,2026-08-11,,,,,,,,
IINC,2026-08-10,26.09,26.13,0.0015331544653123252,2026-08-11,,,,,,,,
IIPR,2026-08-10,57.4,57.68,0.004878048780487809,2026-08-11,,,,,,,,
IJAN,2026-08-10,38.95,38.92,-0.0007702182284980985,2026-08-11,,,,,,,,
IJH,2026-08-10,77.54,77.77,0.0029662109878771936,2026-08-11,,,,,,,,
IJJ,2026-08-10,149.85,150.33,0.00320320320320322,2026-08-11,,,,,,,,
IJK,2026-08-10,117.06,117.37,0.0026482145908082177,2026-08-11,,,,,,,,
IJR,2026-08-10,148.06,148.41,0.002363906524381898,2026-08-11,,,,,,,,
IJS,2026-08-10,138.15,138.57,0.0030401737242127247,2026-08-11,,,,,,,,
IJT,2026-08-10,176.02,176.42,0.0022724690376092482,2026-08-11,,,,,,,,
IJUL,2026-08-10,36.9,36.9,0.0,2026-08-11,,,,,,,,
IJUN,2026-08-10,31.95,31.95,0.0,2026-08-11,,,,,,,,
IKT,2026-08-10,2.46,2.45,-0.004065040650406471,2026-08-11,,,,,,,,
ILAG,2026-08-10,3.38,3.18,-0.059171597633136064,2026-08-11,,,,,,,,
ILCB,2026-08-10,107.18,106.85,-0.003078932636686016,2026-08-11,,,,,,,,
ILCG,2026-08-10,117.1,116.76,-0.0029035012809564,2026-08-11,,,,,,,,
ILCV,2026-08-10,108.11,107.78,-0.0030524465821848423,2026-08-11,,,,,,,,
ILDR,2026-08-10,39.25,39.17,-0.0020382165605095093,2026-08-11,,,,,,,,
ILF,2026-08-10,34.52,33.75,-0.02230590961761303,2026-08-11,,,,,,,,
ILIT,2026-08-10,15.23,15.01,-0.014445173998686833,2026-08-11,,,,,,,,
ILLR,2026-08-10,1.13,1.17,0.03539823008849563,2026-08-11,,,,,,,,
ILLU,2026-08-10,9.97,9.97,0.0,2026-08-11,,,,,,,,
ILMN,2026-08-10,191.79,192.84,0.005474737994681789,2026-08-11,,,,,,,,
ILOW,2026-08-10,47.3,47.29,-0.0002114164904861715,2026-08-11,,,,,,,,
ILPT,2026-08-10,8.74,8.85,0.012585812356979309,2026-08-11,,,,,,,,
ILS,2026-08-10,19.98,20.0,0.0010010010010010895,2026-08-11,,,,,,,,
ILTB,2026-08-10,47.1,47.17,0.0014861995753716606,2026-08-11,,,,,,,,
IMA,2026-08-10,5.72,5.61,-0.019230769230769162,2026-08-11,,,,,,,,
IMAR,2026-08-10,31.2,31.22,0.0006410256410256387,2026-08-11,,,,,,,,
IMAX,2026-08-10,51.21,50.59,-0.012107010349541092,2026-08-11,,,,,,,,
IMAY,2026-08-10,32.49,32.54,0.0015389350569405824,2026-08-11,,,,,,,,
IMC,2026-08-10,7.84,8.0,0.020408163265306145,2026-08-11,,,,,,,,
IMCB,2026-08-10,99.78,100.02,0.0024052916416115178,2026-08-11,,,,,,,,
IMCC,2026-08-10,0.13,0.13,0.0,2026-08-11,,,,,,,,
IMCG,2026-08-10,98.94,99.28,0.0034364261168384758,2026-08-11,,,,,,,,
IMCR,2026-08-10,33.98,34.18,0.00588581518540332,2026-08-11,,,,,,,,
IMCV,2026-08-10,96.97,97.28,0.0031968650097968787,2026-08-11,,,,,,,,
IMDX,2026-08-10,4.77,4.43,-0.07127882599580715,2026-08-11,,,,,,,,
IMF,2026-08-10,52.59,52.59,0.0,2026-08-11,,,,,,,,
IMFL,2026-08-10,34.52,34.64,0.0034762456546928444,2026-08-11,,,,,,,,
IMKTA,2026-08-10,85.51,86.71,0.014033446380540049,2026-08-11,,,,,,,,
IMMP,2026-08-10,0.38,0.39,0.026315789473684292,2026-08-11,,,,,,,,
IMMR,2026-08-10,7.74,7.48,-0.03359173126614989,2026-08-11,,,,,,,,
IMMX,2026-08-10,10.13,11.49,0.13425468904244808,2026-08-11,,,,,,,,
IMNM,2026-08-10,25.69,26.25,0.02179836512261568,2026-08-11,,,,,,,,
IMNN,2026-08-10,1.63,1.61,-0.012269938650306678,2026-08-11,,,,,,,,
IMO,2026-08-10,128.79,129.56,0.005978725056293266,2026-08-11,,,,,,,,
IMOM,2026-08-10,41.35,41.37,0.00048367593712206336,2026-08-11,,,,,,,,
IMOS,2026-08-10,53.05,59.28,0.11743638077285579,2026-08-11,,,,,,,,
IMPP,2026-08-10,4.65,4.53,-0.02580645161290329,2026-08-11,,,,,,,,
IMRA,2026-08-10,14.59,14.59,0.0,2026-08-11,,,,,,,,
IMRN,2026-08-10,1.1,1.1,0.0,2026-08-11,,,,,,,,
IMRX,2026-08-10,4.53,4.8,0.05960264900662238,2026-08-11,,,,,,,,
IMSR,2026-08-10,5.45,5.67,0.04036697247706411,2026-08-11,,,,,,,,
IMST,2026-08-10,7.23,7.23,0.0,2026-08-11,,,,,,,,
IMTB,2026-08-10,42.9,42.98,0.0018648018648017572,2026-08-11,,,,,,,,
IMTE,2026-08-10,0.47,0.47,0.0,2026-08-11,,,,,,,,
IMTG,2026-08-10,48.42,48.48,0.0012391573729861882,2026-08-11,,,,,,,,
IMTM,2026-08-10,53.47,53.64,0.00317935290817295,2026-08-11,,,,,,,,
IMTX,2026-08-10,9.72,9.75,0.0030864197530864335,2026-08-11,,,,,,,,
IMUX,2026-08-10,14.1,15.48,0.09787234042553195,2026-08-11,,,,,,,,
IMVP,2026-08-10,20.37,20.38,0.0004909180166912108,2026-08-11,,,,,,,,
IMVT,2026-08-10,39.89,40.93,0.026071697167209695,2026-08-11,,,,,,,,
IMXI,2026-08-10,11.82,11.63,-0.016074450084602288,2026-08-11,,,,,,,,
INAB,2026-08-10,0.98,1.05,0.0714285714285714,2026-08-11,,,,,,,,
INAC,2026-08-10,10.31,10.3,-0.0009699321047526022,2026-08-11,,,,,,,,
INBK,2026-08-10,29.32,29.28,-0.0013642564802182067,2026-08-11,,,,,,,,
INBS,2026-08-10,1.96,2.05,0.04591836734693877,2026-08-11,,,,,,,,
INBX,2026-08-10,93.11,92.38,-0.0078401890237354,2026-08-11,,,,,,,,
INCE,2026-08-10,69.23,69.27,0.0005777841976020159,2026-08-11,,,,,,,,
INCM,2026-08-10,29.47,29.5,0.001017984390905946,2026-08-11,,,,,,,,
INCO,2026-08-10,62.6,62.6,0.0,2026-08-11,,,,,,,,
INCR,2026-08-10,0.96,0.96,0.0,2026-08-11,,,,,,,,
INCY,2026-08-10,121.55,121.07,-0.0039489921842863485,2026-08-11,,,,,,,,
IND,2026-08-10,23.33,23.3,-0.001285897985426332,2026-08-11,,,,,,,,
INDA,2026-08-10,50.14,50.09,-0.0009972078181091915,2026-08-11,,,,,,,,
INDB,2026-08-10,83.82,84.8,0.011691720353137702,2026-08-11,,,,,,,,
INDE,2026-08-10,30.05,29.96,-0.002995008319467529,2026-08-11,,,,,,,,
INDH,2026-08-10,39.58,39.59,0.00025265285497733103,2026-08-11,,,,,,,,
INDI,2026-08-10,3.72,3.81,0.024193548387096753,2026-08-11,,,,,,,,
INDL,2026-08-10,46.15,46.02,-0.0028169014084505895,2026-08-11,,,,,,,,
INDO,2026-08-10,2.92,2.96,0.013698630136986356,2026-08-11,,,,,,,,
INDP,2026-08-10,1.19,1.19,0.0,2026-08-11,,,,,,,,
INDQ,2026-08-10,26.84,26.94,0.0037257824143070994,2026-08-11,,,,,,,,
INDS,2026-08-10,41.16,41.13,-0.0007288629737607355,2026-08-11,,,,,,,,
INDV,2026-08-10,38.47,38.43,-0.00103977125032495,2026-08-11,,,,,,,,
INDY,2026-08-10,43.97,43.97,0.0,2026-08-11,,,,,,,,
INDZ,2026-08-10,25.61,25.62,0.0003904724716907726,2026-08-11,,,,,,,,
INEO,2026-08-10,0.62,0.62,0.0,2026-08-11,,,,,,,,
INEQ,2026-08-10,41.65,41.64,-0.00024009603841534943,2026-08-11,,,,,,,,
INFH,2026-08-10,7.23,7.31,0.011065006915629283,2026-08-11,,,,,,,,
INFL,2026-08-10,52.7,53.16,0.008728652751422983,2026-08-11,,,,,,,,
INFO,2026-08-10,28.41,28.31,-0.0035198873636044237,2026-08-11,,,,,,,,
INFQ,2026-08-10,11.69,11.82,0.011120615911035081,2026-08-11,,,,,,,,
INFU,2026-08-10,12.12,12.46,0.028052805280528226,2026-08-11,,,,,,,,
INFY,2026-08-10,12.56,12.6,0.0031847133757960666,2026-08-11,,,,,,,,
ING,2026-08-10,35.24,35.35,0.0031214528944381037,2026-08-11,,,,,,,,
INGM,2026-08-10,27.73,27.63,-0.0036062026685900195,2026-08-11,,,,,,,,
INGN,2026-08-10,6.02,5.9,-0.019933554817275656,2026-08-11,,,,,,,,
INGR,2026-08-10,103.48,104.67,0.011499806725937312,2026-08-11,,,,,,,,
INHD,2026-08-10,6.63,6.47,-0.02413273001508298,2026-08-11,,,,,,,,
INIO,2026-08-10,27.13,27.45,0.01179506081828241,2026-08-11,,,,,,,,
INKM,2026-08-10,34.63,34.64,0.00028876696505908406,2026-08-11,,,,,,,,
INKT,2026-08-10,10.95,11.23,0.025570776255707806,2026-08-11,,,,,,,,
INLF,2026-08-10,5.6,4.92,-0.12142857142857133,2026-08-11,,,,,,,,
INLX,2026-08-10,5.38,5.75,0.06877323420074344,2026-08-11,,,,,,,,
INM,2026-08-10,1.41,1.46,0.03546099290780136,2026-08-11,,,,,,,,
INMB,2026-08-10,2.12,2.08,-0.018867924528301883,2026-08-11,,,,,,,,
INMD,2026-08-10,15.19,15.14,-0.003291639236339572,2026-08-11,,,,,,,,
INMU,2026-08-10,23.88,23.89,0.00041876046901179187,2026-08-11,,,,,,,,
INN,2026-08-10,6.21,6.04,-0.027375201288244777,2026-08-11,,,,,,,,
INNV,2026-08-10,10.9,10.23,-0.06146788990825691,2026-08-11,,,,,,,,
INO,2026-08-10,0.74,0.77,0.04054054054054057,2026-08-11,,,,,,,,
INOD,2026-08-10,62.22,62.71,0.007875281260045108,2026-08-11,,,,,,,,
INOV,2026-08-10,37.89,37.89,0.0,2026-08-11,,,,,,,,
INQQ,2026-08-10,13.65,13.81,0.01172161172161168,2026-08-11,,,,,,,,
INR,2026-08-10,13.95,14.02,0.00501792114695343,2026-08-11,,,,,,,,
INRO,2026-08-10,37.09,37.0,-0.002426530062011434,2026-08-11,,,,,,,,
INSE,2026-08-10,6.11,6.23,0.019639934533551617,2026-08-11,,,,,,,,
INSG,2026-08-10,5.34,5.17,-0.03183520599250933,2026-08-11,,,,,,,,
INSM,2026-08-10,134.75,132.57,-0.016178107606679037,2026-08-11,,,,,,,,
INSP,2026-08-10,59.72,59.13,-0.00987943737441388,2026-08-11,,,,,,,,
INSW,2026-08-10,90.4,89.06,-0.014823008849557562,2026-08-11,,,,,,,,
INT,2026-08-10,17.47,17.61,0.00801373783629078,2026-08-11,,,,,,,,
INTA,2026-08-10,38.74,39.91,0.030201342281878985,2026-08-11,,,,,,,,
INTC,2026-08-10,97.52,97.71,0.0019483182936832488,2026-08-11,,,,,,,,
INTF,2026-08-10,42.91,42.94,0.0006991377301328594,2026-08-11,,,,,,,,
INTG,2026-08-10,32.02,33.41,0.04341036851967495,2026-08-11,,,,,,,,
INTJ,2026-08-10,3.23,3.37,0.04334365325077405,2026-08-11,,,,,,,,
INTL,2026-08-10,31.02,31.07,0.001611863313990991,2026-08-11,,,,,,,,
INTM,2026-08-10,51.46,51.64,0.003497862417411568,2026-08-11,,,,,,,,
INTR,2026-08-10,5.35,5.2,-0.028037383177569986,2026-08-11,,,,,,,,
INTS,2026-08-10,4.29,4.2,-0.020979020979020935,2026-08-11,,,,,,,,
INTT,2026-08-10,13.21,13.36,0.011355034065102076,2026-08-11,,,,,,,,
INTU,2026-08-10,334.43,336.44,0.006010226355291026,2026-08-11,,,,,,,,
INTW,2026-08-10,22.31,22.36,0.0022411474675034793,2026-08-11,,,,,,,,
INTZ,2026-08-10,0.76,0.82,0.07894736842105265,2026-08-11,,,,,,,,
INUV,2026-08-10,1.02,1.03,0.009803921568627416,2026-08-11,,,,,,,,
INV,2026-08-10,3.37,3.36,-0.0029673590504452063,2026-08-11,,,,,,,,
INVA,2026-08-10,20.68,20.75,0.0033849129593810368,2026-08-11,,,,,,,,
INVE,2026-08-10,2.55,2.58,0.011764705882353121,2026-08-11,,,,,,,,
INVG,2026-08-10,24.95,24.95,0.0,2026-08-11,,,,,,,,
INVH,2026-08-10,29.89,29.79,-0.0033456005352960894,2026-08-11,,,,,,,,
INVN,2026-08-10,25.76,25.7,-0.0023291925465839247,2026-08-11,,,,,,,,
INVX,2026-08-10,29.17,30.14,0.03325334247514555,2026-08-11,,,,,,,,
INVZ,2026-08-10,0.39,0.4,0.025641025641025772,2026-08-11,,,,,,,,
INYY,2026-08-10,39.98,40.01,0.0007503751875939102,2026-08-11,,,,,,,,
IOCT,2026-08-10,37.87,37.94,0.001848428835489857,2026-08-11,,,,,,,,
ION,2026-08-10,52.64,51.72,-0.01747720364741645,2026-08-11,,,,,,,,
IONC,2026-08-10,14.13,14.86,0.051663128096248956,2026-08-11,,,,,,,,
IOND,2026-08-10,59.4,59.1,-0.005050505050504972,2026-08-11,,,,,,,,
IONL,2026-08-10,15.52,16.2,0.04381443298969079,2026-08-11,,,,,,,,
IONQ,2026-08-10,42.53,43.44,0.021396661180343113,2026-08-11,,,,,,,,
IONR,2026-08-10,3.49,3.39,-0.028653295128939882,2026-08-11,,,,,,,,
IONS,2026-08-10,56.94,55.42,-0.026694766420793714,2026-08-11,,,,,,,,
IONX,2026-08-10,28.64,29.79,0.040153631284916225,2026-08-11,,,,,,,,
IONZ,2026-08-10,2.85,2.72,-0.04561403508771922,2026-08-11,,,,,,,,
IOO,2026-08-10,145.84,144.88,-0.006582556226001124,2026-08-11,,,,,,,,
IOPP,2026-08-10,26.97,27.04,0.0025954764553206555,2026-08-11,,,,,,,,
IOR,2026-08-10,20.75,20.75,0.0,2026-08-11,,,,,,,,
IOSP,2026-08-10,92.89,93.97,0.011626655183550438,2026-08-11,,,,,,,,
IOSX,2026-08-10,29.15,28.58,-0.019554030874785577,2026-08-11,,,,,,,,
IOT,2026-08-10,39.86,40.32,0.011540391369794234,2026-08-11,,,,,,,,
IOTR,2026-08-10,2.71,3.02,0.11439114391143912,2026-08-11,,,,,,,,
IOVA,2026-08-10,6.4,6.49,0.014062499999999867,2026-08-11,,,,,,,,
IOYY,2026-08-10,6.72,6.74,0.0029761904761904656,2026-08-11,,,,,,,,
IP,2026-08-10,41.34,41.8,0.011127237542331692,2026-08-11,,,,,,,,
IPAC,2026-08-10,85.47,85.64,0.0019890019890020927,2026-08-11,,,,,,,,
IPAR,2026-08-10,119.49,120.04,0.00460289563980254,2026-08-11,,,,,,,,
IPAV,2026-08-10,32.53,32.46,-0.0021518598217030727,2026-08-11,,,,,,,,
IPAY,2026-08-10,50.48,50.52,0.0007923930269415624,2026-08-11,,,,,,,,
IPCX,2026-08-10,4.23,5.44,0.28605200945626463,2026-08-11,,,,,,,,
IPDN,2026-08-10,0.39,0.4,0.025641025641025772,2026-08-11,,,,,,,,
IPEX,2026-08-10,10.57,10.53,-0.0037842951750237663,2026-08-11,,,,,,,,
IPFX,2026-08-10,10.11,10.11,0.0,2026-08-11,,,,,,,,
IPGP,2026-08-10,84.89,85.8,0.010719754977029039,2026-08-11,,,,,,,,
IPHA,2026-08-10,2.22,2.15,-0.031531531531531654,2026-08-11,,,,,,,,
IPI,2026-08-10,37.75,36.88,-0.02304635761589402,2026-08-11,,,,,,,,
IPKW,2026-08-10,61.7,61.6,-0.0016207455429497752,2026-08-11,,,,,,,,
IPM,2026-08-10,1.93,1.92,-0.005181347150259086,2026-08-11,,,,,,,,
IPO,2026-08-10,55.13,54.97,-0.002902231090150642,2026-08-11,,,,,,,,
IPOS,2026-08-10,23.41,23.15,-0.011106364801366952,2026-08-11,,,,,,,,
IPSC,2026-08-10,1.98,2.06,0.04040404040404044,2026-08-11,,,,,,,,
IPST,2026-08-10,1.91,2.01,0.05235602094240832,2026-08-11,,,,,,,,
IPVV,2026-08-10,9.8,9.82,0.0020408163265306367,2026-08-11,,,,,,,,
IPW,2026-08-10,3.64,3.81,0.04670329670329676,2026-08-11,,,,,,,,
IPWR,2026-08-10,4.33,4.2,-0.03002309468822173,2026-08-11,,,,,,,,
IPX,2026-08-10,25.66,25.25,-0.015978176149649248,2026-08-11,,,,,,,,
IQ,2026-08-10,1.36,1.35,-0.007352941176470562,2026-08-11,,,,,,,,
IQDF,2026-08-10,35.39,35.46,0.001977959875671065,2026-08-11,,,,,,,,
IQDG,2026-08-10,44.73,44.71,-0.00044712720769046754,2026-08-11,,,,,,,,
IQDY,2026-08-10,43.27,43.28,0.00023110700254203032,2026-08-11,,,,,,,,
IQHI,2026-08-10,25.78,25.81,0.001163692785104642,2026-08-11,,,,,,,,
IQI,2026-08-10,10.07,10.09,0.0019860973187686426,2026-08-11,,,,,,,,
IQLT,2026-08-10,51.62,51.62,0.0,2026-08-11,,,,,,,,
IQM,2026-08-10,106.3,107.35,0.009877704609595472,2026-08-11,,,,,,,,
IQMM,2026-08-10,100.12,100.07,-0.0004994007191371219,2026-08-11,,,,,,,,
IQMX,2026-08-10,9.46,9.16,-0.031712473572938715,2026-08-11,,,,,,,,
IQQ,2026-08-10,24.38,24.31,-0.0028712059064807116,2026-08-11,,,,,,,,
IQQQ,2026-08-10,48.6,48.43,-0.003497942386831321,2026-08-11,,,,,,,,
IQRA,2026-08-10,30.29,30.22,-0.0023109937273027015,2026-08-11,,,,,,,,
IQSI,2026-08-10,39.27,39.3,0.0007639419404124048,2026-08-11,,,,,,,,
IQSM,2026-08-10,40.47,40.55,0.0019767729182109672,2026-08-11,,,,,,,,
IQST,2026-08-10,1.17,1.18,0.008547008547008517,2026-08-11,,,,,,,,
IQSU,2026-08-10,62.84,62.61,-0.0036600891152133164,2026-08-11,,,,,,,,
IQSZ,2026-08-10,32.48,32.44,-0.0012315270935960854,2026-08-11,,,,,,,,
IQV,2026-08-10,241.99,243.84,0.007644944005950727,2026-08-11,,,,,,,,
IR,2026-08-10,86.63,85.02,-0.018584785870945364,2026-08-11,,,,,,,,
IRAB,2026-08-10,9.93,9.93,0.0,2026-08-11,,,,,,,,
IRD,2026-08-10,3.66,3.88,0.060109289617486183,2026-08-11,,,,,,,,
IRDM,2026-08-10,49.32,49.38,0.0012165450121655041,2026-08-11,,,,,,,,
IRE,2026-08-10,9.37,9.82,0.04802561366061919,2026-08-11,,,,,,,,
IREC,2026-08-10,20.66,21.6,0.045498547918683574,2026-08-11,,,,,,,,
IREG,2026-08-10,7.53,7.93,0.05312084993359889,2026-08-11,,,,,,,,
IREN,2026-08-10,38.74,39.75,0.026071244192049425,2026-08-11,,,,,,,,
IREX,2026-08-10,13.35,14.0,0.048689138576779145,2026-08-11,,,,,,,,
IREZ,2026-08-10,13.79,13.07,-0.052211747643219675,2026-08-11,,,,,,,,
IRHO,2026-08-10,10.02,10.02,0.0,2026-08-11,,,,,,,,
IRIX,2026-08-10,0.84,0.89,0.059523809523809534,2026-08-11,,,,,,,,
IRM,2026-08-10,121.56,122.39,0.006827903915761713,2026-08-11,,,,,,,,
IRMD,2026-08-10,90.27,88.94,-0.014733577046637802,2026-08-11,,,,,,,,
IROC,2026-08-10,50.63,50.67,0.0007900454276119628,2026-08-11,,,,,,,,
IRON,2026-08-10,78.28,81.21,0.0374297393970362,2026-08-11,,,,,,,,
IRS,2026-08-10,14.85,14.54,-0.020875420875420936,2026-08-11,,,,,,,,
IRT,2026-08-10,16.73,16.65,-0.004781829049611552,2026-08-11,,,,,,,,
IRTC,2026-08-10,124.78,121.87,-0.023321045039269128,2026-08-11,,,,,,,,
IRTR,2026-08-10,32.02,32.02,0.0,2026-08-11,,,,,,,,
IRVH,2026-08-10,19.08,19.09,0.0005241090146750338,2026-08-11,,,,,,,,
IRWD,2026-08-10,4.05,4.3,0.06172839506172845,2026-08-11,,,,,,,,
ISBA,2026-08-10,40.29,40.89,0.014892032762472196,2026-08-11,,,,,,,,
ISBG,2026-08-10,12.41,12.19,-0.017727639000805873,2026-08-11,,,,,,,,
ISCB,2026-08-10,76.43,76.63,0.002616773518251847,2026-08-11,,,,,,,,
ISCF,2026-08-10,45.48,45.55,0.0015391380826736967,2026-08-11,,,,,,,,
ISCG,2026-08-10,65.23,65.45,0.003372681281618828,2026-08-11,,,,,,,,
ISCV,2026-08-10,80.92,81.03,0.001359367276322354,2026-08-11,,,,,,,,
ISD,2026-08-10,12.58,12.54,-0.0031796502384738856,2026-08-11,,,,,,,,
ISEP,2026-08-10,35.39,35.44,0.0014128284826220305,2026-08-11,,,,,,,,
ISHG,2026-08-10,75.39,75.44,0.0006632179334129518,2026-08-11,,,,,,,,
ISHP,2026-08-10,37.06,36.91,-0.004047490555855515,2026-08-11,,,,,,,,
ISMD,2026-08-10,49.92,50.15,0.004607371794871806,2026-08-11,,,,,,,,
ISMF,2026-08-10,28.19,28.31,0.004256828662646317,2026-08-11,,,,,,,,
ISNR,2026-08-10,9.82,9.9,0.008146639511201537,2026-08-11,,,,,,,,
ISOU,2026-08-10,10.79,10.96,0.0157553290083412,2026-08-11,,,,,,,,
ISPC,2026-08-10,2.24,2.28,0.01785714285714257,2026-08-11,,,,,,,,
ISPR,2026-08-10,1.68,1.74,0.03571428571428581,2026-08-11,,,,,,,,
ISPY,2026-08-10,48.87,48.69,-0.0036832412523020164,2026-08-11,,,,,,,,
ISRA,2026-08-10,66.77,66.77,0.0,2026-08-11,,,,,,,,
ISRG,2026-08-10,393.38,401.23,0.01995525954547772,2026-08-11,,,,,,,,
ISSB,2026-08-10,17.37,17.1,-0.015544041450777146,2026-08-11,,,,,,,,
ISSC,2026-08-10,19.75,20.0,0.012658227848101333,2026-08-11,,,,,,,,
ISTB,2026-08-10,47.96,47.97,0.0002085070892410279,2026-08-11,,,,,,,,
ISTM,2026-08-10,30.93,30.95,0.0006466214031684014,2026-08-11,,,,,,,,
ISTR,2026-08-10,29.83,30.28,0.015085484411666128,2026-08-11,,,,,,,,
ISUL,2026-08-10,15.63,16.27,0.04094689699296228,2026-08-11,,,,,,,,
ISVL,2026-08-10,53.45,53.35,-0.00187090739008422,2026-08-11,,,,,,,,
ISWN,2026-08-10,22.6,22.61,0.00044247787610607325,2026-08-11,,,,,,,,
IT,2026-08-10,193.17,187.27,-0.030543044986281354,2026-08-11,,,,,,,,
ITA,2026-08-10,251.13,251.9,0.0030661410424879243,2026-08-11,,,,,,,,
ITAN,2026-08-10,44.64,44.5,-0.0031362007168458383,2026-08-11,,,,,,,,
ITB,2026-08-10,98.39,100.5,0.021445268828133024,2026-08-11,,,,,,,,
ITDB,2026-08-10,35.37,35.35,-0.0005654509471302305,2026-08-11,,,,,,,,
ITDC,2026-08-10,37.18,37.13,-0.0013448090371166455,2026-08-11,,,,,,,,
ITDD,2026-08-10,39.13,39.08,-0.0012777919754665135,2026-08-11,,,,,,,,
ITDE,2026-08-10,40.8,40.76,-0.0009803921568627416,2026-08-11,,,,,,,,
ITDF,2026-08-10,42.38,42.33,-0.0011798017932987959,2026-08-11,,,,,,,,
ITDG,2026-08-10,43.2,43.14,-0.001388888888888995,2026-08-11,,,,,,,,
ITDH,2026-08-10,43.22,43.18,-0.0009254974548820183,2026-08-11,,,,,,,,
ITDI,2026-08-10,43.2,43.18,-0.0004629629629629983,2026-08-11,,,,,,,,
ITDJ,2026-08-10,33.59,33.55,-0.001190830604346771,2026-08-11,,,,,,,,
ITEQ,2026-08-10,65.85,65.16,-0.010478359908883794,2026-08-11,,,,,,,,
ITG,2026-08-10,13.15,12.37,-0.05931558935361225,2026-08-11,,,,,,,,
ITGR,2026-08-10,125.08,125.04,-0.0003197953309881374,2026-08-11,,,,,,,,
ITHA,2026-08-10,10.03,10.04,0.0009970089730806375,2026-08-11,,,,,,,,
ITIC,2026-08-10,285.83,283.36,-0.008641500192421936,2026-08-11,,,,,,,,
ITM,2026-08-10,46.12,46.18,0.001300954032957602,2026-08-11,,,,,,,,
ITOC,2026-08-10,0.29,0.29,0.0,2026-08-11,,,,,,,,
ITOT,2026-08-10,169.47,169.02,-0.0026553372278278475,2026-08-11,,,,,,,,
ITP,2026-08-10,0.18,0.19,0.05555555555555558,2026-08-11,,,,,,,,
ITRG,2026-08-10,2.64,2.6,-0.015151515151515138,2026-08-11,,,,,,,,
ITRI,2026-08-10,102.63,103.33,0.006820617753093616,2026-08-11,,,,,,,,
ITRN,2026-08-10,51.81,52.66,0.016406099208646774,2026-08-11,,,,,,,,
ITT,2026-08-10,211.92,216.89,0.02345224613061525,2026-08-11,,,,,,,,
ITUB,2026-08-10,7.88,7.5,-0.048223350253807085,2026-08-11,,,,,,,,
ITW,2026-08-10,294.52,293.15,-0.00465163656118428,2026-08-11,,,,,,,,
ITWO,2026-08-10,46.42,46.53,0.0023696682464455776,2026-08-11,,,,,,,,
IUS,2026-08-10,69.8,69.7,-0.0014326647564468775,2026-08-11,,,,,,,,
IUSB,2026-08-10,45.38,45.42,0.0008814455707359947,2026-08-11,,,,,,,,
IUSG,2026-08-10,193.74,192.63,-0.005729327965314446,2026-08-11,,,,,,,,
IUSV,2026-08-10,114.5,114.56,0.0005240174672489495,2026-08-11,,,,,,,,
IVA,2026-08-10,4.75,4.72,-0.006315789473684275,2026-08-11,,,,,,,,
IVAL,2026-08-10,36.58,36.57,-0.0002733734281027411,2026-08-11,,,,,,,,
IVDA,2026-08-10,0.3,0.3,0.0,2026-08-11,,,,,,,,
IVE,2026-08-10,236.33,236.37,0.00016925485549856845,2026-08-11,,,,,,,,
IVEP,2026-08-10,26.66,26.97,0.011627906976744207,2026-08-11,,,,,,,,
IVES,2026-08-10,38.93,38.95,0.0005137426149499635,2026-08-11,,,,,,,,
IVF,2026-08-10,1.04,1.03,-0.009615384615384581,2026-08-11,,,,,,,,
IVLU,2026-08-10,44.07,44.1,0.000680735194009463,2026-08-11,,,,,,,,
IVOG,2026-08-10,145.85,146.18,0.0022625985601645304,2026-08-11,,,,,,,,
IVOL,2026-08-10,17.42,17.44,0.0011481056257174327,2026-08-11,,,,,,,,
IVOO,2026-08-10,131.25,131.59,0.002590476190476254,2026-08-11,,,,,,,,
IVOV,2026-08-10,115.77,116.22,0.003887017362010914,2026-08-11,,,,,,,,
IVR,2026-08-10,7.39,7.45,0.008119079837618504,2026-08-11,,,,,,,,
IVRS,2026-08-10,32.67,32.69,0.0006121824303642054,2026-08-11,,,,,,,,
IVSI,2026-08-10,30.11,30.08,-0.0009963467286615568,2026-08-11,,,,,,,,
IVSS,2026-08-10,30.61,30.59,-0.000653381247958218,2026-08-11,,,,,,,,
IVSX,2026-08-10,25.64,25.68,0.0015600624024960652,2026-08-11,,,,,,,,
IVT,2026-08-10,32.85,32.77,-0.002435312024353098,2026-08-11,,,,,,,,
IVV,2026-08-10,776.74,774.23,-0.0032314545407730044,2026-08-11,,,,,,,,
IVVB,2026-08-10,35.5,35.44,-0.0016901408450704647,2026-08-11,,,,,,,,
IVVD,2026-08-10,0.67,0.69,0.02985074626865658,2026-08-11,,,,,,,,
IVVM,2026-08-10,37.83,37.79,-0.0010573618821041464,2026-08-11,,,,,,,,
IVVW,2026-08-10,45.14,45.2,0.0013291980505096834,2026-08-11,,,,,,,,
IVW,2026-08-10,141.75,140.86,-0.0062786596119928095,2026-08-11,,,,,,,,
IVZ,2026-08-10,31.74,31.36,-0.011972274732199084,2026-08-11,,,,,,,,
IWB,2026-08-10,423.31,422.02,-0.0030474120620822553,2026-08-11,,,,,,,,
IWC,2026-08-10,197.19,197.94,0.0038034383082306,2026-08-11,,,,,,,,
IWD,2026-08-10,258.31,257.92,-0.0015098137896325525,2026-08-11,,,,,,,,
IWDL,2026-08-10,69.98,69.87,-0.0015718776793369749,2026-08-11,,,,,,,,
IWF,2026-08-10,124.17,123.6,-0.004590480792462048,2026-08-11,,,,,,,,
IWFG,2026-08-10,55.11,55.01,-0.0018145527127563232,2026-08-11,,,,,,,,
IWFL,2026-08-10,60.37,59.85,-0.00861354977637896,2026-08-11,,,,,,,,
IWL,2026-08-10,191.57,190.72,-0.004437020410293813,2026-08-11,,,,,,,,
IWLG,2026-08-10,56.89,56.8,-0.0015820003515556458,2026-08-11,,,,,,,,
IWM,2026-08-10,299.98,300.99,0.0033668911260751333,2026-08-11,,,,,,,,
IWMI,2026-08-10,53.01,53.12,0.0020750801735520685,2026-08-11,,,,,,,,
IWML,2026-08-10,33.27,33.52,0.007514277126540403,2026-08-11,,,,,,,,
IWMW,2026-08-10,39.88,39.95,0.0017552657973922692,2026-08-11,,,,,,,,
IWMY,2026-08-10,19.2,19.25,0.0026041666666667407,2026-08-11,,,,,,,,
IWN,2026-08-10,224.29,224.97,0.003031789201480173,2026-08-11,,,,,,,,
IWO,2026-08-10,388.02,389.23,0.003118395958971343,2026-08-11,,,,,,,,
IWP,2026-08-10,144.2,144.86,0.004576976421636791,2026-08-11,,,,,,,,
IWR,2026-08-10,113.08,113.41,0.0029182879377431803,2026-08-11,,,,,,,,
IWS,2026-08-10,171.04,171.5,0.0026894293732460106,2026-08-11,,,,,,,,
IWV,2026-08-10,440.16,438.85,-0.0029761904761904656,2026-08-11,,,,,,,,
IWX,2026-08-10,113.17,112.84,-0.0029159671290978073,2026-08-11,,,,,,,,
IWY,2026-08-10,289.79,288.29,-0.005176162048379895,2026-08-11,,,,,,,,
IX,2026-08-10,39.86,39.7,-0.004014049172102241,2026-08-11,,,,,,,,
IXC,2026-08-10,55.61,56.08,0.008451717317029317,2026-08-11,,,,,,,,
IXG,2026-08-10,134.08,133.78,-0.002237470167064548,2026-08-11,,,,,,,,
IXHL,2026-08-10,3.23,3.2,-0.009287925696594312,2026-08-11,,,,,,,,
IXJ,2026-08-10,103.51,103.13,-0.0036711428847455707,2026-08-11,,,,,,,,
IXN,2026-08-10,139.42,139.86,0.0031559317171139245,2026-08-11,,,,,,,,
IXP,2026-08-10,117.81,116.88,-0.007894066717596182,2026-08-11,,,,,,,,
IXUS,2026-08-10,96.93,97.06,0.0013411740431239494,2026-08-11,,,,,,,,
IYC,2026-08-10,103.99,103.61,-0.0036541975189922082,2026-08-11,,,,,,,,
IYE,2026-08-10,63.99,64.67,0.010626660415689937,2026-08-11,,,,,,,,
IYF,2026-08-10,137.35,137.37,0.00014561339643259785,2026-08-11,,,,,,,,
IYG,2026-08-10,97.31,97.35,0.0004110574452778071,2026-08-11,,,,,,,,
IYH,2026-08-10,71.14,70.89,-0.003514197357323612,2026-08-11,,,,,,,,
IYJ,2026-08-10,167.59,168.41,0.004892893370726181,2026-08-11,,,,,,,,
IYK,2026-08-10,74.19,74.1,-0.0012131014961586084,2026-08-11,,,,,,,,
IYLD,2026-08-10,22.24,22.21,-0.0013489208633092886,2026-08-11,,,,,,,,
IYM,2026-08-10,190.72,190.12,-0.0031459731543623803,2026-08-11,,,,,,,,
IYR,2026-08-10,103.35,102.57,-0.007547169811320753,2026-08-11,,,,,,,,
IYRI,2026-08-10,49.25,48.99,-0.00527918781725889,2026-08-11,,,,,,,,
IYT,2026-08-10,86.9,86.98,0.0009205983889528646,2026-08-11,,,,,,,,
IYW,2026-08-10,252.38,251.02,-0.005388699579998324,2026-08-11,,,,,,,,
IYY,2026-08-10,188.24,187.79,-0.002390565235869224,2026-08-11,,,,,,,,
IYZ,2026-08-10,43.44,43.66,0.005064456721915356,2026-08-11,,,,,,,,
IZEA,2026-08-10,3.58,3.57,-0.0027932960893854997,2026-08-11,,,,,,,,
IZM,2026-08-10,0.25,0.26,0.040000000000000036,2026-08-11,,,,,,,,
IZRL,2026-08-10,29.77,29.44,-0.01108498488411147,2026-08-11,,,,,,,,
J,2026-08-10,147.33,147.62,0.0019683703251203166,2026-08-11,,,,,,,,
JA,2026-08-10,50.12,50.13,0.0001995211492418214,2026-08-11,,,,,,,,
JAAA,2026-08-10,50.57,50.57,0.0,2026-08-11,,,,,,,,
JAB,2026-08-10,9.91,9.91,0.0,2026-08-11,,,,,,,,
JABS,2026-08-10,49.92,49.91,-0.00020032051282059538,2026-08-11,,,,,,,,
JACK,2026-08-10,17.84,17.86,0.0011210762331839152,2026-08-11,,,,,,,,
JACS,2026-08-10,10.71,10.71,0.0,2026-08-11,,,,,,,,
JADB,2026-08-10,26.19,26.16,-0.001145475372279492,2026-08-11,,,,,,,,
JADE,2026-08-10,77.77,77.6,-0.0021859328790022614,2026-08-11,,,,,,,,
JAGU,2026-08-10,1.72,1.72,0.0,2026-08-11,,,,,,,,
JAGX,2026-08-10,0.83,0.78,-0.06024096385542166,2026-08-11,,,,,,,,
JAJL,2026-08-10,30.19,30.2,0.0003312355084463814,2026-08-11,,,,,,,,
JAKK,2026-08-10,25.46,25.44,-0.0007855459544383603,2026-08-11,,,,,,,,
JAN,2026-08-10,30.18,29.57,-0.020212060967528145,2026-08-11,,,,,,,,
JANB,2026-08-10,27.8,27.77,-0.0010791366906475197,2026-08-11,,,,,,,,
JANH,2026-08-10,24.98,24.98,0.0,2026-08-11,,,,,,,,
JANI,2026-08-10,26.4,26.42,0.0007575757575759567,2026-08-11,,,,,,,,
JANJ,2026-08-10,24.89,24.89,0.0,2026-08-11,,,,,,,,
JANM,2026-08-10,34.19,34.21,0.0005849663644341696,2026-08-11,,,,,,,,
JANP,2026-08-10,35.44,35.38,-0.0016930022573361514,2026-08-11,,,,,,,,
JANT,2026-08-10,44.96,44.94,-0.0004448398576513135,2026-08-11,,,,,,,,
JANU,2026-08-10,30.92,30.8,-0.0038809831824062613,2026-08-11,,,,,,,,
JANW,2026-08-10,39.26,39.28,0.0005094243504839557,2026-08-11,,,,,,,,
JANX,2026-08-10,16.41,16.52,0.006703229737964556,2026-08-11,,,,,,,,
JANZ,2026-08-10,42.0,41.9,-0.0023809523809523725,2026-08-11,,,,,,,,
JAPN,2026-08-10,25.5,25.54,0.0015686274509802978,2026-08-11,,,,,,,,
JATT,2026-08-10,13.0,12.85,-0.011538461538461608,2026-08-11,,,,,,,,
JAVA,2026-08-10,83.67,83.58,-0.0010756543564002241,2026-08-11,,,,,,,,
JAZZ,2026-08-10,256.52,247.98,-0.03329175113051608,2026-08-11,,,,,,,,
JBBB,2026-08-10,47.37,47.36,-0.0002111040743085768,2026-08-11,,,,,,,,
JBDI,2026-08-10,1.33,1.37,0.03007518796992481,2026-08-11,,,,,,,,
JBGS,2026-08-10,11.21,11.39,0.01605709188224802,2026-08-11,,,,,,,,
JBHT,2026-08-10,266.14,265.38,-0.002855639888780348,2026-08-11,,,,,,,,
JBI,2026-08-10,5.37,5.06,-0.05772811918063325,2026-08-11,,,,,,,,
JBIO,2026-08-10,21.73,22.35,0.028531983433041974,2026-08-11,,,,,,,,
JBL,2026-08-10,336.63,356.61,0.05935299884145806,2026-08-11,,,,,,,,
JBLG,2026-08-10,14.34,15.95,0.11227336122733611,2026-08-11,,,,,,,,
JBLU,2026-08-10,5.64,5.81,0.03014184397163122,2026-08-11,,,,,,,,
JBND,2026-08-10,52.59,52.62,0.0005704506560182399,2026-08-11,,,,,,,,
JBS,2026-08-10,13.41,13.02,-0.029082774049216997,2026-08-11,,,,,,,,
JBSS,2026-08-10,82.57,83.69,0.013564248516410471,2026-08-11,,,,,,,,
JBTM,2026-08-10,122.41,121.81,-0.0049015603300383015,2026-08-11,,,,,,,,
JCAL,2026-08-10,49.41,49.46,0.0010119409026514425,2026-08-11,,,,,,,,
JCAP,2026-08-10,21.09,21.08,-0.0004741583688953055,2026-08-11,,,,,,,,
JCE,2026-08-10,17.0,17.08,0.004705882352941115,2026-08-11,,,,,,,,
JCHI,2026-08-10,55.88,55.01,-0.015569076592698683,2026-08-11,,,,,,,,
JCI,2026-08-10,150.7,154.76,0.02694094226940935,2026-08-11,,,,,,,,
JCPB,2026-08-10,46.11,46.16,0.0010843634786379397,2026-08-11,,,,,,,,
JCPI,2026-08-10,47.42,47.34,-0.001687051876845147,2026-08-11,,,,,,,,
JCSE,2026-08-10,1.49,1.5,0.006711409395973256,2026-08-11,,,,,,,,
JCTC,2026-08-10,3.09,2.98,-0.03559870550161803,2026-08-11,,,,,,,,
JD,2026-08-10,33.47,31.92,-0.04631012847325955,2026-08-11,,,,,,,,
JDIV,2026-08-10,58.36,58.4,0.0006854009595613775,2026-08-11,,,,,,,,
JDOC,2026-08-10,62.45,62.17,-0.0044835868694955705,2026-08-11,,,,,,,,
JDST,2026-08-10,25.97,26.13,0.00616095494801705,2026-08-11,,,,,,,,
JDVI,2026-08-10,40.43,40.54,0.0027207519168934713,2026-08-11,,,,,,,,
JDVL,2026-08-10,32.58,32.65,0.0021485573971762317,2026-08-11,,,,,,,,
JDZG,2026-08-10,2.81,2.81,0.0,2026-08-11,,,,,,,,
JEDI,2026-08-10,29.55,30.07,0.0175972927241963,2026-08-11,,,,,,,,
JEF,2026-08-10,55.31,55.0,-0.005604773097089177,2026-08-11,,,,,,,,
JELD,2026-08-10,1.87,1.89,0.010695187165775222,2026-08-11,,,,,,,,
JELH,2026-08-10,25.51,25.61,0.003920031360250764,2026-08-11,,,,,,,,
JELM,2026-08-10,25.47,25.59,0.004711425206124886,2026-08-11,,,,,,,,
JEM,2026-08-10,4.15,4.08,-0.01686746987951815,2026-08-11,,,,,,,,
JEMA,2026-08-10,60.4,60.61,0.003476821192053059,2026-08-11,,,,,,,,
JEMB,2026-08-10,53.15,53.25,0.0018814675446849893,2026-08-11,,,,,,,,
JENA,2026-08-10,10.39,10.39,0.0,2026-08-11,,,,,,,,
JEPI,2026-08-10,57.64,57.79,0.002602359472588356,2026-08-11,,,,,,,,
JEPQ,2026-08-10,59.68,59.65,-0.000502680965147495,2026-08-11,,,,,,,,
JETD,2026-08-10,2.31,2.32,0.0043290043290042934,2026-08-11,,,,,,,,
JETS,2026-08-10,31.44,31.7,0.008269720101781175,2026-08-11,,,,,,,,
JETU,2026-08-10,36.42,36.5,0.0021965952773201902,2026-08-11,,,,,,,,
JF,2026-08-10,0.98,1.01,0.030612244897959107,2026-08-11,,,,,,,,
JFB,2026-08-10,4.52,4.4,-0.0265486725663715,2026-08-11,,,,,,,,
JFIN,2026-08-10,2.5,2.38,-0.04800000000000004,2026-08-11,,,,,,,,
JFLI,2026-08-10,53.88,54.02,0.0025983667409057443,2026-08-11,,,,,,,,
JFLX,2026-08-10,49.92,49.91,-0.00020032051282059538,2026-08-11,,,,,,,,
JFR,2026-08-10,7.81,7.83,0.00256081946222797,2026-08-11,,,,,,,,
JFU,2026-08-10,2.38,2.05,-0.138655462184874,2026-08-11,,,,,,,,
JG,2026-08-10,4.91,5.0,0.018329938900203624,2026-08-11,,,,,,,,
JGH,2026-08-10,12.65,12.64,-0.0007905138339920903,2026-08-11,,,,,,,,
JGLO,2026-08-10,74.35,74.15,-0.0026899798251511786,2026-08-11,,,,,,,,
JGRO,2026-08-10,95.62,95.14,-0.005019870320016828,2026-08-11,,,,,,,,
JGRW,2026-08-10,28.83,28.7,-0.004509191814082492,2026-08-11,,,,,,,,
JHAC,2026-08-10,15.82,15.82,0.0,2026-08-11,,,,,,,,
JHAI,2026-08-10,34.06,34.21,0.004403992953611269,2026-08-11,,,,,,,,
JHCB,2026-08-10,20.77,20.77,0.0,2026-08-11,,,,,,,,
JHCP,2026-08-10,24.77,24.77,0.0,2026-08-11,,,,,,,,
JHCR,2026-08-10,24.92,24.95,0.0012038523274477964,2026-08-11,,,,,,,,
JHDG,2026-08-10,28.66,28.61,-0.0017445917655268817,2026-08-11,,,,,,,,
JHDV,2026-08-10,47.53,47.58,0.0010519671786239915,2026-08-11,,,,,,,,
JHEM,2026-08-10,39.04,39.14,0.0025614754098362003,2026-08-11,,,,,,,,
JHHY,2026-08-10,25.55,25.56,0.00039138943248517855,2026-08-11,,,,,,,,
JHI,2026-08-10,13.42,13.46,0.0029806259314457684,2026-08-11,,,,,,,,
JHID,2026-08-10,44.21,44.34,0.0029405111965619124,2026-08-11,,,,,,,,
JHLN,2026-08-10,24.62,24.63,0.00040617384240437815,2026-08-11,,,,,,,,
JHMB,2026-08-10,21.6,21.64,0.0018518518518517713,2026-08-11,,,,,,,,
JHMD,2026-08-10,46.44,46.45,0.00021533161068054696,2026-08-11,,,,,,,,
JHML,2026-08-10,91.66,91.57,-0.0009818895919703197,2026-08-11,,,,,,,,
JHMM,2026-08-10,76.27,76.51,0.0031467156155764453,2026-08-11,,,,,,,,
JHMU,2026-08-10,25.99,25.96,-0.001154290111581302,2026-08-11,,,,,,,,
JHPI,2026-08-10,22.5,22.54,0.001777777777777656,2026-08-11,,,,,,,,
JHS,2026-08-10,10.93,10.91,-0.0018298261665141702,2026-08-11,,,,,,,,
JHSC,2026-08-10,49.17,49.35,0.0036607687614398365,2026-08-11,,,,,,,,
JHX,2026-08-10,30.43,31.08,0.02136049950706531,2026-08-11,,,,,,,,
JIDE,2026-08-10,52.84,52.87,0.0005677517032549595,2026-08-11,,,,,,,,
JIG,2026-08-10,84.56,84.7,0.0016556291390728006,2026-08-11,,,,,,,,
JIII,2026-08-10,49.55,49.6,0.0010090817356207538,2026-08-11,,,,,,,,
JILL,2026-08-10,18.68,18.98,0.01605995717344766,2026-08-11,,,,,,,,
JIRE,2026-08-10,85.36,85.41,0.0005857544517338109,2026-08-11,,,,,,,,
JIVE,2026-08-10,96.76,96.82,0.0006200909466720361,2026-08-11,,,,,,,,
JJSF,2026-08-10,89.99,90.16,0.0018890987887543176,2026-08-11,,,,,,,,
JKHY,2026-08-10,155.08,153.63,-0.00935001289656967,2026-08-11,,,,,,,,
JKS,2026-08-10,16.92,16.67,-0.014775413711583973,2026-08-11,,,,,,,,
JL,2026-08-10,5.25,5.16,-0.017142857142857126,2026-08-11,,,,,,,,
JLCO,2026-08-10,26.24,26.19,-0.001905487804877981,2026-08-11,,,,,,,,
JLHL,2026-08-10,8.33,8.22,-0.013205282112845107,2026-08-11,,,,,,,,
JLL,2026-08-10,357.35,363.36,0.01681824541765775,2026-08-11,,,,,,,,
JLQD,2026-08-10,40.42,40.42,0.0,2026-08-11,,,,,,,,
JLS,2026-08-10,17.32,17.34,0.0011547344110853786,2026-08-11,,,,,,,,
JLVP,2026-08-10,51.48,51.53,0.0009712509712509476,2026-08-11,,,,,,,,
JMBS,2026-08-10,44.25,44.32,0.0015819209039547033,2026-08-11,,,,,,,,
JMEE,2026-08-10,78.58,78.81,0.00292695342326299,2026-08-11,,,,,,,,
JMHI,2026-08-10,49.6,49.64,0.0008064516129031585,2026-08-11,,,,,,,,
JMIA,2026-08-10,6.0,5.81,-0.03166666666666673,2026-08-11,,,,,,,,
JMID,2026-08-10,32.4,32.34,-0.0018518518518516602,2026-08-11,,,,,,,,
JMKE,2026-08-10,22.19,21.9,-0.013068949977467437,2026-08-11,,,,,,,,
JMM,2026-08-10,5.83,5.83,0.0,2026-08-11,,,,,,,,
JMMF,2026-08-10,100.15,100.18,0.00029955067398912405,2026-08-11,,,,,,,,
JMOM,2026-08-10,84.09,84.13,0.00047568081817095376,2026-08-11,,,,,,,,
JMSB,2026-08-10,22.95,23.23,0.012200435729847525,2026-08-11,,,,,,,,
JMSI,2026-08-10,49.56,49.64,0.0016142050040355294,2026-08-11,,,,,,,,
JMST,2026-08-10,50.87,50.87,0.0,2026-08-11,,,,,,,,
JMTG,2026-08-10,49.96,50.06,0.0020016012810248895,2026-08-11,,,,,,,,
JMUB,2026-08-10,49.81,49.87,0.0012045773940974058,2026-08-11,,,,,,,,
JNEU,2026-08-10,33.86,33.77,-0.0026580035440045835,2026-08-11,,,,,,,,
JNJ,2026-08-10,261.81,259.8,-0.007677323249684842,2026-08-11,,,,,,,,
JNK,2026-08-10,95.65,95.69,0.0004181913225300704,2026-08-11,,,,,,,,
JNUG,2026-08-10,169.55,169.17,-0.002241226776762195,2026-08-11,,,,,,,,
JOB,2026-08-10,0.2,0.19,-0.050000000000000044,2026-08-11,,,,,,,,
JOBC,2026-08-10,28.75,26.11,-0.09182608695652172,2026-08-11,,,,,,,,
JOBX,2026-08-10,16.35,14.79,-0.09541284403669736,2026-08-11,,,,,,,,
JOBY,2026-08-10,8.81,8.42,-0.044267877412031864,2026-08-11,,,,,,,,
JOE,2026-08-10,66.28,68.4,0.03198551599275801,2026-08-11,,,,,,,,
JOET,2026-08-10,46.82,46.86,0.0008543357539512186,2026-08-11,,,,,,,,
JOF,2026-08-10,12.26,12.44,0.014681892332789603,2026-08-11,,,,,,,,
JOJO,2026-08-10,15.01,15.02,0.0006662225183211579,2026-08-11,,,,,,,,
JONEU,2026-08-10,9.93,9.92,-0.001007049345417954,2026-08-11,,,,,,,,
JOUL,2026-08-10,24.13,24.5,0.01533360961458774,2026-08-11,,,,,,,,
JOUT,2026-08-10,47.79,47.1,-0.01443816698053979,2026-08-11,,,,,,,,
JOYT,2026-08-10,59.1,59.1,0.0,2026-08-11,,,,,,,,
JOYY,2026-08-10,74.88,73.41,-0.019631410256410242,2026-08-11,,,,,,,,
JPAN,2026-08-10,43.17,43.3,0.0030113504748667808,2026-08-11,,,,,,,,
JPC,2026-08-10,7.8,7.75,-0.0064102564102563875,2026-08-11,,,,,,,,
JPEF,2026-08-10,82.64,82.37,-0.003267182962245818,2026-08-11,,,,,,,,
JPEM,2026-08-10,65.74,65.26,-0.0073014907210220414,2026-08-11,,,,,,,,
JPFP,2026-08-10,51.38,51.15,-0.0044764499805372004,2026-08-11,,,,,,,,
JPHY,2026-08-10,50.09,50.11,0.00039928129367128307,2026-08-11,,,,,,,,
JPIB,2026-08-10,47.95,47.91,-0.0008342022940563965,2026-08-11,,,,,,,,
JPIE,2026-08-10,45.77,45.8,0.0006554511688878772,2026-08-11,,,,,,,,
JPIN,2026-08-10,76.33,76.3,-0.0003930302633302629,2026-08-11,,,,,,,,
JPLD,2026-08-10,51.96,51.99,0.0005773672055426893,2026-08-11,,,,,,,,
JPM,2026-08-10,359.79,362.04,0.006253647961310671,2026-08-11,,,,,,,,
JPMB,2026-08-10,39.6,39.6,0.0,2026-08-11,,,,,,,,
JPME,2026-08-10,127.81,128.02,0.0016430639230107236,2026-08-11,,,,,,,,
JPO,2026-08-10,14.67,14.77,0.0068166325835037345,2026-08-11,,,,,,,,
JPRE,2026-08-10,52.65,52.03,-0.011775878442545018,2026-08-11,,,,,,,,
JPRF,2026-08-10,49.81,49.76,-0.0010038144950813566,2026-08-11,,,,,,,,
JPSE,2026-08-10,60.42,60.42,0.0,2026-08-11,,,,,,,,
JPST,2026-08-10,50.44,50.45,0.00019825535289452745,2026-08-11,,,,,,,,
JPSV,2026-08-10,71.17,71.18,0.00014050864128156704,2026-08-11,,,,,,,,
JPUS,2026-08-10,143.94,144.13,0.0013199944421287135,2026-08-11,,,,,,,,
JPXN,2026-08-10,103.2,103.4,0.0019379844961240345,2026-08-11,,,,,,,,
JPY,2026-08-10,38.58,38.62,0.0010368066355623817,2026-08-11,,,,,,,,
JQC,2026-08-10,4.82,4.85,0.006224066390041472,2026-08-11,,,,,,,,
JQUA,2026-08-10,74.68,74.59,-0.0012051419389395024,2026-08-11,,,,,,,,
JRE,2026-08-10,27.81,27.81,0.0,2026-08-11,,,,,,,,
JRI,2026-08-10,12.73,12.73,0.0,2026-08-11,,,,,,,,
JRS,2026-08-10,8.44,8.35,-0.010663507109004766,2026-08-11,,,,,,,,
JRSH,2026-08-10,5.17,5.33,0.030947775628626717,2026-08-11,,,,,,,,
JRVR,2026-08-10,4.54,4.2,-0.07488986784140961,2026-08-11,,,,,,,,
JSCP,2026-08-10,46.81,46.85,0.0008545182653278971,2026-08-11,,,,,,,,
JSI,2026-08-10,51.12,51.13,0.00019561815336466282,2026-08-11,,,,,,,,
JSMD,2026-08-10,95.75,95.89,0.001462140992167127,2026-08-11,,,,,,,,
JSML,2026-08-10,90.5,90.97,0.005193370165745836,2026-08-11,,,,,,,,
JSPR,2026-08-10,0.8,0.89,0.11250000000000004,2026-08-11,,,,,,,,
JSTC,2026-08-10,23.02,23.03,0.0004344048653346366,2026-08-11,,,,,,,,
JTAI,2026-08-10,1.86,1.83,-0.016129032258064502,2026-08-11,,,,,,,,
JTEK,2026-08-10,102.13,101.77,-0.0035249192206011637,2026-08-11,,,,,,,,
JTNY,2026-08-10,49.53,49.51,-0.00040379567938630956,2026-08-11,,,,,,,,
JUCY,2026-08-10,21.98,22.01,0.0013648771610554888,2026-08-11,,,,,,,,
JUDB,2026-08-10,26.31,26.28,-0.0011402508551880963,2026-08-11,,,,,,,,
JUDO,2026-08-10,28.97,28.9,-0.0024162927166033743,2026-08-11,,,,,,,,
JULB,2026-08-10,28.16,28.09,-0.002485795454545414,2026-08-11,,,,,,,,
JULC,2026-08-10,25.65,25.6,-0.0019493177387913674,2026-08-11,,,,,,,,
JULH,2026-08-10,25.15,25.14,-0.0003976143141152244,2026-08-11,,,,,,,,
JULI,2026-08-10,25.66,25.66,0.0,2026-08-11,,,,,,,,
JULJ,2026-08-10,24.97,24.98,0.00040048057669217485,2026-08-11,,,,,,,,
JULM,2026-08-10,34.92,34.9,-0.000572737686139857,2026-08-11,,,,,,,,
JULP,2026-08-10,33.34,33.28,-0.001799640071985631,2026-08-11,,,,,,,,
JULT,2026-08-10,48.85,48.79,-0.0012282497441147289,2026-08-11,,,,,,,,
JULU,2026-08-10,32.78,32.67,-0.003355704697986517,2026-08-11,,,,,,,,
JULW,2026-08-10,41.43,41.4,-0.0007241129616220032,2026-08-11,,,,,,,,
JULZ,2026-08-10,46.51,46.38,-0.002795097828423909,2026-08-11,,,,,,,,
JUNC,2026-08-10,25.47,25.42,-0.0019630938358852212,2026-08-11,,,,,,,,
JUNM,2026-08-10,35.35,35.33,-0.0005657708628006297,2026-08-11,,,,,,,,
JUNP,2026-08-10,32.37,32.29,-0.0024714241581711427,2026-08-11,,,,,,,,
JUNS,2026-08-10,5.31,4.7,-0.1148775894538605,2026-08-11,,,,,,,,
JUNT,2026-08-10,38.63,38.61,-0.0005177323323842797,2026-08-11,,,,,,,,
JUNW,2026-08-10,34.94,34.9,-0.0011448196908986352,2026-08-11,,,,,,,,
JUNZ,2026-08-10,36.08,35.99,-0.0024944567627493974,2026-08-11,,,,,,,,
JUSA,2026-08-10,69.79,69.62,-0.002435879065768809,2026-08-11,,,,,,,,
JUST,2026-08-10,111.25,110.87,-0.0034157303370786485,2026-08-11,,,,,,,,
JVA,2026-08-10,3.48,3.48,0.0,2026-08-11,,,,,,,,
JVAL,2026-08-10,59.74,59.74,0.0,2026-08-11,,,,,,,,
JWEL,2026-08-10,4.0,3.91,-0.022499999999999964,2026-08-11,,,,,,,,
JXG,2026-08-10,7.85,7.36,-0.06242038216560497,2026-08-11,,,,,,,,
JXI,2026-08-10,82.1,82.63,0.006455542021924554,2026-08-11,,,,,,,,
JXN,2026-08-10,130.4,129.16,-0.009509202453987786,2026-08-11,,,,,,,,
JXX,2026-08-10,32.07,32.05,-0.000623635796694777,2026-08-11,,,,,,,,
JYD,2026-08-10,0.99,0.9,-0.09090909090909083,2026-08-11,,,,,,,,
JYNT,2026-08-10,8.63,8.59,-0.004634994206257348,2026-08-11,,,,,,,,
JZ,2026-08-10,2.43,2.47,0.016460905349794164,2026-08-11,,,,,,,,
JZXN,2026-08-10,1.52,1.47,-0.03289473684210531,2026-08-11,,,,,,,,
KAI,2026-08-10,333.48,338.33,0.014543600815640989,2026-08-11,,,,,,,,
KALA,2026-08-10,0.75,0.84,0.11999999999999988,2026-08-11,,,,,,,,
KALU,2026-08-10,187.1,193.39,0.033618385889898406,2026-08-11,,,,,,,,
KAMO,2026-08-10,24.61,24.64,0.001219016659894434,2026-08-11,,,,,,,,
KAPA,2026-08-10,0.35,0.36,0.028571428571428692,2026-08-11,,,,,,,,
KAPR,2026-08-10,40.16,40.2,0.0009960159362552012,2026-08-11,,,,,,,,
KARD,2026-08-10,21.08,22.06,0.04648956356736256,2026-08-11,,,,,,,,
KARO,2026-08-10,63.23,62.6,-0.009963624861616283,2026-08-11,,,,,,,,
KARS,2026-08-10,31.12,30.8,-0.010282776349614386,2026-08-11,,,,,,,,
KAT,2026-08-10,58.43,58.55,0.0020537395173712003,2026-08-11,,,,,,,,
KAUG,2026-08-10,29.17,29.28,0.0037709976002742174,2026-08-11,,,,,,,,
KAZR,2026-08-10,2.44,2.3,-0.05737704918032793,2026-08-11,,,,,,,,
KB,2026-08-10,120.73,117.62,-0.025759960241862,2026-08-11,,,,,,,,
KBA,2026-08-10,33.81,33.42,-0.011535048802129522,2026-08-11,,,,,,,,
KBAB,2026-08-10,9.97,9.3,-0.06720160481444337,2026-08-11,,,,,,,,
KBDC,2026-08-10,13.97,13.75,-0.015748031496063075,2026-08-11,,,,,,,,
KBDU,2026-08-10,17.42,16.28,-0.06544202066590132,2026-08-11,,,,,,,,
KBE,2026-08-10,69.94,70.51,0.008149842722333434,2026-08-11,,,,,,,,
KBFR,2026-08-10,27.7,27.75,0.0018050541516245744,2026-08-11,,,,,,,,
KBH,2026-08-10,56.52,57.73,0.021408351026185324,2026-08-11,,,,,,,,
KBON,2026-08-10,10.1,10.1,0.0,2026-08-11,,,,,,,,
KBR,2026-08-10,38.29,37.56,-0.019065030033951325,2026-08-11,,,,,,,,
KBSX,2026-08-10,1.1,1.14,0.036363636363636154,2026-08-11,,,,,,,,
KBUF,2026-08-10,27.88,27.33,-0.01972740315638455,2026-08-11,,,,,,,,
KBWB,2026-08-10,97.87,98.26,0.003984877899254169,2026-08-11,,,,,,,,
KBWD,2026-08-10,12.52,12.64,0.009584664536741228,2026-08-11,,,,,,,,
KBWP,2026-08-10,135.12,134.27,-0.006290704558910565,2026-08-11,,,,,,,,
KBWY,2026-08-10,17.83,17.81,-0.0011217049915871469,2026-08-11,,,,,,,,
KC,2026-08-10,11.96,11.75,-0.01755852842809369,2026-08-11,,,,,,,,
KCA-U,2026-08-10,10.15,10.15,0.0,2026-08-11,,,,,,,,
KCAC-U,2026-08-10,10.45,10.35,-0.009569377990430561,2026-08-11,,,,,,,,
KCAI,2026-08-10,32.57,32.43,-0.004298434141848384,2026-08-11,,,,,,,,
KCCA,2026-08-10,17.26,17.25,-0.0005793742757822518,2026-08-11,,,,,,,,
KCE,2026-08-10,163.56,165.17,0.009843482514062085,2026-08-11,,,,,,,,
KCHV,2026-08-10,10.4,10.42,0.0019230769230769162,2026-08-11,,,,,,,,
KCOP,2026-08-10,24.72,24.56,-0.006472491909385147,2026-08-11,,,,,,,,
KCSH,2026-08-10,25.08,25.08,0.0,2026-08-11,,,,,,,,
KD,2026-08-10,13.63,13.36,-0.01980924431401332,2026-08-11,,,,,,,,
KDEC,2026-08-10,28.73,28.77,0.0013922728854856015,2026-08-11,,,,,,,,
KDEF,2026-08-10,44.95,44.16,-0.017575083426029092,2026-08-11,,,,,,,,
KDK,2026-08-10,4.39,4.59,0.04555808656036442,2026-08-11,,,,,,,,
KDP,2026-08-10,29.3,29.18,-0.004095563139931757,2026-08-11,,,,,,,,
KDRN,2026-08-10,23.05,23.05,0.0,2026-08-11,,,,,,,,
KDVD,2026-08-10,29.12,29.24,0.004120879120879106,2026-08-11,,,,,,,,
KE,2026-08-10,25.14,25.23,0.0035799522673030104,2026-08-11,,,,,,,,
KEAT,2026-08-10,33.99,33.95,-0.0011768167107972793,2026-08-11,,,,,,,,
KEEL,2026-08-10,3.4,3.29,-0.032352941176470584,2026-08-11,,,,,,,,
KEEX,2026-08-10,30.43,28.62,-0.05948077555044362,2026-08-11,,,,,,,,
KELYA,2026-08-10,15.67,15.42,-0.01595405232929159,2026-08-11,,,,,,,,
KEMQ,2026-08-10,26.42,26.41,-0.00037850113550341735,2026-08-11,,,,,,,,
KEMX,2026-08-10,49.04,49.29,0.005097879282218498,2026-08-11,,,,,,,,
KEN,2026-08-10,64.22,64.08,-0.0021800062285892707,2026-08-11,,,,,,,,
KEO,2026-08-10,25.52,25.11,-0.016065830721003094,2026-08-11,,,,,,,,
KEP,2026-08-10,12.26,12.3,0.0032626427406199365,2026-08-11,,,,,,,,
KEQU,2026-08-10,36.41,36.2,-0.005767646251029768,2026-08-11,,,,,,,,
KEX,2026-08-10,132.49,132.65,0.0012076383123253986,2026-08-11,,,,,,,,
KEY,2026-08-10,22.68,22.69,0.00044091710758387137,2026-08-11,,,,,,,,
KEYG,2026-08-10,12.56,13.09,0.04219745222929938,2026-08-11,,,,,,,,
KEYS,2026-08-10,335.41,343.7,0.024716019200381467,2026-08-11,,,,,,,,
KEYX,2026-08-10,21.75,22.71,0.044137931034482714,2026-08-11,,,,,,,,
KEYY,2026-08-10,9.86,9.84,-0.0020283975659228792,2026-08-11,,,,,,,,
KF,2026-08-10,58.4,60.01,0.02756849315068499,2026-08-11,,,,,,,,
KFEB,2026-08-10,31.33,31.43,0.0031918289179699855,2026-08-11,,,,,,,,
KFFB,2026-08-10,5.46,5.53,0.012820512820512775,2026-08-11,,,,,,,,
KFII,2026-08-10,10.63,10.61,-0.0018814675446849893,2026-08-11,,,,,,,,
KFRC,2026-08-10,57.85,57.95,0.0017286084701815252,2026-08-11,,,,,,,,
KFY,2026-08-10,83.64,82.75,-0.010640841702534654,2026-08-11,,,,,,,,
KG,2026-08-10,8.6,8.79,0.02209302325581386,2026-08-11,,,,,,,,
KGC,2026-08-10,27.4,27.24,-0.00583941605839422,2026-08-11,,,,,,,,
KGEI,2026-08-10,5.21,5.33,0.02303262955854124,2026-08-11,,,,,,,,
KGLD,2026-08-10,27.99,27.89,-0.0035727045373347144,2026-08-11,,,,,,,,
KGRN,2026-08-10,24.26,24.08,-0.007419620774938296,2026-08-11,,,,,,,,
KGS,2026-08-10,61.5,61.1,-0.006504065040650375,2026-08-11,,,,,,,,
KHC,2026-08-10,24.93,24.65,-0.011231448054552784,2026-08-11,,,,,,,,
KHPI,2026-08-10,26.34,26.29,-0.0018982536066818323,2026-08-11,,,,,,,,
KHYB,2026-08-10,24.18,24.16,-0.0008271298593879317,2026-08-11,,,,,,,,
KIDS,2026-08-10,23.28,24.24,0.04123711340206171,2026-08-11,,,,,,,,
KIDZ,2026-08-10,0.4,0.28,-0.29999999999999993,2026-08-11,,,,,,,,
KIE,2026-08-10,63.87,63.62,-0.003914200720212979,2026-08-11,,,,,,,,
KIM,2026-08-10,24.11,23.97,-0.005806719203649946,2026-08-11,,,,,,,,
KINS,2026-08-10,19.18,19.07,-0.0057351407716370595,2026-08-11,,,,,,,,
KIO,2026-08-10,11.2,11.21,0.0008928571428572507,2026-08-11,,,,,,,,
KIQQ,2026-08-10,25.13,25.06,-0.0027855153203342198,2026-08-11,,,,,,,,
KITT,2026-08-10,1.17,1.18,0.008547008547008517,2026-08-11,,,,,,,,
KJAN,2026-08-10,46.17,46.24,0.001516136019060088,2026-08-11,,,,,,,,
KJD,2026-08-10,23.55,21.39,-0.09171974522292992,2026-08-11,,,,,,,,
KJUL,2026-08-10,34.09,34.19,0.0029334115576413744,2026-08-11,,,,,,,,
KJUN,2026-08-10,29.99,30.07,0.002667555851950665,2026-08-11,,,,,,,,
KKR,2026-08-10,103.83,110.97,0.06876625252817115,2026-08-11,,,,,,,,
KLAC,2026-08-10,192.74,200.47,0.04010584206703327,2026-08-11,,,,,,,,
KLAG,2026-08-10,27.88,30.0,0.07604017216642767,2026-08-11,,,,,,,,
KLAR,2026-08-10,19.62,19.03,-0.030071355759429097,2026-08-11,,,,,,,,
KLC,2026-08-10,5.03,4.78,-0.04970178926441349,2026-08-11,,,,,,,,
KLIC,2026-08-10,86.5,91.02,0.05225433526011547,2026-08-11,,,,,,,,
KLIP,2026-08-10,24.4,24.25,-0.006147540983606481,2026-08-11,,,,,,,,
KLMN,2026-08-10,31.81,31.72,-0.002829298962590321,2026-08-11,,,,,,,,
KLMT,2026-08-10,35.42,35.36,-0.0016939582156973998,2026-08-11,,,,,,,,
KLRA,2026-08-10,18.98,18.87,-0.005795574288724903,2026-08-11,,,,,,,,
KLRS,2026-08-10,3.94,3.97,0.0076142131979695105,2026-08-11,,,,,,,,
KLTR,2026-08-10,1.64,1.63,-0.0060975609756097615,2026-08-11,,,,,,,,
KLXE,2026-08-10,2.24,1.55,-0.3080357142857143,2026-08-11,,,,,,,,
KMAR,2026-08-10,32.49,32.52,0.0009233610341643494,2026-08-11,,,,,,,,
KMAY,2026-08-10,30.63,30.69,0.0019588638589618235,2026-08-11,,,,,,,,
KMB,2026-08-10,108.02,108.57,0.005091649694501044,2026-08-11,,,,,,,,
KMCA,2026-08-10,18.55,18.43,-0.006469002695417836,2026-08-11,,,,,,,,
KMDA,2026-08-10,7.14,7.09,-0.007002801120448154,2026-08-11,,,,,,,,
KMEM,2026-08-10,16.08,16.53,0.027985074626865947,2026-08-11,,,,,,,,
KMI,2026-08-10,31.39,31.48,0.002867155144950617,2026-08-11,,,,,,,,
KMID,2026-08-10,25.45,25.53,0.003143418467583592,2026-08-11,,,,,,,,
KMLI,2026-08-10,9.41,10.63,0.12964930924548357,2026-08-11,,,,,,,,
KMLM,2026-08-10,28.8,28.83,0.0010416666666666075,2026-08-11,,,,,,,,
KMPR,2026-08-10,26.39,26.18,-0.007957559681697646,2026-08-11,,,,,,,,
KMRK,2026-08-10,1.19,1.19,0.0,2026-08-11,,,,,,,,
KMT,2026-08-10,31.59,30.24,-0.042735042735042805,2026-08-11,,,,,,,,
KMTS,2026-08-10,28.35,27.9,-0.015873015873015928,2026-08-11,,,,,,,,
KMX,2026-08-10,58.78,58.18,-0.010207553589656415,2026-08-11,,,,,,,,
KN,2026-08-10,38.26,38.57,0.008102456874020003,2026-08-11,,,,,,,,
KNCT,2026-08-10,194.76,195.38,0.0031834052166770377,2026-08-11,,,,,,,,
KNDI,2026-08-10,0.63,0.63,0.0,2026-08-11,,,,,,,,
KNF,2026-08-10,67.52,68.15,0.009330568720379295,2026-08-11,,,,,,,,
KNG,2026-08-10,51.91,51.99,0.0015411288769024978,2026-08-11,,,,,,,,
KNGZ,2026-08-10,42.56,42.58,0.0004699248120298982,2026-08-11,,,,,,,,
KNO,2026-08-10,64.41,64.31,-0.0015525539512497577,2026-08-11,,,,,,,,
KNOP,2026-08-10,10.7,10.53,-0.015887850467289688,2026-08-11,,,,,,,,
KNOV,2026-08-10,32.13,32.21,0.0024898848428258624,2026-08-11,,,,,,,,
KNOW,2026-08-10,13.14,13.16,0.0015220700152207556,2026-08-11,,,,,,,,
KNRG,2026-08-10,25.68,25.67,-0.00038940809968834866,2026-08-11,,,,,,,,
KNRX,2026-08-10,0.36,0.35,-0.02777777777777779,2026-08-11,,,,,,,,
KNSA,2026-08-10,76.53,77.8,0.016594799425061924,2026-08-11,,,,,,,,
KNSL,2026-08-10,368.6,374.6,0.016277807921866616,2026-08-11,,,,,,,,
KNTK,2026-08-10,51.27,51.11,-0.0031207333723425323,2026-08-11,,,,,,,,
KNX,2026-08-10,68.67,68.53,-0.0020387359836900876,2026-08-11,,,,,,,,
KO,2026-08-10,86.87,86.48,-0.0044894670196845565,2026-08-11,,,,,,,,
KOCT,2026-08-10,37.88,37.88,0.0,2026-08-11,,,,,,,,
KOD,2026-08-10,43.4,42.11,-0.029723502304147442,2026-08-11,,,,,,,,
KODK,2026-08-10,9.99,10.08,0.009009009009008917,2026-08-11,,,,,,,,
KOF,2026-08-10,109.02,109.7,0.006237387635296354,2026-08-11,,,,,,,,
KOID,2026-08-10,38.58,38.95,0.00959046137895303,2026-08-11,,,,,,,,
KOKU,2026-08-10,135.17,134.92,-0.0018495228231116823,2026-08-11,,,,,,,,
KOLD,2026-08-10,28.64,28.94,0.010474860335195624,2026-08-11,,,,,,,,
KOMP,2026-08-10,70.19,70.69,0.007123521869212057,2026-08-11,,,,,,,,
KONG,2026-08-10,33.2,33.2,0.0,2026-08-11,,,,,,,,
KOOL,2026-08-10,14.78,14.76,-0.0013531799729363803,2026-08-11,,,,,,,,
KOP,2026-08-10,50.54,46.01,-0.0896319746735259,2026-08-11,,,,,,,,
KOPN,2026-08-10,4.21,5.2,0.23515439429928753,2026-08-11,,,,,,,,
KORP,2026-08-10,45.82,45.83,0.00021824530772573958,2026-08-11,,,,,,,,
KORU,2026-08-10,16.41,17.64,0.07495429616087756,2026-08-11,,,,,,,,
KOS,2026-08-10,2.51,2.56,0.019920318725099806,2026-08-11,,,,,,,,
KOSS,2026-08-10,3.78,3.74,-0.01058201058201047,2026-08-11,,,,,,,,
KOYN,2026-08-10,10.22,10.22,0.0,2026-08-11,,,,,,,,
KPDD,2026-08-10,6.66,6.3,-0.05405405405405406,2026-08-11,,,,,,,,
KPET,2026-08-10,10.05,10.05,0.0,2026-08-11,,,,,,,,
KPHO,2026-08-10,23.01,22.71,-0.013037809647979182,2026-08-11,,,,,,,,
KPLT,2026-08-10,6.36,8.0,0.25786163522012573,2026-08-11,,,,,,,,
KPRO,2026-08-10,27.39,27.04,-0.012778386272362274,2026-08-11,,,,,,,,
KPRX,2026-08-10,2.58,2.62,0.015503875968992276,2026-08-11,,,,,,,,
KPTI,2026-08-10,1.96,2.1,0.0714285714285714,2026-08-11,,,,,,,,
KQQQ,2026-08-10,29.44,29.19,-0.008491847826086918,2026-08-11,,,,,,,,
KR,2026-08-10,56.48,56.25,-0.004072237960339842,2026-08-11,,,,,,,,
KRAQ,2026-08-10,10.02,10.0,-0.001996007984031878,2026-08-11,,,,,,,,
KRBN,2026-08-10,34.21,34.25,0.0011692487576731025,2026-08-11,,,,,,,,
KRC,2026-08-10,37.15,36.44,-0.019111709286675715,2026-08-11,,,,,,,,
KRE,2026-08-10,76.03,76.81,0.010259108246744697,2026-08-11,,,,,,,,
KREF,2026-08-10,7.65,7.57,-0.010457516339869244,2026-08-11,,,,,,,,
KRG,2026-08-10,26.41,26.17,-0.009087466868610283,2026-08-11,,,,,,,,
KRKR,2026-08-10,3.15,3.16,0.0031746031746031633,2026-08-11,,,,,,,,
KRMD,2026-08-10,3.4,3.45,0.014705882352941346,2026-08-11,,,,,,,,
KRMN,2026-08-10,62.16,61.94,-0.0035392535392535507,2026-08-11,,,,,,,,
KRNT,2026-08-10,16.79,17.58,0.0470518165574747,2026-08-11,,,,,,,,
KRNY,2026-08-10,9.46,9.53,0.007399577167018778,2026-08-11,,,,,,,,
KRO,2026-08-10,8.49,8.37,-0.014134275618374659,2026-08-11,,,,,,,,
KROP,2026-08-10,35.07,35.14,0.001996007984031989,2026-08-11,,,,,,,,
KROS,2026-08-10,10.69,10.64,-0.004677268475210328,2026-08-11,,,,,,,,
KRP,2026-08-10,15.09,15.24,0.00994035785288272,2026-08-11,,,,,,,,
KRRO,2026-08-10,13.49,13.32,-0.012601927353595221,2026-08-11,,,,,,,,
KRSP,2026-08-10,10.47,10.47,0.0,2026-08-11,,,,,,,,
KRT,2026-08-10,48.11,50.06,0.04053211390563294,2026-08-11,,,,,,,,
KRUS,2026-08-10,48.56,49.4,0.017298187808896026,2026-08-11,,,,,,,,
KRWX,2026-08-10,12.39,12.96,0.04600484261501214,2026-08-11,,,,,,,,
KRYP,2026-08-10,17.61,17.61,0.0,2026-08-11,,,,,,,,
KRYS,2026-08-10,331.59,327.05,-0.01369160710515993,2026-08-11,,,,,,,,
KSA,2026-08-10,37.85,37.78,-0.001849405548216665,2026-08-11,,,,,,,,
KSCP,2026-08-10,1.45,1.5,0.034482758620689724,2026-08-11,,,,,,,,
KSEP,2026-08-10,31.2,31.2,0.0,2026-08-11,,,,,,,,
KSLV,2026-08-10,27.5,27.1,-0.014545454545454528,2026-08-11,,,,,,,,
KSPI,2026-08-10,94.0,95.36,0.014468085106382977,2026-08-11,,,,,,,,
KSPY,2026-08-10,29.91,29.89,-0.0006686726847208169,2026-08-11,,,,,,,,
KSS,2026-08-10,19.03,18.49,-0.028376248029427398,2026-08-11,,,,,,,,
KSTR,2026-08-10,24.98,24.7,-0.011208967173738982,2026-08-11,,,,,,,,
KT,2026-08-10,18.3,18.54,0.013114754098360493,2026-08-11,,,,,,,,
KTB,2026-08-10,77.17,74.96,-0.028638071789555575,2026-08-11,,,,,,,,
KTCC,2026-08-10,4.21,3.8,-0.09738717339667458,2026-08-11,,,,,,,,
KTEC,2026-08-10,13.94,13.47,-0.03371592539454793,2026-08-11,,,,,,,,
KTF,2026-08-10,8.99,9.0,0.0011123470522802492,2026-08-11,,,,,,,,
KTOS,2026-08-10,62.42,63.73,0.020986863184876636,2026-08-11,,,,,,,,
KTTA,2026-08-10,0.47,0.48,0.02127659574468077,2026-08-11,,,,,,,,
KTUP,2026-08-10,9.33,9.68,0.037513397642015,2026-08-11,,,,,,,,
KTWO,2026-08-10,9.96,10.05,0.009036144578313143,2026-08-11,,,,,,,,
KULR,2026-08-10,2.74,2.8,0.021897810218977964,2026-08-11,,,,,,,,
KURA,2026-08-10,9.85,9.93,0.008121827411167626,2026-08-11,,,,,,,,
KURE,2026-08-10,18.81,18.72,-0.004784688995215336,2026-08-11,,,,,,,,
KUST,2026-08-10,1.09,1.33,0.22018348623853212,2026-08-11,,,,,,,,
KVAC,2026-08-10,11.51,11.51,0.0,2026-08-11,,,,,,,,
KVHI,2026-08-10,7.59,7.75,0.021080368906455815,2026-08-11,,,,,,,,
KVLE,2026-08-10,29.15,29.13,-0.0006861063464836947,2026-08-11,,,,,,,,
KVUE,2026-08-10,19.03,19.05,0.0010509721492379942,2026-08-11,,,,,,,,
KVYO,2026-08-10,17.87,18.36,0.027420257414661364,2026-08-11,,,,,,,,
KWEB,2026-08-10,29.12,28.09,-0.035370879120879106,2026-08-11,,,,,,,,
KWH,2026-08-10,25.11,25.35,0.009557945041816174,2026-08-11,,,,,,,,
KWIN,2026-08-10,25.7,25.71,0.00038910505836575737,2026-08-11,,,,,,,,
KWM,2026-08-10,2.31,2.27,-0.017316017316017285,2026-08-11,,,,,,,,
KWR,2026-08-10,171.87,170.9,-0.005643800546925037,2026-08-11,,,,,,,,
KWT,2026-08-10,37.24,37.32,0.002148227712137407,2026-08-11,,,,,,,,
KWY,2026-08-10,10.04,9.84,-0.019920318725099584,2026-08-11,,,,,,,,
KXI,2026-08-10,69.12,68.87,-0.00361689814814814,2026-08-11,,,,,,,,
KXIN,2026-08-10,5.29,5.1,-0.035916824196597474,2026-08-11,,,,,,,,
KYC,2026-08-10,26.35,26.57,0.008349146110056882,2026-08-11,,,,,,,,
KYIV,2026-08-10,13.18,13.1,-0.006069802731411222,2026-08-11,,,,,,,,
KYLD,2026-08-10,20.96,20.98,0.000954198473282375,2026-08-11,,,,,,,,
KYMR,2026-08-10,108.58,109.62,0.009578191195432018,2026-08-11,,,,,,,,
KYN,2026-08-10,14.49,14.65,0.01104209799861966,2026-08-11,,,,,,,,
KYNB,2026-08-10,6.97,7.07,0.01434720229555242,2026-08-11,,,,,,,,
KYTX,2026-08-10,7.89,8.02,0.016476552598225558,2026-08-11,,,,,,,,
KZIA,2026-08-10,13.95,13.88,-0.005017921146953319,2026-08-11,,,,,,,,
L,2026-08-10,113.8,113.15,-0.005711775043936607,2026-08-11,,,,,,,,
LAB,2026-08-10,0.79,0.79,0.0,2026-08-11,,,,,,,,
LABD,2026-08-10,7.49,7.48,-0.001335113484646211,2026-08-11,,,,,,,,
LABT,2026-08-10,2.35,2.36,0.004255319148936065,2026-08-11,,,,,,,,
LABU,2026-08-10,280.02,280.67,0.002321262766945331,2026-08-11,,,,,,,,
LABX,2026-08-10,13.24,12.72,-0.0392749244712991,2026-08-11,,,,,,,,
LAC,2026-08-10,3.25,3.25,0.0,2026-08-11,,,,,,,,
LAD,2026-08-10,379.84,378.33,-0.003975358045492761,2026-08-11,,,,,,,,
LADM,2026-08-10,32.74,32.72,-0.0006108735491754391,2026-08-11,,,,,,,,
LADR,2026-08-10,9.63,9.92,0.030114226375908437,2026-08-11,,,,,,,,
LAES,2026-08-10,2.56,2.55,-0.003906250000000111,2026-08-11,,,,,,,,
LAFA,2026-08-10,10.12,10.13,0.000988142292490224,2026-08-11,,,,,,,,
LAKE,2026-08-10,12.05,12.15,0.008298755186721962,2026-08-11,,,,,,,,
LALT,2026-08-10,24.32,24.3,-0.000822368421052655,2026-08-11,,,,,,,,
LAMR,2026-08-10,154.64,153.82,-0.005302638385928593,2026-08-11,,,,,,,,
LAND,2026-08-10,8.13,8.21,0.009840098400984099,2026-08-11,,,,,,,,
LANV,2026-08-10,1.1,1.08,-0.018181818181818188,2026-08-11,,,,,,,,
LAPR,2026-08-10,25.31,25.32,0.00039510075069149053,2026-08-11,,,,,,,,
LAR,2026-08-10,7.1,6.65,-0.06338028169014076,2026-08-11,,,,,,,,
LARK,2026-08-10,32.11,32.11,0.0,2026-08-11,,,,,,,,
LASC,2026-08-10,11.61,10.69,-0.07924203273040487,2026-08-11,,,,,,,,
LASE,2026-08-10,1.2,1.21,0.008333333333333304,2026-08-11,,,,,,,,
LASR,2026-08-10,51.01,49.21,-0.035287198588512037,2026-08-11,,,,,,,,
LATA,2026-08-10,10.13,10.13,0.0,2026-08-11,,,,,,,,
LATR,2026-08-10,28.21,28.37,0.0056717476072314366,2026-08-11,,,,,,,,
LAUR,2026-08-10,37.26,36.68,-0.015566290928609727,2026-08-11,,,,,,,,
LAW,2026-08-10,4.17,4.21,0.00959232613908867,2026-08-11,,,,,,,,
LAZ,2026-08-10,42.67,43.51,0.01968596203421602,2026-08-11,,,,,,,,
LAZR,2026-08-10,43.97,44.42,0.010234250625426489,2026-08-11,,,,,,,,
LB,2026-08-10,81.71,83.91,0.026924489046628253,2026-08-11,,,,,,,,
LBAY,2026-08-10,26.56,26.6,0.001506024096385561,2026-08-11,,,,,,,,
LBGJ,2026-08-10,3.24,3.09,-0.04629629629629639,2026-08-11,,,,,,,,
LBO,2026-08-10,26.74,27.58,0.03141361256544495,2026-08-11,,,,,,,,
LBRDA,2026-08-10,36.06,37.11,0.02911813643926786,2026-08-11,,,,,,,,
LBRDK,2026-08-10,36.1,37.1,0.027700831024930705,2026-08-11,,,,,,,,
LBRT,2026-08-10,21.13,21.48,0.01656412683388564,2026-08-11,,,,,,,,
LBRX,2026-08-10,45.85,45.33,-0.011341330425299945,2026-08-11,,,,,,,,
LBTYA,2026-08-10,10.15,10.19,0.003940886699507207,2026-08-11,,,,,,,,
LBTYK,2026-08-10,9.99,9.98,-0.0010010010010009784,2026-08-11,,,,,,,,
LCAP,2026-08-10,34.06,33.97,-0.00264239577216685,2026-08-11,,,,,,,,
LCCC,2026-08-10,10.46,10.51,0.004780114722753304,2026-08-11,,,,,,,,
LCDS,2026-08-10,74.3,74.1,-0.0026917900403768957,2026-08-11,,,,,,,,
LCF,2026-08-10,46.81,46.58,-0.00491348002563563,2026-08-11,,,,,,,,
LCFY,2026-08-10,2.64,2.7,0.022727272727272707,2026-08-11,,,,,,,,
LCID,2026-08-10,6.61,6.7,0.013615733736762392,2026-08-11,,,,,,,,
LCII,2026-08-10,104.85,107.32,0.02355746304244155,2026-08-11,,,,,,,,
LCLG,2026-08-10,73.27,73.09,-0.002456667121604972,2026-08-11,,,,,,,,
LCLN,2026-08-10,24.23,24.36,0.005365249690466367,2026-08-11,,,,,,,,
LCNB,2026-08-10,19.58,19.78,0.010214504596527174,2026-08-11,,,,,,,,
LCO,2026-08-10,27.4,27.51,0.004014598540146075,2026-08-11,,,,,,,,
LCOW,2026-08-10,26.65,26.6,-0.0018761726078798668,2026-08-11,,,,,,,,
LCR,2026-08-10,40.59,40.57,-0.0004927322000493062,2026-08-11,,,,,,,,
LCTD,2026-08-10,60.43,60.35,-0.0013238457719675356,2026-08-11,,,,,,,,
LCTO,2026-08-10,25.52,25.44,-0.0031347962382444194,2026-08-11,,,,,,,,
LCTU,2026-08-10,83.14,83.02,-0.0014433485686793368,2026-08-11,,,,,,,,
LCTX,2026-08-10,1.13,1.12,-0.008849557522123686,2026-08-11,,,,,,,,
LCUT,2026-08-10,9.27,9.63,0.038834951456310884,2026-08-11,,,,,,,,
LDDR,2026-08-10,77.14,77.2,0.0007778065854291416,2026-08-11,,,,,,,,
LDEM,2026-08-10,60.88,60.44,-0.007227332457293123,2026-08-11,,,,,,,,
LDI,2026-08-10,0.88,0.85,-0.03409090909090917,2026-08-11,,,,,,,,
LDOS,2026-08-10,139.1,140.89,0.012868439971243761,2026-08-11,,,,,,,,
LDP,2026-08-10,20.73,20.67,-0.0028943560057886897,2026-08-11,,,,,,,,
LDRC,2026-08-10,25.0,25.01,0.00039999999999995595,2026-08-11,,,,,,,,
LDRH,2026-08-10,24.51,24.47,-0.001631986944104602,2026-08-11,,,,,,,,
LDRI,2026-08-10,25.0,24.98,-0.0008000000000000229,2026-08-11,,,,,,,,
LDRT,2026-08-10,24.92,24.93,0.00040128410914919144,2026-08-11,,,,,,,,
LDRX,2026-08-10,36.91,36.69,-0.005960444324031422,2026-08-11,,,,,,,,
LDSF,2026-08-10,18.86,18.86,0.0,2026-08-11,,,,,,,,
LDUR,2026-08-10,95.32,95.25,-0.0007343684431387887,2026-08-11,,,,,,,,
LE,2026-08-10,13.07,13.08,0.0007651109410864443,2026-08-11,,,,,,,,
LEA,2026-08-10,120.87,121.93,0.00876975262678914,2026-08-11,,,,,,,,
LECO,2026-08-10,277.33,284.27,0.025024339234846593,2026-08-11,,,,,,,,
LEDS,2026-08-10,2.14,2.12,-0.009345794392523366,2026-08-11,,,,,,,,
LEE,2026-08-10,8.13,8.1,-0.0036900369003691758,2026-08-11,,,,,,,,
LEG,2026-08-10,9.46,9.53,0.007399577167018778,2026-08-11,,,,,,,,
LEGH,2026-08-10,28.42,28.94,0.018296973961998475,2026-08-11,,,,,,,,
LEGN,2026-08-10,20.66,21.83,0.056631171345595366,2026-08-11,,,,,,,,
LEGO,2026-08-10,9.98,9.99,0.0010020040080160886,2026-08-11,,,,,,,,
LEGR,2026-08-10,66.36,66.32,-0.0006027727546715766,2026-08-11,,,,,,,,
LEMB,2026-08-10,42.97,42.93,-0.0009308820107051252,2026-08-11,,,,,,,,
LEN,2026-08-10,85.6,87.55,0.02278037383177578,2026-08-11,,,,,,,,
LEND,2026-08-10,24.82,24.86,0.0016116035455278066,2026-08-11,,,,,,,,
LENS,2026-08-10,44.27,44.53,0.005873051728032541,2026-08-11,,,,,,,,
LENZ,2026-08-10,5.36,5.21,-0.027985074626865725,2026-08-11,,,,,,,,
LEO,2026-08-10,6.22,6.21,-0.001607717041800627,2026-08-11,,,,,,,,
LESL,2026-08-10,1.11,1.33,0.19819819819819817,2026-08-11,,,,,,,,
LEU,2026-08-10,189.34,189.19,-0.0007922256258582339,2026-08-11,,,,,,,,
LEUX,2026-08-10,14.46,14.52,0.004149377593360981,2026-08-11,,,,,,,,
LEVI,2026-08-10,23.61,22.74,-0.03684879288437104,2026-08-11,,,,,,,,
LEXI,2026-08-10,41.06,41.08,0.00048709206039920794,2026-08-11,,,,,,,,
LEXX,2026-08-10,5.49,5.79,0.05464480874316946,2026-08-11,,,,,,,,
LFAC,2026-08-10,10.03,10.04,0.0009970089730806375,2026-08-11,,,,,,,,
LFAI,2026-08-10,145.31,145.5,0.001307549377193462,2026-08-11,,,,,,,,
LFAO,2026-08-10,158.13,158.33,0.0012647821412763438,2026-08-11,,,,,,,,
LFAW,2026-08-10,168.45,168.67,0.001306025526862653,2026-08-11,,,,,,,,
LFBE,2026-08-10,177.14,177.38,0.0013548605622670795,2026-08-11,,,,,,,,
LFCR,2026-08-10,4.66,4.83,0.03648068669527893,2026-08-11,,,,,,,,
LFDR,2026-08-10,177.24,177.49,0.0014105168133604629,2026-08-11,,,,,,,,
LFEQ,2026-08-10,61.44,61.26,-0.0029296875,2026-08-11,,,,,,,,
LFGY,2026-08-10,18.91,19.06,0.007932310946588972,2026-08-11,,,,,,,,
LFMD,2026-08-10,3.62,3.38,-0.06629834254143652,2026-08-11,,,,,,,,
LFS,2026-08-10,2.39,2.27,-0.05020920502092052,2026-08-11,,,,,,,,
LFSC,2026-08-10,47.42,46.79,-0.013285533530156157,2026-08-11,,,,,,,,
LFST,2026-08-10,11.9,11.5,-0.03361344537815125,2026-08-11,,,,,,,,
LFT,2026-08-10,0.69,0.7,0.01449275362318847,2026-08-11,,,,,,,,
LFTO,2026-08-10,25.31,24.16,-0.04543658632951397,2026-08-11,,,,,,,,
LFUS,2026-08-10,455.18,453.87,-0.002877982336658036,2026-08-11,,,,,,,,
LFVN,2026-08-10,6.68,6.66,-0.0029940119760478723,2026-08-11,,,,,,,,
LFWD,2026-08-10,7.71,7.57,-0.018158236057068677,2026-08-11,,,,,,,,
LGCF,2026-08-10,38.35,38.53,0.004693611473272519,2026-08-11,,,,,,,,
LGCL,2026-08-10,1.3,1.39,0.0692307692307692,2026-08-11,,,,,,,,
LGCY,2026-08-10,11.24,10.65,-0.052491103202847,2026-08-11,,,,,,,,
LGDS,2026-08-10,49.9,49.62,-0.005611222444889763,2026-08-11,,,,,,,,
LGDX,2026-08-10,25.91,25.82,-0.0034735623311462627,2026-08-11,,,,,,,,
LGH,2026-08-10,66.83,66.51,-0.004788268741583002,2026-08-11,,,,,,,,
LGHL,2026-08-10,0.85,0.79,-0.07058823529411762,2026-08-11,,,,,,,,
LGHT,2026-08-10,9.18,9.24,0.006535947712418277,2026-08-11,,,,,,,,
LGI,2026-08-10,18.45,18.47,0.0010840108401084514,2026-08-11,,,,,,,,
LGIH,2026-08-10,56.7,57.8,0.0194003527336859,2026-08-11,,,,,,,,
LGL,2026-08-10,7.33,7.25,-0.010914051841746208,2026-08-11,,,,,,,,
LGLV,2026-08-10,188.56,188.05,-0.002704709376325831,2026-08-11,,,,,,,,
LGN,2026-08-10,64.16,64.97,0.012624688279301743,2026-08-11,,,,,,,,
LGND,2026-08-10,295.7,288.75,-0.023503550896178504,2026-08-11,,,,,,,,
LGO,2026-08-10,0.79,0.77,-0.025316455696202556,2026-08-11,,,,,,,,
LGOV,2026-08-10,20.92,20.89,-0.0014340344168261021,2026-08-11,,,,,,,,
LGPS,2026-08-10,0.93,0.89,-0.043010752688172116,2026-08-11,,,,,,,,
LGRO,2026-08-10,47.55,47.59,0.0008412197686646916,2026-08-11,,,,,,,,
LGVN,2026-08-10,0.74,0.69,-0.06756756756756765,2026-08-11,,,,,,,,
LH,2026-08-10,321.31,322.42,0.003454607699729273,2026-08-11,,,,,,,,
LHAI,2026-08-10,0.77,0.81,0.051948051948051965,2026-08-11,,,,,,,,
LHSW,2026-08-10,3.03,3.1,0.02310231023102327,2026-08-11,,,,,,,,
LHX,2026-08-10,289.72,286.02,-0.012770951263288866,2026-08-11,,,,,,,,
LI,2026-08-10,12.84,12.68,-0.012461059190031154,2026-08-11,,,,,,,,
LIAE,2026-08-10,202.12,202.17,0.000247377795369097,2026-08-11,,,,,,,,
LIAM,2026-08-10,228.75,228.84,0.00039344262295082366,2026-08-11,,,,,,,,
LIAU,2026-08-10,252.53,252.64,0.0004355918108738255,2026-08-11,,,,,,,,
LIBD,2026-08-10,267.39,267.52,0.00048618123340427033,2026-08-11,,,,,,,,
LICN,2026-08-10,1.18,1.33,0.12711864406779672,2026-08-11,,,,,,,,
LIDR,2026-08-10,1.3,1.33,0.023076923076922995,2026-08-11,,,,,,,,
LIEN,2026-08-10,9.65,9.78,0.013471502590673534,2026-08-11,,,,,,,,
LIF,2026-08-10,64.61,48.61,-0.24763968425940253,2026-08-11,,,,,,,,
LIFE,2026-08-10,32.43,33.45,0.031452358926919555,2026-08-11,,,,,,,,
LIFT,2026-08-10,22.59,22.61,0.0008853474988932408,2026-08-11,,,,,,,,
LII,2026-08-10,423.28,430.83,0.017836892836892826,2026-08-11,,,,,,,,
LILA,2026-08-10,8.51,8.57,0.007050528789659394,2026-08-11,,,,,,,,
LILAK,2026-08-10,8.43,8.47,0.004744958481613493,2026-08-11,,,,,,,,
LIME,2026-08-10,40.63,40.47,-0.003937976864386017,2026-08-11,,,,,,,,
LIMI,2026-08-10,44.26,43.9,-0.008133755083596927,2026-08-11,,,,,,,,
LIMN,2026-08-10,0.12,0.11,-0.08333333333333326,2026-08-11,,,,,,,,
LIN,2026-08-10,492.46,490.53,-0.003919100028428768,2026-08-11,,,,,,,,
LINC,2026-08-10,30.77,30.38,-0.012674683132921749,2026-08-11,,,,,,,,
LIND,2026-08-10,33.04,32.84,-0.006053268765133013,2026-08-11,,,,,,,,
LINE,2026-08-10,41.35,41.8,0.010882708585247869,2026-08-11,,,,,,,,
LINK,2026-08-10,5.2,5.1,-0.019230769230769384,2026-08-11,,,,,,,,
LINT,2026-08-10,114.01,114.11,0.0008771160424523305,2026-08-11,,,,,,,,
LION,2026-08-10,12.36,11.87,-0.039644012944983875,2026-08-11,,,,,,,,
LIQT,2026-08-10,0.72,0.7,-0.02777777777777779,2026-08-11,,,,,,,,
LIT,2026-08-10,74.74,74.11,-0.008429221300508383,2026-08-11,,,,,,,,
LITB,2026-08-10,3.12,3.05,-0.022435897435897578,2026-08-11,,,,,,,,
LITC,2026-08-10,24.02,24.59,0.023730224812656076,2026-08-11,,,,,,,,
LITE,2026-08-10,813.51,820.59,0.008703027621049575,2026-08-11,,,,,,,,
LITL,2026-08-10,34.81,34.65,-0.004596380350474161,2026-08-11,,,,,,,,
LITP,2026-08-10,11.38,11.18,-0.017574692442882345,2026-08-11,,,,,,,,
LITS,2026-08-10,0.87,0.9,0.034482758620689724,2026-08-11,,,,,,,,
LITU,2026-08-10,16.81,17.1,0.017251635930993547,2026-08-11,,,,,,,,
LITX,2026-08-10,26.91,27.35,0.01635079895949465,2026-08-11,,,,,,,,
LITZ,2026-08-10,11.71,11.53,-0.015371477369769515,2026-08-11,,,,,,,,
LIVE,2026-08-10,10.0,10.35,0.03499999999999992,2026-08-11,,,,,,,,
LIVN,2026-08-10,76.48,78.58,0.02745815899581583,2026-08-11,,,,,,,,
LJAN,2026-08-10,24.75,24.75,0.0,2026-08-11,,,,,,,,
LJUL,2026-08-10,24.03,24.02,-0.0004161464835622519,2026-08-11,,,,,,,,
LKFN,2026-08-10,61.03,61.86,0.013599868916926106,2026-08-11,,,,,,,,
LKFT,2026-08-10,26.91,28.73,0.06763285024154597,2026-08-11,,,,,,,,
LKOR,2026-08-10,39.95,39.98,0.000750938673341528,2026-08-11,,,,,,,,
LKQ,2026-08-10,24.57,24.7,0.005291005291005346,2026-08-11,,,,,,,,
LKSP,2026-08-10,10.19,10.18,-0.0009813542688910104,2026-08-11,,,,,,,,
LLDR,2026-08-10,43.02,43.07,0.00116225011622495,2026-08-11,,,,,,,,
LLY,2026-08-10,1231.94,1215.02,-0.013734435118593513,2026-08-11,,,,,,,,
LLYVA,2026-08-10,100.42,100.53,0.0010953993228439707,2026-08-11,,,,,,,,
LLYVK,2026-08-10,104.46,104.26,-0.0019146084625693005,2026-08-11,,,,,,,,
LLYX,2026-08-10,28.4,27.62,-0.02746478873239433,2026-08-11,,,,,,,,
LMAT,2026-08-10,81.19,82.84,0.020322699839881775,2026-08-11,,,,,,,,
LMB,2026-08-10,46.33,46.4,0.0015109000647528514,2026-08-11,,,,,,,,
LMBS,2026-08-10,49.6,49.62,0.0004032258064514682,2026-08-11,,,,,,,,
LMND,2026-08-10,52.68,52.87,0.0036066818526954147,2026-08-11,,,,,,,,
LMNR,2026-08-10,13.76,13.99,0.01671511627906974,2026-08-11,,,,,,,,
LMNX,2026-08-10,8.94,9.01,0.007829977628635465,2026-08-11,,,,,,,,
LMRI,2026-08-10,11.74,11.66,-0.006814310051107331,2026-08-11,,,,,,,,
LMT,2026-08-10,603.16,597.77,-0.008936268983354312,2026-08-11,,,,,,,,
LMTL,2026-08-10,41.58,40.89,-0.016594516594516495,2026-08-11,,,,,,,,
LMUB,2026-08-10,49.94,49.91,-0.0006007208650380402,2026-08-11,,,,,,,,
LNAI,2026-08-10,2.36,2.4,0.016949152542372836,2026-08-11,,,,,,,,
LNC,2026-08-10,45.68,44.43,-0.027364273204903644,2026-08-11,,,,,,,,
LND,2026-08-10,3.55,3.51,-0.011267605633802802,2026-08-11,,,,,,,,
LNG,2026-08-10,265.68,265.43,-0.0009409816320385955,2026-08-11,,,,,,,,
LNGX,2026-08-10,43.72,44.05,0.0075480329368708965,2026-08-11,,,,,,,,
LNKS,2026-08-10,1.06,1.12,0.05660377358490565,2026-08-11,,,,,,,,
LNN,2026-08-10,115.21,114.99,-0.0019095564621126604,2026-08-11,,,,,,,,
LNOK,2026-08-10,28.44,30.47,0.07137834036568202,2026-08-11,,,,,,,,
LNSR,2026-08-10,6.02,6.03,0.0016611295681063787,2026-08-11,,,,,,,,
LNT,2026-08-10,68.21,68.58,0.005424424571177422,2026-08-11,,,,,,,,
LNTH,2026-08-10,100.98,100.68,-0.0029708853238265,2026-08-11,,,,,,,,
LNZA,2026-08-10,6.32,6.22,-0.015822784810126667,2026-08-11,,,,,,,,
LOAN,2026-08-10,4.17,4.12,-0.011990407673860837,2026-08-11,,,,,,,,
LOAR,2026-08-10,70.64,72.89,0.031851642129105295,2026-08-11,,,,,,,,
LOB,2026-08-10,42.23,42.78,0.013023916646933476,2026-08-11,,,,,,,,
LOBO,2026-08-10,0.66,0.7,0.06060606060606055,2026-08-11,,,,,,,,
LOCL,2026-08-10,1.15,1.26,0.09565217391304359,2026-08-11,,,,,,,,
LOCO,2026-08-10,15.2,14.83,-0.02434210526315783,2026-08-11,,,,,,,,
LOCT,2026-08-10,23.91,23.91,0.0,2026-08-11,,,,,,,,
LODE,2026-08-10,3.25,3.55,0.0923076923076922,2026-08-11,,,,,,,,
LODI,2026-08-10,25.16,25.16,0.0,2026-08-11,,,,,,,,
LOEV,2026-08-10,16.29,16.39,0.006138735420503361,2026-08-11,,,,,,,,
LOFD,2026-08-10,8.3,8.86,0.06746987951807215,2026-08-11,,,,,,,,
LOFF,2026-08-10,15.07,13.91,-0.0769741207697412,2026-08-11,,,,,,,,
LOGI,2026-08-10,104.87,103.66,-0.011538094784018349,2026-08-11,,,,,,,,
LOGO,2026-08-10,21.33,21.39,0.002812939521800395,2026-08-11,,,,,,,,
LOHA,2026-08-10,26.76,26.84,0.002989536621823552,2026-08-11,,,,,,,,
LOMA,2026-08-10,10.33,9.92,-0.039690222652468576,2026-08-11,,,,,,,,
LONA,2026-08-10,7.5,7.62,0.016000000000000014,2026-08-11,,,,,,,,
LONZ,2026-08-10,49.08,49.07,-0.00020374898125508079,2026-08-11,,,,,,,,
LOOP,2026-08-10,0.65,0.66,0.01538461538461533,2026-08-11,,,,,,,,
LOPE,2026-08-10,146.5,144.38,-0.014470989761092179,2026-08-11,,,,,,,,
LOPP,2026-08-10,38.34,38.64,0.00782472613458518,2026-08-11,,,,,,,,
LOT,2026-08-10,0.86,0.89,0.03488372093023262,2026-08-11,,,,,,,,
LOTI,2026-08-10,26.23,26.22,-0.000381242851696606,2026-08-11,,,,,,,,
LOUP,2026-08-10,94.19,95.19,0.010616838305552712,2026-08-11,,,,,,,,
LOVE,2026-08-10,17.3,17.6,0.01734104046242768,2026-08-11,,,,,,,,
LOW,2026-08-10,218.88,221.25,0.010827850877193068,2026-08-11,,,,,,,,
LOWV,2026-08-10,84.54,84.34,-0.0023657440264963636,2026-08-11,,,,,,,,
LPA,2026-08-10,2.95,3.0,0.016949152542372836,2026-08-11,,,,,,,,
LPAA,2026-08-10,10.82,10.77,-0.004621072088724643,2026-08-11,,,,,,,,
LPBB,2026-08-10,10.77,10.77,0.0,2026-08-11,,,,,,,,
LPCN,2026-08-10,2.1,2.09,-0.004761904761904856,2026-08-11,,,,,,,,
LPCV,2026-08-10,10.03,10.07,0.003988035892323216,2026-08-11,,,,,,,,
LPG,2026-08-10,44.46,43.04,-0.0319388214125057,2026-08-11,,,,,,,,
LPL,2026-08-10,3.36,3.43,0.02083333333333348,2026-08-11,,,,,,,,
LPLA,2026-08-10,372.11,371.19,-0.002472387197334114,2026-08-11,,,,,,,,
LPRE,2026-08-10,29.48,29.57,0.0030529172320217235,2026-08-11,,,,,,,,
LPRO,2026-08-10,3.14,3.14,0.0,2026-08-11,,,,,,,,
LPSN,2026-08-10,2.53,2.72,0.07509881422924924,2026-08-11,,,,,,,,
LPTH,2026-08-10,12.57,13.09,0.041368337311058045,2026-08-11,,,,,,,,
LPX,2026-08-10,74.39,75.52,0.015190213738405678,2026-08-11,,,,,,,,
LQ,2026-08-10,24.1,24.06,-0.0016597510373445035,2026-08-11,,,,,,,,
LQAI,2026-08-10,45.29,45.33,0.0008831971737690569,2026-08-11,,,,,,,,
LQD,2026-08-10,105.96,105.99,0.00028312570781419133,2026-08-11,,,,,,,,
LQDA,2026-08-10,91.03,88.05,-0.03273646050752499,2026-08-11,,,,,,,,
LQDB,2026-08-10,84.6,84.62,0.00023640661938539864,2026-08-11,,,,,,,,
LQDH,2026-08-10,92.26,92.25,-0.0001083893344895337,2026-08-11,,,,,,,,
LQDI,2026-08-10,25.67,25.69,0.00077911959485788,2026-08-11,,,,,,,,
LQDM,2026-08-10,23.85,23.87,0.0008385744234800097,2026-08-11,,,,,,,,
LQDT,2026-08-10,40.91,41.78,0.021266194084575973,2026-08-11,,,,,,,,
LQDW,2026-08-10,23.27,23.29,0.0008594757198108205,2026-08-11,,,,,,,,
LQID,2026-08-10,25.03,25.02,-0.00039952057530967533,2026-08-11,,,,,,,,
LQTI,2026-08-10,18.68,18.68,0.0,2026-08-11,,,,,,,,
LRCC,2026-08-10,17.69,18.23,0.030525720746184204,2026-08-11,,,,,,,,
LRCU,2026-08-10,50.18,51.79,0.03208449581506567,2026-08-11,,,,,,,,
LRCX,2026-08-10,306.4,311.41,0.016351174934726043,2026-08-11,,,,,,,,
LRE,2026-08-10,1.32,1.32,0.0,2026-08-11,,,,,,,,
LRGC,2026-08-10,87.71,87.49,-0.0025082658761829135,2026-08-11,,,,,,,,
LRGE,2026-08-10,88.57,88.57,0.0,2026-08-11,,,,,,,,
LRGF,2026-08-10,78.78,78.52,-0.0033003300330033403,2026-08-11,,,,,,,,
LRGG,2026-08-10,29.79,29.66,-0.004363880496811023,2026-08-11,,,,,,,,
LRHC,2026-08-10,0.73,0.7,-0.04109589041095896,2026-08-11,,,,,,,,
LRMR,2026-08-10,4.01,4.31,0.07481296758104738,2026-08-11,,,,,,,,
LRN,2026-08-10,80.23,79.09,-0.014209148697494678,2026-08-11,,,,,,,,
LRND,2026-08-10,47.33,46.95,-0.008028734417916628,2026-08-11,,,,,,,,
LRNX,2026-08-10,22.01,21.25,-0.0345297592003635,2026-08-11,,,,,,,,
LRNZ,2026-08-10,64.08,63.79,-0.004525593008739115,2026-08-11,,,,,,,,
LSAF,2026-08-10,56.0,55.83,-0.0030357142857143637,2026-08-11,,,,,,,,
LSAK,2026-08-10,4.69,4.83,0.02985074626865658,2026-08-11,,,,,,,,
LSAT,2026-08-10,46.28,46.37,0.0019446845289541326,2026-08-11,,,,,,,,
LSBK,2026-08-10,17.05,17.13,0.004692082111436902,2026-08-11,,,,,,,,
LSCC,2026-08-10,128.32,126.12,-0.017144638403989942,2026-08-11,,,,,,,,
LSCP,2026-08-10,24.72,24.72,0.0,2026-08-11,,,,,,,,
LSE,2026-08-10,4.72,4.81,0.019067796610169552,2026-08-11,,,,,,,,
LSEQ,2026-08-10,33.52,33.89,0.011038186157517726,2026-08-11,,,,,,,,
LSF,2026-08-10,4.37,4.63,0.059496567505720854,2026-08-11,,,,,,,,
LSGR,2026-08-10,45.17,44.81,-0.00796989152092098,2026-08-11,,,,,,,,
LSPD,2026-08-10,10.49,10.47,-0.0019065776930409228,2026-08-11,,,,,,,,
LST,2026-08-10,48.51,48.29,-0.0045351473922902175,2026-08-11,,,,,,,,
LSTA,2026-08-10,1.09,1.21,0.11009174311926584,2026-08-11,,,,,,,,
LSTB,2026-08-10,24.68,24.7,0.0008103727714747766,2026-08-11,,,,,,,,
LSTR,2026-08-10,178.35,177.74,-0.003420241098962662,2026-08-11,,,,,,,,
LSVD,2026-08-10,36.31,36.09,-0.006058936931974679,2026-08-11,,,,,,,,
LTAX,2026-08-10,24.91,24.89,-0.0008028904054596664,2026-08-11,,,,,,,,
LTBR,2026-08-10,8.9,9.06,0.01797752808988773,2026-08-11,,,,,,,,
LTC,2026-08-10,39.42,38.11,-0.03323186199898531,2026-08-11,,,,,,,,
LTCC,2026-08-10,10.99,11.09,0.009099181073703333,2026-08-11,,,,,,,,
LTGO,2026-08-10,18.56,18.52,-0.0021551724137930384,2026-08-11,,,,,,,,
LTGR,2026-08-10,9.91,9.91,0.0,2026-08-11,,,,,,,,
LTH,2026-08-10,42.46,43.81,0.03179463024022611,2026-08-11,,,,,,,,
LTL,2026-08-10,24.42,24.18,-0.00982800982800991,2026-08-11,,,,,,,,
LTM,2026-08-10,53.74,53.01,-0.013583922590249431,2026-08-11,,,,,,,,
LTPZ,2026-08-10,47.66,47.69,0.0006294586655477552,2026-08-11,,,,,,,,
LTRN,2026-08-10,2.81,2.78,-0.01067615658362997,2026-08-11,,,,,,,,
LTRX,2026-08-10,5.73,5.91,0.03141361256544495,2026-08-11,,,,,,,,
LTTI,2026-08-10,17.49,17.52,0.0017152658662094034,2026-08-11,,,,,,,,
LU,2026-08-10,1.66,1.55,-0.06626506024096379,2026-08-11,,,,,,,,
LUCD,2026-08-10,0.96,0.96,0.0,2026-08-11,,,,,,,,
LUCK,2026-08-10,6.55,6.58,0.004580152671755711,2026-08-11,,,,,,,,
LUCY,2026-08-10,0.7,0.7,0.0,2026-08-11,,,,,,,,
LUD,2026-08-10,4.35,4.24,-0.025287356321838983,2026-08-11,,,,,,,,
LULG,2026-08-10,7.39,7.12,-0.03653585926928271,2026-08-11,,,,,,,,
LULU,2026-08-10,127.8,125.61,-0.017136150234741798,2026-08-11,,,,,,,,
LUMA,2026-08-10,24.72,24.84,0.004854368932038833,2026-08-11,,,,,,,,
LUMN,2026-08-10,6.64,6.38,-0.03915662650602403,2026-08-11,,,,,,,,
LUNG,2026-08-10,2.28,2.26,-0.00877192982456143,2026-08-11,,,,,,,,
LUNL,2026-08-10,4.68,5.06,0.08119658119658113,2026-08-11,,,,,,,,
LUNR,2026-08-10,15.78,16.48,0.0443599493029152,2026-08-11,,,,,,,,
LUV,2026-08-10,44.9,45.52,0.0138084632516704,2026-08-11,,,,,,,,
LUXE,2026-08-10,8.1,7.71,-0.04814814814814816,2026-08-11,,,,,,,,
LVDS,2026-08-10,60.95,60.87,-0.0013125512715341792,2026-08-11,,,,,,,,
LVHD,2026-08-10,44.18,44.25,0.0015844273426890432,2026-08-11,,,,,,,,
LVHI,2026-08-10,42.95,42.91,-0.0009313154831200876,2026-08-11,,,,,,,,
LVIG,2026-08-10,98.06,98.12,0.0006118702834998491,2026-08-11,,,,,,,,
LVLN,2026-08-10,24.77,24.81,0.0016148566814695453,2026-08-11,,,,,,,,
LVLU,2026-08-10,18.87,19.36,0.02596714361420238,2026-08-11,,,,,,,,
LVO,2026-08-10,4.38,4.56,0.041095890410958846,2026-08-11,,,,,,,,
LVS,2026-08-10,45.46,45.72,0.005719313682358118,2026-08-11,,,,,,,,
LVWR,2026-08-10,1.13,1.16,0.026548672566371723,2026-08-11,,,,,,,,
LW,2026-08-10,51.81,52.59,0.01505500868558185,2026-08-11,,,,,,,,
LWAC,2026-08-10,10.27,10.28,0.0009737098344693162,2026-08-11,,,,,,,,
LWAY,2026-08-10,29.97,29.68,-0.009676343009676347,2026-08-11,,,,,,,,
LWLG,2026-08-10,7.61,7.56,-0.006570302233902869,2026-08-11,,,,,,,,
LX,2026-08-10,1.47,1.47,0.0,2026-08-11,,,,,,,,
LXEH,2026-08-10,1.75,1.8,0.028571428571428692,2026-08-11,,,,,,,,
LXEO,2026-08-10,4.63,4.78,0.03239740820734349,2026-08-11,,,,,,,,
LXFR,2026-08-10,17.08,17.08,0.0,2026-08-11,,,,,,,,
LXP,2026-08-10,60.72,60.66,-0.0009881422924901129,2026-08-11,,,,,,,,
LXRX,2026-08-10,2.4,2.43,0.012500000000000178,2026-08-11,,,,,,,,
LXU,2026-08-10,10.09,9.99,-0.009910802775024763,2026-08-11,,,,,,,,
LYB,2026-08-10,62.65,63.98,0.02122905027932953,2026-08-11,,,,,,,,
LYEL,2026-08-10,14.33,14.88,0.038381018841591175,2026-08-11,,,,,,,,
LYFT,2026-08-10,17.26,17.54,0.016222479721900163,2026-08-11,,,,,,,,
LYG,2026-08-10,6.12,6.1,-0.0032679738562092497,2026-08-11,,,,,,,,
LYLD,2026-08-10,32.84,32.86,0.0006090133982945556,2026-08-11,,,,,,,,
LYTE,2026-08-10,24.13,24.68,0.022793203481143776,2026-08-11,,,,,,,,
LYTS,2026-08-10,24.77,24.7,-0.0028259991925716488,2026-08-11,,,,,,,,
LYV,2026-08-10,184.64,183.33,-0.007094887348353396,2026-08-11,,,,,,,,
LZ,2026-08-10,5.68,5.44,-0.042253521126760396,2026-08-11,,,,,,,,
LZB,2026-08-10,41.4,41.54,0.0033816425120773985,2026-08-11,,,,,,,,
LZM,2026-08-10,4.05,4.14,0.022222222222222143,2026-08-11,,,,,,,,
LZMH,2026-08-10,1.23,1.22,-0.008130081300813052,2026-08-11,,,,,,,,
M,2026-08-10,24.9,24.52,-0.015261044176706817,2026-08-11,,,,,,,,
MA,2026-08-10,563.17,561.44,-0.003071896585400302,2026-08-11,,,,,,,,
MAA,2026-08-10,132.34,131.74,-0.004533776635937681,2026-08-11,,,,,,,,
MAAS,2026-08-10,20.7,20.89,0.009178743961352653,2026-08-11,,,,,,,,
MAAY,2026-08-10,5.57,5.59,0.0035906642728904536,2026-08-11,,,,,,,,
MAC,2026-08-10,24.33,24.53,0.008220304151253632,2026-08-11,,,,,,,,
MACI,2026-08-10,10.99,10.92,-0.006369426751592355,2026-08-11,,,,,,,,
MADE,2026-08-10,38.03,38.35,0.008414409676571033,2026-08-11,,,,,,,,
MAGA,2026-08-10,57.75,57.97,0.003809523809523707,2026-08-11,,,,,,,,
MAGC,2026-08-10,20.98,20.3,-0.0324118207816968,2026-08-11,,,,,,,,
MAGG,2026-08-10,19.88,19.88,0.0,2026-08-11,,,,,,,,
MAGN,2026-08-10,13.1,12.46,-0.04885496183206095,2026-08-11,,,,,,,,
MAGS,2026-08-10,69.04,68.44,-0.008690614136732444,2026-08-11,,,,,,,,
MAGX,2026-08-10,57.79,56.54,-0.02163003979927325,2026-08-11,,,,,,,,
MAGY,2026-08-10,42.42,42.17,-0.005893446487505893,2026-08-11,,,,,,,,
MAIA,2026-08-10,1.41,1.38,-0.021276595744680882,2026-08-11,,,,,,,,
MAIN,2026-08-10,58.52,59.03,0.008714969241284898,2026-08-11,,,,,,,,
MAIR,2026-08-10,30.33,31.88,0.051104516979887826,2026-08-11,,,,,,,,
MAKO,2026-08-10,9.65,9.89,0.024870466321243567,2026-08-11,,,,,,,,
MAKX,2026-08-10,70.31,70.97,0.009387000426681835,2026-08-11,,,,,,,,
MAMA,2026-08-10,17.67,17.8,0.007357102433503071,2026-08-11,,,,,,,,
MAMB,2026-08-10,23.88,23.88,0.0,2026-08-11,,,,,,,,
MAMO,2026-08-10,1.06,1.05,-0.009433962264150941,2026-08-11,,,,,,,,
MAN,2026-08-10,56.52,56.24,-0.004953998584571906,2026-08-11,,,,,,,,
MANE,2026-08-10,110.75,108.95,-0.016252821670428852,2026-08-11,,,,,,,,
MANH,2026-08-10,195.69,195.2,-0.0025039603454444226,2026-08-11,,,,,,,,
MANI,2026-08-10,25.94,25.92,-0.0007710100231302919,2026-08-11,,,,,,,,
MANU,2026-08-10,21.7,22.06,0.016589861751151957,2026-08-11,,,,,,,,
MAPP,2026-08-10,28.02,28.03,0.00035688793718779976,2026-08-11,,,,,,,,
MAR,2026-08-10,348.44,349.49,0.003013431293766633,2026-08-11,,,,,,,,
MARA,2026-08-10,9.56,9.68,0.012552301255229992,2026-08-11,,,,,,,,
MARM,2026-08-10,34.44,34.41,-0.0008710801393728707,2026-08-11,,,,,,,,
MARO,2026-08-10,4.03,4.07,0.00992555831265518,2026-08-11,,,,,,,,
MARPS,2026-08-10,4.83,4.84,0.0020703933747412417,2026-08-11,,,,,,,,
MARS,2026-08-10,27.56,27.79,0.00834542815674899,2026-08-11,,,,,,,,
MART,2026-08-10,42.8,42.74,-0.0014018691588784105,2026-08-11,,,,,,,,
MARU,2026-08-10,30.44,30.35,-0.002956636005256197,2026-08-11,,,,,,,,
MARW,2026-08-10,36.64,36.63,-0.00027292576419213344,2026-08-11,,,,,,,,
MARZ,2026-08-10,37.65,37.51,-0.003718459495351989,2026-08-11,,,,,,,,
MAS,2026-08-10,74.72,76.14,0.01900428265524634,2026-08-11,,,,,,,,
MASK,2026-08-10,1.58,1.63,0.03164556962025311,2026-08-11,,,,,,,,
MASS,2026-08-10,8.8,10.01,0.13749999999999996,2026-08-11,,,,,,,,
MAT,2026-08-10,14.74,15.03,0.019674355495250984,2026-08-11,,,,,,,,
MATE,2026-08-10,31.44,31.29,-0.004770992366412319,2026-08-11,,,,,,,,
MATH,2026-08-10,0.87,0.9,0.034482758620689724,2026-08-11,,,,,,,,
MATV,2026-08-10,12.8,12.8,0.0,2026-08-11,,,,,,,,
MATW,2026-08-10,22.98,23.5,0.022628372497824234,2026-08-11,,,,,,,,
MATX,2026-08-10,208.68,204.41,-0.020461951313015203,2026-08-11,,,,,,,,
MAUG,2026-08-10,33.3,33.26,-0.001201201201201152,2026-08-11,,,,,,,,
MAVF,2026-08-10,141.92,141.8,-0.0008455467869220579,2026-08-11,,,,,,,,
MAX,2026-08-10,13.54,13.11,-0.03175775480059084,2026-08-11,,,,,,,,
MAXI,2026-08-10,8.92,8.8,-0.013452914798206206,2026-08-11,,,,,,,,
MAXJ,2026-08-10,29.42,29.43,0.00033990482664836286,2026-08-11,,,,,,,,
MAYC,2026-08-10,26.12,26.09,-0.0011485451761102938,2026-08-11,,,,,,,,
MAYM,2026-08-10,33.18,33.18,0.0,2026-08-11,,,,,,,,
MAYP,2026-08-10,33.13,33.06,-0.0021128886205855624,2026-08-11,,,,,,,,
MAYS,2026-08-10,40.72,40.73,0.00024557956777981893,2026-08-11,,,,,,,,
MAYT,2026-08-10,39.84,39.81,-0.0007530120481927804,2026-08-11,,,,,,,,
MAYU,2026-08-10,34.99,34.89,-0.002857959416976308,2026-08-11,,,,,,,,
MAYW,2026-08-10,35.35,35.35,0.0,2026-08-11,,,,,,,,
MAYZ,2026-08-10,37.05,36.94,-0.0029689608636976894,2026-08-11,,,,,,,,
MAZE,2026-08-10,27.28,27.31,0.0010997067448679232,2026-08-11,,,,,,,,
MB,2026-08-10,6.8,6.35,-0.06617647058823528,2026-08-11,,,,,,,,
MBAI,2026-08-10,1.31,1.2,-0.08396946564885499,2026-08-11,,,,,,,,
MBB,2026-08-10,92.92,93.03,0.0011838140335773684,2026-08-11,,,,,,,,
MBBA,2026-08-10,48.83,48.92,0.0018431292238378916,2026-08-11,,,,,,,,
MBBB,2026-08-10,20.91,20.93,0.0009564801530368428,2026-08-11,,,,,,,,
MBBC,2026-08-10,14.96,14.53,-0.02874331550802145,2026-08-11,,,,,,,,
MBC,2026-08-10,9.06,9.22,0.017660044150110465,2026-08-11,,,,,,,,
MBCE,2026-08-10,38.83,38.84,0.00025753283543661354,2026-08-11,,,,,,,,
MBGL,2026-08-10,19.0,19.37,0.01947368421052631,2026-08-11,,,,,,,,
MBI,2026-08-10,5.03,4.96,-0.013916500994035852,2026-08-11,,,,,,,,
MBIN,2026-08-10,54.01,54.44,0.00796148861321977,2026-08-11,,,,,,,,
MBIO,2026-08-10,0.59,0.61,0.033898305084745894,2026-08-11,,,,,,,,
MBLY,2026-08-10,8.75,8.87,0.013714285714285568,2026-08-11,,,,,,,,
MBND,2026-08-10,26.94,26.94,0.0,2026-08-11,,,,,,,,
MBOT,2026-08-10,1.93,1.68,-0.1295336787564767,2026-08-11,,,,,,,,
MBOX,2026-08-10,42.45,42.58,0.0030624263839811317,2026-08-11,,,,,,,,
MBRX,2026-08-10,0.43,0.44,0.023255813953488413,2026-08-11,,,,,,,,
MBS,2026-08-10,8.55,8.52,-0.0035087719298246833,2026-08-11,,,,,,,,
MBSD,2026-08-10,20.38,20.4,0.0009813542688910104,2026-08-11,,,,,,,,
MBSF,2026-08-10,25.66,25.65,-0.000389711613406174,2026-08-11,,,,,,,,
MBSX,2026-08-10,26.75,26.75,0.0,2026-08-11,,,,,,,,
MBUU,2026-08-10,28.95,29.68,0.025215889464594188,2026-08-11,,,,,,,,
MBVI,2026-08-10,10.2,10.2,0.0,2026-08-11,,,,,,,,
MBWM,2026-08-10,60.59,60.85,0.0042911371513449925,2026-08-11,,,,,,,,
MBX,2026-08-10,66.15,66.01,-0.002116402116402072,2026-08-11,,,,,,,,
MC,2026-08-10,63.69,66.6,0.045690061234102686,2026-08-11,,,,,,,,
MCAH,2026-08-10,9.97,9.98,0.0010030090270811698,2026-08-11,,,,,,,,
MCB,2026-08-10,92.42,92.92,0.005410084397316606,2026-08-11,,,,,,,,
MCBS,2026-08-10,35.4,35.89,0.013841807909604542,2026-08-11,,,,,,,,
MCD,2026-08-10,273.72,274.15,0.0015709484144379449,2026-08-11,,,,,,,,
MCDS,2026-08-10,69.28,69.53,0.003608545034642141,2026-08-11,,,,,,,,
MCFT,2026-08-10,24.08,24.68,0.024916943521594792,2026-08-11,,,,,,,,
MCGA,2026-08-10,10.29,10.28,-0.0009718172983479434,2026-08-11,,,,,,,,
MCH,2026-08-10,29.25,28.58,-0.022905982905983002,2026-08-11,,,,,,,,
MCHB,2026-08-10,16.71,17.17,0.02752842609216044,2026-08-11,,,,,,,,
MCHG,2026-08-10,8.97,8.9,-0.0078037904124861335,2026-08-11,,,,,,,,
MCHI,2026-08-10,56.93,55.62,-0.023010714913051178,2026-08-11,,,,,,,,
MCHP,2026-08-10,81.39,81.02,-0.004546013023713047,2026-08-11,,,,,,,,
MCHS,2026-08-10,42.61,42.17,-0.010326214503637576,2026-08-11,,,,,,,,
MCHU,2026-08-10,15.81,15.62,-0.012017710309930485,2026-08-11,,,,,,,,
MCHX,2026-08-10,1.79,1.74,-0.027932960893854775,2026-08-11,,,,,,,,
MCI,2026-08-10,16.61,16.56,-0.003010234798314304,2026-08-11,,,,,,,,
MCK,2026-08-10,879.87,901.77,0.024890040574175654,2026-08-11,,,,,,,,
MCN,2026-08-10,5.65,5.69,0.0070796460176991705,2026-08-11,,,,,,,,
MCO,2026-08-10,478.14,476.48,-0.0034717865060441833,2026-08-11,,,,,,,,
MCOW,2026-08-10,22.2,22.31,0.004954954954955015,2026-08-11,,,,,,,,
MCRB,2026-08-10,5.0,4.64,-0.07200000000000006,2026-08-11,,,,,,,,
MCRI,2026-08-10,121.21,122.28,0.008827654483953618,2026-08-11,,,,,,,,
MCRP,2026-08-10,1.27,1.17,-0.07874015748031504,2026-08-11,,,,,,,,
MCS,2026-08-10,29.87,28.68,-0.03983930364914634,2026-08-11,,,,,,,,
MCVT,2026-08-10,28.85,28.75,-0.0034662045060659397,2026-08-11,,,,,,,,
MCY,2026-08-10,106.94,105.76,-0.011034224798952663,2026-08-11,,,,,,,,
MD,2026-08-10,26.08,26.14,0.0023006134969325576,2026-08-11,,,,,,,,
MDA,2026-08-10,33.41,34.2,0.02364561508530394,2026-08-11,,,,,,,,
MDAA,2026-08-10,117.55,117.24,-0.002637175669927716,2026-08-11,,,,,,,,
MDAI,2026-08-10,1.71,1.71,0.0,2026-08-11,,,,,,,,
MDB,2026-08-10,416.67,439.16,0.05397556819545435,2026-08-11,,,,,,,,
MDBH,2026-08-10,2.98,3.07,0.030201342281879207,2026-08-11,,,,,,,,
MDCR,2026-08-10,32.8,32.78,-0.0006097560975608651,2026-08-11,,,,,,,,
MDCX,2026-08-10,0.32,0.35,0.09375,2026-08-11,,,,,,,,
MDEV,2026-08-10,21.23,21.42,0.008949599623174764,2026-08-11,,,,,,,,
MDGL,2026-08-10,515.34,535.27,0.038673497108704824,2026-08-11,,,,,,,,
MDIA,2026-08-10,0.95,0.95,0.0,2026-08-11,,,,,,,,
MDIV,2026-08-10,16.75,16.78,0.001791044776119577,2026-08-11,,,,,,,,
MDLN,2026-08-10,33.81,35.04,0.036379769299023756,2026-08-11,,,,,,,,
MDLV,2026-08-10,31.59,31.67,0.002532446976891478,2026-08-11,,,,,,,,
MDLZ,2026-08-10,61.53,61.78,0.004063058670567221,2026-08-11,,,,,,,,
MDPL,2026-08-10,29.46,29.74,0.00950441276306857,2026-08-11,,,,,,,,
MDRR,2026-08-10,11.54,11.52,-0.0017331022530329143,2026-08-11,,,,,,,,
MDST,2026-08-10,29.22,29.28,0.002053388090349051,2026-08-11,,,,,,,,
MDT,2026-08-10,89.41,90.68,0.014204227715020723,2026-08-11,,,,,,,,
MDU,2026-08-10,20.41,20.5,0.004409603135717699,2026-08-11,,,,,,,,
MDV,2026-08-10,18.21,18.05,-0.00878638110928065,2026-08-11,,,,,,,,
MDWD,2026-08-10,13.83,13.93,0.007230657989877098,2026-08-11,,,,,,,,
MDXG,2026-08-10,4.27,4.32,0.011709601873536535,2026-08-11,,,,,,,,
MDXH,2026-08-10,0.45,0.44,-0.022222222222222254,2026-08-11,,,,,,,,
MDY,2026-08-10,706.98,709.05,0.0029279470423491105,2026-08-11,,,,,,,,
MDYG,2026-08-10,111.7,111.99,0.002596239928379429,2026-08-11,,,,,,,,
MDYV,2026-08-10,96.26,96.57,0.003220444629129293,2026-08-11,,,,,,,,
MEAR,2026-08-10,50.18,50.22,0.0007971303308089706,2026-08-11,,,,,,,,
MEC,2026-08-10,22.89,22.5,-0.017038007863695914,2026-08-11,,,,,,,,
MED,2026-08-10,12.09,11.65,-0.03639371381306866,2026-08-11,,,,,,,,
MEDI,2026-08-10,34.54,34.41,-0.0037637521713955735,2026-08-11,,,,,,,,
MEDP,2026-08-10,602.43,605.5,0.005096027754261989,2026-08-11,,,,,,,,
MEDS,2026-08-10,1.6,1.39,-0.1312500000000001,2026-08-11,,,,,,,,
MEDX,2026-08-10,36.03,35.74,-0.008048848182070523,2026-08-11,,,,,,,,
MEGI,2026-08-10,15.14,15.06,-0.005284015852047519,2026-08-11,,,,,,,,
MEGL,2026-08-10,1.24,1.21,-0.024193548387096753,2026-08-11,,,,,,,,
MEI,2026-08-10,16.37,16.75,0.023213194868662024,2026-08-11,,,,,,,,
MEIB,2026-08-10,25.2,25.41,0.008333333333333304,2026-08-11,,,,,,,,
MELI,2026-08-10,1824.34,1940.0,0.0633982700593092,2026-08-11,,,,,,,,
MEM,2026-08-10,43.81,43.85,0.0009130335539830892,2026-08-11,,,,,,,,
MEMA,2026-08-10,30.07,30.27,0.006651147322913165,2026-08-11,,,,,,,,
MEME,2026-08-10,7.64,7.79,0.01963350785340312,2026-08-11,,,,,,,,
MEMS,2026-08-10,30.7,30.85,0.004885993485342022,2026-08-11,,,,,,,,
MEMX,2026-08-10,46.6,46.82,0.0047210300429183505,2026-08-11,,,,,,,,
MEMY,2026-08-10,17.5,17.65,0.008571428571428452,2026-08-11,,,,,,,,
MENS,2026-08-10,2.1,2.1,0.0,2026-08-11,,,,,,,,
MEOH,2026-08-10,55.23,54.27,-0.01738185768604006,2026-08-11,,,,,,,,
MERC,2026-08-10,0.51,0.5,-0.019607843137254943,2026-08-11,,,,,,,,
MESH,2026-08-10,10.03,10.04,0.0009970089730806375,2026-08-11,,,,,,,,
MESO,2026-08-10,16.68,16.92,0.014388489208633226,2026-08-11,,,,,,,,
MET,2026-08-10,97.03,96.8,-0.0023704009069360765,2026-08-11,,,,,,,,
META,2026-08-10,594.92,599.12,0.007059772742553649,2026-08-11,,,,,,,,
METC,2026-08-10,10.18,10.21,0.0029469548133596035,2026-08-11,,,,,,,,
METD,2026-08-10,16.13,16.02,-0.0068195908245505255,2026-08-11,,,,,,,,
METG,2026-08-10,14.17,14.37,0.014114326040931546,2026-08-11,,,,,,,,
METL,2026-08-10,28.19,28.12,-0.0024831500532103146,2026-08-11,,,,,,,,
METU,2026-08-10,21.63,21.93,0.01386962552011095,2026-08-11,,,,,,,,
METV,2026-08-10,19.24,19.22,-0.0010395010395010118,2026-08-11,,,,,,,,
METW,2026-08-10,24.62,24.84,0.008935824532900094,2026-08-11,,,,,,,,
MEVO,2026-08-10,9.98,9.99,0.0010020040080160886,2026-08-11,,,,,,,,
MEXX,2026-08-10,29.81,29.0,-0.027172089902717134,2026-08-11,,,,,,,,
MF,2026-08-10,10.19,9.83,-0.035328753680078484,2026-08-11,,,,,,,,
MFA,2026-08-10,9.09,9.18,0.00990099009900991,2026-08-11,,,,,,,,
MFC,2026-08-10,44.15,43.82,-0.007474518686296672,2026-08-11,,,,,,,,
MFDX,2026-08-10,42.59,42.57,-0.00046959380136191164,2026-08-11,,,,,,,,
MFEB,2026-08-10,33.23,33.2,-0.0009027986758950446,2026-08-11,,,,,,,,
MFEM,2026-08-10,27.93,27.9,-0.0010741138560688146,2026-08-11,,,,,,,,
MFG,2026-08-10,10.46,10.44,-0.0019120458891014325,2026-08-11,,,,,,,,
MFI,2026-08-10,7.9,7.58,-0.040506329113924044,2026-08-11,,,,,,,,
MFIC,2026-08-10,9.68,9.76,0.008264462809917328,2026-08-11,,,,,,,,
MFIG,2026-08-10,21.67,21.56,-0.005076142131979822,2026-08-11,,,,,,,,
MFIN,2026-08-10,10.85,11.03,0.016589861751151957,2026-08-11,,,,,,,,
MFLX,2026-08-10,16.96,16.99,0.001768867924528239,2026-08-11,,,,,,,,
MFM,2026-08-10,5.39,5.39,0.0,2026-08-11,,,,,,,,
MFMO,2026-08-10,23.38,23.26,-0.0051325919589391145,2026-08-11,,,,,,,,
MFP,2026-08-10,44.82,44.95,0.0029004908522980433,2026-08-11,,,,,,,,
MFSB,2026-08-10,24.59,24.62,0.001220008133387518,2026-08-11,,,,,,,,
MFSG,2026-08-10,30.52,30.4,-0.003931847968545288,2026-08-11,,,,,,,,
MFSI,2026-08-10,33.9,33.78,-0.003539823008849474,2026-08-11,,,,,,,,
MFSM,2026-08-10,24.81,24.84,0.0012091898428052694,2026-08-11,,,,,,,,
MFSV,2026-08-10,29.94,30.0,0.002004008016031955,2026-08-11,,,,,,,,
MFUL,2026-08-10,22.52,22.53,0.000444049733570262,2026-08-11,,,,,,,,
MFUS,2026-08-10,66.68,66.67,-0.00014997000599892285,2026-08-11,,,,,,,,
MFUT,2026-08-10,19.49,19.36,-0.006670087224217469,2026-08-11,,,,,,,,
MFVL,2026-08-10,22.3,22.19,-0.004932735426008916,2026-08-11,,,,,,,,
MG,2026-08-10,15.79,18.59,0.1773274224192527,2026-08-11,,,,,,,,
MGA,2026-08-10,69.89,70.27,0.005437115467162634,2026-08-11,,,,,,,,
MGC,2026-08-10,283.63,282.23,-0.004936008179670659,2026-08-11,,,,,,,,
MGEE,2026-08-10,80.47,81.04,0.007083385112464313,2026-08-11,,,,,,,,
MGF,2026-08-10,2.83,2.84,0.0035335689045936647,2026-08-11,,,,,,,,
MGIH,2026-08-10,1.74,1.56,-0.10344827586206895,2026-08-11,,,,,,,,
MGK,2026-08-10,90.63,90.0,-0.006951340615690138,2026-08-11,,,,,,,,
MGKX,2026-08-10,23.67,23.35,-0.013519222644697959,2026-08-11,,,,,,,,
MGLD,2026-08-10,1.03,1.1,0.06796116504854366,2026-08-11,,,,,,,,
MGM,2026-08-10,43.36,44.13,0.01775830258302591,2026-08-11,,,,,,,,
MGMT,2026-08-10,51.49,51.85,0.006991648863857058,2026-08-11,,,,,,,,
MGN,2026-08-10,0.13,0.11,-0.15384615384615385,2026-08-11,,,,,,,,
MGNI,2026-08-10,24.21,24.3,0.0037174721189590088,2026-08-11,,,,,,,,
MGNR,2026-08-10,52.82,52.72,-0.0018932222642938923,2026-08-11,,,,,,,,
MGNX,2026-08-10,4.08,3.92,-0.03921568627450989,2026-08-11,,,,,,,,
MGOV,2026-08-10,19.84,19.86,0.0010080645161290036,2026-08-11,,,,,,,,
MGPI,2026-08-10,17.79,18.37,0.032602585722316,2026-08-11,,,,,,,,
MGRC,2026-08-10,120.53,120.88,0.0029038413672943797,2026-08-11,,,,,,,,
MGRT,2026-08-10,94.5,97.0,0.02645502645502651,2026-08-11,,,,,,,,
MGRX,2026-08-10,0.59,0.55,-0.06779661016949146,2026-08-11,,,,,,,,
MGTX,2026-08-10,13.02,13.05,0.0023041474654379446,2026-08-11,,,,,,,,
MGV,2026-08-10,167.3,167.39,0.0005379557680811331,2026-08-11,,,,,,,,
MGX,2026-08-10,1.23,1.21,-0.016260162601625994,2026-08-11,,,,,,,,
MGY,2026-08-10,26.01,26.01,0.0,2026-08-11,,,,,,,,
MGYR,2026-08-10,19.08,19.08,0.0,2026-08-11,,,,,,,,
MH,2026-08-10,11.62,11.5,-0.0103270223752151,2026-08-11,,,,,,,,
MHD,2026-08-10,11.58,11.61,0.002590673575129543,2026-08-11,,,,,,,,
MHF,2026-08-10,6.89,6.95,0.00870827285921627,2026-08-11,,,,,,,,
MHH,2026-08-10,7.72,7.87,0.01943005181347157,2026-08-11,,,,,,,,
MHIG,2026-08-10,20.25,20.25,0.0,2026-08-11,,,,,,,,
MHIP,2026-08-10,21.0,20.95,-0.0023809523809523725,2026-08-11,,,,,,,,
MHK,2026-08-10,135.65,136.68,0.007593070401769264,2026-08-11,,,,,,,,
MHM,2026-08-10,,,,2026-08-11,,,,,,,,
MHO,2026-08-10,148.1,152.28,0.028224172856178287,2026-08-11,,,,,,,,
MHX,2026-08-10,14.15,14.57,0.029681978798586472,2026-08-11,,,,,,,,
MHY,2026-08-10,25.84,25.83,-0.0003869969040248833,2026-08-11,,,,,,,,
MI,2026-08-10,7.7,8.4,0.09090909090909083,2026-08-11,,,,,,,,
MIACU,2026-08-10,9.97,9.97,0.0,2026-08-11,,,,,,,,
MIAX,2026-08-10,43.59,42.32,-0.029135122734572194,2026-08-11,,,,,,,,
MIC,2026-08-10,11.12,11.13,0.0008992805755396738,2026-08-11,,,,,,,,
MICC,2026-08-10,19.2,19.43,0.011979166666666652,2026-08-11,,,,,,,,
MID,2026-08-10,69.77,70.02,0.0035832019492618716,2026-08-11,,,,,,,,
MIDD,2026-08-10,130.3,119.99,-0.07912509593246364,2026-08-11,,,,,,,,
MIDE,2026-08-10,38.84,39.01,0.004376930998970074,2026-08-11,,,,,,,,
MIDU,2026-08-10,74.77,75.41,0.008559582720342407,2026-08-11,,,,,,,,
MIG,2026-08-10,20.9,20.88,-0.000956937799043045,2026-08-11,,,,,,,,
MIGO,2026-08-10,30.14,30.18,0.0013271400132712774,2026-08-11,,,,,,,,
MILK,2026-08-10,24.15,24.15,0.0,2026-08-11,,,,,,,,
MILN,2026-08-10,46.6,46.63,0.0006437768240343811,2026-08-11,,,,,,,,
MIMI,2026-08-10,2.03,1.97,-0.029556650246305383,2026-08-11,,,,,,,,
MIN,2026-08-10,2.44,2.46,0.008196721311475308,2026-08-11,,,,,,,,
MIND,2026-08-10,5.02,4.84,-0.03585657370517925,2026-08-11,,,,,,,,
MINE,2026-08-10,2.82,2.73,-0.03191489361702127,2026-08-11,,,,,,,,
MINN,2026-08-10,22.07,22.06,-0.00045310376076124204,2026-08-11,,,,,,,,
MINO,2026-08-10,44.99,44.99,0.0,2026-08-11,,,,,,,,
MINT,2026-08-10,100.58,100.59,9.942334460144586e-05,2026-08-11,,,,,,,,
MINV,2026-08-10,49.44,49.54,0.0020226537216829765,2026-08-11,,,,,,,,
MINY,2026-08-10,39.31,39.35,0.0010175527855507127,2026-08-11,,,,,,,,
MIR,2026-08-10,15.07,15.27,0.013271400132713884,2026-08-11,,,,,,,,
MIRA,2026-08-10,0.77,0.78,0.012987012987013102,2026-08-11,,,,,,,,
MIRM,2026-08-10,98.7,98.23,-0.004761904761904745,2026-08-11,,,,,,,,
MISL,2026-08-10,47.49,47.51,0.000421141292903604,2026-08-11,,,,,,,,
MIST,2026-08-10,1.26,1.27,0.007936507936507908,2026-08-11,,,,,,,,
MITK,2026-08-10,18.55,18.52,-0.0016172506738545422,2026-08-11,,,,,,,,
MITQ,2026-08-10,0.54,0.54,0.0,2026-08-11,,,,,,,,
MITT,2026-08-10,6.32,6.73,0.06487341772151911,2026-08-11,,,,,,,,
MIVL,2026-08-10,26.71,26.71,0.0,2026-08-11,,,,,,,,
MIY,2026-08-10,12.38,12.46,0.00646203554119551,2026-08-11,,,,,,,,
MJ,2026-08-10,23.67,24.76,0.04604985213350221,2026-08-11,,,,,,,,
MJSC,2026-08-10,61.71,61.82,0.0017825311942958333,2026-08-11,,,,,,,,
MJUN,2026-08-10,32.92,32.88,-0.0012150668286755595,2026-08-11,,,,,,,,
MKAM,2026-08-10,32.44,32.39,-0.0015413070283599728,2026-08-11,,,,,,,,
MKC,2026-08-10,53.13,52.89,-0.0045172219085263254,2026-08-11,,,,,,,,
MKDW,2026-08-10,11.7,10.85,-0.07264957264957261,2026-08-11,,,,,,,,
MKL,2026-08-10,1840.08,1841.04,0.0005217164471109648,2026-08-11,,,,,,,,
MKLY,2026-08-10,10.23,10.22,-0.0009775171065493637,2026-08-11,,,,,,,,
MKOR,2026-08-10,57.24,58.36,0.01956673654786867,2026-08-11,,,,,,,,
MKSI,2026-08-10,292.35,294.38,0.006943731828287891,2026-08-11,,,,,,,,
MKTN,2026-08-10,27.45,27.19,-0.00947176684881601,2026-08-11,,,,,,,,
MKTW,2026-08-10,19.8,18.9,-0.045454545454545525,2026-08-11,,,,,,,,
MKTX,2026-08-10,162.5,162.53,0.00018461538461544968,2026-08-11,,,,,,,,
MKZR,2026-08-10,1.52,1.51,-0.006578947368421018,2026-08-11,,,,,,,,
MLAA,2026-08-10,9.96,9.97,0.0010040160642570406,2026-08-11,,,,,,,,
MLAB,2026-08-10,101.62,111.23,0.09456799842550678,2026-08-11,,,,,,,,
MLCI,2026-08-10,2.96,2.85,-0.03716216216216217,2026-08-11,,,,,,,,
MLCO,2026-08-10,5.46,5.55,0.016483516483516425,2026-08-11,,,,,,,,
MLDR,2026-08-10,48.04,48.08,0.0008326394671107629,2026-08-11,,,,,,,,
MLEC,2026-08-10,7.01,7.08,0.009985734664764712,2026-08-11,,,,,,,,
MLGO,2026-08-10,4.08,4.15,0.0171568627450982,2026-08-11,,,,,,,,
MLI,2026-08-10,68.9,68.45,-0.0065312046444122585,2026-08-11,,,,,,,,
MLKN,2026-08-10,24.08,23.8,-0.011627906976744096,2026-08-11,,,,,,,,
MLM,2026-08-10,549.54,553.67,0.007515376496706416,2026-08-11,,,,,,,,
MLN,2026-08-10,17.5,17.51,0.0005714285714286671,2026-08-11,,,,,,,,
MLP,2026-08-10,16.1,16.05,-0.0031055900621118626,2026-08-11,,,,,,,,
MLPA,2026-08-10,55.6,55.83,0.004136690647482011,2026-08-11,,,,,,,,
MLPB,2026-08-10,30.47,30.75,0.009189366590088621,2026-08-11,,,,,,,,
MLPD,2026-08-10,24.65,24.74,0.0036511156186611604,2026-08-11,,,,,,,,
MLPI,2026-08-10,53.83,54.15,0.005944640535017642,2026-08-11,,,,,,,,
MLPR,2026-08-10,75.39,75.87,0.006366892160764026,2026-08-11,,,,,,,,
MLPX,2026-08-10,73.57,73.72,0.0020388745412533993,2026-08-11,,,,,,,,
MLR,2026-08-10,53.38,54.59,0.022667665792431624,2026-08-11,,,,,,,,
MLSS,2026-08-10,0.47,0.49,0.042553191489361764,2026-08-11,,,,,,,,
MLTX,2026-08-10,17.33,16.59,-0.04270051933064045,2026-08-11,,,,,,,,
MLYS,2026-08-10,27.38,27.33,-0.0018261504747991708,2026-08-11,,,,,,,,
MMA,2026-08-10,0.41,0.41,0.0,2026-08-11,,,,,,,,
MMAR,2026-08-10,32.86,32.83,-0.0009129640900791269,2026-08-11,,,,,,,,
MMAX,2026-08-10,27.27,27.3,0.0011001100110010764,2026-08-11,,,,,,,,
MMAY,2026-08-10,33.27,33.24,-0.0009017132551848439,2026-08-11,,,,,,,,
MMCA,2026-08-10,21.5,21.5,0.0,2026-08-11,,,,,,,,
MMD,2026-08-10,14.96,14.99,0.00200534759358284,2026-08-11,,,,,,,,
MMED,2026-08-10,19.5,19.78,0.014358974358974486,2026-08-11,,,,,,,,
MMI,2026-08-10,30.67,31.16,0.015976524290837846,2026-08-11,,,,,,,,
MMID,2026-08-10,27.54,27.65,0.00399419026869996,2026-08-11,,,,,,,,
MMIN,2026-08-10,23.75,23.78,0.001263157894736855,2026-08-11,,,,,,,,
MMIT,2026-08-10,24.06,24.06,0.0,2026-08-11,,,,,,,,
MMK,2026-08-10,100.1,100.12,0.00019980019980025965,2026-08-11,,,,,,,,
MMKT,2026-08-10,100.21,100.22,9.979044007590865e-05,2026-08-11,,,,,,,,
MMLP,2026-08-10,2.5,2.36,-0.05600000000000005,2026-08-11,,,,,,,,
MMM,2026-08-10,182.04,183.13,0.005987695012085181,2026-08-11,,,,,,,,
MMMA,2026-08-10,25.18,25.17,-0.00039714058776796346,2026-08-11,,,,,,,,
MMS,2026-08-10,55.3,54.19,-0.020072332730560527,2026-08-11,,,,,,,,
MMSC,2026-08-10,28.64,28.65,0.00034916201117307644,2026-08-11,,,,,,,,
MMSD,2026-08-10,25.25,25.25,0.0,2026-08-11,,,,,,,,
MMSI,2026-08-10,89.75,91.11,0.015153203342618271,2026-08-11,,,,,,,,
MMT,2026-08-10,4.43,4.46,0.006772009029345494,2026-08-11,,,,,,,,
MMTM,2026-08-10,307.11,306.06,-0.0034189704014848665,2026-08-11,,,,,,,,
MMTX,2026-08-10,10.13,10.12,-0.000987166831194597,2026-08-11,,,,,,,,
MMU,2026-08-10,10.1,10.11,0.000990099009900991,2026-08-11,,,,,,,,
MMYT,2026-08-10,60.91,61.41,0.008208832703989533,2026-08-11,,,,,,,,
MNA,2026-08-10,36.7,36.65,-0.0013623978201635634,2026-08-11,,,,,,,,
MNBD,2026-08-10,25.75,25.75,0.0,2026-08-11,,,,,,,,
MNDO,2026-08-10,1.04,1.01,-0.028846153846153855,2026-08-11,,,,,,,,
MNDR,2026-08-10,1.75,1.82,0.040000000000000036,2026-08-11,,,,,,,,
MNDY,2026-08-10,88.62,87.47,-0.012976754682915925,2026-08-11,,,,,,,,
MNKD,2026-08-10,3.93,3.84,-0.022900763358778664,2026-08-11,,,,,,,,
MNOV,2026-08-10,1.32,1.32,0.0,2026-08-11,,,,,,,,
MNPR,2026-08-10,116.35,114.46,-0.01624409110442626,2026-08-11,,,,,,,,
MNR,2026-08-10,13.18,13.15,-0.0022761760242792084,2026-08-11,,,,,,,,
MNRO,2026-08-10,11.76,11.66,-0.008503401360544172,2026-08-11,,,,,,,,
MNRS,2026-08-10,32.57,33.11,0.016579674547129164,2026-08-11,,,,,,,,
MNSB,2026-08-10,24.1,24.49,0.016182572614107826,2026-08-11,,,,,,,,
MNSO,2026-08-10,12.52,12.04,-0.03833865814696491,2026-08-11,,,,,,,,
MNST,2026-08-10,91.43,45.53,-0.5020234058842831,2026-08-11,,,,,,,,
MNSX,2026-08-10,23.21,23.07,-0.006031882809134026,2026-08-11,,,,,,,,
MNTK,2026-08-10,1.71,1.81,0.0584795321637428,2026-08-11,,,,,,,,
MNTN,2026-08-10,11.55,11.41,-0.0121212121212122,2026-08-11,,,,,,,,
MNTS,2026-08-10,4.69,4.81,0.025586353944562656,2026-08-11,,,,,,,,
MNVR,2026-08-10,33.14,33.13,-0.0003017501508749687,2026-08-11,,,,,,,,
MNVT,2026-08-10,28.96,29.48,0.017955801104972302,2026-08-11,,,,,,,,
MNY,2026-08-10,0.96,0.95,-0.01041666666666663,2026-08-11,,,,,,,,
MNZL,2026-08-10,60.49,60.47,-0.0003306331625062553,2026-08-11,,,,,,,,
MO,2026-08-10,65.54,65.03,-0.007781507476350424,2026-08-11,,,,,,,,
MOAT,2026-08-10,113.03,113.05,0.0001769441741130695,2026-08-11,,,,,,,,
MOB,2026-08-10,5.75,5.84,0.01565217391304352,2026-08-11,,,,,,,,
MOBI,2026-08-10,12.73,12.58,-0.011783189316575071,2026-08-11,,,,,,,,
MOBX,2026-08-10,1.72,1.56,-0.09302325581395343,2026-08-11,,,,,,,,
MOD,2026-08-10,191.01,198.32,0.038270247631014165,2026-08-11,,,,,,,,
MODD,2026-08-10,2.0,2.02,0.010000000000000009,2026-08-11,,,,,,,,
MODL,2026-08-10,52.88,52.73,-0.002836611195158989,2026-08-11,,,,,,,,
MOG-A,2026-08-10,409.75,416.98,0.017644905430140412,2026-08-11,,,,,,,,
MOGU,2026-08-10,2.0,1.95,-0.025000000000000022,2026-08-11,,,,,,,,
MOH,2026-08-10,198.84,194.54,-0.021625427479380455,2026-08-11,,,,,,,,
MOLN,2026-08-10,4.13,4.12,-0.002421307506053183,2026-08-11,,,,,,,,
MOMO,2026-08-10,5.89,5.83,-0.01018675721561968,2026-08-11,,,,,,,,
MOO,2026-08-10,81.52,81.62,0.001226692836113985,2026-08-11,,,,,,,,
MOOD,2026-08-10,44.3,44.31,0.0002257336343116645,2026-08-11,,,,,,,,
MORN,2026-08-10,201.03,195.38,-0.028105257921703264,2026-08-11,,,,,,,,
MORT,2026-08-10,9.79,9.91,0.012257405515832653,2026-08-11,,,,,,,,
MOS,2026-08-10,23.47,23.1,-0.015764806135492027,2026-08-11,,,,,,,,
MOTG,2026-08-10,41.69,41.41,-0.006716238906212535,2026-08-11,,,,,,,,
MOTI,2026-08-10,37.62,37.21,-0.010898458266879185,2026-08-11,,,,,,,,
MOTO,2026-08-10,63.41,63.49,0.001261630657624968,2026-08-11,,,,,,,,
MOV,2026-08-10,36.75,37.0,0.006802721088435382,2026-08-11,,,,,,,,
MOVE,2026-08-10,11.74,11.0,-0.06303236797274281,2026-08-11,,,,,,,,
MP,2026-08-10,54.66,55.24,0.010611050128064514,2026-08-11,,,,,,,,
MPA,2026-08-10,11.12,11.11,-0.0008992805755395628,2026-08-11,,,,,,,,
MPAA,2026-08-10,12.42,12.45,0.0024154589371980784,2026-08-11,,,,,,,,
MPB,2026-08-10,37.33,37.81,0.012858290918832171,2026-08-11,,,,,,,,
MPC,2026-08-10,320.32,336.42,0.05026223776223793,2026-08-11,,,,,,,,
MPG,2026-08-10,5.2,5.29,0.017307692307692246,2026-08-11,,,,,,,,
MPL,2026-08-10,14.0,14.21,0.015000000000000124,2026-08-11,,,,,,,,
MPLT,2026-08-10,12.18,11.98,-0.016420361247947435,2026-08-11,,,,,,,,
MPLX,2026-08-10,58.7,59.3,0.010221465076660996,2026-08-11,,,,,,,,
MPLY,2026-08-10,32.8,32.55,-0.007621951219512146,2026-08-11,,,,,,,,
MPRO,2026-08-10,32.55,32.53,-0.0006144393241166446,2026-08-11,,,,,,,,
MPT,2026-08-10,4.15,4.02,-0.03132530120481947,2026-08-11,,,,,,,,
MPTI,2026-08-10,84.67,85.62,0.011220030707452588,2026-08-11,,,,,,,,
MPU,2026-08-10,0.22,0.22,0.0,2026-08-11,,,,,,,,
MPV,2026-08-10,16.36,16.3,-0.003667481662591565,2026-08-11,,,,,,,,
MPWC,2026-08-10,25.27,25.92,0.025722200237435766,2026-08-11,,,,,,,,
MPWR,2026-08-10,1381.1,1402.11,0.015212511765983594,2026-08-11,,,,,,,,
MPWX,2026-08-10,16.07,16.56,0.030491599253266832,2026-08-11,,,,,,,,
MQ,2026-08-10,15.6,15.57,-0.0019230769230769162,2026-08-11,,,,,,,,
MQQQ,2026-08-10,231.19,229.71,-0.006401660971495304,2026-08-11,,,,,,,,
MQY,2026-08-10,11.35,11.33,-0.0017621145374449032,2026-08-11,,,,,,,,
MRA,2026-08-10,19.48,20.03,0.02823408624229984,2026-08-11,,,,,,,,
MRAL,2026-08-10,29.43,30.08,0.022086306489976115,2026-08-11,,,,,,,,
MRAM,2026-08-10,15.93,16.44,0.03201506591337111,2026-08-11,,,,,,,,
MRBK,2026-08-10,19.38,19.81,0.022187822497419907,2026-08-11,,,,,,,,
MRCOU,2026-08-10,10.02,10.02,0.0,2026-08-11,,,,,,,,
MRCP,2026-08-10,35.01,34.98,-0.0008568980291345785,2026-08-11,,,,,,,,
MRCY,2026-08-10,108.64,109.15,0.0046944035346097035,2026-08-11,,,,,,,,
MRDN,2026-08-10,13.24,13.99,0.056646525679758364,2026-08-11,,,,,,,,
MREO,2026-08-10,0.27,0.31,0.14814814814814814,2026-08-11,,,,,,,,
MRGR,2026-08-10,45.39,45.35,-0.0008812513769552721,2026-08-11,,,,,,,,
MRK,2026-08-10,130.92,130.42,-0.0038191261839291,2026-08-11,,,,,,,,
MRKR,2026-08-10,1.15,1.12,-0.02608695652173898,2026-08-11,,,,,,,,
MRLN,2026-08-10,4.44,4.41,-0.006756756756756799,2026-08-11,,,,,,,,
MRM,2026-08-10,0.99,1.05,0.06060606060606055,2026-08-11,,,,,,,,
MRNA,2026-08-10,59.81,60.57,0.012706905199799223,2026-08-11,,,,,,,,
MRNO,2026-08-10,0.22,0.21,-0.045454545454545525,2026-08-11,,,,,,,,
MRNX,2026-08-10,28.31,29.02,0.025079477216531254,2026-08-11,,,,,,,,
MRNY,2026-08-10,15.42,15.41,-0.0006485084306095956,2026-08-11,,,,,,,,
MRP,2026-08-10,28.8,29.73,0.03229166666666661,2026-08-11,,,,,,,,
MRSH,2026-08-10,190.79,191.25,0.002411027831647372,2026-08-11,,,,,,,,
MRSK,2026-08-10,39.79,39.74,-0.0012565971349585148,2026-08-11,,,,,,,,
MRT,2026-08-10,1.79,1.8,0.005586592178770999,2026-08-11,,,,,,,,
MRTN,2026-08-10,14.68,14.51,-0.011580381471389622,2026-08-11,,,,,,,,
MRVI,2026-08-10,6.07,5.81,-0.042833607907743154,2026-08-11,,,,,,,,
MRVL,2026-08-10,208.56,212.31,0.017980437284234707,2026-08-11,,,,,,,,
MRVU,2026-08-10,99.88,103.38,0.03504205046055264,2026-08-11,,,,,,,,
MRVX,2026-08-10,21.25,21.85,0.028235294117647136,2026-08-11,,,,,,,,
MRX,2026-08-10,60.55,59.93,-0.01023947151114779,2026-08-11,,,,,,,,
MS,2026-08-10,215.33,215.07,-0.0012074490317188769,2026-08-11,,,,,,,,
MSA,2026-08-10,193.13,192.96,-0.0008802361103918965,2026-08-11,,,,,,,,
MSAI,2026-08-10,5.35,5.35,0.0,2026-08-11,,,,,,,,
MSB,2026-08-10,23.29,23.57,0.012022327179046943,2026-08-11,,,,,,,,
MSBI,2026-08-10,33.2,33.35,0.004518072289156683,2026-08-11,,,,,,,,
MSBT,2026-08-10,18.33,18.19,-0.007637752318603197,2026-08-11,,,,,,,,
MSC,2026-08-10,1.77,1.7,-0.039548022598870136,2026-08-11,,,,,,,,
MSCI,2026-08-10,563.08,561.71,-0.0024330468139518446,2026-08-11,,,,,,,,
MSD,2026-08-10,7.33,7.31,-0.0027285129604366354,2026-08-11,,,,,,,,
MSDL,2026-08-10,15.19,15.35,0.010533245556286985,2026-08-11,,,,,,,,
MSEP,2026-08-10,32.65,32.64,-0.00030627871362931547,2026-08-11,,,,,,,,
MSEX,2026-08-10,57.74,58.28,0.009352268791132712,2026-08-11,,,,,,,,
MSFC,2026-08-10,49.26,48.77,-0.009947218838814331,2026-08-11,,,,,,,,
MSFD,2026-08-10,10.18,10.25,0.006876227897838927,2026-08-11,,,,,,,,
MSFL,2026-08-10,26.06,25.82,-0.009209516500383708,2026-08-11,,,,,,,,
MSFO,2026-08-10,12.9,12.82,-0.006201550387596955,2026-08-11,,,,,,,,
MSFT,2026-08-10,506.06,503.81,-0.004446113109117467,2026-08-11,,,,,,,,
MSFU,2026-08-10,39.18,38.83,-0.00893312914752431,2026-08-11,,,,,,,,
MSFW,2026-08-10,33.64,33.51,-0.003864447086801448,2026-08-11,,,,,,,,
MSFX,2026-08-10,25.85,25.6,-0.009671179883945835,2026-08-11,,,,,,,,
MSFY,2026-08-10,20.83,20.74,-0.004320691310609637,2026-08-11,,,,,,,,
MSGE,2026-08-10,78.07,79.37,0.016651722812860426,2026-08-11,,,,,,,,
MSGM,2026-08-10,4.35,4.44,0.020689655172414056,2026-08-11,,,,,,,,
MSGS,2026-08-10,391.87,393.47,0.004082986704774694,2026-08-11,,,,,,,,
MSGY,2026-08-10,0.29,3.43,10.827586206896553,2026-08-11,,,,,,,,
MSI,2026-08-10,461.98,466.86,0.010563227845361345,2026-08-11,,,,,,,,
MSIF,2026-08-10,12.37,12.28,-0.007275666936135794,2026-08-11,,,,,,,,
MSIX,2026-08-10,34.35,34.71,0.010480349344978102,2026-08-11,,,,,,,,
MSLC,2026-08-10,61.19,61.07,-0.0019611047556790107,2026-08-11,,,,,,,,
MSLE,2026-08-10,10.01,10.02,0.0009990009990010762,2026-08-11,,,,,,,,
MSM,2026-08-10,122.93,120.06,-0.023346620027658083,2026-08-11,,,,,,,,
MSMR,2026-08-10,34.98,34.82,-0.004574042309891224,2026-08-11,,,,,,,,
MSN,2026-08-10,0.37,0.38,0.027027027027026973,2026-08-11,,,,,,,,
MSOL,2026-08-10,20.62,20.49,-0.006304558680892414,2026-08-11,,,,,,,,
MSOS,2026-08-10,4.4,4.63,0.05227272727272725,2026-08-11,,,,,,,,
MSOX,2026-08-10,2.4,2.64,0.10000000000000009,2026-08-11,,,,,,,,
MSR,2026-08-10,14.22,14.22,0.0,2026-08-11,,,,,,,,
MSS,2026-08-10,1.4,1.44,0.028571428571428692,2026-08-11,,,,,,,,
MSSE,2026-08-10,20.17,20.23,0.0029747149231531544,2026-08-11,,,,,,,,
MSSM,2026-08-10,60.99,61.2,0.0034431874077718305,2026-08-11,,,,,,,,
MSSS,2026-08-10,36.73,36.69,-0.0010890280424720178,2026-08-11,,,,,,,,
MSST,2026-08-10,22.93,22.55,-0.016572176188399457,2026-08-11,,,,,,,,
MST,2026-08-10,8.43,8.23,-0.023724792408066353,2026-08-11,,,,,,,,
MSTB,2026-08-10,44.39,44.23,-0.003604415408875905,2026-08-11,,,,,,,,
MSTC,2026-08-10,30.38,29.4,-0.032258064516129004,2026-08-11,,,,,,,,
MSTI,2026-08-10,20.16,20.17,0.0004960317460318553,2026-08-11,,,,,,,,
MSTP,2026-08-10,13.25,12.87,-0.028679245283018906,2026-08-11,,,,,,,,
MSTQ,2026-08-10,39.05,38.92,-0.0033290653008961613,2026-08-11,,,,,,,,
MSTR,2026-08-10,97.33,96.09,-0.01274016233432651,2026-08-11,,,,,,,,
MSTU,2026-08-10,1.89,1.85,-0.021164021164021052,2026-08-11,,,,,,,,
MSTW,2026-08-10,3.3,3.2,-0.030303030303030165,2026-08-11,,,,,,,,
MSTX,2026-08-10,8.63,8.41,-0.02549246813441486,2026-08-11,,,,,,,,
MSTY,2026-08-10,12.55,12.42,-0.01035856573705185,2026-08-11,,,,,,,,
MSTZ,2026-08-10,10.82,11.11,0.026802218114602594,2026-08-11,,,,,,,,
MT,2026-08-10,73.9,73.71,-0.002571041948579378,2026-08-11,,,,,,,,
MTA,2026-08-10,8.97,9.2,0.02564102564102555,2026-08-11,,,,,,,,
MTAKU,2026-08-10,9.97,9.98,0.0010030090270811698,2026-08-11,,,,,,,,
MTAL,2026-08-10,10.17,10.2,0.002949852507374562,2026-08-11,,,,,,,,
MTB,2026-08-10,251.13,252.16,0.0041014613944969636,2026-08-11,,,,,,,,
MTBA,2026-08-10,48.57,48.62,0.0010294420424130646,2026-08-11,,,,,,,,
MTC,2026-08-10,2.96,3.06,0.03378378378378377,2026-08-11,,,,,,,,
MTCH,2026-08-10,36.73,36.8,0.0019057990743260866,2026-08-11,,,,,,,,
MTD,2026-08-10,1427.53,1437.18,0.006759927987503023,2026-08-11,,,,,,,,
MTDR,2026-08-10,52.23,52.62,0.0074669730040206606,2026-08-11,,,,,,,,
MTEK,2026-08-10,1.19,1.2,0.008403361344537785,2026-08-11,,,,,,,,
MTEN,2026-08-10,1.08,1.37,0.2685185185185186,2026-08-11,,,,,,,,
MTEX,2026-08-10,4.9,5.15,0.05102040816326525,2026-08-11,,,,,,,,
MTG,2026-08-10,30.27,30.35,0.0026428807400067367,2026-08-11,,,,,,,,
MTGP,2026-08-10,43.58,43.62,0.0009178522257915489,2026-08-11,,,,,,,,
MTH,2026-08-10,71.97,73.82,0.025705154925663498,2026-08-11,,,,,,,,
MTLS,2026-08-10,6.85,6.87,0.0029197080291971655,2026-08-11,,,,,,,,
MTN,2026-08-10,146.26,147.66,0.009571995077259698,2026-08-11,,,,,,,,
MTNB,2026-08-10,0.27,0.26,-0.03703703703703709,2026-08-11,,,,,,,,
MTNE,2026-08-10,9.87,9.87,0.0,2026-08-11,,,,,,,,
MTNE-U,2026-08-10,10.01,10.01,0.0,2026-08-11,,,,,,,,
MTR,2026-08-10,2.85,2.84,-0.0035087719298246833,2026-08-11,,,,,,,,
MTRA,2026-08-10,27.14,27.28,0.005158437730287346,2026-08-11,,,,,,,,
MTRN,2026-08-10,279.67,280.8,0.0040404762756105495,2026-08-11,,,,,,,,
MTRX,2026-08-10,11.6,11.74,0.012068965517241459,2026-08-11,,,,,,,,
MTSG,2026-08-10,7.5,7.65,0.020000000000000018,2026-08-11,,,,,,,,
MTSI,2026-08-10,297.03,299.93,0.009763323570009863,2026-08-11,,,,,,,,
MTUL,2026-08-10,54.45,54.73,0.0051423324150596805,2026-08-11,,,,,,,,
MTUM,2026-08-10,307.32,308.34,0.003319016009371234,2026-08-11,,,,,,,,
MTUS,2026-08-10,21.72,21.71,-0.0004604051565376688,2026-08-11,,,,,,,,
MTVA,2026-08-10,1.43,1.42,-0.006993006993006978,2026-08-11,,,,,,,,
MTW,2026-08-10,18.89,19.46,0.030174695606140833,2026-08-11,,,,,,,,
MTX,2026-08-10,74.42,73.83,-0.00792797635044351,2026-08-11,,,,,,,,
MTYY,2026-08-10,18.11,18.03,-0.004417448923246692,2026-08-11,,,,,,,,
MTZ,2026-08-10,268.28,272.65,0.01628895184135981,2026-08-11,,,,,,,,
MU,2026-08-10,861.0,868.52,0.008734030197444786,2026-08-11,,,,,,,,
MUA,2026-08-10,10.2,10.18,-0.0019607843137254832,2026-08-11,,,,,,,,
MUB,2026-08-10,105.85,105.93,0.0007557864903167122,2026-08-11,,,,,,,,
MUC,2026-08-10,10.74,10.78,0.003724394785847185,2026-08-11,,,,,,,,
MUD,2026-08-10,11.75,11.66,-0.007659574468085073,2026-08-11,,,,,,,,
MUFG,2026-08-10,22.24,22.12,-0.0053956834532372655,2026-08-11,,,,,,,,
MUIB,2026-08-10,26.67,26.76,0.003374578177727683,2026-08-11,,,,,,,,
MUJ,2026-08-10,12.33,12.27,-0.0048661800486617945,2026-08-11,,,,,,,,
MULL,2026-08-10,17.86,18.12,0.014557670772676445,2026-08-11,,,,,,,,
MULT,2026-08-10,24.94,24.95,0.000400962309542896,2026-08-11,,,,,,,,
MUNA,2026-08-10,99.79,99.79,0.0,2026-08-11,,,,,,,,
MUNB,2026-08-10,100.23,100.23,0.0,2026-08-11,,,,,,,,
MUNC,2026-08-10,101.06,101.08,0.00019790223629523318,2026-08-11,,,,,,,,
MUND,2026-08-10,101.59,101.64,0.0004921744266168648,2026-08-11,,,,,,,,
MUNI,2026-08-10,51.86,51.86,0.0,2026-08-11,,,,,,,,
MUNX,2026-08-10,24.81,24.81,0.0,2026-08-11,,,,,,,,
MUNY,2026-08-10,102.16,102.33,0.0016640563821457288,2026-08-11,,,,,,,,
MUR,2026-08-10,35.49,35.72,0.006480698788390971,2026-08-11,,,,,,,,
MUSA,2026-08-10,552.84,544.22,-0.015592214745676847,2026-08-11,,,,,,,,
MUSE,2026-08-10,49.62,49.5,-0.002418379685610539,2026-08-11,,,,,,,,
MUSI,2026-08-10,43.07,43.12,0.0011609008590665049,2026-08-11,,,,,,,,
MUSQ,2026-08-10,25.87,25.62,-0.009663703131039814,2026-08-11,,,,,,,,
MUST,2026-08-10,20.42,20.36,-0.0029382957884428462,2026-08-11,,,,,,,,
MUU,2026-08-10,25.62,25.98,0.014051522248243575,2026-08-11,,,,,,,,
MUX,2026-08-10,19.19,19.14,-0.002605523710265789,2026-08-11,,,,,,,,
MUYY,2026-08-10,19.5,19.48,-0.0010256410256409554,2026-08-11,,,,,,,,
MUZ,2026-08-10,12.13,11.93,-0.016488046166529324,2026-08-11,,,,,,,,
MUZE,2026-08-10,9.96,9.99,0.003012048192771122,2026-08-11,,,,,,,,
MVAL,2026-08-10,39.34,39.39,0.0012709710218605785,2026-08-11,,,,,,,,
MVBF,2026-08-10,29.81,30.24,0.014424689701442395,2026-08-11,,,,,,,,
MVFD,2026-08-10,31.3,31.21,-0.002875399361022324,2026-08-11,,,,,,,,
MVFG,2026-08-10,35.44,35.5,0.0016930022573364845,2026-08-11,,,,,,,,
MVIS,2026-08-10,3.72,3.64,-0.021505376344086002,2026-08-11,,,,,,,,
MVLL,2026-08-10,24.61,25.4,0.03210077204388462,2026-08-11,,,,,,,,
MVPA,2026-08-10,37.16,37.1,-0.0016146393972011897,2026-08-11,,,,,,,,
MVPL,2026-08-10,45.03,44.75,-0.006218076837663844,2026-08-11,,,,,,,,
MVRL,2026-08-10,13.11,13.31,0.015255530129672179,2026-08-11,,,,,,,,
MVST,2026-08-10,0.87,0.86,-0.011494252873563204,2026-08-11,,,,,,,,
MVV,2026-08-10,92.2,92.97,0.008351409978307966,2026-08-11,,,,,,,,
MWA,2026-08-10,26.08,26.22,0.005368098159509227,2026-08-11,,,,,,,,
MWC,2026-08-10,1.54,1.51,-0.019480519480519543,2026-08-11,,,,,,,,
MWG,2026-08-10,1.16,1.16,0.0,2026-08-11,,,,,,,,
MWH,2026-08-10,28.68,30.28,0.0557880055788007,2026-08-11,,,,,,,,
MWHS,2026-08-10,17.31,18.12,0.04679376083188913,2026-08-11,,,,,,,,
MWYN,2026-08-10,0.83,0.94,0.1325301204819278,2026-08-11,,,,,,,,
MX,2026-08-10,3.66,3.9,0.06557377049180313,2026-08-11,,,,,,,,
MXC,2026-08-10,9.47,9.5,0.0031678986272438703,2026-08-11,,,,,,,,
MXCT,2026-08-10,1.21,1.24,0.024793388429751984,2026-08-11,,,,,,,,
MXE,2026-08-10,13.55,13.68,0.00959409594095928,2026-08-11,,,,,,,,
MXF,2026-08-10,21.76,21.66,-0.004595588235294157,2026-08-11,,,,,,,,
MXI,2026-08-10,113.4,112.89,-0.004497354497354555,2026-08-11,,,,,,,,
MXL,2026-08-10,68.44,69.02,0.008474576271186418,2026-08-11,,,,,,,,
MYCF,2026-08-10,25.02,25.0,-0.0007993605115906854,2026-08-11,,,,,,,,
MYCG,2026-08-10,24.92,24.93,0.00040128410914919144,2026-08-11,,,,,,,,
MYCH,2026-08-10,24.83,24.83,0.0,2026-08-11,,,,,,,,
MYCI,2026-08-10,24.64,24.65,0.00040584415584410394,2026-08-11,,,,,,,,
MYCJ,2026-08-10,24.44,24.46,0.0008183306055646877,2026-08-11,,,,,,,,
MYCK,2026-08-10,24.51,24.52,0.00040799673602598396,2026-08-11,,,,,,,,
MYCL,2026-08-10,24.33,24.34,0.0004110152075627038,2026-08-11,,,,,,,,
MYCM,2026-08-10,24.21,24.22,0.0004130524576619887,2026-08-11,,,,,,,,
MYCN,2026-08-10,24.02,24.03,0.00041631973355538143,2026-08-11,,,,,,,,
MYCO,2026-08-10,23.94,23.94,0.0,2026-08-11,,,,,,,,
MYE,2026-08-10,33.16,32.28,-0.026537997587454676,2026-08-11,,,,,,,,
MYFW,2026-08-10,31.24,31.24,0.0,2026-08-11,,,,,,,,
MYGN,2026-08-10,3.25,3.22,-0.009230769230769154,2026-08-11,,,,,,,,
MYHA,2026-08-10,24.89,24.91,0.0008035355564484092,2026-08-11,,,,,,,,
MYHB,2026-08-10,24.93,24.94,0.00040112314480555966,2026-08-11,,,,,,,,
MYHC,2026-08-10,25.05,25.05,0.0,2026-08-11,,,,,,,,
MYHD,2026-08-10,25.01,24.98,-0.0011995201919232645,2026-08-11,,,,,,,,
MYHE,2026-08-10,24.8,24.81,0.0004032258064514682,2026-08-11,,,,,,,,
MYI,2026-08-10,10.82,10.78,-0.003696857670979714,2026-08-11,,,,,,,,
MYLD,2026-08-10,33.57,33.5,-0.002085195114685745,2026-08-11,,,,,,,,
MYMF,2026-08-10,24.82,24.82,0.0,2026-08-11,,,,,,,,
MYMG,2026-08-10,24.59,24.6,0.00040666937779598733,2026-08-11,,,,,,,,
MYMH,2026-08-10,24.44,24.44,0.0,2026-08-11,,,,,,,,
MYMI,2026-08-10,24.58,24.58,0.0,2026-08-11,,,,,,,,
MYMJ,2026-08-10,24.67,24.67,0.0,2026-08-11,,,,,,,,
MYMK,2026-08-10,24.85,24.85,0.0,2026-08-11,,,,,,,,
MYN,2026-08-10,9.81,9.81,0.0,2026-08-11,,,,,,,,
MYND,2026-08-10,0.4,0.38,-0.050000000000000044,2026-08-11,,,,,,,,
MYO,2026-08-10,1.43,1.51,0.05594405594405605,2026-08-11,,,,,,,,
MYPS,2026-08-10,0.67,0.63,-0.059701492537313494,2026-08-11,,,,,,,,
MYRG,2026-08-10,330.31,329.94,-0.0011201598498380427,2026-08-11,,,,,,,,
MYSE,2026-08-10,2.44,2.46,0.008196721311475308,2026-08-11,,,,,,,,
MYSZ,2026-08-10,0.38,0.38,0.0,2026-08-11,,,,,,,,
MYX,2026-08-10,9.97,9.98,0.0010030090270811698,2026-08-11,,,,,,,,
MYY,2026-08-10,14.95,14.9,-0.0033444816053510573,2026-08-11,,,,,,,,
MZTI,2026-08-10,114.04,115.02,0.00859347597334259,2026-08-11,,,,,,,,
MZYX,2026-08-10,9.92,9.92,0.0,2026-08-11,,,,,,,,
MZZ,2026-08-10,5.72,5.69,-0.005244755244755095,2026-08-11,,,,,,,,
NAAS,2026-08-10,3.46,3.35,-0.03179190751445082,2026-08-11,,,,,,,,
NABL,2026-08-10,3.21,3.15,-0.01869158878504673,2026-08-11,,,,,,,,
NAC,2026-08-10,11.85,11.85,0.0,2026-08-11,,,,,,,,
NACP,2026-08-10,60.27,60.24,-0.0004977600796416404,2026-08-11,,,,,,,,
NAD,2026-08-10,11.84,11.76,-0.006756756756756799,2026-08-11,,,,,,,,
NAGE,2026-08-10,3.05,3.08,0.009836065573770592,2026-08-11,,,,,,,,
NAII,2026-08-10,2.33,2.18,-0.06437768240343344,2026-08-11,,,,,,,,
NAIL,2026-08-10,41.54,44.13,0.06234954260953307,2026-08-11,,,,,,,,
NAK,2026-08-10,1.7,1.7,0.0,2026-08-11,,,,,,,,
NAKA,2026-08-10,5.04,5.0,-0.007936507936507908,2026-08-11,,,,,,,,
NAMI,2026-08-10,3.18,3.11,-0.022012578616352307,2026-08-11,,,,,,,,
NAMM,2026-08-10,1.36,1.34,-0.014705882352941235,2026-08-11,,,,,,,,
NAMS,2026-08-10,27.98,27.62,-0.012866333095067906,2026-08-11,,,,,,,,
NAN,2026-08-10,11.31,11.25,-0.0053050397877985045,2026-08-11,,,,,,,,
NANC,2026-08-10,52.11,51.94,-0.003262329687200194,2026-08-11,,,,,,,,
NANR,2026-08-10,85.37,85.78,0.004802623872554701,2026-08-11,,,,,,,,
NAPR,2026-08-10,59.8,59.84,0.0006688963210703669,2026-08-11,,,,,,,,
NASA,2026-08-10,25.39,25.53,0.0055139818826310805,2026-08-11,,,,,,,,
NAT,2026-08-10,6.28,6.17,-0.017515923566879033,2026-08-11,,,,,,,,
NATH,2026-08-10,97.6,97.45,-0.0015368852459015647,2026-08-11,,,,,,,,
NATL,2026-08-10,46.4,46.86,0.00991379310344831,2026-08-11,,,,,,,,
NATO,2026-08-10,43.39,43.32,-0.0016132749481447828,2026-08-11,,,,,,,,
NATR,2026-08-10,15.77,15.99,0.013950538998097617,2026-08-11,,,,,,,,
NAUG,2026-08-10,32.69,32.67,-0.0006118078923217363,2026-08-11,,,,,,,,
NAUT,2026-08-10,0.87,0.89,0.02298850574712641,2026-08-11,,,,,,,,
NAVI,2026-08-10,8.47,8.54,0.008264462809917106,2026-08-11,,,,,,,,
NAVN,2026-08-10,28.68,28.93,0.008716875871687568,2026-08-11,,,,,,,,
NAZ,2026-08-10,12.45,12.48,0.002409638554216942,2026-08-11,,,,,,,,
NB,2026-08-10,5.45,5.36,-0.016513761467889854,2026-08-11,,,,,,,,
NBB,2026-08-10,15.4,15.45,0.0032467532467532756,2026-08-11,,,,,,,,
NBBK,2026-08-10,22.58,22.75,0.0075287865367583695,2026-08-11,,,,,,,,
NBCE,2026-08-10,40.44,40.1,-0.008407517309594326,2026-08-11,,,,,,,,
NBCM,2026-08-10,29.49,29.51,0.0006781959986437158,2026-08-11,,,,,,,,
NBCR,2026-08-10,34.77,34.66,-0.0031636468219731206,2026-08-11,,,,,,,,
NBDS,2026-08-10,41.42,41.35,-0.0016900048285852787,2026-08-11,,,,,,,,
NBET,2026-08-10,40.6,40.92,0.007881773399014858,2026-08-11,,,,,,,,
NBFC,2026-08-10,50.61,50.58,-0.0005927682276229973,2026-08-11,,,,,,,,
NBFR,2026-08-10,26.59,26.59,0.0,2026-08-11,,,,,,,,
NBGX,2026-08-10,30.15,30.05,-0.0033167495854062867,2026-08-11,,,,,,,,
NBH,2026-08-10,10.2,10.18,-0.0019607843137254832,2026-08-11,,,,,,,,
NBHC,2026-08-10,42.9,43.19,0.006759906759906675,2026-08-11,,,,,,,,
NBIC,2026-08-10,15.13,16.5,0.09054857898215452,2026-08-11,,,,,,,,
NBIE,2026-08-10,27.59,27.58,-0.00036245016310265665,2026-08-11,,,,,,,,
NBIG,2026-08-10,13.01,14.28,0.09761721752498076,2026-08-11,,,,,,,,
NBIL,2026-08-10,18.89,20.71,0.09634727368978302,2026-08-11,,,,,,,,
NBIS,2026-08-10,184.11,193.23,0.049535603715170184,2026-08-11,,,,,,,,
NBIX,2026-08-10,164.92,161.94,-0.018069366965801525,2026-08-11,,,,,,,,
NBIZ,2026-08-10,18.22,16.47,-0.09604829857299668,2026-08-11,,,,,,,,
NBJP,2026-08-10,36.46,36.54,0.0021941854086668933,2026-08-11,,,,,,,,
NBN,2026-08-10,133.82,134.64,0.006127634135405735,2026-08-11,,,,,,,,
NBOS,2026-08-10,28.57,28.48,-0.003150157507875395,2026-08-11,,,,,,,,
NBP,2026-08-10,1.77,1.84,0.039548022598870025,2026-08-11,,,,,,,,
NBR,2026-08-10,89.8,88.17,-0.01815144766146992,2026-08-11,,,,,,,,
NBRG,2026-08-10,9.99,9.97,-0.002002002002001957,2026-08-11,,,,,,,,
NBSD,2026-08-10,50.6,50.59,-0.00019762845849802257,2026-08-11,,,,,,,,
NBSM,2026-08-10,29.03,29.21,0.006200482259731244,2026-08-11,,,,,,,,
NBTB,2026-08-10,52.47,52.9,0.008195159138555397,2026-08-11,,,,,,,,
NBTR,2026-08-10,49.17,49.2,0.0006101281269066394,2026-08-11,,,,,,,,
NBTX,2026-08-10,36.18,38.72,0.07020453289110007,2026-08-11,,,,,,,,
NBXG,2026-08-10,15.46,15.44,-0.0012936610608021981,2026-08-11,,,,,,,,
NC,2026-08-10,41.33,40.59,-0.01790466973142979,2026-08-11,,,,,,,,
NCA,2026-08-10,9.14,9.18,0.004376367614879584,2026-08-11,,,,,,,,
NCDL,2026-08-10,12.61,12.54,-0.0055511498810467685,2026-08-11,,,,,,,,
NCEL,2026-08-10,3.25,3.19,-0.01846153846153853,2026-08-11,,,,,,,,
NCEW,2026-08-10,16.46,16.9,0.02673147023086253,2026-08-11,,,,,,,,
NCI,2026-08-10,11.57,11.8,0.01987899740708743,2026-08-11,,,,,,,,
NCIQ,2026-08-10,15.96,15.81,-0.009398496240601517,2026-08-11,,,,,,,,
NCLD,2026-08-10,22.01,22.74,0.033166742389822756,2026-08-11,,,,,,,,
NCLH,2026-08-10,18.55,18.7,0.008086253369272267,2026-08-11,,,,,,,,
NCLO,2026-08-10,25.02,25.03,0.00039968025579550925,2026-08-11,,,,,,,,
NCMI,2026-08-10,3.95,3.79,-0.040506329113924044,2026-08-11,,,,,,,,
NCNA,2026-08-10,1.44,1.44,0.0,2026-08-11,,,,,,,,
NCNO,2026-08-10,18.97,19.16,0.010015814443858684,2026-08-11,,,,,,,,
NCO,2026-08-10,9.85,9.85,0.0,2026-08-11,,,,,,,,
NCPB,2026-08-10,24.53,24.55,0.0008153281695881809,2026-08-11,,,,,,,,
NCPL,2026-08-10,0.4,0.35,-0.1250000000000001,2026-08-11,,,,,,,,
NCRA,2026-08-10,2.05,2.45,0.19512195121951237,2026-08-11,,,,,,,,
NCSM,2026-08-10,50.47,51.6,0.022389538339607773,2026-08-11,,,,,,,,
NCT,2026-08-10,3.54,3.6,0.016949152542372836,2026-08-11,,,,,,,,
NCTY,2026-08-10,4.53,4.17,-0.07947019867549676,2026-08-11,,,,,,,,
NCV,2026-08-10,17.29,17.38,0.005205320994794649,2026-08-11,,,,,,,,
NCZ,2026-08-10,16.03,15.96,-0.004366812227074246,2026-08-11,,,,,,,,
NDAA,2026-08-10,24.36,24.38,0.0008210180623973162,2026-08-11,,,,,,,,
NDAQ,2026-08-10,95.62,95.02,-0.006274837900021035,2026-08-11,,,,,,,,
NDEC,2026-08-10,30.3,30.32,0.0006600660066007347,2026-08-11,,,,,,,,
NDIA,2026-08-10,27.72,27.61,-0.003968253968253954,2026-08-11,,,,,,,,
NDIV,2026-08-10,34.15,34.29,0.0040995607613469875,2026-08-11,,,,,,,,
NDLS,2026-08-10,16.09,15.58,-0.031696706028589205,2026-08-11,,,,,,,,
NDMO,2026-08-10,9.98,9.96,-0.002004008016032066,2026-08-11,,,,,,,,
NDOW,2026-08-10,29.34,29.39,0.001704158145875878,2026-08-11,,,,,,,,
NDRA,2026-08-10,4.44,4.41,-0.006756756756756799,2026-08-11,,,,,,,,
NDSN,2026-08-10,308.68,311.36,0.00868213036153942,2026-08-11,,,,,,,,
NE,2026-08-10,43.55,44.48,0.021354764638346735,2026-08-11,,,,,,,,
NEA,2026-08-10,11.4,11.35,-0.004385964912280715,2026-08-11,,,,,,,,
NEAR,2026-08-10,50.44,50.48,0.0007930214115781098,2026-08-11,,,,,,,,
NEBX,2026-08-10,19.41,21.21,0.09273570324574965,2026-08-11,,,,,,,,
NECB,2026-08-10,26.4,26.79,0.014772727272727382,2026-08-11,,,,,,,,
NEE,2026-08-10,84.7,85.74,0.012278630460448525,2026-08-11,,,,,,,,
NEGG,2026-08-10,18.38,18.97,0.03210010881392811,2026-08-11,,,,,,,,
NEHI,2026-08-10,26.68,26.77,0.0033733133433282436,2026-08-11,,,,,,,,
NELS,2026-08-10,29.57,29.44,-0.004396347649644916,2026-08-11,,,,,,,,
NEM,2026-08-10,117.26,117.21,-0.0004264028654273888,2026-08-11,,,,,,,,
NEMD,2026-08-10,52.6,52.62,0.0003802281368820992,2026-08-11,,,,,,,,
NEMG,2026-08-10,20.66,20.62,-0.0019361084220715918,2026-08-11,,,,,,,,
NEN,2026-08-10,56.62,56.0,-0.010950194277640324,2026-08-11,,,,,,,,
NEO,2026-08-10,16.63,16.53,-0.006013229104028683,2026-08-11,,,,,,,,
NEOG,2026-08-10,11.4,11.49,0.007894736842105177,2026-08-11,,,,,,,,
NEON,2026-08-10,0.97,0.98,0.010309278350515427,2026-08-11,,,,,,,,
NEOV,2026-08-10,2.78,3.24,0.16546762589928066,2026-08-11,,,,,,,,
NEPH,2026-08-10,4.38,4.27,-0.02511415525114158,2026-08-11,,,,,,,,
NERD,2026-08-10,22.51,22.46,-0.002221235006663713,2026-08-11,,,,,,,,
NERV,2026-08-10,4.62,4.32,-0.06493506493506485,2026-08-11,,,,,,,,
NESR,2026-08-10,35.79,36.01,0.006146968426934851,2026-08-11,,,,,,,,
NET,2026-08-10,310.59,306.97,-0.011655236807366465,2026-08-11,,,,,,,,
NETG,2026-08-10,20.64,20.22,-0.02034883720930236,2026-08-11,,,,,,,,
NETL,2026-08-10,26.28,26.21,-0.0026636225266362112,2026-08-11,,,,,,,,
NEU,2026-08-10,909.98,917.09,0.007813358535352366,2026-08-11,,,,,,,,
NEUP,2026-08-10,3.86,3.81,-0.012953367875647603,2026-08-11,,,,,,,,
NEWP,2026-08-10,6.25,6.51,0.04159999999999986,2026-08-11,,,,,,,,
NEWT,2026-08-10,12.88,12.73,-0.01164596273291929,2026-08-11,,,,,,,,
NEWZ,2026-08-10,30.1,30.07,-0.0009966777408638716,2026-08-11,,,,,,,,
NEXA,2026-08-10,14.86,14.45,-0.02759084791386268,2026-08-11,,,,,,,,
NEXM,2026-08-10,2.32,2.33,0.004310344827586299,2026-08-11,,,,,,,,
NEXN,2026-08-10,10.75,10.48,-0.025116279069767433,2026-08-11,,,,,,,,
NEXR,2026-08-10,2.83,2.92,0.03180212014134276,2026-08-11,,,,,,,,
NEXT,2026-08-10,6.98,6.75,-0.03295128939828085,2026-08-11,,,,,,,,
NFE,2026-08-10,0.34,0.33,-0.02941176470588236,2026-08-11,,,,,,,,
NFEB,2026-08-10,30.62,30.59,-0.0009797517962116808,2026-08-11,,,,,,,,
NFG,2026-08-10,81.82,82.25,0.005255438768027476,2026-08-11,,,,,,,,
NFGC,2026-08-10,1.7,1.66,-0.02352941176470591,2026-08-11,,,,,,,,
NFJ,2026-08-10,15.47,15.56,0.005817711700064621,2026-08-11,,,,,,,,
NFLP,2026-08-10,18.58,18.23,-0.018837459634014952,2026-08-11,,,,,,,,
NFLT,2026-08-10,22.81,22.83,0.0008768084173607082,2026-08-11,,,,,,,,
NFLU,2026-08-10,18.3,17.58,-0.039344262295082144,2026-08-11,,,,,,,,
NFLW,2026-08-10,16.82,16.39,-0.02556480380499404,2026-08-11,,,,,,,,
NFLX,2026-08-10,76.29,74.79,-0.019661816751867844,2026-08-11,,,,,,,,
NFLY,2026-08-10,7.74,7.65,-0.011627906976744207,2026-08-11,,,,,,,,
NFRA,2026-08-10,65.19,65.51,0.004908728332566392,2026-08-11,,,,,,,,
NFRX,2026-08-10,26.36,26.43,0.0026555386949924653,2026-08-11,,,,,,,,
NFTY,2026-08-10,54.86,54.85,-0.0001822821728034718,2026-08-11,,,,,,,,
NFX,2026-08-10,24.55,23.67,-0.03584521384928707,2026-08-11,,,,,,,,
NFXL,2026-08-10,17.33,16.64,-0.03981534910559714,2026-08-11,,,,,,,,
NFXS,2026-08-10,20.09,20.47,0.018914883026381224,2026-08-11,,,,,,,,
NG,2026-08-10,7.64,7.68,0.005235602094240788,2026-08-11,,,,,,,,
NGEN,2026-08-10,1.7,1.74,0.0235294117647058,2026-08-11,,,,,,,,
NGG,2026-08-10,79.48,80.27,0.0099396074484146,2026-08-11,,,,,,,,
NGHT,2026-08-10,20.44,20.47,0.0014677103718199191,2026-08-11,,,,,,,,
NGL,2026-08-10,17.15,17.09,-0.0034985422740524408,2026-08-11,,,,,,,,
NGNE,2026-08-10,36.55,35.8,-0.020519835841313228,2026-08-11,,,,,,,,
NGS,2026-08-10,36.97,36.78,-0.005139302136867641,2026-08-11,,,,,,,,
NGVC,2026-08-10,26.26,27.54,0.0487433358720486,2026-08-11,,,,,,,,
NGVT,2026-08-10,77.04,77.79,0.009735202492211936,2026-08-11,,,,,,,,
NHC,2026-08-10,221.04,216.69,-0.019679695982627532,2026-08-11,,,,,,,,
NHI,2026-08-10,74.15,69.95,-0.056641942009440394,2026-08-11,,,,,,,,
NHIC,2026-08-10,10.65,10.63,-0.00187793427230043,2026-08-11,,,,,,,,
NHIV,2026-08-10,10.14,10.14,0.0,2026-08-11,,,,,,,,
NHP,2026-08-10,16.36,16.24,-0.007334963325183463,2026-08-11,,,,,,,,
NHS,2026-08-10,6.08,6.1,0.0032894736842103978,2026-08-11,,,,,,,,
NHTC,2026-08-10,1.75,1.74,-0.005714285714285672,2026-08-11,,,,,,,,
NHYB,2026-08-10,24.58,24.59,0.00040683482506098656,2026-08-11,,,,,,,,
NHYM,2026-08-10,24.71,24.76,0.0020234722784298054,2026-08-11,,,,,,,,
NI,2026-08-10,41.78,42.01,0.005505026328386675,2026-08-11,,,,,,,,
NIC,2026-08-10,173.34,177.27,0.022672204915195504,2026-08-11,,,,,,,,
NICE,2026-08-10,102.57,101.52,-0.010236911377595748,2026-08-11,,,,,,,,
NICM,2026-08-10,6.21,6.21,0.0,2026-08-11,,,,,,,,
NICO,2026-08-10,25.26,25.14,-0.004750593824228044,2026-08-11,,,,,,,,
NIE,2026-08-10,26.57,26.46,-0.004140007527286382,2026-08-11,,,,,,,,
NIHI,2026-08-10,52.97,53.05,0.001510288842741181,2026-08-11,,,,,,,,
NIKI,2026-08-10,8.62,8.98,0.04176334106728552,2026-08-11,,,,,,,,
NIKL,2026-08-10,14.38,14.35,-0.0020862308762170656,2026-08-11,,,,,,,,
NIM,2026-08-10,9.35,9.26,-0.009625668449197877,2026-08-11,,,,,,,,
NINE,2026-08-10,10.49,10.45,-0.0038131553860820677,2026-08-11,,,,,,,,
NIO,2026-08-10,4.82,4.62,-0.04149377593361003,2026-08-11,,,,,,,,
NIOG,2026-08-10,11.25,10.37,-0.0782222222222223,2026-08-11,,,,,,,,
NIPG,2026-08-10,8.89,8.7,-0.02137232845894277,2026-08-11,,,,,,,,
NIQ,2026-08-10,11.68,16.58,0.4195205479452053,2026-08-11,,,,,,,,
NISM,2026-08-10,25.35,25.39,0.0015779092702168374,2026-08-11,,,,,,,,
NITE,2026-08-10,39.28,39.29,0.0002545824847250966,2026-08-11,,,,,,,,
NIU,2026-08-10,2.04,2.0,-0.019607843137254943,2026-08-11,,,,,,,,
NIVF,2026-08-10,0.61,0.52,-0.14754098360655732,2026-08-11,,,,,,,,
NIXT,2026-08-10,34.33,34.32,-0.00029129041654518684,2026-08-11,,,,,,,,
NIXX,2026-08-10,0.56,0.56,0.0,2026-08-11,,,,,,,,
NJAN,2026-08-10,59.53,59.52,-0.000167982529816868,2026-08-11,,,,,,,,
NJNK,2026-08-10,19.97,19.99,0.0010015022533800266,2026-08-11,,,,,,,,
NJR,2026-08-10,53.68,54.74,0.01974664679582716,2026-08-11,,,,,,,,
NJUL,2026-08-10,77.0,76.87,-0.0016883116883116278,2026-08-11,,,,,,,,
NJUN,2026-08-10,32.72,32.67,-0.0015281173594131614,2026-08-11,,,,,,,,
NKE,2026-08-10,42.11,41.32,-0.01876038945618619,2026-08-11,,,,,,,,
NKLR,2026-08-10,5.84,5.88,0.006849315068493178,2026-08-11,,,,,,,,
NKSH,2026-08-10,40.33,42.24,0.04735928589139604,2026-08-11,,,,,,,,
NKTR,2026-08-10,74.86,75.5,0.00854929201175536,2026-08-11,,,,,,,,
NKTX,2026-08-10,2.46,2.33,-0.05284552845528456,2026-08-11,,,,,,,,
NKX,2026-08-10,12.37,12.4,0.0024252223120453387,2026-08-11,,,,,,,,
NL,2026-08-10,6.29,6.4,0.01748807631160587,2026-08-11,,,,,,,,
NLOP,2026-08-10,11.48,11.5,0.0017421602787455193,2026-08-11,,,,,,,,
NLR,2026-08-10,116.99,119.18,0.01871954867937431,2026-08-11,,,,,,,,
NLSI,2026-08-10,54.65,54.76,0.002012808783165676,2026-08-11,,,,,,,,
NLY,2026-08-10,22.91,23.14,0.010039284155390682,2026-08-11,,,,,,,,
NMAD,2026-08-10,3.93,3.56,-0.09414758269720103,2026-08-11,,,,,,,,
NMAI,2026-08-10,14.67,14.92,0.017041581458759447,2026-08-11,,,,,,,,
NMAR,2026-08-10,32.51,32.5,-0.00030759766225774143,2026-08-11,,,,,,,,
NMAX,2026-08-10,8.77,8.73,-0.004561003420752496,2026-08-11,,,,,,,,
NMAY,2026-08-10,29.68,29.65,-0.001010781671159089,2026-08-11,,,,,,,,
NMB,2026-08-10,24.58,24.57,-0.00040683482506098656,2026-08-11,,,,,,,,
NMBL,2026-08-10,21.16,21.13,-0.0014177693761815435,2026-08-11,,,,,,,,
NMCO,2026-08-10,10.52,10.56,0.0038022813688214363,2026-08-11,,,,,,,,
NMFC,2026-08-10,7.69,7.73,0.005201560468140354,2026-08-11,,,,,,,,
NMG,2026-08-10,1.43,1.41,-0.013986013986013957,2026-08-11,,,,,,,,
NMI,2026-08-10,10.77,10.73,-0.003714020427112219,2026-08-11,,,,,,,,
NMIH,2026-08-10,44.2,44.4,0.004524886877828038,2026-08-11,,,,,,,,
NML,2026-08-10,10.4,10.55,0.014423076923076872,2026-08-11,,,,,,,,
NMM,2026-08-10,78.8,78.41,-0.004949238578680237,2026-08-11,,,,,,,,
NMP,2026-08-10,10.33,10.33,0.0,2026-08-11,,,,,,,,
NMR,2026-08-10,9.82,9.78,-0.004073319755600879,2026-08-11,,,,,,,,
NMRA,2026-08-10,1.62,1.7,0.04938271604938271,2026-08-11,,,,,,,,
NMRK,2026-08-10,14.19,14.77,0.04087385482734329,2026-08-11,,,,,,,,
NMS,2026-08-10,11.65,11.53,-0.010300429184549431,2026-08-11,,,,,,,,
NMT,2026-08-10,12.59,12.67,0.006354249404289192,2026-08-11,,,,,,,,
NMTC,2026-08-10,1.56,1.6,0.025641025641025772,2026-08-11,,,,,,,,
NMZ,2026-08-10,10.23,10.28,0.004887585532746819,2026-08-11,,,,,,,,
NN,2026-08-10,15.43,17.83,0.15554115359688914,2026-08-11,,,,,,,,
NNBR,2026-08-10,3.63,3.65,0.005509641873278293,2026-08-11,,,,,,,,
NNDM,2026-08-10,1.63,1.66,0.01840490797546024,2026-08-11,,,,,,,,
NNE,2026-08-10,18.57,19.38,0.043618739903069415,2026-08-11,,,,,,,,
NNI,2026-08-10,126.7,125.33,-0.010812943962115296,2026-08-11,,,,,,,,
NNN,2026-08-10,45.86,45.37,-0.010684692542520802,2026-08-11,,,,,,,,
NNNN,2026-08-10,10.19,10.35,0.015701668302257055,2026-08-11,,,,,,,,
NNOV,2026-08-10,31.66,31.66,0.0,2026-08-11,,,,,,,,
NNOX,2026-08-10,1.07,1.11,0.03738317757009346,2026-08-11,,,,,,,,
NNVC,2026-08-10,1.4,1.36,-0.02857142857142847,2026-08-11,,,,,,,,
NNY,2026-08-10,8.26,8.31,0.006053268765133346,2026-08-11,,,,,,,,
NOA,2026-08-10,14.58,15.31,0.05006858710562412,2026-08-11,,,,,,,,
NOAH,2026-08-10,8.82,8.61,-0.023809523809523947,2026-08-11,,,,,,,,
NOBL,2026-08-10,58.34,58.45,0.0018854988001371087,2026-08-11,,,,,,,,
NOC,2026-08-10,577.89,575.69,-0.0038069528803058583,2026-08-11,,,,,,,,
NOCT,2026-08-10,63.32,63.27,-0.0007896399241945629,2026-08-11,,,,,,,,
NODE,2026-08-10,36.46,36.83,0.010148107515084881,2026-08-11,,,,,,,,
NODK,2026-08-10,15.34,15.45,0.007170795306388422,2026-08-11,,,,,,,,
NOEM,2026-08-10,10.84,11.31,0.04335793357933593,2026-08-11,,,,,,,,
NOEQ,2026-08-10,29.75,29.61,-0.004705882352941226,2026-08-11,,,,,,,,
NOG,2026-08-10,23.49,24.25,0.03235419327373368,2026-08-11,,,,,,,,
NOK,2026-08-10,9.13,9.44,0.033953997809419434,2026-08-11,,,,,,,,
NOMA,2026-08-10,3.15,2.73,-0.1333333333333333,2026-08-11,,,,,,,,
NOMD,2026-08-10,11.65,11.37,-0.02403433476394856,2026-08-11,,,,,,,,
NORW,2026-08-10,35.73,35.73,0.0,2026-08-11,,,,,,,,
NOV,2026-08-10,20.7,21.02,0.015458937198067568,2026-08-11,,,,,,,,
NOVM,2026-08-10,34.05,34.05,0.0,2026-08-11,,,,,,,,
NOVP,2026-08-10,33.32,33.27,-0.0015006002400959062,2026-08-11,,,,,,,,
NOVT,2026-08-10,163.86,167.71,0.02349566703283279,2026-08-11,,,,,,,,
NOVZ,2026-08-10,48.17,48.05,-0.00249117708117097,2026-08-11,,,,,,,,
NOW,2026-08-10,127.44,127.54,0.0007846829880728823,2026-08-11,,,,,,,,
NOWL,2026-08-10,6.8,6.81,0.0014705882352941124,2026-08-11,,,,,,,,
NOWX,2026-08-10,31.31,31.32,0.0003193867773874093,2026-08-11,,,,,,,,
NP,2026-08-10,31.17,31.27,0.003208213025344797,2026-08-11,,,,,,,,
NPAC,2026-08-10,10.43,10.43,0.0,2026-08-11,,,,,,,,
NPB,2026-08-10,16.99,17.09,0.00588581518540332,2026-08-11,,,,,,,,
NPCE,2026-08-10,14.88,15.05,0.011424731182795744,2026-08-11,,,,,,,,
NPCT,2026-08-10,9.82,9.83,0.0010183299389001643,2026-08-11,,,,,,,,
NPFD,2026-08-10,18.51,18.71,0.010804970286331761,2026-08-11,,,,,,,,
NPFE,2026-08-10,28.74,28.72,-0.0006958942240778976,2026-08-11,,,,,,,,
NPFI,2026-08-10,25.91,25.89,-0.0007719027402547374,2026-08-11,,,,,,,,
NPK,2026-08-10,137.5,138.23,0.00530909090909093,2026-08-11,,,,,,,,
NPKI,2026-08-10,13.53,13.85,0.023651145602365142,2026-08-11,,,,,,,,
NPO,2026-08-10,332.52,336.49,0.01193913148081327,2026-08-11,,,,,,,,
NPT,2026-08-10,4.14,3.73,-0.09903381642512066,2026-08-11,,,,,,,,
NPV,2026-08-10,10.96,10.97,0.0009124087591241281,2026-08-11,,,,,,,,
NPWR,2026-08-10,1.57,1.62,0.031847133757961776,2026-08-11,,,,,,,,
NQLT,2026-08-10,26.01,25.89,-0.0046136101499423265,2026-08-11,,,,,,,,
NRC,2026-08-10,20.9,21.38,0.022966507177033524,2026-08-11,,,,,,,,
NRDS,2026-08-10,9.8,9.78,-0.0020408163265307477,2026-08-11,,,,,,,,
NRDY,2026-08-10,0.73,0.74,0.013698630136986356,2026-08-11,,,,,,,,
NREF,2026-08-10,17.11,16.63,-0.02805376972530682,2026-08-11,,,,,,,,
NRES,2026-08-10,34.24,34.32,0.002336448598130758,2026-08-11,,,,,,,,
NRG,2026-08-10,118.91,119.79,0.007400555041628287,2026-08-11,,,,,,,,
NRGD,2026-08-10,18.41,17.32,-0.059206952743074415,2026-08-11,,,,,,,,
NRGU,2026-08-10,44.52,46.93,0.054132973944294616,2026-08-11,,,,,,,,
NRGV,2026-08-10,3.34,3.58,0.07185628742514982,2026-08-11,,,,,,,,
NRIM,2026-08-10,26.42,26.76,0.012869038607115746,2026-08-11,,,,,,,,
NRIX,2026-08-10,25.88,25.96,0.0030911901081918103,2026-08-11,,,,,,,,
NRK,2026-08-10,10.5,10.53,0.0028571428571428914,2026-08-11,,,,,,,,
NRO,2026-08-10,2.98,2.95,-0.010067114093959662,2026-08-11,,,,,,,,
NRP,2026-08-10,105.1,103.53,-0.014938154138915305,2026-08-11,,,,,,,,
NRSH,2026-08-10,32.13,32.32,0.005913476501711701,2026-08-11,,,,,,,,
NRSN,2026-08-10,0.48,0.47,-0.02083333333333337,2026-08-11,,,,,,,,
NRT,2026-08-10,9.09,9.12,0.0033003300330032292,2026-08-11,,,,,,,,
NRXP,2026-08-10,3.35,3.4,0.014925373134328401,2026-08-11,,,,,,,,
NRXS,2026-08-10,6.87,6.35,-0.07569141193595352,2026-08-11,,,,,,,,
NSC,2026-08-10,333.95,334.6,0.001946399161551149,2026-08-11,,,,,,,,
NSCI,2026-08-10,25.16,25.17,0.0003974562798092496,2026-08-11,,,,,,,,
NSEP,2026-08-10,31.63,31.64,0.0003161555485298173,2026-08-11,,,,,,,,
NSI,2026-08-10,38.06,38.03,-0.0007882291119285512,2026-08-11,,,,,,,,
NSIG,2026-08-10,25.24,25.13,-0.004358161648177483,2026-08-11,,,,,,,,
NSIT,2026-08-10,154.74,150.95,-0.0244926974279438,2026-08-11,,,,,,,,
NSIV,2026-08-10,26.24,26.17,-0.0026676829268291735,2026-08-11,,,,,,,,
NSLR,2026-08-10,10.33,10.64,0.030009680542110395,2026-08-11,,,,,,,,
NSP,2026-08-10,51.22,50.69,-0.010347520499804808,2026-08-11,,,,,,,,
NSPR,2026-08-10,0.8,0.85,0.0625,2026-08-11,,,,,,,,
NSRX,2026-08-10,3.35,3.31,-0.011940298507462699,2026-08-11,,,,,,,,
NSSC,2026-08-10,40.01,39.61,-0.009997500624843725,2026-08-11,,,,,,,,
NSTS,2026-08-10,13.8,13.81,0.0007246376811593791,2026-08-11,,,,,,,,
NSYS,2026-08-10,14.64,14.88,0.016393442622950838,2026-08-11,,,,,,,,
NTAL,2026-08-10,35.6,35.57,-0.0008426966292135463,2026-08-11,,,,,,,,
NTAP,2026-08-10,198.72,198.47,-0.001258051529790638,2026-08-11,,,,,,,,
NTB,2026-08-10,62.53,63.41,0.01407324484247563,2026-08-11,,,,,,,,
NTCL,2026-08-10,2.77,2.92,0.05415162454873634,2026-08-11,,,,,,,,
NTCT,2026-08-10,38.64,38.6,-0.0010351966873706209,2026-08-11,,,,,,,,
NTES,2026-08-10,133.41,127.89,-0.04137620868000902,2026-08-11,,,,,,,,
NTGR,2026-08-10,23.08,23.85,0.033362218370883934,2026-08-11,,,,,,,,
NTHI,2026-08-10,3.5,4.35,0.24285714285714266,2026-08-11,,,,,,,,
NTIC,2026-08-10,8.11,8.02,-0.011097410604192337,2026-08-11,,,,,,,,
NTIP,2026-08-10,1.58,1.58,0.0,2026-08-11,,,,,,,,
NTLA,2026-08-10,12.02,12.02,0.0,2026-08-11,,,,,,,,
NTNX,2026-08-10,64.46,64.32,-0.002171889543903238,2026-08-11,,,,,,,,
NTR,2026-08-10,66.31,67.28,0.014628261197406012,2026-08-11,,,,,,,,
NTRA,2026-08-10,318.35,312.72,-0.01768493796136328,2026-08-11,,,,,,,,
NTRB,2026-08-10,3.14,3.18,0.01273885350318471,2026-08-11,,,,,,,,
NTRL,2026-08-10,21.57,21.33,-0.011126564673157202,2026-08-11,,,,,,,,
NTRP,2026-08-10,1.52,1.55,0.019736842105263275,2026-08-11,,,,,,,,
NTRS,2026-08-10,187.86,187.78,-0.00042584903651665673,2026-08-11,,,,,,,,
NTSD,2026-08-10,48.47,48.33,-0.0028883845677738496,2026-08-11,,,,,,,,
NTSE,2026-08-10,45.5,45.75,0.005494505494505475,2026-08-11,,,,,,,,
NTSI,2026-08-10,48.45,48.46,0.00020639834881319707,2026-08-11,,,,,,,,
NTSK,2026-08-10,15.67,15.39,-0.01786853860880655,2026-08-11,,,,,,,,
NTST,2026-08-10,20.03,19.89,-0.006989515726410378,2026-08-11,,,,,,,,
NTSX,2026-08-10,60.37,60.23,-0.0023190326321020915,2026-08-11,,,,,,,,
NTWK,2026-08-10,4.25,4.2,-0.0117647058823529,2026-08-11,,,,,,,,
NTWO,2026-08-10,10.71,10.72,0.0009337068160597539,2026-08-11,,,,,,,,
NTZ,2026-08-10,1.34,1.3,-0.02985074626865669,2026-08-11,,,,,,,,
NU,2026-08-10,13.86,13.65,-0.015151515151515138,2026-08-11,,,,,,,,
NUAG,2026-08-10,20.61,20.62,0.00048520135856389146,2026-08-11,,,,,,,,
NUAI,2026-08-10,5.38,5.23,-0.027881040892193232,2026-08-11,,,,,,,,
NUBD,2026-08-10,21.75,21.76,0.0004597701149426925,2026-08-11,,,,,,,,
NUCL,2026-08-10,7.8,7.84,0.00512820512820511,2026-08-11,,,,,,,,
NUDM,2026-08-10,41.35,41.32,-0.0007255139056832061,2026-08-11,,,,,,,,
NUDV,2026-08-10,34.01,34.07,0.001764187003822526,2026-08-11,,,,,,,,
NUE,2026-08-10,274.61,271.95,-0.00968646444047927,2026-08-11,,,,,,,,
NUEM,2026-08-10,41.41,41.36,-0.001207437816952317,2026-08-11,,,,,,,,
NUG,2026-08-10,9.37,9.05,-0.03415154749199556,2026-08-11,,,,,,,,
NUGO,2026-08-10,44.16,43.97,-0.0043025362318840354,2026-08-11,,,,,,,,
NUGT,2026-08-10,163.24,161.83,-0.008637588826268083,2026-08-11,,,,,,,,
NUGY,2026-08-10,13.09,13.1,0.0007639419404124048,2026-08-11,,,,,,,,
NUHY,2026-08-10,21.23,21.25,0.0009420631182288641,2026-08-11,,,,,,,,
NUIF,2026-08-10,24.84,24.98,0.005636070853462183,2026-08-11,,,,,,,,
NUKX,2026-08-10,37.08,37.76,0.01833872707659112,2026-08-11,,,,,,,,
NUKZ,2026-08-10,66.64,67.49,0.012755102040816313,2026-08-11,,,,,,,,
NULC,2026-08-10,56.08,56.2,0.0021398002853068032,2026-08-11,,,,,,,,
NULG,2026-08-10,116.4,116.32,-0.0006872852233678062,2026-08-11,,,,,,,,
NULV,2026-08-10,53.68,53.76,0.0014903129657226621,2026-08-11,,,,,,,,
NUMG,2026-08-10,48.44,48.55,0.0022708505367465825,2026-08-11,,,,,,,,
NUMI,2026-08-10,24.84,24.85,0.00040257648953301306,2026-08-11,,,,,,,,
NUMV,2026-08-10,45.58,45.6,0.0004387889425188085,2026-08-11,,,,,,,,
NURE,2026-08-10,31.65,31.49,-0.0050552922590837435,2026-08-11,,,,,,,,
NUS,2026-08-10,5.15,4.87,-0.05436893203883497,2026-08-11,,,,,,,,
NUSA,2026-08-10,23.01,23.05,0.0017383746197305872,2026-08-11,,,,,,,,
NUSB,2026-08-10,25.2,25.2,0.0,2026-08-11,,,,,,,,
NUSC,2026-08-10,52.5,52.61,0.00209523809523815,2026-08-11,,,,,,,,
NUTX,2026-08-10,197.51,166.45,-0.1572578603615007,2026-08-11,,,,,,,,
NUV,2026-08-10,9.07,9.06,-0.0011025358324144863,2026-08-11,,,,,,,,
NUVB,2026-08-10,6.6,6.37,-0.034848484848484795,2026-08-11,,,,,,,,
NUW,2026-08-10,13.97,13.98,0.0007158196134573469,2026-08-11,,,,,,,,
NUWE,2026-08-10,1.42,1.48,0.04225352112676051,2026-08-11,,,,,,,,
NVA,2026-08-10,5.81,5.69,-0.0206540447504302,2026-08-11,,,,,,,,
NVAX,2026-08-10,7.89,7.95,0.0076045627376426506,2026-08-11,,,,,,,,
NVBT,2026-08-10,40.62,40.56,-0.001477104874445967,2026-08-11,,,,,,,,
NVBU,2026-08-10,31.64,31.53,-0.003476611883691527,2026-08-11,,,,,,,,
NVBW,2026-08-10,36.23,36.22,-0.00027601435274626773,2026-08-11,,,,,,,,
NVC,2026-08-10,29.88,29.91,0.0010040160642570406,2026-08-11,,,,,,,,
NVCR,2026-08-10,17.31,17.66,0.02021952628538415,2026-08-11,,,,,,,,
NVCT,2026-08-10,18.88,19.41,0.02807203389830515,2026-08-11,,,,,,,,
NVD,2026-08-10,4.2,4.21,0.0023809523809523725,2026-08-11,,,,,,,,
NVDA,2026-08-10,217.55,217.5,-0.0002298322224776328,2026-08-11,,,,,,,,
NVDB,2026-08-10,32.1,32.08,-0.0006230529595016021,2026-08-11,,,,,,,,
NVDD,2026-08-10,31.0,31.02,0.00064516129032266,2026-08-11,,,,,,,,
NVDG,2026-08-10,19.56,19.63,0.0035787321063394106,2026-08-11,,,,,,,,
NVDL,2026-08-10,34.36,34.31,-0.0014551804423748038,2026-08-11,,,,,,,,
NVDQ,2026-08-10,9.55,9.56,0.0010471204188482464,2026-08-11,,,,,,,,
NVDS,2026-08-10,19.57,19.56,-0.0005109862033726431,2026-08-11,,,,,,,,
NVDU,2026-08-10,136.75,136.42,-0.002413162705667382,2026-08-11,,,,,,,,
NVDW,2026-08-10,37.33,37.23,-0.0026788106080900542,2026-08-11,,,,,,,,
NVDX,2026-08-10,19.45,19.42,-0.0015424164524420192,2026-08-11,,,,,,,,
NVDY,2026-08-10,12.73,12.74,0.0007855459544383603,2026-08-11,,,,,,,,
NVEC,2026-08-10,118.36,116.87,-0.012588712402838764,2026-08-11,,,,,,,,
NVG,2026-08-10,12.44,12.43,-0.000803858520900258,2026-08-11,,,,,,,,
NVGS,2026-08-10,20.33,20.03,-0.014756517461878893,2026-08-11,,,,,,,,
NVIB,2026-08-10,27.33,27.35,0.0007317965605562193,2026-08-11,,,,,,,,
NVII,2026-08-10,24.73,24.53,-0.008087343307723427,2026-08-11,,,,,,,,
NVIR,2026-08-10,39.91,40.46,0.013781007266349343,2026-08-11,,,,,,,,
NVIT,2026-08-10,50.66,50.42,-0.0047374654559809715,2026-08-11,,,,,,,,
NVMI,2026-08-10,384.8,395.95,0.02897609147609148,2026-08-11,,,,,,,,
NVNI,2026-08-10,1.02,1.0,-0.019607843137254943,2026-08-11,,,,,,,,
NVNO,2026-08-10,10.15,11.12,0.09556650246305409,2026-08-11,,,,,,,,
NVO,2026-08-10,47.73,47.17,-0.011732662895453494,2026-08-11,,,,,,,,
NVOC,2026-08-10,22.72,22.44,-0.012323943661971759,2026-08-11,,,,,,,,
NVOH,2026-08-10,25.64,25.51,-0.005070202808112323,2026-08-11,,,,,,,,
NVOX,2026-08-10,15.29,14.9,-0.02550686723348583,2026-08-11,,,,,,,,
NVPS,2026-08-10,22.41,22.79,0.01695671575189639,2026-08-11,,,,,,,,
NVR,2026-08-10,6292.28,6429.96,0.021880780893412277,2026-08-11,,,,,,,,
NVRI,2026-08-10,21.87,20.14,-0.07910379515317789,2026-08-11,,,,,,,,
NVS,2026-08-10,156.79,154.61,-0.01390394795586436,2026-08-11,,,,,,,,
NVST,2026-08-10,28.19,28.52,0.01170627882227726,2026-08-11,,,,,,,,
NVT,2026-08-10,162.33,167.16,0.02975420439844756,2026-08-11,,,,,,,,
NVTC,2026-08-10,16.31,17.42,0.0680564071122014,2026-08-11,,,,,,,,
NVTS,2026-08-10,13.17,13.6,0.03264996203492787,2026-08-11,,,,,,,,
NVTX,2026-08-10,22.01,23.37,0.06179009541117675,2026-08-11,,,,,,,,
NVX,2026-08-10,0.45,0.45,0.0,2026-08-11,,,,,,,,
NVYY,2026-08-10,12.14,12.15,0.0008237232289949326,2026-08-11,,,,,,,,
NWAX,2026-08-10,10.18,10.18,0.0,2026-08-11,,,,,,,,
NWBI,2026-08-10,15.49,15.63,0.009038089089735246,2026-08-11,,,,,,,,
NWE,2026-08-10,71.22,70.65,-0.00800336983993255,2026-08-11,,,,,,,,
NWFL,2026-08-10,33.62,34.24,0.018441403926234612,2026-08-11,,,,,,,,
NWG,2026-08-10,19.18,19.05,-0.006777893639207444,2026-08-11,,,,,,,,
NWGL,2026-08-10,0.3,0.32,0.06666666666666665,2026-08-11,,,,,,,,
NWL,2026-08-10,5.9,6.15,0.04237288135593209,2026-08-11,,,,,,,,
NWN,2026-08-10,49.57,50.25,0.013717974581400005,2026-08-11,,,,,,,,
NWPX,2026-08-10,114.62,111.76,-0.0249520153550864,2026-08-11,,,,,,,,
NWS,2026-08-10,32.5,32.67,0.005230769230769372,2026-08-11,,,,,,,,
NWSA,2026-08-10,28.49,28.63,0.004914004914004844,2026-08-11,,,,,,,,
NWTG,2026-08-10,1.14,1.21,0.06140350877192979,2026-08-11,,,,,,,,
NX,2026-08-10,21.06,21.89,0.03941120607787285,2026-08-11,,,,,,,,
NXB,2026-08-10,2.19,2.13,-0.0273972602739726,2026-08-11,,,,,,,,
NXDR,2026-08-10,2.68,2.66,-0.007462686567164201,2026-08-11,,,,,,,,
NXDT,2026-08-10,4.73,4.7,-0.00634249471458781,2026-08-11,,,,,,,,
NXE,2026-08-10,10.3,10.56,0.025242718446601975,2026-08-11,,,,,,,,
NXG,2026-08-10,60.74,61.26,0.008561080013170796,2026-08-11,,,,,,,,
NXGL,2026-08-10,0.36,0.43,0.19444444444444442,2026-08-11,,,,,,,,
NXL,2026-08-10,0.34,0.36,0.0588235294117645,2026-08-11,,,,,,,,
NXP,2026-08-10,14.21,14.24,0.002111189303307448,2026-08-11,,,,,,,,
NXPG,2026-08-10,7.74,7.9,0.02067183462532296,2026-08-11,,,,,,,,
NXPI,2026-08-10,233.43,236.38,0.012637621556783607,2026-08-11,,,,,,,,
NXPL,2026-08-10,6.36,6.47,0.01729559748427656,2026-08-11,,,,,,,,
NXPX,2026-08-10,11.65,11.91,0.022317596566523656,2026-08-11,,,,,,,,
NXRT,2026-08-10,25.09,24.68,-0.01634117178158634,2026-08-11,,,,,,,,
NXST,2026-08-10,191.73,184.56,-0.037396338601157764,2026-08-11,,,,,,,,
NXT,2026-08-10,102.91,104.88,0.01914294043338849,2026-08-11,,,,,,,,
NXTC,2026-08-10,6.84,6.73,-0.01608187134502914,2026-08-11,,,,,,,,
NXTE,2026-08-10,46.35,46.98,0.013592233009708687,2026-08-11,,,,,,,,
NXTG,2026-08-10,151.28,151.92,0.004230565838180711,2026-08-11,,,,,,,,
NXTI,2026-08-10,36.3,36.16,-0.0038567493112947604,2026-08-11,,,,,,,,
NXTS,2026-08-10,1.88,1.89,0.005319148936170137,2026-08-11,,,,,,,,
NXTT,2026-08-10,6.55,6.42,-0.01984732824427482,2026-08-11,,,,,,,,
NXUS,2026-08-10,24.68,24.7,0.0008103727714747766,2026-08-11,,,,,,,,
NXXT,2026-08-10,0.27,0.28,0.03703703703703698,2026-08-11,,,,,,,,
NYAX,2026-08-10,62.0,53.87,-0.1311290322580646,2026-08-11,,,,,,,,
NYC,2026-08-10,8.23,8.0,-0.027946537059538312,2026-08-11,,,,,,,,
NYF,2026-08-10,53.01,53.06,0.0009432182607056472,2026-08-11,,,,,,,,
NYM,2026-08-10,24.89,24.89,0.0,2026-08-11,,,,,,,,
NYNY,2026-08-10,27.66,27.73,0.0025307302964570066,2026-08-11,,,,,,,,
NYSX,2026-08-10,126.4,126.07,-0.0026107594936709555,2026-08-11,,,,,,,,
NYT,2026-08-10,64.8,63.73,-0.016512345679012386,2026-08-11,,,,,,,,
NYXH,2026-08-10,1.58,1.59,0.006329113924050667,2026-08-11,,,,,,,,
NYYY,2026-08-10,44.2,44.3,0.002262443438913797,2026-08-11,,,,,,,,
NZAC,2026-08-10,47.16,47.1,-0.0012722646310431296,2026-08-11,,,,,,,,
NZF,2026-08-10,12.37,12.31,-0.004850444624090455,2026-08-11,,,,,,,,
O,2026-08-10,61.89,61.89,0.0,2026-08-11,,,,,,,,
OABI,2026-08-10,3.39,3.38,-0.002949852507374673,2026-08-11,,,,,,,,
OACC,2026-08-10,10.74,10.73,-0.0009310986964617962,2026-08-11,,,,,,,,
OACP,2026-08-10,22.39,22.4,0.0004466279589101507,2026-08-11,,,,,,,,
OAEM,2026-08-10,46.89,47.34,0.009596928982725572,2026-08-11,,,,,,,,
OAIM,2026-08-10,47.03,47.22,0.004039974484371545,2026-08-11,,,,,,,,
OAKG,2026-08-10,27.32,27.31,-0.00036603221083464366,2026-08-11,,,,,,,,
OAKI,2026-08-10,27.54,27.49,-0.0018155410312273856,2026-08-11,,,,,,,,
OAKM,2026-08-10,30.83,30.81,-0.0006487187804087302,2026-08-11,,,,,,,,
OALC,2026-08-10,42.25,42.09,-0.0037869822485205873,2026-08-11,,,,,,,,
OARK,2026-08-10,29.38,29.41,0.0010211027910143056,2026-08-11,,,,,,,,
OASC,2026-08-10,35.06,35.11,0.0014261266400454886,2026-08-11,,,,,,,,
OBA,2026-08-10,10.29,10.29,0.0,2026-08-11,,,,,,,,
OBAI,2026-08-10,0.48,0.46,-0.04166666666666663,2026-08-11,,,,,,,,
OBDC,2026-08-10,11.55,11.68,0.011255411255411074,2026-08-11,,,,,,,,
OBE,2026-08-10,10.47,10.64,0.01623686723973261,2026-08-11,,,,,,,,
OBIL,2026-08-10,50.04,50.06,0.00039968025579550925,2026-08-11,,,,,,,,
OBIO,2026-08-10,4.46,4.4,-0.013452914798206206,2026-08-11,,,,,,,,
OBK,2026-08-10,53.14,53.75,0.011479111780203333,2026-08-11,,,,,,,,
OBND,2026-08-10,25.39,25.41,0.0007877116975187892,2026-08-11,,,,,,,,
OBOR,2026-08-10,27.6,27.53,-0.002536231884057938,2026-08-11,,,,,,,,
OBT,2026-08-10,38.29,38.77,0.012535910159310548,2026-08-11,,,,,,,,
OBTC,2026-08-10,20.52,20.37,-0.007309941520467822,2026-08-11,,,,,,,,
OBX,2026-08-10,35.0,32.9,-0.06000000000000005,2026-08-11,,,,,,,,
OC,2026-08-10,153.8,158.92,0.03328998699609875,2026-08-11,,,,,,,,
OCAC,2026-08-10,9.92,9.92,0.0,2026-08-11,,,,,,,,
OCC,2026-08-10,15.37,15.95,0.037735849056603765,2026-08-11,,,,,,,,
OCCI,2026-08-10,2.46,2.53,0.028455284552845406,2026-08-11,,,,,,,,
OCDB,2026-08-10,26.32,26.29,-0.0011398176291793627,2026-08-11,,,,,,,,
OCFC,2026-08-10,19.0,19.08,0.004210526315789442,2026-08-11,,,,,,,,
OCG,2026-08-10,1.74,1.71,-0.017241379310344862,2026-08-11,,,,,,,,
OCGN,2026-08-10,1.31,1.37,0.04580152671755733,2026-08-11,,,,,,,,
OCIO,2026-08-10,37.94,37.94,0.0,2026-08-11,,,,,,,,
OCLTU,2026-08-10,9.98,9.98,0.0,2026-08-11,,,,,,,,
OCNL,2026-08-10,27.11,23.29,-0.14090741423828845,2026-08-11,,,,,,,,
OCS,2026-08-10,12.76,12.75,-0.0007836990595611049,2026-08-11,,,,,,,,
OCSL,2026-08-10,12.73,12.81,0.00628436763550666,2026-08-11,,,,,,,,
OCTB,2026-08-10,27.73,27.75,0.0007212405337180261,2026-08-11,,,,,,,,
OCTH,2026-08-10,24.15,24.12,-0.001242236024844634,2026-08-11,,,,,,,,
OCTJ,2026-08-10,24.08,24.09,0.0004152823920267057,2026-08-11,,,,,,,,
OCTM,2026-08-10,33.94,33.94,0.0,2026-08-11,,,,,,,,
OCTP,2026-08-10,32.99,32.94,-0.0015156107911489247,2026-08-11,,,,,,,,
OCTT,2026-08-10,47.7,47.66,-0.0008385744234802317,2026-08-11,,,,,,,,
OCTU,2026-08-10,31.25,31.15,-0.0032000000000000917,2026-08-11,,,,,,,,
OCTV,2026-08-10,19.43,19.72,0.014925373134328401,2026-08-11,,,,,,,,
OCTW,2026-08-10,41.54,41.53,-0.0002407318247471535,2026-08-11,,,,,,,,
OCTZ,2026-08-10,46.91,46.8,-0.002344915796205438,2026-08-11,,,,,,,,
OCUL,2026-08-10,9.24,9.76,0.05627705627705626,2026-08-11,,,,,,,,
ODC,2026-08-10,88.02,87.44,-0.006589411497386899,2026-08-11,,,,,,,,
ODD,2026-08-10,12.68,12.48,-0.01577287066246047,2026-08-11,,,,,,,,
ODDS,2026-08-10,25.55,25.7,0.005870841487279899,2026-08-11,,,,,,,,
ODDZ,2026-08-10,25.12,25.51,0.015525477707006408,2026-08-11,,,,,,,,
ODFL,2026-08-10,212.55,209.44,-0.014631851329099055,2026-08-11,,,,,,,,
ODHY,2026-08-10,9.94,9.94,0.0,2026-08-11,,,,,,,,
ODTE,2026-08-10,26.01,26.01,0.0,2026-08-11,,,,,,,,
ODTX,2026-08-10,22.17,20.35,-0.08209291835814159,2026-08-11,,,,,,,,
ODYS,2026-08-10,4.24,4.38,0.03301886792452824,2026-08-11,,,,,,,,
OEC,2026-08-10,6.88,6.67,-0.03052325581395343,2026-08-11,,,,,,,,
OEF,2026-08-10,383.0,380.82,-0.005691906005221958,2026-08-11,,,,,,,,
OEFA,2026-08-10,36.78,36.84,0.0016313213703100793,2026-08-11,,,,,,,,
OEI,2026-08-10,26.17,26.2,0.001146350783339578,2026-08-11,,,,,,,,
OESX,2026-08-10,19.15,19.75,0.031331592689295196,2026-08-11,,,,,,,,
OFAL,2026-08-10,0.8,0.71,-0.11250000000000004,2026-08-11,,,,,,,,
OFG,2026-08-10,52.1,52.54,0.008445297504798388,2026-08-11,,,,,,,,
OFIX,2026-08-10,10.26,10.32,0.005847953216374213,2026-08-11,,,,,,,,
OFLX,2026-08-10,30.3,29.93,-0.012211221122112259,2026-08-11,,,,,,,,
OFRM,2026-08-10,18.01,16.7,-0.07273736812881748,2026-08-11,,,,,,,,
OFS,2026-08-10,3.64,3.63,-0.0027472527472528485,2026-08-11,,,,,,,,
OGC,2026-08-10,28.52,28.74,0.007713884992987419,2026-08-11,,,,,,,,
OGE,2026-08-10,46.18,46.32,0.003031615417929956,2026-08-11,,,,,,,,
OGEN,2026-08-10,0.55,0.55,0.0,2026-08-11,,,,,,,,
OGG,2026-08-10,2.73,2.72,-0.003663003663003539,2026-08-11,,,,,,,,
OGI,2026-08-10,1.05,1.23,0.17142857142857126,2026-08-11,,,,,,,,
OGIG,2026-08-10,51.47,50.84,-0.012240139887312873,2026-08-11,,,,,,,,
OGN,2026-08-10,13.62,13.65,0.0022026431718062955,2026-08-11,,,,,,,,
OGS,2026-08-10,78.87,79.6,0.00925573728920992,2026-08-11,,,,,,,,
OGSP,2026-08-10,9.99,10.0,0.0010010010010010895,2026-08-11,,,,,,,,
OHAC,2026-08-10,9.94,9.95,0.001006036217303885,2026-08-11,,,,,,,,
OHI,2026-08-10,47.39,45.57,-0.03840472673559825,2026-08-11,,,,,,,,
OI,2026-08-10,7.0,7.15,0.021428571428571574,2026-08-11,,,,,,,,
OIA,2026-08-10,6.05,6.05,0.0,2026-08-11,,,,,,,,
OIH,2026-08-10,411.34,415.3,0.009627072494773348,2026-08-11,,,,,,,,
OII,2026-08-10,51.12,50.76,-0.007042253521126751,2026-08-11,,,,,,,,
OILD,2026-08-10,33.53,32.5,-0.030718759320012,2026-08-11,,,,,,,,
OILK,2026-08-10,52.02,52.42,0.0076893502499038036,2026-08-11,,,,,,,,
OILT,2026-08-10,30.7,30.93,0.007491856677524389,2026-08-11,,,,,,,,
OILU,2026-08-10,46.4,47.89,0.032112068965517215,2026-08-11,,,,,,,,
OIM,2026-08-10,10.11,10.11,0.0,2026-08-11,,,,,,,,
OIO,2026-08-10,1.63,1.81,0.11042944785276076,2026-08-11,,,,,,,,
OIS,2026-08-10,8.85,8.82,-0.003389830508474523,2026-08-11,,,,,,,,
OKE,2026-08-10,90.34,91.52,0.013061766659287155,2026-08-11,,,,,,,,
OKLC,2026-08-10,16.95,18.71,0.10383480825958702,2026-08-11,,,,,,,,
OKLL,2026-08-10,3.13,3.47,0.10862619808306717,2026-08-11,,,,,,,,
OKLO,2026-08-10,44.49,47.01,0.05664194200944017,2026-08-11,,,,,,,,
OKLS,2026-08-10,24.95,22.12,-0.11342685370741479,2026-08-11,,,,,,,,
OKTA,2026-08-10,150.77,150.33,-0.0029183524573853648,2026-08-11,,,,,,,,
OKTG,2026-08-10,33.49,33.24,-0.007464914899970143,2026-08-11,,,,,,,,
OKUR,2026-08-10,4.06,4.09,0.007389162561576512,2026-08-11,,,,,,,,
OKYO,2026-08-10,1.57,1.52,-0.031847133757961776,2026-08-11,,,,,,,,
OLB,2026-08-10,0.31,0.31,0.0,2026-08-11,,,,,,,,
OLED,2026-08-10,90.54,94.04,0.038656947205655046,2026-08-11,,,,,,,,
OLLI,2026-08-10,79.38,78.71,-0.008440413202318031,2026-08-11,,,,,,,,
OLMA,2026-08-10,11.94,10.43,-0.12646566164154105,2026-08-11,,,,,,,,
OLN,2026-08-10,18.82,19.08,0.01381509032943673,2026-08-11,,,,,,,,
OLOX,2026-08-10,3.26,3.16,-0.030674846625766805,2026-08-11,,,,,,,,
OLP,2026-08-10,23.47,23.59,0.005112910097997414,2026-08-11,,,,,,,,
OM,2026-08-10,4.93,4.82,-0.022312373225152005,2026-08-11,,,,,,,,
OMAB,2026-08-10,108.53,108.4,-0.0011978254860406379,2026-08-11,,,,,,,,
OMAH,2026-08-10,18.63,18.5,-0.006977992485238782,2026-08-11,,,,,,,,
OMC,2026-08-10,84.65,85.95,0.015357353809805074,2026-08-11,,,,,,,,
OMCL,2026-08-10,37.31,36.86,-0.012061109622085286,2026-08-11,,,,,,,,
OMDA,2026-08-10,24.99,24.01,-0.039215686274509665,2026-08-11,,,,,,,,
OMER,2026-08-10,13.62,13.6,-0.001468428781204123,2026-08-11,,,,,,,,
OMEX,2026-08-10,0.88,0.9,0.022727272727272707,2026-08-11,,,,,,,,
OMF,2026-08-10,63.16,63.67,0.008074730842305256,2026-08-11,,,,,,,,
OMFL,2026-08-10,71.23,71.01,-0.003088586269830107,2026-08-11,,,,,,,,
OMFS,2026-08-10,53.16,53.29,0.0024454477050415147,2026-08-11,,,,,,,,
OMH,2026-08-10,0.09,0.11,0.22222222222222232,2026-08-11,,,,,,,,
OMSE,2026-08-10,4.5,4.5,0.0,2026-08-11,,,,,,,,
ON,2026-08-10,79.78,81.11,0.016670844823263975,2026-08-11,,,,,,,,
ONB,2026-08-10,26.52,26.84,0.012066365007541435,2026-08-11,,,,,,,,
ONC,2026-08-10,359.0,359.27,0.0007520891364902749,2026-08-11,,,,,,,,
ONCH,2026-08-10,10.28,10.28,0.0,2026-08-11,,,,,,,,
ONCO,2026-08-10,0.9,0.97,0.07777777777777772,2026-08-11,,,,,,,,
ONCY,2026-08-10,0.8,0.82,0.02499999999999991,2026-08-11,,,,,,,,
OND,2026-08-10,36.38,35.72,-0.018141836173721893,2026-08-11,,,,,,,,
ONDC,2026-08-10,31.59,34.0,0.076289965178854,2026-08-11,,,,,,,,
ONDG,2026-08-10,3.74,4.09,0.09358288770053469,2026-08-11,,,,,,,,
ONDL,2026-08-10,9.57,10.43,0.08986415882967602,2026-08-11,,,,,,,,
ONDS,2026-08-10,9.31,9.74,0.04618689581095592,2026-08-11,,,,,,,,
ONDU,2026-08-10,6.01,6.57,0.09317803660565738,2026-08-11,,,,,,,,
ONEG,2026-08-10,1.02,1.02,0.0,2026-08-11,,,,,,,,
ONEH,2026-08-10,24.73,24.71,-0.0008087343307723316,2026-08-11,,,,,,,,
ONEO,2026-08-10,157.33,157.76,0.0027331087523039255,2026-08-11,,,,,,,,
ONEQ,2026-08-10,104.79,104.16,-0.006012024048096309,2026-08-11,,,,,,,,
ONEV,2026-08-10,150.1,150.14,0.0002664890073282855,2026-08-11,,,,,,,,
ONEW,2026-08-10,12.29,12.78,0.03986981285598046,2026-08-11,,,,,,,,
ONEY,2026-08-10,133.88,134.01,0.0009710188228264638,2026-08-11,,,,,,,,
ONEZ,2026-08-10,28.29,28.21,-0.0028278543655001487,2026-08-11,,,,,,,,
ONFO,2026-08-10,2.4,2.46,0.025000000000000133,2026-08-11,,,,,,,,
ONG,2026-08-10,5.14,5.31,0.03307392996108938,2026-08-11,,,,,,,,
ONIT,2026-08-10,38.72,39.22,0.012913223140495811,2026-08-11,,,,,,,,
ONL,2026-08-10,2.75,2.77,0.0072727272727273196,2026-08-11,,,,,,,,
ONLN,2026-08-10,61.22,60.87,-0.005717085919634157,2026-08-11,,,,,,,,
ONMD,2026-08-10,0.66,0.74,0.1212121212121211,2026-08-11,,,,,,,,
ONOF,2026-08-10,41.24,41.13,-0.0026673132880697947,2026-08-11,,,,,,,,
ONON,2026-08-10,38.78,30.91,-0.20293965961836002,2026-08-11,,,,,,,,
ONT,2026-08-10,15.54,16.41,0.055984555984555984,2026-08-11,,,,,,,,
ONTO,2026-08-10,291.35,319.79,0.09761455294319554,2026-08-11,,,,,,,,
ONTX,2026-08-10,18.01,21.31,0.18323153803442516,2026-08-11,,,,,,,,
ONX,2026-08-10,8.18,8.34,0.019559902200489088,2026-08-11,,,,,,,,
OOMA,2026-08-10,21.58,21.03,-0.025486561631139826,2026-08-11,,,,,,,,
OOSP,2026-08-10,10.12,10.16,0.0039525691699606735,2026-08-11,,,,,,,,
OPAD,2026-08-10,4.74,4.75,0.002109704641350074,2026-08-11,,,,,,,,
OPAL,2026-08-10,2.6,2.45,-0.05769230769230771,2026-08-11,,,,,,,,
OPBK,2026-08-10,15.63,15.69,0.0038387715930900956,2026-08-11,,,,,,,,
OPCH,2026-08-10,24.5,24.08,-0.017142857142857237,2026-08-11,,,,,,,,
OPEG,2026-08-10,2.23,2.37,0.06278026905829592,2026-08-11,,,,,,,,
OPEN,2026-08-10,3.48,3.58,0.028735632183908066,2026-08-11,,,,,,,,
OPER,2026-08-10,100.17,100.18,9.983028850957254e-05,2026-08-11,,,,,,,,
OPEX,2026-08-10,8.98,9.4,0.04677060133630295,2026-08-11,,,,,,,,
OPFI,2026-08-10,8.77,6.59,-0.24857468643101477,2026-08-11,,,,,,,,
OPHC,2026-08-10,8.92,9.2,0.03139013452914785,2026-08-11,,,,,,,,
OPI,2026-08-10,19.0,18.95,-0.0026315789473684292,2026-08-11,,,,,,,,
OPK,2026-08-10,1.39,1.39,0.0,2026-08-11,,,,,,,,
OPLN,2026-08-10,37.27,36.5,-0.020660048296216926,2026-08-11,,,,,,,,
OPP,2026-08-10,7.67,7.65,-0.0026075619295957697,2026-08-11,,,,,,,,
OPPE,2026-08-10,60.14,60.03,-0.0018290655138011314,2026-08-11,,,,,,,,
OPPG,2026-08-10,37.53,37.48,-0.0013322675193180311,2026-08-11,,,,,,,,
OPPJ,2026-08-10,57.82,58.08,0.004496713939813102,2026-08-11,,,,,,,,
OPRA,2026-08-10,19.95,20.04,0.004511278195488799,2026-08-11,,,,,,,,
OPRT,2026-08-10,7.74,7.6,-0.01808785529715773,2026-08-11,,,,,,,,
OPRX,2026-08-10,6.86,6.92,0.008746355685131046,2026-08-11,,,,,,,,
OPTH,2026-08-10,4.85,4.68,-0.035051546391752564,2026-08-11,,,,,,,,
OPTT,2026-08-10,0.19,0.2,0.05263157894736836,2026-08-11,,,,,,,,
OPTU,2026-08-10,0.78,0.83,0.0641025641025641,2026-08-11,,,,,,,,
OPTX,2026-08-10,7.58,8.87,0.17018469656992075,2026-08-11,,,,,,,,
OPTZ,2026-08-10,46.22,46.49,0.0058416270012982,2026-08-11,,,,,,,,
OPXS,2026-08-10,11.42,11.61,0.016637478108581405,2026-08-11,,,,,,,,
OPY,2026-08-10,111.71,113.15,0.012890520096678904,2026-08-11,,,,,,,,
OR,2026-08-10,33.74,33.69,-0.0014819205690576043,2026-08-11,,,,,,,,
ORA,2026-08-10,111.7,114.46,0.02470904207699176,2026-08-11,,,,,,,,
ORAC,2026-08-10,24.98,23.09,-0.07566052842273818,2026-08-11,,,,,,,,
ORBS,2026-08-10,0.73,0.75,0.027397260273972712,2026-08-11,,,,,,,,
ORBX,2026-08-10,46.45,46.79,0.007319698600645852,2026-08-11,,,,,,,,
ORC,2026-08-10,6.5,6.57,0.010769230769230864,2026-08-11,,,,,,,,
ORCL,2026-08-10,151.05,145.48,-0.03687520688513746,2026-08-11,,,,,,,,
ORCS,2026-08-10,28.78,29.86,0.037526059763724806,2026-08-11,,,,,,,,
ORCU,2026-08-10,8.37,7.76,-0.07287933094384702,2026-08-11,,,,,,,,
ORCX,2026-08-10,23.41,21.64,-0.07560871422469029,2026-08-11,,,,,,,,
ORCZ,2026-08-10,16.16,17.45,0.07982673267326734,2026-08-11,,,,,,,,
ORGO,2026-08-10,1.86,1.89,0.016129032258064502,2026-08-11,,,,,,,,
ORI,2026-08-10,42.47,42.43,-0.0009418412997409531,2026-08-11,,,,,,,,
ORIC,2026-08-10,13.62,13.73,0.008076358296622788,2026-08-11,,,,,,,,
ORIO,2026-08-10,0.7,0.79,0.12857142857142878,2026-08-11,,,,,,,,
ORIQ,2026-08-10,10.31,10.35,0.0038797284190106307,2026-08-11,,,,,,,,
ORKA,2026-08-10,105.14,104.68,-0.004375118889100138,2026-08-11,,,,,,,,
ORKT,2026-08-10,1.01,1.01,0.0,2026-08-11,,,,,,,,
ORLA,2026-08-10,9.44,9.44,0.0,2026-08-11,,,,,,,,
ORLY,2026-08-10,92.23,92.57,0.0036864360837036703,2026-08-11,,,,,,,,
ORMP,2026-08-10,4.2,4.25,0.011904761904761862,2026-08-11,,,,,,,,
ORN,2026-08-10,9.79,9.77,-0.002042900919305368,2026-08-11,,,,,,,,
ORO,2026-08-10,17.88,17.76,-0.006711409395973034,2026-08-11,,,,,,,,
ORR,2026-08-10,39.26,39.01,-0.006367804381049447,2026-08-11,,,,,,,,
ORRF,2026-08-10,42.52,42.79,0.006349952963311312,2026-08-11,,,,,,,,
OSBC,2026-08-10,25.28,25.45,0.006724683544303778,2026-08-11,,,,,,,,
OSCR,2026-08-10,27.67,27.97,0.010842067220816709,2026-08-11,,,,,,,,
OSCV,2026-08-10,42.83,42.98,0.00350221807144524,2026-08-11,,,,,,,,
OSCX,2026-08-10,88.51,89.8,0.014574624336233022,2026-08-11,,,,,,,,
OSEA,2026-08-10,30.95,30.97,0.0006462035541194844,2026-08-11,,,,,,,,
OSG,2026-08-10,4.67,4.54,-0.027837259100642386,2026-08-11,,,,,,,,
OSIS,2026-08-10,232.61,233.2,0.002536434375134178,2026-08-11,,,,,,,,
OSK,2026-08-10,155.39,155.78,0.0025098140163459792,2026-08-11,,,,,,,,
OSPN,2026-08-10,16.37,16.3,-0.004276114844227297,2026-08-11,,,,,,,,
OSPRU,2026-08-10,10.06,10.05,-0.0009940357852882276,2026-08-11,,,,,,,,
OSRH,2026-08-10,0.41,0.39,-0.04878048780487798,2026-08-11,,,,,,,,
OSS,2026-08-10,12.65,12.72,0.005533596837944632,2026-08-11,,,,,,,,
OSSL,2026-08-10,8.2,8.24,0.004878048780487809,2026-08-11,,,,,,,,
OSTX,2026-08-10,1.63,1.6,-0.018404907975460016,2026-08-11,,,,,,,,
OSUR,2026-08-10,4.0,3.88,-0.030000000000000027,2026-08-11,,,,,,,,
OSW,2026-08-10,25.8,25.99,0.0073643410852712865,2026-08-11,,,,,,,,
OTAI,2026-08-10,9.97,10.01,0.004012036108324901,2026-08-11,,,,,,,,
OTEX,2026-08-10,24.72,23.98,-0.0299352750809061,2026-08-11,,,,,,,,
OTF,2026-08-10,11.39,11.73,0.029850746268656803,2026-08-11,,,,,,,,
OTGA,2026-08-10,10.21,10.21,0.0,2026-08-11,,,,,,,,
OTGL,2026-08-10,10.79,10.62,-0.01575532900834109,2026-08-11,,,,,,,,
OTIS,2026-08-10,72.87,73.04,0.002332921641279073,2026-08-11,,,,,,,,
OTLK,2026-08-10,1.15,1.13,-0.017391304347826098,2026-08-11,,,,,,,,
OTLY,2026-08-10,13.12,13.03,-0.006859756097560954,2026-08-11,,,,,,,,
OTTR,2026-08-10,92.37,94.28,0.02067770921294798,2026-08-11,,,,,,,,
OUNZ,2026-08-10,42.19,42.01,-0.004266413842142658,2026-08-11,,,,,,,,
OUSA,2026-08-10,62.13,61.96,-0.0027361982938999274,2026-08-11,,,,,,,,
OUSL,2026-08-10,18.96,21.65,0.14187763713080148,2026-08-11,,,,,,,,
OUSM,2026-08-10,49.69,49.74,0.0010062386798148637,2026-08-11,,,,,,,,
OUST,2026-08-10,42.13,45.13,0.07120816520294326,2026-08-11,,,,,,,,
OUT,2026-08-10,30.04,29.92,-0.003994673768308865,2026-08-11,,,,,,,,
OVB,2026-08-10,20.15,20.17,0.0009925558312655625,2026-08-11,,,,,,,,
OVBC,2026-08-10,43.93,44.17,0.0054632369679035175,2026-08-11,,,,,,,,
OVF,2026-08-10,32.17,32.18,0.0003108486167235913,2026-08-11,,,,,,,,
OVID,2026-08-10,2.62,2.58,-0.01526717557251911,2026-08-11,,,,,,,,
OVL,2026-08-10,58.17,57.97,-0.003438198384046798,2026-08-11,,,,,,,,
OVLH,2026-08-10,42.85,42.69,-0.003733955659276589,2026-08-11,,,,,,,,
OVLY,2026-08-10,33.2,33.36,0.004819277108433662,2026-08-11,,,,,,,,
OVM,2026-08-10,21.49,21.51,0.0009306654257796865,2026-08-11,,,,,,,,
OVS,2026-08-10,42.2,42.33,0.0030805687203789844,2026-08-11,,,,,,,,
OVT,2026-08-10,21.77,21.77,0.0,2026-08-11,,,,,,,,
OVV,2026-08-10,63.56,63.45,-0.0017306482064191053,2026-08-11,,,,,,,,
OWL,2026-08-10,11.65,12.32,0.057510729613733824,2026-08-11,,,,,,,,
OWLS,2026-08-10,5.46,5.44,-0.003663003663003539,2026-08-11,,,,,,,,
OWLT,2026-08-10,5.42,5.44,0.0036900369003691758,2026-08-11,,,,,,,,
OWN,2026-08-10,25.36,25.19,-0.0067034700315457,2026-08-11,,,,,,,,
OWNB,2026-08-10,16.75,16.8,0.0029850746268658135,2026-08-11,,,,,,,,
OWNS,2026-08-10,17.08,17.09,0.0005854800936768711,2026-08-11,,,,,,,,
OXBR,2026-08-10,1.31,1.3,-0.007633587786259555,2026-08-11,,,,,,,,
OXLC,2026-08-10,9.27,9.32,0.005393743257821049,2026-08-11,,,,,,,,
OXM,2026-08-10,37.25,36.3,-0.025503355704698083,2026-08-11,,,,,,,,
OXSQ,2026-08-10,1.45,1.44,-0.006896551724137945,2026-08-11,,,,,,,,
OXY,2026-08-10,58.65,59.06,0.0069906223358908726,2026-08-11,,,,,,,,
OYSE,2026-08-10,10.34,10.35,0.0009671179883945502,2026-08-11,,,,,,,,
OZ,2026-08-10,47.37,48.01,0.01351066075575269,2026-08-11,,,,,,,,
OZEM,2026-08-10,33.82,33.68,-0.004139562389118834,2026-08-11,,,,,,,,
OZK,2026-08-10,51.59,51.87,0.005427408412483015,2026-08-11,,,,,,,,
P,2026-08-10,97.98,109.38,0.11635027556644206,2026-08-11,,,,,,,,
PAA,2026-08-10,23.26,23.15,-0.004729148753224499,2026-08-11,,,,,,,,
PAAA,2026-08-10,51.36,51.37,0.00019470404984422984,2026-08-11,,,,,,,,
PAAC,2026-08-10,9.97,9.97,0.0,2026-08-11,,,,,,,,
PAAS,2026-08-10,51.8,51.79,-0.00019305019305015936,2026-08-11,,,,,,,,
PAB,2026-08-10,41.49,41.53,0.0009640877319836427,2026-08-11,,,,,,,,
PABD,2026-08-10,71.27,71.28,0.0001403114915112802,2026-08-11,,,,,,,,
PABU,2026-08-10,78.73,78.46,-0.0034294423980695266,2026-08-11,,,,,,,,
PAC,2026-08-10,216.17,213.58,-0.011981311005227258,2026-08-11,,,,,,,,
PACB,2026-08-10,1.15,1.14,-0.008695652173913104,2026-08-11,,,,,,,,
PACH,2026-08-10,10.3,10.28,-0.001941747572815622,2026-08-11,,,,,,,,
PACK,2026-08-10,5.2,5.38,0.03461538461538449,2026-08-11,,,,,,,,
PACS,2026-08-10,48.45,44.95,-0.0722394220846233,2026-08-11,,,,,,,,
PAG,2026-08-10,216.27,216.66,0.0018033014287694993,2026-08-11,,,,,,,,
PAGP,2026-08-10,25.15,25.11,-0.0015904572564612307,2026-08-11,,,,,,,,
PAGS,2026-08-10,9.08,8.89,-0.020925110132158586,2026-08-11,,,,,,,,
PAHC,2026-08-10,34.15,34.08,-0.0020497803806734938,2026-08-11,,,,,,,,
PAI,2026-08-10,11.93,11.94,0.0008382229673091768,2026-08-11,,,,,,,,
PAII,2026-08-10,10.26,10.26,0.0,2026-08-11,,,,,,,,
PAL,2026-08-10,7.24,5.1,-0.29558011049723765,2026-08-11,,,,,,,,
PALC,2026-08-10,57.93,58.09,0.0027619540825134514,2026-08-11,,,,,,,,
PALD,2026-08-10,10.19,10.23,0.003925417075564264,2026-08-11,,,,,,,,
PALI,2026-08-10,2.1,2.14,0.01904761904761898,2026-08-11,,,,,,,,
PALL,2026-08-10,25.11,24.77,-0.013540422142572672,2026-08-11,,,,,,,,
PALO,2026-08-10,9.94,9.93,-0.001006036217303774,2026-08-11,,,,,,,,
PALU,2026-08-10,63.42,62.71,-0.011195206559444948,2026-08-11,,,,,,,,
PAM,2026-08-10,82.71,79.81,-0.035062265747793364,2026-08-11,,,,,,,,
PAMC,2026-08-10,54.48,54.63,0.002753303964757814,2026-08-11,,,,,,,,
PAMT,2026-08-10,13.72,13.44,-0.020408163265306256,2026-08-11,,,,,,,,
PANG,2026-08-10,38.91,38.72,-0.004883063479825145,2026-08-11,,,,,,,,
PANL,2026-08-10,7.33,6.91,-0.05729877216916779,2026-08-11,,,,,,,,
PANW,2026-08-10,385.04,383.8,-0.0032204446291295152,2026-08-11,,,,,,,,
PAPI,2026-08-10,27.74,27.85,0.003965392934390799,2026-08-11,,,,,,,,
PAPL,2026-08-10,1.11,1.05,-0.05405405405405406,2026-08-11,,,,,,,,
PAPR,2026-08-10,42.84,42.82,-0.000466853408029988,2026-08-11,,,,,,,,
PAR,2026-08-10,18.2,17.43,-0.04230769230769227,2026-08-11,,,,,,,,
PARA,2026-08-10,1.66,1.7,0.024096385542168752,2026-08-11,,,,,,,,
PARK,2026-08-10,21.71,20.8,-0.041916167664670656,2026-08-11,,,,,,,,
PARR,2026-08-10,71.67,75.47,0.05302078973071023,2026-08-11,,,,,,,,
PASG,2026-08-10,4.32,4.5,0.04166666666666652,2026-08-11,,,,,,,,
PASW,2026-08-10,0.13,0.13,0.0,2026-08-11,,,,,,,,
PATH,2026-08-10,15.59,15.72,0.00833867864015403,2026-08-11,,,,,,,,
PATK,2026-08-10,85.5,87.42,0.022456140350877174,2026-08-11,,,,,,,,
PATN,2026-08-10,35.32,35.58,0.007361268403170973,2026-08-11,,,,,,,,
PATX,2026-08-10,15.12,15.16,0.002645502645502784,2026-08-11,,,,,,,,
PAUG,2026-08-10,46.68,46.64,-0.0008568980291344674,2026-08-11,,,,,,,,
PAVE,2026-08-10,58.3,58.7,0.006861063464837169,2026-08-11,,,,,,,,
PAVM,2026-08-10,4.75,4.71,-0.008421052631578996,2026-08-11,,,,,,,,
PAVS,2026-08-10,7.51,7.01,-0.06657789613848197,2026-08-11,,,,,,,,
PAWZ,2026-08-10,51.59,52.43,0.016282225237449044,2026-08-11,,,,,,,,
PAX,2026-08-10,11.2,11.2,0.0,2026-08-11,,,,,,,,
PAXS,2026-08-10,14.33,14.37,0.002791346824842833,2026-08-11,,,,,,,,
PAY,2026-08-10,38.99,40.61,0.04154911515773274,2026-08-11,,,,,,,,
PAYC,2026-08-10,213.45,212.23,-0.0057156242679784475,2026-08-11,,,,,,,,
PAYH,2026-08-10,25.19,25.25,0.002381897578404013,2026-08-11,,,,,,,,
PAYM,2026-08-10,25.67,25.83,0.0062329567588623735,2026-08-11,,,,,,,,
PAYO,2026-08-10,7.09,7.09,0.0,2026-08-11,,,,,,,,
PAYP,2026-08-10,14.89,14.61,-0.018804566823371505,2026-08-11,,,,,,,,
PAYR,2026-08-10,55.16,55.32,0.0029006526468455807,2026-08-11,,,,,,,,
PAYS,2026-08-10,12.53,12.63,0.007980845969672856,2026-08-11,,,,,,,,
PAYX,2026-08-10,121.18,121.3,0.0009902624195410326,2026-08-11,,,,,,,,
PB,2026-08-10,73.34,73.64,0.004090537223888635,2026-08-11,,,,,,,,
PBA,2026-08-10,47.84,48.69,0.01776755852842804,2026-08-11,,,,,,,,
PBAM,2026-08-10,85.38,85.61,0.002693839306629142,2026-08-11,,,,,,,,
PBAP,2026-08-10,31.39,31.41,0.0006371455877667298,2026-08-11,,,,,,,,
PBAU,2026-08-10,32.03,32.01,-0.0006244146113020266,2026-08-11,,,,,,,,
PBD,2026-08-10,18.17,18.25,0.004402861860208995,2026-08-11,,,,,,,,
PBDC,2026-08-10,28.26,28.4,0.004953998584571684,2026-08-11,,,,,,,,
PBDE,2026-08-10,31.47,31.44,-0.0009532888465204614,2026-08-11,,,,,,,,
PBE,2026-08-10,93.84,93.91,0.0007459505541347333,2026-08-11,,,,,,,,
PBEU,2026-08-10,35.77,35.67,-0.0027956388034666713,2026-08-11,,,,,,,,
PBF,2026-08-10,66.29,69.35,0.046160808568411316,2026-08-11,,,,,,,,
PBFB,2026-08-10,32.39,32.39,0.0,2026-08-11,,,,,,,,
PBFR,2026-08-10,31.12,31.1,-0.0006426735218508783,2026-08-11,,,,,,,,
PBFS,2026-08-10,17.12,17.08,-0.00233644859813098,2026-08-11,,,,,,,,
PBH,2026-08-10,53.0,53.6,0.01132075471698113,2026-08-11,,,,,,,,
PBHC,2026-08-10,16.0,16.25,0.015625,2026-08-11,,,,,,,,
PBI,2026-08-10,16.97,16.54,-0.02533883323512076,2026-08-11,,,,,,,,
PBJ,2026-08-10,47.03,47.21,0.0038273442483520714,2026-08-11,,,,,,,,
PBJA,2026-08-10,32.77,32.76,-0.0003051571559354871,2026-08-11,,,,,,,,
PBJL,2026-08-10,31.8,31.77,-0.0009433962264151496,2026-08-11,,,,,,,,
PBJN,2026-08-10,31.39,31.33,-0.0019114367633005225,2026-08-11,,,,,,,,
PBK,2026-08-10,0.46,0.45,-0.021739130434782594,2026-08-11,,,,,,,,
PBL,2026-08-10,34.03,33.93,-0.002938583602703493,2026-08-11,,,,,,,,
PBLS,2026-08-10,35.73,36.47,0.02071088720962777,2026-08-11,,,,,,,,
PBM,2026-08-10,3.48,3.4,-0.02298850574712641,2026-08-11,,,,,,,,
PBMR,2026-08-10,32.54,32.54,0.0,2026-08-11,,,,,,,,
PBMY,2026-08-10,31.64,31.64,0.0,2026-08-11,,,,,,,,
PBNV,2026-08-10,31.52,31.5,-0.0006345177664974777,2026-08-11,,,,,,,,
PBOC,2026-08-10,31.11,31.11,0.0,2026-08-11,,,,,,,,
PBOG,2026-08-10,33.87,34.17,0.008857395925597977,2026-08-11,,,,,,,,
PBOT,2026-08-10,33.48,33.58,0.0029868578255676237,2026-08-11,,,,,,,,
PBP,2026-08-10,23.38,23.38,0.0,2026-08-11,,,,,,,,
PBPH,2026-08-10,28.14,27.97,-0.006041222459132967,2026-08-11,,,,,,,,
PBQQ,2026-08-10,31.7,31.67,-0.0009463722397475838,2026-08-11,,,,,,,,
PBR,2026-08-10,18.33,17.93,-0.021822149481723896,2026-08-11,,,,,,,,
PBR-A,2026-08-10,16.44,16.06,-0.02311435523114369,2026-08-11,,,,,,,,
PBRG,2026-08-10,34.85,33.41,-0.041319942611190985,2026-08-11,,,,,,,,
PBSC,2026-08-10,25.23,25.24,0.00039635354736411443,2026-08-11,,,,,,,,
PBSE,2026-08-10,31.22,31.23,0.00032030749519540436,2026-08-11,,,,,,,,
PBT,2026-08-10,32.55,32.71,0.004915514592934045,2026-08-11,,,,,,,,
PBTP,2026-08-10,25.69,25.68,-0.0003892565200467324,2026-08-11,,,,,,,,
PBUS,2026-08-10,77.55,77.31,-0.003094777562862583,2026-08-11,,,,,,,,
PBW,2026-08-10,34.61,35.01,0.011557353366079104,2026-08-11,,,,,,,,
PBYI,2026-08-10,8.69,8.77,0.009205983889528202,2026-08-11,,,,,,,,
PCAP,2026-08-10,10.33,10.34,0.0009680542110357404,2026-08-11,,,,,,,,
PCAR,2026-08-10,131.24,132.53,0.009829320329167945,2026-08-11,,,,,,,,
PCB,2026-08-10,27.55,28.08,0.019237749546279437,2026-08-11,,,,,,,,
PCCE,2026-08-10,12.93,12.73,-0.015467904098994567,2026-08-11,,,,,,,,
PCEB,2026-08-10,24.55,24.62,0.0028513238289205045,2026-08-11,,,,,,,,
PCEF,2026-08-10,20.45,20.46,0.0004889975550121939,2026-08-11,,,,,,,,
PCF,2026-08-10,5.38,5.42,0.0074349442379182396,2026-08-11,,,,,,,,
PCFI,2026-08-10,22.33,22.41,0.003582624272279622,2026-08-11,,,,,,,,
PCG,2026-08-10,17.04,17.3,0.01525821596244148,2026-08-11,,,,,,,,
PCGG,2026-08-10,11.57,11.53,-0.0034572169403630504,2026-08-11,,,,,,,,
PCHI,2026-08-10,24.18,24.17,-0.00041356492969391034,2026-08-11,,,,,,,,
PCI,2026-08-10,49.14,49.17,0.0006105006105006083,2026-08-11,,,,,,,,
PCIG,2026-08-10,9.14,9.16,0.002188183807439792,2026-08-11,,,,,,,,
PCL,2026-08-10,47.65,47.65,0.0,2026-08-11,,,,,,,,
PCLA,2026-08-10,9.11,6.82,-0.2513721185510427,2026-08-11,,,,,,,,
PCLC,2026-08-10,25.01,24.88,-0.00519792083166748,2026-08-11,,,,,,,,
PCLG,2026-08-10,23.67,23.52,-0.006337135614702283,2026-08-11,,,,,,,,
PCLN,2026-08-10,31.76,31.9,0.004408060453400475,2026-08-11,,,,,,,,
PCLO,2026-08-10,24.93,24.92,-0.0004011231448053376,2026-08-11,,,,,,,,
PCM,2026-08-10,5.67,5.69,0.003527336860670305,2026-08-11,,,,,,,,
PCMM,2026-08-10,49.64,49.71,0.0014101531023369418,2026-08-11,,,,,,,,
PCN,2026-08-10,11.9,11.93,0.0025210084033613356,2026-08-11,,,,,,,,
PCOR,2026-08-10,58.19,58.74,0.00945179584120992,2026-08-11,,,,,,,,
PCPI,2026-08-10,49.71,49.72,0.00020116676724990512,2026-08-11,,,,,,,,
PCPP,2026-08-10,26.57,26.5,-0.0026345502446367686,2026-08-11,,,,,,,,
PCQ,2026-08-10,8.85,8.86,0.001129943502824915,2026-08-11,,,,,,,,
PCR,2026-08-10,19.9,19.94,0.0020100502512563345,2026-08-11,,,,,,,,
PCRX,2026-08-10,24.43,24.38,-0.002046663937781412,2026-08-11,,,,,,,,
PCS,2026-08-10,49.74,49.76,0.0004020908725370642,2026-08-11,,,,,,,,
PCSA,2026-08-10,2.61,2.63,0.00766283524904221,2026-08-11,,,,,,,,
PCSG,2026-08-10,23.25,23.17,-0.0034408602150537426,2026-08-11,,,,,,,,
PCT,2026-08-10,7.25,7.65,0.05517241379310356,2026-08-11,,,,,,,,
PCTY,2026-08-10,145.65,145.05,-0.004119464469618861,2026-08-11,,,,,,,,
PCVX,2026-08-10,58.29,59.22,0.015954709212557816,2026-08-11,,,,,,,,
PCY,2026-08-10,21.12,21.11,-0.00047348484848497296,2026-08-11,,,,,,,,
PCYO,2026-08-10,11.21,11.4,0.016949152542372836,2026-08-11,,,,,,,,
PD,2026-08-10,11.88,11.87,-0.0008417508417509767,2026-08-11,,,,,,,,
PDBA,2026-08-10,37.12,36.85,-0.007273706896551602,2026-08-11,,,,,,,,
PDBC,2026-08-10,17.83,17.91,0.004486819966349032,2026-08-11,,,,,,,,
PDC,2026-08-10,2.96,3.08,0.04054054054054057,2026-08-11,,,,,,,,
PDCC,2026-08-10,9.0,9.0,0.0,2026-08-11,,,,,,,,
PDD,2026-08-10,93.0,90.5,-0.026881720430107503,2026-08-11,,,,,,,,
PDDL,2026-08-10,15.96,15.08,-0.05513784461152882,2026-08-11,,,,,,,,
PDEC,2026-08-10,46.79,46.77,-0.0004274417610600212,2026-08-11,,,,,,,,
PDEX,2026-08-10,66.25,66.72,0.007094339622641499,2026-08-11,,,,,,,,
PDFS,2026-08-10,47.63,49.15,0.03191266008817961,2026-08-11,,,,,,,,
PDI,2026-08-10,16.15,16.14,-0.0006191950464394802,2026-08-11,,,,,,,,
PDLB,2026-08-10,20.03,20.44,0.020469296055916075,2026-08-11,,,,,,,,
PDM,2026-08-10,9.3,9.35,0.005376344086021501,2026-08-11,,,,,,,,
PDN,2026-08-10,46.98,47.07,0.0019157088122605526,2026-08-11,,,,,,,,
PDO,2026-08-10,13.11,13.09,-0.0015255530129671957,2026-08-11,,,,,,,,
PDP,2026-08-10,137.65,138.28,0.004576825281511043,2026-08-11,,,,,,,,
PDS,2026-08-10,81.39,83.02,0.020027030347708585,2026-08-11,,,,,,,,
PDSB,2026-08-10,0.73,0.26,-0.6438356164383561,2026-08-11,,,,,,,,
PDT,2026-08-10,12.76,12.75,-0.0007836990595611049,2026-08-11,,,,,,,,
PDX,2026-08-10,21.49,21.5,0.00046533271288984324,2026-08-11,,,,,,,,
PDYN,2026-08-10,6.19,6.33,0.022617124394184174,2026-08-11,,,,,,,,
PEB,2026-08-10,17.72,17.79,0.003950338600451575,2026-08-11,,,,,,,,
PEBK,2026-08-10,42.88,44.16,0.02985074626865658,2026-08-11,,,,,,,,
PEBO,2026-08-10,40.62,40.94,0.007877892663712416,2026-08-11,,,,,,,,
PECE,2026-08-10,9.96,9.92,-0.004016064257028162,2026-08-11,,,,,,,,
PECO,2026-08-10,40.01,39.66,-0.008747813046738329,2026-08-11,,,,,,,,
PED,2026-08-10,11.16,11.39,0.020609318996415826,2026-08-11,,,,,,,,
PEG,2026-08-10,74.56,75.21,0.008717811158798217,2026-08-11,,,,,,,,
PEGA,2026-08-10,33.01,33.07,0.0018176310209028212,2026-08-11,,,,,,,,
PEJ,2026-08-10,67.09,67.4,0.0046206588165151885,2026-08-11,,,,,,,,
PEMX,2026-08-10,82.51,83.15,0.007756635559326153,2026-08-11,,,,,,,,
PEN,2026-08-10,325.98,326.28,0.0009203018590095979,2026-08-11,,,,,,,,
PENG,2026-08-10,55.18,57.33,0.03896339253352665,2026-08-11,,,,,,,,
PENN,2026-08-10,18.85,19.13,0.014854111405835368,2026-08-11,,,,,,,,
PENU,2026-08-10,24.83,26.19,0.05477245267821207,2026-08-11,,,,,,,,
PEO,2026-08-10,27.28,27.63,0.012829912023460288,2026-08-11,,,,,,,,
PEP,2026-08-10,137.73,138.41,0.00493719596311637,2026-08-11,,,,,,,,
PEPG,2026-08-10,2.99,2.9,-0.030100334448160626,2026-08-11,,,,,,,,
PEPS,2026-08-10,32.92,32.84,-0.002430133657351119,2026-08-11,,,,,,,,
PERF,2026-08-10,1.87,1.87,0.0,2026-08-11,,,,,,,,
PERI,2026-08-10,9.81,9.64,-0.01732925586136591,2026-08-11,,,,,,,,
PESI,2026-08-10,17.77,17.45,-0.018007878446820502,2026-08-11,,,,,,,,
PETS,2026-08-10,1.97,1.98,0.0050761421319796,2026-08-11,,,,,,,,
PETZ,2026-08-10,1.69,1.54,-0.08875739644970404,2026-08-11,,,,,,,,
PEVC,2026-08-10,32.13,31.96,-0.005291005291005346,2026-08-11,,,,,,,,
PEW,2026-08-10,2.67,2.64,-0.011235955056179692,2026-08-11,,,,,,,,
PEX,2026-08-10,23.91,23.98,0.00292764533667933,2026-08-11,,,,,,,,
PEXL,2026-08-10,72.77,72.72,-0.0006870963309055789,2026-08-11,,,,,,,,
PEY,2026-08-10,24.78,24.83,0.0020177562550443007,2026-08-11,,,,,,,,
PEZ,2026-08-10,103.06,102.12,-0.00912090044634195,2026-08-11,,,,,,,,
PFAI,2026-08-10,2.41,2.85,0.18257261410788383,2026-08-11,,,,,,,,
PFBC,2026-08-10,105.34,106.76,0.013480159483576948,2026-08-11,,,,,,,,
PFD,2026-08-10,11.3,11.35,0.004424778761061843,2026-08-11,,,,,,,,
PFDE,2026-08-10,28.64,28.51,-0.004539106145251326,2026-08-11,,,,,,,,
PFE,2026-08-10,27.05,26.62,-0.015896487985212593,2026-08-11,,,,,,,,
PFEB,2026-08-10,43.8,43.79,-0.00022831050228311334,2026-08-11,,,,,,,,
PFF,2026-08-10,30.57,30.59,0.0006542361792607476,2026-08-11,,,,,,,,
PFFA,2026-08-10,20.88,20.91,0.001436781609195359,2026-08-11,,,,,,,,
PFFD,2026-08-10,18.56,18.57,0.0005387931034483984,2026-08-11,,,,,,,,
PFFL,2026-08-10,7.49,7.46,-0.004005340453938633,2026-08-11,,,,,,,,
PFFR,2026-08-10,17.59,17.6,0.0005685048322912056,2026-08-11,,,,,,,,
PFFV,2026-08-10,21.99,21.99,0.0,2026-08-11,,,,,,,,
PFG,2026-08-10,113.81,113.03,-0.006853527809507098,2026-08-11,,,,,,,,
PFGC,2026-08-10,113.79,113.96,0.0014939801388522689,2026-08-11,,,,,,,,
PFI,2026-08-10,62.24,62.57,0.005302056555269941,2026-08-11,,,,,,,,
PFIG,2026-08-10,23.69,23.71,0.0008442380751372269,2026-08-11,,,,,,,,
PFIS,2026-08-10,69.45,70.2,0.010799136069114423,2026-08-11,,,,,,,,
PFIX,2026-08-10,51.6,51.95,0.006782945736434121,2026-08-11,,,,,,,,
PFL,2026-08-10,7.83,7.81,-0.0025542784163474774,2026-08-11,,,,,,,,
PFLD,2026-08-10,19.54,19.53,-0.0005117707267143778,2026-08-11,,,,,,,,
PFLT,2026-08-10,7.4,7.49,0.012162162162162149,2026-08-11,,,,,,,,
PFM,2026-08-10,57.73,57.8,0.0012125411397887476,2026-08-11,,,,,,,,
PFN,2026-08-10,7.17,7.17,0.0,2026-08-11,,,,,,,,
PFO,2026-08-10,9.11,9.11,0.0,2026-08-11,,,,,,,,
PFOE,2026-08-10,23.52,23.55,0.0012755102040817867,2026-08-11,,,,,,,,
PFRL,2026-08-10,49.6,49.59,-0.0002016129032257341,2026-08-11,,,,,,,,
PFS,2026-08-10,24.34,24.74,0.016433853738701654,2026-08-11,,,,,,,,
PFSA,2026-08-10,0.94,0.99,0.05319148936170226,2026-08-11,,,,,,,,
PFSI,2026-08-10,75.85,76.59,0.00975609756097584,2026-08-11,,,,,,,,
PFX,2026-08-10,46.38,46.01,-0.007977576541612907,2026-08-11,,,,,,,,
PFXF,2026-08-10,18.03,17.99,-0.002218524681087186,2026-08-11,,,,,,,,
PG,2026-08-10,146.44,145.21,-0.008399344441409329,2026-08-11,,,,,,,,
PGAC,2026-08-10,10.75,10.75,0.0,2026-08-11,,,,,,,,
PGC,2026-08-10,45.15,45.47,0.007087486157253631,2026-08-11,,,,,,,,
PGEN,2026-08-10,7.0,6.86,-0.019999999999999907,2026-08-11,,,,,,,,
PGF,2026-08-10,13.48,13.51,0.002225519287833766,2026-08-11,,,,,,,,
PGHY,2026-08-10,19.72,19.71,-0.0005070993914806365,2026-08-11,,,,,,,,
PGJ,2026-08-10,25.96,25.25,-0.02734976887519258,2026-08-11,,,,,,,,
PGNY,2026-08-10,27.85,26.57,-0.04596050269299823,2026-08-11,,,,,,,,
PGP,2026-08-10,8.72,8.73,0.0011467889908256534,2026-08-11,,,,,,,,
PGR,2026-08-10,213.95,212.35,-0.007478382799719574,2026-08-11,,,,,,,,
PGRI,2026-08-10,27.16,27.2,0.0014727540500736325,2026-08-11,,,,,,,,
PGRO,2026-08-10,47.51,47.28,-0.004841086087139512,2026-08-11,,,,,,,,
PGX,2026-08-10,10.65,10.67,0.001877934272300319,2026-08-11,,,,,,,,
PGY,2026-08-10,21.6,21.2,-0.0185185185185186,2026-08-11,,,,,,,,
PGZ,2026-08-10,10.22,10.24,0.001956947162426559,2026-08-11,,,,,,,,
PH,2026-08-10,1060.5,1061.33,0.0007826496935408045,2026-08-11,,,,,,,,
PHAR,2026-08-10,11.35,12.23,0.07753303964757707,2026-08-11,,,,,,,,
PHAT,2026-08-10,8.57,8.51,-0.007001166861143604,2026-08-11,,,,,,,,
PHAXU,2026-08-10,,,,2026-08-11,,,,,,,,
PHDG,2026-08-10,41.87,41.57,-0.0071650346310006,2026-08-11,,,,,,,,
PHEQ,2026-08-10,35.05,35.08,0.0008559201141227213,2026-08-11,,,,,,,,
PHG,2026-08-10,26.94,27.05,0.004083147735709058,2026-08-11,,,,,,,,
PHGE,2026-08-10,0.17,0.16,-0.05882352941176472,2026-08-11,,,,,,,,
PHI,2026-08-10,19.68,19.56,-0.0060975609756097615,2026-08-11,,,,,,,,
PHIN,2026-08-10,73.81,74.92,0.015038612654111994,2026-08-11,,,,,,,,
PHIO,2026-08-10,1.06,1.09,0.028301886792452935,2026-08-11,,,,,,,,
PHK,2026-08-10,4.71,4.69,-0.004246284501061459,2026-08-11,,,,,,,,
PHM,2026-08-10,130.05,132.42,0.018223760092272112,2026-08-11,,,,,,,,
PHO,2026-08-10,73.24,73.03,-0.0028672856362642607,2026-08-11,,,,,,,,
PHOE,2026-08-10,18.67,19.0,0.01767541510444559,2026-08-11,,,,,,,,
PHOS,2026-08-10,13.25,13.56,0.023396226415094423,2026-08-11,,,,,,,,
PHOX,2026-08-10,24.72,25.05,0.013349514563106846,2026-08-11,,,,,,,,
PHR,2026-08-10,12.44,12.27,-0.013665594855305496,2026-08-11,,,,,,,,
PHUN,2026-08-10,2.04,2.11,0.034313725490195957,2026-08-11,,,,,,,,
PHVS,2026-08-10,34.84,34.42,-0.012055109070034487,2026-08-11,,,,,,,,
PHYL,2026-08-10,34.74,34.74,0.0,2026-08-11,,,,,,,,
PHYS,2026-08-10,33.26,33.19,-0.0021046301864101613,2026-08-11,,,,,,,,
PI,2026-08-10,176.25,174.14,-0.011971631205673794,2026-08-11,,,,,,,,
PICB,2026-08-10,23.17,23.19,0.0008631851532152623,2026-08-11,,,,,,,,
PICK,2026-08-10,64.14,63.69,-0.007015902712815714,2026-08-11,,,,,,,,
PICS,2026-08-10,11.52,10.94,-0.05034722222222221,2026-08-11,,,,,,,,
PID,2026-08-10,22.96,22.9,-0.002613240418118612,2026-08-11,,,,,,,,
PIE,2026-08-10,32.44,32.53,0.0027743526510481953,2026-08-11,,,,,,,,
PIEL,2026-08-10,29.39,29.41,0.0006805035726438202,2026-08-11,,,,,,,,
PIEQ,2026-08-10,36.83,36.68,-0.004072766766223146,2026-08-11,,,,,,,,
PIFI,2026-08-10,93.03,93.08,0.0005374610340749264,2026-08-11,,,,,,,,
PII,2026-08-10,69.77,70.09,0.0045864984950552135,2026-08-11,,,,,,,,
PIII,2026-08-10,12.83,12.37,-0.03585346843335935,2026-08-11,,,,,,,,
PILL,2026-08-10,20.61,20.06,-0.026686074721009256,2026-08-11,,,,,,,,
PIM,2026-08-10,3.17,3.17,0.0,2026-08-11,,,,,,,,
PINC,2026-08-10,49.95,49.95,0.0,2026-08-11,,,,,,,,
PINE,2026-08-10,19.46,19.61,0.00770811921891057,2026-08-11,,,,,,,,
PINK,2026-08-10,40.41,40.23,-0.0044543429844098315,2026-08-11,,,,,,,,
PINS,2026-08-10,24.37,23.75,-0.02544111612638489,2026-08-11,,,,,,,,
PIO,2026-08-10,45.94,45.78,-0.003482803656943756,2026-08-11,,,,,,,,
PIPE,2026-08-10,30.05,30.41,0.011980033277870117,2026-08-11,,,,,,,,
PIPR,2026-08-10,74.87,75.71,0.011219447041538544,2026-08-11,,,,,,,,
PIT,2026-08-10,75.76,76.14,0.0050158394931361094,2026-08-11,,,,,,,,
PIZ,2026-08-10,53.47,53.54,0.0013091453151299337,2026-08-11,,,,,,,,
PJAN,2026-08-10,50.38,50.38,0.0,2026-08-11,,,,,,,,
PJFG,2026-08-10,119.89,119.08,-0.006756193177078984,2026-08-11,,,,,,,,
PJFM,2026-08-10,67.25,67.62,0.005501858736059573,2026-08-11,,,,,,,,
PJFV,2026-08-10,101.87,101.81,-0.0005889859625012317,2026-08-11,,,,,,,,
PJIO,2026-08-10,63.78,64.35,0.008936970837252867,2026-08-11,,,,,,,,
PJP,2026-08-10,125.45,124.74,-0.005659625348744535,2026-08-11,,,,,,,,
PJT,2026-08-10,169.36,175.21,0.03454180444024568,2026-08-11,,,,,,,,
PJUL,2026-08-10,49.76,49.71,-0.001004823151125378,2026-08-11,,,,,,,,
PJUN,2026-08-10,44.07,44.03,-0.0009076469253460617,2026-08-11,,,,,,,,
PJUS,2026-08-10,53.19,52.95,-0.004512126339537459,2026-08-11,,,,,,,,
PK,2026-08-10,14.51,14.34,-0.011716057891109521,2026-08-11,,,,,,,,
PKB,2026-08-10,104.05,105.39,0.012878423834694841,2026-08-11,,,,,,,,
PKBK,2026-08-10,34.26,34.51,0.007297139521307727,2026-08-11,,,,,,,,
PKE,2026-08-10,36.84,37.47,0.017100977198696965,2026-08-11,,,,,,,,
PKG,2026-08-10,254.75,257.43,0.010520117762512271,2026-08-11,,,,,,,,
PKOH,2026-08-10,47.86,47.69,-0.003552026744672032,2026-08-11,,,,,,,,
PKW,2026-08-10,149.82,150.11,0.001935656120678253,2026-08-11,,,,,,,,
PKX,2026-08-10,58.36,57.12,-0.021247429746401703,2026-08-11,,,,,,,,
PL,2026-08-10,23.1,23.7,0.025974025974025983,2026-08-11,,,,,,,,
PLA,2026-08-10,26.12,26.15,0.0011485451761101828,2026-08-11,,,,,,,,
PLAB,2026-08-10,32.08,32.99,0.028366583541147294,2026-08-11,,,,,,,,
PLAG,2026-08-10,0.57,5.81,9.192982456140351,2026-08-11,,,,,,,,
PLAY,2026-08-10,9.85,10.03,0.018274111675126825,2026-08-11,,,,,,,,
PLBC,2026-08-10,61.35,62.19,0.013691931540342317,2026-08-11,,,,,,,,
PLBL,2026-08-10,5.9,5.85,-0.008474576271186529,2026-08-11,,,,,,,,
PLBY,2026-08-10,1.18,1.36,0.15254237288135597,2026-08-11,,,,,,,,
PLCE,2026-08-10,2.62,2.53,-0.03435114503816805,2026-08-11,,,,,,,,
PLCIU,2026-08-10,9.98,9.98,0.0,2026-08-11,,,,,,,,
PLD,2026-08-10,138.76,139.5,0.005332948976650487,2026-08-11,,,,,,,,
PLG,2026-08-10,1.59,1.52,-0.04402515723270439,2026-08-11,,,,,,,,
PLGI,2026-08-10,25.48,25.49,0.0003924646781789942,2026-08-11,,,,,,,,
PLGO,2026-08-10,24.62,24.49,-0.005280259951259247,2026-08-11,,,,,,,,
PLIB,2026-08-10,33.72,33.74,0.0005931198102018254,2026-08-11,,,,,,,,
PLMK,2026-08-10,10.56,10.58,0.0018939393939394478,2026-08-11,,,,,,,,
PLMR,2026-08-10,131.5,131.69,0.0014448669201521103,2026-08-11,,,,,,,,
PLNT,2026-08-10,48.96,47.92,-0.021241830065359513,2026-08-11,,,,,,,,
PLOW,2026-08-10,42.66,42.44,-0.005157055789967169,2026-08-11,,,,,,,,
PLPC,2026-08-10,462.63,480.77,0.039210600263709594,2026-08-11,,,,,,,,
PLRX,2026-08-10,1.04,1.03,-0.009615384615384581,2026-08-11,,,,,,,,
PLRZ,2026-08-10,11.33,10.19,-0.1006178287731686,2026-08-11,,,,,,,,
PLSE,2026-08-10,41.51,44.4,0.06962177788484714,2026-08-11,,,,,,,,
PLSM,2026-08-10,3.26,3.23,-0.009202453987730008,2026-08-11,,,,,,,,
PLTA,2026-08-10,19.66,19.64,-0.0010172939979653517,2026-08-11,,,,,,,,
PLTD,2026-08-10,5.25,5.24,-0.0019047619047618536,2026-08-11,,,,,,,,
PLTG,2026-08-10,18.3,18.23,-0.0038251366120218844,2026-08-11,,,,,,,,
PLTK,2026-08-10,2.8,2.67,-0.046428571428571375,2026-08-11,,,,,,,,
PLTL,2026-08-10,60.18,60.07,-0.0018278497839814278,2026-08-11,,,,,,,,
PLTM,2026-08-10,16.83,16.73,-0.005941770647652889,2026-08-11,,,,,,,,
PLTR,2026-08-10,175.23,174.94,-0.0016549677566626286,2026-08-11,,,,,,,,
PLTU,2026-08-10,51.46,51.3,-0.0031092110376992332,2026-08-11,,,,,,,,
PLTW,2026-08-10,24.93,24.91,-0.0008022462896108973,2026-08-11,,,,,,,,
PLTY,2026-08-10,38.7,38.56,-0.0036175710594315014,2026-08-11,,,,,,,,
PLTZ,2026-08-10,9.85,9.88,0.0030456852791880262,2026-08-11,,,,,,,,
PLU,2026-08-10,10.0,10.55,0.05500000000000016,2026-08-11,,,,,,,,
PLUG,2026-08-10,2.11,2.22,0.05213270142180115,2026-08-11,,,,,,,,
PLUL,2026-08-10,7.73,8.53,0.10349288486416541,2026-08-11,,,,,,,,
PLUN,2026-08-10,9.98,9.98,0.0,2026-08-11,,,,,,,,
PLUR,2026-08-10,1.84,1.75,-0.048913043478260865,2026-08-11,,,,,,,,
PLUS,2026-08-10,90.26,88.82,-0.01595391092399745,2026-08-11,,,,,,,,
PLUT,2026-08-10,2.57,2.72,0.05836575875486405,2026-08-11,,,,,,,,
PLX,2026-08-10,2.48,2.43,-0.020161290322580627,2026-08-11,,,,,,,,
PLXS,2026-08-10,267.68,270.32,0.00986252241482366,2026-08-11,,,,,,,,
PLYX,2026-08-10,2.12,2.2,0.037735849056603765,2026-08-11,,,,,,,,
PLYY,2026-08-10,8.54,8.56,0.0023419203747074846,2026-08-11,,,,,,,,
PM,2026-08-10,186.0,186.22,0.0011827956989247657,2026-08-11,,,,,,,,
PMA,2026-08-10,1.3,1.27,-0.023076923076923106,2026-08-11,,,,,,,,
PMAP,2026-08-10,27.47,27.47,0.0,2026-08-11,,,,,,,,
PMAR,2026-08-10,48.56,48.53,-0.0006177924217463104,2026-08-11,,,,,,,,
PMAU,2026-08-10,26.92,26.92,0.0,2026-08-11,,,,,,,,
PMAX,2026-08-10,1.62,1.65,0.01851851851851838,2026-08-11,,,,,,,,
PMAY,2026-08-10,42.08,42.05,-0.0007129277566539916,2026-08-11,,,,,,,,
PMBS,2026-08-10,48.45,48.51,0.0012383900928791824,2026-08-11,,,,,,,,
PMCB,2026-08-10,0.55,0.55,0.0,2026-08-11,,,,,,,,
PMDE,2026-08-10,26.08,26.08,0.0,2026-08-11,,,,,,,,
PMEC,2026-08-10,0.45,0.46,0.022222222222222143,2026-08-11,,,,,,,,
PMFB,2026-08-10,27.53,27.53,0.0,2026-08-11,,,,,,,,
PMI,2026-08-10,3.64,3.63,-0.0027472527472528485,2026-08-11,,,,,,,,
PMIO,2026-08-10,50.42,50.46,0.0007933359777865245,2026-08-11,,,,,,,,
PMJA,2026-08-10,27.68,27.67,-0.00036127167630051193,2026-08-11,,,,,,,,
PMJL,2026-08-10,26.9,26.89,-0.00037174721189581206,2026-08-11,,,,,,,,
PMJN,2026-08-10,26.94,26.93,-0.00037119524870088405,2026-08-11,,,,,,,,
PML,2026-08-10,7.38,7.46,0.01084010840108407,2026-08-11,,,,,,,,
PMM,2026-08-10,6.36,6.38,0.0031446540880502027,2026-08-11,,,,,,,,
PMMF,2026-08-10,100.33,100.32,-9.967108541819591e-05,2026-08-11,,,,,,,,
PMMR,2026-08-10,27.32,27.32,0.0,2026-08-11,,,,,,,,
PMMY,2026-08-10,27.01,27.01,0.0,2026-08-11,,,,,,,,
PMN,2026-08-10,14.72,14.97,0.016983695652173836,2026-08-11,,,,,,,,
PMNV,2026-08-10,26.24,26.24,0.0,2026-08-11,,,,,,,,
PMO,2026-08-10,10.39,10.39,0.0,2026-08-11,,,,,,,,
PMOC,2026-08-10,26.3,26.3,0.0,2026-08-11,,,,,,,,
PMSE,2026-08-10,26.53,26.53,0.0,2026-08-11,,,,,,,,
PMT,2026-08-10,9.38,9.45,0.00746268656716409,2026-08-11,,,,,,,,
PMTL,2026-08-10,24.55,24.33,-0.008961303462321935,2026-08-11,,,,,,,,
PMTR,2026-08-10,10.4,10.4,0.0,2026-08-11,,,,,,,,
PMTS,2026-08-10,28.59,30.5,0.0668065757257783,2026-08-11,,,,,,,,
PMVP,2026-08-10,1.23,1.3,0.05691056910569103,2026-08-11,,,,,,,,
PN,2026-08-10,3.15,3.03,-0.03809523809523818,2026-08-11,,,,,,,,
PNAQ-U,2026-08-10,9.97,9.95,-0.0020060180541626726,2026-08-11,,,,,,,,
PNBK,2026-08-10,1.16,1.16,0.0,2026-08-11,,,,,,,,
PNC,2026-08-10,251.76,254.23,0.009810931045440174,2026-08-11,,,,,,,,
PNFP,2026-08-10,104.55,105.7,0.01099952175992347,2026-08-11,,,,,,,,
PNI,2026-08-10,6.96,6.96,0.0,2026-08-11,,,,,,,,
PNNT,2026-08-10,3.71,3.74,0.008086253369272267,2026-08-11,,,,,,,,
PNOV,2026-08-10,45.3,45.24,-0.0013245033112582183,2026-08-11,,,,,,,,
PNQI,2026-08-10,52.19,51.98,-0.004023759340869959,2026-08-11,,,,,,,,
PNR,2026-08-10,66.73,67.19,0.006893451221339664,2026-08-11,,,,,,,,
PNRG,2026-08-10,197.67,194.86,-0.01421561187838305,2026-08-11,,,,,,,,
PNTG,2026-08-10,39.64,38.17,-0.037083753784056483,2026-08-11,,,,,,,,
PNW,2026-08-10,99.23,100.04,0.008162853975612228,2026-08-11,,,,,,,,
POAS,2026-08-10,0.18,0.2,0.11111111111111116,2026-08-11,,,,,,,,
POCI,2026-08-10,4.24,4.24,0.0,2026-08-11,,,,,,,,
POCT,2026-08-10,47.22,47.2,-0.00042354934349841944,2026-08-11,,,,,,,,
PODC,2026-08-10,3.39,3.32,-0.020648967551622488,2026-08-11,,,,,,,,
PODD,2026-08-10,142.85,144.7,0.012950647532376625,2026-08-11,,,,,,,,
POEL,2026-08-10,11.75,11.65,-0.008510638297872353,2026-08-11,,,,,,,,
POET,2026-08-10,8.56,8.59,0.003504672897196137,2026-08-11,,,,,,,,
POLA,2026-08-10,1.73,1.79,0.034682080924855585,2026-08-11,,,,,,,,
POLE,2026-08-10,10.8,10.82,0.0018518518518517713,2026-08-11,,,,,,,,
POM,2026-08-10,1.09,1.02,-0.06422018348623859,2026-08-11,,,,,,,,
PONO,2026-08-10,10.03,10.03,0.0,2026-08-11,,,,,,,,
PONX,2026-08-10,22.65,22.58,-0.003090507726269287,2026-08-11,,,,,,,,
PONY,2026-08-10,8.46,8.47,0.0011820330969267712,2026-08-11,,,,,,,,
POOL,2026-08-10,199.98,201.5,0.00760076007600774,2026-08-11,,,,,,,,
POR,2026-08-10,48.11,48.39,0.005819995842860193,2026-08-11,,,,,,,,
POST,2026-08-10,76.23,78.49,0.029647120556211437,2026-08-11,,,,,,,,
POW,2026-08-10,27.13,27.56,0.015849612974566885,2026-08-11,,,,,,,,
POWA,2026-08-10,93.54,93.79,0.0026726534103056476,2026-08-11,,,,,,,,
POWI,2026-08-10,61.97,63.27,0.020977892528643016,2026-08-11,,,,,,,,
POWL,2026-08-10,207.22,208.38,0.00559791525914477,2026-08-11,,,,,,,,
POWR,2026-08-10,26.47,26.86,0.01473366074801663,2026-08-11,,,,,,,,
POWW,2026-08-10,2.56,2.32,-0.09375000000000011,2026-08-11,,,,,,,,
PPA,2026-08-10,184.02,184.07,0.0002717095967827987,2026-08-11,,,,,,,,
PPBT,2026-08-10,1.5,1.55,0.03333333333333344,2026-08-11,,,,,,,,
PPC,2026-08-10,26.51,26.86,0.0132025650697849,2026-08-11,,,,,,,,
PPCB,2026-08-10,1.15,1.17,0.01739130434782621,2026-08-11,,,,,,,,
PPG,2026-08-10,115.48,116.16,0.00588846553515765,2026-08-11,,,,,,,,
PPH,2026-08-10,112.74,112.02,-0.006386375731772254,2026-08-11,,,,,,,,
PPHC,2026-08-10,10.44,11.35,0.08716475095785436,2026-08-11,,,,,,,,
PPI,2026-08-10,21.47,21.54,0.003260363297624691,2026-08-11,,,,,,,,
PPIH,2026-08-10,25.95,26.22,0.010404624277456698,2026-08-11,,,,,,,,
PPL,2026-08-10,34.99,35.28,0.008288082309231282,2026-08-11,,,,,,,,
PPLI,2026-08-10,40.66,39.94,-0.017707820954254716,2026-08-11,,,,,,,,
PPLT,2026-08-10,15.91,15.78,-0.008170961659333842,2026-08-11,,,,,,,,
PPSI,2026-08-10,2.89,2.95,0.02076124567474058,2026-08-11,,,,,,,,
PPT,2026-08-10,3.45,3.47,0.005797101449275477,2026-08-11,,,,,,,,
PPTA,2026-08-10,24.89,25.43,0.02169546002410594,2026-08-11,,,,,,,,
PPTY,2026-08-10,33.52,33.35,-0.0050715990453461535,2026-08-11,,,,,,,,
PQAP,2026-08-10,32.36,32.34,-0.0006180469715697523,2026-08-11,,,,,,,,
PQDI,2026-08-10,19.27,19.25,-0.0010378827192526474,2026-08-11,,,,,,,,
PQJA,2026-08-10,32.03,32.01,-0.0006244146113020266,2026-08-11,,,,,,,,
PQJL,2026-08-10,30.99,30.93,-0.0019361084220715918,2026-08-11,,,,,,,,
PQNT,2026-08-10,23.67,23.73,0.0025348542458807355,2026-08-11,,,,,,,,
PQOC,2026-08-10,31.67,31.67,0.0,2026-08-11,,,,,,,,
PQUS,2026-08-10,28.81,28.69,-0.004165220409579895,2026-08-11,,,,,,,,
PQV,2026-08-10,25.61,25.58,-0.0011714174150723178,2026-08-11,,,,,,,,
PQX,2026-08-10,25.43,25.43,0.0,2026-08-11,,,,,,,,
PQXV,2026-08-10,25.35,25.34,-0.00039447731755426485,2026-08-11,,,,,,,,
PQXX,2026-08-10,25.3,25.3,0.0,2026-08-11,,,,,,,,
PR,2026-08-10,21.23,21.46,0.010833725859632715,2026-08-11,,,,,,,,
PRAA,2026-08-10,18.96,18.74,-0.011603375527426296,2026-08-11,,,,,,,,
PRAB,2026-08-10,24.88,24.89,0.00040192926045024,2026-08-11,,,,,,,,
PRAE,2026-08-10,41.22,41.19,-0.0007278020378457262,2026-08-11,,,,,,,,
PRAX,2026-08-10,366.96,370.68,0.010137344669718829,2026-08-11,,,,,,,,
PRAY,2026-08-10,35.85,35.81,-0.0011157601115759919,2026-08-11,,,,,,,,
PRCH,2026-08-10,15.43,15.76,0.021386908619572376,2026-08-11,,,,,,,,
PRCS,2026-08-10,29.77,29.66,-0.00369499496137049,2026-08-11,,,,,,,,
PRCT,2026-08-10,21.71,22.89,0.054352832795946604,2026-08-11,,,,,,,,
PRDO,2026-08-10,31.43,31.24,-0.006045179764556208,2026-08-11,,,,,,,,
PRE,2026-08-10,18.8,19.01,0.011170212765957421,2026-08-11,,,,,,,,
PREF,2026-08-10,18.84,18.83,-0.0005307855626327518,2026-08-11,,,,,,,,
PRF,2026-08-10,56.06,55.98,-0.0014270424545130833,2026-08-11,,,,,,,,
PRFD,2026-08-10,50.6,50.54,-0.0011857707509881354,2026-08-11,,,,,,,,
PRFX,2026-08-10,1.05,1.1,0.04761904761904767,2026-08-11,,,,,,,,
PRFZ,2026-08-10,55.82,56.0,0.00322465066284483,2026-08-11,,,,,,,,
PRG,2026-08-10,42.2,41.62,-0.013744075829383973,2026-08-11,,,,,,,,
PRGO,2026-08-10,12.64,12.85,0.01661392405063289,2026-08-11,,,,,,,,
PRGS,2026-08-10,43.29,43.15,-0.0032340032340032465,2026-08-11,,,,,,,,
PRHI,2026-08-10,4.56,4.59,0.006578947368421018,2026-08-11,,,,,,,,
PRI,2026-08-10,313.52,312.79,-0.0023284001020666967,2026-08-11,,,,,,,,
PRIM,2026-08-10,80.75,82.16,0.017461300309597583,2026-08-11,,,,,,,,
PRIV,2026-08-10,24.73,24.73,0.0,2026-08-11,,,,,,,,
PRIZ,2026-08-10,25.17,25.13,-0.0015891934843068611,2026-08-11,,,,,,,,
PRK,2026-08-10,200.94,203.39,0.012192694336617738,2026-08-11,,,,,,,,
PRKS,2026-08-10,44.02,44.14,0.0027260336210812586,2026-08-11,,,,,,,,
PRLB,2026-08-10,89.66,90.45,0.008811064019629722,2026-08-11,,,,,,,,
PRLD,2026-08-10,4.83,5.32,0.10144927536231885,2026-08-11,,,,,,,,
PRM,2026-08-10,34.54,34.53,-0.0002895193977996424,2026-08-11,,,,,,,,
PRMB,2026-08-10,23.51,23.61,0.004253509145044632,2026-08-11,,,,,,,,
PRME,2026-08-10,3.15,3.26,0.0349206349206348,2026-08-11,,,,,,,,
PRMR,2026-08-10,28.91,28.84,-0.002421307506053294,2026-08-11,,,,,,,,
PRN,2026-08-10,218.12,219.79,0.007656335961855776,2026-08-11,,,,,,,,
PRNT,2026-08-10,25.93,26.13,0.007713073659853409,2026-08-11,,,,,,,,
PROF,2026-08-10,7.34,6.98,-0.049046321525885506,2026-08-11,,,,,,,,
PROK,2026-08-10,1.69,1.61,-0.047337278106508784,2026-08-11,,,,,,,,
PROP,2026-08-10,0.81,0.89,0.09876543209876543,2026-08-11,,,,,,,,
PROV,2026-08-10,18.06,17.95,-0.006090808416389759,2026-08-11,,,,,,,,
PRPL,2026-08-10,9.1,7.25,-0.20329670329670324,2026-08-11,,,,,,,,
PRPO,2026-08-10,22.6,22.35,-0.011061946902654829,2026-08-11,,,,,,,,
PRQR,2026-08-10,1.81,1.92,0.06077348066298338,2026-08-11,,,,,,,,
PRSD,2026-08-10,24.92,24.94,0.0008025682182986049,2026-08-11,,,,,,,,
PRSO,2026-08-10,0.71,0.72,0.014084507042253502,2026-08-11,,,,,,,,
PRSU,2026-08-10,45.81,46.15,0.007421960270683092,2026-08-11,,,,,,,,
PRT,2026-08-10,2.23,2.2,-0.013452914798206206,2026-08-11,,,,,,,,
PRTA,2026-08-10,9.12,9.22,0.010964912280701844,2026-08-11,,,,,,,,
PRTH,2026-08-10,5.23,5.21,-0.003824091778202754,2026-08-11,,,,,,,,
PRTO,2026-08-10,28.15,28.18,0.001065719360568318,2026-08-11,,,,,,,,
PRTS,2026-08-10,6.32,6.33,0.0015822784810126667,2026-08-11,,,,,,,,
PRU,2026-08-10,122.11,122.32,0.0017197608713455104,2026-08-11,,,,,,,,
PRVA,2026-08-10,22.37,21.98,-0.01743406347787213,2026-08-11,,,,,,,,
PRVS,2026-08-10,33.44,33.46,0.0005980861244019309,2026-08-11,,,,,,,,
PRVT,2026-08-10,22.91,23.57,0.02880838061981672,2026-08-11,,,,,,,,
PRXG,2026-08-10,40.32,40.08,-0.005952380952381042,2026-08-11,,,,,,,,
PRXI,2026-08-10,25.86,25.86,0.0,2026-08-11,,,,,,,,
PRXV,2026-08-10,36.05,36.16,0.0030513176144244536,2026-08-11,,,,,,,,
PRZO,2026-08-10,0.55,0.6,0.09090909090909083,2026-08-11,,,,,,,,
PS,2026-08-10,37.33,39.43,0.05625502276989014,2026-08-11,,,,,,,,
PSA,2026-08-10,325.71,325.1,-0.001872831660065577,2026-08-11,,,,,,,,
PSAI,2026-08-10,28.5,28.54,0.00140350877192974,2026-08-11,,,,,,,,
PSBD,2026-08-10,10.45,10.45,0.0,2026-08-11,,,,,,,,
PSC,2026-08-10,69.83,69.77,-0.0008592295574968434,2026-08-11,,,,,,,,
PSCC,2026-08-10,36.56,36.98,0.011487964989058908,2026-08-11,,,,,,,,
PSCD,2026-08-10,120.24,120.07,-0.0014138389886892977,2026-08-11,,,,,,,,
PSCE,2026-08-10,59.97,60.47,0.008337502084375448,2026-08-11,,,,,,,,
PSCF,2026-08-10,65.91,66.39,0.007282658170232104,2026-08-11,,,,,,,,
PSCH,2026-08-10,55.3,55.09,-0.003797468354430289,2026-08-11,,,,,,,,
PSCI,2026-08-10,182.82,183.24,0.0022973416475222663,2026-08-11,,,,,,,,
PSCJ,2026-08-10,32.26,32.23,-0.0009299442033477989,2026-08-11,,,,,,,,
PSCM,2026-08-10,102.26,103.23,0.00948562487776261,2026-08-11,,,,,,,,
PSCQ,2026-08-10,31.81,31.79,-0.0006287331027978738,2026-08-11,,,,,,,,
PSCT,2026-08-10,81.8,81.96,0.0019559902200487755,2026-08-11,,,,,,,,
PSCU,2026-08-10,64.74,64.64,-0.0015446400988569087,2026-08-11,,,,,,,,
PSCW,2026-08-10,30.45,30.44,-0.0003284072249588599,2026-08-11,,,,,,,,
PSCX,2026-08-10,33.24,33.24,0.0,2026-08-11,,,,,,,,
PSDM,2026-08-10,50.83,50.85,0.00039346842415910466,2026-08-11,,,,,,,,
PSEC,2026-08-10,2.29,2.28,-0.004366812227074357,2026-08-11,,,,,,,,
PSEP,2026-08-10,46.66,46.67,0.00021431633090451818,2026-08-11,,,,,,,,
PSET,2026-08-10,81.43,81.31,-0.001473658356870966,2026-08-11,,,,,,,,
PSF,2026-08-10,19.68,19.51,-0.008638211382113736,2026-08-11,,,,,,,,
PSFD,2026-08-10,40.64,40.61,-0.000738188976378007,2026-08-11,,,,,,,,
PSFE,2026-08-10,7.14,6.89,-0.03501400560224088,2026-08-11,,,,,,,,
PSFF,2026-08-10,34.9,34.85,-0.0014326647564468775,2026-08-11,,,,,,,,
PSFJ,2026-08-10,35.95,35.9,-0.0013908205841447474,2026-08-11,,,,,,,,
PSFM,2026-08-10,35.44,35.41,-0.0008465011286682422,2026-08-11,,,,,,,,
PSFO,2026-08-10,35.37,35.36,-0.00028272547356511524,2026-08-11,,,,,,,,
PSH,2026-08-10,49.81,49.84,0.0006022886970487029,2026-08-11,,,,,,,,
PSHG,2026-08-10,1.76,1.76,0.0,2026-08-11,,,,,,,,
PSI,2026-08-10,142.56,145.16,0.01823793490460157,2026-08-11,,,,,,,,
PSIG,2026-08-10,1.16,1.16,0.0,2026-08-11,,,,,,,,
PSIL,2026-08-10,24.71,24.91,0.008093889113719221,2026-08-11,,,,,,,,
PSIX,2026-08-10,43.0,42.15,-0.019767441860465196,2026-08-11,,,,,,,,
PSK,2026-08-10,29.82,29.83,0.0003353454057679617,2026-08-11,,,,,,,,
PSKY,2026-08-10,9.27,9.38,0.011866235167206085,2026-08-11,,,,,,,,
PSL,2026-08-10,114.29,113.88,-0.00358736547379479,2026-08-11,,,,,,,,
PSLV,2026-08-10,21.6,21.29,-0.014351851851851949,2026-08-11,,,,,,,,
PSMD,2026-08-10,34.93,34.9,-0.0008588605782995362,2026-08-11,,,,,,,,
PSMJ,2026-08-10,34.46,34.42,-0.0011607661056296514,2026-08-11,,,,,,,,
PSMO,2026-08-10,33.12,33.12,0.0,2026-08-11,,,,,,,,
PSMR,2026-08-10,32.66,32.65,-0.0003061849357011148,2026-08-11,,,,,,,,
PSMT,2026-08-10,168.81,172.86,0.02399146969966237,2026-08-11,,,,,,,,
PSN,2026-08-10,46.13,48.25,0.04595707782354208,2026-08-11,,,,,,,,
PSNL,2026-08-10,14.5,14.02,-0.03310344827586209,2026-08-11,,,,,,,,
PSNY,2026-08-10,13.84,13.77,-0.005057803468208166,2026-08-11,,,,,,,,
PSO,2026-08-10,16.44,16.16,-0.017031630170316392,2026-08-11,,,,,,,,
PSP,2026-08-10,62.82,63.97,0.018306271887933656,2026-08-11,,,,,,,,
PSQ,2026-08-10,25.61,25.69,0.0031237797735259587,2026-08-11,,,,,,,,
PSQA,2026-08-10,20.62,20.62,0.0,2026-08-11,,,,,,,,
PSQH,2026-08-10,4.15,4.01,-0.0337349397590363,2026-08-11,,,,,,,,
PSQO,2026-08-10,20.77,20.78,0.000481463649494529,2026-08-11,,,,,,,,
PSR,2026-08-10,103.64,102.8,-0.008104978772674687,2026-08-11,,,,,,,,
PST,2026-08-10,23.54,23.54,0.0,2026-08-11,,,,,,,,
PSTL,2026-08-10,22.48,22.49,0.00044483985765109146,2026-08-11,,,,,,,,
PSTP,2026-08-10,37.41,37.38,-0.000801924619085681,2026-08-11,,,,,,,,
PSTR,2026-08-10,32.04,32.06,0.0006242197253434334,2026-08-11,,,,,,,,
PSUS,2026-08-10,39.11,39.13,0.0005113781641523651,2026-08-11,,,,,,,,
PSWD,2026-08-10,46.52,46.73,0.004514187446259532,2026-08-11,,,,,,,,
PSX,2026-08-10,215.52,224.36,0.04101707498144025,2026-08-11,,,,,,,,
PTA,2026-08-10,19.08,18.81,-0.014150943396226356,2026-08-11,,,,,,,,
PTAC,2026-08-10,9.91,9.93,0.0020181634712410634,2026-08-11,,,,,,,,
PTBD,2026-08-10,19.13,19.12,-0.000522739153162477,2026-08-11,,,,,,,,
PTC,2026-08-10,151.02,150.44,-0.0038405509204080257,2026-08-11,,,,,,,,
PTCT,2026-08-10,74.63,73.7,-0.012461476617981915,2026-08-11,,,,,,,,
PTEN,2026-08-10,10.99,11.06,0.006369426751592355,2026-08-11,,,,,,,,
PTEU,2026-08-10,34.48,34.63,0.004350348027842399,2026-08-11,,,,,,,,
PTF,2026-08-10,104.39,105.8,0.013507040904301215,2026-08-11,,,,,,,,
PTGX,2026-08-10,150.0,148.29,-0.011400000000000077,2026-08-11,,,,,,,,
PTH,2026-08-10,60.99,59.97,-0.016724053123462923,2026-08-11,,,,,,,,
PTHS,2026-08-10,29.0,28.63,-0.012758620689655165,2026-08-11,,,,,,,,
PTIN,2026-08-10,37.43,37.49,0.0016029922522042828,2026-08-11,,,,,,,,
PTIR,2026-08-10,19.19,19.13,-0.0031266284523190357,2026-08-11,,,,,,,,
PTL,2026-08-10,288.75,288.68,-0.0002424242424242662,2026-08-11,,,,,,,,
PTLC,2026-08-10,60.25,60.03,-0.0036514522821576856,2026-08-11,,,,,,,,
PTLE,2026-08-10,10.0,8.74,-0.126,2026-08-11,,,,,,,,
PTLO,2026-08-10,4.48,4.51,0.006696428571428381,2026-08-11,,,,,,,,
PTMC,2026-08-10,42.01,42.11,0.002380385622470893,2026-08-11,,,,,,,,
PTN,2026-08-10,7.36,7.41,0.006793478260869623,2026-08-11,,,,,,,,
PTNQ,2026-08-10,86.86,86.58,-0.003223578171770658,2026-08-11,,,,,,,,
PTNT,2026-08-10,24.81,24.75,-0.002418379685610539,2026-08-11,,,,,,,,
PTON,2026-08-10,5.51,5.6,0.016333938294010864,2026-08-11,,,,,,,,
PTOR,2026-08-10,9.94,9.96,0.00201207243460777,2026-08-11,,,,,,,,
PTRB,2026-08-10,40.86,40.88,0.0004894762604015224,2026-08-11,,,,,,,,
PTRN,2026-08-10,21.12,22.36,0.058712121212121104,2026-08-11,,,,,,,,
PTY,2026-08-10,11.87,11.85,-0.0016849199663016012,2026-08-11,,,,,,,,
PUBM,2026-08-10,17.76,17.65,-0.006193693693693825,2026-08-11,,,,,,,,
PUI,2026-08-10,44.98,45.56,0.012894619831036236,2026-08-11,,,,,,,,
PUK,2026-08-10,28.22,27.38,-0.029766123316796622,2026-08-11,,,,,,,,
PUL,2026-08-10,37.75,46.37,0.22834437086092718,2026-08-11,,,,,,,,
PULM,2026-08-10,1.57,1.6,0.019108280254777066,2026-08-11,,,,,,,,
PULS,2026-08-10,49.6,49.6,0.0,2026-08-11,,,,,,,,
PUMP,2026-08-10,11.61,11.65,0.003445305770887197,2026-08-11,,,,,,,,
PUR,2026-08-10,12.05,11.85,-0.016597510373444035,2026-08-11,,,,,,,,
PURR,2026-08-10,6.6,6.57,-0.004545454545454408,2026-08-11,,,,,,,,
PUSA,2026-08-10,3.58,3.53,-0.013966480446927498,2026-08-11,,,,,,,,
PUSH,2026-08-10,50.35,50.38,0.000595829195630504,2026-08-11,,,,,,,,
PVAL,2026-08-10,54.52,54.45,-0.0012839325018342285,2026-08-11,,,,,,,,
PVEX,2026-08-10,31.65,31.45,-0.006319115323854652,2026-08-11,,,,,,,,
PVH,2026-08-10,87.13,84.86,-0.026053024216687648,2026-08-11,,,,,,,,
PVI,2026-08-10,24.81,24.82,0.0004030632809350898,2026-08-11,,,,,,,,
PVL,2026-08-10,1.75,1.74,-0.005714285714285672,2026-08-11,,,,,,,,
PVLA,2026-08-10,152.22,154.3,0.013664433057416936,2026-08-11,,,,,,,,
PW,2026-08-10,8.15,8.0,-0.018404907975460127,2026-08-11,,,,,,,,
PWB,2026-08-10,158.38,158.58,0.0012627857052658342,2026-08-11,,,,,,,,
PWCM,2026-08-10,1.54,1.51,-0.019480519480519543,2026-08-11,,,,,,,,
PWER,2026-08-10,45.14,45.35,0.004652193176783337,2026-08-11,,,,,,,,
PWP,2026-08-10,17.03,17.76,0.042865531415149816,2026-08-11,,,,,,,,
PWR,2026-08-10,660.86,670.58,0.0147081076173472,2026-08-11,,,,,,,,
PWRD,2026-08-10,111.79,112.51,0.006440647642901753,2026-08-11,,,,,,,,
PWRL,2026-08-10,11.86,11.82,-0.003372681281618828,2026-08-11,,,,,,,,
PWRZ,2026-08-10,30.61,30.99,0.012414243711205364,2026-08-11,,,,,,,,
PWS,2026-08-10,33.07,33.13,0.001814333232537102,2026-08-11,,,,,,,,
PWV,2026-08-10,80.75,80.83,0.000990712074303346,2026-08-11,,,,,,,,
PWZ,2026-08-10,24.12,24.15,0.0012437810945271632,2026-08-11,,,,,,,,
PXE,2026-08-10,38.49,39.03,0.014029618082618933,2026-08-11,,,,,,,,
PXED,2026-08-10,27.83,27.23,-0.021559468199784382,2026-08-11,,,,,,,,
PXF,2026-08-10,78.5,78.72,0.0028025477707005475,2026-08-11,,,,,,,,
PXH,2026-08-10,29.38,29.11,-0.009189925119128639,2026-08-11,,,,,,,,
PXI,2026-08-10,60.38,61.26,0.01457436237164611,2026-08-11,,,,,,,,
PXJ,2026-08-10,44.26,44.49,0.005196565747853654,2026-08-11,,,,,,,,
PXLW,2026-08-10,6.45,6.02,-0.06666666666666676,2026-08-11,,,,,,,,
PXS,2026-08-10,4.95,4.92,-0.0060606060606061,2026-08-11,,,,,,,,
PY,2026-08-10,57.62,57.49,-0.00225616105518911,2026-08-11,,,,,,,,
PYLD,2026-08-10,26.13,26.14,0.00038270187523914423,2026-08-11,,,,,,,,
PYPD,2026-08-10,4.77,4.73,-0.008385744234800652,2026-08-11,,,,,,,,
PYPG,2026-08-10,9.16,9.13,-0.0032751091703056012,2026-08-11,,,,,,,,
PYPL,2026-08-10,59.07,59.0,-0.0011850347045877507,2026-08-11,,,,,,,,
PYPU,2026-08-10,39.9,39.95,0.0012531328320803947,2026-08-11,,,,,,,,
PYPY,2026-08-10,30.39,30.48,0.0029615004935834577,2026-08-11,,,,,,,,
PYXS,2026-08-10,3.83,2.83,-0.2610966057441253,2026-08-11,,,,,,,,
PYZ,2026-08-10,128.12,128.2,0.0006244146113016935,2026-08-11,,,,,,,,
PZA,2026-08-10,23.04,23.06,0.0008680555555555802,2026-08-11,,,,,,,,
PZG,2026-08-10,1.54,1.54,0.0,2026-08-11,,,,,,,,
PZIV,2026-08-10,30.39,30.37,-0.0006581112207962869,2026-08-11,,,,,,,,
PZLV,2026-08-10,31.29,31.06,-0.007350591243208693,2026-08-11,,,,,,,,
PZT,2026-08-10,22.31,22.37,0.0026893769610041307,2026-08-11,,,,,,,,
PZZA,2026-08-10,23.85,24.32,0.019706498951781892,2026-08-11,,,,,,,,
Q,2026-08-10,134.37,138.24,0.028801071667783118,2026-08-11,,,,,,,,
QABA,2026-08-10,68.67,69.43,0.011067423911460761,2026-08-11,,,,,,,,
QADR,2026-08-10,9.97,9.97,0.0,2026-08-11,,,,,,,,
QAI,2026-08-10,36.5,36.52,0.0005479452054795164,2026-08-11,,,,,,,,
QALT,2026-08-10,26.55,26.54,-0.00037664783427504567,2026-08-11,,,,,,,,
QARP,2026-08-10,68.29,68.14,-0.0021965148630840314,2026-08-11,,,,,,,,
QAT,2026-08-10,17.73,17.6,-0.007332205301748385,2026-08-11,,,,,,,,
QAU,2026-08-10,25.48,25.48,0.0,2026-08-11,,,,,,,,
QB,2026-08-10,48.74,48.72,-0.0004103405826837436,2026-08-11,,,,,,,,
QBER,2026-08-10,23.84,23.83,-0.000419463087248384,2026-08-11,,,,,,,,
QBF,2026-08-10,15.48,15.39,-0.005813953488372103,2026-08-11,,,,,,,,
QBIF,2026-08-10,26.45,26.47,0.0007561436672967048,2026-08-11,,,,,,,,
QBIG,2026-08-10,41.92,41.42,-0.011927480916030575,2026-08-11,,,,,,,,
QBIV,2026-08-10,27.35,27.36,0.000365630712979792,2026-08-11,,,,,,,,
QBKF,2026-08-10,26.25,26.28,0.0011428571428571122,2026-08-11,,,,,,,,
QBKV,2026-08-10,27.7,27.78,0.002888086642599319,2026-08-11,,,,,,,,
QBQF,2026-08-10,26.04,26.0,-0.001536098310291778,2026-08-11,,,,,,,,
QBQV,2026-08-10,26.86,26.82,-0.0014892032762471308,2026-08-11,,,,,,,,
QBSF,2026-08-10,27.32,27.31,-0.00036603221083464366,2026-08-11,,,,,,,,
QBSV,2026-08-10,27.22,27.23,0.00036737692872890193,2026-08-11,,,,,,,,
QBTS,2026-08-10,20.19,20.23,0.001981178801386818,2026-08-11,,,,,,,,
QBTX,2026-08-10,9.2,9.22,0.0021739130434783593,2026-08-11,,,,,,,,
QBTZ,2026-08-10,3.14,3.13,-0.0031847133757962887,2026-08-11,,,,,,,,
QBUF,2026-08-10,30.83,30.78,-0.0016217969510216035,2026-08-11,,,,,,,,
QBUL,2026-08-10,24.26,24.22,-0.0016488046166530657,2026-08-11,,,,,,,,
QBY,2026-08-10,6.67,6.66,-0.0014992503748125774,2026-08-11,,,,,,,,
QCAP,2026-08-10,25.07,25.08,0.0003988831272436766,2026-08-11,,,,,,,,
QCJA,2026-08-10,23.58,23.57,-0.00042408821034767286,2026-08-11,,,,,,,,
QCJL,2026-08-10,25.61,25.58,-0.0011714174150723178,2026-08-11,,,,,,,,
QCLN,2026-08-10,52.05,52.8,0.014409221902017322,2026-08-11,,,,,,,,
QCLR,2026-08-10,28.16,28.08,-0.0028409090909091717,2026-08-11,,,,,,,,
QCLS,2026-08-10,2.82,2.89,0.024822695035461084,2026-08-11,,,,,,,,
QCMD,2026-08-10,18.43,18.4,-0.0016277807921867282,2026-08-11,,,,,,,,
QCML,2026-08-10,14.66,14.71,0.003410641200545683,2026-08-11,,,,,,,,
QCMU,2026-08-10,18.23,18.32,0.004936917169500843,2026-08-11,,,,,,,,
QCOC,2026-08-10,24.18,24.17,-0.00041356492969391034,2026-08-11,,,,,,,,
QCOM,2026-08-10,162.17,162.68,0.003144847999013489,2026-08-11,,,,,,,,
QCRH,2026-08-10,103.73,104.33,0.005784247565795653,2026-08-11,,,,,,,,
QDEC,2026-08-10,35.97,35.96,-0.00027800945232137053,2026-08-11,,,,,,,,
QDEF,2026-08-10,91.2,91.05,-0.00164473684210531,2026-08-11,,,,,,,,
QDEL,2026-08-10,13.75,13.99,0.01745454545454539,2026-08-11,,,,,,,,
QDF,2026-08-10,92.87,92.74,-0.0013998061806828055,2026-08-11,,,,,,,,
QDIV,2026-08-10,40.44,40.44,0.0,2026-08-11,,,,,,,,
QDPL,2026-08-10,46.78,46.61,-0.0036340316374519066,2026-08-11,,,,,,,,
QDTE,2026-08-10,29.65,29.55,-0.003372681281618828,2026-08-11,,,,,,,,
QDTY,2026-08-10,39.8,39.77,-0.0007537688442209589,2026-08-11,,,,,,,,
QDVO,2026-08-10,30.08,29.9,-0.005984042553191515,2026-08-11,,,,,,,,
QEFA,2026-08-10,101.4,101.26,-0.0013806706114398715,2026-08-11,,,,,,,,
QEMM,2026-08-10,80.1,80.12,0.0002496878901374622,2026-08-11,,,,,,,,
QETA,2026-08-10,11.44,11.02,-0.036713286713286664,2026-08-11,,,,,,,,
QETH,2026-08-10,18.68,18.69,0.0005353319057816996,2026-08-11,,,,,,,,
QEW,2026-08-10,30.27,30.31,0.0013214403700032573,2026-08-11,,,,,,,,
QFF,2026-08-10,25.4,25.27,-0.005118110236220441,2026-08-11,,,,,,,,
QFHD,2026-08-10,27.93,28.02,0.0032223415682062218,2026-08-11,,,,,,,,
QFIN,2026-08-10,13.03,12.8,-0.01765157329240208,2026-08-11,,,,,,,,
QFLR,2026-08-10,35.49,35.43,-0.0016906170752325478,2026-08-11,,,,,,,,
QFRD,2026-08-10,29.72,29.54,-0.00605652759084796,2026-08-11,,,,,,,,
QGEN,2026-08-10,43.85,42.65,-0.027366020524515422,2026-08-11,,,,,,,,
QGRD,2026-08-10,29.57,29.48,-0.003043625295907959,2026-08-11,,,,,,,,
QGRO,2026-08-10,118.3,118.12,-0.0015215553677091487,2026-08-11,,,,,,,,
QGRW,2026-08-10,68.41,68.1,-0.004531501242508451,2026-08-11,,,,,,,,
QH,2026-08-10,5.08,5.05,-0.005905511811023723,2026-08-11,,,,,,,,
QHY,2026-08-10,45.79,45.79,0.0,2026-08-11,,,,,,,,
QID,2026-08-10,14.02,14.12,0.007132667617689048,2026-08-11,,,,,,,,
QIDX,2026-08-10,11.95,11.97,0.0016736401673640433,2026-08-11,,,,,,,,
QIG,2026-08-10,43.56,43.58,0.00045913682277309853,2026-08-11,,,,,,,,
QINT,2026-08-10,72.92,72.95,0.00041140976412501473,2026-08-11,,,,,,,,
QIS,2026-08-10,10.32,10.34,0.0019379844961240345,2026-08-11,,,,,,,,
QJL,2026-08-10,25.13,25.1,-0.0011937922801431577,2026-08-11,,,,,,,,
QJN,2026-08-10,24.78,24.72,-0.002421307506053405,2026-08-11,,,,,,,,
QJUN,2026-08-10,33.52,33.46,-0.0017899761336516162,2026-08-11,,,,,,,,
QLC,2026-08-10,93.39,92.94,-0.004818503051718603,2026-08-11,,,,,,,,
QLD,2026-08-10,91.63,90.98,-0.007093746589544869,2026-08-11,,,,,,,,
QLDY,2026-08-10,42.55,42.27,-0.006580493537015175,2026-08-11,,,,,,,,
QLEP,2026-08-10,10.01,10.01,0.0,2026-08-11,,,,,,,,
QLTA,2026-08-10,46.4,46.41,0.00021551724137935935,2026-08-11,,,,,,,,
QLTI,2026-08-10,28.03,28.08,0.0017838030681411876,2026-08-11,,,,,,,,
QLTY,2026-08-10,43.22,43.15,-0.0016196205460434765,2026-08-11,,,,,,,,
QLV,2026-08-10,79.82,79.57,-0.003132047105988467,2026-08-11,,,,,,,,
QLVD,2026-08-10,34.62,34.63,0.00028885037550563375,2026-08-11,,,,,,,,
QLVE,2026-08-10,33.07,33.31,0.007257332930148186,2026-08-11,,,,,,,,
QLYS,2026-08-10,185.8,188.31,0.013509149623250671,2026-08-11,,,,,,,,
QMAG,2026-08-10,25.66,25.66,0.0,2026-08-11,,,,,,,,
QMAR,2026-08-10,37.59,37.56,-0.0007980845969672856,2026-08-11,,,,,,,,
QMCO,2026-08-10,11.78,19.4,0.6468590831918506,2026-08-11,,,,,,,,
QMFE,2026-08-10,24.49,24.5,0.0004083299305839283,2026-08-11,,,,,,,,
QMID,2026-08-10,30.62,30.61,-0.0003265839320706343,2026-08-11,,,,,,,,
QMLS,2026-08-10,5.95,6.11,0.026890756302521135,2026-08-11,,,,,,,,
QMMY,2026-08-10,26.44,26.43,-0.0003782148260211837,2026-08-11,,,,,,,,
QMNV,2026-08-10,25.38,25.36,-0.0007880220646178104,2026-08-11,,,,,,,,
QMOM,2026-08-10,76.87,76.62,-0.0032522440483934156,2026-08-11,,,,,,,,
QMY,2026-08-10,25.92,25.88,-0.0015432098765433278,2026-08-11,,,,,,,,
QNC,2026-08-10,2.23,2.29,0.026905829596412634,2026-08-11,,,,,,,,
QNCX,2026-08-10,30.65,32.73,0.06786296900489397,2026-08-11,,,,,,,,
QNDX,2026-08-10,24.41,24.34,-0.0028676771814830637,2026-08-11,,,,,,,,
QNME,2026-08-10,0.47,0.52,0.1063829787234043,2026-08-11,,,,,,,,
QNRX,2026-08-10,5.36,5.35,-0.001865671641791189,2026-08-11,,,,,,,,
QNST,2026-08-10,22.02,20.9,-0.050862851952770294,2026-08-11,,,,,,,,
QNT,2026-08-10,56.59,56.06,-0.009365612298992798,2026-08-11,,,,,,,,
QNTM,2026-08-10,3.46,3.55,0.026011560693641522,2026-08-11,,,,,,,,
QNTU,2026-08-10,10.8,10.78,-0.0018518518518519933,2026-08-11,,,,,,,,
QNXT,2026-08-10,31.78,31.89,0.0034612964128382107,2026-08-11,,,,,,,,
QOWZ,2026-08-10,37.36,37.31,-0.001338329764453916,2026-08-11,,,,,,,,
QPUX,2026-08-10,18.94,19.53,0.03115100316789854,2026-08-11,,,,,,,,
QPX,2026-08-10,49.44,49.36,-0.0016181229773462036,2026-08-11,,,,,,,,
QQA,2026-08-10,56.51,56.38,-0.002300477791541189,2026-08-11,,,,,,,,
QQAU,2026-08-10,25.43,25.47,0.001572945340149401,2026-08-11,,,,,,,,
QQDN,2026-08-10,20.15,20.64,0.02431761786600517,2026-08-11,,,,,,,,
QQEW,2026-08-10,162.96,163.31,0.0021477663230240474,2026-08-11,,,,,,,,
QQH,2026-08-10,84.9,84.45,-0.005300353356890497,2026-08-11,,,,,,,,
QQHG,2026-08-10,66.33,66.18,-0.0022614201718678117,2026-08-11,,,,,,,,
QQJL,2026-08-10,25.17,25.16,-0.0003972983710767153,2026-08-11,,,,,,,,
QQJN,2026-08-10,24.87,24.83,-0.001608363490148923,2026-08-11,,,,,,,,
QQLV,2026-08-10,25.58,25.58,0.0,2026-08-11,,,,,,,,
QQMG,2026-08-10,50.16,50.01,-0.0029904306220095433,2026-08-11,,,,,,,,
QQMY,2026-08-10,25.94,25.91,-0.0011565150346954933,2026-08-11,,,,,,,,
QQQ,2026-08-10,720.87,718.45,-0.003357054670051429,2026-08-11,,,,,,,,
QQQA,2026-08-10,72.55,72.33,-0.0030323914541695585,2026-08-11,,,,,,,,
QQQD,2026-08-10,12.3,12.42,0.009756097560975618,2026-08-11,,,,,,,,
QQQE,2026-08-10,122.15,122.36,0.0017191977077364307,2026-08-11,,,,,,,,
QQQG,2026-08-10,30.76,30.83,0.002275682704811377,2026-08-11,,,,,,,,
QQQH,2026-08-10,54.95,54.89,-0.0010919017288444355,2026-08-11,,,,,,,,
QQQI,2026-08-10,55.14,55.04,-0.0018135654697134518,2026-08-11,,,,,,,,
QQQJ,2026-08-10,46.21,46.22,0.000216403375892682,2026-08-11,,,,,,,,
QQQM,2026-08-10,296.85,295.83,-0.003436078827690925,2026-08-11,,,,,,,,
QQQP,2026-08-10,221.42,219.86,-0.007045434016800578,2026-08-11,,,,,,,,
QQQS,2026-08-10,43.93,44.54,0.013885727293421413,2026-08-11,,,,,,,,
QQQT,2026-08-10,18.1,18.05,-0.002762430939226568,2026-08-11,,,,,,,,
QQQU,2026-08-10,58.18,57.08,-0.01890684083877625,2026-08-11,,,,,,,,
QQQX,2026-08-10,30.79,30.82,0.0009743423189347844,2026-08-11,,,,,,,,
QQQY,2026-08-10,22.91,22.83,-0.0034919249236142758,2026-08-11,,,,,,,,
QQUP,2026-08-10,64.98,63.38,-0.02462296091104954,2026-08-11,,,,,,,,
QQWZ,2026-08-10,28.73,28.82,0.0031326139923424368,2026-08-11,,,,,,,,
QQXL,2026-08-10,55.17,54.63,-0.009787928221859699,2026-08-11,,,,,,,,
QQXT,2026-08-10,102.85,103.32,0.004569761789013027,2026-08-11,,,,,,,,
QRED,2026-08-10,10.01,10.01,0.0,2026-08-11,,,,,,,,
QRHC,2026-08-10,1.48,1.39,-0.060810810810810856,2026-08-11,,,,,,,,
QRMI,2026-08-10,15.29,15.28,-0.0006540222367560355,2026-08-11,,,,,,,,
QRVO,2026-08-10,97.0,96.68,-0.00329896907216487,2026-08-11,,,,,,,,
QS,2026-08-10,6.19,6.34,0.024232633279482885,2026-08-11,,,,,,,,
QSEA,2026-08-10,10.65,10.65,0.0,2026-08-11,,,,,,,,
QSI,2026-08-10,0.79,0.82,0.03797468354430378,2026-08-11,,,,,,,,
QSIG,2026-08-10,48.19,48.22,0.0006225357958082878,2026-08-11,,,,,,,,
QSIX,2026-08-10,42.56,42.46,-0.0023496240601503793,2026-08-11,,,,,,,,
QSML,2026-08-10,34.71,34.82,0.0031691155286661665,2026-08-11,,,,,,,,
QSOL,2026-08-10,7.65,7.61,-0.005228758169934622,2026-08-11,,,,,,,,
QSPT,2026-08-10,35.31,35.3,-0.00028320589068264734,2026-08-11,,,,,,,,
QSR,2026-08-10,72.86,73.33,0.006450727422454117,2026-08-11,,,,,,,,
QSU,2026-08-10,7.78,8.16,0.04884318766066831,2026-08-11,,,,,,,,
QTAC,2026-08-10,24.51,24.42,-0.003671970624234966,2026-08-11,,,,,,,,
QTAP,2026-08-10,51.96,51.95,-0.00019245573518089643,2026-08-11,,,,,,,,
QTEC,2026-08-10,315.85,315.56,-0.0009181573531740206,2026-08-11,,,,,,,,
QTEX,2026-08-10,1.04,1.0,-0.03846153846153855,2026-08-11,,,,,,,,
QTI,2026-08-10,3.02,2.89,-0.04304635761589404,2026-08-11,,,,,,,,
QTJA,2026-08-10,33.5,33.49,-0.00029850746268655914,2026-08-11,,,,,,,,
QTJL,2026-08-10,41.95,41.86,-0.0021454112038141737,2026-08-11,,,,,,,,
QTOC,2026-08-10,38.64,38.7,0.0015527950310558758,2026-08-11,,,,,,,,
QTOP,2026-08-10,37.59,37.38,-0.005586592178770999,2026-08-11,,,,,,,,
QTPI,2026-08-10,25.43,25.45,0.0007864726700745894,2026-08-11,,,,,,,,
QTR,2026-08-10,34.21,34.11,-0.0029231218941829784,2026-08-11,,,,,,,,
QTRX,2026-08-10,2.42,2.62,0.08264462809917372,2026-08-11,,,,,,,,
QTTB,2026-08-10,15.67,15.41,-0.01659221442246328,2026-08-11,,,,,,,,
QTUM,2026-08-10,151.69,153.0,0.00863603401674462,2026-08-11,,,,,,,,
QTUP,2026-08-10,17.51,17.79,0.01599086236436298,2026-08-11,,,,,,,,
QTWO,2026-08-10,63.48,63.36,-0.001890359168241873,2026-08-11,,,,,,,,
QUA,2026-08-10,20.06,20.18,0.005982053838484491,2026-08-11,,,,,,,,
QUAD,2026-08-10,9.83,9.73,-0.010172939979654072,2026-08-11,,,,,,,,
QUAL,2026-08-10,225.74,225.15,-0.0026136262957384693,2026-08-11,,,,,,,,
QUBT,2026-08-10,8.93,8.95,0.002239641657334701,2026-08-11,,,,,,,,
QUBX,2026-08-10,8.52,8.48,-0.004694835680751019,2026-08-11,,,,,,,,
QUCY,2026-08-10,1.39,1.37,-0.014388489208632893,2026-08-11,,,,,,,,
QUIK,2026-08-10,13.76,14.23,0.03415697674418605,2026-08-11,,,,,,,,
QUIZ,2026-08-10,29.75,29.85,0.003361344537815114,2026-08-11,,,,,,,,
QULL,2026-08-10,70.57,70.27,-0.004251098200368397,2026-08-11,,,,,,,,
QUMS,2026-08-10,10.3,10.3,0.0,2026-08-11,,,,,,,,
QURE,2026-08-10,46.06,45.0,-0.023013460703430355,2026-08-11,,,,,,,,
QUS,2026-08-10,195.0,194.76,-0.0012307692307692575,2026-08-11,,,,,,,,
QUSA,2026-08-10,18.49,18.4,-0.004867495943753353,2026-08-11,,,,,,,,
QVAL,2026-08-10,60.81,60.92,0.0018089130077290072,2026-08-11,,,,,,,,
QVC,2026-08-10,,,,2026-08-11,,,,,,,,
QVCG,2026-08-10,19.49,16.38,-0.159569009748589,2026-08-11,,,,,,,,
QVML,2026-08-10,45.84,45.68,-0.003490401396160636,2026-08-11,,,,,,,,
QVMM,2026-08-10,36.25,36.41,0.004413793103448249,2026-08-11,,,,,,,,
QVMS,2026-08-10,34.82,34.96,0.004020677771395809,2026-08-11,,,,,,,,
QVMT,2026-08-10,65.59,65.88,0.004421405702088599,2026-08-11,,,,,,,,
QVOL,2026-08-10,101.09,100.78,-0.00306657433969737,2026-08-11,,,,,,,,
QVOY,2026-08-10,29.81,29.79,-0.0006709158000670623,2026-08-11,,,,,,,,
QWLD,2026-08-10,159.28,158.83,-0.0028252134605725177,2026-08-11,,,,,,,,
QXL,2026-08-10,4.58,4.25,-0.07205240174672489,2026-08-11,,,,,,,,
QXO,2026-08-10,15.38,15.55,0.01105331599479853,2026-08-11,,,,,,,,
QXQ,2026-08-10,32.01,31.92,-0.002811621368322248,2026-08-11,,,,,,,,
QYLD,2026-08-10,18.15,18.16,0.000550964187327807,2026-08-11,,,,,,,,
QYLG,2026-08-10,29.68,29.62,-0.0020215633423180668,2026-08-11,,,,,,,,
R,2026-08-10,260.16,258.59,-0.006034747847478705,2026-08-11,,,,,,,,
RA,2026-08-10,12.82,12.77,-0.003900156006240274,2026-08-11,,,,,,,,
RAA,2026-08-10,30.09,30.09,0.0,2026-08-11,,,,,,,,
RAAA,2026-08-10,25.01,25.01,0.0,2026-08-11,,,,,,,,
RAAR,2026-08-10,51.15,51.14,-0.00019550342130980614,2026-08-11,,,,,,,,
RAAX,2026-08-10,40.97,41.13,0.003905296558457394,2026-08-11,,,,,,,,
RAC,2026-08-10,10.5,10.5,0.0,2026-08-11,,,,,,,,
RACC,2026-08-10,24.0,26.66,0.11083333333333334,2026-08-11,,,,,,,,
RACD,2026-08-10,11.51,11.41,-0.008688097306689846,2026-08-11,,,,,,,,
RACE,2026-08-10,406.77,410.26,0.008579787103277114,2026-08-11,,,,,,,,
RACK,2026-08-10,48.08,48.67,0.012271214642262995,2026-08-11,,,,,,,,
RADX,2026-08-10,2.8,2.86,0.021428571428571352,2026-08-11,,,,,,,,
RAFE,2026-08-10,49.72,49.68,-0.0008045052292839916,2026-08-11,,,,,,,,
RAIL,2026-08-10,7.91,7.7,-0.026548672566371723,2026-08-11,,,,,,,,
RAIN,2026-08-10,1.18,1.11,-0.05932203389830493,2026-08-11,,,,,,,,
RAL,2026-08-10,69.39,71.52,0.03069606571552086,2026-08-11,,,,,,,,
RAM,2026-08-10,9.98,10.53,0.05511022044088176,2026-08-11,,,,,,,,
RAML,2026-08-10,10.37,10.91,0.05207328833172631,2026-08-11,,,,,,,,
RAMP,2026-08-10,37.75,37.76,0.00026490066225171027,2026-08-11,,,,,,,,
RAMZ,2026-08-10,23.7,22.46,-0.052320675105485215,2026-08-11,,,,,,,,
RAND,2026-08-10,10.07,10.16,0.00893743793445867,2026-08-11,,,,,,,,
RANG,2026-08-10,10.73,10.74,0.0009319664492077884,2026-08-11,,,,,,,,
RANI,2026-08-10,0.78,0.79,0.012820512820512775,2026-08-11,,,,,,,,
RANK,2026-08-10,19.7,19.67,-0.001522842639593791,2026-08-11,,,,,,,,
RAPP,2026-08-10,46.98,48.82,0.03916560238399325,2026-08-11,,,,,,,,
RARE,2026-08-10,26.8,26.96,0.005970149253731405,2026-08-11,,,,,,,,
RAUS,2026-08-10,30.28,30.19,-0.002972258916776771,2026-08-11,,,,,,,,
RAVE,2026-08-10,3.09,3.1,0.003236245954692629,2026-08-11,,,,,,,,
RAVI,2026-08-10,75.18,75.21,0.00039904229848342077,2026-08-11,,,,,,,,
RAY,2026-08-10,2.92,2.84,-0.0273972602739726,2026-08-11,,,,,,,,
RAYA,2026-08-10,2.31,2.39,0.03463203463203457,2026-08-11,,,,,,,,
RAYJ,2026-08-10,37.44,37.44,0.0,2026-08-11,,,,,,,,
RB,2026-08-10,47.21,47.17,-0.0008472781190425049,2026-08-11,,,,,,,,
RBA,2026-08-10,93.82,89.63,-0.04465998720955022,2026-08-11,,,,,,,,
RBB,2026-08-10,26.48,27.1,0.023413897280966767,2026-08-11,,,,,,,,
RBBN,2026-08-10,2.05,1.99,-0.029268292682926744,2026-08-11,,,,,,,,
RBC,2026-08-10,556.5,552.48,-0.007223719676549778,2026-08-11,,,,,,,,
RBCAA,2026-08-10,97.51,99.07,0.01599835914265202,2026-08-11,,,,,,,,
RBIL,2026-08-10,49.99,49.96,-0.0006001200240047799,2026-08-11,,,,,,,,
RBKB,2026-08-10,12.48,12.48,0.0,2026-08-11,,,,,,,,
RBLD,2026-08-10,88.36,89.08,0.008148483476686286,2026-08-11,,,,,,,,
RBLU,2026-08-10,3.41,3.27,-0.04105571847507339,2026-08-11,,,,,,,,
RBLX,2026-08-10,37.05,36.22,-0.022402159244264475,2026-08-11,,,,,,,,
RBLY,2026-08-10,9.04,8.89,-0.016592920353982188,2026-08-11,,,,,,,,
RBNE,2026-08-10,2.37,2.39,0.00843881856540074,2026-08-11,,,,,,,,
RBRK,2026-08-10,97.91,96.93,-0.010009192115207788,2026-08-11,,,,,,,,
RBUF,2026-08-10,31.31,31.37,0.0019163206643246777,2026-08-11,,,,,,,,
RC,2026-08-10,1.85,1.79,-0.032432432432432434,2026-08-11,,,,,,,,
RCAT,2026-08-10,10.0,10.66,0.06600000000000006,2026-08-11,,,,,,,,
RCAX,2026-08-10,4.57,5.17,0.1312910284463895,2026-08-11,,,,,,,,
RCBC,2026-08-10,47.08,47.19,0.002336448598130758,2026-08-11,,,,,,,,
RCEL,2026-08-10,7.6,8.2,0.07894736842105265,2026-08-11,,,,,,,,
RCG,2026-08-10,2.9,2.9,0.0,2026-08-11,,,,,,,,
RCGE,2026-08-10,31.47,31.46,-0.0003177629488401168,2026-08-11,,,,,,,,
RCI,2026-08-10,34.62,35.31,0.019930675909878737,2026-08-11,,,,,,,,
RCKT,2026-08-10,3.64,3.5,-0.03846153846153855,2026-08-11,,,,,,,,
RCKY,2026-08-10,48.62,47.45,-0.024064171122994527,2026-08-11,,,,,,,,
RCL,2026-08-10,308.0,307.15,-0.002759740259740351,2026-08-11,,,,,,,,
RCLO,2026-08-10,24.88,24.89,0.00040192926045024,2026-08-11,,,,,,,,
RCLR,2026-08-10,51.0,51.0,0.0,2026-08-11,,,,,,,,
RCMT,2026-08-10,28.92,28.69,-0.007952973720608547,2026-08-11,,,,,,,,
RCON,2026-08-10,0.04,0.03,-0.25,2026-08-11,,,,,,,,
RCS,2026-08-10,5.28,5.27,-0.0018939393939395588,2026-08-11,,,,,,,,
RCT,2026-08-10,0.22,0.23,0.045454545454545414,2026-08-11,,,,,,,,
RCTR,2026-08-10,34.06,34.36,0.008807985907222537,2026-08-11,,,,,,,,
RCUS,2026-08-10,28.72,28.74,0.0006963788300835549,2026-08-11,,,,,,,,
RDAC,2026-08-10,6.47,6.25,-0.03400309119010814,2026-08-11,,,,,,,,
RDAG,2026-08-10,10.4,10.38,-0.0019230769230769162,2026-08-11,,,,,,,,
RDCM,2026-08-10,10.11,10.05,-0.0059347181008900796,2026-08-11,,,,,,,,
RDDC,2026-08-10,13.9,13.94,0.0028776978417266452,2026-08-11,,,,,,,,
RDDT,2026-08-10,158.72,156.19,-0.01594002016129037,2026-08-11,,,,,,,,
RDFI,2026-08-10,23.47,23.44,-0.0012782275244992425,2026-08-11,,,,,,,,
RDGT,2026-08-10,0.99,0.92,-0.07070707070707061,2026-08-11,,,,,,,,
RDHL,2026-08-10,0.58,0.6,0.034482758620689724,2026-08-11,,,,,,,,
RDI,2026-08-10,1.55,1.46,-0.058064516129032295,2026-08-11,,,,,,,,
RDIV,2026-08-10,62.5,62.65,0.0023999999999999577,2026-08-11,,,,,,,,
RDN,2026-08-10,36.5,36.36,-0.003835616438356171,2026-08-11,,,,,,,,
RDNT,2026-08-10,77.28,76.34,-0.012163561076604545,2026-08-11,,,,,,,,
RDNW,2026-08-10,6.43,6.51,0.012441679626749691,2026-08-11,,,,,,,,
RDOG,2026-08-10,40.29,40.21,-0.0019856043683296187,2026-08-11,,,,,,,,
RDTE,2026-08-10,28.76,28.91,0.005215577190542442,2026-08-11,,,,,,,,
RDTL,2026-08-10,15.11,14.62,-0.0324288550628723,2026-08-11,,,,,,,,
RDTY,2026-08-10,37.75,38.04,0.007682119205298044,2026-08-11,,,,,,,,
RDVI,2026-08-10,29.77,29.81,0.0013436345314075115,2026-08-11,,,,,,,,
RDVT,2026-08-10,65.65,71.22,0.0848438690022848,2026-08-11,,,,,,,,
RDVY,2026-08-10,83.13,83.25,0.001443522194153779,2026-08-11,,,,,,,,
RDW,2026-08-10,13.12,13.51,0.029725609756097615,2026-08-11,,,,,,,,
RDWR,2026-08-10,28.46,28.58,0.0042164441321150825,2026-08-11,,,,,,,,
RDWU,2026-08-10,9.93,10.4,0.04733131923464251,2026-08-11,,,,,,,,
RDY,2026-08-10,12.15,12.45,0.024691358024691246,2026-08-11,,,,,,,,
RDYY,2026-08-10,16.64,16.42,-0.013221153846153744,2026-08-11,,,,,,,,
RDZN,2026-08-10,1.28,1.33,0.0390625,2026-08-11,,,,,,,,
REA,2026-08-10,13.43,13.57,0.01042442293373047,2026-08-11,,,,,,,,
REAI,2026-08-10,21.38,21.38,0.0,2026-08-11,,,,,,,,
REAL,2026-08-10,11.91,11.8,-0.009235936188077165,2026-08-11,,,,,,,,
REAX,2026-08-10,2.14,2.3,0.0747663551401867,2026-08-11,,,,,,,,
REBN,2026-08-10,1.41,1.42,0.007092198581560183,2026-08-11,,,,,,,,
RECI,2026-08-10,20.23,20.27,0.001977261492832394,2026-08-11,,,,,,,,
RECS,2026-08-10,45.14,45.1,-0.0008861320336730483,2026-08-11,,,,,,,,
RECT,2026-08-10,1.15,1.37,0.19130434782608718,2026-08-11,,,,,,,,
REED,2026-08-10,0.83,0.94,0.1325301204819278,2026-08-11,,,,,,,,
REET,2026-08-10,27.84,27.68,-0.005747126436781658,2026-08-11,,,,,,,,
REF,2026-08-10,15.09,15.45,0.02385685884691835,2026-08-11,,,,,,,,
REFA,2026-08-10,23.79,23.82,0.0012610340479193294,2026-08-11,,,,,,,,
REFI,2026-08-10,10.23,10.23,0.0,2026-08-11,,,,,,,,
REFR,2026-08-10,0.49,0.49,0.0,2026-08-11,,,,,,,,
REG,2026-08-10,76.11,75.82,-0.003810274602549013,2026-08-11,,,,,,,,
REGL,2026-08-10,94.83,95.04,0.0022144890857325183,2026-08-11,,,,,,,,
REGN,2026-08-10,808.05,797.0,-0.013674896355423516,2026-08-11,,,,,,,,
REGS,2026-08-10,11.66,11.62,-0.0034305317324185847,2026-08-11,,,,,,,,
REI,2026-08-10,1.36,1.37,0.007352941176470562,2026-08-11,,,,,,,,
REIT,2026-08-10,30.36,30.1,-0.008563899868247682,2026-08-11,,,,,,,,
REK,2026-08-10,15.59,15.72,0.00833867864015403,2026-08-11,,,,,,,,
REKR,2026-08-10,0.66,0.68,0.030303030303030276,2026-08-11,,,,,,,,
RELL,2026-08-10,19.89,20.2,0.015585721468074354,2026-08-11,,,,,,,,
RELX,2026-08-10,35.62,35.37,-0.0070185289163391396,2026-08-11,,,,,,,,
RELY,2026-08-10,23.14,23.61,0.020311149524632643,2026-08-11,,,,,,,,
REM,2026-08-10,21.8,22.06,0.011926605504587018,2026-08-11,,,,,,,,
REMC,2026-08-10,23.52,23.56,0.001700680272108901,2026-08-11,,,,,,,,
REMG,2026-08-10,35.78,35.77,-0.00027948574622693734,2026-08-11,,,,,,,,
REMX,2026-08-10,78.45,76.72,-0.022052262587635485,2026-08-11,,,,,,,,
RENT,2026-08-10,3.64,3.64,0.0,2026-08-11,,,,,,,,
RENX,2026-08-10,1.91,1.97,0.03141361256544495,2026-08-11,,,,,,,,
REPL,2026-08-10,13.67,13.65,-0.001463057790782707,2026-08-11,,,,,,,,
REPX,2026-08-10,36.21,36.52,0.008561170947252172,2026-08-11,,,,,,,,
RERE,2026-08-10,4.55,4.46,-0.01978021978021971,2026-08-11,,,,,,,,
RES,2026-08-10,6.15,6.33,0.029268292682926855,2026-08-11,,,,,,,,
RESM,2026-08-10,24.54,24.59,0.00203748981255103,2026-08-11,,,,,,,,
RETL,2026-08-10,9.79,9.47,-0.032686414708886447,2026-08-11,,,,,,,,
RETO,2026-08-10,2.6,1.2,-0.5384615384615385,2026-08-11,,,,,,,,
REVB,2026-08-10,1.13,1.13,0.0,2026-08-11,,,,,,,,
REVS,2026-08-10,33.92,33.86,-0.00176886792452835,2026-08-11,,,,,,,,
REW,2026-08-10,11.54,11.56,0.0017331022530331364,2026-08-11,,,,,,,,
REX,2026-08-10,43.28,43.35,0.0016173752310535416,2026-08-11,,,,,,,,
REXC,2026-08-10,19.27,19.12,-0.007784120394395355,2026-08-11,,,,,,,,
REXR,2026-08-10,36.47,36.19,-0.007677543186180413,2026-08-11,,,,,,,,
REYN,2026-08-10,26.13,26.13,0.0,2026-08-11,,,,,,,,
REZ,2026-08-10,95.07,93.03,-0.021457873146102813,2026-08-11,,,,,,,,
REZI,2026-08-10,24.21,24.24,0.0012391573729861882,2026-08-11,,,,,,,,
REZI-WI,2026-08-10,,,,2026-08-11,,,,,,,,
RF,2026-08-10,31.46,31.6,0.00445009535918639,2026-08-11,,,,,,,,
RFAI,2026-08-10,11.12,11.11,-0.0008992805755395628,2026-08-11,,,,,,,,
RFAM,2026-08-10,9.98,9.98,0.0,2026-08-11,,,,,,,,
RFCI,2026-08-10,22.06,22.06,0.0,2026-08-11,,,,,,,,
RFDA,2026-08-10,73.11,73.14,0.0004103405826836326,2026-08-11,,,,,,,,
RFDI,2026-08-10,92.06,92.19,0.001412122528785531,2026-08-11,,,,,,,,
RFEM,2026-08-10,95.65,95.88,0.002404600104547683,2026-08-11,,,,,,,,
RFFC,2026-08-10,77.02,76.94,-0.0010386912490262246,2026-08-11,,,,,,,,
RFG,2026-08-10,62.92,63.02,0.0015893197711380758,2026-08-11,,,,,,,,
RFI,2026-08-10,11.6,11.35,-0.02155172413793105,2026-08-11,,,,,,,,
RFIL,2026-08-10,12.42,12.77,0.028180354267310692,2026-08-11,,,,,,,,
RFIX,2026-08-10,37.22,36.6,-0.016657710908113854,2026-08-11,,,,,,,,
RFL,2026-08-10,1.99,1.92,-0.035175879396984966,2026-08-11,,,,,,,,
RFLR,2026-08-10,33.08,33.1,0.0006045949214028568,2026-08-11,,,,,,,,
RFM,2026-08-10,14.92,14.95,0.002010723860589758,2026-08-11,,,,,,,,
RFMZ,2026-08-10,13.28,13.3,0.001506024096385561,2026-08-11,,,,,,,,
RFV,2026-08-10,150.28,151.13,0.005656108597285048,2026-08-11,,,,,,,,
RGA,2026-08-10,242.1,244.65,0.010532837670384154,2026-08-11,,,,,,,,
RGC,2026-08-10,5.28,5.02,-0.04924242424242442,2026-08-11,,,,,,,,
RGCO,2026-08-10,21.59,21.28,-0.014358499305233807,2026-08-11,,,,,,,,
RGEF,2026-08-10,35.35,35.38,0.0008486562942009446,2026-08-11,,,,,,,,
RGEN,2026-08-10,163.17,164.77,0.009805724091438428,2026-08-11,,,,,,,,
RGLD,2026-08-10,234.13,233.51,-0.00264810148208261,2026-08-11,,,,,,,,
RGLO,2026-08-10,33.93,33.72,-0.006189213085764811,2026-08-11,,,,,,,,
RGNT,2026-08-10,1.85,1.84,-0.005405405405405461,2026-08-11,,,,,,,,
RGNX,2026-08-10,10.42,10.65,0.02207293666026877,2026-08-11,,,,,,,,
RGP,2026-08-10,4.2,4.18,-0.004761904761904856,2026-08-11,,,,,,,,
RGR,2026-08-10,37.17,37.45,0.007532956685499137,2026-08-11,,,,,,,,
RGS,2026-08-10,28.33,27.32,-0.03565125308859862,2026-08-11,,,,,,,,
RGT,2026-08-10,15.48,15.4,-0.0051679586563307955,2026-08-11,,,,,,,,
RGTC,2026-08-10,30.12,31.77,0.054780876494023856,2026-08-11,,,,,,,,
RGTI,2026-08-10,17.65,18.09,0.024929178470254998,2026-08-11,,,,,,,,
RGTU,2026-08-10,14.24,15.07,0.0582865168539326,2026-08-11,,,,,,,,
RGTX,2026-08-10,13.29,13.91,0.04665161775771254,2026-08-11,,,,,,,,
RGTZ,2026-08-10,3.11,2.95,-0.05144694533762051,2026-08-11,,,,,,,,
RGYY,2026-08-10,6.73,6.76,0.004457652303120341,2026-08-11,,,,,,,,
RH,2026-08-10,183.57,182.85,-0.003922209511358021,2026-08-11,,,,,,,,
RHI,2026-08-10,42.68,42.14,-0.012652296157450782,2026-08-11,,,,,,,,
RHLD,2026-08-10,131.62,132.37,0.005698222154687738,2026-08-11,,,,,,,,
RHP,2026-08-10,119.95,122.07,0.017674030846185795,2026-08-11,,,,,,,,
RHRX,2026-08-10,22.05,22.05,0.0,2026-08-11,,,,,,,,
RHTX,2026-08-10,20.5,20.45,-0.0024390243902439046,2026-08-11,,,,,,,,
RIBB,2026-08-10,10.84,10.85,0.0009225092250921829,2026-08-11,,,,,,,,
RICK,2026-08-10,27.08,27.45,0.013663220088626415,2026-08-11,,,,,,,,
RIET,2026-08-10,9.44,9.43,-0.0010593220338982468,2026-08-11,,,,,,,,
RIFR,2026-08-10,28.47,28.58,0.0038637161924832686,2026-08-11,,,,,,,,
RIG,2026-08-10,5.72,5.81,0.015734265734265618,2026-08-11,,,,,,,,
RIGL,2026-08-10,41.66,42.02,0.008641382621219496,2026-08-11,,,,,,,,
RIGS,2026-08-10,22.62,22.6,-0.0008841732979664174,2026-08-11,,,,,,,,
RILA,2026-08-10,12.51,12.49,-0.0015987210231813709,2026-08-11,,,,,,,,
RILY,2026-08-10,7.27,7.27,0.0,2026-08-11,,,,,,,,
RIME,2026-08-10,0.42,0.43,0.023809523809523725,2026-08-11,,,,,,,,
RINF,2026-08-10,32.71,32.68,-0.0009171507184347893,2026-08-11,,,,,,,,
RING,2026-08-10,78.38,78.13,-0.003189589180913499,2026-08-11,,,,,,,,
RINT,2026-08-10,33.15,33.12,-0.0009049773755656076,2026-08-11,,,,,,,,
RIO,2026-08-10,101.91,100.99,-0.00902757334903348,2026-08-11,,,,,,,,
RIOT,2026-08-10,19.4,20.24,0.04329896907216502,2026-08-11,,,,,,,,
RIOX,2026-08-10,24.6,26.64,0.08292682926829253,2026-08-11,,,,,,,,
RISE,2026-08-10,18.97,18.67,-0.015814443858724103,2026-08-11,,,,,,,,
RISN,2026-08-10,31.51,31.5,-0.0003173595683910735,2026-08-11,,,,,,,,
RISR,2026-08-10,36.74,36.72,-0.0005443658138269969,2026-08-11,,,,,,,,
RITA,2026-08-10,21.47,21.22,-0.011644154634373516,2026-08-11,,,,,,,,
RITM,2026-08-10,10.11,10.25,0.013847675568743778,2026-08-11,,,,,,,,
RITR,2026-08-10,0.17,0.14,-0.17647058823529405,2026-08-11,,,,,,,,
RIV,2026-08-10,11.58,11.65,0.006044905008635526,2026-08-11,,,,,,,,
RIVC,2026-08-10,21.73,21.64,-0.004141739530602817,2026-08-11,,,,,,,,
RIVN,2026-08-10,16.39,16.36,-0.0018303843807200293,2026-08-11,,,,,,,,
RIZE,2026-08-10,24.57,24.56,-0.00040700040700047957,2026-08-11,,,,,,,,
RJCA,2026-08-10,72.64,72.31,-0.004542951541850249,2026-08-11,,,,,,,,
RJDI,2026-08-10,30.04,30.06,0.0006657789613848664,2026-08-11,,,,,,,,
RJET,2026-08-10,20.2,20.85,0.03217821782178221,2026-08-11,,,,,,,,
RJF,2026-08-10,179.09,180.02,0.005192919761014103,2026-08-11,,,,,,,,
RJMI,2026-08-10,25.17,25.18,0.00039729837107649324,2026-08-11,,,,,,,,
RJVI,2026-08-10,24.84,24.84,0.0,2026-08-11,,,,,,,,
RKDA,2026-08-10,0.65,0.67,0.030769230769230882,2026-08-11,,,,,,,,
RKLB,2026-08-10,80.04,80.01,-0.00037481259370319986,2026-08-11,,,,,,,,
RKLX,2026-08-10,24.44,24.25,-0.0077741407528642,2026-08-11,,,,,,,,
RKLZ,2026-08-10,2.94,2.95,0.003401360544217802,2026-08-11,,,,,,,,
RKNG,2026-08-10,23.13,23.42,0.012537829658452404,2026-08-11,,,,,,,,
RKSG,2026-08-10,28.84,28.71,-0.004507628294036059,2026-08-11,,,,,,,,
RKT,2026-08-10,13.76,14.32,0.04069767441860472,2026-08-11,,,,,,,,
RKTL,2026-08-10,9.48,10.32,0.08860759493670889,2026-08-11,,,,,,,,
RKTO,2026-08-10,0.79,0.8,0.012658227848101333,2026-08-11,,,,,,,,
RKX,2026-08-10,15.04,14.92,-0.007978723404255317,2026-08-11,,,,,,,,
RL,2026-08-10,406.89,397.72,-0.022536803558701246,2026-08-11,,,,,,,,
RLAY,2026-08-10,19.94,19.99,0.0025075225677029245,2026-08-11,,,,,,,,
RLGT,2026-08-10,8.32,8.34,0.0024038461538460343,2026-08-11,,,,,,,,
RLI,2026-08-10,63.58,63.94,0.0056621579112927645,2026-08-11,,,,,,,,
RLJ,2026-08-10,10.99,10.83,-0.0145586897179254,2026-08-11,,,,,,,,
RLMD,2026-08-10,4.54,4.47,-0.01541850220264318,2026-08-11,,,,,,,,
RLTY,2026-08-10,15.69,15.53,-0.010197578075207159,2026-08-11,,,,,,,,
RLX,2026-08-10,2.0,1.98,-0.010000000000000009,2026-08-11,,,,,,,,
RLY,2026-08-10,36.77,36.81,0.0010878433505574492,2026-08-11,,,,,,,,
RLYB,2026-08-10,16.61,16.38,-0.013847080072245666,2026-08-11,,,,,,,,
RM,2026-08-10,31.5,31.63,0.004126984126984201,2026-08-11,,,,,,,,
RMAX,2026-08-10,11.4,12.11,0.062280701754385825,2026-08-11,,,,,,,,
RMBC,2026-08-10,12.62,12.72,0.007923930269413848,2026-08-11,,,,,,,,
RMBI,2026-08-10,15.87,16.07,0.012602394454946486,2026-08-11,,,,,,,,
RMBS,2026-08-10,95.89,96.42,0.005527166544999407,2026-08-11,,,,,,,,
RMBX,2026-08-10,11.98,12.07,0.0075125208681134925,2026-08-11,,,,,,,,
RMCA,2026-08-10,24.09,24.1,0.0004151100041511757,2026-08-11,,,,,,,,
RMCF,2026-08-10,0.78,0.67,-0.14102564102564097,2026-08-11,,,,,,,,
RMCO,2026-08-10,3.05,3.17,0.03934426229508192,2026-08-11,,,,,,,,
RMD,2026-08-10,220.05,224.84,0.021767780049988694,2026-08-11,,,,,,,,
RMHY,2026-08-10,25.0,24.99,-0.00040000000000006697,2026-08-11,,,,,,,,
RMI,2026-08-10,15.8,15.62,-0.0113924050632912,2026-08-11,,,,,,,,
RMIX,2026-08-10,18.3,19.35,0.05737704918032782,2026-08-11,,,,,,,,
RMM,2026-08-10,14.49,14.56,0.004830917874396157,2026-08-11,,,,,,,,
RMME,2026-08-10,100.14,100.15,9.986019572605365e-05,2026-08-11,,,,,,,,
RMMZ,2026-08-10,14.86,14.85,-0.0006729475100941684,2026-08-11,,,,,,,,
RMNI,2026-08-10,4.91,4.81,-0.020366598778004175,2026-08-11,,,,,,,,
RMNY,2026-08-10,24.4,24.43,0.0012295081967212962,2026-08-11,,,,,,,,
RMOP,2026-08-10,25.16,25.17,0.0003974562798092496,2026-08-11,,,,,,,,
RMR,2026-08-10,19.59,19.72,0.0066360387953037225,2026-08-11,,,,,,,,
RMRC,2026-08-10,25.89,25.91,0.0007724990343762617,2026-08-11,,,,,,,,
RMSG,2026-08-10,0.37,0.35,-0.05405405405405406,2026-08-11,,,,,,,,
RMT,2026-08-10,14.2,14.29,0.006338028169013965,2026-08-11,,,,,,,,
RMTI,2026-08-10,6.84,7.08,0.03508771929824572,2026-08-11,,,,,,,,
RNA,2026-08-10,12.24,12.27,0.002450980392156854,2026-08-11,,,,,,,,
RNAC,2026-08-10,8.76,8.59,-0.019406392694063967,2026-08-11,,,,,,,,
RNAZ,2026-08-10,3.88,3.43,-0.11597938144329889,2026-08-11,,,,,,,,
RND,2026-08-10,33.55,33.38,-0.005067064083457362,2026-08-11,,,,,,,,
RNEM,2026-08-10,57.04,56.61,-0.007538569424964892,2026-08-11,,,,,,,,
RNG,2026-08-10,64.1,63.45,-0.010140405616224535,2026-08-11,,,,,,,,
RNGR,2026-08-10,16.58,17.12,0.03256936067551286,2026-08-11,,,,,,,,
RNGT,2026-08-10,10.14,10.14,0.0,2026-08-11,,,,,,,,
RNIN,2026-08-10,37.07,36.85,-0.005934718100890191,2026-08-11,,,,,,,,
RNMN,2026-08-10,26.08,26.08,0.0,2026-08-11,,,,,,,,
RNP,2026-08-10,20.42,20.23,-0.009304603330068661,2026-08-11,,,,,,,,
RNR,2026-08-10,318.42,316.52,-0.005966961874254273,2026-08-11,,,,,,,,
RNRG,2026-08-10,34.22,34.41,0.005552308591466826,2026-08-11,,,,,,,,
RNST,2026-08-10,42.7,42.93,0.005386416861826726,2026-08-11,,,,,,,,
RNTX,2026-08-10,0.79,0.82,0.03797468354430378,2026-08-11,,,,,,,,
RNTY,2026-08-10,49.01,49.07,0.0012242399510304924,2026-08-11,,,,,,,,
RNW,2026-08-10,6.13,6.85,0.11745513866231638,2026-08-11,,,,,,,,
RNXT,2026-08-10,1.16,1.15,-0.008620689655172376,2026-08-11,,,,,,,,
ROAD,2026-08-10,118.16,120.79,0.022257955314827438,2026-08-11,,,,,,,,
ROAM,2026-08-10,35.29,35.47,0.005100595069424729,2026-08-11,,,,,,,,
ROBN,2026-08-10,25.15,25.04,-0.004373757455268357,2026-08-11,,,,,,,,
ROBO,2026-08-10,83.46,84.0,0.006470165348670065,2026-08-11,,,,,,,,
ROBT,2026-08-10,59.44,59.53,0.001514131897712101,2026-08-11,,,,,,,,
ROC,2026-08-10,4.26,4.24,-0.004694835680751019,2026-08-11,,,,,,,,
ROCK,2026-08-10,48.86,49.77,0.018624641833810962,2026-08-11,,,,,,,,
ROCQ,2026-08-10,55.65,55.62,-0.0005390835579515141,2026-08-11,,,,,,,,
ROCY,2026-08-10,55.42,55.29,-0.002345723565499891,2026-08-11,,,,,,,,
RODM,2026-08-10,42.06,42.01,-0.001188777936281582,2026-08-11,,,,,,,,
ROE,2026-08-10,43.87,43.89,0.00045589240939136744,2026-08-11,,,,,,,,
ROG,2026-08-10,128.41,135.06,0.051787243984113385,2026-08-11,,,,,,,,
ROIV,2026-08-10,35.78,35.25,-0.014812744550028012,2026-08-11,,,,,,,,
ROK,2026-08-10,435.22,447.0,0.02706677082854636,2026-08-11,,,,,,,,
ROKT,2026-08-10,119.96,120.55,0.004918306102034142,2026-08-11,,,,,,,,
ROKU,2026-08-10,151.84,150.91,-0.006124868282402551,2026-08-11,,,,,,,,
ROL,2026-08-10,37.23,37.01,-0.005909213000268587,2026-08-11,,,,,,,,
ROLR,2026-08-10,6.67,6.41,-0.038980509745127456,2026-08-11,,,,,,,,
ROM,2026-08-10,145.93,145.49,-0.0030151442472418077,2026-08-11,,,,,,,,
ROMA,2026-08-10,9.19,9.1,-0.009793253536452662,2026-08-11,,,,,,,,
ROMO,2026-08-10,34.85,34.8,-0.0014347202295553751,2026-08-11,,,,,,,,
RONB,2026-08-10,23.71,23.25,-0.019401096583720023,2026-08-11,,,,,,,,
ROOT,2026-08-10,53.44,51.59,-0.034618263473053745,2026-08-11,,,,,,,,
ROP,2026-08-10,403.89,399.5,-0.010869296095471492,2026-08-11,,,,,,,,
ROPE,2026-08-10,30.31,30.3,-0.0003299241174529177,2026-08-11,,,,,,,,
ROSC,2026-08-10,56.32,56.07,-0.004438920454545414,2026-08-11,,,,,,,,
ROST,2026-08-10,254.82,251.81,-0.011812259634251587,2026-08-11,,,,,,,,
ROUS,2026-08-10,68.27,68.06,-0.0030760216786288597,2026-08-11,,,,,,,,
RPAR,2026-08-10,22.23,22.19,-0.001799370220422869,2026-08-11,,,,,,,,
RPAY,2026-08-10,3.83,3.7,-0.03394255874673624,2026-08-11,,,,,,,,
RPC,2026-08-10,8.61,8.85,0.027874564459930307,2026-08-11,,,,,,,,
RPD,2026-08-10,11.61,13.38,0.1524547803617573,2026-08-11,,,,,,,,
RPG,2026-08-10,58.26,58.39,0.002231376587710221,2026-08-11,,,,,,,,
RPGL,2026-08-10,1.95,1.97,0.01025641025641022,2026-08-11,,,,,,,,
RPID,2026-08-10,1.71,1.69,-0.011695906432748537,2026-08-11,,,,,,,,
RPM,2026-08-10,115.93,116.66,0.0062969033037176825,2026-08-11,,,,,,,,
RPRX,2026-08-10,57.97,57.79,-0.0031050543384508744,2026-08-11,,,,,,,,
RPT,2026-08-10,12.35,12.63,0.02267206477732797,2026-08-11,,,,,,,,
RPV,2026-08-10,120.97,121.31,0.0028106142018682334,2026-08-11,,,,,,,,
RQI,2026-08-10,12.43,12.31,-0.009654062751407788,2026-08-11,,,,,,,,
RR,2026-08-10,1.71,1.74,0.01754385964912286,2026-08-11,,,,,,,,
RRBI,2026-08-10,100.68,102.39,0.016984505363528024,2026-08-11,,,,,,,,
RRC,2026-08-10,40.29,40.67,0.009431620749565717,2026-08-11,,,,,,,,
RREV,2026-08-10,9.91,9.9,-0.0010090817356205317,2026-08-11,,,,,,,,
RRGB,2026-08-10,8.11,7.83,-0.03452527743526501,2026-08-11,,,,,,,,
RRR,2026-08-10,61.29,63.04,0.02855278185674659,2026-08-11,,,,,,,,
RRX,2026-08-10,173.42,172.55,-0.0050167224080266415,2026-08-11,,,,,,,,
RS,2026-08-10,428.49,423.5,-0.011645545987070904,2026-08-11,,,,,,,,
RSBA,2026-08-10,20.74,20.68,-0.0028929604628735728,2026-08-11,,,,,,,,
RSBT,2026-08-10,18.87,18.82,-0.002649708532061479,2026-08-11,,,,,,,,
RSBY,2026-08-10,17.78,17.95,0.009561304836895212,2026-08-11,,,,,,,,
RSDE,2026-08-10,23.94,23.92,-0.0008354218880534114,2026-08-11,,,,,,,,
RSEE,2026-08-10,39.6,39.54,-0.0015151515151515804,2026-08-11,,,,,,,,
RSF,2026-08-10,14.57,14.56,-0.0006863417982154729,2026-08-11,,,,,,,,
RSG,2026-08-10,214.62,215.08,0.0021433230826577443,2026-08-11,,,,,,,,
RSI,2026-08-10,24.72,25.15,0.017394822006472577,2026-08-11,,,,,,,,
RSIT,2026-08-10,21.04,21.03,-0.000475285171102513,2026-08-11,,,,,,,,
RSJN,2026-08-10,37.96,38.02,0.0015806111696523573,2026-08-11,,,,,,,,
RSKD,2026-08-10,5.32,5.27,-0.009398496240601628,2026-08-11,,,,,,,,
RSMC,2026-08-10,29.03,29.13,0.003444712366517333,2026-08-11,,,,,,,,
RSMR,2026-08-10,24.15,24.17,0.0008281573498967187,2026-08-11,,,,,,,,
RSMV,2026-08-10,29.12,29.09,-0.0010302197802197766,2026-08-11,,,,,,,,
RSP,2026-08-10,220.22,220.69,0.0021342294069566226,2026-08-11,,,,,,,,
RSPA,2026-08-10,54.69,54.61,-0.0014627902724446695,2026-08-11,,,,,,,,
RSPC,2026-08-10,36.49,36.57,0.0021923814743765035,2026-08-11,,,,,,,,
RSPD,2026-08-10,58.3,58.35,0.0008576329331047017,2026-08-11,,,,,,,,
RSPE,2026-08-10,34.79,34.86,0.002012072434607548,2026-08-11,,,,,,,,
RSPF,2026-08-10,84.29,84.42,0.0015422944596037436,2026-08-11,,,,,,,,
RSPG,2026-08-10,107.93,109.4,0.013619938849254165,2026-08-11,,,,,,,,
RSPH,2026-08-10,36.01,36.03,0.0005554012774229289,2026-08-11,,,,,,,,
RSPM,2026-08-10,40.8,40.88,0.0019607843137257053,2026-08-11,,,,,,,,
RSPN,2026-08-10,64.45,64.85,0.006206361520558534,2026-08-11,,,,,,,,
RSPR,2026-08-10,36.3,36.09,-0.005785123966941974,2026-08-11,,,,,,,,
RSPS,2026-08-10,30.98,30.85,-0.004196255648805658,2026-08-11,,,,,,,,
RSPT,2026-08-10,64.57,64.58,0.00015487068297970197,2026-08-11,,,,,,,,
RSPU,2026-08-10,76.63,77.34,0.009265300796033049,2026-08-11,,,,,,,,
RSSB,2026-08-10,31.13,31.09,-0.0012849341471249387,2026-08-11,,,,,,,,
RSSE,2026-08-10,23.66,23.68,0.0008453085376161074,2026-08-11,,,,,,,,
RSSL,2026-08-10,117.36,117.73,0.0031526925698706076,2026-08-11,,,,,,,,
RSSS,2026-08-10,2.16,2.12,-0.01851851851851849,2026-08-11,,,,,,,,
RSST,2026-08-10,33.89,33.71,-0.005311301268810853,2026-08-11,,,,,,,,
RSSX,2026-08-10,25.8,25.59,-0.008139534883720989,2026-08-11,,,,,,,,
RSSY,2026-08-10,25.66,25.8,0.005455962587685104,2026-08-11,,,,,,,,
RSVR,2026-08-10,9.95,9.9,-0.005025125628140614,2026-08-11,,,,,,,,
RTAC,2026-08-10,10.45,10.45,0.0,2026-08-11,,,,,,,,
RTAI,2026-08-10,21.03,21.04,0.0004755111745124996,2026-08-11,,,,,,,,
RTB,2026-08-10,16.74,17.04,0.017921146953405076,2026-08-11,,,,,,,,
RTH,2026-08-10,274.42,272.97,-0.005283871437941845,2026-08-11,,,,,,,,
RTO,2026-08-10,24.29,24.56,0.011115685467270486,2026-08-11,,,,,,,,
RTOO,2026-08-10,25.41,25.66,0.009838646202282586,2026-08-11,,,,,,,,
RTRE,2026-08-10,24.51,24.51,0.0,2026-08-11,,,,,,,,
RTX,2026-08-10,224.12,223.86,-0.001160092807424573,2026-08-11,,,,,,,,
RTXG,2026-08-10,30.52,30.49,-0.000982961992136322,2026-08-11,,,,,,,,
RTYY,2026-08-10,9.49,9.56,0.007376185458377371,2026-08-11,,,,,,,,
RUBI,2026-08-10,2.23,2.27,0.017937219730941756,2026-08-11,,,,,,,,
RULE,2026-08-10,30.08,30.04,-0.0013297872340425343,2026-08-11,,,,,,,,
RUM,2026-08-10,6.21,6.92,0.11433172302737526,2026-08-11,,,,,,,,
RUN,2026-08-10,9.87,10.03,0.016210739614994862,2026-08-11,,,,,,,,
RUNN,2026-08-10,35.46,35.47,0.0002820078962211259,2026-08-11,,,,,,,,
RUSC,2026-08-10,38.65,38.69,0.0010349288486415364,2026-08-11,,,,,,,,
RUSHA,2026-08-10,80.2,81.59,0.017331670822942735,2026-08-11,,,,,,,,
RVER,2026-08-10,36.87,36.83,-0.0010848928668293345,2026-08-11,,,,,,,,
RVI,2026-08-10,28.22,28.1,-0.004252303330970819,2026-08-11,,,,,,,,
RVLV,2026-08-10,24.29,23.79,-0.020584602717167555,2026-08-11,,,,,,,,
RVMD,2026-08-10,206.97,205.55,-0.006860897714644598,2026-08-11,,,,,,,,
RVNL,2026-08-10,26.58,26.47,-0.004138449962377666,2026-08-11,,,,,,,,
RVNU,2026-08-10,24.84,24.76,-0.0032206119162639935,2026-08-11,,,,,,,,
RVP,2026-08-10,0.67,0.68,0.014925373134328401,2026-08-11,,,,,,,,
RVSB,2026-08-10,5.3,5.3,0.0,2026-08-11,,,,,,,,
RVSN,2026-08-10,4.61,4.65,0.008676789587852562,2026-08-11,,,,,,,,
RVT,2026-08-10,18.73,18.82,0.00480512546716505,2026-08-11,,,,,,,,
RVTY,2026-08-10,116.02,115.73,-0.002499569039820626,2026-08-11,,,,,,,,
RW,2026-08-10,25.89,25.87,-0.0007724990343761506,2026-08-11,,,,,,,,
RWAY,2026-08-10,6.63,6.7,0.010558069381598756,2026-08-11,,,,,,,,
RWEM,2026-08-10,35.75,36.08,0.009230769230769154,2026-08-11,,,,,,,,
RWIN,2026-08-10,27.56,27.57,0.0003628447024675019,2026-08-11,,,,,,,,
RWJ,2026-08-10,61.49,61.55,0.0009757684176288084,2026-08-11,,,,,,,,
RWK,2026-08-10,150.78,151.45,0.004443560153866377,2026-08-11,,,,,,,,
RWL,2026-08-10,134.76,134.69,-0.0005194419709112497,2026-08-11,,,,,,,,
RWLC,2026-08-10,38.62,38.48,-0.0036250647332988217,2026-08-11,,,,,,,,
RWM,2026-08-10,13.39,13.33,-0.004480955937266606,2026-08-11,,,,,,,,
RWO,2026-08-10,50.22,49.78,-0.008761449621664585,2026-08-11,,,,,,,,
RWR,2026-08-10,113.21,111.99,-0.010776433177281164,2026-08-11,,,,,,,,
RWT,2026-08-10,4.57,4.68,0.024070021881837933,2026-08-11,,,,,,,,
RWX,2026-08-10,27.85,27.88,0.0010771992818670029,2026-08-11,,,,,,,,
RXD,2026-08-10,15.11,15.24,0.008603573792190566,2026-08-11,,,,,,,,
RXI,2026-08-10,206.14,204.94,-0.005821286504317347,2026-08-11,,,,,,,,
RXL,2026-08-10,58.81,58.57,-0.004080938615881657,2026-08-11,,,,,,,,
RXO,2026-08-10,21.33,21.48,0.007032348804500765,2026-08-11,,,,,,,,
RXRX,2026-08-10,3.29,3.35,0.01823708206686936,2026-08-11,,,,,,,,
RXST,2026-08-10,6.57,7.04,0.07153729071537285,2026-08-11,,,,,,,,
RXT,2026-08-10,4.73,4.35,-0.08033826638477815,2026-08-11,,,,,,,,
RY,2026-08-10,210.79,210.26,-0.00251435077565354,2026-08-11,,,,,,,,
RYAAY,2026-08-10,59.51,59.37,-0.0023525457906233838,2026-08-11,,,,,,,,
RYAM,2026-08-10,8.77,8.72,-0.005701254275940593,2026-08-11,,,,,,,,
RYAN,2026-08-10,42.45,42.17,-0.006595995288574796,2026-08-11,,,,,,,,
RYDE,2026-08-10,0.79,0.78,-0.012658227848101222,2026-08-11,,,,,,,,
RYET,2026-08-10,1.08,1.1,0.0185185185185186,2026-08-11,,,,,,,,
RYLD,2026-08-10,16.32,16.35,0.0018382352941177516,2026-08-11,,,,,,,,
RYLG,2026-08-10,24.94,25.01,0.002806736166800272,2026-08-11,,,,,,,,
RYM,2026-08-10,21.9,20.95,-0.04337899543378998,2026-08-11,,,,,,,,
RYN,2026-08-10,21.69,21.45,-0.011065006915629394,2026-08-11,,,,,,,,
RYOJ,2026-08-10,4.99,5.13,0.028056112224448926,2026-08-11,,,,,,,,
RYTM,2026-08-10,115.48,112.85,-0.022774506408036133,2026-08-11,,,,,,,,
RYZ,2026-08-10,28.0,27.7,-0.010714285714285787,2026-08-11,,,,,,,,
RZG,2026-08-10,69.63,69.55,-0.0011489300588826135,2026-08-11,,,,,,,,
RZLT,2026-08-10,4.68,4.62,-0.012820512820512775,2026-08-11,,,,,,,,
RZLV,2026-08-10,2.75,2.78,0.010909090909090757,2026-08-11,,,,,,,,
RZV,2026-08-10,151.1,150.99,-0.0007279947054930069,2026-08-11,,,,,,,,
S,2026-08-10,22.23,22.46,0.010346378767431386,2026-08-11,,,,,,,,
SA,2026-08-10,31.25,32.03,0.024960000000000093,2026-08-11,,,,,,,,
SAA,2026-08-10,37.44,37.63,0.005074786324786418,2026-08-11,,,,,,,,
SAAQ,2026-08-10,10.15,10.19,0.003940886699507207,2026-08-11,,,,,,,,
SABA,2026-08-10,8.34,8.3,-0.004796163069544224,2026-08-11,,,,,,,,
SABR,2026-08-10,2.07,1.99,-0.03864734299516903,2026-08-11,,,,,,,,
SABS,2026-08-10,3.78,3.76,-0.005291005291005346,2026-08-11,,,,,,,,
SAC,2026-08-10,10.1,10.1,0.0,2026-08-11,,,,,,,,
SACH,2026-08-10,0.8,0.81,0.012499999999999956,2026-08-11,,,,,,,,
SAFE,2026-08-10,15.46,15.3,-0.010349288486416586,2026-08-11,,,,,,,,
SAFT,2026-08-10,103.4,103.36,-0.0003868471953578645,2026-08-11,,,,,,,,
SAFX,2026-08-10,0.45,0.45,0.0,2026-08-11,,,,,,,,
SAGP,2026-08-10,37.45,37.56,0.002937249666221664,2026-08-11,,,,,,,,
SAGT,2026-08-10,0.73,0.7,-0.04109589041095896,2026-08-11,,,,,,,,
SAGU,2026-08-10,9.94,9.94,0.0,2026-08-11,,,,,,,,
SAH,2026-08-10,80.02,80.61,0.007373156710822393,2026-08-11,,,,,,,,
SAIA,2026-08-10,355.77,356.96,0.0033448576327401724,2026-08-11,,,,,,,,
SAIC,2026-08-10,125.46,125.39,-0.0005579467559381213,2026-08-11,,,,,,,,
SAIH,2026-08-10,22.5,22.58,0.003555555555555534,2026-08-11,,,,,,,,
SAIL,2026-08-10,19.41,19.06,-0.01803194229778471,2026-08-11,,,,,,,,
SAM,2026-08-10,180.99,179.96,-0.005690922150395017,2026-08-11,,,,,,,,
SAMG,2026-08-10,9.92,10.03,0.011088709677419262,2026-08-11,,,,,,,,
SAMM,2026-08-10,31.57,31.69,0.003801076971808648,2026-08-11,,,,,,,,
SAMO-U,2026-08-10,9.94,9.94,0.0,2026-08-11,,,,,,,,
SAMT,2026-08-10,43.44,43.37,-0.0016114180478821183,2026-08-11,,,,,,,,
SAN,2026-08-10,14.69,14.71,0.001361470388019148,2026-08-11,,,,,,,,
SANA,2026-08-10,3.61,3.79,0.049861495844875314,2026-08-11,,,,,,,,
SANG,2026-08-10,4.14,4.15,0.0024154589371983004,2026-08-11,,,,,,,,
SANM,2026-08-10,199.15,202.75,0.018076826512678945,2026-08-11,,,,,,,,
SAP,2026-08-10,208.55,209.68,0.005418364900503514,2026-08-11,,,,,,,,
SAPH,2026-08-10,38.24,38.35,0.002876569037656873,2026-08-11,,,,,,,,
SAR,2026-08-10,19.73,19.58,-0.007602635580334582,2026-08-11,,,,,,,,
SARK,2026-08-10,26.69,26.62,-0.0026227051330086626,2026-08-11,,,,,,,,
SARO,2026-08-10,28.33,28.2,-0.004588775150017654,2026-08-11,,,,,,,,
SASS,2026-08-10,24.74,24.8,0.0024252223120453387,2026-08-11,,,,,,,,
SATA,2026-08-10,98.67,99.14,0.004763352589439496,2026-08-11,,,,,,,,
SATL,2026-08-10,5.33,5.75,0.07879924953095685,2026-08-11,,,,,,,,
SATO,2026-08-10,15.45,15.43,-0.0012944983818770073,2026-08-11,,,,,,,,
SAUG,2026-08-10,28.03,28.03,0.0,2026-08-11,,,,,,,,
SAWG,2026-08-10,24.65,24.52,-0.005273833671399553,2026-08-11,,,,,,,,
SAWS,2026-08-10,24.41,24.38,-0.0012290045063498845,2026-08-11,,,,,,,,
SB,2026-08-10,7.5,7.33,-0.022666666666666613,2026-08-11,,,,,,,,
SBAC,2026-08-10,181.05,181.97,0.005081469207401268,2026-08-11,,,,,,,,
SBAR,2026-08-10,25.73,25.7,-0.0011659541391372263,2026-08-11,,,,,,,,
SBB,2026-08-10,22.2,22.13,-0.003153153153153121,2026-08-11,,,,,,,,
SBC,2026-08-10,3.08,3.2,0.038961038961039085,2026-08-11,,,,,,,,
SBCF,2026-08-10,34.82,35.37,0.015795519816197423,2026-08-11,,,,,,,,
SBET,2026-08-10,6.18,6.23,0.008090614886731462,2026-08-11,,,,,,,,
SBEV,2026-08-10,0.41,0.35,-0.14634146341463417,2026-08-11,,,,,,,,
SBFG,2026-08-10,26.55,27.24,0.025988700564971712,2026-08-11,,,,,,,,
SBFM,2026-08-10,1.22,1.23,0.008196721311475308,2026-08-11,,,,,,,,
SBGI,2026-08-10,13.76,13.67,-0.006540697674418561,2026-08-11,,,,,,,,
SBH,2026-08-10,16.75,16.84,0.005373134328358287,2026-08-11,,,,,,,,
SBI,2026-08-10,7.65,7.63,-0.002614379084967422,2026-08-11,,,,,,,,
SBIL,2026-08-10,100.17,100.19,0.00019966057701892304,2026-08-11,,,,,,,,
SBIO,2026-08-10,67.12,67.1,-0.0002979737783076475,2026-08-11,,,,,,,,
SBIT,2026-08-10,56.54,57.45,0.016094800141492893,2026-08-11,,,,,,,,
SBLK,2026-08-10,28.42,27.67,-0.0263898662913441,2026-08-11,,,,,,,,
SBMT,2026-08-10,6.83,6.83,0.0,2026-08-11,,,,,,,,
SBND,2026-08-10,18.66,18.67,0.000535905680600246,2026-08-11,,,,,,,,
SBR,2026-08-10,72.77,72.64,-0.0017864504603545273,2026-08-11,,,,,,,,
SBRA,2026-08-10,20.67,19.85,-0.03967102080309626,2026-08-11,,,,,,,,
SBS,2026-08-10,5.21,5.03,-0.03454894433781186,2026-08-11,,,,,,,,
SBSI,2026-08-10,31.96,32.39,0.013454317897371615,2026-08-11,,,,,,,,
SBSW,2026-08-10,10.67,10.61,-0.005623242736644829,2026-08-11,,,,,,,,
SBTU,2026-08-10,2.34,2.38,0.017094017094017033,2026-08-11,,,,,,,,
SBUX,2026-08-10,104.65,106.66,0.01920688007644511,2026-08-11,,,,,,,,
SBXD,2026-08-10,10.82,10.82,0.0,2026-08-11,,,,,,,,
SBXE,2026-08-10,10.11,10.11,0.0,2026-08-11,,,,,,,,
SCA,2026-08-10,22.58,22.92,0.015057573073516517,2026-08-11,,,,,,,,
SCAG,2026-08-10,0.37,0.36,-0.027027027027027084,2026-08-11,,,,,,,,
SCAP,2026-08-10,38.73,39.16,0.011102504518461176,2026-08-11,,,,,,,,
SCAU,2026-08-10,25.19,25.25,0.002381897578404013,2026-08-11,,,,,,,,
SCC,2026-08-10,13.84,13.95,0.007947976878612595,2026-08-11,,,,,,,,
SCCO,2026-08-10,200.11,194.48,-0.028134526010694216,2026-08-11,,,,,,,,
SCCR,2026-08-10,25.08,25.11,0.0011961722488038617,2026-08-11,,,,,,,,
SCD,2026-08-10,15.64,15.7,0.0038363171355497716,2026-08-11,,,,,,,,
SCDL,2026-08-10,60.47,60.8,0.005457251529684015,2026-08-11,,,,,,,,
SCDS,2026-08-10,76.72,76.87,0.0019551616266946237,2026-08-11,,,,,,,,
SCDV,2026-08-10,28.11,28.15,0.0014229811454997687,2026-08-11,,,,,,,,
SCEC,2026-08-10,24.5,24.5,0.0,2026-08-11,,,,,,,,
SCEP,2026-08-10,25.6,25.51,-0.003515625000000022,2026-08-11,,,,,,,,
SCHA,2026-08-10,34.63,34.75,0.003465203580710341,2026-08-11,,,,,,,,
SCHB,2026-08-10,29.87,29.79,-0.0026782725142283637,2026-08-11,,,,,,,,
SCHC,2026-08-10,50.55,50.74,0.0037586547972305873,2026-08-11,,,,,,,,
SCHD,2026-08-10,34.19,34.27,0.0023398654577362343,2026-08-11,,,,,,,,
SCHE,2026-08-10,36.87,36.75,-0.0032546786004881145,2026-08-11,,,,,,,,
SCHF,2026-08-10,28.08,28.15,0.00249287749287741,2026-08-11,,,,,,,,
SCHG,2026-08-10,35.83,35.65,-0.005023723137036029,2026-08-11,,,,,,,,
SCHH,2026-08-10,23.77,23.55,-0.009255363904080771,2026-08-11,,,,,,,,
SCHI,2026-08-10,22.21,22.22,0.00045024763619982977,2026-08-11,,,,,,,,
SCHJ,2026-08-10,24.47,24.49,0.000817327339599494,2026-08-11,,,,,,,,
SCHK,2026-08-10,37.3,37.2,-0.002680965147452974,2026-08-11,,,,,,,,
SCHL,2026-08-10,42.78,41.33,-0.03389434315100526,2026-08-11,,,,,,,,
SCHM,2026-08-10,35.89,35.99,0.0027862914460852206,2026-08-11,,,,,,,,
SCHO,2026-08-10,24.05,24.06,0.0004158004158003603,2026-08-11,,,,,,,,
SCHP,2026-08-10,25.91,25.9,-0.0003859513701274242,2026-08-11,,,,,,,,
SCHQ,2026-08-10,29.87,29.93,0.002008704385671134,2026-08-11,,,,,,,,
SCHR,2026-08-10,24.37,24.39,0.0008206811653672652,2026-08-11,,,,,,,,
SCHV,2026-08-10,34.86,34.91,0.0014343086632242485,2026-08-11,,,,,,,,
SCHW,2026-08-10,107.99,107.7,-0.0026854338364662445,2026-08-11,,,,,,,,
SCHX,2026-08-10,30.52,30.43,-0.002948885976408855,2026-08-11,,,,,,,,
SCHY,2026-08-10,33.47,33.33,-0.004182850313713793,2026-08-11,,,,,,,,
SCHZ,2026-08-10,22.74,22.76,0.0008795074758136678,2026-08-11,,,,,,,,
SCI,2026-08-10,83.4,83.35,-0.0005995203836931529,2026-08-11,,,,,,,,
SCII,2026-08-10,10.11,10.06,-0.004945598417408381,2026-08-11,,,,,,,,
SCIO,2026-08-10,20.58,20.59,0.0004859086491739717,2026-08-11,,,,,,,,
SCJ,2026-08-10,108.52,108.55,0.00027644673792859287,2026-08-11,,,,,,,,
SCJL,2026-08-10,25.22,25.28,0.0023790642347343294,2026-08-11,,,,,,,,
SCJN,2026-08-10,25.74,25.79,0.0019425019425018952,2026-08-11,,,,,,,,
SCKT,2026-08-10,2.13,1.39,-0.3474178403755869,2026-08-11,,,,,,,,
SCL,2026-08-10,64.86,65.05,0.002929386370644327,2026-08-11,,,,,,,,
SCLX,2026-08-10,6.69,6.71,0.002989536621823552,2026-08-11,,,,,,,,
SCLZ,2026-08-10,56.88,56.81,-0.0012306610407876173,2026-08-11,,,,,,,,
SCM,2026-08-10,8.47,8.8,0.03896103896103886,2026-08-11,,,,,,,,
SCMB,2026-08-10,25.38,25.38,0.0,2026-08-11,,,,,,,,
SCMC,2026-08-10,24.91,24.92,0.0004014452027298887,2026-08-11,,,,,,,,
SCMY,2026-08-10,25.86,25.91,0.0019334880123742515,2026-08-11,,,,,,,,
SCNI,2026-08-10,0.25,0.24,-0.040000000000000036,2026-08-11,,,,,,,,
SCNM,2026-08-10,24.83,24.84,0.000402738622633958,2026-08-11,,,,,,,,
SCNX,2026-08-10,0.41,0.41,0.0,2026-08-11,,,,,,,,
SCO,2026-08-10,26.2,25.83,-0.014122137404580237,2026-08-11,,,,,,,,
SCOP,2026-08-10,11.71,11.75,0.0034158838599487318,2026-08-11,,,,,,,,
SCOR,2026-08-10,7.0,7.17,0.024285714285714244,2026-08-11,,,,,,,,
SCOW,2026-08-10,23.4,23.36,-0.0017094017094017033,2026-08-11,,,,,,,,
SCPQ,2026-08-10,10.02,10.02,0.0,2026-08-11,,,,,,,,
SCSB,2026-08-10,24.82,24.85,0.001208702659145855,2026-08-11,,,,,,,,
SCSC,2026-08-10,53.99,51.85,-0.03963696980922393,2026-08-11,,,,,,,,
SCTX,2026-08-10,24.93,23.44,-0.059767348576012735,2026-08-11,,,,,,,,
SCUB,2026-08-10,25.01,25.06,0.0019992003198718855,2026-08-11,,,,,,,,
SCUS,2026-08-10,25.13,25.13,0.0,2026-08-11,,,,,,,,
SCWO,2026-08-10,2.15,2.32,0.07906976744186034,2026-08-11,,,,,,,,
SCYB,2026-08-10,25.99,26.0,0.0003847633705271747,2026-08-11,,,,,,,,
SCYX,2026-08-10,5.16,4.84,-0.06201550387596899,2026-08-11,,,,,,,,
SCZ,2026-08-10,86.13,86.2,0.0008127249506559853,2026-08-11,,,,,,,,
SCZM,2026-08-10,8.98,9.06,0.008908685968819663,2026-08-11,,,,,,,,
SD,2026-08-10,14.37,14.32,-0.003479471120389599,2026-08-11,,,,,,,,
SDA,2026-08-10,0.8,0.8,0.0,2026-08-11,,,,,,,,
SDCI,2026-08-10,29.36,29.42,0.002043596730245234,2026-08-11,,,,,,,,
SDCP,2026-08-10,25.55,25.55,0.0,2026-08-11,,,,,,,,
SDD,2026-08-10,8.08,8.03,-0.006188118811881305,2026-08-11,,,,,,,,
SDEM,2026-08-10,33.03,32.66,-0.011201937632455472,2026-08-11,,,,,,,,
SDEV,2026-08-10,1.02,1.04,0.019607843137254832,2026-08-11,,,,,,,,
SDFI,2026-08-10,35.36,35.36,0.0,2026-08-11,,,,,,,,
SDG,2026-08-10,91.39,91.46,0.0007659481343691432,2026-08-11,,,,,,,,
SDGR,2026-08-10,18.77,18.65,-0.006393180607352167,2026-08-11,,,,,,,,
SDHC,2026-08-10,13.88,14.39,0.036743515850144126,2026-08-11,,,,,,,,
SDHI,2026-08-10,10.48,10.48,0.0,2026-08-11,,,,,,,,
SDHY,2026-08-10,16.29,16.34,0.0030693677102517913,2026-08-11,,,,,,,,
SDIV,2026-08-10,24.65,24.54,-0.0044624746450303565,2026-08-11,,,,,,,,
SDMF,2026-08-10,26.13,26.05,-0.003061615001913487,2026-08-11,,,,,,,,
SDOG,2026-08-10,72.54,72.85,0.004273504273504036,2026-08-11,,,,,,,,
SDOT,2026-08-10,12.51,12.27,-0.01918465227817745,2026-08-11,,,,,,,,
SDOW,2026-08-10,22.09,22.31,0.00995925758261662,2026-08-11,,,,,,,,
SDP,2026-08-10,23.83,23.31,-0.02182123373898448,2026-08-11,,,,,,,,
SDRL,2026-08-10,46.76,46.7,-0.001283147989734723,2026-08-11,,,,,,,,
SDS,2026-08-10,53.37,53.74,0.006932733745550035,2026-08-11,,,,,,,,
SDSI,2026-08-10,51.11,51.14,0.0005869692819409078,2026-08-11,,,,,,,,
SDST,2026-08-10,0.69,0.71,0.02898550724637694,2026-08-11,,,,,,,,
SDTY,2026-08-10,42.02,41.85,-0.004045692527367972,2026-08-11,,,,,,,,
SDUR,2026-08-10,25.07,25.08,0.0003988831272436766,2026-08-11,,,,,,,,
SDVD,2026-08-10,23.98,23.99,0.0004170141784820558,2026-08-11,,,,,,,,
SDVY,2026-08-10,44.46,44.51,0.0011246063877641266,2026-08-11,,,,,,,,
SDY,2026-08-10,157.52,157.92,0.002539360081259323,2026-08-11,,,,,,,,
SE,2026-08-10,114.8,131.51,0.1455574912891986,2026-08-11,,,,,,,,
SEA,2026-08-10,18.32,18.24,-0.004366812227074357,2026-08-11,,,,,,,,
SEAT,2026-08-10,7.35,7.51,0.02176870748299331,2026-08-11,,,,,,,,
SEB,2026-08-10,4239.16,4169.64,-0.01639947536776143,2026-08-11,,,,,,,,
SECR,2026-08-10,25.03,25.05,0.0007990411506193507,2026-08-11,,,,,,,,
SECT,2026-08-10,72.66,72.67,0.00013762730525734845,2026-08-11,,,,,,,,
SECU,2026-08-10,49.53,49.58,0.0010094891984655519,2026-08-11,,,,,,,,
SECZ,2026-08-10,6.92,7.39,0.06791907514450868,2026-08-11,,,,,,,,
SEDG,2026-08-10,32.21,33.31,0.03415088481837936,2026-08-11,,,,,,,,
SEED,2026-08-10,1.07,1.03,-0.03738317757009346,2026-08-11,,,,,,,,
SEEM,2026-08-10,38.26,38.35,0.002352326189231757,2026-08-11,,,,,,,,
SEER,2026-08-10,2.16,2.16,0.0,2026-08-11,,,,,,,,
SEF,2026-08-10,29.23,29.22,-0.0003421142661649279,2026-08-11,,,,,,,,
SEG,2026-08-10,28.88,29.23,0.012119113573407336,2026-08-11,,,,,,,,
SEGG,2026-08-10,2.5,2.46,-0.016000000000000014,2026-08-11,,,,,,,,
SEI,2026-08-10,58.6,58.79,0.0032423208191125763,2026-08-11,,,,,,,,
SEIC,2026-08-10,104.72,104.63,-0.000859434682964122,2026-08-11,,,,,,,,
SEIE,2026-08-10,37.03,37.04,0.0002700513097488866,2026-08-11,,,,,,,,
SEIM,2026-08-10,54.78,54.63,-0.0027382256297918683,2026-08-11,,,,,,,,
SEIQ,2026-08-10,42.29,42.16,-0.003074012768976231,2026-08-11,,,,,,,,
SEIS,2026-08-10,33.19,33.21,0.0006025911419103025,2026-08-11,,,,,,,,
SEIV,2026-08-10,50.62,50.55,-0.0013828526274199948,2026-08-11,,,,,,,,
SEIX,2026-08-10,23.26,23.28,0.0008598452278589797,2026-08-11,,,,,,,,
SELF,2026-08-10,5.21,5.1,-0.021113243761996192,2026-08-11,,,,,,,,
SELV,2026-08-10,34.81,34.78,-0.0008618213157138843,2026-08-11,,,,,,,,
SEMG,2026-08-10,28.2,28.09,-0.0039007092198581894,2026-08-11,,,,,,,,
SEMI,2026-08-10,38.54,38.49,-0.0012973533990657815,2026-08-11,,,,,,,,
SEMY,2026-08-10,13.84,13.86,0.0014450867052022698,2026-08-11,,,,,,,,
SENEA,2026-08-10,179.71,184.42,0.02620889210394517,2026-08-11,,,,,,,,
SENS,2026-08-10,7.54,7.87,0.04376657824933683,2026-08-11,,,,,,,,
SEPI,2026-08-10,28.7,28.79,0.003135888501742068,2026-08-11,,,,,,,,
SEPM,2026-08-10,33.16,33.16,0.0,2026-08-11,,,,,,,,
SEPN,2026-08-10,38.85,47.76,0.22934362934362928,2026-08-11,,,,,,,,
SEPP,2026-08-10,33.04,33.02,-0.000605326876513157,2026-08-11,,,,,,,,
SEPT,2026-08-10,38.24,38.24,0.0,2026-08-11,,,,,,,,
SEPU,2026-08-10,31.98,31.89,-0.0028142589118198558,2026-08-11,,,,,,,,
SEPW,2026-08-10,33.78,33.79,0.00029603315571336,2026-08-11,,,,,,,,
SEPZ,2026-08-10,46.68,46.57,-0.0023564695801199242,2026-08-11,,,,,,,,
SER,2026-08-10,2.67,2.78,0.041198501872659055,2026-08-11,,,,,,,,
SERA,2026-08-10,2.01,1.99,-0.00995024875621886,2026-08-11,,,,,,,,
SERV,2026-08-10,4.92,4.9,-0.004065040650406471,2026-08-11,,,,,,,,
SES,2026-08-10,0.53,0.56,0.05660377358490565,2026-08-11,,,,,,,,
SETH,2026-08-10,44.64,44.57,-0.0015681003584229192,2026-08-11,,,,,,,,
SETM,2026-08-10,33.31,33.26,-0.001501050735514986,2026-08-11,,,,,,,,
SEUS,2026-08-10,26.25,26.1,-0.005714285714285672,2026-08-11,,,,,,,,
SEV,2026-08-10,2.14,2.19,0.023364485981308247,2026-08-11,,,,,,,,
SEVN,2026-08-10,7.49,7.58,0.012016021361815676,2026-08-11,,,,,,,,
SEZL,2026-08-10,118.0,128.27,0.0870338983050849,2026-08-11,,,,,,,,
SF,2026-08-10,83.68,84.4,0.008604206500955947,2026-08-11,,,,,,,,
SFBC,2026-08-10,46.41,46.43,0.0004309416074121941,2026-08-11,,,,,,,,
SFBS,2026-08-10,88.45,89.28,0.00938383267382692,2026-08-11,,,,,,,,
SFD,2026-08-10,24.44,23.88,-0.022913256955810257,2026-08-11,,,,,,,,
SFEB,2026-08-10,26.49,26.51,0.0007550018875048803,2026-08-11,,,,,,,,
SFGV,2026-08-10,36.59,36.57,-0.0005465974309921684,2026-08-11,,,,,,,,
SFHG,2026-08-10,2.32,2.35,0.012931034482758674,2026-08-11,,,,,,,,
SFIX,2026-08-10,3.97,3.74,-0.057934508816120944,2026-08-11,,,,,,,,
SFL,2026-08-10,11.89,11.55,-0.028595458368376736,2026-08-11,,,,,,,,
SFLO,2026-08-10,38.99,38.8,-0.00487304437035152,2026-08-11,,,,,,,,
SFLR,2026-08-10,39.02,39.02,0.0,2026-08-11,,,,,,,,
SFM,2026-08-10,85.33,84.4,-0.01089886323684508,2026-08-11,,,,,,,,
SFNC,2026-08-10,23.53,23.7,0.007224819379515468,2026-08-11,,,,,,,,
SFST,2026-08-10,62.75,63.62,0.013864541832669275,2026-08-11,,,,,,,,
SFTX,2026-08-10,31.09,31.15,0.0019298809906722614,2026-08-11,,,,,,,,
SFTY,2026-08-10,31.97,31.81,-0.005004691898655045,2026-08-11,,,,,,,,
SFWL,2026-08-10,0.83,0.89,0.07228915662650603,2026-08-11,,,,,,,,
SFY,2026-08-10,153.05,152.72,-0.002156158118262086,2026-08-11,,,,,,,,
SFYF,2026-08-10,63.06,62.65,-0.006501744370440932,2026-08-11,,,,,,,,
SFYI,2026-08-10,25.05,24.95,-0.003992015968063978,2026-08-11,,,,,,,,
SG,2026-08-10,5.45,5.39,-0.011009174311926717,2026-08-11,,,,,,,,
SGA,2026-08-10,9.65,9.86,0.021761658031087983,2026-08-11,,,,,,,,
SGC,2026-08-10,12.89,12.8,-0.006982156710628407,2026-08-11,,,,,,,,
SGDJ,2026-08-10,93.39,91.72,-0.017882000214155758,2026-08-11,,,,,,,,
SGDM,2026-08-10,74.69,74.78,0.0012049805864238206,2026-08-11,,,,,,,,
SGHC,2026-08-10,12.9,12.97,0.005426356589147252,2026-08-11,,,,,,,,
SGHT,2026-08-10,7.7,7.75,0.006493506493506551,2026-08-11,,,,,,,,
SGI,2026-08-10,64.82,65.24,0.00647948164146861,2026-08-11,,,,,,,,
SGLC,2026-08-10,45.82,45.66,-0.0034919249236142758,2026-08-11,,,,,,,,
SGLY,2026-08-10,8.55,6.15,-0.2807017543859649,2026-08-11,,,,,,,,
SGML,2026-08-10,11.76,11.84,0.006802721088435382,2026-08-11,,,,,,,,
SGMT,2026-08-10,9.57,9.52,-0.0052246603970742544,2026-08-11,,,,,,,,
SGOL,2026-08-10,41.8,41.62,-0.0043062200956938135,2026-08-11,,,,,,,,
SGOV,2026-08-10,100.5,100.51,9.95024875622974e-05,2026-08-11,,,,,,,,
SGP,2026-08-10,25.16,24.85,-0.012321144674085849,2026-08-11,,,,,,,,
SGRT,2026-08-10,31.54,31.49,-0.0015852885225111635,2026-08-11,,,,,,,,
SGRW,2026-08-10,26.33,26.45,0.004557538928978477,2026-08-11,,,,,,,,
SGRY,2026-08-10,15.95,15.0,-0.059561128526645746,2026-08-11,,,,,,,,
SGU,2026-08-10,12.68,12.63,-0.003943217665615006,2026-08-11,,,,,,,,
SGVA,2026-08-10,100.58,100.6,0.00019884668920266968,2026-08-11,,,,,,,,
SGVT,2026-08-10,100.58,100.59,9.942334460144586e-05,2026-08-11,,,,,,,,
SH,2026-08-10,32.07,32.19,0.0037418147801682178,2026-08-11,,,,,,,,
SHAG,2026-08-10,47.21,47.23,0.00042363905952114145,2026-08-11,,,,,,,,
SHAK,2026-08-10,71.45,71.77,0.004478656403078984,2026-08-11,,,,,,,,
SHAZ,2026-08-10,52.7,56.58,0.07362428842504731,2026-08-11,,,,,,,,
SHBI,2026-08-10,23.6,23.83,0.009745762711864225,2026-08-11,,,,,,,,
SHC,2026-08-10,18.97,19.11,0.0073800738007381295,2026-08-11,,,,,,,,
SHDG,2026-08-10,33.56,33.5,-0.0017878426698451078,2026-08-11,,,,,,,,
SHE,2026-08-10,159.8,159.97,0.0010638297872340718,2026-08-11,,,,,,,,
SHEH,2026-08-10,64.53,65.01,0.007438400743840168,2026-08-11,,,,,,,,
SHEL,2026-08-10,89.95,90.5,0.00611450806003333,2026-08-11,,,,,,,,
SHEN,2026-08-10,13.31,13.37,0.00450788880540931,2026-08-11,,,,,,,,
SHFS,2026-08-10,0.18,0.18,0.0,2026-08-11,,,,,,,,
SHG,2026-08-10,74.03,73.15,-0.011887072808320909,2026-08-11,,,,,,,,
SHIM,2026-08-10,4.2,3.94,-0.06190476190476191,2026-08-11,,,,,,,,
SHIP,2026-08-10,16.08,15.92,-0.00995024875621886,2026-08-11,,,,,,,,
SHLD,2026-08-10,69.85,69.45,-0.005726556907659108,2026-08-11,,,,,,,,
SHLS,2026-08-10,8.56,8.73,0.01985981308411211,2026-08-11,,,,,,,,
SHM,2026-08-10,47.68,47.73,0.0010486577181207934,2026-08-11,,,,,,,,
SHMD,2026-08-10,4.9,5.0,0.020408163265306145,2026-08-11,,,,,,,,
SHNY,2026-08-10,9.94,9.85,-0.00905432595573441,2026-08-11,,,,,,,,
SHO,2026-08-10,10.8,10.64,-0.014814814814814836,2026-08-11,,,,,,,,
SHOC,2026-08-10,106.08,106.63,0.0051847662141779605,2026-08-11,,,,,,,,
SHOE,2026-08-10,16.11,15.76,-0.021725636250775948,2026-08-11,,,,,,,,
SHOO,2026-08-10,48.88,48.29,-0.012070376432078644,2026-08-11,,,,,,,,
SHOP,2026-08-10,155.18,152.61,-0.016561412553164012,2026-08-11,,,,,,,,
SHOT,2026-08-10,9.83,9.84,0.0010172939979653517,2026-08-11,,,,,,,,
SHOTU,2026-08-10,10.0,9.96,-0.0039999999999998925,2026-08-11,,,,,,,,
SHPH,2026-08-10,4.07,4.31,0.05896805896805879,2026-08-11,,,,,,,,
SHPP,2026-08-10,34.97,35.02,0.00142979696883061,2026-08-11,,,,,,,,
SHPU,2026-08-10,19.25,18.61,-0.0332467532467533,2026-08-11,,,,,,,,
SHRD,2026-08-10,24.7,24.72,0.0008097165991902688,2026-08-11,,,,,,,,
SHRT,2026-08-10,6.47,6.44,-0.004636785162287382,2026-08-11,,,,,,,,
SHRY,2026-08-10,47.08,47.12,0.000849617672047609,2026-08-11,,,,,,,,
SHV,2026-08-10,110.16,110.17,9.077705156146365e-05,2026-08-11,,,,,,,,
SHW,2026-08-10,362.71,364.42,0.004714510214772316,2026-08-11,,,,,,,,
SHY,2026-08-10,81.86,81.87,0.00012215978499874325,2026-08-11,,,,,,,,
SHYD,2026-08-10,22.68,22.69,0.00044091710758387137,2026-08-11,,,,,,,,
SHYG,2026-08-10,42.11,42.13,0.0004749465685112142,2026-08-11,,,,,,,,
SHYL,2026-08-10,44.05,44.04,-0.00022701475595909848,2026-08-11,,,,,,,,
SHYM,2026-08-10,22.13,22.17,0.0018075011296883048,2026-08-11,,,,,,,,
SI,2026-08-10,20.75,19.63,-0.05397590361445792,2026-08-11,,,,,,,,
SIBN,2026-08-10,18.84,18.8,-0.002123142250530785,2026-08-11,,,,,,,,
SID,2026-08-10,0.9,0.87,-0.033333333333333326,2026-08-11,,,,,,,,
SIDU,2026-08-10,2.33,2.6,0.11587982832618016,2026-08-11,,,,,,,,
SIEB,2026-08-10,1.67,1.68,0.0059880239520957446,2026-08-11,,,,,,,,
SIF,2026-08-10,21.8,20.85,-0.04357798165137616,2026-08-11,,,,,,,,
SIFI,2026-08-10,43.35,43.36,0.000230680507496972,2026-08-11,,,,,,,,
SIFY,2026-08-10,15.64,15.54,-0.006393861892583175,2026-08-11,,,,,,,,
SIG,2026-08-10,94.48,94.72,0.002540220152413175,2026-08-11,,,,,,,,
SIGA,2026-08-10,2.93,2.88,-0.017064846416382395,2026-08-11,,,,,,,,
SIGI,2026-08-10,94.94,94.01,-0.009795660417105445,2026-08-11,,,,,,,,
SIHY,2026-08-10,45.31,45.31,0.0,2026-08-11,,,,,,,,
SII,2026-08-10,115.49,122.6,0.06156377175513028,2026-08-11,,,,,,,,
SIJ,2026-08-10,15.62,15.38,-0.015364916773367376,2026-08-11,,,,,,,,
SIL,2026-08-10,90.28,90.8,0.005759858218874481,2026-08-11,,,,,,,,
SILC,2026-08-10,41.79,45.91,0.09858817899018901,2026-08-11,,,,,,,,
SILJ,2026-08-10,29.87,30.06,0.006360897221292294,2026-08-11,,,,,,,,
SILO,2026-08-10,3.78,3.56,-0.05820105820105814,2026-08-11,,,,,,,,
SIM,2026-08-10,30.79,30.79,0.0,2026-08-11,,,,,,,,
SIMA,2026-08-10,10.92,10.93,0.0009157509157509125,2026-08-11,,,,,,,,
SIMAU,2026-08-10,10.85,10.95,0.009216589861751112,2026-08-11,,,,,,,,
SIMO,2026-08-10,230.61,224.0,-0.028663110879840525,2026-08-11,,,,,,,,
SIMS,2026-08-10,45.48,45.97,0.010773966578715877,2026-08-11,,,,,,,,
SIMX,2026-08-10,10.84,10.23,-0.056273062730627266,2026-08-11,,,,,,,,
SIND,2026-08-10,16.21,16.32,0.006785934608266375,2026-08-11,,,,,,,,
SINT,2026-08-10,1.7,1.77,0.04117647058823537,2026-08-11,,,,,,,,
SIO,2026-08-10,25.36,25.35,-0.0003943217665614007,2026-08-11,,,,,,,,
SION,2026-08-10,4.5,5.1,0.1333333333333333,2026-08-11,,,,,,,,
SIOO,2026-08-10,19.93,19.9,-0.0015052684395384652,2026-08-11,,,,,,,,
SIRI,2026-08-10,28.78,28.51,-0.009381514940931202,2026-08-11,,,,,,,,
SITC,2026-08-10,3.02,2.96,-0.019867549668874163,2026-08-11,,,,,,,,
SITE,2026-08-10,99.41,98.97,-0.00442611407303084,2026-08-11,,,,,,,,
SITM,2026-08-10,689.96,667.1,-0.033132355498869503,2026-08-11,,,,,,,,
SIVR,2026-08-10,62.44,61.56,-0.014093529788597015,2026-08-11,,,,,,,,
SIXA,2026-08-10,57.31,57.35,0.0006979584714710274,2026-08-11,,,,,,,,
SIXD,2026-08-10,31.47,31.43,-0.0012710517953606892,2026-08-11,,,,,,,,
SIXF,2026-08-10,35.08,35.06,-0.0005701254275939371,2026-08-11,,,,,,,,
SIXH,2026-08-10,43.58,43.66,0.0018357044515833199,2026-08-11,,,,,,,,
SIXJ,2026-08-10,37.25,37.18,-0.0018791946308724938,2026-08-11,,,,,,,,
SIXL,2026-08-10,39.71,39.64,-0.00176278015613196,2026-08-11,,,,,,,,
SIXO,2026-08-10,36.3,36.3,0.0,2026-08-11,,,,,,,,
SIXP,2026-08-10,34.33,34.33,0.0,2026-08-11,,,,,,,,
SIXS,2026-08-10,58.58,58.47,-0.0018777739842950059,2026-08-11,,,,,,,,
SIXZ,2026-08-10,32.15,32.13,-0.0006220839813373402,2026-08-11,,,,,,,,
SIZE,2026-08-10,184.26,185.08,0.004450233365896228,2026-08-11,,,,,,,,
SJ,2026-08-10,0.82,0.82,0.0,2026-08-11,,,,,,,,
SJB,2026-08-10,15.17,15.17,0.0,2026-08-11,,,,,,,,
SJCP,2026-08-10,25.0,25.03,0.0012000000000000899,2026-08-11,,,,,,,,
SJLD,2026-08-10,25.23,25.23,0.0,2026-08-11,,,,,,,,
SJM,2026-08-10,118.07,117.34,-0.006182772931311864,2026-08-11,,,,,,,,
SJNK,2026-08-10,24.83,24.84,0.000402738622633958,2026-08-11,,,,,,,,
SJT,2026-08-10,2.6,2.7,0.03846153846153855,2026-08-11,,,,,,,,
SK,2026-08-10,16.47,18.05,0.09593199757134196,2026-08-11,,,,,,,,
SKAIU,2026-08-10,,,,2026-08-11,,,,,,,,
SKDD,2026-08-10,16.04,14.55,-0.0928927680798004,2026-08-11,,,,,,,,
SKE,2026-08-10,33.06,33.32,0.007864488808227321,2026-08-11,,,,,,,,
SKF,2026-08-10,22.53,22.56,0.0013315579227695107,2026-08-11,,,,,,,,
SKHA,2026-08-10,21.31,23.08,0.08305959643359917,2026-08-11,,,,,,,,
SKHL,2026-08-10,6.4,6.98,0.09062499999999996,2026-08-11,,,,,,,,
SKHN,2026-08-10,23.45,21.35,-0.08955223880597007,2026-08-11,,,,,,,,
SKHU,2026-08-10,13.01,14.23,0.09377401998462731,2026-08-11,,,,,,,,
SKHX,2026-08-10,9.89,10.82,0.09403437815975724,2026-08-11,,,,,,,,
SKHY,2026-08-10,135.29,141.65,0.04701012639515123,2026-08-11,,,,,,,,
SKHZ,2026-08-10,13.94,13.27,-0.04806312769010046,2026-08-11,,,,,,,,
SKIL,2026-08-10,9.31,9.41,0.01074113856068748,2026-08-11,,,,,,,,
SKIN,2026-08-10,0.64,0.7,0.09375,2026-08-11,,,,,,,,
SKK,2026-08-10,4.5,4.5,0.0,2026-08-11,,,,,,,,
SKM,2026-08-10,33.29,33.67,0.011414839291078449,2026-08-11,,,,,,,,
SKOR,2026-08-10,47.88,47.92,0.0008354218880535225,2026-08-11,,,,,,,,
SKRE,2026-08-10,6.09,5.95,-0.02298850574712641,2026-08-11,,,,,,,,
SKT,2026-08-10,38.65,38.56,-0.0023285899094436235,2026-08-11,,,,,,,,
SKUU,2026-08-10,16.5,18.04,0.09333333333333327,2026-08-11,,,,,,,,
SKWD,2026-08-10,62.0,61.66,-0.005483870967741944,2026-08-11,,,,,,,,
SKY,2026-08-10,92.99,94.17,0.012689536509302046,2026-08-11,,,,,,,,
SKYA,2026-08-10,1.25,1.16,-0.07200000000000006,2026-08-11,,,,,,,,
SKYE,2026-08-10,0.53,0.54,0.018867924528301883,2026-08-11,,,,,,,,
SKYH,2026-08-10,11.1,11.21,0.00990990990991003,2026-08-11,,,,,,,,
SKYQ,2026-08-10,3.73,3.52,-0.05630026809651478,2026-08-11,,,,,,,,
SKYT,2026-08-10,32.46,32.46,0.0,2026-08-11,,,,,,,,
SKYU,2026-08-10,50.84,50.98,0.0027537372147914407,2026-08-11,,,,,,,,
SKYW,2026-08-10,107.67,107.92,0.0023219095384043875,2026-08-11,,,,,,,,
SKYX,2026-08-10,1.22,1.23,0.008196721311475308,2026-08-11,,,,,,,,
SKYY,2026-08-10,160.78,161.09,0.0019281005100137971,2026-08-11,,,,,,,,
SLAB,2026-08-10,218.43,218.94,0.0023348441148194343,2026-08-11,,,,,,,,
SLB,2026-08-10,53.2,53.68,0.009022556390977376,2026-08-11,,,,,,,,
SLBT,2026-08-10,2.83,2.67,-0.0565371024734983,2026-08-11,,,,,,,,
SLDB,2026-08-10,8.56,8.85,0.0338785046728971,2026-08-11,,,,,,,,
SLDE,2026-08-10,20.66,20.62,-0.0019361084220715918,2026-08-11,,,,,,,,
SLDP,2026-08-10,2.35,2.41,0.025531914893617058,2026-08-11,,,,,,,,
SLDR,2026-08-10,49.62,49.63,0.00020153164046776695,2026-08-11,,,,,,,,
SLE,2026-08-10,3.04,3.06,0.006578947368421018,2026-08-11,,,,,,,,
SLF,2026-08-10,82.63,80.6,-0.024567348420670432,2026-08-11,,,,,,,,
SLG,2026-08-10,55.05,55.75,0.012715712988192518,2026-08-11,,,,,,,,
SLGB,2026-08-10,0.63,0.63,0.0,2026-08-11,,,,,,,,
SLGL,2026-08-10,84.74,77.92,-0.08048147274014628,2026-08-11,,,,,,,,
SLGN,2026-08-10,41.15,41.17,0.000486026731470357,2026-08-11,,,,,,,,
SLI,2026-08-10,2.53,2.45,-0.03162055335968361,2026-08-11,,,,,,,,
SLJY,2026-08-10,30.73,30.6,-0.004230393752033823,2026-08-11,,,,,,,,
SLM,2026-08-10,27.32,27.16,-0.005856515373352855,2026-08-11,,,,,,,,
SLMT,2026-08-10,3.98,3.91,-0.017587939698492372,2026-08-11,,,,,,,,
SLN,2026-08-10,15.43,14.72,-0.04601425793907965,2026-08-11,,,,,,,,
SLND,2026-08-10,0.61,0.71,0.16393442622950816,2026-08-11,,,,,,,,
SLNG,2026-08-10,5.01,5.16,0.029940119760479167,2026-08-11,,,,,,,,
SLNH,2026-08-10,1.2,1.27,0.05833333333333335,2026-08-11,,,,,,,,
SLNZ,2026-08-10,45.76,45.77,0.0002185314685316797,2026-08-11,,,,,,,,
SLON,2026-08-10,18.74,18.45,-0.01547491995731054,2026-08-11,,,,,,,,
SLP,2026-08-10,18.35,18.31,-0.0021798365122617236,2026-08-11,,,,,,,,
SLQD,2026-08-10,50.06,50.08,0.0003995205753095643,2026-08-11,,,,,,,,
SLQT,2026-08-10,0.7,0.69,-0.014285714285714346,2026-08-11,,,,,,,,
SLRC,2026-08-10,12.97,12.94,-0.0023130300693909867,2026-08-11,,,,,,,,
SLS,2026-08-10,11.04,11.05,0.0009057971014494459,2026-08-11,,,,,,,,
SLSN,2026-08-10,1.03,1.02,-0.009708737864077666,2026-08-11,,,,,,,,
SLSR,2026-08-10,8.25,8.13,-0.014545454545454417,2026-08-11,,,,,,,,
SLTY,2026-08-10,21.32,21.24,-0.0037523452157599557,2026-08-11,,,,,,,,
SLV,2026-08-10,59.41,58.55,-0.014475677495371153,2026-08-11,,,,,,,,
SLVM,2026-08-10,40.3,39.75,-0.013647642679900707,2026-08-11,,,,,,,,
SLVO,2026-08-10,69.04,68.79,-0.003621089223638463,2026-08-11,,,,,,,,
SLVP,2026-08-10,37.08,37.1,0.0005393743257822159,2026-08-11,,,,,,,,
SLVR,2026-08-10,59.98,59.84,-0.002334111370456693,2026-08-11,,,,,,,,
SLVX,2026-08-10,15.63,15.66,0.0019193857965451588,2026-08-11,,,,,,,,
SLVY,2026-08-10,22.3,22.02,-0.012556053811659251,2026-08-11,,,,,,,,
SLWS,2026-08-10,101.18,101.15,-0.0002965012848389348,2026-08-11,,,,,,,,
SLX,2026-08-10,110.07,109.34,-0.006632143181611649,2026-08-11,,,,,,,,
SLXN,2026-08-10,1.5,1.03,-0.31333333333333335,2026-08-11,,,,,,,,
SLYG,2026-08-10,117.44,117.67,0.001958446866485053,2026-08-11,,,,,,,,
SLYV,2026-08-10,110.25,110.54,0.002630385487528475,2026-08-11,,,,,,,,
SM,2026-08-10,31.76,32.51,0.023614609571788403,2026-08-11,,,,,,,,
SMA,2026-08-10,33.99,34.03,0.0011768167107972793,2026-08-11,,,,,,,,
SMAX,2026-08-10,28.17,28.17,0.0,2026-08-11,,,,,,,,
SMAY,2026-08-10,28.54,28.6,0.0021023125437982237,2026-08-11,,,,,,,,
SMB,2026-08-10,17.25,17.27,0.001159420289855051,2026-08-11,,,,,,,,
SMBC,2026-08-10,76.46,77.04,0.007585665707559697,2026-08-11,,,,,,,,
SMBK,2026-08-10,51.27,51.94,0.013068070996684167,2026-08-11,,,,,,,,
SMBS,2026-08-10,24.97,25.01,0.0016019223067682553,2026-08-11,,,,,,,,
SMC,2026-08-10,31.84,34.68,0.08919597989949746,2026-08-11,,,,,,,,
SMCC,2026-08-10,27.82,27.86,0.0014378145219267058,2026-08-11,,,,,,,,
SMCF,2026-08-10,39.8,39.97,0.004271356783919655,2026-08-11,,,,,,,,
SMCI,2026-08-10,31.46,31.6,0.00445009535918639,2026-08-11,,,,,,,,
SMCL,2026-08-10,12.57,12.75,0.014319809069212486,2026-08-11,,,,,,,,
SMCO,2026-08-10,30.51,30.54,0.000983284169124854,2026-08-11,,,,,,,,
SMCP,2026-08-10,26.08,26.05,-0.0011503067484661678,2026-08-11,,,,,,,,
SMCX,2026-08-10,9.07,9.19,0.013230429988974501,2026-08-11,,,,,,,,
SMCY,2026-08-10,4.75,4.8,0.010526315789473717,2026-08-11,,,,,,,,
SMCZ,2026-08-10,5.53,5.46,-0.012658227848101333,2026-08-11,,,,,,,,
SMDD,2026-08-10,7.39,7.33,-0.008119079837618393,2026-08-11,,,,,,,,
SMDV,2026-08-10,77.95,78.27,0.004105195638229642,2026-08-11,,,,,,,,
SMDX,2026-08-10,27.25,27.31,0.0022018348623853434,2026-08-11,,,,,,,,
SMFG,2026-08-10,25.32,25.15,-0.006714060031595692,2026-08-11,,,,,,,,
SMG,2026-08-10,62.27,62.03,-0.0038541833948931847,2026-08-11,,,,,,,,
SMH,2026-08-10,569.41,572.93,0.006181837340405005,2026-08-11,,,,,,,,
SMHB,2026-08-10,4.03,4.07,0.00992555831265518,2026-08-11,,,,,,,,
SMHC,2026-08-10,49.16,49.0,-0.0032546786004881145,2026-08-11,,,,,,,,
SMHD,2026-08-10,42.72,41.97,-0.0175561797752809,2026-08-11,,,,,,,,
SMHI,2026-08-10,9.69,9.74,0.005159958720330371,2026-08-11,,,,,,,,
SMHU,2026-08-10,28.2,28.55,0.012411347517730542,2026-08-11,,,,,,,,
SMHX,2026-08-10,58.02,57.72,-0.005170630816959787,2026-08-11,,,,,,,,
SMID,2026-08-10,27.55,27.67,0.004355716878402971,2026-08-11,,,,,,,,
SMIG,2026-08-10,33.15,33.09,-0.0018099547511311043,2026-08-11,,,,,,,,
SMIN,2026-08-10,71.49,71.55,0.0008392782207302663,2026-08-11,,,,,,,,
SMIZ,2026-08-10,42.96,43.11,0.0034916201117318746,2026-08-11,,,,,,,,
SMJF,2026-08-10,8.83,9.1,0.0305775764439411,2026-08-11,,,,,,,,
SMLF,2026-08-10,89.6,89.77,0.0018973214285713524,2026-08-11,,,,,,,,
SMLL,2026-08-10,21.97,21.94,-0.001365498406918464,2026-08-11,,,,,,,,
SMLV,2026-08-10,159.44,160.09,0.004076768690416399,2026-08-11,,,,,,,,
SMMD,2026-08-10,92.11,92.32,0.002279882748887241,2026-08-11,,,,,,,,
SMMT,2026-08-10,14.87,15.11,0.01613987895090796,2026-08-11,,,,,,,,
SMMU,2026-08-10,50.25,50.28,0.0005970149253731183,2026-08-11,,,,,,,,
SMMV,2026-08-10,47.21,47.1,-0.002330014827367055,2026-08-11,,,,,,,,
SMN,2026-08-10,18.54,18.64,0.005393743257821049,2026-08-11,,,,,,,,
SMOG,2026-08-10,139.55,139.29,-0.0018631314940882326,2026-08-11,,,,,,,,
SMOM,2026-08-10,29.05,29.17,0.004130808950085996,2026-08-11,,,,,,,,
SMOT,2026-08-10,40.84,40.94,0.0024485798237021683,2026-08-11,,,,,,,,
SMOX,2026-08-10,30.73,30.79,0.001952489424015491,2026-08-11,,,,,,,,
SMP,2026-08-10,39.63,39.79,0.004037345445369489,2026-08-11,,,,,,,,
SMPL,2026-08-10,10.81,10.86,0.0046253469010175685,2026-08-11,,,,,,,,
SMR,2026-08-10,9.18,9.89,0.07734204793028332,2026-08-11,,,,,,,,
SMRF,2026-08-10,25.05,25.54,0.019560878243512825,2026-08-11,,,,,,,,
SMRI,2026-08-10,46.64,46.87,0.004931389365351535,2026-08-11,,,,,,,,
SMRT,2026-08-10,1.36,1.41,0.03676470588235281,2026-08-11,,,,,,,,
SMRX,2026-08-10,24.05,27.64,0.14927234927234934,2026-08-11,,,,,,,,
SMSI,2026-08-10,2.87,2.97,0.03484320557491283,2026-08-11,,,,,,,,
SMST,2026-08-10,54.15,55.69,0.02843951985226223,2026-08-11,,,,,,,,
SMTC,2026-08-10,131.27,131.18,-0.0006856098118381837,2026-08-11,,,,,,,,
SMTG,2026-08-10,7.33,7.23,-0.013642564802182733,2026-08-11,,,,,,,,
SMTH,2026-08-10,25.36,25.36,0.0,2026-08-11,,,,,,,,
SMTI,2026-08-10,34.25,34.38,0.0037956204379563374,2026-08-11,,,,,,,,
SMTK,2026-08-10,0.16,0.15,-0.0625,2026-08-11,,,,,,,,
SMU,2026-08-10,6.31,7.33,0.1616481774960381,2026-08-11,,,,,,,,
SMUP,2026-08-10,5.01,5.77,0.15169660678642716,2026-08-11,,,,,,,,
SMWB,2026-08-10,7.42,7.25,-0.022911051212938016,2026-08-11,,,,,,,,
SMX,2026-08-10,15.8,15.54,-0.016455696202531733,2026-08-11,,,,,,,,
SMXT,2026-08-10,0.37,0.35,-0.05405405405405406,2026-08-11,,,,,,,,
SMYY,2026-08-10,6.22,6.24,0.003215434083601254,2026-08-11,,,,,,,,
SMZ,2026-08-10,20.63,17.39,-0.15705283567619965,2026-08-11,,,,,,,,
SN,2026-08-10,186.17,187.68,0.00811086641241876,2026-08-11,,,,,,,,
SNA,2026-08-10,411.11,411.78,0.0016297341344164717,2026-08-11,,,,,,,,
SNAG,2026-08-10,5.51,5.81,0.05444646098003636,2026-08-11,,,,,,,,
SNAL,2026-08-10,4.52,4.59,0.015486725663716783,2026-08-11,,,,,,,,
SNAP,2026-08-10,5.35,5.51,0.029906542056074903,2026-08-11,,,,,,,,
SNAV,2026-08-10,39.15,39.12,-0.0007662835249042654,2026-08-11,,,,,,,,
SND,2026-08-10,4.59,4.65,0.013071895424836777,2026-08-11,,,,,,,,
SNDA,2026-08-10,41.99,38.92,-0.07311264586806387,2026-08-11,,,,,,,,
SNDC,2026-08-10,5.01,5.26,0.04990019960079839,2026-08-11,,,,,,,,
SNDG,2026-08-10,5.9,6.21,0.05254237288135588,2026-08-11,,,,,,,,
SNDK,2026-08-10,1237.92,1271.05,0.026762634095902627,2026-08-11,,,,,,,,
SNDL,2026-08-10,1.22,1.3,0.06557377049180335,2026-08-11,,,,,,,,
SNDQ,2026-08-10,28.61,27.06,-0.054176861237329677,2026-08-11,,,,,,,,
SNDR,2026-08-10,35.26,34.89,-0.010493477027793463,2026-08-11,,,,,,,,
SNDU,2026-08-10,14.75,15.5,0.05084745762711873,2026-08-11,,,,,,,,
SNDX,2026-08-10,20.37,20.29,-0.003927344133529798,2026-08-11,,,,,,,,
SNES,2026-08-10,1.27,1.26,-0.007874015748031482,2026-08-11,,,,,,,,
SNEX,2026-08-10,64.72,65.97,0.01931396786155748,2026-08-11,,,,,,,,
SNFCA,2026-08-10,9.32,9.31,-0.0010729613733905241,2026-08-11,,,,,,,,
SNGX,2026-08-10,0.38,0.39,0.026315789473684292,2026-08-11,,,,,,,,
SNK,2026-08-10,19.13,20.61,0.07736539466806058,2026-08-11,,,,,,,,
SNN,2026-08-10,30.08,30.01,-0.002327127659574324,2026-08-11,,,,,,,,
SNOA,2026-08-10,1.29,1.37,0.0620155038759691,2026-08-11,,,,,,,,
SNOU,2026-08-10,68.96,68.78,-0.0026102088167052617,2026-08-11,,,,,,,,
SNOV,2026-08-10,27.42,27.44,0.0007293946024800047,2026-08-11,,,,,,,,
SNOW,2026-08-10,334.7,334.14,-0.0016731401254854728,2026-08-11,,,,,,,,
SNOY,2026-08-10,11.83,11.81,-0.0016906170752324368,2026-08-11,,,,,,,,
SNPD,2026-08-10,30.9,31.03,0.00420711974110044,2026-08-11,,,,,,,,
SNPE,2026-08-10,71.09,70.92,-0.00239133492755661,2026-08-11,,,,,,,,
SNPG,2026-08-10,60.03,59.89,-0.0023321672497085277,2026-08-11,,,,,,,,
SNPS,2026-08-10,411.68,410.91,-0.0018703847648658956,2026-08-11,,,,,,,,
SNSR,2026-08-10,49.14,49.25,0.0022385022385023046,2026-08-11,,,,,,,,
SNT,2026-08-10,1.81,1.92,0.06077348066298338,2026-08-11,,,,,,,,
SNTG,2026-08-10,1.86,2.04,0.09677419354838701,2026-08-11,,,,,,,,
SNTH,2026-08-10,30.6,30.47,-0.004248366013071991,2026-08-11,,,,,,,,
SNTI,2026-08-10,0.35,0.36,0.028571428571428692,2026-08-11,,,,,,,,
SNTQ,2026-08-10,24.76,24.63,-0.005250403877221421,2026-08-11,,,,,,,,
SNWV,2026-08-10,5.73,5.5,-0.04013961605584648,2026-08-11,,,,,,,,
SNX,2026-08-10,253.74,254.0,0.001024670922991966,2026-08-11,,,,,,,,
SNXX,2026-08-10,9.43,9.94,0.054082714740190774,2026-08-11,,,,,,,,
SNY,2026-08-10,43.48,43.56,0.0018399264029440587,2026-08-11,,,,,,,,
SNYR,2026-08-10,0.17,0.17,0.0,2026-08-11,,,,,,,,
SO,2026-08-10,91.34,91.92,0.006349901467046282,2026-08-11,,,,,,,,
SOAR,2026-08-10,0.17,0.16,-0.05882352941176472,2026-08-11,,,,,,,,
SOBO,2026-08-10,35.92,36.3,0.010579064587973086,2026-08-11,,,,,,,,
SOBR,2026-08-10,0.59,0.6,0.016949152542372836,2026-08-11,,,,,,,,
SOC,2026-08-10,5.09,4.65,-0.08644400785854611,2026-08-11,,,,,,,,
SOCA,2026-08-10,10.29,10.34,0.004859086491739717,2026-08-11,,,,,,,,
SOCL,2026-08-10,47.05,46.27,-0.01657810839532403,2026-08-11,,,,,,,,
SOEZ,2026-08-10,13.18,13.1,-0.006069802731411222,2026-08-11,,,,,,,,
SOFA,2026-08-10,14.56,14.3,-0.017857142857142794,2026-08-11,,,,,,,,
SOFC,2026-08-10,22.63,22.24,-0.017233760494918315,2026-08-11,,,,,,,,
SOFI,2026-08-10,18.12,17.98,-0.007726269315673329,2026-08-11,,,,,,,,
SOFR,2026-08-10,100.24,100.24,0.0,2026-08-11,,,,,,,,
SOFX,2026-08-10,9.79,9.64,-0.015321756894790428,2026-08-11,,,,,,,,
SOGP,2026-08-10,11.82,11.52,-0.025380710659898553,2026-08-11,,,,,,,,
SOHU,2026-08-10,14.43,14.24,-0.013167013167013186,2026-08-11,,,,,,,,
SOLC,2026-08-10,15.28,15.19,-0.005890052356020914,2026-08-11,,,,,,,,
SOLM,2026-08-10,8.32,8.25,-0.008413461538461564,2026-08-11,,,,,,,,
SOLS,2026-08-10,60.32,61.11,0.013096816976127412,2026-08-11,,,,,,,,
SOLT,2026-08-10,33.69,33.17,-0.015434847135648466,2026-08-11,,,,,,,,
SOLV,2026-08-10,85.21,84.1,-0.013026640065719963,2026-08-11,,,,,,,,
SOLZ,2026-08-10,7.62,7.55,-0.009186351706036766,2026-08-11,,,,,,,,
SON,2026-08-10,57.87,57.8,-0.0012096077414895934,2026-08-11,,,,,,,,
SONM,2026-08-10,3.52,3.6,0.022727272727272707,2026-08-11,,,,,,,,
SONO,2026-08-10,15.44,15.07,-0.02396373056994816,2026-08-11,,,,,,,,
SONY,2026-08-10,23.82,23.61,-0.008816120906801062,2026-08-11,,,,,,,,
SOPH,2026-08-10,7.67,7.61,-0.00782268578878742,2026-08-11,,,,,,,,
SOR,2026-08-10,46.59,46.57,-0.00042927666881309445,2026-08-11,,,,,,,,
SORA,2026-08-10,2.83,3.05,0.07773851590105996,2026-08-11,,,,,,,,
SORN,2026-08-10,10.04,10.04,0.0,2026-08-11,,,,,,,,
SOS,2026-08-10,0.79,0.76,-0.03797468354430378,2026-08-11,,,,,,,,
SOTK,2026-08-10,5.11,5.15,0.007827788649706457,2026-08-11,,,,,,,,
SOUL,2026-08-10,10.41,10.41,0.0,2026-08-11,,,,,,,,
SOUN,2026-08-10,7.46,7.41,-0.006702412868632712,2026-08-11,,,,,,,,
SOUX,2026-08-10,13.83,13.62,-0.015184381778741929,2026-08-11,,,,,,,,
SOVF,2026-08-10,31.87,31.94,0.0021964229683086867,2026-08-11,,,,,,,,
SOWG,2026-08-10,2.99,3.2,0.07023411371237454,2026-08-11,,,,,,,,
SOXL,2026-08-10,130.0,133.0,0.023076923076922995,2026-08-11,,,,,,,,
SOXQ,2026-08-10,94.44,95.19,0.00794155019059728,2026-08-11,,,,,,,,
SOXS,2026-08-10,45.21,44.03,-0.02610042026100423,2026-08-11,,,,,,,,
SOXX,2026-08-10,529.39,534.2,0.009085929088195943,2026-08-11,,,,,,,,
SOXY,2026-08-10,91.83,92.43,0.006533812479581957,2026-08-11,,,,,,,,
SOYB,2026-08-10,25.17,24.92,-0.009932459276916994,2026-08-11,,,,,,,,
SPAB,2026-08-10,25.07,25.09,0.0007977662544873532,2026-08-11,,,,,,,,
SPAI,2026-08-10,4.34,4.71,0.08525345622119818,2026-08-11,,,,,,,,
SPAL,2026-08-10,15.1,13.93,-0.07748344370860927,2026-08-11,,,,,,,,
SPAM,2026-08-10,45.62,45.86,0.005260850504164916,2026-08-11,,,,,,,,
SPAQ,2026-08-10,94.05,94.02,-0.00031897926634771867,2026-08-11,,,,,,,,
SPAX,2026-08-10,9.11,8.39,-0.07903402854006569,2026-08-11,,,,,,,,
SPB,2026-08-10,87.88,87.91,0.00034137460172956047,2026-08-11,,,,,,,,
SPBC,2026-08-10,49.18,48.97,-0.004270028466856424,2026-08-11,,,,,,,,
SPBO,2026-08-10,28.37,28.38,0.0003524850193865614,2026-08-11,,,,,,,,
SPBU,2026-08-10,31.01,30.87,-0.004514672686230292,2026-08-11,,,,,,,,
SPBW,2026-08-10,29.13,29.14,0.000343288705801692,2026-08-11,,,,,,,,
SPBX,2026-08-10,29.77,29.75,-0.0006718172657037558,2026-08-11,,,,,,,,
SPCB,2026-08-10,10.77,10.8,0.002785515320334442,2026-08-11,,,,,,,,
SPCE,2026-08-10,3.23,3.29,0.018575851393188847,2026-08-11,,,,,,,,
SPCF,2026-08-10,15.0,13.88,-0.07466666666666666,2026-08-11,,,,,,,,
SPCG,2026-08-10,19.74,21.24,0.07598784194528885,2026-08-11,,,,,,,,
SPCH,2026-08-10,8.97,8.28,-0.0769230769230771,2026-08-11,,,,,,,,
SPCI,2026-08-10,24.32,24.78,0.01891447368421062,2026-08-11,,,,,,,,
SPCK,2026-08-10,22.1,22.17,0.0031674208144796268,2026-08-11,,,,,,,,
SPCL,2026-08-10,29.2,29.72,0.017808219178082174,2026-08-11,,,,,,,,
SPCM,2026-08-10,15.4,14.16,-0.08051948051948055,2026-08-11,,,,,,,,
SPCQ,2026-08-10,14.56,15.55,0.06799450549450547,2026-08-11,,,,,,,,
SPCT,2026-08-10,28.22,28.16,-0.002126151665485465,2026-08-11,,,,,,,,
SPCU,2026-08-10,12.04,11.04,-0.0830564784053156,2026-08-11,,,,,,,,
SPCX,2026-08-10,138.74,133.29,-0.03928211042237295,2026-08-11,,,,,,,,
SPD,2026-08-10,42.99,42.81,-0.004187020237264472,2026-08-11,,,,,,,,
SPDF,2026-08-10,28.33,28.27,-0.002117896223085003,2026-08-11,,,,,,,,
SPDG,2026-08-10,47.32,47.44,0.002535925612848544,2026-08-11,,,,,,,,
SPDN,2026-08-10,8.43,8.46,0.003558718861210064,2026-08-11,,,,,,,,
SPDV,2026-08-10,40.93,40.99,0.001465917419985363,2026-08-11,,,,,,,,
SPDW,2026-08-10,51.38,51.51,0.0025301673803035385,2026-08-11,,,,,,,,
SPE,2026-08-10,13.54,13.53,-0.0007385524372229835,2026-08-11,,,,,,,,
SPEG,2026-08-10,10.34,10.33,-0.0009671179883945502,2026-08-11,,,,,,,,
SPEM,2026-08-10,52.28,52.12,-0.003060443764345888,2026-08-11,,,,,,,,
SPEU,2026-08-10,57.1,57.1,0.0,2026-08-11,,,,,,,,
SPFF,2026-08-10,9.44,9.48,0.004237288135593209,2026-08-11,,,,,,,,
SPFI,2026-08-10,44.48,45.0,0.011690647482014427,2026-08-11,,,,,,,,
SPG,2026-08-10,220.55,219.53,-0.00462480163228296,2026-08-11,,,,,,,,
SPGI,2026-08-10,410.94,408.69,-0.005475251861585595,2026-08-11,,,,,,,,
SPGM,2026-08-10,87.93,87.82,-0.0012509951097465777,2026-08-11,,,,,,,,
SPGP,2026-08-10,128.14,127.98,-0.0012486343062274585,2026-08-11,,,,,,,,
SPH,2026-08-10,17.51,17.52,0.0005711022272985034,2026-08-11,,,,,,,,
SPHB,2026-08-10,146.76,147.56,0.005451076587626114,2026-08-11,,,,,,,,
SPHD,2026-08-10,52.41,52.5,0.0017172295363481194,2026-08-11,,,,,,,,
SPHL,2026-08-10,2.73,2.79,0.0219780219780219,2026-08-11,,,,,,,,
SPHQ,2026-08-10,85.99,85.98,-0.00011629259216172638,2026-08-11,,,,,,,,
SPHR,2026-08-10,162.49,162.37,-0.0007385069850452952,2026-08-11,,,,,,,,
SPHY,2026-08-10,23.24,23.26,0.000860585197934638,2026-08-11,,,,,,,,
SPIB,2026-08-10,33.07,33.09,0.000604777744179108,2026-08-11,,,,,,,,
SPIN,2026-08-10,33.62,33.52,-0.002974419988102106,2026-08-11,,,,,,,,
SPIP,2026-08-10,25.04,25.05,0.0003993610223642641,2026-08-11,,,,,,,,
SPIR,2026-08-10,14.03,14.82,0.05630791161796167,2026-08-11,,,,,,,,
SPIT,2026-08-10,34.19,34.01,-0.005264697279906416,2026-08-11,,,,,,,,
SPKL,2026-08-10,11.69,11.62,-0.005988023952095856,2026-08-11,,,,,,,,
SPLB,2026-08-10,21.35,21.35,0.0,2026-08-11,,,,,,,,
SPLS,2026-08-10,55.96,55.73,-0.004110078627591163,2026-08-11,,,,,,,,
SPLV,2026-08-10,75.7,75.65,-0.0006605019815059121,2026-08-11,,,,,,,,
SPMB,2026-08-10,21.94,21.96,0.0009115770282588365,2026-08-11,,,,,,,,
SPMC,2026-08-10,10.71,10.77,0.0056022408963585235,2026-08-11,,,,,,,,
SPMD,2026-08-10,67.97,68.15,0.0026482271590408946,2026-08-11,,,,,,,,
SPMO,2026-08-10,148.7,148.56,-0.000941492938802857,2026-08-11,,,,,,,,
SPNT,2026-08-10,22.68,22.55,-0.0057319223985889955,2026-08-11,,,,,,,,
SPOG,2026-08-10,7.53,7.27,-0.03452855245683939,2026-08-11,,,,,,,,
SPOK,2026-08-10,11.33,11.44,0.009708737864077666,2026-08-11,,,,,,,,
SPOT,2026-08-10,511.82,501.0,-0.021140244617248283,2026-08-11,,,,,,,,
SPPL,2026-08-10,2.38,2.32,-0.025210084033613467,2026-08-11,,,,,,,,
SPPP,2026-08-10,14.24,14.15,-0.006320224719101097,2026-08-11,,,,,,,,
SPRB,2026-08-10,46.2,46.41,0.004545454545454408,2026-08-11,,,,,,,,
SPRC,2026-08-10,6.61,6.82,0.03177004538577921,2026-08-11,,,,,,,,
SPRE,2026-08-10,21.32,21.21,-0.005159474671669773,2026-08-11,,,,,,,,
SPRO,2026-08-10,1.23,1.23,0.0,2026-08-11,,,,,,,,
SPRU,2026-08-10,2.22,2.09,-0.05855855855855874,2026-08-11,,,,,,,,
SPRX,2026-08-10,46.82,47.34,0.011106364801366952,2026-08-11,,,,,,,,
SPRY,2026-08-10,5.91,5.95,0.006768189509306355,2026-08-11,,,,,,,,
SPSB,2026-08-10,29.89,29.9,0.00033456005352960894,2026-08-11,,,,,,,,
SPSC,2026-08-10,74.75,74.91,0.002140468227424641,2026-08-11,,,,,,,,
SPSK,2026-08-10,17.86,17.9,0.002239641657334701,2026-08-11,,,,,,,,
SPSM,2026-08-10,57.57,57.69,0.0020844189682125425,2026-08-11,,,,,,,,
SPT,2026-08-10,10.05,9.9,-0.014925373134328401,2026-08-11,,,,,,,,
SPTB,2026-08-10,29.57,29.59,0.000676361176868534,2026-08-11,,,,,,,,
SPTE,2026-08-10,47.5,47.41,-0.0018947368421052824,2026-08-11,,,,,,,,
SPTI,2026-08-10,28.04,28.07,0.0010699001426532906,2026-08-11,,,,,,,,
SPTL,2026-08-10,25.05,25.09,0.001596806387225591,2026-08-11,,,,,,,,
SPTM,2026-08-10,93.84,93.57,-0.0028772378516624952,2026-08-11,,,,,,,,
SPTS,2026-08-10,28.9,28.92,0.0006920415224913601,2026-08-11,,,,,,,,
SPTU,2026-08-10,25.03,25.04,0.0003995205753095643,2026-08-11,,,,,,,,
SPTX,2026-08-10,23.02,23.36,0.01476976542137276,2026-08-11,,,,,,,,
SPUC,2026-08-10,50.41,50.28,-0.002578853402102621,2026-08-11,,,,,,,,
SPUS,2026-08-10,58.95,58.82,-0.0022052586938083873,2026-08-11,,,,,,,,
SPUT,2026-08-10,28.75,28.69,-0.0020869565217390695,2026-08-11,,,,,,,,
SPUU,2026-08-10,229.07,227.23,-0.008032479154843508,2026-08-11,,,,,,,,
SPVM,2026-08-10,77.64,77.85,0.002704791344667612,2026-08-11,,,,,,,,
SPWH,2026-08-10,1.19,1.2,0.008403361344537785,2026-08-11,,,,,,,,
SPWO,2026-08-10,33.18,33.31,0.003918022905364804,2026-08-11,,,,,,,,
SPWR,2026-08-10,0.25,0.24,-0.040000000000000036,2026-08-11,,,,,,,,
SPXC,2026-08-10,212.35,216.79,0.020908876854250025,2026-08-11,,,,,,,,
SPXD,2026-08-10,29.67,29.7,0.0010111223458038054,2026-08-11,,,,,,,,
SPXE,2026-08-10,83.19,82.89,-0.0036062026685899085,2026-08-11,,,,,,,,
SPXL,2026-08-10,296.18,293.17,-0.010162738875008404,2026-08-11,,,,,,,,
SPXN,2026-08-10,84.62,84.3,-0.003781611912077598,2026-08-11,,,,,,,,
SPXS,2026-08-10,23.96,24.22,0.01085141903171949,2026-08-11,,,,,,,,
SPXT,2026-08-10,112.76,112.28,-0.004256828662646317,2026-08-11,,,,,,,,
SPXU,2026-08-10,33.6,33.95,0.01041666666666674,2026-08-11,,,,,,,,
SPXV,2026-08-10,84.71,84.44,-0.0031873450596151542,2026-08-11,,,,,,,,
SPXX,2026-08-10,19.08,19.1,0.0010482180293502896,2026-08-11,,,,,,,,
SPY,2026-08-10,773.03,770.56,-0.0031952188142763127,2026-08-11,,,,,,,,
SPYA,2026-08-10,31.01,30.91,-0.0032247662044502245,2026-08-11,,,,,,,,
SPYC,2026-08-10,47.58,47.33,-0.005254308532997021,2026-08-11,,,,,,,,
SPYD,2026-08-10,49.73,49.85,0.0024130303639655626,2026-08-11,,,,,,,,
SPYG,2026-08-10,122.73,121.99,-0.0060294956408376565,2026-08-11,,,,,,,,
SPYH,2026-08-10,56.95,56.84,-0.0019315188762072388,2026-08-11,,,,,,,,
SPYI,2026-08-10,54.19,54.09,-0.0018453589223103029,2026-08-11,,,,,,,,
SPYM,2026-08-10,91.0,90.69,-0.003406593406593439,2026-08-11,,,,,,,,
SPYQ,2026-08-10,197.93,196.67,-0.0063658869297227305,2026-08-11,,,,,,,,
SPYT,2026-08-10,17.56,17.51,-0.0028473804100226374,2026-08-11,,,,,,,,
SPYU,2026-08-10,36.74,36.25,-0.013336962438758926,2026-08-11,,,,,,,,
SPYV,2026-08-10,63.29,63.3,0.0001580028440510972,2026-08-11,,,,,,,,
SPYX,2026-08-10,63.47,63.24,-0.0036237592563415078,2026-08-11,,,,,,,,
SQFT,2026-08-10,1.53,1.54,0.006535947712418277,2026-08-11,,,,,,,,
SQLT,2026-08-10,29.34,29.42,0.0027266530334015826,2026-08-11,,,,,,,,
SQLV,2026-08-10,54.59,54.54,-0.0009159186664224883,2026-08-11,,,,,,,,
SQM,2026-08-10,72.84,72.22,-0.00851180669961571,2026-08-11,,,,,,,,
SQMX,2026-08-10,34.69,34.69,0.0,2026-08-11,,,,,,,,
SQNS,2026-08-10,2.72,2.72,0.0,2026-08-11,,,,,,,,
SQQQ,2026-08-10,37.73,38.14,0.010866684336072296,2026-08-11,,,,,,,,
SQS,2026-08-10,28.75,28.64,-0.003826086956521757,2026-08-11,,,,,,,,
SR,2026-08-10,81.04,82.45,0.017398815399802592,2026-08-11,,,,,,,,
SRAD,2026-08-10,13.34,13.27,-0.005247376311844132,2026-08-11,,,,,,,,
SRBK,2026-08-10,19.95,20.1,0.007518796992481258,2026-08-11,,,,,,,,
SRCE,2026-08-10,87.33,88.08,0.008588114050154694,2026-08-11,,,,,,,,
SRE,2026-08-10,84.31,85.48,0.013877357371604893,2026-08-11,,,,,,,,
SRET,2026-08-10,22.17,22.14,-0.0013531799729364913,2026-08-11,,,,,,,,
SRFM,2026-08-10,0.85,0.8,-0.05882352941176461,2026-08-11,,,,,,,,
SRG,2026-08-10,2.41,2.4,-0.004149377593361092,2026-08-11,,,,,,,,
SRHQ,2026-08-10,49.9,49.77,-0.0026052104208416083,2026-08-11,,,,,,,,
SRHR,2026-08-10,58.75,58.37,-0.00646808510638297,2026-08-11,,,,,,,,
SRI,2026-08-10,7.11,6.77,-0.04781997187060494,2026-08-11,,,,,,,,
SRL,2026-08-10,5.87,5.9,0.005110732538330609,2026-08-11,,,,,,,,
SRLN,2026-08-10,40.41,40.44,0.0007423904974017681,2026-08-11,,,,,,,,
SROI,2026-08-10,38.24,38.17,-0.0018305439330543738,2026-08-11,,,,,,,,
SRPT,2026-08-10,17.18,18.22,0.060535506402793926,2026-08-11,,,,,,,,
SRRK,2026-08-10,51.89,52.07,0.003468876469454596,2026-08-11,,,,,,,,
SRS,2026-08-10,39.71,40.35,0.016116847141777857,2026-08-11,,,,,,,,
SRTA,2026-08-10,5.94,6.03,0.015151515151515138,2026-08-11,,,,,,,,
SRTS,2026-08-10,3.09,3.1,0.003236245954692629,2026-08-11,,,,,,,,
SRTY,2026-08-10,21.52,21.3,-0.010223048327137496,2026-08-11,,,,,,,,
SRV,2026-08-10,46.3,47.02,0.01555075593952493,2026-08-11,,,,,,,,
SRVR,2026-08-10,31.46,31.69,0.007310870947234704,2026-08-11,,,,,,,,
SRXH,2026-08-10,1.73,1.84,0.06358381502890187,2026-08-11,,,,,,,,
SRZN,2026-08-10,25.09,25.05,-0.0015942606616181632,2026-08-11,,,,,,,,
SSAC,2026-08-10,10.06,10.06,0.0,2026-08-11,,,,,,,,
SSB,2026-08-10,108.56,110.38,0.016764922623433876,2026-08-11,,,,,,,,
SSBI,2026-08-10,13.02,12.92,-0.007680491551459223,2026-08-11,,,,,,,,
SSCP,2026-08-10,26.26,26.16,-0.0038080731150038627,2026-08-11,,,,,,,,
SSD,2026-08-10,195.31,199.89,0.02344990015872206,2026-08-11,,,,,,,,
SSEA,2026-08-10,10.32,10.28,-0.00387596899224818,2026-08-11,,,,,,,,
SSFI,2026-08-10,21.03,21.04,0.0004755111745124996,2026-08-11,,,,,,,,
SSG,2026-08-10,12.09,12.03,-0.00496277915632759,2026-08-11,,,,,,,,
SSII,2026-08-10,3.75,3.61,-0.03733333333333333,2026-08-11,,,,,,,,
SSK,2026-08-10,10.27,10.2,-0.006815968841285325,2026-08-11,,,,,,,,
SSL,2026-08-10,11.51,11.51,0.0,2026-08-11,,,,,,,,
SSM,2026-08-10,3.05,2.73,-0.10491803278688516,2026-08-11,,,,,,,,
SSMG,2026-08-10,27.23,27.33,0.00367242012486213,2026-08-11,,,,,,,,
SSMR,2026-08-10,16.83,17.0,0.010101010101010166,2026-08-11,,,,,,,,
SSNC,2026-08-10,79.77,79.85,0.0010028832894570794,2026-08-11,,,,,,,,
SSO,2026-08-10,71.66,71.16,-0.006977393245883312,2026-08-11,,,,,,,,
SSP,2026-08-10,3.33,3.31,-0.006006006006005982,2026-08-11,,,,,,,,
SSPC,2026-08-10,11.67,12.53,0.07369323050556975,2026-08-11,,,,,,,,
SSPY,2026-08-10,100.56,100.7,0.0013922036595068743,2026-08-11,,,,,,,,
SSRM,2026-08-10,31.4,31.97,0.018152866242038268,2026-08-11,,,,,,,,
SSS,2026-08-10,20.82,20.73,-0.004322766570605152,2026-08-11,,,,,,,,
SST,2026-08-10,1.7,1.7,0.0,2026-08-11,,,,,,,,
SSTI,2026-08-10,8.07,8.11,0.004956629491945419,2026-08-11,,,,,,,,
SSTK,2026-08-10,5.89,5.41,-0.08149405772495744,2026-08-11,,,,,,,,
SSUS,2026-08-10,56.5,56.44,-0.001061946902654931,2026-08-11,,,,,,,,
SSXU,2026-08-10,36.35,36.29,-0.0016506189821183792,2026-08-11,,,,,,,,
SSYS,2026-08-10,8.86,9.01,0.016930022573363512,2026-08-11,,,,,,,,
ST,2026-08-10,45.79,46.23,0.009609084953046576,2026-08-11,,,,,,,,
STAA,2026-08-10,25.12,24.94,-0.0071656050955414274,2026-08-11,,,,,,,,
STAG,2026-08-10,36.77,36.74,-0.0008158825129181979,2026-08-11,,,,,,,,
STAK,2026-08-10,1.65,1.44,-0.1272727272727272,2026-08-11,,,,,,,,
STAX,2026-08-10,25.35,25.24,-0.004339250493096802,2026-08-11,,,,,,,,
STBA,2026-08-10,50.78,51.29,0.010043324143363508,2026-08-11,,,,,,,,
STBF,2026-08-10,25.25,25.25,0.0,2026-08-11,,,,,,,,
STBQ,2026-08-10,20.63,20.52,-0.005332040717401787,2026-08-11,,,,,,,,
STC,2026-08-10,65.7,65.48,-0.0033485540334855513,2026-08-11,,,,,,,,
STCE,2026-08-10,59.81,60.35,0.009028590536699577,2026-08-11,,,,,,,,
STDN,2026-08-10,11.45,12.08,0.05502183406113548,2026-08-11,,,,,,,,
STE,2026-08-10,238.91,238.23,-0.002846260097944864,2026-08-11,,,,,,,,
STEM,2026-08-10,5.68,5.89,0.0369718309859155,2026-08-11,,,,,,,,
STEN,2026-08-10,28.31,28.28,-0.0010596962204166838,2026-08-11,,,,,,,,
STEP,2026-08-10,46.15,49.51,0.07280606717226434,2026-08-11,,,,,,,,
STEW,2026-08-10,18.9,18.82,-0.004232804232804144,2026-08-11,,,,,,,,
STEX,2026-08-10,0.79,0.8,0.012658227848101333,2026-08-11,,,,,,,,
STFS,2026-08-10,4.13,4.09,-0.009685230024213065,2026-08-11,,,,,,,,
STG,2026-08-10,3.31,3.35,0.012084592145015227,2026-08-11,,,,,,,,
STGW,2026-08-10,9.09,9.28,0.020902090209020896,2026-08-11,,,,,,,,
STHH,2026-08-10,11.03,11.13,0.009066183136899442,2026-08-11,,,,,,,,
STHO,2026-08-10,9.44,9.49,0.005296610169491567,2026-08-11,,,,,,,,
STI,2026-08-10,8.45,7.92,-0.06272189349112423,2026-08-11,,,,,,,,
STIM,2026-08-10,2.17,3.19,0.4700460829493087,2026-08-11,,,,,,,,
STIP,2026-08-10,100.69,100.66,-0.0002979441851226339,2026-08-11,,,,,,,,
STK,2026-08-10,52.27,52.22,-0.0009565716472164087,2026-08-11,,,,,,,,
STKE,2026-08-10,1.03,1.07,0.03883495145631066,2026-08-11,,,,,,,,
STKH,2026-08-10,4.3,3.99,-0.0720930232558139,2026-08-11,,,,,,,,
STKS,2026-08-10,1.79,1.79,0.0,2026-08-11,,,,,,,,
STLA,2026-08-10,5.58,5.45,-0.023297491039426466,2026-08-11,,,,,,,,
STLD,2026-08-10,268.6,263.69,-0.018279970215934527,2026-08-11,,,,,,,,
STLN,2026-08-10,6.16,6.2,0.006493506493506551,2026-08-11,,,,,,,,
STLR,2026-08-10,19.15,18.97,-0.009399477806788514,2026-08-11,,,,,,,,
STLU,2026-08-10,14.21,14.0,-0.014778325123152802,2026-08-11,,,,,,,,
STM,2026-08-10,54.35,55.04,0.01269549218031285,2026-08-11,,,,,,,,
STN,2026-08-10,73.2,74.52,0.0180327868852459,2026-08-11,,,,,,,,
STNC,2026-08-10,36.96,37.12,0.0043290043290042934,2026-08-11,,,,,,,,
STNE,2026-08-10,10.37,9.96,-0.039537126325940086,2026-08-11,,,,,,,,
STNG,2026-08-10,76.44,74.19,-0.029434850863422346,2026-08-11,,,,,,,,
STOK,2026-08-10,32.23,32.96,0.022649705243562135,2026-08-11,,,,,,,,
STOT,2026-08-10,46.8,46.79,-0.00021367521367521292,2026-08-11,,,,,,,,
STOX,2026-08-10,32.24,32.07,-0.0052729528535980785,2026-08-11,,,,,,,,
STPZ,2026-08-10,52.59,52.55,-0.0007606008746910975,2026-08-11,,,,,,,,
STRA,2026-08-10,81.45,79.98,-0.018047882136279947,2026-08-11,,,,,,,,
STRC,2026-08-10,94.35,95.32,0.010280869104398516,2026-08-11,,,,,,,,
STRL,2026-08-10,528.51,532.76,0.00804147509034836,2026-08-11,,,,,,,,
STRN,2026-08-10,26.68,26.58,-0.0037481259370315545,2026-08-11,,,,,,,,
STRO,2026-08-10,25.53,25.04,-0.019193106149627992,2026-08-11,,,,,,,,
STRR,2026-08-10,11.3,11.19,-0.009734513274336387,2026-08-11,,,,,,,,
STRS,2026-08-10,19.32,19.32,0.0,2026-08-11,,,,,,,,
STRT,2026-08-10,83.42,83.47,0.0005993766482856877,2026-08-11,,,,,,,,
STRW,2026-08-10,13.66,13.6,-0.004392386530014725,2026-08-11,,,,,,,,
STRZ,2026-08-10,24.28,23.95,-0.013591433278418497,2026-08-11,,,,,,,,
STSM,2026-08-10,18.05,17.78,-0.014958448753462528,2026-08-11,,,,,,,,
STT,2026-08-10,186.68,187.22,0.002892650524962459,2026-08-11,,,,,,,,
STTK,2026-08-10,7.14,7.18,0.0056022408963585235,2026-08-11,,,,,,,,
STUB,2026-08-10,8.78,8.19,-0.06719817767653757,2026-08-11,,,,,,,,
STVN,2026-08-10,20.58,21.05,0.022837706511176004,2026-08-11,,,,,,,,
STWD,2026-08-10,16.65,16.66,0.0006006006006007425,2026-08-11,,,,,,,,
STX,2026-08-10,800.99,820.52,0.024382326870497684,2026-08-11,,,,,,,,
STXD,2026-08-10,41.1,41.13,0.0007299270072993469,2026-08-11,,,,,,,,
STXE,2026-08-10,47.49,48.0,0.01073910296904601,2026-08-11,,,,,,,,
STXF,2026-08-10,49.92,49.78,-0.002804487179487225,2026-08-11,,,,,,,,
STXG,2026-08-10,56.87,56.64,-0.004044311587831806,2026-08-11,,,,,,,,
STXK,2026-08-10,39.0,39.11,0.002820512820512766,2026-08-11,,,,,,,,
STXL,2026-08-10,29.92,31.37,0.048462566844919674,2026-08-11,,,,,,,,
STXS,2026-08-10,1.44,1.46,0.01388888888888884,2026-08-11,,,,,,,,
STXT,2026-08-10,19.49,19.49,0.0,2026-08-11,,,,,,,,
STXU,2026-08-10,11.37,11.83,0.04045734388742317,2026-08-11,,,,,,,,
STXV,2026-08-10,39.31,39.38,0.0017807173747137472,2026-08-11,,,,,,,,
STXX,2026-08-10,37.42,39.14,0.04596472474612501,2026-08-11,,,,,,,,
STYL,2026-08-10,27.67,26.92,-0.027105168052041884,2026-08-11,,,,,,,,
STZ,2026-08-10,133.39,133.98,0.004423120173926209,2026-08-11,,,,,,,,
SU,2026-08-10,62.73,63.28,0.008767734736170985,2026-08-11,,,,,,,,
SUB,2026-08-10,106.28,106.29,9.409108016567025e-05,2026-08-11,,,,,,,,
SUGP,2026-08-10,2.06,2.16,0.04854368932038833,2026-08-11,,,,,,,,
SUI,2026-08-10,118.57,118.67,0.0008433836552248497,2026-08-11,,,,,,,,
SUIG,2026-08-10,0.84,0.87,0.03571428571428581,2026-08-11,,,,,,,,
SUIL,2026-08-10,5.73,5.58,-0.02617801047120427,2026-08-11,,,,,,,,
SUIS,2026-08-10,17.94,17.71,-0.012820512820512886,2026-08-11,,,,,,,,
SUJA,2026-08-10,6.56,5.88,-0.10365853658536583,2026-08-11,,,,,,,,
SUMA,2026-08-10,9.9,9.94,0.004040404040403844,2026-08-11,,,,,,,,
SUN,2026-08-10,71.86,73.34,0.0205956025605345,2026-08-11,,,,,,,,
SUNB,2026-08-10,78.86,80.55,0.02143038295713917,2026-08-11,,,,,,,,
SUNC,2026-08-10,72.5,74.47,0.027172413793103534,2026-08-11,,,,,,,,
SUNE,2026-08-10,2.65,2.58,-0.026415094339622636,2026-08-11,,,,,,,,
SUNS,2026-08-10,7.73,7.49,-0.031047865459249757,2026-08-11,,,,,,,,
SUPL,2026-08-10,46.72,46.72,0.0,2026-08-11,,,,,,,,
SUPN,2026-08-10,47.07,46.88,-0.00403654132143616,2026-08-11,,,,,,,,
SUPP,2026-08-10,82.69,82.86,0.002055871326641645,2026-08-11,,,,,,,,
SUPV,2026-08-10,8.48,8.37,-0.012971698113207641,2026-08-11,,,,,,,,
SUPX,2026-08-10,6.82,6.89,0.01026392961876832,2026-08-11,,,,,,,,
SURE,2026-08-10,151.42,151.34,-0.000528331792365555,2026-08-11,,,,,,,,
SURG,2026-08-10,0.3,0.3,0.0,2026-08-11,,,,,,,,
SURI,2026-08-10,18.62,18.77,0.008055853920515554,2026-08-11,,,,,,,,
SUSA,2026-08-10,158.71,158.29,-0.0026463360846828987,2026-08-11,,,,,,,,
SUSB,2026-08-10,24.82,24.82,0.0,2026-08-11,,,,,,,,
SUSC,2026-08-10,22.64,22.64,0.0,2026-08-11,,,,,,,,
SUSL,2026-08-10,137.66,137.23,-0.003123637948568958,2026-08-11,,,,,,,,
SUZ,2026-08-10,8.12,7.84,-0.03448275862068961,2026-08-11,,,,,,,,
SVAL,2026-08-10,43.77,43.71,-0.001370801919122755,2026-08-11,,,,,,,,
SVAQ,2026-08-10,10.03,10.05,0.001994017946161719,2026-08-11,,,,,,,,
SVC,2026-08-10,8.09,8.13,0.004944375772558907,2026-08-11,,,,,,,,
SVCC,2026-08-10,10.63,10.65,0.0018814675446847673,2026-08-11,,,,,,,,
SVCO,2026-08-10,7.37,7.59,0.02985074626865658,2026-08-11,,,,,,,,
SVIV,2026-08-10,10.28,10.2,-0.0077821011673151474,2026-08-11,,,,,,,,
SVIX,2026-08-10,25.26,25.62,0.014251781472684133,2026-08-11,,,,,,,,
SVM,2026-08-10,12.21,12.61,0.03276003276003259,2026-08-11,,,,,,,,
SVOL,2026-08-10,16.13,16.17,0.002479851208927686,2026-08-11,,,,,,,,
SVRA,2026-08-10,5.73,5.57,-0.027923211169284534,2026-08-11,,,,,,,,
SVRE,2026-08-10,3.71,3.85,0.037735849056603765,2026-08-11,,,,,,,,
SVRN,2026-08-10,6.28,6.46,0.028662420382165488,2026-08-11,,,,,,,,
SVV,2026-08-10,12.29,11.8,-0.03986981285598035,2026-08-11,,,,,,,,
SVXY,2026-08-10,59.49,59.75,0.0043704824340224935,2026-08-11,,,,,,,,
SW,2026-08-10,47.59,49.62,0.042656020172304965,2026-08-11,,,,,,,,
SWAG,2026-08-10,2.04,2.04,0.0,2026-08-11,,,,,,,,
SWAN,2026-08-10,33.62,33.54,-0.002379535990481796,2026-08-11,,,,,,,,
SWBI,2026-08-10,14.21,14.22,0.0007037297677692234,2026-08-11,,,,,,,,
SWIM,2026-08-10,7.31,7.59,0.03830369357045149,2026-08-11,,,,,,,,
SWK,2026-08-10,102.64,104.0,0.013250194855806807,2026-08-11,,,,,,,,
SWKS,2026-08-10,68.79,68.33,-0.0066870184619858275,2026-08-11,,,,,,,,
SWMR,2026-08-10,36.3,39.47,0.08732782369146008,2026-08-11,,,,,,,,
SWP,2026-08-10,29.31,29.29,-0.0006823609689525778,2026-08-11,,,,,,,,
SWVL,2026-08-10,1.4,1.45,0.03571428571428581,2026-08-11,,,,,,,,
SWX,2026-08-10,90.56,91.51,0.010490282685512442,2026-08-11,,,,,,,,
SWZ,2026-08-10,5.95,5.94,-0.001680672268907557,2026-08-11,,,,,,,,
SXC,2026-08-10,9.41,9.26,-0.015940488841657885,2026-08-11,,,,,,,,
SXI,2026-08-10,328.14,327.53,-0.0018589626378985313,2026-08-11,,,,,,,,
SXQG,2026-08-10,33.65,33.51,-0.004160475482912318,2026-08-11,,,,,,,,
SXT,2026-08-10,129.36,131.9,0.019635126777983958,2026-08-11,,,,,,,,
SXTC,2026-08-10,3.59,3.51,-0.02228412256267409,2026-08-11,,,,,,,,
SXTP,2026-08-10,1.13,1.13,0.0,2026-08-11,,,,,,,,
SY,2026-08-10,2.27,2.21,-0.026431718061673992,2026-08-11,,,,,,,,
SYBT,2026-08-10,83.15,83.54,0.0046903187011424485,2026-08-11,,,,,,,,
SYF,2026-08-10,78.19,78.47,0.0035810205908684,2026-08-11,,,,,,,,
SYFI,2026-08-10,35.61,35.62,0.0002808199943835632,2026-08-11,,,,,,,,
SYK,2026-08-10,345.81,348.15,0.006766721610132587,2026-08-11,,,,,,,,
SYLD,2026-08-10,85.03,85.08,0.0005880277549099588,2026-08-11,,,,,,,,
SYM,2026-08-10,40.11,41.69,0.039391672899526275,2026-08-11,,,,,,,,
SYNA,2026-08-10,104.71,106.92,0.021105911565275637,2026-08-11,,,,,,,,
SYNX,2026-08-10,1.08,1.05,-0.02777777777777779,2026-08-11,,,,,,,,
SYPR,2026-08-10,2.04,2.09,0.02450980392156854,2026-08-11,,,,,,,,
SYRE,2026-08-10,105.33,102.74,-0.024589385740055092,2026-08-11,,,,,,,,
SYSB,2026-08-10,87.01,87.12,0.0012642225031604948,2026-08-11,,,,,,,,
SYY,2026-08-10,83.87,84.26,0.004650053654465358,2026-08-11,,,,,,,,
SYZ,2026-08-10,30.81,30.84,0.0009737098344693162,2026-08-11,,,,,,,,
SZK,2026-08-10,21.16,21.23,0.0033081285444234165,2026-08-11,,,,,,,,
SZZL,2026-08-10,10.4,10.41,0.0009615384615384581,2026-08-11,,,,,,,,
T,2026-08-10,24.05,24.5,0.018711018711018657,2026-08-11,,,,,,,,
TABD,2026-08-10,24.64,24.64,0.0,2026-08-11,,,,,,,,
TAC,2026-08-10,12.26,12.48,0.01794453507340954,2026-08-11,,,,,,,,
TACH,2026-08-10,10.45,10.45,0.0,2026-08-11,,,,,,,,
TACK,2026-08-10,32.48,32.47,-0.0003078817733989103,2026-08-11,,,,,,,,
TACN,2026-08-10,29.46,29.45,-0.00033944331296675845,2026-08-11,,,,,,,,
TACO,2026-08-10,10.45,10.47,0.001913875598086312,2026-08-11,,,,,,,,
TACT,2026-08-10,5.61,5.78,0.030303030303030276,2026-08-11,,,,,,,,
TACU,2026-08-10,28.29,28.21,-0.0028278543655001487,2026-08-11,,,,,,,,
TAFI,2026-08-10,25.08,25.09,0.0003987240829346206,2026-08-11,,,,,,,,
TAFL,2026-08-10,24.8,24.82,0.0008064516129031585,2026-08-11,,,,,,,,
TAFM,2026-08-10,25.22,25.25,0.0011895321173671647,2026-08-11,,,,,,,,
TAGG,2026-08-10,41.85,41.9,0.0011947431302268274,2026-08-11,,,,,,,,
TAGS,2026-08-10,25.47,25.42,-0.0019630938358852212,2026-08-11,,,,,,,,
TAIL,2026-08-10,10.33,10.35,0.0019361084220717029,2026-08-11,,,,,,,,
TAJX,2026-08-10,26.56,26.49,-0.002635542168674676,2026-08-11,,,,,,,,
TAK,2026-08-10,17.55,17.48,-0.0039886039886040114,2026-08-11,,,,,,,,
TAL,2026-08-10,12.5,12.16,-0.027200000000000002,2026-08-11,,,,,,,,
TALK,2026-08-10,5.24,5.24,0.0,2026-08-11,,,,,,,,
TALO,2026-08-10,15.59,15.57,-0.0012828736369466798,2026-08-11,,,,,,,,
TALV,2026-08-10,29.48,29.46,-0.0006784260515603213,2026-08-11,,,,,,,,
TAN,2026-08-10,51.86,52.7,0.016197454685692225,2026-08-11,,,,,,,,
TANH,2026-08-10,0.43,0.42,-0.023255813953488413,2026-08-11,,,,,,,,
TAOP,2026-08-10,0.74,0.86,0.16216216216216206,2026-08-11,,,,,,,,
TAOX,2026-08-10,3.49,3.62,0.0372492836676217,2026-08-11,,,,,,,,
TAOZ,2026-08-10,92.16,92.29,0.0014105902777779011,2026-08-11,,,,,,,,
TAP,2026-08-10,42.52,41.98,-0.012699905926622956,2026-08-11,,,,,,,,
TAPR,2026-08-10,26.69,26.69,0.0,2026-08-11,,,,,,,,
TARA,2026-08-10,4.11,3.91,-0.048661800486618056,2026-08-11,,,,,,,,
TARK,2026-08-10,46.41,46.55,0.003016591251885359,2026-08-11,,,,,,,,
TARS,2026-08-10,67.76,69.46,0.025088547815820483,2026-08-11,,,,,,,,
TASK,2026-08-10,7.1,6.9,-0.028169014084506894,2026-08-11,,,,,,,,
TATT,2026-08-10,39.37,37.74,-0.04140208280416546,2026-08-11,,,,,,,,
TAVI,2026-08-10,10.69,10.69,0.0,2026-08-11,,,,,,,,
TAX,2026-08-10,31.98,32.02,0.001250781738586726,2026-08-11,,,,,,,,
TAXE,2026-08-10,50.6,50.64,0.0007905138339920903,2026-08-11,,,,,,,,
TAXF,2026-08-10,50.03,50.07,0.00079952028782726,2026-08-11,,,,,,,,
TAXI,2026-08-10,50.74,50.75,0.00019708316909738954,2026-08-11,,,,,,,,
TAXM,2026-08-10,49.66,49.69,0.000604107933950937,2026-08-11,,,,,,,,
TAXS,2026-08-10,50.22,50.22,0.0,2026-08-11,,,,,,,,
TAXT,2026-08-10,50.94,50.97,0.0005889281507656108,2026-08-11,,,,,,,,
TAXX,2026-08-10,50.47,50.47,0.0,2026-08-11,,,,,,,,
TAYD,2026-08-10,51.64,53.37,0.033501161890007625,2026-08-11,,,,,,,,
TBBB,2026-08-10,40.65,41.44,0.019434194341943378,2026-08-11,,,,,,,,
TBBK,2026-08-10,68.93,69.46,0.007688959814304175,2026-08-11,,,,,,,,
TBCH,2026-08-10,12.64,12.88,0.018987341772152,2026-08-11,,,,,,,,
TBF,2026-08-10,25.48,25.39,-0.003532182103610615,2026-08-11,,,,,,,,
TBFC,2026-08-10,29.47,29.48,0.00033932813030213005,2026-08-11,,,,,,,,
TBFG,2026-08-10,33.02,33.05,0.0009085402786188634,2026-08-11,,,,,,,,
TBG,2026-08-10,38.86,38.88,0.0005146680391148184,2026-08-11,,,,,,,,
TBI,2026-08-10,10.6,10.19,-0.038679245283018915,2026-08-11,,,,,,,,
TBIL,2026-08-10,49.92,49.92,0.0,2026-08-11,,,,,,,,
TBJL,2026-08-10,18.94,18.93,-0.0005279831045407191,2026-08-11,,,,,,,,
TBLA,2026-08-10,4.13,4.12,-0.002421307506053183,2026-08-11,,,,,,,,
TBLD,2026-08-10,22.41,22.42,0.00044622936189209206,2026-08-11,,,,,,,,
TBLL,2026-08-10,105.71,105.72,9.459842966608178e-05,2026-08-11,,,,,,,,
TBLU,2026-08-10,52.5,52.57,0.0013333333333334085,2026-08-11,,,,,,,,
TBN,2026-08-10,35.77,36.22,0.012580374615599466,2026-08-11,,,,,,,,
TBPH,2026-08-10,16.91,16.92,0.0005913660555885158,2026-08-11,,,,,,,,
TBT,2026-08-10,38.45,38.29,-0.004161248374512483,2026-08-11,,,,,,,,
TBUX,2026-08-10,49.85,49.86,0.00020060180541614514,2026-08-11,,,,,,,,
TBX,2026-08-10,28.84,28.8,-0.001386962552011095,2026-08-11,,,,,,,,
TBXU,2026-08-10,38.07,38.22,0.003940110323088941,2026-08-11,,,,,,,,
TC,2026-08-10,1.87,2.01,0.07486631016042766,2026-08-11,,,,,,,,
TCAF,2026-08-10,42.86,42.85,-0.00023331777881474558,2026-08-11,,,,,,,,
TCAI,2026-08-10,46.73,47.25,0.011127755189385802,2026-08-11,,,,,,,,
TCAL,2026-08-10,23.13,23.19,0.0025940337224383825,2026-08-11,,,,,,,,
TCAN,2026-08-10,16.51,17.09,0.03513022410660205,2026-08-11,,,,,,,,
TCBI,2026-08-10,99.28,100.35,0.01077759871071704,2026-08-11,,,,,,,,
TCBK,2026-08-10,56.9,57.12,0.0038664323374340004,2026-08-11,,,,,,,,
TCBS,2026-08-10,17.26,17.3,0.002317497103128563,2026-08-11,,,,,,,,
TCBX,2026-08-10,44.28,44.91,0.014227642276422703,2026-08-11,,,,,,,,
TCGX,2026-08-10,14.16,14.42,0.01836158192090398,2026-08-11,,,,,,,,
TCHI,2026-08-10,24.55,24.05,-0.020366598778004064,2026-08-11,,,,,,,,
TCHP,2026-08-10,51.42,51.1,-0.006223259432127537,2026-08-11,,,,,,,,
TCI,2026-08-10,35.88,36.21,0.009197324414715657,2026-08-11,,,,,,,,
TCMD,2026-08-10,29.14,24.15,-0.17124227865477015,2026-08-11,,,,,,,,
TCOM,2026-08-10,47.12,46.2,-0.01952461799660432,2026-08-11,,,,,,,,
TCPB,2026-08-10,49.98,49.94,-0.0008003201280512018,2026-08-11,,,,,,,,
TCPC,2026-08-10,3.94,3.9,-0.010152284263959421,2026-08-11,,,,,,,,
TCRT,2026-08-10,1.98,1.97,-0.005050505050505083,2026-08-11,,,,,,,,
TCRX,2026-08-10,0.77,0.78,0.012987012987013102,2026-08-11,,,,,,,,
TCV,2026-08-10,33.44,33.44,0.0,2026-08-11,,,,,,,,
TCX,2026-08-10,12.78,12.79,0.0007824726134584292,2026-08-11,,,,,,,,
TD,2026-08-10,121.08,121.37,0.0023951106706310288,2026-08-11,,,,,,,,
TDAC,2026-08-10,10.87,10.86,-0.0009199632014719183,2026-08-11,,,,,,,,
TDAQ,2026-08-10,27.38,27.25,-0.0047479912344776665,2026-08-11,,,,,,,,
TDAX,2026-08-10,24.25,24.05,-0.008247422680412342,2026-08-11,,,,,,,,
TDAY,2026-08-10,7.12,6.84,-0.0393258426966292,2026-08-11,,,,,,,,
TDC,2026-08-10,27.69,26.86,-0.029974720115565234,2026-08-11,,,,,,,,
TDCL,2026-08-10,14.37,13.55,-0.057063326374391043,2026-08-11,,,,,,,,
TDEC,2026-08-10,26.52,26.57,0.0018853695324283493,2026-08-11,,,,,,,,
TDF,2026-08-10,11.16,11.03,-0.011648745519713288,2026-08-11,,,,,,,,
TDG,2026-08-10,1223.48,1242.04,0.01516984339752181,2026-08-11,,,,,,,,
TDI,2026-08-10,46.34,46.48,0.0030211480362536403,2026-08-11,,,,,,,,
TDIC,2026-08-10,2.68,2.89,0.07835820895522394,2026-08-11,,,,,,,,
TDIV,2026-08-10,116.77,116.65,-0.0010276612143529373,2026-08-11,,,,,,,,
TDOC,2026-08-10,7.08,6.81,-0.03813559322033899,2026-08-11,,,,,,,,
TDOG,2026-08-10,14.03,14.27,0.017106200997861754,2026-08-11,,,,,,,,
TDOT,2026-08-10,9.67,9.44,-0.02378490175801451,2026-08-11,,,,,,,,
TDS,2026-08-10,33.7,33.33,-0.010979228486647008,2026-08-11,,,,,,,,
TDSB,2026-08-10,24.81,24.82,0.0004030632809350898,2026-08-11,,,,,,,,
TDSC,2026-08-10,28.38,28.42,0.0014094432699085502,2026-08-11,,,,,,,,
TDTF,2026-08-10,23.3,23.3,0.0,2026-08-11,,,,,,,,
TDTH,2026-08-10,2.37,2.2,-0.07172995780590719,2026-08-11,,,,,,,,
TDTT,2026-08-10,23.55,23.53,-0.000849256900212314,2026-08-11,,,,,,,,
TDUP,2026-08-10,3.23,3.14,-0.02786377708978327,2026-08-11,,,,,,,,
TDV,2026-08-10,103.41,103.42,9.670244657189464e-05,2026-08-11,,,,,,,,
TDVG,2026-08-10,50.6,50.69,0.0017786561264820921,2026-08-11,,,,,,,,
TDVI,2026-08-10,31.93,31.92,-0.00031318509238953407,2026-08-11,,,,,,,,
TDW,2026-08-10,89.63,91.2,0.01751645654356815,2026-08-11,,,,,,,,
TDWD,2026-08-10,10.06,10.06,0.0,2026-08-11,,,,,,,,
TDY,2026-08-10,690.25,681.74,-0.012328866352770751,2026-08-11,,,,,,,,
TE,2026-08-10,5.31,5.47,0.030131826741996326,2026-08-11,,,,,,,,
TEAD,2026-08-10,0.66,0.67,0.015151515151515138,2026-08-11,,,,,,,,
TEAM,2026-08-10,151.87,154.08,0.014551919404754088,2026-08-11,,,,,,,,
TEC,2026-08-10,33.85,33.78,-0.002067946824224509,2026-08-11,,,,,,,,
TECB,2026-08-10,74.67,74.4,-0.0036159100040176195,2026-08-11,,,,,,,,
TECH,2026-08-10,72.12,72.15,0.0004159733777038266,2026-08-11,,,,,,,,
TECK,2026-08-10,66.87,66.14,-0.010916704052639559,2026-08-11,,,,,,,,
TECL,2026-08-10,205.98,204.95,-0.005000485484027539,2026-08-11,,,,,,,,
TECS,2026-08-10,61.82,62.06,0.003882238757683565,2026-08-11,,,,,,,,
TECX,2026-08-10,32.71,31.87,-0.025680220116172436,2026-08-11,,,,,,,,
TECY,2026-08-10,22.23,22.25,0.0008996851102114345,2026-08-11,,,,,,,,
TEI,2026-08-10,6.81,6.83,0.002936857562408246,2026-08-11,,,,,,,,
TEK,2026-08-10,38.39,38.44,0.0013024225058608785,2026-08-11,,,,,,,,
TEKX,2026-08-10,63.29,63.83,0.008532153578764357,2026-08-11,,,,,,,,
TEKY,2026-08-10,45.43,45.37,-0.0013207131851200593,2026-08-11,,,,,,,,
TEL,2026-08-10,214.28,218.69,0.020580548814635113,2026-08-11,,,,,,,,
TELA,2026-08-10,0.93,0.79,-0.15053763440860213,2026-08-11,,,,,,,,
TELG,2026-08-10,14.21,14.76,0.03870513722730462,2026-08-11,,,,,,,,
TELO,2026-08-10,1.17,1.13,-0.03418803418803418,2026-08-11,,,,,,,,
TEM,2026-08-10,55.06,55.69,0.01144206320377772,2026-08-11,,,,,,,,
TEMC,2026-08-10,18.85,19.28,0.022811671087533236,2026-08-11,,,,,,,,
TEMD,2026-08-10,24.78,24.74,-0.0016142050040356404,2026-08-11,,,,,,,,
TEMT,2026-08-10,20.47,20.89,0.020517830972154538,2026-08-11,,,,,,,,
TEMX,2026-08-10,35.61,36.21,0.016849199663016012,2026-08-11,,,,,,,,
TEN,2026-08-10,38.31,38.23,-0.0020882276168103786,2026-08-11,,,,,,,,
TENB,2026-08-10,36.7,37.84,0.031062670299727424,2026-08-11,,,,,,,,
TEND,2026-08-10,27.87,27.84,-0.0010764262648008671,2026-08-11,,,,,,,,
TENJ,2026-08-10,28.31,28.25,-0.0021193924408335896,2026-08-11,,,,,,,,
TENM,2026-08-10,27.53,27.55,0.0007264802034143703,2026-08-11,,,,,,,,
TENX,2026-08-10,1.38,1.62,0.17391304347826098,2026-08-11,,,,,,,,
TEO,2026-08-10,14.3,13.5,-0.05594405594405594,2026-08-11,,,,,,,,
TEQI,2026-08-10,52.91,52.88,-0.0005670005670004308,2026-08-11,,,,,,,,
TER,2026-08-10,365.1,379.56,0.03960558751027099,2026-08-11,,,,,,,,
TERC,2026-08-10,21.48,22.9,0.06610800744878942,2026-08-11,,,,,,,,
TERG,2026-08-10,39.74,42.7,0.07448414695520889,2026-08-11,,,,,,,,
TESC,2026-08-10,18.09,18.27,0.00995024875621886,2026-08-11,,,,,,,,
TESL,2026-08-10,12.96,12.98,0.0015432098765431057,2026-08-11,,,,,,,,
TEST,2026-08-10,36.3,36.27,-0.0008264462809915996,2026-08-11,,,,,,,,
TETH,2026-08-10,9.36,9.38,0.002136752136752351,2026-08-11,,,,,,,,
TEUP,2026-08-10,3.86,4.11,0.06476683937823835,2026-08-11,,,,,,,,
TEVA,2026-08-10,36.14,36.48,0.009407858328721597,2026-08-11,,,,,,,,
TEX,2026-08-10,66.34,67.73,0.020952668073560554,2026-08-11,,,,,,,,
TEXN,2026-08-10,32.94,33.05,0.003339404978749183,2026-08-11,,,,,,,,
TEXU,2026-08-10,39.7,40.6,0.02267002518891692,2026-08-11,,,,,,,,
TEXX,2026-08-10,29.79,30.2,0.013763007720711595,2026-08-11,,,,,,,,
TFC,2026-08-10,51.86,52.31,0.008677207867335168,2026-08-11,,,,,,,,
TFFI,2026-08-10,20.31,20.23,-0.003938946331856097,2026-08-11,,,,,,,,
TFGZ,2026-08-10,37.59,37.39,-0.005320563979781978,2026-08-11,,,,,,,,
TFI,2026-08-10,45.03,45.07,0.0008882966910948031,2026-08-11,,,,,,,,
TFII,2026-08-10,138.8,141.92,0.022478386167146702,2026-08-11,,,,,,,,
TFIN,2026-08-10,75.3,76.34,0.0138114209827358,2026-08-11,,,,,,,,
TFJL,2026-08-10,18.79,18.8,0.0005321979776478081,2026-08-11,,,,,,,,
TFLO,2026-08-10,50.56,50.56,0.0,2026-08-11,,,,,,,,
TFLR,2026-08-10,50.73,50.63,-0.0019712201852946087,2026-08-11,,,,,,,,
TFNS,2026-08-10,29.65,29.65,0.0,2026-08-11,,,,,,,,
TFPM,2026-08-10,32.0,31.98,-0.0006249999999999867,2026-08-11,,,,,,,,
TFPN,2026-08-10,29.94,29.82,-0.004008016032064132,2026-08-11,,,,,,,,
TFSL,2026-08-10,17.21,17.24,0.0017431725740846282,2026-08-11,,,,,,,,
TFX,2026-08-10,133.0,133.54,0.004060150375939875,2026-08-11,,,,,,,,
TG,2026-08-10,8.38,7.9,-0.05727923627684972,2026-08-11,,,,,,,,
TGB,2026-08-10,8.77,8.82,0.005701254275940704,2026-08-11,,,,,,,,
TGE,2026-08-10,0.92,0.91,-0.010869565217391353,2026-08-11,,,,,,,,
TGEN,2026-08-10,3.88,4.06,0.04639175257731942,2026-08-11,,,,,,,,
TGHL,2026-08-10,1.0,0.91,-0.08999999999999997,2026-08-11,,,,,,,,
TGL,2026-08-10,2.87,3.06,0.0662020905923344,2026-08-11,,,,,,,,
TGLB,2026-08-10,30.92,30.72,-0.0064683053040104355,2026-08-11,,,,,,,,
TGLR,2026-08-10,41.42,41.47,0.0012071463061322785,2026-08-11,,,,,,,,
TGLS,2026-08-10,41.43,42.77,0.032343712285783255,2026-08-11,,,,,,,,
TGRT,2026-08-10,46.95,46.79,-0.00340788072417475,2026-08-11,,,,,,,,
TGRW,2026-08-10,47.96,47.82,-0.0029190992493745016,2026-08-11,,,,,,,,
TGS,2026-08-10,29.32,28.04,-0.043656207366985056,2026-08-11,,,,,,,,
TGT,2026-08-10,152.02,152.29,0.0017760820944612288,2026-08-11,,,,,,,,
TGTX,2026-08-10,49.16,49.9,0.015052888527258057,2026-08-11,,,,,,,,
TH,2026-08-10,16.07,16.62,0.03422526446795282,2026-08-11,,,,,,,,
THC,2026-08-10,259.93,259.45,-0.0018466510214288911,2026-08-11,,,,,,,,
THCH,2026-08-10,1.74,1.6,-0.08045977011494243,2026-08-11,,,,,,,,
THD,2026-08-10,73.7,72.91,-0.010719131614654098,2026-08-11,,,,,,,,
THEOU,2026-08-10,10.1,10.12,0.001980198019801982,2026-08-11,,,,,,,,
THEQ,2026-08-10,30.48,30.42,-0.0019685039370078705,2026-08-11,,,,,,,,
THFF,2026-08-10,80.93,81.34,0.0050661065118002835,2026-08-11,,,,,,,,
THG,2026-08-10,225.75,221.94,-0.016877076411960124,2026-08-11,,,,,,,,
THH,2026-08-10,3.11,2.61,-0.16077170418006437,2026-08-11,,,,,,,,
THIR,2026-08-10,34.55,34.48,-0.0020260492040521383,2026-08-11,,,,,,,,
THLV,2026-08-10,32.81,32.86,0.0015239256324290906,2026-08-11,,,,,,,,
THM,2026-08-10,2.67,2.83,0.05992509363295895,2026-08-11,,,,,,,,
THMR,2026-08-10,25.47,25.41,-0.002355712603062332,2026-08-11,,,,,,,,
THMZ,2026-08-10,35.05,35.02,-0.0008559201141224992,2026-08-11,,,,,,,,
THNQ,2026-08-10,90.91,91.27,0.003959960400395923,2026-08-11,,,,,,,,
THNR,2026-08-10,26.77,26.61,-0.005976839745984286,2026-08-11,,,,,,,,
THO,2026-08-10,79.51,81.31,0.02263866180354679,2026-08-11,,,,,,,,
THOR,2026-08-10,26.23,26.2,-0.001143728555089596,2026-08-11,,,,,,,,
THQ,2026-08-10,19.46,19.54,0.004110996916752319,2026-08-11,,,,,,,,
THRM,2026-08-10,41.52,41.41,-0.0026493256262043463,2026-08-11,,,,,,,,
THRO,2026-08-10,44.25,44.0,-0.005649717514124242,2026-08-11,,,,,,,,
THRV,2026-08-10,24.17,24.17,0.0,2026-08-11,,,,,,,,
THRY,2026-08-10,2.15,2.14,-0.0046511627906975495,2026-08-11,,,,,,,,
THTA,2026-08-10,15.69,15.69,0.0,2026-08-11,,,,,,,,
THW,2026-08-10,13.81,13.88,0.005068790731354023,2026-08-11,,,,,,,,
THY,2026-08-10,21.61,21.61,0.0,2026-08-11,,,,,,,,
THYF,2026-08-10,51.47,51.44,-0.0005828638041577294,2026-08-11,,,,,,,,
THYM,2026-08-10,50.19,50.19,0.0,2026-08-11,,,,,,,,
THYP,2026-08-10,32.24,31.62,-0.019230769230769273,2026-08-11,,,,,,,,
TIC,2026-08-10,10.33,10.54,0.020329138431752103,2026-08-11,,,,,,,,
TIER,2026-08-10,32.74,32.81,0.002138057422113704,2026-08-11,,,,,,,,
TIGO,2026-08-10,95.88,95.03,-0.00886524822695034,2026-08-11,,,,,,,,
TIGR,2026-08-10,4.91,4.75,-0.03258655804480659,2026-08-11,,,,,,,,
TIH,2026-08-10,25.1,24.94,-0.0063745019920318224,2026-08-11,,,,,,,,
TII,2026-08-10,2.42,2.39,-0.012396694214875992,2026-08-11,,,,,,,,
TIIV,2026-08-10,31.01,30.83,-0.005804579168010471,2026-08-11,,,,,,,,
TIL,2026-08-10,7.41,7.49,0.010796221322537214,2026-08-11,,,,,,,,
TILC,2026-08-10,26.03,26.05,0.0007683442182098155,2026-08-11,,,,,,,,
TILE,2026-08-10,37.49,38.54,0.02800746865830872,2026-08-11,,,,,,,,
TILL,2026-08-10,18.57,18.51,-0.003231017770597644,2026-08-11,,,,,,,,
TILT,2026-08-10,285.33,284.97,-0.0012616969824412738,2026-08-11,,,,,,,,
TIMB,2026-08-10,18.39,18.04,-0.019032082653616222,2026-08-11,,,,,,,,
TIME,2026-08-10,27.08,26.88,-0.00738552437223039,2026-08-11,,,,,,,,
TINS,2026-08-10,29.58,29.54,-0.0013522650439485862,2026-08-11,,,,,,,,
TINT,2026-08-10,41.64,41.77,0.0031219980787704493,2026-08-11,,,,,,,,
TINY,2026-08-10,79.21,80.45,0.015654589067037206,2026-08-11,,,,,,,,
TIP,2026-08-10,106.86,106.89,0.0002807411566536633,2026-08-11,,,,,,,,
TIPA,2026-08-10,98.68,98.69,0.00010133765707331932,2026-08-11,,,,,,,,
TIPB,2026-08-10,97.5,97.5,0.0,2026-08-11,,,,,,,,
TIPC,2026-08-10,95.89,95.9,0.00010428616122637457,2026-08-11,,,,,,,,
TIPD,2026-08-10,94.15,94.15,0.0,2026-08-11,,,,,,,,
TIPT,2026-08-10,18.07,18.03,-0.0022136137244050946,2026-08-11,,,,,,,,
TIPX,2026-08-10,18.6,18.6,0.0,2026-08-11,,,,,,,,
TIPZ,2026-08-10,51.03,51.0,-0.0005878894767783471,2026-08-11,,,,,,,,
TISC,2026-08-10,23.82,23.86,0.0016792611251048584,2026-08-11,,,,,,,,
TISI,2026-08-10,16.55,22.71,0.3722054380664652,2026-08-11,,,,,,,,
TITN,2026-08-10,18.29,18.81,0.028430836522689962,2026-08-11,,,,,,,,
TJAN,2026-08-10,28.41,28.44,0.0010559662090814381,2026-08-11,,,,,,,,
TJGC,2026-08-10,3.65,3.82,0.046575342465753344,2026-08-11,,,,,,,,
TJUL,2026-08-10,30.49,30.48,-0.0003279763857001461,2026-08-11,,,,,,,,
TJUN,2026-08-10,22.52,22.57,0.002220248667850866,2026-08-11,,,,,,,,
TJX,2026-08-10,158.82,155.74,-0.01939302354867134,2026-08-11,,,,,,,,
TK,2026-08-10,11.18,11.3,0.01073345259391778,2026-08-11,,,,,,,,
TKC,2026-08-10,5.5,5.42,-0.014545454545454528,2026-08-11,,,,,,,,
TKLF,2026-08-10,1.86,1.93,0.037634408602150504,2026-08-11,,,,,,,,
TKNO,2026-08-10,6.72,7.04,0.04761904761904767,2026-08-11,,,,,,,,
TKNQ,2026-08-10,22.93,22.94,0.000436109899694781,2026-08-11,,,,,,,,
TKNS,2026-08-10,21.53,21.41,-0.005573618207152853,2026-08-11,,,,,,,,
TKNZ,2026-08-10,24.15,24.08,-0.0028985507246377384,2026-08-11,,,,,,,,
TKO,2026-08-10,189.42,194.73,0.02803294266708911,2026-08-11,,,,,,,,
TKR,2026-08-10,126.57,128.54,0.015564509757446388,2026-08-11,,,,,,,,
TKVA,2026-08-10,,,,2026-08-11,,,,,,,,
TLA,2026-08-10,23.44,23.62,0.007679180887371961,2026-08-11,,,,,,,,
TLCI,2026-08-10,28.0,28.03,0.001071428571428612,2026-08-11,,,,,,,,
TLDR,2026-08-10,25.03,25.0,-0.001198561725928915,2026-08-11,,,,,,,,
TLF,2026-08-10,2.42,2.42,0.0,2026-08-11,,,,,,,,
TLG,2026-08-10,28.36,28.3,-0.002115655853314524,2026-08-11,,,,,,,,
TLH,2026-08-10,96.39,96.56,0.0017636684303350414,2026-08-11,,,,,,,,
TLIH,2026-08-10,5.8,5.72,-0.01379310344827589,2026-08-11,,,,,,,,
TLK,2026-08-10,14.95,14.63,-0.02140468227424741,2026-08-11,,,,,,,,
TLN,2026-08-10,343.19,357.88,0.04280427751391347,2026-08-11,,,,,,,,
TLNC,2026-08-10,10.21,10.22,0.0009794319294809117,2026-08-11,,,,,,,,
TLPH,2026-08-10,1.41,1.47,0.042553191489361764,2026-08-11,,,,,,,,
TLRY,2026-08-10,4.42,4.78,0.08144796380090513,2026-08-11,,,,,,,,
TLS,2026-08-10,4.03,4.29,0.06451612903225801,2026-08-11,,,,,,,,
TLSA,2026-08-10,1.01,1.01,0.0,2026-08-11,,,,,,,,
TLSI,2026-08-10,5.58,5.74,0.028673835125448077,2026-08-11,,,,,,,,
TLT,2026-08-10,82.06,82.19,0.0015842066780404895,2026-08-11,,,,,,,,
TLTD,2026-08-10,103.91,103.98,0.000673659897988621,2026-08-11,,,,,,,,
TLTE,2026-08-10,75.15,75.43,0.003725881570193046,2026-08-11,,,,,,,,
TLTI,2026-08-10,43.65,43.7,0.001145475372279492,2026-08-11,,,,,,,,
TLTP,2026-08-10,19.98,19.99,0.0005005005005003227,2026-08-11,,,,,,,,
TLTW,2026-08-10,21.18,21.23,0.0023607176581681433,2026-08-11,,,,,,,,
TLTX,2026-08-10,21.53,21.52,-0.0004644681839294229,2026-08-11,,,,,,,,
TLX,2026-08-10,11.79,12.0,0.01781170483460559,2026-08-11,,,,,,,,
TLYS,2026-08-10,4.25,4.16,-0.02117647058823524,2026-08-11,,,,,,,,
TM,2026-08-10,188.78,189.82,0.005509058162940894,2026-08-11,,,,,,,,
TMAR,2026-08-10,25.96,26.05,0.003466872110939878,2026-08-11,,,,,,,,
TMAT,2026-08-10,29.57,29.72,0.005072708826513228,2026-08-11,,,,,,,,
TMB,2026-08-10,25.21,25.23,0.0007933359777865245,2026-08-11,,,,,,,,
TMC,2026-08-10,4.43,4.55,0.02708803611738153,2026-08-11,,,,,,,,
TMCI,2026-08-10,4.67,4.74,0.014989293361884481,2026-08-11,,,,,,,,
TMCR,2026-08-10,6.23,6.29,0.009630818619582593,2026-08-11,,,,,,,,
TMDE,2026-08-10,0.74,0.72,-0.027027027027027084,2026-08-11,,,,,,,,
TMDV,2026-08-10,53.65,53.89,0.004473438956197562,2026-08-11,,,,,,,,
TMDX,2026-08-10,88.41,89.36,0.010745390792896714,2026-08-11,,,,,,,,
TME,2026-08-10,9.9,8.72,-0.11919191919191918,2026-08-11,,,,,,,,
TMED,2026-08-10,35.34,35.38,0.0011318619128466434,2026-08-11,,,,,,,,
TMF,2026-08-10,30.64,30.81,0.005548302872062649,2026-08-11,,,,,,,,
TMFC,2026-08-10,80.25,79.71,-0.006728971962616903,2026-08-11,,,,,,,,
TMFE,2026-08-10,31.12,30.99,-0.004177377892030876,2026-08-11,,,,,,,,
TMFG,2026-08-10,32.04,32.08,0.0012484394506866447,2026-08-11,,,,,,,,
TMFM,2026-08-10,23.24,23.31,0.003012048192771122,2026-08-11,,,,,,,,
TMFS,2026-08-10,36.9,36.83,-0.001897018970189679,2026-08-11,,,,,,,,
TMFX,2026-08-10,24.28,24.25,-0.0012355848434926209,2026-08-11,,,,,,,,
TMGN,2026-08-10,25.19,24.98,-0.00833664152441449,2026-08-11,,,,,,,,
TMH,2026-08-10,50.06,50.28,0.0043947263284058735,2026-08-11,,,,,,,,
TMLP,2026-08-10,29.72,29.82,0.003364737550471064,2026-08-11,,,,,,,,
TMNL,2026-08-10,49.83,49.81,-0.0004013646397751369,2026-08-11,,,,,,,,
TMNS,2026-08-10,49.9,49.94,0.0008016032064128709,2026-08-11,,,,,,,,
TMO,2026-08-10,599.69,605.0,0.008854574863679465,2026-08-11,,,,,,,,
TMP,2026-08-10,97.51,99.1,0.016306019895395263,2026-08-11,,,,,,,,
TMQ,2026-08-10,3.88,3.93,0.012886597938144506,2026-08-11,,,,,,,,
TMS,2026-08-10,7.4,7.47,0.009459459459459474,2026-08-11,,,,,,,,
TMSF,2026-08-10,50.12,50.13,0.0001995211492418214,2026-08-11,,,,,,,,
TMSL,2026-08-10,44.22,44.11,-0.0024875621890546595,2026-08-11,,,,,,,,
TMTS,2026-08-10,10.09,10.06,-0.0029732408325073845,2026-08-11,,,,,,,,
TMUS,2026-08-10,178.2,178.58,0.0021324354657690225,2026-08-11,,,,,,,,
TMV,2026-08-10,42.9,42.67,-0.005361305361305302,2026-08-11,,,,,,,,
TMVE,2026-08-10,18.07,18.09,0.0011068068622024363,2026-08-11,,,,,,,,
TMYY,2026-08-10,23.11,23.17,0.0025962786672437677,2026-08-11,,,,,,,,
TNA,2026-08-10,73.51,74.24,0.009930621684124397,2026-08-11,,,,,,,,
TNC,2026-08-10,69.27,66.32,-0.04258697848996684,2026-08-11,,,,,,,,
TNDM,2026-08-10,22.81,23.44,0.02761946514686553,2026-08-11,,,,,,,,
TNET,2026-08-10,67.35,66.56,-0.011729769858945693,2026-08-11,,,,,,,,
TNGX,2026-08-10,27.67,26.34,-0.048066498012287795,2026-08-11,,,,,,,,
TNGY,2026-08-10,10.54,10.73,0.018026565464895672,2026-08-11,,,,,,,,
TNK,2026-08-10,76.21,77.47,0.01653326335126626,2026-08-11,,,,,,,,
TNL,2026-08-10,73.4,73.82,0.0057220708446865665,2026-08-11,,,,,,,,
TNMG,2026-08-10,0.52,0.47,-0.09615384615384626,2026-08-11,,,,,,,,
TNON,2026-08-10,6.05,6.14,0.014876033057851235,2026-08-11,,,,,,,,
TNUK,2026-08-10,24.48,24.62,0.005718954248365993,2026-08-11,,,,,,,,
TNXP,2026-08-10,12.59,12.34,-0.019857029388403502,2026-08-11,,,,,,,,
TNXT,2026-08-10,28.34,28.29,-0.0017642907551164155,2026-08-11,,,,,,,,
TNYA,2026-08-10,0.74,0.75,0.013513513513513598,2026-08-11,,,,,,,,
TOAK,2026-08-10,28.97,28.98,0.00034518467380051376,2026-08-11,,,,,,,,
TOAO,2026-08-10,27.36,27.43,0.0025584795321638154,2026-08-11,,,,,,,,
TOCT,2026-08-10,27.28,27.28,0.0,2026-08-11,,,,,,,,
TOGA,2026-08-10,31.07,31.27,0.006437077566784577,2026-08-11,,,,,,,,
TOK,2026-08-10,155.84,155.46,-0.0024383983572895396,2026-08-11,,,,,,,,
TOL,2026-08-10,150.0,152.91,0.019400000000000084,2026-08-11,,,,,,,,
TOLL,2026-08-10,39.85,39.99,0.003513174404015107,2026-08-11,,,,,,,,
TOLZ,2026-08-10,58.83,59.12,0.004929457759646372,2026-08-11,,,,,,,,
TOMZ,2026-08-10,1.73,1.73,0.0,2026-08-11,,,,,,,,
TONT,2026-08-10,10.84,10.84,0.0,2026-08-11,,,,,,,,
TONX,2026-08-10,3.05,3.05,0.0,2026-08-11,,,,,,,,
TOON,2026-08-10,0.6,0.6,0.0,2026-08-11,,,,,,,,
TOP,2026-08-10,11.62,12.05,0.037005163511187655,2026-08-11,,,,,,,,
TOPC,2026-08-10,35.27,35.22,-0.0014176353841792722,2026-08-11,,,,,,,,
TOPP,2026-08-10,0.28,0.25,-0.1071428571428572,2026-08-11,,,,,,,,
TOPS,2026-08-10,0.76,0.77,0.013157894736842035,2026-08-11,,,,,,,,
TOPT,2026-08-10,33.96,33.67,-0.008539458186101245,2026-08-11,,,,,,,,
TOPW,2026-08-10,35.14,34.5,-0.01821286283437684,2026-08-11,,,,,,,,
TORO,2026-08-10,5.74,5.68,-0.010452961672474004,2026-08-11,,,,,,,,
TOS,2026-08-10,29.24,29.34,0.0034199726402188713,2026-08-11,,,,,,,,
TOST,2026-08-10,35.69,34.88,-0.02269543289436804,2026-08-11,,,,,,,,
TOT,2026-08-10,24.38,24.32,-0.0024610336341263084,2026-08-11,,,,,,,,
TOTL,2026-08-10,38.72,38.75,0.0007747933884296732,2026-08-11,,,,,,,,
TOTR,2026-08-10,39.5,39.56,0.0015189873417722488,2026-08-11,,,,,,,,
TOUR,2026-08-10,5.1,5.16,0.011764705882353121,2026-08-11,,,,,,,,
TOUS,2026-08-10,39.99,40.02,0.0007501875468867159,2026-08-11,,,,,,,,
TOV,2026-08-10,32.57,32.47,-0.003070310101320306,2026-08-11,,,,,,,,
TOVX,2026-08-10,0.23,0.23,0.0,2026-08-11,,,,,,,,
TOWN,2026-08-10,37.23,37.44,0.005640612409347323,2026-08-11,,,,,,,,
TOXR,2026-08-10,9.92,9.87,-0.00504032258064524,2026-08-11,,,,,,,,
TOYO,2026-08-10,5.35,5.52,0.031775700934579376,2026-08-11,,,,,,,,
TP,2026-08-10,7.31,7.59,0.03830369357045149,2026-08-11,,,,,,,,
TPAY,2026-08-10,55.0,54.83,-0.003090909090909144,2026-08-11,,,,,,,,
TPB,2026-08-10,89.38,88.08,-0.014544640859252556,2026-08-11,,,,,,,,
TPC,2026-08-10,98.52,97.53,-0.010048721071863498,2026-08-11,,,,,,,,
TPCS,2026-08-10,4.86,4.85,-0.002057613168724437,2026-08-11,,,,,,,,
TPET,2026-08-10,0.26,0.26,0.0,2026-08-11,,,,,,,,
TPFC,2026-08-10,27.79,27.96,0.006117308384310904,2026-08-11,,,,,,,,
TPFG,2026-08-10,26.32,26.5,0.006838905775075954,2026-08-11,,,,,,,,
TPFI,2026-08-10,24.56,24.61,0.0020358306188925646,2026-08-11,,,,,,,,
TPG,2026-08-10,49.4,50.6,0.02429149797570851,2026-08-11,,,,,,,,
TPHD,2026-08-10,43.44,43.57,0.0029926335174954577,2026-08-11,,,,,,,,
TPIF,2026-08-10,38.7,38.69,-0.00025839793281667855,2026-08-11,,,,,,,,
TPL,2026-08-10,350.44,364.97,0.04146216185366969,2026-08-11,,,,,,,,
TPLC,2026-08-10,51.3,51.48,0.0035087719298245723,2026-08-11,,,,,,,,
TPLS,2026-08-10,24.68,24.7,0.0008103727714747766,2026-08-11,,,,,,,,
TPLX,2026-08-10,21.45,23.08,0.07599067599067588,2026-08-11,,,,,,,,
TPOR,2026-08-10,41.69,41.79,0.0023986567522187308,2026-08-11,,,,,,,,
TPR,2026-08-10,164.78,160.54,-0.02573127806772668,2026-08-11,,,,,,,,
TPRY,2026-08-10,19.15,19.1,-0.0026109660574411553,2026-08-11,,,,,,,,
TPSC,2026-08-10,48.48,48.66,0.003712871287128605,2026-08-11,,,,,,,,
TPST,2026-08-10,1.04,1.18,0.13461538461538458,2026-08-11,,,,,,,,
TPUT,2026-08-10,25.19,25.19,0.0,2026-08-11,,,,,,,,
TPVG,2026-08-10,5.22,5.28,0.011494252873563315,2026-08-11,,,,,,,,
TPYP,2026-08-10,42.2,42.44,0.005687203791469031,2026-08-11,,,,,,,,
TPZ,2026-08-10,21.26,21.45,0.008936970837252867,2026-08-11,,,,,,,,
TQQQ,2026-08-10,73.8,73.06,-0.01002710027100262,2026-08-11,,,,,,,,
TQQY,2026-08-10,12.32,12.33,0.0008116883116882079,2026-08-11,,,,,,,,
TR,2026-08-10,39.55,39.56,0.0002528445006322322,2026-08-11,,,,,,,,
TRAD,2026-08-10,10.02,10.03,0.0009980039920158834,2026-08-11,,,,,,,,
TRAK,2026-08-10,8.44,8.57,0.01540284360189581,2026-08-11,,,,,,,,
TRAW,2026-08-10,0.54,0.54,0.0,2026-08-11,,,,,,,,
TRAX,2026-08-10,47.92,46.75,-0.024415692821369017,2026-08-11,,,,,,,,
TRBF,2026-08-10,48.7,48.69,-0.00020533880903506052,2026-08-11,,,,,,,,
TRC,2026-08-10,16.45,16.55,0.006079027355623268,2026-08-11,,,,,,,,
TRDA,2026-08-10,6.95,7.04,0.012949640287769792,2026-08-11,,,,,,,,
TREE,2026-08-10,32.28,31.52,-0.023543990086741018,2026-08-11,,,,,,,,
TREX,2026-08-10,48.17,49.74,0.03259290014531868,2026-08-11,,,,,,,,
TRFK,2026-08-10,94.25,94.76,0.005411140583554408,2026-08-11,,,,,,,,
TRFM,2026-08-10,60.96,61.28,0.005249343832020914,2026-08-11,,,,,,,,
TRGP,2026-08-10,266.21,265.45,-0.002854888997408045,2026-08-11,,,,,,,,
TRGS,2026-08-10,9.91,9.92,0.0010090817356205317,2026-08-11,,,,,,,,
TRI,2026-08-10,104.36,104.84,0.004599463395937198,2026-08-11,,,,,,,,
TRIB,2026-08-10,13.2,13.38,0.013636363636363669,2026-08-11,,,,,,,,
TRIN,2026-08-10,18.43,18.19,-0.01302224633749316,2026-08-11,,,,,,,,
TRIO,2026-08-10,66.04,65.98,-0.0009085402786190855,2026-08-11,,,,,,,,
TRIP,2026-08-10,10.78,10.95,0.0157699443413728,2026-08-11,,,,,,,,
TRLV,2026-08-10,9.08,9.3,0.02422907488986792,2026-08-11,,,,,,,,
TRMB,2026-08-10,58.44,57.98,-0.007871321013004806,2026-08-11,,,,,,,,
TRMD,2026-08-10,29.19,28.63,-0.01918465227817756,2026-08-11,,,,,,,,
TRMK,2026-08-10,47.3,47.85,0.011627906976744207,2026-08-11,,,,,,,,
TRN,2026-08-10,28.84,28.74,-0.0034674063800277377,2026-08-11,,,,,,,,
TRND,2026-08-10,37.41,37.4,-0.0002673082063618937,2026-08-11,,,,,,,,
TRNO,2026-08-10,68.36,68.26,-0.0014628437682854267,2026-08-11,,,,,,,,
TRNR,2026-08-10,3.45,3.42,-0.008695652173913104,2026-08-11,,,,,,,,
TRNS,2026-08-10,90.85,95.39,0.049972482113373795,2026-08-11,,,,,,,,
TRON,2026-08-10,1.52,1.46,-0.03947368421052633,2026-08-11,,,,,,,,
TROO,2026-08-10,2.0,1.96,-0.020000000000000018,2026-08-11,,,,,,,,
TROW,2026-08-10,113.77,113.75,-0.00017579326711780752,2026-08-11,,,,,,,,
TROX,2026-08-10,6.22,6.39,0.027331189710610992,2026-08-11,,,,,,,,
TRP,2026-08-10,63.33,63.64,0.004894994473393366,2026-08-11,,,,,,,,
TRPA,2026-08-10,38.95,38.91,-0.0010269576379975387,2026-08-11,,,,,,,,
TRS,2026-08-10,40.0,39.76,-0.006000000000000005,2026-08-11,,,,,,,,
TRSG,2026-08-10,1.5,1.5,0.0,2026-08-11,,,,,,,,
TRST,2026-08-10,54.67,55.99,0.024144869215291687,2026-08-11,,,,,,,,
TRSY,2026-08-10,30.16,30.16,0.0,2026-08-11,,,,,,,,
TRT,2026-08-10,10.6,11.18,0.05471698113207557,2026-08-11,,,,,,,,
TRTX,2026-08-10,7.92,8.0,0.010101010101010166,2026-08-11,,,,,,,,
TRTY,2026-08-10,31.39,31.41,0.0006371455877667298,2026-08-11,,,,,,,,
TRU,2026-08-10,79.14,80.37,0.015542077331311743,2026-08-11,,,,,,,,
TRUC,2026-08-10,25.6,25.3,-0.01171875,2026-08-11,,,,,,,,
TRUD,2026-08-10,26.91,26.7,-0.0078037904124861335,2026-08-11,,,,,,,,
TRUF,2026-08-10,30.1,30.11,0.0003322259136211425,2026-08-11,,,,,,,,
TRUG,2026-08-10,0.87,0.88,0.011494252873563315,2026-08-11,,,,,,,,
TRUH,2026-08-10,29.35,29.26,-0.003066439522998343,2026-08-11,,,,,,,,
TRUI,2026-08-10,26.4,26.57,0.006439393939394078,2026-08-11,,,,,,,,
TRUM,2026-08-10,26.09,26.08,-0.00038328861632819233,2026-08-11,,,,,,,,
TRUN,2026-08-10,28.35,28.66,0.010934744268077612,2026-08-11,,,,,,,,
TRUO,2026-08-10,25.6,25.56,-0.0015625000000001332,2026-08-11,,,,,,,,
TRUP,2026-08-10,29.06,30.51,0.04989676531314524,2026-08-11,,,,,,,,
TRUR,2026-08-10,25.07,24.85,-0.008775428799361773,2026-08-11,,,,,,,,
TRUT,2026-08-10,31.99,31.9,-0.0028133791809940023,2026-08-11,,,,,,,,
TRUU,2026-08-10,23.56,23.83,0.011460101867572181,2026-08-11,,,,,,,,
TRV,2026-08-10,375.62,375.61,-2.6622650551089144e-05,2026-08-11,,,,,,,,
TRVG,2026-08-10,5.32,5.23,-0.016917293233082664,2026-08-11,,,,,,,,
TRVI,2026-08-10,17.8,17.8,0.0,2026-08-11,,,,,,,,
TRX,2026-08-10,1.06,1.07,0.009433962264151052,2026-08-11,,,,,,,,
TS,2026-08-10,54.26,53.44,-0.015112421673424303,2026-08-11,,,,,,,,
TSAT,2026-08-10,56.74,59.48,0.048290447655974456,2026-08-11,,,,,,,,
TSBK,2026-08-10,45.0,45.63,0.014000000000000012,2026-08-11,,,,,,,,
TSCM,2026-08-10,21.05,21.06,0.00047505938242276,2026-08-11,,,,,,,,
TSCO,2026-08-10,34.62,35.29,0.01935297515886769,2026-08-11,,,,,,,,
TSCV,2026-08-10,32.23,32.43,0.0062053986968664265,2026-08-11,,,,,,,,
TSDD,2026-08-10,10.03,9.91,-0.011964107676968982,2026-08-11,,,,,,,,
TSEC,2026-08-10,25.59,25.57,-0.0007815552950370952,2026-08-11,,,,,,,,
TSEG,2026-08-10,9.51,9.23,-0.029442691903259655,2026-08-11,,,,,,,,
TSEL,2026-08-10,28.97,28.78,-0.006558508802209095,2026-08-11,,,,,,,,
TSEM,2026-08-10,252.55,249.58,-0.011760047515343541,2026-08-11,,,,,,,,
TSEP,2026-08-10,26.39,26.43,0.0015157256536566521,2026-08-11,,,,,,,,
TSES,2026-08-10,30.79,31.24,0.014615134784020656,2026-08-11,,,,,,,,
TSEU,2026-08-10,20.64,19.83,-0.0392441860465117,2026-08-11,,,,,,,,
TSHA,2026-08-10,6.37,6.68,0.04866562009419151,2026-08-11,,,,,,,,
TSI,2026-08-10,4.41,4.41,0.0,2026-08-11,,,,,,,,
TSIB,2026-08-10,27.15,27.33,0.006629834254143541,2026-08-11,,,,,,,,
TSIC,2026-08-10,25.56,25.56,0.0,2026-08-11,,,,,,,,
TSII,2026-08-10,12.64,12.53,-0.008702531645569667,2026-08-11,,,,,,,,
TSL,2026-08-10,12.23,12.31,0.006541291905151292,2026-08-11,,,,,,,,
TSLA,2026-08-10,330.88,332.81,0.005832930367504874,2026-08-11,,,,,,,,
TSLG,2026-08-10,4.08,4.12,0.009803921568627416,2026-08-11,,,,,,,,
TSLI,2026-08-10,15.33,15.49,0.010437051532941943,2026-08-11,,,,,,,,
TSLL,2026-08-10,8.21,8.31,0.012180267965895109,2026-08-11,,,,,,,,
TSLP,2026-08-10,13.86,13.94,0.005772005772005873,2026-08-11,,,,,,,,
TSLQ,2026-08-10,23.84,23.57,-0.011325503355704702,2026-08-11,,,,,,,,
TSLR,2026-08-10,14.15,14.31,0.011307420494699683,2026-08-11,,,,,,,,
TSLS,2026-08-10,62.76,62.41,-0.005576800509878965,2026-08-11,,,,,,,,
TSLT,2026-08-10,11.46,11.59,0.011343804537521818,2026-08-11,,,,,,,,
TSLW,2026-08-10,16.81,16.97,0.009518143961927406,2026-08-11,,,,,,,,
TSLX,2026-08-10,18.8,18.76,-0.0021276595744680327,2026-08-11,,,,,,,,
TSLY,2026-08-10,21.73,21.85,0.0055223193741371635,2026-08-11,,,,,,,,
TSLZ,2026-08-10,15.14,14.96,-0.011889035667106973,2026-08-11,,,,,,,,
TSM,2026-08-10,418.47,422.06,0.008578870647836023,2026-08-11,,,,,,,,
TSME,2026-08-10,49.83,50.47,0.01284366847280749,2026-08-11,,,,,,,,
TSMG,2026-08-10,37.73,38.3,0.015107341637953908,2026-08-11,,,,,,,,
TSMU,2026-08-10,67.91,68.95,0.015314386688263903,2026-08-11,,,,,,,,
TSMX,2026-08-10,78.0,79.28,0.016410256410256396,2026-08-11,,,,,,,,
TSMY,2026-08-10,15.39,15.52,0.008447043534762777,2026-08-11,,,,,,,,
TSMZ,2026-08-10,7.93,7.85,-0.010088272383354413,2026-08-11,,,,,,,,
TSN,2026-08-10,57.16,56.43,-0.012771168649405085,2026-08-11,,,,,,,,
TSNF,2026-08-10,31.17,31.6,0.013795316008982983,2026-08-11,,,,,,,,
TSOL,2026-08-10,7.39,7.34,-0.006765899864682012,2026-08-11,,,,,,,,
TSPA,2026-08-10,48.77,48.58,-0.0038958376050851617,2026-08-11,,,,,,,,
TSPX,2026-08-10,30.67,30.59,-0.002608412129116444,2026-08-11,,,,,,,,
TSPY,2026-08-10,25.79,25.71,-0.00310197751066299,2026-08-11,,,,,,,,
TSQ,2026-08-10,5.95,5.51,-0.07394957983193284,2026-08-11,,,,,,,,
TSRS,2026-08-10,27.03,26.9,-0.004809470958194728,2026-08-11,,,,,,,,
TSSD,2026-08-10,31.75,31.74,-0.0003149606299213126,2026-08-11,,,,,,,,
TSSI,2026-08-10,11.59,11.4,-0.016393442622950727,2026-08-11,,,,,,,,
TSUI,2026-08-10,13.82,13.62,-0.01447178002894367,2026-08-11,,,,,,,,
TSXD,2026-08-10,5.59,5.57,-0.003577817531305816,2026-08-11,,,,,,,,
TSXU,2026-08-10,55.42,56.0,0.010465535907614454,2026-08-11,,,,,,,,
TSYW,2026-08-10,41.28,41.32,0.0009689922480620172,2026-08-11,,,,,,,,
TSYX,2026-08-10,23.87,23.73,-0.0058651026392961825,2026-08-11,,,,,,,,
TSYY,2026-08-10,20.37,20.35,-0.0009818360333824216,2026-08-11,,,,,,,,
TT,2026-08-10,476.99,483.96,0.014612465670139851,2026-08-11,,,,,,,,
TTAM,2026-08-10,15.81,16.01,0.012650221378874171,2026-08-11,,,,,,,,
TTAN,2026-08-10,86.89,88.39,0.01726320635285994,2026-08-11,,,,,,,,
TTC,2026-08-10,98.66,98.81,0.0015203729981756453,2026-08-11,,,,,,,,
TTD,2026-08-10,13.39,13.56,0.012696041822255477,2026-08-11,,,,,,,,
TTDU,2026-08-10,1.3,1.33,0.023076923076922995,2026-08-11,,,,,,,,
TTE,2026-08-10,87.96,87.95,-0.00011368804001810062,2026-08-11,,,,,,,,
TTEC,2026-08-10,2.33,1.73,-0.2575107296137339,2026-08-11,,,,,,,,
TTEK,2026-08-10,35.04,35.38,0.009703196347031984,2026-08-11,,,,,,,,
TTEQ,2026-08-10,41.65,41.69,0.0009603841536613977,2026-08-11,,,,,,,,
TTGT,2026-08-10,3.9,3.75,-0.038461538461538436,2026-08-11,,,,,,,,
TTI,2026-08-10,8.65,8.82,0.01965317919075149,2026-08-11,,,,,,,,
TTMI,2026-08-10,130.08,130.74,0.005073800738007339,2026-08-11,,,,,,,,
TTMX,2026-08-10,10.59,10.62,0.0028328611898016387,2026-08-11,,,,,,,,
TTOP,2026-08-10,15.0,14.93,-0.004666666666666708,2026-08-11,,,,,,,,
TTRX,2026-08-10,9.6,10.22,0.06458333333333344,2026-08-11,,,,,,,,
TTT,2026-08-10,76.03,75.95,-0.0010522162304352767,2026-08-11,,,,,,,,
TTWO,2026-08-10,253.57,250.5,-0.012107110462594162,2026-08-11,,,,,,,,
TTXD,2026-08-10,12.96,13.09,0.010030864197530853,2026-08-11,,,,,,,,
TTXU,2026-08-10,34.49,34.11,-0.011017686285880068,2026-08-11,,,,,,,,
TU,2026-08-10,9.59,9.64,0.005213764337852034,2026-08-11,,,,,,,,
TUA,2026-08-10,20.32,20.33,0.0004921259842518566,2026-08-11,,,,,,,,
TUG,2026-08-10,47.04,46.78,-0.005527210884353706,2026-08-11,,,,,,,,
TUGN,2026-08-10,27.88,27.76,-0.00430416068866557,2026-08-11,,,,,,,,
TULP,2026-08-10,3.51,3.61,0.028490028490028463,2026-08-11,,,,,,,,
TUR,2026-08-10,38.75,38.36,-0.010064516129032253,2026-08-11,,,,,,,,
TURB,2026-08-10,1.4,1.4,0.0,2026-08-11,,,,,,,,
TURF,2026-08-10,34.06,34.08,0.0005871990604813249,2026-08-11,,,,,,,,
TUSB,2026-08-10,50.45,50.46,0.0001982160555005219,2026-08-11,,,,,,,,
TUSI,2026-08-10,25.34,25.33,-0.00039463299131814455,2026-08-11,,,,,,,,
TUSK,2026-08-10,3.36,3.28,-0.023809523809523836,2026-08-11,,,,,,,,
TUYA,2026-08-10,1.85,1.79,-0.032432432432432434,2026-08-11,,,,,,,,
TV,2026-08-10,2.89,2.8,-0.03114186851211087,2026-08-11,,,,,,,,
TVA,2026-08-10,10.54,10.54,0.0,2026-08-11,,,,,,,,
TVAI,2026-08-10,10.38,10.4,0.0019267822736031004,2026-08-11,,,,,,,,
TVAL,2026-08-10,43.49,43.4,-0.0020694412508623916,2026-08-11,,,,,,,,
TVGN,2026-08-10,6.39,6.65,0.04068857589984365,2026-08-11,,,,,,,,
TVIV,2026-08-10,9.9,9.9,0.0,2026-08-11,,,,,,,,
TVRD,2026-08-10,1.76,1.77,0.005681818181818121,2026-08-11,,,,,,,,
TVTX,2026-08-10,60.89,60.21,-0.011167679421908328,2026-08-11,,,,,,,,
TW,2026-08-10,103.7,104.42,0.006943105110896797,2026-08-11,,,,,,,,
TWAV,2026-08-10,1.36,1.36,0.0,2026-08-11,,,,,,,,
TWFG,2026-08-10,27.64,27.45,-0.006874095513748291,2026-08-11,,,,,,,,
TWG,2026-08-10,1.47,1.44,-0.020408163265306145,2026-08-11,,,,,,,,
TWI,2026-08-10,7.08,7.14,0.008474576271186418,2026-08-11,,,,,,,,
TWIN,2026-08-10,23.71,24.16,0.018979333614508542,2026-08-11,,,,,,,,
TWLO,2026-08-10,250.06,255.95,0.02355434695673031,2026-08-11,,,,,,,,
TWLV,2026-08-10,10.03,10.03,0.0,2026-08-11,,,,,,,,
TWM,2026-08-10,20.84,20.68,-0.007677543186180413,2026-08-11,,,,,,,,
TWN,2026-08-10,91.97,93.78,0.019680330542568347,2026-08-11,,,,,,,,
TWO,2026-08-10,12.03,11.99,-0.0033250207813798616,2026-08-11,,,,,,,,
TWOX,2026-08-10,29.99,29.95,-0.0013337779259753324,2026-08-11,,,,,,,,
TWSC,2026-08-10,22.25,22.55,0.013483146067415852,2026-08-11,,,,,,,,
TWST,2026-08-10,124.88,123.12,-0.014093529788597015,2026-08-11,,,,,,,,
TX,2026-08-10,54.8,54.69,-0.0020072992700730374,2026-08-11,,,,,,,,
TXBC,2026-08-10,13.13,13.19,0.004569687738004369,2026-08-11,,,,,,,,
TXG,2026-08-10,58.57,58.48,-0.0015366228444596564,2026-08-11,,,,,,,,
TXMD,2026-08-10,2.07,2.07,0.0,2026-08-11,,,,,,,,
TXN,2026-08-10,280.44,281.24,0.0028526601055485212,2026-08-11,,,,,,,,
TXNM,2026-08-10,57.36,57.31,-0.0008716875871687124,2026-08-11,,,,,,,,
TXNU,2026-08-10,45.59,45.77,0.003948234261899497,2026-08-11,,,,,,,,
TXO,2026-08-10,14.02,14.37,0.024964336661911446,2026-08-11,,,,,,,,
TXRH,2026-08-10,207.46,209.82,0.011375686879398383,2026-08-11,,,,,,,,
TXS,2026-08-10,42.08,42.12,0.000950570342205248,2026-08-11,,,,,,,,
TXT,2026-08-10,89.2,88.21,-0.011098654708520228,2026-08-11,,,,,,,,
TXUE,2026-08-10,36.54,36.55,0.00027367268746569806,2026-08-11,,,,,,,,
TXUG,2026-08-10,27.78,28.08,0.010799136069114423,2026-08-11,,,,,,,,
TXXD,2026-08-10,2.91,3.01,0.03436426116838476,2026-08-11,,,,,,,,
TXXH,2026-08-10,32.88,31.52,-0.041362530413625365,2026-08-11,,,,,,,,
TXXI,2026-08-10,50.14,50.16,0.0003988831272436766,2026-08-11,,,,,,,,
TXXS,2026-08-10,20.08,19.48,-0.029880478087649265,2026-08-11,,,,,,,,
TY,2026-08-10,35.81,35.77,-0.0011170064227868925,2026-08-11,,,,,,,,
TYA,2026-08-10,12.27,12.31,0.0032599837000815146,2026-08-11,,,,,,,,
TYD,2026-08-10,22.62,22.68,0.0026525198938991412,2026-08-11,,,,,,,,
TYG,2026-08-10,42.58,42.81,0.005401596993893865,2026-08-11,,,,,,,,
TYGO,2026-08-10,1.18,1.25,0.05932203389830515,2026-08-11,,,,,,,,
TYL,2026-08-10,318.63,322.93,0.013495276653171517,2026-08-11,,,,,,,,
TYLD,2026-08-10,25.37,25.38,0.00039416633819455704,2026-08-11,,,,,,,,
TYLG,2026-08-10,41.64,41.65,0.00024015369836694056,2026-08-11,,,,,,,,
TYO,2026-08-10,14.7,14.64,-0.004081632653061162,2026-08-11,,,,,,,,
TYRA,2026-08-10,26.25,25.18,-0.04076190476190478,2026-08-11,,,,,,,,
TYYY,2026-08-10,35.51,35.69,0.005068994649394476,2026-08-11,,,,,,,,
TZA,2026-08-10,38.19,37.81,-0.00995024875621875,2026-08-11,,,,,,,,
TZOO,2026-08-10,7.19,7.12,-0.009735744089012566,2026-08-11,,,,,,,,
U,2026-08-10,43.1,43.87,0.01786542923433876,2026-08-11,,,,,,,,
UA,2026-08-10,5.68,5.2,-0.08450704225352101,2026-08-11,,,,,,,,
UAA,2026-08-10,5.87,5.34,-0.09028960817717213,2026-08-11,,,,,,,,
UAC,2026-08-10,9.95,9.95,0.0,2026-08-11,,,,,,,,
UAE,2026-08-10,19.65,19.45,-0.010178117048346036,2026-08-11,,,,,,,,
UAL,2026-08-10,123.76,126.31,0.02060439560439553,2026-08-11,,,,,,,,
UAMY,2026-08-10,6.67,6.58,-0.013493253373313308,2026-08-11,,,,,,,,
UAN,2026-08-10,117.01,120.17,0.027006238783009895,2026-08-11,,,,,,,,
UAPR,2026-08-10,35.62,35.58,-0.001122964626614209,2026-08-11,,,,,,,,
UAUG,2026-08-10,43.01,42.97,-0.0009300162752847729,2026-08-11,,,,,,,,
UAVS,2026-08-10,1.01,1.0,-0.00990099009900991,2026-08-11,,,,,,,,
UBCP,2026-08-10,15.65,16.12,0.030031948881789283,2026-08-11,,,,,,,,
UBER,2026-08-10,78.03,78.54,0.006535947712418277,2026-08-11,,,,,,,,
UBEW,2026-08-10,28.63,28.86,0.008033531260915217,2026-08-11,,,,,,,,
UBND,2026-08-10,21.36,21.36,0.0,2026-08-11,,,,,,,,
UBOT,2026-08-10,24.82,24.91,0.003626107977437565,2026-08-11,,,,,,,,
UBR,2026-08-10,30.09,28.08,-0.06679960119641082,2026-08-11,,,,,,,,
UBRL,2026-08-10,16.98,17.24,0.015312131919905658,2026-08-11,,,,,,,,
UBS,2026-08-10,53.96,53.69,-0.0050037064492216565,2026-08-11,,,,,,,,
UBSI,2026-08-10,48.05,48.5,0.009365244536940764,2026-08-11,,,,,,,,
UBT,2026-08-10,14.78,14.88,0.006765899864682012,2026-08-11,,,,,,,,
UCAR,2026-08-10,0.73,0.77,0.0547945205479452,2026-08-11,,,,,,,,
UCB,2026-08-10,35.4,36.14,0.02090395480226004,2026-08-11,,,,,,,,
UCC,2026-08-10,49.36,48.96,-0.008103727714748765,2026-08-11,,,,,,,,
UCIB,2026-08-10,35.83,35.85,0.0005581914596708426,2026-08-11,,,,,,,,
UCL,2026-08-10,0.77,0.81,0.051948051948051965,2026-08-11,,,,,,,,
UCO,2026-08-10,41.21,41.82,0.01480223246784762,2026-08-11,,,,,,,,
UCON,2026-08-10,24.62,24.65,0.0012185215272135785,2026-08-11,,,,,,,,
UCOP,2026-08-10,43.82,43.84,0.00045641259698769865,2026-08-11,,,,,,,,
UCRD,2026-08-10,21.12,21.12,0.0,2026-08-11,,,,,,,,
UCTT,2026-08-10,82.27,86.07,0.04618937644341803,2026-08-11,,,,,,,,
UCTX,2026-08-10,9.04,9.77,0.08075221238938068,2026-08-11,,,,,,,,
UCYB,2026-08-10,94.14,92.62,-0.01614616528574464,2026-08-11,,,,,,,,
UDEC,2026-08-10,42.51,42.46,-0.001176193836744277,2026-08-11,,,,,,,,
UDI,2026-08-10,37.03,37.15,0.003240615716986195,2026-08-11,,,,,,,,
UDIV,2026-08-10,61.95,61.92,-0.0004842615012107254,2026-08-11,,,,,,,,
UDN,2026-08-10,18.14,18.16,0.0011025358324145973,2026-08-11,,,,,,,,
UDOW,2026-08-10,75.84,75.1,-0.009757383966244815,2026-08-11,,,,,,,,
UDR,2026-08-10,37.66,37.3,-0.009559214020180562,2026-08-11,,,,,,,,
UE,2026-08-10,21.79,21.63,-0.007342817806333168,2026-08-11,,,,,,,,
UEC,2026-08-10,11.38,11.46,0.007029876977152849,2026-08-11,,,,,,,,
UECG,2026-08-10,4.43,4.49,0.013544018058690765,2026-08-11,,,,,,,,
UEIC,2026-08-10,5.56,5.79,0.04136690647482033,2026-08-11,,,,,,,,
UEVM,2026-08-10,60.38,59.88,-0.008280887711162643,2026-08-11,,,,,,,,
UFCS,2026-08-10,53.49,53.96,0.00878668910076641,2026-08-11,,,,,,,,
UFEB,2026-08-10,39.3,39.27,-0.0007633587786257667,2026-08-11,,,,,,,,
UFG,2026-08-10,0.55,0.59,0.07272727272727253,2026-08-11,,,,,,,,
UFI,2026-08-10,6.92,6.92,0.0,2026-08-11,,,,,,,,
UFIV,2026-08-10,47.88,47.9,0.0004177109440266502,2026-08-11,,,,,,,,
UFO,2026-08-10,47.88,47.95,0.0014619883040936088,2026-08-11,,,,,,,,
UFOD,2026-08-10,25.72,25.8,0.0031104199066873672,2026-08-11,,,,,,,,
UFOX,2026-08-10,85.35,85.07,-0.0032806092560047073,2026-08-11,,,,,,,,
UFPI,2026-08-10,90.9,92.82,0.021122112211221067,2026-08-11,,,,,,,,
UFPT,2026-08-10,325.0,321.91,-0.009507692307692217,2026-08-11,,,,,,,,
UG,2026-08-10,7.28,7.15,-0.017857142857142794,2026-08-11,,,,,,,,
UGA,2026-08-10,118.35,118.94,0.004985213350232387,2026-08-11,,,,,,,,
UGE,2026-08-10,19.23,19.2,-0.0015600624024961762,2026-08-11,,,,,,,,
UGI,2026-08-10,33.99,35.16,0.034421888790820754,2026-08-11,,,,,,,,
UGL,2026-08-10,51.71,51.32,-0.007542061496809138,2026-08-11,,,,,,,,
UGLD,2026-08-10,22.75,22.56,-0.008351648351648366,2026-08-11,,,,,,,,
UGP,2026-08-10,6.01,5.96,-0.008319467554076532,2026-08-11,,,,,,,,
UHAL,2026-08-10,74.01,73.32,-0.00932306445075004,2026-08-11,,,,,,,,
UHAL-B,2026-08-10,64.67,64.32,-0.005412092160198112,2026-08-11,,,,,,,,
UHS,2026-08-10,172.74,168.72,-0.023271969433831252,2026-08-11,,,,,,,,
UHT,2026-08-10,41.41,40.75,-0.01593817918377194,2026-08-11,,,,,,,,
UI,2026-08-10,570.47,573.26,0.004890704156222059,2026-08-11,,,,,,,,
UIS,2026-08-10,2.89,2.81,-0.02768166089965396,2026-08-11,,,,,,,,
UITB,2026-08-10,46.03,46.06,0.0006517488594395271,2026-08-11,,,,,,,,
UIVM,2026-08-10,76.8,77.08,0.003645833333333348,2026-08-11,,,,,,,,
UJAN,2026-08-10,46.05,46.04,-0.00021715526601517876,2026-08-11,,,,,,,,
UJB,2026-08-10,78.71,78.65,-0.0007622919578197385,2026-08-11,,,,,,,,
UJUL,2026-08-10,41.46,41.43,-0.0007235890014472002,2026-08-11,,,,,,,,
UJUN,2026-08-10,39.27,39.22,-0.001273236567354341,2026-08-11,,,,,,,,
UK,2026-08-10,2.04,2.24,0.0980392156862746,2026-08-11,,,,,,,,
UL,2026-08-10,62.86,62.37,-0.007795100222717233,2026-08-11,,,,,,,,
ULBI,2026-08-10,6.94,7.16,0.03170028818443793,2026-08-11,,,,,,,,
ULCC,2026-08-10,6.78,6.91,0.019174041297935096,2026-08-11,,,,,,,,
ULE,2026-08-10,12.61,12.61,0.0,2026-08-11,,,,,,,,
ULH,2026-08-10,18.89,19.09,0.010587612493382803,2026-08-11,,,,,,,,
ULS,2026-08-10,78.05,77.05,-0.012812299807815508,2026-08-11,,,,,,,,
ULST,2026-08-10,40.31,40.31,0.0,2026-08-11,,,,,,,,
ULTA,2026-08-10,548.66,541.35,-0.013323369664272833,2026-08-11,,,,,,,,
ULTI,2026-08-10,7.41,7.42,0.0013495276653170407,2026-08-11,,,,,,,,
ULTY,2026-08-10,27.2,27.15,-0.0018382352941176405,2026-08-11,,,,,,,,
ULVM,2026-08-10,109.65,109.76,0.0010031919744641904,2026-08-11,,,,,,,,
UMAC,2026-08-10,27.14,25.97,-0.0431098010316876,2026-08-11,,,,,,,,
UMAL,2026-08-10,18.2,16.51,-0.09285714285714275,2026-08-11,,,,,,,,
UMAR,2026-08-10,42.92,42.93,0.00023299161230183607,2026-08-11,,,,,,,,
UMAY,2026-08-10,38.64,38.6,-0.0010351966873706209,2026-08-11,,,,,,,,
UMBF,2026-08-10,146.11,147.54,0.009787146670316771,2026-08-11,,,,,,,,
UMC,2026-08-10,18.79,18.94,0.007982969664715345,2026-08-11,,,,,,,,
UMCX,2026-08-10,11.79,11.88,0.007633587786259666,2026-08-11,,,,,,,,
UMDD,2026-08-10,37.57,37.92,0.009315943571998941,2026-08-11,,,,,,,,
UMH,2026-08-10,15.68,16.13,0.02869897959183665,2026-08-11,,,,,,,,
UMI,2026-08-10,60.02,60.41,0.006497834055314788,2026-08-11,,,,,,,,
UMMA,2026-08-10,37.02,37.21,0.0051323608860074366,2026-08-11,,,,,,,,
UN,2026-08-10,23.51,22.72,-0.03360272224585292,2026-08-11,,,,,,,,
UNB,2026-08-10,23.69,24.35,0.027859856479527156,2026-08-11,,,,,,,,
UNCY,2026-08-10,5.02,5.0,-0.003984063745019806,2026-08-11,,,,,,,,
UNF,2026-08-10,289.64,291.48,0.006352713713575486,2026-08-11,,,,,,,,
UNFI,2026-08-10,46.3,47.27,0.020950323974082252,2026-08-11,,,,,,,,
UNG,2026-08-10,10.14,10.07,-0.006903353057199246,2026-08-11,,,,,,,,
UNH,2026-08-10,408.74,402.19,-0.01602485687723254,2026-08-11,,,,,,,,
UNHG,2026-08-10,21.58,20.83,-0.03475440222428172,2026-08-11,,,,,,,,
UNHU,2026-08-10,52.6,50.86,-0.0330798479087453,2026-08-11,,,,,,,,
UNHW,2026-08-10,50.4,49.4,-0.019841269841269882,2026-08-11,,,,,,,,
UNIT,2026-08-10,9.39,9.27,-0.012779552715655007,2026-08-11,,,,,,,,
UNIY,2026-08-10,47.64,47.67,0.0006297229219143219,2026-08-11,,,,,,,,
UNL,2026-08-10,5.98,6.01,0.0050167224080266415,2026-08-11,,,,,,,,
UNM,2026-08-10,91.39,89.85,-0.01685085895612215,2026-08-11,,,,,,,,
UNOV,2026-08-10,40.96,40.93,-0.000732421875,2026-08-11,,,,,,,,
UNP,2026-08-10,292.24,292.87,0.002155762387079152,2026-08-11,,,,,,,,
UNTY,2026-08-10,59.51,60.69,0.019828600235254568,2026-08-11,,,,,,,,
UNX,2026-08-10,99.58,102.46,0.028921470174733788,2026-08-11,,,,,,,,
UOCT,2026-08-10,41.86,41.85,-0.00023889154323930573,2026-08-11,,,,,,,,
UONE,2026-08-10,5.28,5.09,-0.03598484848484851,2026-08-11,,,,,,,,
UP,2026-08-10,5.26,5.36,0.019011406844106515,2026-08-11,,,,,,,,
UPAL,2026-08-10,27.81,27.09,-0.025889967637540368,2026-08-11,,,,,,,,
UPAR,2026-08-10,16.09,16.07,-0.0012430080795524656,2026-08-11,,,,,,,,
UPB,2026-08-10,7.44,7.09,-0.04704301075268824,2026-08-11,,,,,,,,
UPBD,2026-08-10,19.22,19.1,-0.006243496357960288,2026-08-11,,,,,,,,
UPC,2026-08-10,7.09,5.94,-0.16220028208744708,2026-08-11,,,,,,,,
UPGD,2026-08-10,83.9,84.06,0.0019070321811680557,2026-08-11,,,,,,,,
UPGR,2026-08-10,24.88,25.18,0.012057877813504758,2026-08-11,,,,,,,,
UPLD,2026-08-10,4.94,4.84,-0.020242914979757165,2026-08-11,,,,,,,,
UPLT,2026-08-10,25.18,24.83,-0.013899920571882496,2026-08-11,,,,,,,,
UPRO,2026-08-10,154.98,153.36,-0.01045296167247367,2026-08-11,,,,,,,,
UPS,2026-08-10,104.72,104.43,-0.002769289533995356,2026-08-11,,,,,,,,
UPSC,2026-08-10,20.07,19.51,-0.027902341803687003,2026-08-11,,,,,,,,
UPSD,2026-08-10,30.23,30.09,-0.004631161098246794,2026-08-11,,,,,,,,
UPST,2026-08-10,30.21,29.89,-0.010592519033432612,2026-08-11,,,,,,,,
UPSX,2026-08-10,15.99,15.52,-0.029393370856785506,2026-08-11,,,,,,,,
UPV,2026-08-10,107.44,106.47,-0.009028294862248654,2026-08-11,,,,,,,,
UPW,2026-08-10,21.41,21.88,0.021952358710882747,2026-08-11,,,,,,,,
UPWK,2026-08-10,9.83,8.36,-0.14954221770091558,2026-08-11,,,,,,,,
UPXI,2026-08-10,0.8,0.8,0.0,2026-08-11,,,,,,,,
URA,2026-08-10,44.38,45.17,0.017800811176205578,2026-08-11,,,,,,,,
URAA,2026-08-10,25.48,26.36,0.03453689167974883,2026-08-11,,,,,,,,
URAN,2026-08-10,38.96,39.59,0.01617043121149897,2026-08-11,,,,,,,,
URBN,2026-08-10,79.49,79.43,-0.0007548119260283315,2026-08-11,,,,,,,,
URE,2026-08-10,69.26,68.19,-0.015449032630667103,2026-08-11,,,,,,,,
URG,2026-08-10,1.42,1.39,-0.021126760563380254,2026-08-11,,,,,,,,
URGN,2026-08-10,46.31,47.11,0.017274886633556363,2026-08-11,,,,,,,,
URI,2026-08-10,1137.52,1143.59,0.005336169913495947,2026-08-11,,,,,,,,
URNJ,2026-08-10,24.51,24.87,0.014687882496940086,2026-08-11,,,,,,,,
URNM,2026-08-10,54.6,55.37,0.014102564102564052,2026-08-11,,,,,,,,
UROY,2026-08-10,4.13,4.17,0.009685230024213176,2026-08-11,,,,,,,,
URSP,2026-08-10,52.08,52.91,0.0159370199692781,2026-08-11,,,,,,,,
URTH,2026-08-10,210.11,209.69,-0.0019989529294179853,2026-08-11,,,,,,,,
URTY,2026-08-10,85.51,86.37,0.010057303239387139,2026-08-11,,,,,,,,
USA,2026-08-10,6.03,6.06,0.004975124378109319,2026-08-11,,,,,,,,
USAC,2026-08-10,26.03,25.84,-0.007299270072992803,2026-08-11,,,,,,,,
USAF,2026-08-10,28.19,28.14,-0.0017736786094360024,2026-08-11,,,,,,,,
USAI,2026-08-10,46.56,46.51,-0.0010738831615121347,2026-08-11,,,,,,,,
USAR,2026-08-10,19.04,18.91,-0.0068277310924369505,2026-08-11,,,,,,,,
USAS,2026-08-10,5.13,5.14,0.0019493177387914784,2026-08-11,,,,,,,,
USAU,2026-08-10,15.23,15.24,0.0006565988181221893,2026-08-11,,,,,,,,
USAX,2026-08-10,13.46,13.29,-0.012630014858841188,2026-08-11,,,,,,,,
USB,2026-08-10,64.19,64.29,0.0015578750584204215,2026-08-11,,,,,,,,
USBC,2026-08-10,0.35,0.36,0.028571428571428692,2026-08-11,,,,,,,,
USCA,2026-08-10,45.86,45.71,-0.0032708242477104132,2026-08-11,,,,,,,,
USCB,2026-08-10,22.09,22.46,0.016749660479855155,2026-08-11,,,,,,,,
USCI,2026-08-10,102.83,103.07,0.002333949236604127,2026-08-11,,,,,,,,
USCL,2026-08-10,87.14,86.83,-0.0035574936883177033,2026-08-11,,,,,,,,
USD,2026-08-10,89.08,89.29,0.002357431522227227,2026-08-11,,,,,,,,
USDE,2026-08-10,2.16,2.4,0.11111111111111094,2026-08-11,,,,,,,,
USDU,2026-08-10,26.42,26.44,0.0007570022710068347,2026-08-11,,,,,,,,
USDX,2026-08-10,25.49,25.51,0.0007846214201649993,2026-08-11,,,,,,,,
USE,2026-08-10,32.1,32.42,0.009968847352024968,2026-08-11,,,,,,,,
USEA,2026-08-10,2.66,2.66,0.0,2026-08-11,,,,,,,,
USEP,2026-08-10,41.85,41.88,0.0007168458781361409,2026-08-11,,,,,,,,
USEW,2026-08-10,57.02,57.05,0.0005261311820412562,2026-08-11,,,,,,,,
USFD,2026-08-10,108.63,110.52,0.0173985086992543,2026-08-11,,,,,,,,
USFE,2026-08-10,37.1,37.04,-0.0016172506738545422,2026-08-11,,,,,,,,
USFR,2026-08-10,50.43,50.42,-0.00019829466587339972,2026-08-11,,,,,,,,
USG,2026-08-10,34.31,34.27,-0.0011658408627222006,2026-08-11,,,,,,,,
USGG,2026-08-10,8.1,7.98,-0.014814814814814725,2026-08-11,,,,,,,,
USGO,2026-08-10,8.63,8.83,0.023174971031286073,2026-08-11,,,,,,,,
USHY,2026-08-10,36.76,36.76,0.0,2026-08-11,,,,,,,,
USIG,2026-08-10,50.18,50.21,0.0005978477481067834,2026-08-11,,,,,,,,
USIN,2026-08-10,48.81,48.87,0.0012292562999385304,2026-08-11,,,,,,,,
USIO,2026-08-10,2.2,2.23,0.013636363636363447,2026-08-11,,,,,,,,
USL,2026-08-10,50.71,50.89,0.0035495957404851897,2026-08-11,,,,,,,,
USLM,2026-08-10,120.31,120.48,0.0014130163743661939,2026-08-11,,,,,,,,
USLN,2026-08-10,50.44,50.5,0.0011895321173671647,2026-08-11,,,,,,,,
USLV,2026-08-10,17.0,16.35,-0.03823529411764692,2026-08-11,,,,,,,,
USMC,2026-08-10,76.46,76.01,-0.005885430290347715,2026-08-11,,,,,,,,
USMD,2026-08-10,31.85,31.78,-0.00219780219780219,2026-08-11,,,,,,,,
USMF,2026-08-10,53.85,53.71,-0.0025998142989787087,2026-08-11,,,,,,,,
USML,2026-08-10,46.91,46.84,-0.0014922191430397636,2026-08-11,,,,,,,,
USMV,2026-08-10,100.83,100.73,-0.000991768322919695,2026-08-11,,,,,,,,
USNA,2026-08-10,14.34,13.76,-0.040446304044630454,2026-08-11,,,,,,,,
USNG,2026-08-10,34.39,34.45,0.0017446932247746627,2026-08-11,,,,,,,,
USNZ,2026-08-10,48.91,48.72,-0.0038846861582497727,2026-08-11,,,,,,,,
USO,2026-08-10,125.92,127.61,0.01342121982210931,2026-08-11,,,,,,,,
USOI,2026-08-10,45.7,45.62,-0.0017505470459520112,2026-08-11,,,,,,,,
USOY,2026-08-10,7.07,7.11,0.005657708628005631,2026-08-11,,,,,,,,
USPH,2026-08-10,81.74,81.67,-0.000856373868363014,2026-08-11,,,,,,,,
USPX,2026-08-10,67.58,67.37,-0.0031074282332049785,2026-08-11,,,,,,,,
USRT,2026-08-10,66.45,65.8,-0.009781790820165615,2026-08-11,,,,,,,,
USSE,2026-08-10,41.59,41.59,0.0,2026-08-11,,,,,,,,
USSG,2026-08-10,72.12,71.99,-0.0018025513033833596,2026-08-11,,,,,,,,
USSH,2026-08-10,50.22,50.24,0.00039824771007568316,2026-08-11,,,,,,,,
UST,2026-08-10,41.11,41.12,0.00024324981756262964,2026-08-11,,,,,,,,
USTB,2026-08-10,50.36,50.39,0.0005957108816521117,2026-08-11,,,,,,,,
USVM,2026-08-10,110.2,110.31,0.0009981851179672319,2026-08-11,,,,,,,,
USVN,2026-08-10,46.99,47.04,0.0010640561821664285,2026-08-11,,,,,,,,
USX,2026-08-10,25.56,25.43,-0.005086071987480345,2026-08-11,,,,,,,,
USXF,2026-08-10,69.0,69.08,0.001159420289855051,2026-08-11,,,,,,,,
UTEN,2026-08-10,42.37,42.41,0.0009440641963653906,2026-08-11,,,,,,,,
UTES,2026-08-10,75.76,76.83,0.01412354804646232,2026-08-11,,,,,,,,
UTF,2026-08-10,27.16,27.0,-0.00589101620029453,2026-08-11,,,,,,,,
UTG,2026-08-10,38.95,39.44,0.01258023106546835,2026-08-11,,,,,,,,
UTHR,2026-08-10,529.66,515.5,-0.026734131329532063,2026-08-11,,,,,,,,
UTHY,2026-08-10,38.81,38.86,0.001288327750579743,2026-08-11,,,,,,,,
UTI,2026-08-10,26.72,25.49,-0.04603293413173659,2026-08-11,,,,,,,,
UTL,2026-08-10,52.95,53.77,0.015486307837582647,2026-08-11,,,,,,,,
UTMD,2026-08-10,71.33,71.94,0.008551801486050836,2026-08-11,,,,,,,,
UTRE,2026-08-10,48.9,48.92,0.0004089979550103706,2026-08-11,,,,,,,,
UTSI,2026-08-10,2.42,2.44,0.008264462809917328,2026-08-11,,,,,,,,
UTSL,2026-08-10,38.67,39.89,0.03154900439617281,2026-08-11,,,,,,,,
UTWO,2026-08-10,47.92,47.94,0.00041736227045063856,2026-08-11,,,,,,,,
UTWY,2026-08-10,41.06,41.13,0.001704822211398005,2026-08-11,,,,,,,,
UTZ,2026-08-10,14.11,14.11,0.0,2026-08-11,,,,,,,,
UUP,2026-08-10,28.14,28.14,0.0,2026-08-11,,,,,,,,
UUPP,2026-08-10,25.1,25.1,0.0,2026-08-11,,,,,,,,
UUU,2026-08-10,3.59,3.54,-0.01392757660167121,2026-08-11,,,,,,,,
UUUC,2026-08-10,26.28,28.11,0.0696347031963469,2026-08-11,,,,,,,,
UUUG,2026-08-10,4.7,5.05,0.07446808510638281,2026-08-11,,,,,,,,
UUUU,2026-08-10,14.29,14.78,0.0342897130860742,2026-08-11,,,,,,,,
UVE,2026-08-10,43.41,42.91,-0.01151808339092375,2026-08-11,,,,,,,,
UVIX,2026-08-10,50.4,49.2,-0.023809523809523725,2026-08-11,,,,,,,,
UVSP,2026-08-10,42.19,42.71,0.012325195543967826,2026-08-11,,,,,,,,
UVV,2026-08-10,47.4,46.22,-0.024894514767932474,2026-08-11,,,,,,,,
UVXY,2026-08-10,21.63,21.19,-0.020342117429495987,2026-08-11,,,,,,,,
UWM,2026-08-10,66.53,66.96,0.006463249661806669,2026-08-11,,,,,,,,
UWMC,2026-08-10,1.41,1.53,0.08510638297872353,2026-08-11,,,,,,,,
UX,2026-08-10,28.93,29.0,0.0024196335983408535,2026-08-11,,,,,,,,
UXAP,2026-08-10,44.47,44.3,-0.0038228018889139292,2026-08-11,,,,,,,,
UXI,2026-08-10,62.42,63.19,0.012335789810957953,2026-08-11,,,,,,,,
UXIN,2026-08-10,1.17,1.17,0.0,2026-08-11,,,,,,,,
UXJA,2026-08-10,39.4,39.25,-0.0038071065989847552,2026-08-11,,,,,,,,
UXJL,2026-08-10,37.62,37.49,-0.0034556087187664897,2026-08-11,,,,,,,,
UXOC,2026-08-10,40.6,40.42,-0.004433497536945774,2026-08-11,,,,,,,,
UXRP,2026-08-10,9.16,9.03,-0.014192139737991383,2026-08-11,,,,,,,,
UYG,2026-08-10,98.59,98.38,-0.0021300334719546177,2026-08-11,,,,,,,,
UYLD,2026-08-10,51.03,51.05,0.0003919263178522314,2026-08-11,,,,,,,,
UYM,2026-08-10,32.21,32.23,0.0006209251785158632,2026-08-11,,,,,,,,
UYSC,2026-08-10,10.79,10.79,0.0,2026-08-11,,,,,,,,
UZX,2026-08-10,0.22,0.15,-0.31818181818181823,2026-08-11,,,,,,,,
V,2026-08-10,361.32,362.82,0.004151444702756635,2026-08-11,,,,,,,,
VABK,2026-08-10,46.86,47.06,0.004268032437046543,2026-08-11,,,,,,,,
VABS,2026-08-10,24.2,24.18,-0.0008264462809917106,2026-08-11,,,,,,,,
VAC,2026-08-10,113.24,114.86,0.014305898975627063,2026-08-11,,,,,,,,
VACI,2026-08-10,10.15,10.15,0.0,2026-08-11,,,,,,,,
VAIE,2026-08-10,25.06,24.97,-0.0035913806863527853,2026-08-11,,,,,,,,
VAL,2026-08-10,85.55,86.8,0.014611338398597296,2026-08-11,,,,,,,,
VALE,2026-08-10,14.89,14.32,-0.03828072531900606,2026-08-11,,,,,,,,
VALG,2026-08-10,17.29,16.03,-0.07287449392712542,2026-08-11,,,,,,,,
VALN,2026-08-10,5.3,5.59,0.05471698113207557,2026-08-11,,,,,,,,
VALQ,2026-08-10,71.91,71.94,0.0004171881518564291,2026-08-11,,,,,,,,
VALU,2026-08-10,36.4,39.99,0.09862637362637372,2026-08-11,,,,,,,,
VAMO,2026-08-10,36.77,36.73,-0.0010878433505576712,2026-08-11,,,,,,,,
VANI,2026-08-10,1.41,1.39,-0.014184397163120588,2026-08-11,,,,,,,,
VATE,2026-08-10,7.13,7.49,0.05049088359046294,2026-08-11,,,,,,,,
VAVX,2026-08-10,13.44,13.03,-0.03050595238095244,2026-08-11,,,,,,,,
VAW,2026-08-10,237.91,238.15,0.0010087848346014283,2026-08-11,,,,,,,,
VB,2026-08-10,305.18,306.16,0.0032112196081002242,2026-08-11,,,,,,,,
VBCA,2026-08-10,75.54,75.57,0.00039714058776785244,2026-08-11,,,,,,,,
VBCB,2026-08-10,75.39,75.43,0.000530574346730317,2026-08-11,,,,,,,,
VBCC,2026-08-10,75.15,75.18,0.0003992015968063978,2026-08-11,,,,,,,,
VBCD,2026-08-10,74.86,74.89,0.0004007480630510152,2026-08-11,,,,,,,,
VBCE,2026-08-10,74.78,74.82,0.0005349023803153941,2026-08-11,,,,,,,,
VBCF,2026-08-10,74.64,74.68,0.000535905680600246,2026-08-11,,,,,,,,
VBCG,2026-08-10,74.14,74.21,0.0009441596978687627,2026-08-11,,,,,,,,
VBCH,2026-08-10,74.12,74.18,0.0008094981111710364,2026-08-11,,,,,,,,
VBCI,2026-08-10,73.93,74.01,0.0010821046936291268,2026-08-11,,,,,,,,
VBCJ,2026-08-10,73.65,73.79,0.0019008825526136697,2026-08-11,,,,,,,,
VBF,2026-08-10,14.74,14.74,0.0,2026-08-11,,,,,,,,
VBIL,2026-08-10,75.55,75.57,0.0002647253474519218,2026-08-11,,,,,,,,
VBIO,2026-08-10,0.29,0.31,0.06896551724137945,2026-08-11,,,,,,,,
VBK,2026-08-10,359.42,361.55,0.005926214456624557,2026-08-11,,,,,,,,
VBNB,2026-08-10,23.27,23.7,0.01847872797593464,2026-08-11,,,,,,,,
VBND,2026-08-10,43.03,43.03,0.0,2026-08-11,,,,,,,,
VBNK,2026-08-10,19.05,19.26,0.011023622047244164,2026-08-11,,,,,,,,
VBR,2026-08-10,249.21,249.63,0.0016853256289874885,2026-08-11,,,,,,,,
VBX,2026-08-10,26.05,26.22,0.006525911708253229,2026-08-11,,,,,,,,
VC,2026-08-10,104.79,106.19,0.013360053440213626,2026-08-11,,,,,,,,
VCEB,2026-08-10,61.35,61.4,0.0008149959250203231,2026-08-11,,,,,,,,
VCEL,2026-08-10,43.95,44.35,0.009101251422070522,2026-08-11,,,,,,,,
VCHY,2026-08-10,74.93,74.97,0.0005338315761376222,2026-08-11,,,,,,,,
VCIG,2026-08-10,0.28,0.31,0.10714285714285698,2026-08-11,,,,,,,,
VCIT,2026-08-10,81.07,81.11,0.0004934007647712235,2026-08-11,,,,,,,,
VCLN,2026-08-10,28.24,28.38,0.004957507082153034,2026-08-11,,,,,,,,
VCLT,2026-08-10,71.73,71.78,0.0006970584134950997,2026-08-11,,,,,,,,
VCOB,2026-08-10,48.76,48.78,0.00041017227235440323,2026-08-11,,,,,,,,
VCR,2026-08-10,401.9,400.9,-0.0024881811395869313,2026-08-11,,,,,,,,
VCRB,2026-08-10,75.85,75.9,0.0006591957811472593,2026-08-11,,,,,,,,
VCRE,2026-08-10,11.91,12.2,0.02434928631402178,2026-08-11,,,,,,,,
VCRM,2026-08-10,75.13,75.19,0.0007986157327299903,2026-08-11,,,,,,,,
VCSH,2026-08-10,78.49,78.52,0.0003822142948146645,2026-08-11,,,,,,,,
VCTR,2026-08-10,111.44,113.65,0.01983129935391248,2026-08-11,,,,,,,,
VCV,2026-08-10,10.68,10.73,0.004681647940074862,2026-08-11,,,,,,,,
VCX,2026-08-10,32.86,31.7,-0.03530127814972617,2026-08-11,,,,,,,,
VCYT,2026-08-10,46.27,46.41,0.0030257186081692478,2026-08-11,,,,,,,,
VDC,2026-08-10,230.39,229.95,-0.0019098051130691518,2026-08-11,,,,,,,,
VDE,2026-08-10,170.07,171.96,0.011113071088375559,2026-08-11,,,,,,,,
VDG,2026-08-10,81.46,81.78,0.0039283083722072565,2026-08-11,,,,,,,,
VDI,2026-08-10,36.77,36.75,-0.0005439216752788356,2026-08-11,,,,,,,,
VDIG,2026-08-10,65.03,64.89,-0.0021528525296017342,2026-08-11,,,,,,,,
VDV,2026-08-10,78.24,78.43,0.002428425357873465,2026-08-11,,,,,,,,
VEA,2026-08-10,72.5,72.69,0.00262068965517237,2026-08-11,,,,,,,,
VECA,2026-08-10,9.99,9.99,0.0,2026-08-11,,,,,,,,
VECO,2026-08-10,49.34,50.15,0.0164167004458855,2026-08-11,,,,,,,,
VEEA,2026-08-10,0.16,0.13,-0.1875,2026-08-11,,,,,,,,
VEEE,2026-08-10,10.4,12.78,0.2288461538461537,2026-08-11,,,,,,,,
VEEV,2026-08-10,234.69,236.58,0.008053176530742778,2026-08-11,,,,,,,,
VEFA,2026-08-10,84.15,84.44,0.0034462269756385666,2026-08-11,,,,,,,,
VEGA,2026-08-10,53.24,53.18,-0.001126972201352383,2026-08-11,,,,,,,,
VEGI,2026-08-10,44.61,44.84,0.005155794664873481,2026-08-11,,,,,,,,
VEGN,2026-08-10,77.48,77.37,-0.0014197212183789665,2026-08-11,,,,,,,,
VEL,2026-08-10,18.31,18.24,-0.0038230475150191623,2026-08-11,,,,,,,,
VELL,2026-08-10,4.72,5.34,0.13135593220338992,2026-08-11,,,,,,,,
VELO,2026-08-10,12.95,13.69,0.05714285714285716,2026-08-11,,,,,,,,
VEM,2026-08-10,26.8,26.96,0.005970149253731405,2026-08-11,,,,,,,,
VEMY,2026-08-10,28.64,28.63,-0.00034916201117318746,2026-08-11,,,,,,,,
VENU,2026-08-10,2.03,1.93,-0.049261083743842304,2026-08-11,,,,,,,,
VEON,2026-08-10,55.9,56.61,0.012701252236136051,2026-08-11,,,,,,,,
VERA,2026-08-10,31.58,30.29,-0.04084863837872066,2026-08-11,,,,,,,,
VERI,2026-08-10,1.44,1.49,0.03472222222222232,2026-08-11,,,,,,,,
VERS,2026-08-10,72.36,73.36,0.013819789939192972,2026-08-11,,,,,,,,
VERU,2026-08-10,2.77,2.79,0.0072202166064982976,2026-08-11,,,,,,,,
VERX,2026-08-10,12.14,12.23,0.007413509060955503,2026-08-11,,,,,,,,
VET,2026-08-10,11.46,11.35,-0.009598603839441666,2026-08-11,,,,,,,,
VETZ,2026-08-10,19.32,19.4,0.0041407867494822614,2026-08-11,,,,,,,,
VEU,2026-08-10,84.83,84.92,0.0010609454202523683,2026-08-11,,,,,,,,
VEXC,2026-08-10,94.9,94.99,0.0009483667017913255,2026-08-11,,,,,,,,
VFC,2026-08-10,14.9,14.78,-0.008053691275167862,2026-08-11,,,,,,,,
VFF,2026-08-10,2.37,2.43,0.025316455696202445,2026-08-11,,,,,,,,
VFH,2026-08-10,141.2,141.38,0.0012747875354108817,2026-08-11,,,,,,,,
VFLO,2026-08-10,52.74,52.92,0.0034129692832765013,2026-08-11,,,,,,,,
VFMF,2026-08-10,185.41,185.28,-0.0007011488053503268,2026-08-11,,,,,,,,
VFMO,2026-08-10,231.91,232.9,0.004268897417101458,2026-08-11,,,,,,,,
VFMV,2026-08-10,146.39,146.04,-0.002390873693558282,2026-08-11,,,,,,,,
VFQY,2026-08-10,177.28,177.04,-0.0013537906137184308,2026-08-11,,,,,,,,
VFS,2026-08-10,3.19,3.13,-0.018808777429467072,2026-08-11,,,,,,,,
VFVA,2026-08-10,160.44,160.84,0.0024931438544004703,2026-08-11,,,,,,,,
VG,2026-08-10,14.26,13.22,-0.07293127629733509,2026-08-11,,,,,,,,
VGAS,2026-08-10,1.24,1.29,0.040322580645161255,2026-08-11,,,,,,,,
VGHY,2026-08-10,74.36,74.42,0.0008068854222700317,2026-08-11,,,,,,,,
VGI,2026-08-10,7.38,7.43,0.006775067750677488,2026-08-11,,,,,,,,
VGIT,2026-08-10,58.26,58.31,0.000858221764504119,2026-08-11,,,,,,,,
VGK,2026-08-10,92.26,92.3,0.00043355733795791274,2026-08-11,,,,,,,,
VGLT,2026-08-10,52.68,52.76,0.0015186028853455547,2026-08-11,,,,,,,,
VGM,2026-08-10,10.4,10.42,0.0019230769230769162,2026-08-11,,,,,,,,
VGMS,2026-08-10,50.85,50.89,0.0007866273352998832,2026-08-11,,,,,,,,
VGNT,2026-08-10,44.05,46.06,0.04562996594778679,2026-08-11,,,,,,,,
VGRO,2026-08-10,26.01,25.85,-0.006151480199923065,2026-08-11,,,,,,,,
VGSH,2026-08-10,58.02,58.05,0.0005170630816959676,2026-08-11,,,,,,,,
VGSR,2026-08-10,11.45,11.4,-0.004366812227074135,2026-08-11,,,,,,,,
VGT,2026-08-10,120.25,120.17,-0.0006652806652805987,2026-08-11,,,,,,,,
VGUS,2026-08-10,75.53,75.54,0.00013239772275919215,2026-08-11,,,,,,,,
VGVT,2026-08-10,74.08,74.06,-0.0002699784017278217,2026-08-11,,,,,,,,
VGZ,2026-08-10,2.23,2.27,0.017937219730941756,2026-08-11,,,,,,,,
VHC,2026-08-10,14.35,14.67,0.022299651567944334,2026-08-11,,,,,,,,
VHCP,2026-08-10,10.05,10.02,-0.0029850746268658135,2026-08-11,,,,,,,,
VHI,2026-08-10,16.75,16.36,-0.02328358208955228,2026-08-11,,,,,,,,
VHT,2026-08-10,316.72,315.71,-0.003188936600151737,2026-08-11,,,,,,,,
VHUB,2026-08-10,0.67,0.63,-0.059701492537313494,2026-08-11,,,,,,,,
VIA,2026-08-10,23.31,24.86,0.06649506649506653,2026-08-11,,,,,,,,
VIAG,2026-08-10,10.56,11.2,0.06060606060606055,2026-08-11,,,,,,,,
VIAV,2026-08-10,37.2,38.4,0.032258064516129004,2026-08-11,,,,,,,,
VICE,2026-08-10,32.97,32.84,-0.003942978465271363,2026-08-11,,,,,,,,
VICI,2026-08-10,26.07,25.98,-0.0034522439585730202,2026-08-11,,,,,,,,
VICR,2026-08-10,208.81,210.88,0.009913318327666287,2026-08-11,,,,,,,,
VIDA,2026-08-10,2.48,2.5,0.008064516129032251,2026-08-11,,,,,,,,
VIDI,2026-08-10,39.78,39.74,-0.0010055304172951196,2026-08-11,,,,,,,,
VIG,2026-08-10,245.79,245.64,-0.0006102770657878676,2026-08-11,,,,,,,,
VIGI,2026-08-10,99.28,99.08,-0.0020145044319097583,2026-08-11,,,,,,,,
VII,2026-08-10,9.81,9.81,0.0,2026-08-11,,,,,,,,
VIK,2026-08-10,103.8,101.55,-0.021676300578034713,2026-08-11,,,,,,,,
VINP,2026-08-10,10.01,9.9,-0.01098901098901095,2026-08-11,,,,,,,,
VIOG,2026-08-10,151.24,151.61,0.0024464427400159305,2026-08-11,,,,,,,,
VIOO,2026-08-10,137.19,137.57,0.002769881186675427,2026-08-11,,,,,,,,
VIOT,2026-08-10,0.74,0.74,0.0,2026-08-11,,,,,,,,
VIOV,2026-08-10,118.58,118.93,0.002951593860684776,2026-08-11,,,,,,,,
VIP,2026-08-10,1.65,1.68,0.0181818181818183,2026-08-11,,,,,,,,
VIPS,2026-08-10,15.41,14.99,-0.027255029201816994,2026-08-11,,,,,,,,
VIR,2026-08-10,8.89,8.93,0.004499437570303577,2026-08-11,,,,,,,,
VIRC,2026-08-10,5.95,5.86,-0.015126050420168013,2026-08-11,,,,,,,,
VIRT,2026-08-10,55.67,55.08,-0.010598167774384826,2026-08-11,,,,,,,,
VIS,2026-08-10,354.89,356.9,0.005663726788582402,2026-08-11,,,,,,,,
VISN,2026-08-10,11.42,11.7,0.024518388791593626,2026-08-11,,,,,,,,
VIST,2026-08-10,68.36,66.13,-0.0326214160327678,2026-08-11,,,,,,,,
VITL,2026-08-10,11.26,11.56,0.026642984014209725,2026-08-11,,,,,,,,
VIV,2026-08-10,11.93,11.64,-0.02430846605196979,2026-08-11,,,,,,,,
VIVK,2026-08-10,1.43,1.31,-0.08391608391608385,2026-08-11,,,,,,,,
VIVO,2026-08-10,3.94,4.05,0.027918781725888353,2026-08-11,,,,,,,,
VIVS,2026-08-10,0.36,0.35,-0.02777777777777779,2026-08-11,,,,,,,,
VIXM,2026-08-10,14.28,14.24,-0.0028011204481792618,2026-08-11,,,,,,,,
VIXY,2026-08-10,19.55,19.3,-0.012787723785166238,2026-08-11,,,,,,,,
VKI,2026-08-10,8.98,8.95,-0.0033407572383075124,2026-08-11,,,,,,,,
VKQ,2026-08-10,9.88,9.85,-0.0030364372469636747,2026-08-11,,,,,,,,
VKTX,2026-08-10,34.44,33.8,-0.018583042973286945,2026-08-11,,,,,,,,
VLGEA,2026-08-10,41.61,41.72,0.002643595289593792,2026-08-11,,,,,,,,
VLLU,2026-08-10,27.01,26.85,-0.005923731951129163,2026-08-11,,,,,,,,
VLN,2026-08-10,1.67,1.68,0.0059880239520957446,2026-08-11,,,,,,,,
VLO,2026-08-10,314.95,323.92,0.028480711224003974,2026-08-11,,,,,,,,
VLOS,2026-08-10,10.71,10.71,0.0,2026-08-11,,,,,,,,
VLRS,2026-08-10,8.06,7.89,-0.021091811414392203,2026-08-11,,,,,,,,
VLT,2026-08-10,10.1,10.07,-0.002970297029702862,2026-08-11,,,,,,,,
VLTO,2026-08-10,97.11,97.97,0.008855936566779965,2026-08-11,,,,,,,,
VLU,2026-08-10,248.34,248.29,-0.00020133687686241242,2026-08-11,,,,,,,,
VLUE,2026-08-10,197.49,197.77,0.0014177933059902337,2026-08-11,,,,,,,,
VLY,2026-08-10,14.65,14.77,0.008191126279863514,2026-08-11,,,,,,,,
VMAR,2026-08-10,0.6,0.61,0.016666666666666607,2026-08-11,,,,,,,,
VMAX,2026-08-10,64.46,64.44,-0.000310269934843288,2026-08-11,,,,,,,,
VMBS,2026-08-10,46.03,46.12,0.0019552465783183592,2026-08-11,,,,,,,,
VMC,2026-08-10,285.34,287.79,0.008586247984860407,2026-08-11,,,,,,,,
VMD,2026-08-10,9.32,9.28,-0.0042918454935623185,2026-08-11,,,,,,,,
VMET,2026-08-10,10.05,9.84,-0.020895522388059806,2026-08-11,,,,,,,,
VMI,2026-08-10,492.24,493.37,0.00229562814887041,2026-08-11,,,,,,,,
VMO,2026-08-10,9.76,9.83,0.0071721311475410054,2026-08-11,,,,,,,,
VMSB,2026-08-10,49.47,49.54,0.0014149989892864312,2026-08-11,,,,,,,,
VNAM,2026-08-10,24.09,24.05,-0.0016604400166043698,2026-08-11,,,,,,,,
VNCE,2026-08-10,6.49,5.79,-0.10785824345146378,2026-08-11,,,,,,,,
VNDA,2026-08-10,5.02,4.93,-0.017928286852589626,2026-08-11,,,,,,,,
VNET,2026-08-10,7.48,7.51,0.00401069518716568,2026-08-11,,,,,,,,
VNIE,2026-08-10,25.36,25.46,0.0039432176656151174,2026-08-11,,,,,,,,
VNLA,2026-08-10,48.87,48.88,0.0002046245140168157,2026-08-11,,,,,,,,
VNM,2026-08-10,17.64,17.55,-0.005102040816326481,2026-08-11,,,,,,,,
VNME,2026-08-10,10.25,10.27,0.0019512195121951237,2026-08-11,,,,,,,,
VNO,2026-08-10,38.89,38.8,-0.002314219593726019,2026-08-11,,,,,,,,
VNOM,2026-08-10,42.37,42.88,0.012036818503658342,2026-08-11,,,,,,,,
VNQ,2026-08-10,97.11,96.38,-0.007517248481103911,2026-08-11,,,,,,,,
VNQI,2026-08-10,45.56,45.52,-0.0008779631255486642,2026-08-11,,,,,,,,
VNRX,2026-08-10,0.77,0.72,-0.06493506493506496,2026-08-11,,,,,,,,
VNSE,2026-08-10,42.84,42.72,-0.0028011204481793728,2026-08-11,,,,,,,,
VNT,2026-08-10,34.24,34.08,-0.004672897196261738,2026-08-11,,,,,,,,
VNTG,2026-08-10,0.69,0.69,0.0,2026-08-11,,,,,,,,
VO,2026-08-10,82.73,83.09,0.0043515048954430036,2026-08-11,,,,,,,,
VOC,2026-08-10,3.18,3.13,-0.01572327044025168,2026-08-11,,,,,,,,
VOD,2026-08-10,15.75,15.9,0.00952380952380949,2026-08-11,,,,,,,,
VOE,2026-08-10,207.7,208.64,0.00452575830524804,2026-08-11,,,,,,,,
VOLT,2026-08-10,37.66,38.22,0.014869888475836479,2026-08-11,,,,,,,,
VONE,2026-08-10,350.1,349.06,-0.0029705798343331313,2026-08-11,,,,,,,,
VONG,2026-08-10,127.83,127.23,-0.0046937338652898175,2026-08-11,,,,,,,,
VONV,2026-08-10,113.29,113.11,-0.0015888427928326676,2026-08-11,,,,,,,,
VOO,2026-08-10,710.65,708.42,-0.00313797227889967,2026-08-11,,,,,,,,
VOOG,2026-08-10,85.2,84.7,-0.005868544600938996,2026-08-11,,,,,,,,
VOOV,2026-08-10,228.2,228.23,0.00013146362839622228,2026-08-11,,,,,,,,
VOOX,2026-08-10,25.5,25.33,-0.00666666666666671,2026-08-11,,,,,,,,
VOR,2026-08-10,23.37,23.59,0.009413778348309698,2026-08-11,,,,,,,,
VOT,2026-08-10,305.27,306.51,0.0040619779211845675,2026-08-11,,,,,,,,
VOTE,2026-08-10,91.12,90.85,-0.002963125548727019,2026-08-11,,,,,,,,
VOX,2026-08-10,188.38,186.59,-0.0095020702834695,2026-08-11,,,,,,,,
VOXP,2026-08-10,40.17,40.0,-0.0042320139407519,2026-08-11,,,,,,,,
VOXR,2026-08-10,5.14,5.19,0.009727626459144156,2026-08-11,,,,,,,,
VOYA,2026-08-10,100.23,98.22,-0.02005387608500453,2026-08-11,,,,,,,,
VOYG,2026-08-10,43.0,42.9,-0.0023255813953488857,2026-08-11,,,,,,,,
VPC,2026-08-10,15.63,15.72,0.0057581573896352545,2026-08-11,,,,,,,,
VPFF,2026-08-10,25.24,25.27,0.0011885895404120106,2026-08-11,,,,,,,,
VPG,2026-08-10,64.88,67.14,0.034833538840937095,2026-08-11,,,,,,,,
VPL,2026-08-10,112.57,113.4,0.007373190015101727,2026-08-11,,,,,,,,
VPLS,2026-08-10,76.26,76.32,0.0007867820613689513,2026-08-11,,,,,,,,
VPU,2026-08-10,186.8,188.87,0.011081370449678829,2026-08-11,,,,,,,,
VPV,2026-08-10,11.24,11.23,-0.000889679715302516,2026-08-11,,,,,,,,
VRA,2026-08-10,3.39,3.34,-0.014749262536873253,2026-08-11,,,,,,,,
VRAI,2026-08-10,28.26,28.35,0.0031847133757960666,2026-08-11,,,,,,,,
VRAX,2026-08-10,2.88,2.87,-0.003472222222222099,2026-08-11,,,,,,,,
VRC,2026-08-10,18.33,19.78,0.07910529187124937,2026-08-11,,,,,,,,
VRCA,2026-08-10,5.12,5.22,0.01953125,2026-08-11,,,,,,,,
VRDN,2026-08-10,23.06,22.97,-0.0039028620988724727,2026-08-11,,,,,,,,
VREX,2026-08-10,18.46,18.58,0.006500541711809138,2026-08-11,,,,,,,,
VRIG,2026-08-10,25.09,25.1,0.0003985651654045963,2026-08-11,,,,,,,,
VRM,2026-08-10,9.78,9.84,0.006134969325153339,2026-08-11,,,,,,,,
VRME,2026-08-10,0.69,0.72,0.04347826086956519,2026-08-11,,,,,,,,
VRNS,2026-08-10,42.44,42.11,-0.007775683317624793,2026-08-11,,,,,,,,
VRP,2026-08-10,24.23,24.2,-0.0012381345439538283,2026-08-11,,,,,,,,
VRRM,2026-08-10,4.74,4.78,0.00843881856540074,2026-08-11,,,,,,,,
VRSK,2026-08-10,181.18,180.97,-0.001159068329837809,2026-08-11,,,,,,,,
VRSN,2026-08-10,293.34,287.63,-0.01946546669393867,2026-08-11,,,,,,,,
VRT,2026-08-10,270.1,281.81,0.043354313217326856,2026-08-11,,,,,,,,
VRTL,2026-08-10,30.73,33.31,0.08395704523267167,2026-08-11,,,,,,,,
VRTS,2026-08-10,165.83,166.72,0.005366942049086276,2026-08-11,,,,,,,,
VRTX,2026-08-10,523.91,529.65,0.010956080242789712,2026-08-11,,,,,,,,
VRXA,2026-08-10,1.85,1.89,0.021621621621621623,2026-08-11,,,,,,,,
VS,2026-08-10,1.33,1.31,-0.015037593984962405,2026-08-11,,,,,,,,
VSA,2026-08-10,3.36,3.79,0.12797619047619047,2026-08-11,,,,,,,,
VSAT,2026-08-10,84.82,84.52,-0.0035369016741334525,2026-08-11,,,,,,,,
VSDA,2026-08-10,60.38,60.53,0.0024842663133488596,2026-08-11,,,,,,,,
VSDB,2026-08-10,75.9,75.89,-0.0001317523056654224,2026-08-11,,,,,,,,
VSDM,2026-08-10,76.18,76.2,0.00026253609871362826,2026-08-11,,,,,,,,
VSEC,2026-08-10,221.23,241.82,0.09307056005062608,2026-08-11,,,,,,,,
VSGX,2026-08-10,82.4,82.49,0.0010922330097085098,2026-08-11,,,,,,,,
VSH,2026-08-10,33.14,33.29,0.004526252263126196,2026-08-11,,,,,,,,
VSHY,2026-08-10,21.72,21.8,0.0036832412523020164,2026-08-11,,,,,,,,
VSLU,2026-08-10,49.11,48.87,-0.004886988393402625,2026-08-11,,,,,,,,
VSME,2026-08-10,1.18,1.16,-0.016949152542372947,2026-08-11,,,,,,,,
VSMV,2026-08-10,60.69,60.41,-0.0046136101499423265,2026-08-11,,,,,,,,
VSNT,2026-08-10,36.76,36.76,0.0,2026-08-11,,,,,,,,
VSOL,2026-08-10,10.19,10.12,-0.006869479882237517,2026-08-11,,,,,,,,
VSS,2026-08-10,158.38,158.81,0.0027149892663216324,2026-08-11,,,,,,,,
VST,2026-08-10,142.87,144.92,0.014348708616224393,2026-08-11,,,,,,,,
VSTL,2026-08-10,22.23,22.79,0.025191183085919944,2026-08-11,,,,,,,,
VSTM,2026-08-10,6.79,7.05,0.038291605301914444,2026-08-11,,,,,,,,
VSTS,2026-08-10,13.87,13.88,0.0007209805335257613,2026-08-11,,,,,,,,
VSXY,2026-08-10,99.97,94.16,-0.058117435230569225,2026-08-11,,,,,,,,
VT,2026-08-10,160.97,160.82,-0.0009318506554016892,2026-08-11,,,,,,,,
VTAK,2026-08-10,0.31,0.29,-0.06451612903225812,2026-08-11,,,,,,,,
VTC,2026-08-10,75.08,75.09,0.00013319126265320946,2026-08-11,,,,,,,,
VTEB,2026-08-10,49.78,49.83,0.0010044194455605115,2026-08-11,,,,,,,,
VTEC,2026-08-10,99.1,99.18,0.0008072653884965142,2026-08-11,,,,,,,,
VTEI,2026-08-10,99.51,99.61,0.0010049241282281685,2026-08-11,,,,,,,,
VTEL,2026-08-10,102.46,102.59,0.0012687878196371294,2026-08-11,,,,,,,,
VTES,2026-08-10,100.78,100.79,9.922603691214782e-05,2026-08-11,,,,,,,,
VTEX,2026-08-10,4.03,3.93,-0.02481389578163773,2026-08-11,,,,,,,,
VTG,2026-08-10,74.08,74.16,0.001079913606911509,2026-08-11,,,,,,,,
VTGN,2026-08-10,0.26,0.27,0.03846153846153855,2026-08-11,,,,,,,,
VTHR,2026-08-10,341.67,340.75,-0.002692656657008241,2026-08-11,,,,,,,,
VTI,2026-08-10,381.63,380.65,-0.0025679322904383906,2026-08-11,,,,,,,,
VTIP,2026-08-10,49.68,49.67,-0.00020128824476650653,2026-08-11,,,,,,,,
VTIX,2026-08-10,1.75,1.75,0.0,2026-08-11,,,,,,,,
VTMX,2026-08-10,34.24,34.49,0.007301401869158841,2026-08-11,,,,,,,,
VTN,2026-08-10,11.41,11.26,-0.013146362839614456,2026-08-11,,,,,,,,
VTOL,2026-08-10,46.53,46.17,-0.007736943907156624,2026-08-11,,,,,,,,
VTP,2026-08-10,75.14,75.16,0.00026616981634286496,2026-08-11,,,,,,,,
VTR,2026-08-10,91.95,86.96,-0.05426862425231116,2026-08-11,,,,,,,,
VTRS,2026-08-10,16.28,16.28,0.0,2026-08-11,,,,,,,,
VTS,2026-08-10,16.15,16.4,0.015479876160990669,2026-08-11,,,,,,,,
VTSI,2026-08-10,3.05,3.15,0.032786885245901676,2026-08-11,,,,,,,,
VTV,2026-08-10,225.02,225.35,0.0014665363078836258,2026-08-11,,,,,,,,
VTVT,2026-08-10,34.29,33.04,-0.03645377661125693,2026-08-11,,,,,,,,
VTWG,2026-08-10,283.13,284.07,0.0033200296683502106,2026-08-11,,,,,,,,
VTWO,2026-08-10,121.24,121.67,0.003546684262619726,2026-08-11,,,,,,,,
VTWV,2026-08-10,197.87,198.51,0.003234446859048834,2026-08-11,,,,,,,,
VUG,2026-08-10,89.18,88.59,-0.006615833146445427,2026-08-11,,,,,,,,
VUS,2026-08-10,30.38,30.32,-0.0019749835418038098,2026-08-11,,,,,,,,
VUSB,2026-08-10,49.66,49.67,0.000201369311316979,2026-08-11,,,,,,,,
VUSE,2026-08-10,73.52,73.35,-0.002312295973884715,2026-08-11,,,,,,,,
VUSG,2026-08-10,65.89,65.68,-0.0031871300652601686,2026-08-11,,,,,,,,
VUSI,2026-08-10,50.24,50.23,-0.00019904458598740682,2026-08-11,,,,,,,,
VUSV,2026-08-10,72.61,72.73,0.0016526649221870748,2026-08-11,,,,,,,,
VUZI,2026-08-10,2.61,2.64,0.011494252873563315,2026-08-11,,,,,,,,
VV,2026-08-10,356.08,354.82,-0.003538530667265727,2026-08-11,,,,,,,,
VVOS,2026-08-10,0.32,0.31,-0.03125,2026-08-11,,,,,,,,
VVR,2026-08-10,2.98,2.99,0.003355704697986628,2026-08-11,,,,,,,,
VVV,2026-08-10,33.72,33.02,-0.020759193357058003,2026-08-11,,,,,,,,
VVX,2026-08-10,82.92,80.54,-0.02870236372407131,2026-08-11,,,,,,,,
VWAV,2026-08-10,1.26,1.07,-0.1507936507936507,2026-08-11,,,,,,,,
VWO,2026-08-10,60.33,60.12,-0.00348085529587272,2026-08-11,,,,,,,,
VWOB,2026-08-10,65.96,65.94,-0.00030321406913269566,2026-08-11,,,,,,,,
VXF,2026-08-10,246.45,247.23,0.0031649421789410326,2026-08-11,,,,,,,,
VXUS,2026-08-10,86.83,86.92,0.0010365081193135506,2026-08-11,,,,,,,,
VXX,2026-08-10,20.21,20.05,-0.007916872835230127,2026-08-11,,,,,,,,
VXZ,2026-08-10,50.38,50.22,-0.0031758634378722395,2026-08-11,,,,,,,,
VYGR,2026-08-10,3.17,3.2,0.009463722397476504,2026-08-11,,,,,,,,
VYLD,2026-08-10,30.24,30.28,0.001322751322751392,2026-08-11,,,,,,,,
VYM,2026-08-10,166.06,166.14,0.0004817535830421438,2026-08-11,,,,,,,,
VYMI,2026-08-10,104.59,104.35,-0.002294674443063527,2026-08-11,,,,,,,,
VYX,2026-08-10,7.93,8.05,0.01513240857503173,2026-08-11,,,,,,,,
VZ,2026-08-10,47.03,47.27,0.005103125664469577,2026-08-11,,,,,,,,
VZLA,2026-08-10,3.88,3.83,-0.012886597938144284,2026-08-11,,,,,,,,
W,2026-08-10,103.26,103.2,-0.0005810575246949501,2026-08-11,,,,,,,,
WAB,2026-08-10,294.16,298.04,0.01319010062550996,2026-08-11,,,,,,,,
WABC,2026-08-10,58.54,58.84,0.005124701059104897,2026-08-11,,,,,,,,
WABF,2026-08-10,24.47,24.48,0.000408663669799747,2026-08-11,,,,,,,,
WAFD,2026-08-10,37.33,38.06,0.01955531743905725,2026-08-11,,,,,,,,
WAFU,2026-08-10,1.45,1.66,0.14482758620689662,2026-08-11,,,,,,,,
WAGN,2026-08-10,15.12,15.24,0.007936507936507908,2026-08-11,,,,,,,,
WAL,2026-08-10,80.48,81.5,0.012673956262425401,2026-08-11,,,,,,,,
WALD,2026-08-10,1.39,1.31,-0.05755395683453224,2026-08-11,,,,,,,,
WAMA,2026-08-10,27.11,27.02,-0.0033198081888602404,2026-08-11,,,,,,,,
WANT,2026-08-10,44.38,43.9,-0.01081568273997302,2026-08-11,,,,,,,,
WAR,2026-08-10,32.1,32.62,0.016199376947040323,2026-08-11,,,,,,,,
WARP,2026-08-10,22.04,22.19,0.0068058076225046005,2026-08-11,,,,,,,,
WASH,2026-08-10,38.52,39.0,0.012461059190031154,2026-08-11,,,,,,,,
WAT,2026-08-10,411.77,415.0,0.007844184860480441,2026-08-11,,,,,,,,
WATS,2026-08-10,20.91,21.25,0.016260162601626105,2026-08-11,,,,,,,,
WATT,2026-08-10,18.55,18.66,0.005929919137466211,2026-08-11,,,,,,,,
WAVE,2026-08-10,7.24,7.18,-0.008287292817679592,2026-08-11,,,,,,,,
WAY,2026-08-10,24.7,24.3,-0.0161943319838056,2026-08-11,,,,,,,,
WB,2026-08-10,7.98,7.87,-0.013784461152882233,2026-08-11,,,,,,,,
WBD,2026-08-10,26.87,27.07,0.007443245254931119,2026-08-11,,,,,,,,
WBI,2026-08-10,32.2,32.3,0.0031055900621115295,2026-08-11,,,,,,,,
WBIF,2026-08-10,36.89,37.02,0.003523990241257824,2026-08-11,,,,,,,,
WBIG,2026-08-10,26.78,26.8,0.0007468259895444529,2026-08-11,,,,,,,,
WBIL,2026-08-10,41.51,41.47,-0.0009636232233196651,2026-08-11,,,,,,,,
WBIY,2026-08-10,37.69,37.99,0.0079596710002654,2026-08-11,,,,,,,,
WBS,2026-08-10,78.7,78.75,0.0006353240152476847,2026-08-11,,,,,,,,
WBTN,2026-08-10,9.45,8.81,-0.06772486772486763,2026-08-11,,,,,,,,
WBUY,2026-08-10,0.9,0.9,0.0,2026-08-11,,,,,,,,
WBX,2026-08-10,3.3,3.28,-0.0060606060606061,2026-08-11,,,,,,,,
WCAP,2026-08-10,9.46,9.44,-0.0021141649048627142,2026-08-11,,,,,,,,
WCBR,2026-08-10,42.04,42.04,0.0,2026-08-11,,,,,,,,
WCC,2026-08-10,366.55,366.17,-0.0010366934933841998,2026-08-11,,,,,,,,
WCEO,2026-08-10,39.48,39.43,-0.001266464032421366,2026-08-11,,,,,,,,
WCLD,2026-08-10,40.05,40.01,-0.0009987515605492936,2026-08-11,,,,,,,,
WCME,2026-08-10,18.69,18.66,-0.0016051364365972098,2026-08-11,,,,,,,,
WCMG,2026-08-10,21.71,21.67,-0.0018424689083371693,2026-08-11,,,,,,,,
WCMI,2026-08-10,19.64,19.7,0.003054989816700493,2026-08-11,,,,,,,,
WCN,2026-08-10,166.22,166.85,0.0037901576224281808,2026-08-11,,,,,,,,
WCPB,2026-08-10,25.07,25.1,0.0011966493817312518,2026-08-11,,,,,,,,
WCT,2026-08-10,0.81,0.87,0.07407407407407396,2026-08-11,,,,,,,,
WD,2026-08-10,43.38,43.05,-0.007607192254495243,2026-08-11,,,,,,,,
WDAF,2026-08-10,31.98,31.27,-0.022201375859912442,2026-08-11,,,,,,,,
WDAI,2026-08-10,28.76,28.76,0.0,2026-08-11,,,,,,,,
WDAY,2026-08-10,184.19,181.27,-0.0158531950703078,2026-08-11,,,,,,,,
WDC,2026-08-10,438.34,437.93,-0.0009353469909202383,2026-08-11,,,,,,,,
WDCC,2026-08-10,12.87,12.92,0.0038850038850040125,2026-08-11,,,,,,,,
WDCX,2026-08-10,17.15,17.11,-0.0023323615160348865,2026-08-11,,,,,,,,
WDE,2026-08-10,25.02,25.02,0.0,2026-08-11,,,,,,,,
WDEF,2026-08-10,32.17,32.33,0.004973577867578349,2026-08-11,,,,,,,,
WDFC,2026-08-10,234.51,233.11,-0.005969894674000997,2026-08-11,,,,,,,,
WDGF,2026-08-10,34.17,34.04,-0.003804506877377878,2026-08-11,,,,,,,,
WDH,2026-08-10,1.0,1.0,0.0,2026-08-11,,,,,,,,
WDI,2026-08-10,13.11,13.19,0.006102212051868783,2026-08-11,,,,,,,,
WDIG,2026-08-10,46.59,46.39,-0.0042927666881306115,2026-08-11,,,,,,,,
WDIV,2026-08-10,83.94,83.93,-0.00011913271384311752,2026-08-11,,,,,,,,
WDNA,2026-08-10,21.23,21.23,0.0,2026-08-11,,,,,,,,
WDRN,2026-08-10,28.32,28.6,0.009887005649717562,2026-08-11,,,,,,,,
WDS,2026-08-10,23.07,23.3,0.009969657563935863,2026-08-11,,,,,,,,
WDTE,2026-08-10,30.03,30.02,-0.00033300033300043275,2026-08-11,,,,,,,,
WEA,2026-08-10,10.49,10.53,0.0038131553860818457,2026-08-11,,,,,,,,
WEAT,2026-08-10,24.01,23.71,-0.012494793835901685,2026-08-11,,,,,,,,
WEAV,2026-08-10,5.33,5.03,-0.05628517823639767,2026-08-11,,,,,,,,
WEBL,2026-08-10,30.47,29.61,-0.028224483098129305,2026-08-11,,,,,,,,
WEBS,2026-08-10,13.98,14.39,0.029327610872675214,2026-08-11,,,,,,,,
WEBX,2026-08-10,25.47,23.77,-0.06674519042010207,2026-08-11,,,,,,,,
WEC,2026-08-10,106.12,106.68,0.005277044854881341,2026-08-11,,,,,,,,
WEED,2026-08-10,19.54,20.43,0.04554759467758451,2026-08-11,,,,,,,,
WEEI,2026-08-10,24.32,24.46,0.005756578947368363,2026-08-11,,,,,,,,
WEEK,2026-08-10,100.05,99.95,-0.0009995002498750516,2026-08-11,,,,,,,,
WEEL,2026-08-10,20.62,20.6,-0.0009699321047526022,2026-08-11,,,,,,,,
WELD,2026-08-10,58.05,58.41,0.006201550387596955,2026-08-11,,,,,,,,
WELL,2026-08-10,235.04,226.01,-0.03841899251191283,2026-08-11,,,,,,,,
WEN,2026-08-10,7.3,7.55,0.03424657534246567,2026-08-11,,,,,,,,
WENC,2026-08-10,10.0,10.0,0.0,2026-08-11,,,,,,,,
WENN,2026-08-10,10.37,10.36,-0.0009643201542911539,2026-08-11,,,,,,,,
WEPN,2026-08-10,46.73,46.95,0.004707896426278779,2026-08-11,,,,,,,,
WERN,2026-08-10,36.68,36.43,-0.0068157033805889,2026-08-11,,,,,,,,
WES,2026-08-10,47.4,48.12,0.0151898734177216,2026-08-11,,,,,,,,
WEST,2026-08-10,8.16,8.27,0.013480392156862697,2026-08-11,,,,,,,,
WETH,2026-08-10,1.0,1.09,0.09000000000000008,2026-08-11,,,,,,,,
WETO,2026-08-10,4.95,4.5,-0.09090909090909094,2026-08-11,,,,,,,,
WEX,2026-08-10,186.45,189.06,0.013998390989541587,2026-08-11,,,,,,,,
WEYS,2026-08-10,46.22,46.88,0.014279532669839945,2026-08-11,,,,,,,,
WF,2026-08-10,70.19,70.55,0.005128935745832841,2026-08-11,,,,,,,,
WFC,2026-08-10,87.52,87.45,-0.0007998171846433921,2026-08-11,,,,,,,,
WFCF,2026-08-10,12.56,12.54,-0.0015923566878981443,2026-08-11,,,,,,,,
WFF,2026-08-10,2.33,2.03,-0.1287553648068671,2026-08-11,,,,,,,,
WFG,2026-08-10,71.24,71.51,0.003790005614823233,2026-08-11,,,,,,,,
WFRD,2026-08-10,92.9,94.43,0.01646932185145311,2026-08-11,,,,,,,,
WGMI,2026-08-10,45.52,46.63,0.024384885764499042,2026-08-11,,,,,,,,
WGO,2026-08-10,32.05,32.79,0.023088923556942254,2026-08-11,,,,,,,,
WGS,2026-08-10,77.88,81.74,0.049563430919363105,2026-08-11,,,,,,,,
WH,2026-08-10,71.35,72.47,0.015697266993693226,2026-08-11,,,,,,,,
WHD,2026-08-10,71.07,72.04,0.013648515548051465,2026-08-11,,,,,,,,
WHF,2026-08-10,6.71,7.15,0.06557377049180335,2026-08-11,,,,,,,,
WHG,2026-08-10,19.13,19.02,-0.005750130684788246,2026-08-11,,,,,,,,
WHK,2026-08-10,26.02,26.46,0.016910069177555886,2026-08-11,,,,,,,,
WHLR,2026-08-10,0.42,0.46,0.09523809523809534,2026-08-11,,,,,,,,
WHR,2026-08-10,42.17,43.59,0.033673227412852835,2026-08-11,,,,,,,,
WHWK,2026-08-10,4.55,4.67,0.026373626373626502,2026-08-11,,,,,,,,
WIA,2026-08-10,7.96,8.0,0.005025125628140614,2026-08-11,,,,,,,,
WILC,2026-08-10,28.1,27.1,-0.03558718861209964,2026-08-11,,,,,,,,
WIMA,2026-08-10,44.03,44.04,0.00022711787417661888,2026-08-11,,,,,,,,
WIMI,2026-08-10,1.35,1.33,-0.014814814814814836,2026-08-11,,,,,,,,
WINA,2026-08-10,378.2,369.95,-0.02181385510312006,2026-08-11,,,,,,,,
WING,2026-08-10,117.52,111.36,-0.05241660993873376,2026-08-11,,,,,,,,
WINN,2026-08-10,34.15,33.97,-0.005270863836017603,2026-08-11,,,,,,,,
WIP,2026-08-10,39.42,39.45,0.0007610350076103778,2026-08-11,,,,,,,,
WISE,2026-08-10,37.74,37.95,0.00556438791732905,2026-08-11,,,,,,,,
WIT,2026-08-10,1.99,1.97,-0.01005025125628145,2026-08-11,,,,,,,,
WIW,2026-08-10,8.34,8.38,0.004796163069544557,2026-08-11,,,,,,,,
WIX,2026-08-10,62.42,66.71,0.06872797180390888,2026-08-11,,,,,,,,
WK,2026-08-10,67.32,69.05,0.025698158051099318,2026-08-11,,,,,,,,
WKC,2026-08-10,37.03,36.84,-0.005130974885228179,2026-08-11,,,,,,,,
WKEY,2026-08-10,6.56,6.64,0.012195121951219523,2026-08-11,,,,,,,,
WKHS,2026-08-10,3.17,3.13,-0.012618296529968487,2026-08-11,,,,,,,,
WKSP,2026-08-10,0.69,0.71,0.02898550724637694,2026-08-11,,,,,,,,
WLCO,2026-08-10,9.9,9.79,-0.011111111111111183,2026-08-11,,,,,,,,
WLCOU,2026-08-10,9.99,9.97,-0.002002002002001957,2026-08-11,,,,,,,,
WLDN,2026-08-10,82.31,83.96,0.020046166929899023,2026-08-11,,,,,,,,
WLDR,2026-08-10,46.97,46.79,-0.0038322333404300357,2026-08-11,,,,,,,,
WLDS,2026-08-10,3.58,2.91,-0.1871508379888268,2026-08-11,,,,,,,,
WLDU,2026-08-10,18.01,17.94,-0.0038867295946696245,2026-08-11,,,,,,,,
WLFC,2026-08-10,56.58,55.0,-0.027925061859314204,2026-08-11,,,,,,,,
WLII,2026-08-10,10.28,10.24,-0.0038910505836574627,2026-08-11,,,,,,,,
WLK,2026-08-10,79.09,80.84,0.022126691111391983,2026-08-11,,,,,,,,
WLKP,2026-08-10,21.68,21.57,-0.005073800738007339,2026-08-11,,,,,,,,
WLTG,2026-08-10,39.02,39.0,-0.0005125576627371675,2026-08-11,,,,,,,,
WLTH,2026-08-10,9.52,9.6,0.008403361344537785,2026-08-11,,,,,,,,
WLY,2026-08-10,51.66,49.58,-0.04026325977545486,2026-08-11,,,,,,,,
WM,2026-08-10,226.6,226.85,0.0011032656663725326,2026-08-11,,,,,,,,
WMB,2026-08-10,71.85,72.31,0.006402226861517146,2026-08-11,,,,,,,,
WMG,2026-08-10,26.41,25.08,-0.05035971223021585,2026-08-11,,,,,,,,
WMK,2026-08-10,72.09,71.09,-0.013871549452073806,2026-08-11,,,,,,,,
WMS,2026-08-10,141.67,143.65,0.013976141737841674,2026-08-11,,,,,,,,
WMSB,2026-08-10,24.93,24.93,0.0,2026-08-11,,,,,,,,
WMT,2026-08-10,112.66,113.26,0.005325758920646351,2026-08-11,,,,,,,,
WMTI,2026-08-10,21.2,21.23,0.0014150943396227245,2026-08-11,,,,,,,,
WNC,2026-08-10,12.53,12.39,-0.011173184357541777,2026-08-11,,,,,,,,
WNDR,2026-08-10,28.03,28.12,0.003210845522654271,2026-08-11,,,,,,,,
WNEB,2026-08-10,13.75,14.0,0.018181818181818077,2026-08-11,,,,,,,,
WNTR,2026-08-10,25.83,26.3,0.01819589624467688,2026-08-11,,,,,,,,
WNW,2026-08-10,2.68,2.91,0.08582089552238803,2026-08-11,,,,,,,,
WOK,2026-08-10,2.09,2.23,0.06698564593301448,2026-08-11,,,,,,,,
WOLF,2026-08-10,29.3,30.14,0.028668941979522078,2026-08-11,,,,,,,,
WOMN,2026-08-10,45.5,45.46,-0.0008791208791208982,2026-08-11,,,,,,,,
WOOD,2026-08-10,73.19,72.58,-0.008334471922393782,2026-08-11,,,,,,,,
WOOF,2026-08-10,2.68,2.74,0.02238805970149249,2026-08-11,,,,,,,,
WOR,2026-08-10,56.98,57.05,0.0012285012285011554,2026-08-11,,,,,,,,
WPAC,2026-08-10,10.01,10.02,0.0009990009990010762,2026-08-11,,,,,,,,
WPC,2026-08-10,70.66,70.0,-0.009340503821115176,2026-08-11,,,,,,,,
WPM,2026-08-10,133.39,134.41,0.007646750131194313,2026-08-11,,,,,,,,
WPP,2026-08-10,26.69,27.04,0.01311352566504298,2026-08-11,,,,,,,,
WPRT,2026-08-10,1.88,1.93,0.02659574468085113,2026-08-11,,,,,,,,
WQTM,2026-08-10,33.88,34.11,0.006788665879574829,2026-08-11,,,,,,,,
WR,2026-08-10,27.15,27.36,0.00773480662983439,2026-08-11,,,,,,,,
WRAP,2026-08-10,1.83,1.87,0.021857923497267784,2026-08-11,,,,,,,,
WRB,2026-08-10,70.82,70.09,-0.010307822648969123,2026-08-11,,,,,,,,
WRBY,2026-08-10,26.41,25.04,-0.051874290041650895,2026-08-11,,,,,,,,
WRD,2026-08-10,6.32,6.33,0.0015822784810126667,2026-08-11,,,,,,,,
WRLD,2026-08-10,186.84,187.13,0.0015521301648468988,2026-08-11,,,,,,,,
WRN,2026-08-10,2.46,2.45,-0.004065040650406471,2026-08-11,,,,,,,,
WRND,2026-08-10,43.22,43.21,-0.00023137436372044906,2026-08-11,,,,,,,,
WRTH,2026-08-10,25.6,25.66,0.0023437499999998668,2026-08-11,,,,,,,,
WS,2026-08-10,38.12,37.76,-0.009443861490031513,2026-08-11,,,,,,,,
WSBC,2026-08-10,41.72,42.19,0.011265580057526314,2026-08-11,,,,,,,,
WSBF,2026-08-10,20.57,20.81,0.011667476908118646,2026-08-11,,,,,,,,
WSBK,2026-08-10,12.99,13.02,0.002309468822170757,2026-08-11,,,,,,,,
WSC,2026-08-10,23.09,22.89,-0.008661758336942382,2026-08-11,,,,,,,,
WSDB,2026-08-10,24.9,24.91,0.00040160642570286065,2026-08-11,,,,,,,,
WSE,2026-08-10,12.54,12.83,0.023125996810207328,2026-08-11,,,,,,,,
WSFS,2026-08-10,80.57,81.11,0.0067022464937323,2026-08-11,,,,,,,,
WSGE,2026-08-10,28.71,28.68,-0.0010449320794149175,2026-08-11,,,,,,,,
WSHP,2026-08-10,5.08,4.9,-0.03543307086614167,2026-08-11,,,,,,,,
WSM,2026-08-10,250.82,250.59,-0.000916992265369565,2026-08-11,,,,,,,,
WSMD,2026-08-10,25.65,25.57,-0.003118908382066188,2026-08-11,,,,,,,,
WSML,2026-08-10,35.63,35.73,0.002806623631770755,2026-08-11,,,,,,,,
WSO,2026-08-10,326.71,318.91,-0.02387438401028419,2026-08-11,,,,,,,,
WSPC,2026-08-10,29.78,29.9,0.00402955003357941,2026-08-11,,,,,,,,
WST,2026-08-10,352.13,351.37,-0.002158293811944434,2026-08-11,,,,,,,,
WSTN,2026-08-10,10.14,10.14,0.0,2026-08-11,,,,,,,,
WT,2026-08-10,22.19,22.0,-0.008562415502478604,2026-08-11,,,,,,,,
WTAI,2026-08-10,40.75,41.07,0.00785276073619623,2026-08-11,,,,,,,,
WTBA,2026-08-10,28.39,29.11,0.025361042620640983,2026-08-11,,,,,,,,
WTBN,2026-08-10,24.72,24.73,0.0004045307443365509,2026-08-11,,,,,,,,
WTF,2026-08-10,2.75,2.96,0.07636363636363641,2026-08-11,,,,,,,,
WTFC,2026-08-10,159.2,162.1,0.01821608040201017,2026-08-11,,,,,,,,
WTG,2026-08-10,10.49,10.48,-0.0009532888465204614,2026-08-11,,,,,,,,
WTI,2026-08-10,3.82,3.81,-0.002617801047120394,2026-08-11,,,,,,,,
WTIB,2026-08-10,23.93,23.95,0.0008357709987463213,2026-08-11,,,,,,,,
WTID,2026-08-10,3.46,3.32,-0.040462427745664775,2026-08-11,,,,,,,,
WTIP,2026-08-10,35.82,35.67,-0.0041876046901172526,2026-08-11,,,,,,,,
WTIU,2026-08-10,19.53,20.37,0.043010752688172005,2026-08-11,,,,,,,,
WTLS,2026-08-10,62.58,62.46,-0.0019175455417065335,2026-08-11,,,,,,,,
WTM,2026-08-10,2109.68,2112.01,0.001104432899776464,2026-08-11,,,,,,,,
WTMF,2026-08-10,41.42,41.4,-0.0004828585224530002,2026-08-11,,,,,,,,
WTMU,2026-08-10,25.41,25.42,0.00039354584809125903,2026-08-11,,,,,,,,
WTMY,2026-08-10,25.17,25.17,0.0,2026-08-11,,,,,,,,
WTPI,2026-08-10,33.35,33.35,0.0,2026-08-11,,,,,,,,
WTRE,2026-08-10,23.9,24.0,0.004184100418409997,2026-08-11,,,,,,,,
WTRG,2026-08-10,39.78,40.08,0.007541478129713397,2026-08-11,,,,,,,,
WTS,2026-08-10,384.1,384.76,0.0017183025253839634,2026-08-11,,,,,,,,
WTTR,2026-08-10,20.89,21.11,0.010531354715174635,2026-08-11,,,,,,,,
WTV,2026-08-10,107.33,107.22,-0.0010248765489611067,2026-08-11,,,,,,,,
WTW,2026-08-10,343.01,342.39,-0.0018075274773330374,2026-08-11,,,,,,,,
WU,2026-08-10,7.03,7.05,0.002844950213371167,2026-08-11,,,,,,,,
WUGI,2026-08-10,84.48,84.76,0.0033143939393940336,2026-08-11,,,,,,,,
WULF,2026-08-10,16.2,16.75,0.03395061728395077,2026-08-11,,,,,,,,
WULX,2026-08-10,17.03,18.25,0.0716382853787434,2026-08-11,,,,,,,,
WVE,2026-08-10,6.07,5.05,-0.16803953871499178,2026-08-11,,,,,,,,
WVVI,2026-08-10,2.35,2.3,-0.021276595744680993,2026-08-11,,,,,,,,
WW,2026-08-10,15.87,15.01,-0.05419029615626969,2026-08-11,,,,,,,,
WWD,2026-08-10,356.11,356.58,0.0013198169105050894,2026-08-11,,,,,,,,
WWJD,2026-08-10,40.58,40.52,-0.0014785608674222628,2026-08-11,,,,,,,,
WWR,2026-08-10,0.62,0.6,-0.032258064516129115,2026-08-11,,,,,,,,
WWW,2026-08-10,18.92,18.2,-0.038054968287526525,2026-08-11,,,,,,,,
WX,2026-08-10,25.15,25.09,-0.0023856858846917905,2026-08-11,,,,,,,,
WXET,2026-08-10,19.92,19.36,-0.028112449799196915,2026-08-11,,,,,,,,
WXM,2026-08-10,4.0,7.9,0.9750000000000001,2026-08-11,,,,,,,,
WY,2026-08-10,25.29,25.02,-0.010676156583629859,2026-08-11,,,,,,,,
WYFI,2026-08-10,23.62,24.22,0.025402201524131973,2026-08-11,,,,,,,,
WYFL,2026-08-10,8.5,8.79,0.034117647058823364,2026-08-11,,,,,,,,
WYHG,2026-08-10,5.72,7.39,0.29195804195804187,2026-08-11,,,,,,,,
WYNN,2026-08-10,102.5,104.79,0.022341463414634166,2026-08-11,,,,,,,,
WYY,2026-08-10,11.2,11.16,-0.0035714285714284477,2026-08-11,,,,,,,,
WZRD,2026-08-10,0.65,0.79,0.2153846153846155,2026-08-11,,,,,,,,
XA,2026-08-10,40.94,40.85,-0.0021983390327307006,2026-08-11,,,,,,,,
XAGG,2026-08-10,49.81,49.77,-0.0008030515960650852,2026-08-11,,,,,,,,
XAGI,2026-08-10,19.75,19.85,0.005063291139240533,2026-08-11,,,,,,,,
XAIR,2026-08-10,5.2,5.84,0.12307692307692308,2026-08-11,,,,,,,,
XAIX,2026-08-10,56.28,56.15,-0.002309879175550811,2026-08-11,,,,,,,,
XAPR,2026-08-10,38.28,38.29,0.0002612330198537016,2026-08-11,,,,,,,,
XAR,2026-08-10,288.29,292.33,0.014013666793853297,2026-08-11,,,,,,,,
XAUG,2026-08-10,39.4,39.42,0.0005076142131981154,2026-08-11,,,,,,,,
XB,2026-08-10,38.99,39.02,0.0007694280584764623,2026-08-11,,,,,,,,
XBAP,2026-08-10,42.6,42.59,-0.00023474178403748436,2026-08-11,,,,,,,,
XBB,2026-08-10,40.58,40.65,0.001724987678659362,2026-08-11,,,,,,,,
XBCI,2026-08-10,31.31,30.94,-0.011817310763334365,2026-08-11,,,,,,,,
XBFR,2026-08-10,26.92,26.9,-0.0007429420505201678,2026-08-11,,,,,,,,
XBI,2026-08-10,158.03,158.07,0.0002531164968675448,2026-08-11,,,,,,,,
XBIL,2026-08-10,50.08,50.08,0.0,2026-08-11,,,,,,,,
XBIO,2026-08-10,3.09,3.22,0.04207119741100329,2026-08-11,,,,,,,,
XBIT,2026-08-10,2.28,2.33,0.021929824561403688,2026-08-11,,,,,,,,
XBIX,2026-08-10,36.97,36.95,-0.0005409791723017809,2026-08-11,,,,,,,,
XBJA,2026-08-10,34.37,34.35,-0.000581902822228586,2026-08-11,,,,,,,,
XBJL,2026-08-10,40.83,40.72,-0.0026940974773450588,2026-08-11,,,,,,,,
XBNB,2026-08-10,20.59,21.36,0.037396794560466295,2026-08-11,,,,,,,,
XBOC,2026-08-10,36.08,36.04,-0.0011086474501108556,2026-08-11,,,,,,,,
XBOX,2026-08-10,100.53,100.53,0.0,2026-08-11,,,,,,,,
XBP,2026-08-10,3.03,2.91,-0.03960396039603953,2026-08-11,,,,,,,,
XBTY,2026-08-10,5.51,5.51,0.0,2026-08-11,,,,,,,,
XC,2026-08-10,32.55,32.35,-0.006144393241167334,2026-08-11,,,,,,,,
XCBE,2026-08-10,9.96,9.98,0.002008032128514081,2026-08-11,,,,,,,,
XCCC,2026-08-10,35.87,35.84,-0.0008363534987453347,2026-08-11,,,,,,,,
XCEM,2026-08-10,49.17,49.42,0.0050844010575554766,2026-08-11,,,,,,,,
XCH,2026-08-10,0.28,0.27,-0.0357142857142857,2026-08-11,,,,,,,,
XCHG,2026-08-10,27.9,27.82,-0.0028673835125447855,2026-08-11,,,,,,,,
XCLR,2026-08-10,28.23,28.16,-0.0024796315975912364,2026-08-11,,,,,,,,
XCNY,2026-08-10,33.11,33.17,0.0018121413470251202,2026-08-11,,,,,,,,
XCOM,2026-08-10,23.67,23.82,0.006337135614702172,2026-08-11,,,,,,,,
XCOR,2026-08-10,89.18,88.93,-0.0028033191298497684,2026-08-11,,,,,,,,
XCUR,2026-08-10,1.37,1.4,0.021897810218977964,2026-08-11,,,,,,,,
XDAT,2026-08-10,26.83,26.63,-0.007454342154304849,2026-08-11,,,,,,,,
XDEC,2026-08-10,43.47,43.46,-0.00023004370830448373,2026-08-11,,,,,,,,
XDEF,2026-08-10,24.12,24.15,0.0012437810945271632,2026-08-11,,,,,,,,
XDIV,2026-08-10,31.53,31.44,-0.0028544243577545148,2026-08-11,,,,,,,,
XDQQ,2026-08-10,40.21,40.06,-0.003730415319572189,2026-08-11,,,,,,,,
XDSQ,2026-08-10,44.42,44.35,-0.0015758667266997373,2026-08-11,,,,,,,,
XDTE,2026-08-10,39.47,39.31,-0.004053711679756655,2026-08-11,,,,,,,,
XE,2026-08-10,20.64,20.57,-0.0033914728682170603,2026-08-11,,,,,,,,
XEL,2026-08-10,76.87,77.66,0.010277091192923082,2026-08-11,,,,,,,,
XELB,2026-08-10,1.05,0.95,-0.09523809523809534,2026-08-11,,,,,,,,
XEMD,2026-08-10,44.49,44.45,-0.0008990784445942479,2026-08-11,,,,,,,,
XEML,2026-08-10,26.76,26.71,-0.0018684603886397477,2026-08-11,,,,,,,,
XENE,2026-08-10,64.23,63.22,-0.01572473921843387,2026-08-11,,,,,,,,
XERS,2026-08-10,7.99,8.39,0.0500625782227786,2026-08-11,,,,,,,,
XES,2026-08-10,119.95,121.42,0.012255106294289275,2026-08-11,,,,,,,,
XEUR,2026-08-10,26.91,26.92,0.0003716090672611916,2026-08-11,,,,,,,,
XEY,2026-08-10,19.68,19.68,0.0,2026-08-11,,,,,,,,
XFEB,2026-08-10,37.92,37.92,0.0,2026-08-11,,,,,,,,
XFIV,2026-08-10,48.05,48.08,0.000624349635796051,2026-08-11,,,,,,,,
XFLH,2026-08-10,10.03,10.04,0.0009970089730806375,2026-08-11,,,,,,,,
XFLT,2026-08-10,18.95,19.16,0.011081794195250794,2026-08-11,,,,,,,,
XFLX,2026-08-10,22.71,22.71,0.0,2026-08-11,,,,,,,,
XFOR,2026-08-10,4.25,4.28,0.007058823529411784,2026-08-11,,,,,,,,
XGN,2026-08-10,6.64,6.77,0.01957831325301207,2026-08-11,,,,,,,,
XHB,2026-08-10,108.24,110.3,0.01903178122690319,2026-08-11,,,,,,,,
XHE,2026-08-10,94.21,94.92,0.007536354951703794,2026-08-11,,,,,,,,
XHG,2026-08-10,0.95,0.92,-0.03157894736842093,2026-08-11,,,,,,,,
XHLD,2026-08-10,3.11,3.57,0.14790996784565924,2026-08-11,,,,,,,,
XHLF,2026-08-10,50.2,50.21,0.0001992031872508626,2026-08-11,,,,,,,,
XHOA,2026-08-10,25.79,25.38,-0.015897634742148115,2026-08-11,,,,,,,,
XHR,2026-08-10,18.89,18.65,-0.012705134992059386,2026-08-11,,,,,,,,
XHS,2026-08-10,136.67,133.53,-0.02297504938903916,2026-08-11,,,,,,,,
XIDE,2026-08-10,30.35,30.35,0.0,2026-08-11,,,,,,,,
XIDV,2026-08-10,39.15,39.01,-0.003575989782886313,2026-08-11,,,,,,,,
XIFR,2026-08-10,11.38,11.45,0.0061511423550086874,2026-08-11,,,,,,,,
XIGV,2026-08-10,23.5,23.46,-0.0017021276595744483,2026-08-11,,,,,,,,
XIIIU,2026-08-10,10.44,10.43,-0.0009578544061302763,2026-08-11,,,,,,,,
XIJN,2026-08-10,30.81,30.81,0.0,2026-08-11,,,,,,,,
XIMR,2026-08-10,31.39,31.4,0.0003185727938832539,2026-08-11,,,,,,,,
XISE,2026-08-10,30.39,30.36,-0.000987166831194486,2026-08-11,,,,,,,,
XITK,2026-08-10,203.19,202.26,-0.004576996899453789,2026-08-11,,,,,,,,
XIWC,2026-08-10,25.74,25.92,0.006993006993007089,2026-08-11,,,,,,,,
XJAN,2026-08-10,38.95,38.96,0.00025673940949921814,2026-08-11,,,,,,,,
XJH,2026-08-10,52.46,52.63,0.0032405642394206513,2026-08-11,,,,,,,,
XJR,2026-08-10,52.34,52.5,0.003056935422239171,2026-08-11,,,,,,,,
XJUL,2026-08-10,41.5,41.45,-0.00120481927710836,2026-08-11,,,,,,,,
XJUN,2026-08-10,45.17,45.09,-0.001771087004649119,2026-08-11,,,,,,,,
XKRE,2026-08-10,29.36,29.99,0.021457765667574957,2026-08-11,,,,,,,,
XLB,2026-08-10,53.18,53.24,0.0011282437006394641,2026-08-11,,,,,,,,
XLBI,2026-08-10,24.34,24.4,0.0024650780608053147,2026-08-11,,,,,,,,
XLBX,2026-08-10,26.0,26.07,0.0026923076923077716,2026-08-11,,,,,,,,
XLC,2026-08-10,111.83,111.27,-0.005007600822677261,2026-08-11,,,,,,,,
XLCI,2026-08-10,23.66,23.57,-0.0038038884192730382,2026-08-11,,,,,,,,
XLE,2026-08-10,60.18,60.93,0.012462612163509412,2026-08-11,,,,,,,,
XLEI,2026-08-10,27.16,27.42,0.009572901325478611,2026-08-11,,,,,,,,
XLEX,2026-08-10,26.4,27.02,0.023484848484848442,2026-08-11,,,,,,,,
XLF,2026-08-10,57.81,57.8,-0.0001729804532089041,2026-08-11,,,,,,,,
XLFI,2026-08-10,24.31,24.36,0.002056766762649209,2026-08-11,,,,,,,,
XLFX,2026-08-10,30.94,31.02,0.0025856496444731647,2026-08-11,,,,,,,,
XLG,2026-08-10,63.18,62.73,-0.007122507122507171,2026-08-11,,,,,,,,
XLI,2026-08-10,184.6,185.7,0.005958829902491747,2026-08-11,,,,,,,,
XLII,2026-08-10,26.34,26.4,0.00227790432801811,2026-08-11,,,,,,,,
XLIX,2026-08-10,27.4,27.73,0.012043795620438003,2026-08-11,,,,,,,,
XLK,2026-08-10,186.32,186.09,-0.0012344353799913499,2026-08-11,,,,,,,,
XLKI,2026-08-10,26.59,26.58,-0.00037608123354648804,2026-08-11,,,,,,,,
XLKX,2026-08-10,21.18,21.12,-0.0028328611898016387,2026-08-11,,,,,,,,
XLO,2026-08-10,9.2,9.18,-0.0021739130434782483,2026-08-11,,,,,,,,
XLP,2026-08-10,84.95,84.69,-0.0030606238964097088,2026-08-11,,,,,,,,
XLPX,2026-08-10,26.65,26.64,-0.00037523452157595116,2026-08-11,,,,,,,,
XLRE,2026-08-10,44.4,44.08,-0.007207207207207245,2026-08-11,,,,,,,,
XLRI,2026-08-10,23.44,23.29,-0.006399317406143412,2026-08-11,,,,,,,,
XLSI,2026-08-10,23.42,23.41,-0.000426985482493647,2026-08-11,,,,,,,,
XLSR,2026-08-10,66.7,66.46,-0.003598200899550319,2026-08-11,,,,,,,,
XLU,2026-08-10,43.13,43.63,0.011592858798979755,2026-08-11,,,,,,,,
XLUI,2026-08-10,23.3,23.53,0.009871244635193177,2026-08-11,,,,,,,,
XLUX,2026-08-10,23.92,24.45,0.022157190635451407,2026-08-11,,,,,,,,
XLV,2026-08-10,168.44,168.01,-0.002552837805746888,2026-08-11,,,,,,,,
XLVI,2026-08-10,26.98,26.98,0.0,2026-08-11,,,,,,,,
XLVX,2026-08-10,32.56,32.38,-0.005528255528255532,2026-08-11,,,,,,,,
XLY,2026-08-10,119.67,119.24,-0.003593214673686007,2026-08-11,,,,,,,,
XLYI,2026-08-10,23.17,23.14,-0.0012947777298231156,2026-08-11,,,,,,,,
XLYX,2026-08-10,25.28,25.09,-0.007515822784810222,2026-08-11,,,,,,,,
XMAG,2026-08-10,26.19,26.26,0.002672775868652222,2026-08-11,,,,,,,,
XMAR,2026-08-10,43.22,43.21,-0.00023137436372044906,2026-08-11,,,,,,,,
XMAX,2026-08-10,9.2,9.34,0.01521739130434785,2026-08-11,,,,,,,,
XMAY,2026-08-10,36.69,36.67,-0.0005451076587624781,2026-08-11,,,,,,,,
XME,2026-08-10,117.54,117.83,0.002467245193125578,2026-08-11,,,,,,,,
XMHQ,2026-08-10,118.79,119.33,0.004545837191682667,2026-08-11,,,,,,,,
XMLV,2026-08-10,67.87,67.81,-0.0008840430234271501,2026-08-11,,,,,,,,
XMMO,2026-08-10,161.16,162.07,0.005646562422437329,2026-08-11,,,,,,,,
XMPT,2026-08-10,21.65,21.64,-0.0004618937644340626,2026-08-11,,,,,,,,
XMTR,2026-08-10,90.53,91.43,0.009941455870982052,2026-08-11,,,,,,,,
XMVM,2026-08-10,74.44,74.86,0.005642127888232151,2026-08-11,,,,,,,,
XNAV,2026-08-10,92.34,92.58,0.002599090318388564,2026-08-11,,,,,,,,
XNCR,2026-08-10,21.58,22.1,0.024096385542168752,2026-08-11,,,,,,,,
XNDU,2026-08-10,10.55,10.34,-0.019905213270142275,2026-08-11,,,,,,,,
XNDX,2026-08-10,9.05,8.62,-0.0475138121546963,2026-08-11,,,,,,,,
XNET,2026-08-10,5.05,5.04,-0.001980198019801982,2026-08-11,,,,,,,,
XNOV,2026-08-10,40.13,40.11,-0.000498380264141618,2026-08-11,,,,,,,,
XNTK,2026-08-10,360.76,360.48,-0.0007761392615588392,2026-08-11,,,,,,,,
XOCT,2026-08-10,39.99,40.03,0.0010002500625156951,2026-08-11,,,,,,,,
XOEF,2026-08-10,30.28,30.4,0.003963011889035473,2026-08-11,,,,,,,,
XOEX,2026-08-10,41.46,41.55,0.0021707670043413785,2026-08-11,,,,,,,,
XOM,2026-08-10,159.79,159.8,6.258213905763199e-05,2026-08-11,,,,,,,,
XOMO,2026-08-10,11.34,11.35,0.0008818342151675207,2026-08-11,,,,,,,,
XOMX,2026-08-10,46.49,46.57,0.0017208001720798727,2026-08-11,,,,,,,,
XONE,2026-08-10,49.28,49.29,0.00020292207792205197,2026-08-11,,,,,,,,
XOP,2026-08-10,175.93,178.37,0.013869152503836801,2026-08-11,,,,,,,,
XOS,2026-08-10,2.7,2.66,-0.014814814814814836,2026-08-11,,,,,,,,
XOVL,2026-08-10,20.28,19.82,-0.02268244575936884,2026-08-11,,,,,,,,
XOVR,2026-08-10,20.22,20.03,-0.009396636993076024,2026-08-11,,,,,,,,
XP,2026-08-10,16.2,15.51,-0.042592592592592515,2026-08-11,,,,,,,,
XPAV,2026-08-10,25.57,25.96,0.015252248728979234,2026-08-11,,,,,,,,
XPAY,2026-08-10,54.35,54.18,-0.0031278748850046556,2026-08-11,,,,,,,,
XPEG,2026-08-10,4.13,4.0,-0.03147699757869249,2026-08-11,,,,,,,,
XPEL,2026-08-10,47.64,47.92,0.005877413937867448,2026-08-11,,,,,,,,
XPER,2026-08-10,6.81,6.62,-0.027900146842878004,2026-08-11,,,,,,,,
XPEV,2026-08-10,12.0,11.88,-0.009999999999999898,2026-08-11,,,,,,,,
XPH,2026-08-10,70.11,69.74,-0.005277421195264642,2026-08-11,,,,,,,,
XPL,2026-08-10,0.76,0.79,0.03947368421052633,2026-08-11,,,,,,,,
XPND,2026-08-10,39.99,39.82,-0.004251062765691427,2026-08-11,,,,,,,,
XPO,2026-08-10,200.48,203.4,0.014565043894652963,2026-08-11,,,,,,,,
XPOF,2026-08-10,4.97,4.87,-0.02012072434607637,2026-08-11,,,,,,,,
XPON,2026-08-10,3.55,3.74,0.05352112676056353,2026-08-11,,,,,,,,
XPP,2026-08-10,22.44,21.44,-0.0445632798573975,2026-08-11,,,,,,,,
XPRO,2026-08-10,17.85,18.26,0.022969187675069946,2026-08-11,,,,,,,,
XQQI,2026-08-10,49.44,49.21,-0.004652103559870446,2026-08-11,,,,,,,,
XQTM,2026-08-10,15.79,16.27,0.030398986700443276,2026-08-11,,,,,,,,
XRAY,2026-08-10,11.66,11.61,-0.004288164665523175,2026-08-11,,,,,,,,
XRLX,2026-08-10,49.1,49.04,-0.0012219959266802638,2026-08-11,,,,,,,,
XRMI,2026-08-10,17.38,17.42,0.0023014959723821615,2026-08-11,,,,,,,,
XRN,2026-08-10,35.86,35.1,-0.021193530395984372,2026-08-11,,,,,,,,
XRP,2026-08-10,11.4,11.32,-0.007017543859649145,2026-08-11,,,,,,,,
XRPC,2026-08-10,10.83,10.75,-0.007386888273314907,2026-08-11,,,,,,,,
XRPI,2026-08-10,5.58,5.54,-0.007168458781361964,2026-08-11,,,,,,,,
XRPM,2026-08-10,9.96,9.87,-0.009036144578313365,2026-08-11,,,,,,,,
XRPN,2026-08-10,10.48,10.46,-0.001908396946564861,2026-08-11,,,,,,,,
XRPR,2026-08-10,8.33,8.28,-0.006002400960384291,2026-08-11,,,,,,,,
XRPT,2026-08-10,20.12,19.94,-0.008946322067594381,2026-08-11,,,,,,,,
XRPZ,2026-08-10,11.08,11.01,-0.006317689530685899,2026-08-11,,,,,,,,
XRT,2026-08-10,90.59,89.63,-0.010597196158516509,2026-08-11,,,,,,,,
XRTX,2026-08-10,2.16,2.19,0.01388888888888884,2026-08-11,,,,,,,,
XRX,2026-08-10,3.25,3.22,-0.009230769230769154,2026-08-11,,,,,,,,
XSD,2026-08-10,525.4,530.11,0.008964598401218105,2026-08-11,,,,,,,,
XSEM,2026-08-10,18.63,18.89,0.013955984970477786,2026-08-11,,,,,,,,
XSEP,2026-08-10,44.94,44.95,0.00022251891410784985,2026-08-11,,,,,,,,
XSHD,2026-08-10,14.24,14.32,0.00561797752808979,2026-08-11,,,,,,,,
XSHP,2026-08-10,16.75,16.41,-0.020298507462686577,2026-08-11,,,,,,,,
XSHQ,2026-08-10,48.85,48.93,0.0016376663254862311,2026-08-11,,,,,,,,
XSLL,2026-08-10,9.95,9.97,0.0020100502512563345,2026-08-11,,,,,,,,
XSLV,2026-08-10,53.08,53.3,0.0041446872645063415,2026-08-11,,,,,,,,
XSMO,2026-08-10,88.39,88.78,0.004412263830749996,2026-08-11,,,,,,,,
XSOE,2026-08-10,46.41,46.74,0.007110536522301425,2026-08-11,,,,,,,,
XSPC,2026-08-10,23.11,23.25,0.0060579835569019025,2026-08-11,,,,,,,,
XSPI,2026-08-10,50.26,50.1,-0.003183446080381902,2026-08-11,,,,,,,,
XSVM,2026-08-10,70.57,70.58,0.00014170327334572796,2026-08-11,,,,,,,,
XSVN,2026-08-10,46.38,46.43,0.0010780508840015912,2026-08-11,,,,,,,,
XSW,2026-08-10,197.22,197.23,5.0704796673795016e-05,2026-08-11,,,,,,,,
XT,2026-08-10,83.22,82.97,-0.0030040855563566726,2026-08-11,,,,,,,,
XTAI,2026-08-10,21.3,22.03,0.034272300469483596,2026-08-11,,,,,,,,
XTAP,2026-08-10,46.26,46.24,-0.0004323389537396194,2026-08-11,,,,,,,,
XTEN,2026-08-10,44.19,44.26,0.0015840687938448728,2026-08-11,,,,,,,,
XTIA,2026-08-10,1.63,1.59,-0.024539877300613355,2026-08-11,,,,,,,,
XTJA,2026-08-10,34.8,34.77,-0.0008620689655171043,2026-08-11,,,,,,,,
XTJL,2026-08-10,42.18,42.12,-0.0014224751066856944,2026-08-11,,,,,,,,
XTL,2026-08-10,214.84,216.53,0.0078663191212065,2026-08-11,,,,,,,,
XTLB,2026-08-10,2.87,2.65,-0.0766550522648084,2026-08-11,,,,,,,,
XTN,2026-08-10,110.35,109.73,-0.0056184866334390016,2026-08-11,,,,,,,,
XTNT,2026-08-10,0.45,0.32,-0.28888888888888886,2026-08-11,,,,,,,,
XTOC,2026-08-10,36.85,36.85,0.0,2026-08-11,,,,,,,,
XTR,2026-08-10,29.2,29.15,-0.00171232876712335,2026-08-11,,,,,,,,
XTRE,2026-08-10,48.7,48.73,0.0006160164271045154,2026-08-11,,,,,,,,
XTWO,2026-08-10,48.77,48.79,0.0004100881689561575,2026-08-11,,,,,,,,
XTWY,2026-08-10,35.14,35.19,0.001422879908935526,2026-08-11,,,,,,,,
XUDV,2026-08-10,33.02,33.14,0.003634161114475898,2026-08-11,,,,,,,,
XUSP,2026-08-10,54.82,54.55,-0.0049252097774535875,2026-08-11,,,,,,,,
XV,2026-08-10,24.82,24.85,0.001208702659145855,2026-08-11,,,,,,,,
XVO,2026-08-10,26.42,26.63,0.007948523845571431,2026-08-11,,,,,,,,
XVUG,2026-08-10,23.92,23.62,-0.012541806020066937,2026-08-11,,,,,,,,
XVV,2026-08-10,59.25,59.03,-0.0037130801687763615,2026-08-11,,,,,,,,
XW,2026-08-10,24.4,24.44,0.0016393442622952836,2026-08-11,,,,,,,,
XWEL,2026-08-10,0.95,0.99,0.04210526315789487,2026-08-11,,,,,,,,
XXI,2026-08-10,4.58,4.5,-0.017467248908296984,2026-08-11,,,,,,,,
XXII,2026-08-10,4.35,4.4,0.011494252873563315,2026-08-11,,,,,,,,
XXRP,2026-08-10,18.9,18.64,-0.013756613756613634,2026-08-11,,,,,,,,
XXV,2026-08-10,23.46,23.59,0.005541346973571892,2026-08-11,,,,,,,,
XXX,2026-08-10,20.01,19.95,-0.002998500749625266,2026-08-11,,,,,,,,
XYF,2026-08-10,5.25,5.36,0.020952380952381056,2026-08-11,,,,,,,,
XYL,2026-08-10,121.19,123.18,0.016420496740655155,2026-08-11,,,,,,,,
XYLD,2026-08-10,41.58,41.58,0.0,2026-08-11,,,,,,,,
XYLG,2026-08-10,29.66,29.64,-0.0006743088334456582,2026-08-11,,,,,,,,
XYZ,2026-08-10,78.98,79.07,0.0011395289946820597,2026-08-11,,,,,,,,
XYZG,2026-08-10,17.1,17.1,0.0,2026-08-11,,,,,,,,
XYZY,2026-08-10,25.4,25.38,-0.0007874015748031704,2026-08-11,,,,,,,,
XZO,2026-08-10,15.88,16.4,0.032745591939546514,2026-08-11,,,,,,,,
YAAS,2026-08-10,2.81,3.04,0.08185053380782925,2026-08-11,,,,,,,,
YALA,2026-08-10,5.4,5.38,-0.0037037037037037646,2026-08-11,,,,,,,,
YALL,2026-08-10,44.29,44.31,0.0004515692029805063,2026-08-11,,,,,,,,
YANG,2026-08-10,26.26,28.07,0.06892612338156878,2026-08-11,,,,,,,,
YARW,2026-08-10,41.97,42.94,0.023111746485585005,2026-08-11,,,,,,,,
YB,2026-08-10,13.84,13.73,-0.007947976878612706,2026-08-11,,,,,,,,
YBIT,2026-08-10,18.31,18.14,-0.009284543965046299,2026-08-11,,,,,,,,
YBMN,2026-08-10,12.64,12.62,-0.0015822784810127777,2026-08-11,,,,,,,,
YBST,2026-08-10,12.6,12.61,0.0007936507936507908,2026-08-11,,,,,,,,
YBTC,2026-08-10,17.67,17.53,-0.007923033389926504,2026-08-11,,,,,,,,
YBTY,2026-08-10,10.98,11.06,0.007285974499089187,2026-08-11,,,,,,,,
YCBD,2026-08-10,0.57,0.58,0.01754385964912286,2026-08-11,,,,,,,,
YCL,2026-08-10,17.96,17.97,0.000556792873051215,2026-08-11,,,,,,,,
YCLO,2026-08-10,25.18,25.19,0.0003971405877680745,2026-08-11,,,,,,,,
YCS,2026-08-10,54.67,54.73,0.0010974940552404,2026-08-11,,,,,,,,
YCY,2026-08-10,10.2,10.22,0.0019607843137257053,2026-08-11,,,,,,,,
YDDL,2026-08-10,1.78,1.75,-0.016853932584269704,2026-08-11,,,,,,,,
YDEC,2026-08-10,28.16,28.17,0.0003551136363637575,2026-08-11,,,,,,,,
YDES,2026-08-10,2.51,2.73,0.08764940239043839,2026-08-11,,,,,,,,
YDKG,2026-08-10,1.08,1.13,0.04629629629629606,2026-08-11,,,,,,,,
YEAR,2026-08-10,50.24,50.24,0.0,2026-08-11,,,,,,,,
YELP,2026-08-10,24.55,23.61,-0.03828920570264771,2026-08-11,,,,,,,,
YETH,2026-08-10,8.92,8.93,0.0011210762331839152,2026-08-11,,,,,,,,
YETI,2026-08-10,52.68,50.79,-0.03587699316628701,2026-08-11,,,,,,,,
YEXT,2026-08-10,5.76,5.71,-0.00868055555555558,2026-08-11,,,,,,,,
YFFI,2026-08-10,9.85,9.88,0.0030456852791880262,2026-08-11,,,,,,,,
YFYA,2026-08-10,9.79,9.79,0.0,2026-08-11,,,,,,,,
YGLD,2026-08-10,35.66,35.45,-0.00588895120583266,2026-08-11,,,,,,,,
YHC,2026-08-10,1.77,1.67,-0.05649717514124297,2026-08-11,,,,,,,,
YHGJ,2026-08-10,3.47,3.36,-0.03170028818443815,2026-08-11,,,,,,,,
YHNA,2026-08-10,10.95,10.96,0.0009132420091324533,2026-08-11,,,,,,,,
YI,2026-08-10,4.1,3.77,-0.08048780487804874,2026-08-11,,,,,,,,
YIBO,2026-08-10,1.18,1.23,0.04237288135593231,2026-08-11,,,,,,,,
YICC,2026-08-10,9.92,9.93,0.0010080645161290036,2026-08-11,,,,,,,,
YINN,2026-08-10,32.3,30.07,-0.06904024767801853,2026-08-11,,,,,,,,
YJ,2026-08-10,2.7,2.22,-0.1777777777777778,2026-08-11,,,,,,,,
YJUN,2026-08-10,27.5,27.47,-0.0010909090909091423,2026-08-11,,,,,,,,
YLD,2026-08-10,18.91,18.89,-0.0010576414595452333,2026-08-11,,,,,,,,
YLDE,2026-08-10,57.56,57.69,0.0022585128561500856,2026-08-11,,,,,,,,
YLDW,2026-08-10,25.84,25.8,-0.001547987616099089,2026-08-11,,,,,,,,
YMAG,2026-08-10,11.59,11.49,-0.008628127696289845,2026-08-11,,,,,,,,
YMAR,2026-08-10,29.26,29.27,0.0003417634996580876,2026-08-11,,,,,,,,
YMAT,2026-08-10,1.92,1.98,0.03125,2026-08-11,,,,,,,,
YMAX,2026-08-10,7.71,7.71,0.0,2026-08-11,,,,,,,,
YMM,2026-08-10,9.7,9.35,-0.03608247422680411,2026-08-11,,,,,,,,
YMT,2026-08-10,0.3,0.22,-0.2666666666666666,2026-08-11,,,,,,,,
YNOT,2026-08-10,32.6,32.62,0.0006134969325151118,2026-08-11,,,,,,,,
YOKE,2026-08-10,32.16,32.07,-0.002798507462686506,2026-08-11,,,,,,,,
YOLO,2026-08-10,2.7,2.83,0.04814814814814805,2026-08-11,,,,,,,,
YORW,2026-08-10,31.91,32.5,0.018489501723597535,2026-08-11,,,,,,,,
YOU,2026-08-10,51.21,48.28,-0.05721538761960554,2026-08-11,,,,,,,,
YOUL,2026-08-10,0.4,0.42,0.04999999999999982,2026-08-11,,,,,,,,
YPF,2026-08-10,50.94,49.15,-0.035139379662347814,2026-08-11,,,,,,,,
YQ,2026-08-10,2.4,2.36,-0.01666666666666672,2026-08-11,,,,,,,,
YQQQ,2026-08-10,9.75,9.8,0.00512820512820511,2026-08-11,,,,,,,,
YRD,2026-08-10,1.25,1.23,-0.016000000000000014,2026-08-11,,,,,,,,
YSAG,2026-08-10,65.67,64.71,-0.014618547281863958,2026-08-11,,,,,,,,
YSAU,2026-08-10,43.88,43.81,-0.0015952597994530748,2026-08-11,,,,,,,,
YSEP,2026-08-10,28.22,28.2,-0.0007087172218285254,2026-08-11,,,,,,,,
YSG,2026-08-10,3.33,3.34,0.0030030030030030463,2026-08-11,,,,,,,,
YSPC,2026-08-10,48.81,47.39,-0.02909239909854544,2026-08-11,,,,,,,,
YSPY,2026-08-10,14.98,14.98,0.0,2026-08-11,,,,,,,,
YSS,2026-08-10,10.48,10.6,0.011450381679389166,2026-08-11,,,,,,,,
YSWY,2026-08-10,21.29,20.69,-0.028182245185533028,2026-08-11,,,,,,,,
YSXT,2026-08-10,1.15,0.98,-0.14782608695652166,2026-08-11,,,,,,,,
YTRA,2026-08-10,0.85,0.87,0.0235294117647058,2026-08-11,,,,,,,,
YUM,2026-08-10,145.33,144.75,-0.003990917222872148,2026-08-11,,,,,,,,
YUMC,2026-08-10,48.19,47.59,-0.01245071591616509,2026-08-11,,,,,,,,
YUNG,2026-08-10,28.95,28.68,-0.00932642487046631,2026-08-11,,,,,,,,
YXI,2026-08-10,21.24,21.77,0.024952919020715614,2026-08-11,,,,,,,,
YXT,2026-08-10,5.65,5.17,-0.08495575221238949,2026-08-11,,,,,,,,
YYAI,2026-08-10,0.08,0.08,0.0,2026-08-11,,,,,,,,
YYGH,2026-08-10,1.21,1.31,0.08264462809917372,2026-08-11,,,,,,,,
YYY,2026-08-10,11.44,11.44,0.0,2026-08-11,,,,,,,,
YYYM,2026-08-10,19.67,19.66,-0.0005083884087443424,2026-08-11,,,,,,,,
Z,2026-08-10,33.75,34.14,0.011555555555555541,2026-08-11,,,,,,,,
ZALT,2026-08-10,34.43,34.41,-0.0005808887598025558,2026-08-11,,,,,,,,
ZAP,2026-08-10,32.17,32.6,0.013366490519117091,2026-08-11,,,,,,,,
ZAPR,2026-08-10,26.82,26.87,0.0018642803877704228,2026-08-11,,,,,,,,
ZAUG,2026-08-10,27.87,27.86,-0.0003588087549336594,2026-08-11,,,,,,,,
ZBAO,2026-08-10,0.21,0.19,-0.09523809523809523,2026-08-11,,,,,,,,
ZBH,2026-08-10,97.78,97.23,-0.005624872161996253,2026-08-11,,,,,,,,
ZBIO,2026-08-10,31.99,32.44,0.014066895904970345,2026-08-11,,,,,,,,
ZBRA,2026-08-10,378.08,383.06,0.013171815488785432,2026-08-11,,,,,,,,
ZCBA,2026-08-10,48.79,48.82,0.0006148800983807323,2026-08-11,,,,,,,,
ZCBB,2026-08-10,48.63,48.66,0.0006169031462059937,2026-08-11,,,,,,,,
ZCBC,2026-08-10,48.56,48.59,0.0006177924217463104,2026-08-11,,,,,,,,
ZCBE,2026-08-10,48.46,48.49,0.0006190672719768031,2026-08-11,,,,,,,,
ZCBF,2026-08-10,48.33,48.37,0.0008276432857439175,2026-08-11,,,,,,,,
ZCBG,2026-08-10,48.29,48.33,0.00082832884655204,2026-08-11,,,,,,,,
ZCMD,2026-08-10,1.14,1.08,-0.05263157894736825,2026-08-11,,,,,,,,
ZD,2026-08-10,54.31,53.49,-0.015098508561959156,2026-08-11,,,,,,,,
ZDAI,2026-08-10,1.87,1.81,-0.03208556149732622,2026-08-11,,,,,,,,
ZDEK,2026-08-10,26.68,26.67,-0.00037481259370308884,2026-08-11,,,,,,,,
ZDGE,2026-08-10,2.94,2.97,0.010204081632653184,2026-08-11,,,,,,,,
ZECP,2026-08-10,38.68,38.52,-0.00413650465356763,2026-08-11,,,,,,,,
ZENA,2026-08-10,1.71,1.82,0.06432748538011701,2026-08-11,,,,,,,,
ZEO,2026-08-10,0.58,0.63,0.0862068965517242,2026-08-11,,,,,,,,
ZEPP,2026-08-10,5.19,5.15,-0.0077071290944122905,2026-08-11,,,,,,,,
ZETA,2026-08-10,27.54,29.15,0.05846042120551931,2026-08-11,,,,,,,,
ZETX,2026-08-10,33.58,36.98,0.10125074449076821,2026-08-11,,,,,,,,
ZFEB,2026-08-10,26.23,26.23,0.0,2026-08-11,,,,,,,,
ZG,2026-08-10,34.07,34.26,0.005576753742295271,2026-08-11,,,,,,,,
ZGN,2026-08-10,14.8,14.15,-0.04391891891891897,2026-08-11,,,,,,,,
ZH,2026-08-10,3.3,3.3,0.0,2026-08-11,,,,,,,,
ZHDG,2026-08-10,24.18,24.11,-0.0028949545078577055,2026-08-11,,,,,,,,
ZHOG,2026-08-10,51.06,51.06,0.0,2026-08-11,,,,,,,,
ZIG,2026-08-10,40.87,40.79,-0.0019574259848299524,2026-08-11,,,,,,,,
ZIM,2026-08-10,25.21,24.53,-0.026973423244744166,2026-08-11,,,,,,,,
ZINC,2026-08-10,26.17,26.32,0.0057317539166985565,2026-08-11,,,,,,,,
ZION,2026-08-10,70.62,71.0,0.005380911922967968,2026-08-11,,,,,,,,
ZIP,2026-08-10,5.04,4.92,-0.023809523809523836,2026-08-11,,,,,,,,
ZJAN,2026-08-10,28.26,28.24,-0.0007077140835103357,2026-08-11,,,,,,,,
ZJK,2026-08-10,1.76,1.79,0.017045454545454586,2026-08-11,,,,,,,,
ZJUL,2026-08-10,30.25,30.24,-0.00033057851239670644,2026-08-11,,,,,,,,
ZJUN,2026-08-10,27.69,27.69,0.0,2026-08-11,,,,,,,,
ZJYL,2026-08-10,2.92,2.98,0.020547945205479534,2026-08-11,,,,,,,,
ZKH,2026-08-10,2.85,2.93,0.02807017543859658,2026-08-11,,,,,,,,
ZKIN,2026-08-10,1.1,1.07,-0.027272727272727337,2026-08-11,,,,,,,,
ZKP,2026-08-10,9.98,9.99,0.0010020040080160886,2026-08-11,,,,,,,,
ZLAB,2026-08-10,23.57,26.0,0.10309715740347891,2026-08-11,,,,,,,,
ZM,2026-08-10,107.2,106.06,-0.010634328358208989,2026-08-11,,,,,,,,
ZMAR,2026-08-10,28.48,28.46,-0.000702247191011196,2026-08-11,,,,,,,,
ZMAY,2026-08-10,26.23,26.23,0.0,2026-08-11,,,,,,,,
ZMUN,2026-08-10,50.03,50.06,0.000599640215870556,2026-08-11,,,,,,,,
ZNB,2026-08-10,2.73,2.65,-0.02930402930402931,2026-08-11,,,,,,,,
ZNOV,2026-08-10,27.75,27.73,-0.0007207207207207134,2026-08-11,,,,,,,,
ZNTL,2026-08-10,4.15,4.11,-0.009638554216867434,2026-08-11,,,,,,,,
ZOCT,2026-08-10,27.86,27.86,0.0,2026-08-11,,,,,,,,
ZONE,2026-08-10,0.35,0.16,-0.5428571428571428,2026-08-11,,,,,,,,
ZOOZ,2026-08-10,5.31,5.3,-0.0018832391713746732,2026-08-11,,,,,,,,
ZROZ,2026-08-10,58.12,58.31,0.003269098417068239,2026-08-11,,,,,,,,
ZS,2026-08-10,176.68,178.55,0.010584106859859554,2026-08-11,,,,,,,,
ZSB,2026-08-10,21.89,22.01,0.005481955230699054,2026-08-11,,,,,,,,
ZSC,2026-08-10,30.15,30.09,-0.0019900497512437276,2026-08-11,,,,,,,,
ZSEP,2026-08-10,27.77,27.78,0.0003601008282319018,2026-08-11,,,,,,,,
ZSL,2026-08-10,24.0,24.69,0.028750000000000053,2026-08-11,,,,,,,,
ZSQR,2026-08-10,3.9,3.87,-0.007692307692307665,2026-08-11,,,,,,,,
ZSTK,2026-08-10,1.5,1.69,0.1266666666666667,2026-08-11,,,,,,,,
ZTAX,2026-08-10,25.5,25.5,0.0,2026-08-11,,,,,,,,
ZTEK,2026-08-10,0.68,0.66,-0.02941176470588236,2026-08-11,,,,,,,,
ZTEN,2026-08-10,49.49,49.49,0.0,2026-08-11,,,,,,,,
ZTG,2026-08-10,9.3,9.27,-0.003225806451613078,2026-08-11,,,,,,,,
ZTO,2026-08-10,23.93,23.15,-0.03259506895110742,2026-08-11,,,,,,,,
ZTOP,2026-08-10,51.53,51.55,0.0003881234232485653,2026-08-11,,,,,,,,
ZTR,2026-08-10,6.74,6.77,0.004451038575667532,2026-08-11,,,,,,,,
ZTRE,2026-08-10,50.51,50.48,-0.0005939417937042002,2026-08-11,,,,,,,,
ZTS,2026-08-10,74.83,75.35,0.006949084591741261,2026-08-11,,,,,,,,
ZTWO,2026-08-10,50.32,50.34,0.0003974562798092496,2026-08-11,,,,,,,,
ZUMZ,2026-08-10,19.53,19.08,-0.023041474654378002,2026-08-11,,,,,,,,
ZURA,2026-08-10,5.63,5.56,-0.01243339253996456,2026-08-11,,,,,,,,
ZVIA,2026-08-10,1.39,1.36,-0.021582733812949506,2026-08-11,,,,,,,,
ZVOL,2026-08-10,7.87,7.89,0.0025412960609909607,2026-08-11,,,,,,,,
ZVRA,2026-08-10,11.48,11.34,-0.012195121951219523,2026-08-11,,,,,,,,
ZWS,2026-08-10,51.06,51.82,0.014884449667058375,2026-08-11,,,,,,,,
ZYBT,2026-08-10,1.8,1.61,-0.10555555555555551,2026-08-11,,,,,,,,
ZYME,2026-08-10,24.16,24.32,0.0066225165562914245,2026-08-11,,,,,,,,
