Ticker,scan_date,price_T,price_T1,fwd_1d,label_date_1,price_T2,fwd_2d,label_date_2,price_T3,fwd_3d,label_date_3,up_3d,down_3d
A,2026-08-07,145.97,151.36,0.03692539562923902,2026-08-10,,,,,,,,
AA,2026-08-07,50.17,50.7,0.010564082120789298,2026-08-10,,,,,,,,
AAA,2026-08-07,24.98,24.98,0.0,2026-08-10,,,,,,,,
AAAA,2026-08-07,30.9,30.9,0.0,2026-08-10,,,,,,,,
AAAC,2026-08-07,20.08,20.08,0.0,2026-08-10,,,,,,,,
AAAD,2026-08-07,49.56,49.56,0.0,2026-08-10,,,,,,,,
AAAP,2026-08-07,25.33,25.33,0.0,2026-08-10,,,,,,,,
AAAU,2026-08-07,42.81,42.76,-0.0011679514132213464,2026-08-10,,,,,,,,
AAC-U,2026-08-07,10.19,10.19,0.0,2026-08-10,,,,,,,,
AACB,2026-08-07,10.56,10.56,0.0,2026-08-10,,,,,,,,
AACG,2026-08-07,0.86,0.9,0.04651162790697683,2026-08-10,,,,,,,,
AACI,2026-08-07,9.99,9.99,0.0,2026-08-10,,,,,,,,
AACO,2026-08-07,9.94,9.94,0.0,2026-08-10,,,,,,,,
AACP,2026-08-07,10.0,10.0,0.0,2026-08-10,,,,,,,,
AADR,2026-08-07,84.35,84.35,0.0,2026-08-10,,,,,,,,
AADX,2026-08-07,21.54,21.86,0.01485608170844932,2026-08-10,,,,,,,,
AAEQ,2026-08-07,55.22,55.22,0.0,2026-08-10,,,,,,,,
AAL,2026-08-07,15.94,15.87,-0.004391468005018884,2026-08-10,,,,,,,,
AALG,2026-08-07,15.27,15.27,0.0,2026-08-10,,,,,,,,
AAME,2026-08-07,1.53,1.53,0.0,2026-08-10,,,,,,,,
AAMI,2026-08-07,89.85,90.07,0.0024485253199777457,2026-08-10,,,,,,,,
AAOG,2026-08-07,4.51,4.89,0.0842572062084257,2026-08-10,,,,,,,,
AAOI,2026-08-07,135.63,141.5,0.04327951043279521,2026-08-10,,,,,,,,
AAON,2026-08-07,94.83,98.38,0.03743541073499945,2026-08-10,,,,,,,,
AAOX,2026-08-07,20.18,21.89,0.0847373637264619,2026-08-10,,,,,,,,
AAOZ,2026-08-07,10.91,10.01,-0.08249312557286892,2026-08-10,,,,,,,,
AAP,2026-08-07,57.8,58.09,0.005017301038062305,2026-08-10,,,,,,,,
AAPB,2026-08-07,39.05,38.0,-0.02688860435339302,2026-08-10,,,,,,,,
AAPD,2026-08-07,11.09,11.24,0.01352569882777277,2026-08-10,,,,,,,,
AAPE,2026-08-07,14.77,14.78,0.0006770480704130222,2026-08-10,,,,,,,,
AAPG,2026-08-07,18.99,18.99,0.0,2026-08-10,,,,,,,,
AAPL,2026-08-07,313.33,309.5,-0.012223534292918004,2026-08-10,,,,,,,,
AAPR,2026-08-07,29.74,29.74,0.0,2026-08-10,,,,,,,,
AAPU,2026-08-07,40.03,39.15,-0.02198351236572582,2026-08-10,,,,,,,,
AAPW,2026-08-07,39.63,39.59,-0.0010093363613423723,2026-08-10,,,,,,,,
AAPX,2026-08-07,35.98,35.04,-0.026125625347415138,2026-08-10,,,,,,,,
AAPY,2026-08-07,26.31,26.31,0.0,2026-08-10,,,,,,,,
AARD,2026-08-07,7.9,7.9,0.0,2026-08-10,,,,,,,,
AAT,2026-08-07,22.83,22.83,0.0,2026-08-10,,,,,,,,
AAUA,2026-08-07,59.09,59.09,0.0,2026-08-10,,,,,,,,
AAUB,2026-08-07,51.49,51.49,0.0,2026-08-10,,,,,,,,
AAUC,2026-08-07,21.78,21.78,0.0,2026-08-10,,,,,,,,
AAUS,2026-08-07,62.02,62.02,0.0,2026-08-10,,,,,,,,
AAVM,2026-08-07,34.54,34.54,0.0,2026-08-10,,,,,,,,
AAXJ,2026-08-07,113.53,113.59,0.0005284946710120142,2026-08-10,,,,,,,,
AB,2026-08-07,37.12,37.12,0.0,2026-08-10,,,,,,,,
ABAT,2026-08-07,2.61,2.65,0.015325670498084198,2026-08-10,,,,,,,,
ABBV,2026-08-07,246.04,245.84,-0.0008128759551292442,2026-08-10,,,,,,,,
ABCB,2026-08-07,87.73,87.73,0.0,2026-08-10,,,,,,,,
ABCL,2026-08-07,6.93,7.77,0.1212121212121211,2026-08-10,,,,,,,,
ABCS,2026-08-07,36.0,36.0,0.0,2026-08-10,,,,,,,,
ABEO,2026-08-07,7.24,7.15,-0.012430939226519278,2026-08-10,,,,,,,,
ABEQ,2026-08-07,38.67,38.67,0.0,2026-08-10,,,,,,,,
ABEV,2026-08-07,3.0,3.01,0.0033333333333331883,2026-08-10,,,,,,,,
ABFL,2026-08-07,83.56,83.56,0.0,2026-08-10,,,,,,,,
ABG,2026-08-07,214.32,214.32,0.0,2026-08-10,,,,,,,,
ABI,2026-08-07,24.75,24.75,0.0,2026-08-10,,,,,,,,
ABIG,2026-08-07,36.19,36.19,0.0,2026-08-10,,,,,,,,
ABLD,2026-08-07,32.01,32.01,0.0,2026-08-10,,,,,,,,
ABLG,2026-08-07,31.73,31.73,0.0,2026-08-10,,,,,,,,
ABLS,2026-08-07,23.23,23.23,0.0,2026-08-10,,,,,,,,
ABLV,2026-08-07,0.82,0.81,-0.012195121951219412,2026-08-10,,,,,,,,
ABM,2026-08-07,48.54,48.54,0.0,2026-08-10,,,,,,,,
ABNB,2026-08-07,178.07,177.02,-0.005896557533554114,2026-08-10,,,,,,,,
ABNG,2026-08-07,20.21,,,2026-08-10,,,,,,,,
ABOS,2026-08-07,2.44,2.44,0.0,2026-08-10,,,,,,,,
ABOT,2026-08-07,42.82,42.82,0.0,2026-08-10,,,,,,,,
ABR,2026-08-07,5.35,5.35,0.0,2026-08-10,,,,,,,,
ABSI,2026-08-07,8.93,9.05,0.013437849944009095,2026-08-10,,,,,,,,
ABT,2026-08-07,107.81,107.77,-0.0003710230961877503,2026-08-10,,,,,,,,
ABTC,2026-08-07,6.47,6.99,0.08037094281298307,2026-08-10,,,,,,,,
ABTS,2026-08-07,1.38,1.24,-0.10144927536231874,2026-08-10,,,,,,,,
ABUF,2026-08-07,27.59,27.59,0.0,2026-08-10,,,,,,,,
ABUS,2026-08-07,4.63,4.51,-0.02591792656587477,2026-08-10,,,,,,,,
ABVC,2026-08-07,1.02,1.02,0.0,2026-08-10,,,,,,,,
ABVX,2026-08-07,130.93,130.76,-0.0012984037271825954,2026-08-10,,,,,,,,
ABX,2026-08-07,9.52,9.63,0.011554621848739677,2026-08-10,,,,,,,,
ABXB,2026-08-07,19.17,19.17,0.0,2026-08-10,,,,,,,,
ACA,2026-08-07,144.84,144.84,0.0,2026-08-10,,,,,,,,
ACAA,2026-08-07,9.99,9.99,0.0,2026-08-10,,,,,,,,
ACAD,2026-08-07,29.21,28.13,-0.03697363916466967,2026-08-10,,,,,,,,
ACB,2026-08-07,2.99,2.97,-0.006688963210702337,2026-08-10,,,,,,,,
ACCL,2026-08-07,2.89,2.95,0.02076124567474058,2026-08-10,,,,,,,,
ACCO,2026-08-07,4.41,4.4,-0.0022675736961450532,2026-08-10,,,,,,,,
ACCS,2026-08-07,6.76,6.76,0.0,2026-08-10,,,,,,,,
ACDC,2026-08-07,4.32,4.3,-0.004629629629629761,2026-08-10,,,,,,,,
ACEI,2026-08-07,23.52,23.52,0.0,2026-08-10,,,,,,,,
ACEL,2026-08-07,12.16,12.2,0.0032894736842103978,2026-08-10,,,,,,,,
ACEP,2026-08-07,20.56,20.56,0.0,2026-08-10,,,,,,,,
ACES,2026-08-07,32.43,33.13,0.021584952204748875,2026-08-10,,,,,,,,
ACET,2026-08-07,7.98,7.94,-0.005012531328320802,2026-08-10,,,,,,,,
ACFN,2026-08-07,19.0,19.0,0.0,2026-08-10,,,,,,,,
ACGC,2026-08-07,9.98,9.98,0.0,2026-08-10,,,,,,,,
ACGL,2026-08-07,98.48,98.5,0.00020308692120218907,2026-08-10,,,,,,,,
ACGO,2026-08-07,38.61,38.61,0.0,2026-08-10,,,,,,,,
ACGR,2026-08-07,70.83,70.83,0.0,2026-08-10,,,,,,,,
ACH,2026-08-07,2.8,2.8,0.0,2026-08-10,,,,,,,,
ACHC,2026-08-07,31.53,31.53,0.0,2026-08-10,,,,,,,,
ACHR,2026-08-07,5.59,5.58,-0.0017889087656529634,2026-08-10,,,,,,,,
ACHV,2026-08-07,6.65,6.89,0.03609022556390973,2026-08-10,,,,,,,,
ACHX,2026-08-07,32.11,32.11,0.0,2026-08-10,,,,,,,,
ACI,2026-08-07,12.01,12.02,0.0008326394671107629,2026-08-10,,,,,,,,
ACIC,2026-08-07,10.44,10.44,0.0,2026-08-10,,,,,,,,
ACII,2026-08-07,25.6,25.6,0.0,2026-08-10,,,,,,,,
ACIO,2026-08-07,47.47,47.47,0.0,2026-08-10,,,,,,,,
ACIU,2026-08-07,2.36,2.36,0.0,2026-08-10,,,,,,,,
ACIW,2026-08-07,53.67,59.45,0.10769517421278185,2026-08-10,,,,,,,,
ACKY,2026-08-07,18.36,18.36,0.0,2026-08-10,,,,,,,,
ACLC,2026-08-07,87.59,87.59,0.0,2026-08-10,,,,,,,,
ACLO,2026-08-07,50.41,50.41,0.0,2026-08-10,,,,,,,,
ACLS,2026-08-07,140.27,140.98,0.005061666785485031,2026-08-10,,,,,,,,
ACLZ,2026-08-07,14.43,14.43,0.0,2026-08-10,,,,,,,,
ACM,2026-08-07,75.84,77.0,0.015295358649789037,2026-08-10,,,,,,,,
ACMM,2026-08-07,14.5,14.5,0.0,2026-08-10,,,,,,,,
ACMR,2026-08-07,83.8,85.01,0.01443914081145592,2026-08-10,,,,,,,,
ACN,2026-08-07,175.72,175.88,0.0009105394946504752,2026-08-10,,,,,,,,
ACNB,2026-08-07,64.38,64.38,0.0,2026-08-10,,,,,,,,
ACNT,2026-08-07,15.61,15.61,0.0,2026-08-10,,,,,,,,
ACOG,2026-08-07,9.13,9.13,0.0,2026-08-10,,,,,,,,
ACOM,2026-08-07,21.84,21.84,0.0,2026-08-10,,,,,,,,
ACON,2026-08-07,2.29,2.29,0.0,2026-08-10,,,,,,,,
ACP,2026-08-07,5.08,5.09,0.0019685039370078705,2026-08-10,,,,,,,,
ACR,2026-08-07,15.13,15.13,0.0,2026-08-10,,,,,,,,
ACRE,2026-08-07,4.87,4.89,0.004106776180698102,2026-08-10,,,,,,,,
ACRS,2026-08-07,5.91,5.91,0.0,2026-08-10,,,,,,,,
ACRV,2026-08-07,1.73,1.73,0.0,2026-08-10,,,,,,,,
ACSG,2026-08-07,50.32,50.32,0.0,2026-08-10,,,,,,,,
ACSI,2026-08-07,77.68,77.68,0.0,2026-08-10,,,,,,,,
ACSV,2026-08-07,50.58,50.58,0.0,2026-08-10,,,,,,,,
ACT,2026-08-07,48.96,48.96,0.0,2026-08-10,,,,,,,,
ACTG,2026-08-07,4.82,4.82,0.0,2026-08-10,,,,,,,,
ACTU,2026-08-07,1.11,1.11,0.0,2026-08-10,,,,,,,,
ACU,2026-08-07,55.99,55.99,0.0,2026-08-10,,,,,,,,
ACV,2026-08-07,27.16,27.16,0.0,2026-08-10,,,,,,,,
ACVA,2026-08-07,7.46,7.45,-0.0013404825737265424,2026-08-10,,,,,,,,
ACVF,2026-08-07,56.28,56.28,0.0,2026-08-10,,,,,,,,
ACVT,2026-08-07,28.65,28.65,0.0,2026-08-10,,,,,,,,
ACVU,2026-08-07,32.49,32.49,0.0,2026-08-10,,,,,,,,
ACWI,2026-08-07,161.44,162.14,0.004335976214073334,2026-08-10,,,,,,,,
ACWV,2026-08-07,126.7,126.7,0.0,2026-08-10,,,,,,,,
ACWX,2026-08-07,77.41,77.5,0.0011626404857254524,2026-08-10,,,,,,,,
ACXP,2026-08-07,1.54,1.42,-0.07792207792207795,2026-08-10,,,,,,,,
ACYN,2026-08-07,20.7,20.7,0.0,2026-08-10,,,,,,,,
ACYQ,2026-08-07,20.43,20.43,0.0,2026-08-10,,,,,,,,
ACYS,2026-08-07,20.46,20.46,0.0,2026-08-10,,,,,,,,
AD,2026-08-07,35.24,35.24,0.0,2026-08-10,,,,,,,,
ADAC,2026-08-07,10.08,10.08,0.0,2026-08-10,,,,,,,,
ADAG,2026-08-07,4.11,4.11,0.0,2026-08-10,,,,,,,,
ADAM,2026-08-07,9.82,9.8,-0.0020366598778003286,2026-08-10,,,,,,,,
ADBE,2026-08-07,265.21,264.12,-0.004109950605180712,2026-08-10,,,,,,,,
ADBG,2026-08-07,4.8,4.78,-0.004166666666666541,2026-08-10,,,,,,,,
ADBU,2026-08-07,26.9,26.9,0.0,2026-08-10,,,,,,,,
ADC,2026-08-07,75.63,75.99,0.004760015866719591,2026-08-10,,,,,,,,
ADCT,2026-08-07,1.13,1.16,0.026548672566371723,2026-08-10,,,,,,,,
ADDS,2026-08-07,25.14,25.14,0.0,2026-08-10,,,,,,,,
ADEA,2026-08-07,28.23,28.18,-0.0017711654268508514,2026-08-10,,,,,,,,
ADFI,2026-08-07,8.38,,,2026-08-10,,,,,,,,
ADGM,2026-08-07,0.68,0.67,-0.014705882352941235,2026-08-10,,,,,,,,
ADI,2026-08-07,389.93,393.36,0.008796450644987575,2026-08-10,,,,,,,,
ADIG,2026-08-07,27.03,27.03,0.0,2026-08-10,,,,,,,,
ADIL,2026-08-07,3.98,3.98,0.0,2026-08-10,,,,,,,,
ADIU,2026-08-07,11.77,11.77,0.0,2026-08-10,,,,,,,,
ADIV,2026-08-07,19.78,19.78,0.0,2026-08-10,,,,,,,,
ADM,2026-08-07,76.59,76.5,-0.001175088131609936,2026-08-10,,,,,,,,
ADMA,2026-08-07,9.9,9.87,-0.003030303030303161,2026-08-10,,,,,,,,
ADME,2026-08-07,57.01,57.01,0.0,2026-08-10,,,,,,,,
ADNT,2026-08-07,19.42,19.55,0.006694129763130663,2026-08-10,,,,,,,,
ADP,2026-08-07,271.32,271.0,-0.0011794191360754436,2026-08-10,,,,,,,,
ADPT,2026-08-07,24.93,24.88,-0.0020056157240273542,2026-08-10,,,,,,,,
ADPV,2026-08-07,45.19,45.19,0.0,2026-08-10,,,,,,,,
ADSE,2026-08-07,11.83,11.83,0.0,2026-08-10,,,,,,,,
ADSK,2026-08-07,249.08,248.57,-0.0020475349285370426,2026-08-10,,,,,,,,
ADT,2026-08-07,7.64,7.65,0.0013089005235602524,2026-08-10,,,,,,,,
ADTN,2026-08-07,7.56,7.74,0.023809523809523947,2026-08-10,,,,,,,,
ADUR,2026-08-07,16.1,16.0,-0.006211180124223725,2026-08-10,,,,,,,,
ADUS,2026-08-07,119.68,119.68,0.0,2026-08-10,,,,,,,,
ADV,2026-08-07,28.17,28.17,0.0,2026-08-10,,,,,,,,
ADVB,2026-08-07,6.37,5.66,-0.1114599686028257,2026-08-10,,,,,,,,
ADVE,2026-08-07,46.37,46.37,0.0,2026-08-10,,,,,,,,
ADX,2026-08-07,26.12,26.52,0.015313935681469992,2026-08-10,,,,,,,,
ADXN,2026-08-07,5.4,5.8,0.07407407407407396,2026-08-10,,,,,,,,
AEAQ,2026-08-07,10.04,10.04,0.0,2026-08-10,,,,,,,,
AEBI,2026-08-07,13.11,13.11,0.0,2026-08-10,,,,,,,,
AEC,2026-08-07,4.13,4.13,0.0,2026-08-10,,,,,,,,
AEE,2026-08-07,108.84,108.84,0.0,2026-08-10,,,,,,,,
AEF,2026-08-07,9.05,9.05,0.0,2026-08-10,,,,,,,,
AEG,2026-08-07,9.53,9.51,-0.0020986358866735833,2026-08-10,,,,,,,,
AEHG,2026-08-07,11.56,12.14,0.05017301038062283,2026-08-10,,,,,,,,
AEHL,2026-08-07,0.3,4.86,15.200000000000003,2026-08-10,,,,,,,,
AEHR,2026-08-07,103.07,105.49,0.023479188900747072,2026-08-10,,,,,,,,
AEI,2026-08-07,1.18,1.18,0.0,2026-08-10,,,,,,,,
AEIS,2026-08-07,325.02,328.78,0.011568518860377797,2026-08-10,,,,,,,,
AEM,2026-08-07,178.82,179.77,0.005312604854043279,2026-08-10,,,,,,,,
AEMD,2026-08-07,3.15,3.15,0.0,2026-08-10,,,,,,,,
AENT,2026-08-07,5.66,5.66,0.0,2026-08-10,,,,,,,,
AEO,2026-08-07,17.97,17.97,0.0,2026-08-10,,,,,,,,
AEON,2026-08-07,0.28,0.29,0.03571428571428559,2026-08-10,,,,,,,,
AEP,2026-08-07,125.73,125.28,-0.0035790980672870676,2026-08-10,,,,,,,,
AER,2026-08-07,151.72,151.72,0.0,2026-08-10,,,,,,,,
AERO,2026-08-07,15.9,15.18,-0.04528301886792452,2026-08-10,,,,,,,,
AERT,2026-08-07,7.04,6.6,-0.0625,2026-08-10,,,,,,,,
AES,2026-08-07,14.73,14.75,0.0013577732518668117,2026-08-10,,,,,,,,
AESI,2026-08-07,11.27,11.27,0.0,2026-08-10,,,,,,,,
AESP,2026-08-07,9.93,9.93,0.0,2026-08-10,,,,,,,,
AESR,2026-08-07,20.19,20.19,0.0,2026-08-10,,,,,,,,
AETH,2026-08-07,30.42,30.42,0.0,2026-08-10,,,,,,,,
AEVA,2026-08-07,26.62,26.76,0.005259203606311047,2026-08-10,,,,,,,,
AEXA,2026-08-07,11.59,11.59,0.0,2026-08-10,,,,,,,,
AEYE,2026-08-07,6.0,6.0,0.0,2026-08-10,,,,,,,,
AFB,2026-08-07,11.02,11.02,0.0,2026-08-10,,,,,,,,
AFBI,2026-08-07,23.0,23.0,0.0,2026-08-10,,,,,,,,
AFCG,2026-08-07,2.78,2.78,0.0,2026-08-10,,,,,,,,
AFG,2026-08-07,145.59,145.59,0.0,2026-08-10,,,,,,,,
AFGR,2026-08-07,37.78,37.78,0.0,2026-08-10,,,,,,,,
AFIF,2026-08-07,9.41,9.41,0.0,2026-08-10,,,,,,,,
AFIX,2026-08-07,24.49,24.49,0.0,2026-08-10,,,,,,,,
AFJK,2026-08-07,12.2,12.2,0.0,2026-08-10,,,,,,,,
AFK,2026-08-07,28.4,28.4,0.0,2026-08-10,,,,,,,,
AFL,2026-08-07,124.61,124.41,-0.0016050076237862365,2026-08-10,,,,,,,,
AFLG,2026-08-07,45.08,45.08,0.0,2026-08-10,,,,,,,,
AFMC,2026-08-07,41.76,41.76,0.0,2026-08-10,,,,,,,,
AFOS,2026-08-07,45.41,45.41,0.0,2026-08-10,,,,,,,,
AFRI,2026-08-07,11.18,11.18,0.0,2026-08-10,,,,,,,,
AFRM,2026-08-07,75.25,75.3,0.0006644518272425071,2026-08-10,,,,,,,,
AFRU,2026-08-07,10.71,10.71,0.0,2026-08-10,,,,,,,,
AFSC,2026-08-07,39.47,39.47,0.0,2026-08-10,,,,,,,,
AFSM,2026-08-07,41.03,41.03,0.0,2026-08-10,,,,,,,,
AFYA,2026-08-07,13.9,13.9,0.0,2026-08-10,,,,,,,,
AG,2026-08-07,18.4,18.55,0.008152173913043681,2026-08-10,,,,,,,,
AGBK,2026-08-07,6.2,6.2,0.0,2026-08-10,,,,,,,,
AGCC,2026-08-07,15.22,15.22,0.0,2026-08-10,,,,,,,,
AGCO,2026-08-07,102.83,102.83,0.0,2026-08-10,,,,,,,,
AGD,2026-08-07,12.22,12.22,0.0,2026-08-10,,,,,,,,
AGEM,2026-08-07,48.27,48.27,0.0,2026-08-10,,,,,,,,
AGEN,2026-08-07,6.96,6.95,-0.001436781609195359,2026-08-10,,,,,,,,
AGG,2026-08-07,97.6,97.37,-0.0023565573770490955,2026-08-10,,,,,,,,
AGGA,2026-08-07,24.9,24.9,0.0,2026-08-10,,,,,,,,
AGGH,2026-08-07,19.92,19.92,0.0,2026-08-10,,,,,,,,
AGGS,2026-08-07,40.33,40.33,0.0,2026-08-10,,,,,,,,
AGGY,2026-08-07,42.86,42.86,0.0,2026-08-10,,,,,,,,
AGI,2026-08-07,33.15,33.18,0.0009049773755656076,2026-08-10,,,,,,,,
AGIG,2026-08-07,0.83,0.83,0.0,2026-08-10,,,,,,,,
AGIO,2026-08-07,32.27,32.54,0.008366904245429074,2026-08-10,,,,,,,,
AGIQ,2026-08-07,25.23,25.23,0.0,2026-08-10,,,,,,,,
AGIX,2026-08-07,45.34,45.46,0.0026466696074105567,2026-08-10,,,,,,,,
AGL,2026-08-07,95.51,95.51,0.0,2026-08-10,,,,,,,,
AGM,2026-08-07,235.54,235.54,0.0,2026-08-10,,,,,,,,
AGMB,2026-08-07,14.5,14.5,0.0,2026-08-10,,,,,,,,
AGMH,2026-08-07,1.08,1.08,0.0,2026-08-10,,,,,,,,
AGMI,2026-08-07,71.74,71.74,0.0,2026-08-10,,,,,,,,
AGNC,2026-08-07,10.84,10.87,0.002767527675276771,2026-08-10,,,,,,,,
AGNG,2026-08-07,37.92,37.92,0.0,2026-08-10,,,,,,,,
AGNT,2026-08-07,4.39,4.39,0.0,2026-08-10,,,,,,,,
AGO,2026-08-07,75.43,76.08,0.008617261036722779,2026-08-10,,,,,,,,
AGOX,2026-08-07,34.46,34.46,0.0,2026-08-10,,,,,,,,
AGPU,2026-08-07,8.4,8.44,0.004761904761904745,2026-08-10,,,,,,,,
AGQ,2026-08-07,76.86,77.59,0.00949778818631275,2026-08-10,,,,,,,,
AGQI,2026-08-07,18.78,18.78,0.0,2026-08-10,,,,,,,,
AGRH,2026-08-07,26.23,26.23,0.0,2026-08-10,,,,,,,,
AGRO,2026-08-07,9.45,9.7,0.02645502645502651,2026-08-10,,,,,,,,
AGRW,2026-08-07,33.04,33.04,0.0,2026-08-10,,,,,,,,
AGRZ,2026-08-07,0.32,0.3,-0.0625,2026-08-10,,,,,,,,
AGX,2026-08-07,597.33,599.99,0.004453149850166538,2026-08-10,,,,,,,,
AGYS,2026-08-07,108.58,109.66,0.009946583164486933,2026-08-10,,,,,,,,
AGZ,2026-08-07,108.66,108.66,0.0,2026-08-10,,,,,,,,
AGZD,2026-08-07,22.58,22.58,0.0,2026-08-10,,,,,,,,
AHCO,2026-08-07,5.69,5.74,0.008787346221441172,2026-08-10,,,,,,,,
AHD,2026-08-07,26.41,26.41,0.0,2026-08-10,,,,,,,,
AHG,2026-08-07,1.35,1.39,0.02962962962962945,2026-08-10,,,,,,,,
AHLT,2026-08-07,28.99,28.99,0.0,2026-08-10,,,,,,,,
AHMA,2026-08-07,1.74,1.75,0.005747126436781658,2026-08-10,,,,,,,,
AHR,2026-08-07,56.74,57.0,0.004582305252026853,2026-08-10,,,,,,,,
AHRT,2026-08-07,6.93,6.93,0.0,2026-08-10,,,,,,,,
AHT,2026-08-07,3.24,3.24,0.0,2026-08-10,,,,,,,,
AHYB,2026-08-07,45.9,45.9,0.0,2026-08-10,,,,,,,,
AI,2026-08-07,10.22,10.19,-0.0029354207436400603,2026-08-10,,,,,,,,
AIA,2026-08-07,135.24,135.24,0.0,2026-08-10,,,,,,,,
AIAI,2026-08-07,4.0,4.0,0.0,2026-08-10,,,,,,,,
AIB,2026-08-07,1.89,1.9,0.005291005291005346,2026-08-10,,,,,,,,
AIBD,2026-08-07,47.1,47.1,0.0,2026-08-10,,,,,,,,
AIBU,2026-08-07,67.64,67.64,0.0,2026-08-10,,,,,,,,
AIBZ,2026-08-07,6.69,6.6,-0.013452914798206428,2026-08-10,,,,,,,,
AIDX,2026-08-07,0.46,0.45,-0.021739130434782594,2026-08-10,,,,,,,,
AIEQ,2026-08-07,50.52,50.52,0.0,2026-08-10,,,,,,,,
AIFA,2026-08-07,2.01,2.4,0.19402985074626877,2026-08-10,,,,,,,,
AIFC,2026-08-07,0.44,0.45,0.022727272727272707,2026-08-10,,,,,,,,
AIFD,2026-08-07,52.44,52.44,0.0,2026-08-10,,,,,,,,
AIFF,2026-08-07,1.2,1.22,0.016666666666666607,2026-08-10,,,,,,,,
AIFU,2026-08-07,37.35,37.35,0.0,2026-08-10,,,,,,,,
AIG,2026-08-07,78.78,78.45,-0.004188880426504116,2026-08-10,,,,,,,,
AIHS,2026-08-07,1.55,1.55,0.0,2026-08-10,,,,,,,,
AIHY,2026-08-07,21.43,21.43,0.0,2026-08-10,,,,,,,,
AII,2026-08-07,21.0,21.0,0.0,2026-08-10,,,,,,,,
AIIA,2026-08-07,10.25,10.25,0.0,2026-08-10,,,,,,,,
AIIO,2026-08-07,2.98,3.0,0.006711409395973256,2026-08-10,,,,,,,,
AIIR,2026-08-07,6.2,6.2,0.0,2026-08-10,,,,,,,,
AIM,2026-08-07,0.29,0.28,-0.0344827586206895,2026-08-10,,,,,,,,
AIMD,2026-08-07,1.49,1.53,0.02684563758389258,2026-08-10,,,,,,,,
AIMS,2026-08-07,28.92,28.92,0.0,2026-08-10,,,,,,,,
AIN,2026-08-07,62.71,63.22,0.008132674214638813,2026-08-10,,,,,,,,
AINP,2026-08-07,24.87,24.87,0.0,2026-08-10,,,,,,,,
AINT,2026-08-07,30.78,30.78,0.0,2026-08-10,,,,,,,,
AIO,2026-08-07,26.23,26.23,0.0,2026-08-10,,,,,,,,
AIOO,2026-08-07,26.48,26.48,0.0,2026-08-10,,,,,,,,
AIOS,2026-08-07,12.05,11.99,-0.004979253112033288,2026-08-10,,,,,,,,
AIOT,2026-08-07,4.41,4.4,-0.0022675736961450532,2026-08-10,,,,,,,,
AIP,2026-08-07,29.78,30.37,0.0198119543317663,2026-08-10,,,,,,,,
AIPI,2026-08-07,37.34,37.38,0.0010712372790573355,2026-08-10,,,,,,,,
AIPO,2026-08-07,30.14,30.42,0.00928998009289983,2026-08-10,,,,,,,,
AIQ,2026-08-07,63.35,63.4,0.0007892659826360671,2026-08-10,,,,,,,,
AIQD,2026-08-07,50.46,50.46,0.0,2026-08-10,,,,,,,,
AIQU,2026-08-07,18.61,19.28,0.03600214938205282,2026-08-10,,,,,,,,
AIR,2026-08-07,143.06,143.06,0.0,2026-08-10,,,,,,,,
AIRE,2026-08-07,1.46,1.52,0.041095890410958846,2026-08-10,,,,,,,,
AIRG,2026-08-07,5.53,5.53,0.0,2026-08-10,,,,,,,,
AIRI,2026-08-07,2.63,2.63,0.0,2026-08-10,,,,,,,,
AIRJ,2026-08-07,5.92,6.24,0.05405405405405417,2026-08-10,,,,,,,,
AIRO,2026-08-07,8.52,8.52,0.0,2026-08-10,,,,,,,,
AIRR,2026-08-07,123.54,123.54,0.0,2026-08-10,,,,,,,,
AIRS,2026-08-07,5.01,3.69,-0.26347305389221554,2026-08-10,,,,,,,,
AIRT,2026-08-07,32.0,32.0,0.0,2026-08-10,,,,,,,,
AIS,2026-08-07,68.93,69.55,0.008994632235601152,2026-08-10,,,,,,,,
AISP,2026-08-07,2.07,2.07,0.0,2026-08-10,,,,,,,,
AIT,2026-08-07,359.9,359.9,0.0,2026-08-10,,,,,,,,
AIUP,2026-08-07,29.11,29.11,0.0,2026-08-10,,,,,,,,
AIV,2026-08-07,2.66,2.66,0.0,2026-08-10,,,,,,,,
AIVC,2026-08-07,111.04,111.04,0.0,2026-08-10,,,,,,,,
AIVI,2026-08-07,60.83,60.83,0.0,2026-08-10,,,,,,,,
AIVL,2026-08-07,135.05,135.05,0.0,2026-08-10,,,,,,,,
AIX,2026-08-07,23.86,23.86,0.0,2026-08-10,,,,,,,,
AIXC,2026-08-07,0.82,0.79,-0.03658536585365846,2026-08-10,,,,,,,,
AIXI,2026-08-07,1.12,1.07,-0.044642857142857206,2026-08-10,,,,,,,,
AIYY,2026-08-07,7.84,7.85,0.0012755102040815647,2026-08-10,,,,,,,,
AIZ,2026-08-07,289.55,289.55,0.0,2026-08-10,,,,,,,,
AJAN,2026-08-07,28.59,28.59,0.0,2026-08-10,,,,,,,,
AJG,2026-08-07,248.12,248.12,0.0,2026-08-10,,,,,,,,
AJUL,2026-08-07,30.4,30.4,0.0,2026-08-10,,,,,,,,
AKA,2026-08-07,10.99,10.99,0.0,2026-08-10,,,,,,,,
AKAF,2026-08-07,33.18,33.18,0.0,2026-08-10,,,,,,,,
AKAL,2026-08-07,20.36,20.36,0.0,2026-08-10,,,,,,,,
AKAM,2026-08-07,110.54,110.0,-0.004885109462637982,2026-08-10,,,,,,,,
AKAN,2026-08-07,5.13,5.39,0.050682261208576884,2026-08-10,,,,,,,,
AKBA,2026-08-07,0.91,0.91,0.0,2026-08-10,,,,,,,,
AKO-A,2026-08-07,23.99,23.94,-0.00208420175072932,2026-08-10,,,,,,,,
AKO-B,2026-08-07,31.4,31.4,0.0,2026-08-10,,,,,,,,
AKR,2026-08-07,20.65,20.62,-0.0014527845036318432,2026-08-10,,,,,,,,
AKRE,2026-08-07,58.89,58.89,0.0,2026-08-10,,,,,,,,
AKTS,2026-08-07,24.13,24.13,0.0,2026-08-10,,,,,,,,
AKTX,2026-08-07,7.0,7.49,0.07000000000000006,2026-08-10,,,,,,,,
ALA,2026-08-07,13.91,13.91,0.0,2026-08-10,,,,,,,,
ALAB,2026-08-07,334.17,337.03,0.008558518119519798,2026-08-10,,,,,,,,
ALAI,2026-08-07,44.88,44.88,0.0,2026-08-10,,,,,,,,
ALAR,2026-08-07,1.95,1.95,0.0,2026-08-10,,,,,,,,
ALB,2026-08-07,131.11,133.0,0.014415376401494928,2026-08-10,,,,,,,,
ALBG,2026-08-07,6.88,6.88,0.0,2026-08-10,,,,,,,,
ALC,2026-08-07,71.81,70.29,-0.02116696838880372,2026-08-10,,,,,,,,
ALCO,2026-08-07,38.2,38.2,0.0,2026-08-10,,,,,,,,
ALDB,2026-08-07,25.73,25.73,0.0,2026-08-10,,,,,,,,
ALDF,2026-08-07,10.79,10.79,0.0,2026-08-10,,,,,,,,
ALDX,2026-08-07,1.55,1.57,0.012903225806451646,2026-08-10,,,,,,,,
ALEC,2026-08-07,1.78,1.77,-0.005617977528089901,2026-08-10,,,,,,,,
ALF,2026-08-07,10.81,10.81,0.0,2026-08-10,,,,,,,,
ALG,2026-08-07,168.74,168.74,0.0,2026-08-10,,,,,,,,
ALGM,2026-08-07,43.77,44.73,0.021932830705962747,2026-08-10,,,,,,,,
ALGN,2026-08-07,173.66,173.5,-0.0009213405505009709,2026-08-10,,,,,,,,
ALGS,2026-08-07,5.59,5.61,0.003577817531305927,2026-08-10,,,,,,,,
ALGT,2026-08-07,95.61,95.61,0.0,2026-08-10,,,,,,,,
ALH,2026-08-07,27.77,27.98,0.007562117392869938,2026-08-10,,,,,,,,
ALHC,2026-08-07,14.37,14.36,-0.0006958942240778976,2026-08-10,,,,,,,,
ALIL,2026-08-07,32.29,32.29,0.0,2026-08-10,,,,,,,,
ALIS,2026-08-07,10.19,10.19,0.0,2026-08-10,,,,,,,,
ALIT,2026-08-07,15.12,15.16,0.002645502645502784,2026-08-10,,,,,,,,
ALK,2026-08-07,49.96,49.98,0.0004003202562048447,2026-08-10,,,,,,,,
ALKS,2026-08-07,49.17,49.17,0.0,2026-08-10,,,,,,,,
ALKT,2026-08-07,19.73,19.76,0.001520527116066983,2026-08-10,,,,,,,,
ALL,2026-08-07,267.0,267.06,0.00022471910112353832,2026-08-10,,,,,,,,
ALLE,2026-08-07,168.94,168.94,0.0,2026-08-10,,,,,,,,
ALLO,2026-08-07,2.01,2.01,0.0,2026-08-10,,,,,,,,
ALLR,2026-08-07,1.39,1.38,-0.007194244604316502,2026-08-10,,,,,,,,
ALLT,2026-08-07,7.82,7.8,-0.002557544757033292,2026-08-10,,,,,,,,
ALLW,2026-08-07,29.81,29.81,0.0,2026-08-10,,,,,,,,
ALLY,2026-08-07,43.72,43.72,0.0,2026-08-10,,,,,,,,
ALM,2026-08-07,14.18,14.66,0.03385049365303239,2026-08-10,,,,,,,,
ALMR,2026-08-07,28.46,28.46,0.0,2026-08-10,,,,,,,,
ALMS,2026-08-07,27.6,27.5,-0.0036231884057971175,2026-08-10,,,,,,,,
ALMU,2026-08-07,18.3,18.95,0.03551912568306004,2026-08-10,,,,,,,,
ALNT,2026-08-07,112.81,115.0,0.01941317259108244,2026-08-10,,,,,,,,
ALNY,2026-08-07,219.2,219.97,0.0035127737226277045,2026-08-10,,,,,,,,
ALOT,2026-08-07,28.94,28.94,0.0,2026-08-10,,,,,,,,
ALOV,2026-08-07,10.0,10.0,0.0,2026-08-10,,,,,,,,
ALOY,2026-08-07,12.27,13.72,0.1181744091279544,2026-08-10,,,,,,,,
ALP,2026-08-07,0.19,0.2,0.05263157894736836,2026-08-10,,,,,,,,
ALPS,2026-08-07,0.42,0.42,0.0,2026-08-10,,,,,,,,
ALPX,2026-08-07,9.9,9.9,0.0,2026-08-10,,,,,,,,
ALRG,2026-08-07,31.69,31.69,0.0,2026-08-10,,,,,,,,
ALRM,2026-08-07,57.53,57.93,0.006952894142186583,2026-08-10,,,,,,,,
ALRS,2026-08-07,33.23,33.23,0.0,2026-08-10,,,,,,,,
ALSN,2026-08-07,118.88,119.47,0.004962987886944825,2026-08-10,,,,,,,,
ALT,2026-08-07,3.08,3.07,-0.0032467532467532756,2026-08-10,,,,,,,,
ALTG,2026-08-07,7.5,7.5,0.0,2026-08-10,,,,,,,,
ALTI,2026-08-07,4.45,4.45,0.0,2026-08-10,,,,,,,,
ALTL,2026-08-07,47.18,47.18,0.0,2026-08-10,,,,,,,,
ALTO,2026-08-07,4.39,4.43,0.009111617312072884,2026-08-10,,,,,,,,
ALTY,2026-08-07,12.3,12.26,-0.003252032520325243,2026-08-10,,,,,,,,
ALUB,2026-08-07,10.11,10.11,0.0,2026-08-10,,,,,,,,
ALV,2026-08-07,122.86,122.7,-0.0013022952954582223,2026-08-10,,,,,,,,
ALVO,2026-08-07,3.81,3.75,-0.015748031496062964,2026-08-10,,,,,,,,
ALX,2026-08-07,276.89,276.7,-0.0006861930730615029,2026-08-10,,,,,,,,
ALXO,2026-08-07,2.1,2.1,0.0,2026-08-10,,,,,,,,
ALZN,2026-08-07,1.37,1.36,-0.007299270072992692,2026-08-10,,,,,,,,
AM,2026-08-07,21.27,21.75,0.02256699576868826,2026-08-10,,,,,,,,
AMA,2026-08-07,29.85,31.42,0.052596314907872754,2026-08-10,,,,,,,,
AMAA,2026-08-07,35.17,35.17,0.0,2026-08-10,,,,,,,,
AMACU,2026-08-07,9.94,9.94,0.0,2026-08-10,,,,,,,,
AMAL,2026-08-07,49.8,49.8,0.0,2026-08-10,,,,,,,,
AMAN,2026-08-07,10.5,10.5,0.0,2026-08-10,,,,,,,,
AMAT,2026-08-07,539.14,554.0,0.027562414215231756,2026-08-10,,,,,,,,
AMAU,2026-08-07,17.99,19.14,0.06392440244580344,2026-08-10,,,,,,,,
AMAX,2026-08-07,7.58,7.58,0.0,2026-08-10,,,,,,,,
AMBA,2026-08-07,86.78,87.22,0.005070292694169032,2026-08-10,,,,,,,,
AMBO,2026-08-07,1.8,1.82,0.011111111111111072,2026-08-10,,,,,,,,
AMBP,2026-08-07,5.04,4.95,-0.017857142857142794,2026-08-10,,,,,,,,
AMBQ,2026-08-07,67.49,67.69,0.002963401985479397,2026-08-10,,,,,,,,
AMBR,2026-08-07,1.38,1.38,0.0,2026-08-10,,,,,,,,
AMC,2026-08-07,2.59,2.6,0.0038610038610038533,2026-08-10,,,,,,,,
AMCI,2026-08-07,4.87,4.87,0.0,2026-08-10,,,,,,,,
AMCR,2026-08-07,47.86,47.68,-0.003760969494358557,2026-08-10,,,,,,,,
AMCX,2026-08-07,11.86,11.86,0.0,2026-08-10,,,,,,,,
AMD,2026-08-07,483.36,481.46,-0.0039308176100629755,2026-08-10,,,,,,,,
AMDC,2026-08-07,18.7,18.7,0.0,2026-08-10,,,,,,,,
AMDD,2026-08-07,29.71,29.85,0.004712218108380961,2026-08-10,,,,,,,,
AMDG,2026-08-07,88.8,88.85,0.0005630630630630851,2026-08-10,,,,,,,,
AMDL,2026-08-07,52.29,51.89,-0.007649646203862992,2026-08-10,,,,,,,,
AMDW,2026-08-07,85.16,85.6,0.005166744950681146,2026-08-10,,,,,,,,
AMDY,2026-08-07,45.61,45.79,0.003946502959877307,2026-08-10,,,,,,,,
AME,2026-08-07,253.66,252.22,-0.0056768903256326775,2026-08-10,,,,,,,,
AMEI,2026-08-07,26.72,26.72,0.0,2026-08-10,,,,,,,,
AMEM,2026-08-07,24.82,24.82,0.0,2026-08-10,,,,,,,,
AMG,2026-08-07,369.7,369.7,0.0,2026-08-10,,,,,,,,
AMGN,2026-08-07,410.95,409.84,-0.002701058522934674,2026-08-10,,,,,,,,
AMGR,2026-08-07,25.97,25.97,0.0,2026-08-10,,,,,,,,
AMH,2026-08-07,34.63,34.63,0.0,2026-08-10,,,,,,,,
AMHI,2026-08-07,24.73,24.73,0.0,2026-08-10,,,,,,,,
AMID,2026-08-07,36.91,36.91,0.0,2026-08-10,,,,,,,,
AMIX,2026-08-07,10.04,9.7,-0.03386454183266929,2026-08-10,,,,,,,,
AMJB,2026-08-07,36.29,36.29,0.0,2026-08-10,,,,,,,,
AMKL,2026-08-07,8.23,8.6,0.044957472660996256,2026-08-10,,,,,,,,
AMKR,2026-08-07,55.27,56.29,0.018454857969965488,2026-08-10,,,,,,,,
AMKX,2026-08-07,12.95,12.95,0.0,2026-08-10,,,,,,,,
AMLP,2026-08-07,54.36,54.36,0.0,2026-08-10,,,,,,,,
AMLX,2026-08-07,22.82,22.82,0.0,2026-08-10,,,,,,,,
AMMO,2026-08-07,27.61,27.61,0.0,2026-08-10,,,,,,,,
AMN,2026-08-07,36.0,36.0,0.0,2026-08-10,,,,,,,,
AMOD,2026-08-07,4.54,4.49,-0.011013215859030812,2026-08-10,,,,,,,,
AMOM,2026-08-07,57.6,57.6,0.0,2026-08-10,,,,,,,,
AMP,2026-08-07,551.98,551.98,0.0,2026-08-10,,,,,,,,
AMPG,2026-08-07,5.8,6.32,0.08965517241379328,2026-08-10,,,,,,,,
AMPH,2026-08-07,20.78,20.78,0.0,2026-08-10,,,,,,,,
AMPL,2026-08-07,11.26,11.24,-0.001776198934280604,2026-08-10,,,,,,,,
AMPU,2026-08-07,3.48,3.48,0.0,2026-08-10,,,,,,,,
AMPX,2026-08-07,11.85,12.05,0.016877637130801704,2026-08-10,,,,,,,,
AMPY,2026-08-07,4.03,4.03,0.0,2026-08-10,,,,,,,,
AMR,2026-08-07,151.95,150.85,-0.007239223428759378,2026-08-10,,,,,,,,
AMRC,2026-08-07,25.65,25.36,-0.011306042884990264,2026-08-10,,,,,,,,
AMRN,2026-08-07,14.36,14.36,0.0,2026-08-10,,,,,,,,
AMRX,2026-08-07,18.14,17.97,-0.009371554575523744,2026-08-10,,,,,,,,
AMRZ,2026-08-07,46.64,47.6,0.020583190394511064,2026-08-10,,,,,,,,
AMS,2026-08-07,1.49,1.49,0.0,2026-08-10,,,,,,,,
AMSC,2026-08-07,32.76,33.17,0.012515262515262693,2026-08-10,,,,,,,,
AMSF,2026-08-07,29.12,29.12,0.0,2026-08-10,,,,,,,,
AMSS,2026-08-07,1.15,1.18,0.026086956521739202,2026-08-10,,,,,,,,
AMST,2026-08-07,1.05,1.02,-0.02857142857142858,2026-08-10,,,,,,,,
AMT,2026-08-07,172.54,172.54,0.0,2026-08-10,,,,,,,,
AMTB,2026-08-07,28.91,28.91,0.0,2026-08-10,,,,,,,,
AMTD,2026-08-07,0.77,0.77,0.0,2026-08-10,,,,,,,,
AMTM,2026-08-07,24.77,24.77,0.0,2026-08-10,,,,,,,,
AMTX,2026-08-07,1.72,1.73,0.005813953488372103,2026-08-10,,,,,,,,
AMUB,2026-08-07,22.87,22.87,0.0,2026-08-10,,,,,,,,
AMUN,2026-08-07,26.02,26.02,0.0,2026-08-10,,,,,,,,
AMUU,2026-08-07,184.81,184.23,-0.003138358313944156,2026-08-10,,,,,,,,
AMWL,2026-08-07,13.52,13.52,0.0,2026-08-10,,,,,,,,
AMX,2026-08-07,23.75,24.16,0.01726315789473687,2026-08-10,,,,,,,,
AMYY,2026-08-07,14.36,14.36,0.0,2026-08-10,,,,,,,,
AMZA,2026-08-07,47.94,47.94,0.0,2026-08-10,,,,,,,,
AMZD,2026-08-07,7.99,7.98,-0.0012515644555693983,2026-08-10,,,,,,,,
AMZE,2026-08-07,0.2,0.2,0.0,2026-08-10,,,,,,,,
AMZG,2026-08-07,18.2,18.2,0.0,2026-08-10,,,,,,,,
AMZN,2026-08-07,274.48,275.57,0.0039711454386475165,2026-08-10,,,,,,,,
AMZO,2026-08-07,12.32,12.33,0.0008116883116882079,2026-08-10,,,,,,,,
AMZP,2026-08-07,28.69,28.69,0.0,2026-08-10,,,,,,,,
AMZU,2026-08-07,42.43,42.78,0.008248880509073908,2026-08-10,,,,,,,,
AMZW,2026-08-07,40.91,41.11,0.004888780249327818,2026-08-10,,,,,,,,
AMZY,2026-08-07,11.54,11.53,-0.0008665511265164572,2026-08-10,,,,,,,,
AMZZ,2026-08-07,39.5,39.51,0.00025316455696189344,2026-08-10,,,,,,,,
AN,2026-08-07,209.23,209.23,0.0,2026-08-10,,,,,,,,
ANAB,2026-08-07,56.61,56.61,0.0,2026-08-10,,,,,,,,
ANDE,2026-08-07,65.39,65.39,0.0,2026-08-10,,,,,,,,
ANDG,2026-08-07,49.68,50.02,0.006843800322061222,2026-08-10,,,,,,,,
ANEL,2026-08-07,24.69,25.11,0.017010935601458055,2026-08-10,,,,,,,,
ANET,2026-08-07,188.67,190.67,0.010600519425451926,2026-08-10,,,,,,,,
ANEW,2026-08-07,53.7,53.7,0.0,2026-08-10,,,,,,,,
ANF,2026-08-07,112.62,112.62,0.0,2026-08-10,,,,,,,,
ANGH,2026-08-07,3.55,3.88,0.09295774647887334,2026-08-10,,,,,,,,
ANGI,2026-08-07,4.84,4.84,0.0,2026-08-10,,,,,,,,
ANGL,2026-08-07,29.02,29.02,0.0,2026-08-10,,,,,,,,
ANGO,2026-08-07,15.69,16.0,0.019757807520713877,2026-08-10,,,,,,,,
ANGU,2026-08-07,25.49,25.49,0.0,2026-08-10,,,,,,,,
ANGX,2026-08-07,4.29,4.29,0.0,2026-08-10,,,,,,,,
ANIK,2026-08-07,21.42,22.0,0.027077497665732864,2026-08-10,,,,,,,,
ANIP,2026-08-07,78.25,78.83,0.007412140575079773,2026-08-10,,,,,,,,
ANIX,2026-08-07,3.42,3.44,0.005847953216374213,2026-08-10,,,,,,,,
ANL,2026-08-07,13.28,13.28,0.0,2026-08-10,,,,,,,,
ANNA,2026-08-07,2.57,2.7,0.05058365758754868,2026-08-10,,,,,,,,
ANNX,2026-08-07,5.41,5.66,0.04621072088724576,2026-08-10,,,,,,,,
ANPA,2026-08-07,4.62,4.62,0.0,2026-08-10,,,,,,,,
ANRO,2026-08-07,28.67,28.67,0.0,2026-08-10,,,,,,,,
ANSC,2026-08-07,11.45,11.45,0.0,2026-08-10,,,,,,,,
ANTA,2026-08-07,3.69,3.69,0.0,2026-08-10,,,,,,,,
ANTX,2026-08-07,5.93,5.93,0.0,2026-08-10,,,,,,,,
ANV,2026-08-07,25.7,25.7,0.0,2026-08-10,,,,,,,,
ANVS,2026-08-07,1.88,1.88,0.0,2026-08-10,,,,,,,,
ANY,2026-08-07,2.1,2.1,0.0,2026-08-10,,,,,,,,
AOA,2026-08-07,99.39,99.39,0.0,2026-08-10,,,,,,,,
AOCT,2026-08-07,27.55,27.55,0.0,2026-08-10,,,,,,,,
AOD,2026-08-07,10.66,10.75,0.008442776735459567,2026-08-10,,,,,,,,
AOHY,2026-08-07,11.04,10.63,-0.03713768115942018,2026-08-10,,,,,,,,
AOK,2026-08-07,41.43,42.63,0.028964518464880573,2026-08-10,,,,,,,,
AOM,2026-08-07,49.93,49.93,0.0,2026-08-10,,,,,,,,
AOMR,2026-08-07,9.0,9.17,0.018888888888888955,2026-08-10,,,,,,,,
AON,2026-08-07,358.3,358.3,0.0,2026-08-10,,,,,,,,
AOR,2026-08-07,70.12,70.12,0.0,2026-08-10,,,,,,,,
AORT,2026-08-07,27.12,26.94,-0.006637168141592875,2026-08-10,,,,,,,,
AOS,2026-08-07,63.98,63.44,-0.008440137542982118,2026-08-10,,,,,,,,
AOSL,2026-08-07,36.08,35.89,-0.005266075388026592,2026-08-10,,,,,,,,
AOTG,2026-08-07,63.58,63.58,0.0,2026-08-10,,,,,,,,
AOTS,2026-08-07,23.23,23.23,0.0,2026-08-10,,,,,,,,
AOUT,2026-08-07,12.59,12.59,0.0,2026-08-10,,,,,,,,
AP,2026-08-07,9.51,9.51,0.0,2026-08-10,,,,,,,,
APA,2026-08-07,37.63,37.93,0.007972362476747152,2026-08-10,,,,,,,,
APAC,2026-08-07,10.21,10.21,0.0,2026-08-10,,,,,,,,
APAM,2026-08-07,42.55,42.55,0.0,2026-08-10,,,,,,,,
APC,2026-08-07,19.44,19.93,0.025205761316872355,2026-08-10,,,,,,,,
APCB,2026-08-07,29.0,27.76,-0.04275862068965508,2026-08-10,,,,,,,,
APD,2026-08-07,303.44,306.0,0.008436593725283492,2026-08-10,,,,,,,,
APDB,2026-08-07,26.14,26.14,0.0,2026-08-10,,,,,,,,
APEI,2026-08-07,51.24,51.24,0.0,2026-08-10,,,,,,,,
APG,2026-08-07,41.72,41.72,0.0,2026-08-10,,,,,,,,
APGE,2026-08-07,134.84,134.83,-7.41619697418594e-05,2026-08-10,,,,,,,,
APH,2026-08-07,169.18,170.8,0.009575599952713176,2026-08-10,,,,,,,,
APHG,2026-08-07,16.21,16.21,0.0,2026-08-10,,,,,,,,
APHU,2026-08-07,27.61,27.61,0.0,2026-08-10,,,,,,,,
API,2026-08-07,4.46,4.46,0.0,2026-08-10,,,,,,,,
APIE,2026-08-07,40.0,40.0,0.0,2026-08-10,,,,,,,,
APLD,2026-08-07,29.22,29.45,0.007871321013004806,2026-08-10,,,,,,,,
APLE,2026-08-07,16.18,16.23,0.0030902348578492056,2026-08-10,,,,,,,,
APLM,2026-08-07,16.9,16.9,0.0,2026-08-10,,,,,,,,
APLU,2026-08-07,24.3,24.3,0.0,2026-08-10,,,,,,,,
APLX,2026-08-07,10.93,11.15,0.020128087831656094,2026-08-10,,,,,,,,
APLY,2026-08-07,11.7,11.7,0.0,2026-08-10,,,,,,,,
APLZ,2026-08-07,20.7,20.7,0.0,2026-08-10,,,,,,,,
APMC,2026-08-07,9.91,9.91,0.0,2026-08-10,,,,,,,,
APMD,2026-08-07,27.0,27.0,0.0,2026-08-10,,,,,,,,
APMI,2026-08-07,19.13,19.13,0.0,2026-08-10,,,,,,,,
APMU,2026-08-07,24.74,24.74,0.0,2026-08-10,,,,,,,,
APNAU,2026-08-07,,,,2026-08-10,,,,,,,,
APO,2026-08-07,127.44,128.0,0.00439422473320783,2026-08-10,,,,,,,,
APOC,2026-08-07,26.45,26.45,0.0,2026-08-10,,,,,,,,
APOG,2026-08-07,43.52,44.06,0.012408088235294157,2026-08-10,,,,,,,,
APP,2026-08-07,346.8,349.0,0.006343713956170616,2026-08-10,,,,,,,,
APPC,2026-08-07,13.33,13.33,0.0,2026-08-10,,,,,,,,
APPF,2026-08-07,198.74,198.74,0.0,2026-08-10,,,,,,,,
APPN,2026-08-07,34.64,34.63,-0.00028868360277134464,2026-08-10,,,,,,,,
APPS,2026-08-07,14.34,14.09,-0.017433751743375137,2026-08-10,,,,,,,,
APPX,2026-08-07,16.14,16.43,0.017967781908302394,2026-08-10,,,,,,,,
APRB,2026-08-07,27.28,27.28,0.0,2026-08-10,,,,,,,,
APRE,2026-08-07,0.65,0.66,0.01538461538461533,2026-08-10,,,,,,,,
APRH,2026-08-07,25.18,25.18,0.0,2026-08-10,,,,,,,,
APRJ,2026-08-07,24.89,24.89,0.0,2026-08-10,,,,,,,,
APRP,2026-08-07,33.12,33.12,0.0,2026-08-10,,,,,,,,
APRT,2026-08-07,46.66,46.66,0.0,2026-08-10,,,,,,,,
APRW,2026-08-07,37.6,37.6,0.0,2026-08-10,,,,,,,,
APRZ,2026-08-07,40.97,40.97,0.0,2026-08-10,,,,,,,,
APT,2026-08-07,5.25,5.25,0.0,2026-08-10,,,,,,,,
APTV,2026-08-07,49.55,49.5,-0.0010090817356205317,2026-08-10,,,,,,,,
APUE,2026-08-07,47.8,47.8,0.0,2026-08-10,,,,,,,,
APUR,2026-08-07,9.93,9.93,0.0,2026-08-10,,,,,,,,
APUS,2026-08-07,4.23,4.5,0.06382978723404253,2026-08-10,,,,,,,,
APVO,2026-08-07,4.18,3.91,-0.06459330143540665,2026-08-10,,,,,,,,
APWC,2026-08-07,1.57,1.57,0.0,2026-08-10,,,,,,,,
APXM,2026-08-07,32.0,32.0,0.0,2026-08-10,,,,,,,,
APXT,2026-08-07,10.1,10.1,0.0,2026-08-10,,,,,,,,
APYX,2026-08-07,4.05,4.05,0.0,2026-08-10,,,,,,,,
AQB,2026-08-07,1.17,1.12,-0.04273504273504258,2026-08-10,,,,,,,,
AQEC,2026-08-07,26.11,26.11,0.0,2026-08-10,,,,,,,,
AQLG,2026-08-07,26.66,26.66,0.0,2026-08-10,,,,,,,,
AQLT,2026-08-07,32.34,32.34,0.0,2026-08-10,,,,,,,,
AQMS,2026-08-07,2.86,2.78,-0.027972027972028024,2026-08-10,,,,,,,,
AQN,2026-08-07,5.74,5.8,0.010452961672473782,2026-08-10,,,,,,,,
AQST,2026-08-07,3.94,4.0,0.015228426395939021,2026-08-10,,,,,,,,
AQWA,2026-08-07,19.83,19.83,0.0,2026-08-10,,,,,,,,
AR,2026-08-07,34.71,34.71,0.0,2026-08-10,,,,,,,,
ARAI,2026-08-07,0.27,0.28,0.03703703703703698,2026-08-10,,,,,,,,
ARAY,2026-08-07,0.28,0.3,0.0714285714285714,2026-08-10,,,,,,,,
ARB,2026-08-07,29.69,29.69,0.0,2026-08-10,,,,,,,,
ARBB,2026-08-07,4.1,4.1,0.0,2026-08-10,,,,,,,,
ARBE,2026-08-07,0.77,0.75,-0.025974025974025983,2026-08-10,,,,,,,,
ARBK,2026-08-07,2.88,2.88,0.0,2026-08-10,,,,,,,,
ARCB,2026-08-07,137.76,139.79,0.014735772357723498,2026-08-10,,,,,,,,
ARCC,2026-08-07,20.01,20.0,-0.0004997501249376368,2026-08-10,,,,,,,,
ARCI,2026-08-07,10.16,10.16,0.0,2026-08-10,,,,,,,,
ARCL,2026-08-07,9.95,9.95,0.0,2026-08-10,,,,,,,,
ARCM,2026-08-07,100.14,100.14,0.0,2026-08-10,,,,,,,,
ARCO,2026-08-07,8.24,8.19,-0.0060679611650485965,2026-08-10,,,,,,,,
ARCP,2026-08-07,25.11,25.11,0.0,2026-08-10,,,,,,,,
ARCT,2026-08-07,7.41,7.22,-0.02564102564102566,2026-08-10,,,,,,,,
ARCX,2026-08-07,13.51,13.62,0.008142116950407008,2026-08-10,,,,,,,,
ARDC,2026-08-07,12.42,12.42,0.0,2026-08-10,,,,,,,,
ARDT,2026-08-07,11.55,11.55,0.0,2026-08-10,,,,,,,,
ARDX,2026-08-07,4.0,4.07,0.01750000000000007,2026-08-10,,,,,,,,
ARE,2026-08-07,49.74,49.83,0.001809408926417344,2026-08-10,,,,,,,,
AREC,2026-08-07,2.74,2.81,0.025547445255474477,2026-08-10,,,,,,,,
AREN,2026-08-07,1.76,1.76,0.0,2026-08-10,,,,,,,,
ARES,2026-08-07,136.85,136.85,0.0,2026-08-10,,,,,,,,
ARGT,2026-08-07,92.96,92.96,0.0,2026-08-10,,,,,,,,
ARGX,2026-08-07,865.04,870.67,0.006508369555165094,2026-08-10,,,,,,,,
ARHS,2026-08-07,9.6,9.41,-0.019791666666666652,2026-08-10,,,,,,,,
ARI,2026-08-07,6.76,6.76,0.0,2026-08-10,,,,,,,,
ARIS,2026-08-07,17.4,17.5,0.005747126436781658,2026-08-10,,,,,,,,
ARKB,2026-08-07,21.54,21.54,0.0,2026-08-10,,,,,,,,
ARKD,2026-08-07,20.12,20.12,0.0,2026-08-10,,,,,,,,
ARKE,2026-08-07,19.8,19.8,0.0,2026-08-10,,,,,,,,
ARKF,2026-08-07,42.98,42.98,0.0,2026-08-10,,,,,,,,
ARKG,2026-08-07,43.04,43.05,0.00023234200743482702,2026-08-10,,,,,,,,
ARKI,2026-08-07,21.97,21.97,0.0,2026-08-10,,,,,,,,
ARKK,2026-08-07,79.43,79.58,0.0018884552436106983,2026-08-10,,,,,,,,
ARKO,2026-08-07,5.66,5.69,0.005300353356890497,2026-08-10,,,,,,,,
ARKQ,2026-08-07,127.85,128.01,0.0012514665623777343,2026-08-10,,,,,,,,
ARKR,2026-08-07,5.61,5.6,-0.0017825311942960553,2026-08-10,,,,,,,,
ARKT,2026-08-07,18.97,18.97,0.0,2026-08-10,,,,,,,,
ARKW,2026-08-07,147.92,147.92,0.0,2026-08-10,,,,,,,,
ARKX,2026-08-07,34.27,34.5,0.006711409395973034,2026-08-10,,,,,,,,
ARL,2026-08-07,15.36,15.36,0.0,2026-08-10,,,,,,,,
ARLI,2026-08-07,27.08,27.08,0.0,2026-08-10,,,,,,,,
ARLO,2026-08-07,15.23,15.23,0.0,2026-08-10,,,,,,,,
ARLP,2026-08-07,24.62,24.62,0.0,2026-08-10,,,,,,,,
ARLU,2026-08-07,32.84,32.84,0.0,2026-08-10,,,,,,,,
ARM,2026-08-07,282.57,284.5,0.006830165976572156,2026-08-10,,,,,,,,
ARMA,2026-08-07,15.17,15.17,0.0,2026-08-10,,,,,,,,
ARMG,2026-08-07,22.35,22.52,0.0076062639821028455,2026-08-10,,,,,,,,
ARMH,2026-08-07,11.89,11.89,0.0,2026-08-10,,,,,,,,
ARMK,2026-08-07,55.95,55.95,0.0,2026-08-10,,,,,,,,
ARMP,2026-08-07,4.71,4.71,0.0,2026-08-10,,,,,,,,
ARMS,2026-08-07,25.13,25.13,0.0,2026-08-10,,,,,,,,
ARMW,2026-08-07,49.6,49.88,0.005645161290322553,2026-08-10,,,,,,,,
ARMY,2026-08-07,27.37,27.37,0.0,2026-08-10,,,,,,,,
AROC,2026-08-07,33.08,33.84,0.02297460701330123,2026-08-10,,,,,,,,
AROW,2026-08-07,39.4,39.64,0.006091370558375608,2026-08-10,,,,,,,,
ARP,2026-08-07,33.46,33.46,0.0,2026-08-10,,,,,,,,
ARQ,2026-08-07,2.08,2.08,0.0,2026-08-10,,,,,,,,
ARQQ,2026-08-07,22.9,23.37,0.020524017467248967,2026-08-10,,,,,,,,
ARQT,2026-08-07,25.29,25.81,0.020561486753657654,2026-08-10,,,,,,,,
ARR,2026-08-07,16.68,16.75,0.004196642685851293,2026-08-10,,,,,,,,
ARRY,2026-08-07,5.55,5.64,0.016216216216216273,2026-08-10,,,,,,,,
ARTC,2026-08-07,9.96,9.96,0.0,2026-08-10,,,,,,,,
ARTL,2026-08-07,0.72,0.74,0.0277777777777779,2026-08-10,,,,,,,,
ARTNA,2026-08-07,34.66,34.66,0.0,2026-08-10,,,,,,,,
ARTV,2026-08-07,11.27,11.27,0.0,2026-08-10,,,,,,,,
ARTW,2026-08-07,2.19,2.19,0.0,2026-08-10,,,,,,,,
ARTY,2026-08-07,72.78,72.78,0.0,2026-08-10,,,,,,,,
ARVN,2026-08-07,8.75,8.8,0.005714285714285783,2026-08-10,,,,,,,,
ARVR,2026-08-07,57.21,57.21,0.0,2026-08-10,,,,,,,,
ARW,2026-08-07,203.51,206.58,0.015085253795882325,2026-08-10,,,,,,,,
ARWG,2026-08-07,26.62,26.62,0.0,2026-08-10,,,,,,,,
ARWR,2026-08-07,87.65,87.65,0.0,2026-08-10,,,,,,,,
ARX,2026-08-07,12.46,12.46,0.0,2026-08-10,,,,,,,,
ARXS,2026-08-07,59.99,60.54,0.00916819469911645,2026-08-10,,,,,,,,
AS,2026-08-07,36.84,36.84,0.0,2026-08-10,,,,,,,,
ASA,2026-08-07,57.79,57.79,0.0,2026-08-10,,,,,,,,
ASAN,2026-08-07,9.26,9.1,-0.017278617710583144,2026-08-10,,,,,,,,
ASB,2026-08-07,31.28,31.28,0.0,2026-08-10,,,,,,,,
ASBP,2026-08-07,7.73,7.47,-0.03363518758085393,2026-08-10,,,,,,,,
ASC,2026-08-07,16.71,16.26,-0.026929982046678624,2026-08-10,,,,,,,,
ASCE,2026-08-07,35.23,35.23,0.0,2026-08-10,,,,,,,,
ASCI,2026-08-07,37.22,37.22,0.0,2026-08-10,,,,,,,,
ASD,2026-08-07,27.83,27.83,0.0,2026-08-10,,,,,,,,
ASEA,2026-08-07,21.53,21.53,0.0,2026-08-10,,,,,,,,
ASEC,2026-08-07,49.83,49.83,0.0,2026-08-10,,,,,,,,
ASG,2026-08-07,5.35,5.35,0.0,2026-08-10,,,,,,,,
ASGI,2026-08-07,24.21,24.21,0.0,2026-08-10,,,,,,,,
ASGM,2026-08-07,31.71,31.71,0.0,2026-08-10,,,,,,,,
ASH,2026-08-07,76.45,76.45,0.0,2026-08-10,,,,,,,,
ASHR,2026-08-07,35.12,35.09,-0.0008542141230066802,2026-08-10,,,,,,,,
ASHS,2026-08-07,43.79,43.79,0.0,2026-08-10,,,,,,,,
ASIA,2026-08-07,40.85,40.85,0.0,2026-08-10,,,,,,,,
ASIC,2026-08-07,24.78,24.78,0.0,2026-08-10,,,,,,,,
ASIX,2026-08-07,16.48,16.75,0.016383495145630977,2026-08-10,,,,,,,,
ASLE,2026-08-07,5.9,5.9,0.0,2026-08-10,,,,,,,,
ASLV,2026-08-07,31.28,31.28,0.0,2026-08-10,,,,,,,,
ASM,2026-08-07,6.88,6.94,0.008720930232558155,2026-08-10,,,,,,,,
ASMB,2026-08-07,26.68,27.0,0.011994002998500841,2026-08-10,,,,,,,,
ASMF,2026-08-07,25.72,25.72,0.0,2026-08-10,,,,,,,,
ASMG,2026-08-07,47.74,49.99,0.04713028906577299,2026-08-10,,,,,,,,
ASMH,2026-08-07,11.84,11.84,0.0,2026-08-10,,,,,,,,
ASML,2026-08-07,1740.99,1784.55,0.02502024710078743,2026-08-10,,,,,,,,
ASMU,2026-08-07,31.36,32.83,0.046875,2026-08-10,,,,,,,,
ASMZ,2026-08-07,20.36,20.36,0.0,2026-08-10,,,,,,,,
ASND,2026-08-07,255.41,255.41,0.0,2026-08-10,,,,,,,,
ASO,2026-08-07,48.13,48.13,0.0,2026-08-10,,,,,,,,
ASPC,2026-08-07,10.59,11.6,0.0953729933899905,2026-08-10,,,,,,,,
ASPI,2026-08-07,4.43,4.45,0.004514672686230403,2026-08-10,,,,,,,,
ASPN,2026-08-07,6.25,6.2,-0.008000000000000007,2026-08-10,,,,,,,,
ASPS,2026-08-07,5.76,5.76,0.0,2026-08-10,,,,,,,,
ASR,2026-08-07,276.68,276.68,0.0,2026-08-10,,,,,,,,
ASRV,2026-08-07,4.92,4.92,0.0,2026-08-10,,,,,,,,
ASST,2026-08-07,12.48,12.19,-0.023237179487179516,2026-08-10,,,,,,,,
ASTC,2026-08-07,8.88,8.74,-0.015765765765765827,2026-08-10,,,,,,,,
ASTE,2026-08-07,44.25,44.35,0.00225988700564983,2026-08-10,,,,,,,,
ASTG,2026-08-07,11.77,11.97,0.016992353440951735,2026-08-10,,,,,,,,
ASTH,2026-08-07,35.76,35.6,-0.004474272930648726,2026-08-10,,,,,,,,
ASTI,2026-08-07,3.58,3.68,0.027932960893854775,2026-08-10,,,,,,,,
ASTL,2026-08-07,4.07,4.09,0.004914004914004844,2026-08-10,,,,,,,,
ASTN,2026-08-07,4.03,3.96,-0.017369727047146455,2026-08-10,,,,,,,,
ASTS,2026-08-07,71.94,72.33,0.005421184320266947,2026-08-10,,,,,,,,
ASTT,2026-08-07,25.27,25.27,0.0,2026-08-10,,,,,,,,
ASTX,2026-08-07,15.73,15.98,0.015893197711379425,2026-08-10,,,,,,,,
ASTY,2026-08-07,8.53,8.72,0.022274325908558268,2026-08-10,,,,,,,,
ASUP,2026-08-07,10.77,10.77,0.0,2026-08-10,,,,,,,,
ASUR,2026-08-07,8.67,8.67,0.0,2026-08-10,,,,,,,,
ASX,2026-08-07,37.39,39.34,0.05215298208077024,2026-08-10,,,,,,,,
ASYS,2026-08-07,15.53,15.55,0.0012878300064391723,2026-08-10,,,,,,,,
ATAI,2026-08-07,7.25,7.22,-0.004137931034482789,2026-08-10,,,,,,,,
ATAT,2026-08-07,35.31,35.31,0.0,2026-08-10,,,,,,,,
ATC,2026-08-07,21.65,21.65,0.0,2026-08-10,,,,,,,,
ATCH,2026-08-07,0.18,0.18,0.0,2026-08-10,,,,,,,,
ATCL,2026-08-07,24.84,24.84,0.0,2026-08-10,,,,,,,,
ATCX,2026-08-07,2.74,2.74,0.0,2026-08-10,,,,,,,,
ATEC,2026-08-07,9.31,9.2,-0.011815252416756294,2026-08-10,,,,,,,,
ATEN,2026-08-07,26.84,26.91,0.002608047690014992,2026-08-10,,,,,,,,
ATER,2026-08-07,0.49,0.54,0.10204081632653073,2026-08-10,,,,,,,,
ATEX,2026-08-07,99.26,99.95,0.006951440660890595,2026-08-10,,,,,,,,
ATFV,2026-08-07,39.66,39.66,0.0,2026-08-10,,,,,,,,
ATGL,2026-08-07,8.35,8.65,0.03592814371257491,2026-08-10,,,,,,,,
ATHE,2026-08-07,4.45,4.45,0.0,2026-08-10,,,,,,,,
ATHM,2026-08-07,22.72,22.72,0.0,2026-08-10,,,,,,,,
ATHR,2026-08-07,4.07,4.07,0.0,2026-08-10,,,,,,,,
ATI,2026-08-07,227.84,229.57,0.007593047752809001,2026-08-10,,,,,,,,
ATII,2026-08-07,10.69,10.69,0.0,2026-08-10,,,,,,,,
ATKR,2026-08-07,93.71,93.68,-0.00032013659161223007,2026-08-10,,,,,,,,
ATLC,2026-08-07,100.01,99.97,-0.00039996000399966647,2026-08-10,,,,,,,,
ATLO,2026-08-07,31.25,31.25,0.0,2026-08-10,,,,,,,,
ATLX,2026-08-07,3.11,3.16,0.016077170418006492,2026-08-10,,,,,,,,
ATMP,2026-08-07,35.29,35.29,0.0,2026-08-10,,,,,,,,
ATMU,2026-08-07,51.17,51.5,0.006449091264412621,2026-08-10,,,,,,,,
ATNI,2026-08-07,31.97,31.97,0.0,2026-08-10,,,,,,,,
ATNM,2026-08-07,0.8,0.8,0.0,2026-08-10,,,,,,,,
ATO,2026-08-07,170.19,170.19,0.0,2026-08-10,,,,,,,,
ATOM,2026-08-07,5.48,5.57,0.01642335766423364,2026-08-10,,,,,,,,
ATOS,2026-08-07,2.36,2.36,0.0,2026-08-10,,,,,,,,
ATPC,2026-08-07,2.63,2.64,0.0038022813688214363,2026-08-10,,,,,,,,
ATR,2026-08-07,135.42,135.42,0.0,2026-08-10,,,,,,,,
ATRA,2026-08-07,8.45,7.75,-0.0828402366863904,2026-08-10,,,,,,,,
ATRC,2026-08-07,41.39,41.3,-0.0021744382701136544,2026-08-10,,,,,,,,
ATRO,2026-08-07,77.75,79.0,0.016077170418006492,2026-08-10,,,,,,,,
ATS,2026-08-07,21.13,21.29,0.007572172266919086,2026-08-10,,,,,,,,
ATTO,2026-08-07,20.17,20.21,0.001983143282102029,2026-08-10,,,,,,,,
ATTR,2026-08-07,95.28,95.28,0.0,2026-08-10,,,,,,,,
ATXG,2026-08-07,3.95,3.95,0.0,2026-08-10,,,,,,,,
ATYR,2026-08-07,0.51,0.5,-0.019607843137254943,2026-08-10,,,,,,,,
AU,2026-08-07,96.22,96.8,0.006027852837247938,2026-08-10,,,,,,,,
AUAU,2026-08-07,38.66,38.66,0.0,2026-08-10,,,,,,,,
AUB,2026-08-07,41.78,42.0,0.005265677357587428,2026-08-10,,,,,,,,
AUBN,2026-08-07,26.35,26.35,0.0,2026-08-10,,,,,,,,
AUC,2026-08-07,7.0,7.0,0.0,2026-08-10,,,,,,,,
AUDC,2026-08-07,9.94,9.9,-0.004024144869215207,2026-08-10,,,,,,,,
AUGC,2026-08-07,25.39,25.39,0.0,2026-08-10,,,,,,,,
AUGM,2026-08-07,35.31,35.31,0.0,2026-08-10,,,,,,,,
AUGO,2026-08-07,74.13,74.21,0.0010791852151625925,2026-08-10,,,,,,,,
AUGP,2026-08-07,33.99,33.99,0.0,2026-08-10,,,,,,,,
AUGT,2026-08-07,39.25,39.25,0.0,2026-08-10,,,,,,,,
AUGU,2026-08-07,32.46,32.46,0.0,2026-08-10,,,,,,,,
AUGW,2026-08-07,34.71,34.71,0.0,2026-08-10,,,,,,,,
AUGZ,2026-08-07,46.42,46.42,0.0,2026-08-10,,,,,,,,
AUID,2026-08-07,0.63,0.65,0.031746031746031855,2026-08-10,,,,,,,,
AUMI,2026-08-07,94.49,94.49,0.0,2026-08-10,,,,,,,,
AUNA,2026-08-07,5.32,5.35,0.005639097744360777,2026-08-10,,,,,,,,
AUPH,2026-08-07,15.85,15.85,0.0,2026-08-10,,,,,,,,
AUR,2026-08-07,7.06,7.1,0.0056657223796034994,2026-08-10,,,,,,,,
AURA,2026-08-07,7.99,8.0,0.0012515644555695093,2026-08-10,,,,,,,,
AURE,2026-08-07,1.66,1.76,0.06024096385542177,2026-08-10,,,,,,,,
AUSF,2026-08-07,51.87,51.87,0.0,2026-08-10,,,,,,,,
AUSM,2026-08-07,25.07,25.07,0.0,2026-08-10,,,,,,,,
AUST,2026-08-07,1.19,1.24,0.04201680672268915,2026-08-10,,,,,,,,
AUTL,2026-08-07,2.11,2.11,0.0,2026-08-10,,,,,,,,
AUUD,2026-08-07,0.82,0.91,0.10975609756097571,2026-08-10,,,,,,,,
AV,2026-08-07,29.42,29.42,0.0,2026-08-10,,,,,,,,
AVA,2026-08-07,38.73,38.73,0.0,2026-08-10,,,,,,,,
AVAH,2026-08-07,9.49,9.4,-0.009483667017913588,2026-08-10,,,,,,,,
AVAL,2026-08-07,5.06,5.06,0.0,2026-08-10,,,,,,,,
AVAT,2026-08-07,0.32,0.32,0.0,2026-08-10,,,,,,,,
AVAV,2026-08-07,186.73,186.44,-0.0015530445027579498,2026-08-10,,,,,,,,
AVAZ,2026-08-07,7.3,7.3,0.0,2026-08-10,,,,,,,,
AVB,2026-08-07,187.55,187.55,0.0,2026-08-10,,,,,,,,
AVBC,2026-08-07,21.5,21.5,0.0,2026-08-10,,,,,,,,
AVBH,2026-08-07,32.6,32.6,0.0,2026-08-10,,,,,,,,
AVBP,2026-08-07,30.84,30.84,0.0,2026-08-10,,,,,,,,
AVD,2026-08-07,2.41,2.48,0.029045643153526868,2026-08-10,,,,,,,,
AVDE,2026-08-07,93.95,93.95,0.0,2026-08-10,,,,,,,,
AVDS,2026-08-07,79.63,79.63,0.0,2026-08-10,,,,,,,,
AVDV,2026-08-07,109.63,109.63,0.0,2026-08-10,,,,,,,,
AVEE,2026-08-07,67.74,67.74,0.0,2026-08-10,,,,,,,,
AVEM,2026-08-07,92.27,92.4,0.0014089086376938287,2026-08-10,,,,,,,,
AVES,2026-08-07,65.49,65.49,0.0,2026-08-10,,,,,,,,
AVEX,2026-08-07,22.17,21.9,-0.012178619756427755,2026-08-10,,,,,,,,
AVGB,2026-08-07,51.06,51.06,0.0,2026-08-10,,,,,,,,
AVGC,2026-08-07,31.78,31.78,0.0,2026-08-10,,,,,,,,
AVGE,2026-08-07,101.49,101.49,0.0,2026-08-10,,,,,,,,
AVGG,2026-08-07,33.72,34.09,0.010972716488730772,2026-08-10,,,,,,,,
AVGO,2026-08-07,427.76,430.14,0.005563867589302385,2026-08-10,,,,,,,,
AVGU,2026-08-07,43.19,43.57,0.0087983329474417,2026-08-10,,,,,,,,
AVGV,2026-08-07,87.82,87.82,0.0,2026-08-10,,,,,,,,
AVGW,2026-08-07,43.7,43.79,0.002059496567505592,2026-08-10,,,,,,,,
AVGX,2026-08-07,57.82,58.45,0.010895883777239712,2026-08-10,,,,,,,,
AVIE,2026-08-07,77.8,77.8,0.0,2026-08-10,,,,,,,,
AVIG,2026-08-07,40.86,40.86,0.0,2026-08-10,,,,,,,,
AVIR,2026-08-07,5.25,5.25,0.0,2026-08-10,,,,,,,,
AVIV,2026-08-07,82.87,82.87,0.0,2026-08-10,,,,,,,,
AVK,2026-08-07,12.75,12.75,0.0,2026-08-10,,,,,,,,
AVL,2026-08-07,54.78,55.5,0.013143483023001057,2026-08-10,,,,,,,,
AVLC,2026-08-07,92.04,92.04,0.0,2026-08-10,,,,,,,,
AVLN,2026-08-07,33.92,33.92,0.0,2026-08-10,,,,,,,,
AVLV,2026-08-07,93.79,94.11,0.0034118775988911665,2026-08-10,,,,,,,,
AVMA,2026-08-07,73.92,73.92,0.0,2026-08-10,,,,,,,,
AVMC,2026-08-07,81.2,81.2,0.0,2026-08-10,,,,,,,,
AVMU,2026-08-07,45.53,45.53,0.0,2026-08-10,,,,,,,,
AVMV,2026-08-07,83.07,83.07,0.0,2026-08-10,,,,,,,,
AVNM,2026-08-07,84.88,84.88,0.0,2026-08-10,,,,,,,,
AVNS,2026-08-07,24.99,,,2026-08-10,,,,,,,,
AVNT,2026-08-07,45.69,45.6,-0.001969796454366346,2026-08-10,,,,,,,,
AVNV,2026-08-07,86.2,86.2,0.0,2026-08-10,,,,,,,,
AVNW,2026-08-07,21.12,21.35,0.010890151515151603,2026-08-10,,,,,,,,
AVO,2026-08-07,13.2,13.2,0.0,2026-08-10,,,,,,,,
AVOS,2026-08-07,27.81,27.81,0.0,2026-08-10,,,,,,,,
AVPT,2026-08-07,12.79,12.79,0.0,2026-08-10,,,,,,,,
AVR,2026-08-07,8.91,8.9,-0.001122334455667784,2026-08-10,,,,,,,,
AVRE,2026-08-07,48.58,48.58,0.0,2026-08-10,,,,,,,,
AVRY,2026-08-07,25.67,25.67,0.0,2026-08-10,,,,,,,,
AVS,2026-08-07,6.86,6.83,-0.004373177842565634,2026-08-10,,,,,,,,
AVSC,2026-08-07,74.4,74.4,0.0,2026-08-10,,,,,,,,
AVSD,2026-08-07,83.71,83.71,0.0,2026-08-10,,,,,,,,
AVSE,2026-08-07,77.36,77.36,0.0,2026-08-10,,,,,,,,
AVSF,2026-08-07,46.35,48.24,0.040776699029126284,2026-08-10,,,,,,,,
AVSU,2026-08-07,90.4,90.4,0.0,2026-08-10,,,,,,,,
AVT,2026-08-07,96.53,97.3,0.00797679477882518,2026-08-10,,,,,,,,
AVTM,2026-08-07,56.02,56.02,0.0,2026-08-10,,,,,,,,
AVTR,2026-08-07,13.59,13.59,0.0,2026-08-10,,,,,,,,
AVTX,2026-08-07,18.32,18.6,0.015283842794759916,2026-08-10,,,,,,,,
AVUQ,2026-08-07,67.93,67.93,0.0,2026-08-10,,,,,,,,
AVUS,2026-08-07,131.18,131.18,0.0,2026-08-10,,,,,,,,
AVUV,2026-08-07,126.88,127.1,0.0017339218158889391,2026-08-10,,,,,,,,
AVX,2026-08-07,3.54,3.54,0.0,2026-08-10,,,,,,,,
AVXC,2026-08-07,80.21,80.21,0.0,2026-08-10,,,,,,,,
AVXL,2026-08-07,3.34,3.35,0.0029940119760478723,2026-08-10,,,,,,,,
AVXX,2026-08-07,7.87,7.88,0.0012706480304955914,2026-08-10,,,,,,,,
AVY,2026-08-07,177.18,178.84,0.009369003273507204,2026-08-10,,,,,,,,
AWAY,2026-08-07,19.99,19.99,0.0,2026-08-10,,,,,,,,
AWF,2026-08-07,10.11,10.11,0.0,2026-08-10,,,,,,,,
AWI,2026-08-07,185.52,184.78,-0.003988788270806398,2026-08-10,,,,,,,,
AWK,2026-08-07,135.31,135.79,0.0035474096519103604,2026-08-10,,,,,,,,
AWP,2026-08-07,11.9,11.9,0.0,2026-08-10,,,,,,,,
AWR,2026-08-07,87.39,87.39,0.0,2026-08-10,,,,,,,,
AWRE,2026-08-07,1.27,1.27,0.0,2026-08-10,,,,,,,,
AWX,2026-08-07,2.6,2.85,0.09615384615384626,2026-08-10,,,,,,,,
AX,2026-08-07,100.04,100.5,0.004598160735705736,2026-08-10,,,,,,,,
AXG,2026-08-07,2.6,2.6,0.0,2026-08-10,,,,,,,,
AXGN,2026-08-07,46.43,46.25,-0.003876803790652583,2026-08-10,,,,,,,,
AXIA,2026-08-07,10.22,10.22,0.0,2026-08-10,,,,,,,,
AXIL,2026-08-07,5.87,5.87,0.0,2026-08-10,,,,,,,,
AXIN,2026-08-07,10.27,10.27,0.0,2026-08-10,,,,,,,,
AXON,2026-08-07,571.01,569.5,-0.00264443705013917,2026-08-10,,,,,,,,
AXP,2026-08-07,340.91,340.91,0.0,2026-08-10,,,,,,,,
AXPG,2026-08-07,13.01,,,2026-08-10,,,,,,,,
AXR,2026-08-07,22.35,22.35,0.0,2026-08-10,,,,,,,,
AXS,2026-08-07,103.49,104.66,0.011305440139143919,2026-08-10,,,,,,,,
AXSM,2026-08-07,212.74,213.2,0.002162263796183117,2026-08-10,,,,,,,,
AXTA,2026-08-07,38.19,38.19,0.0,2026-08-10,,,,,,,,
AXTC,2026-08-07,35.08,35.08,0.0,2026-08-10,,,,,,,,
AXTI,2026-08-07,88.58,91.37,0.031496951907880044,2026-08-10,,,,,,,,
AXTL,2026-08-07,5.77,6.2,0.07452339688041598,2026-08-10,,,,,,,,
AXTU,2026-08-07,8.06,8.59,0.06575682382133996,2026-08-10,,,,,,,,
AXTX,2026-08-07,14.88,15.86,0.06586021505376327,2026-08-10,,,,,,,,
AYA,2026-08-07,27.19,27.89,0.025744759102611203,2026-08-10,,,,,,,,
AYI,2026-08-07,359.58,359.58,0.0,2026-08-10,,,,,,,,
AYTU,2026-08-07,2.36,2.36,0.0,2026-08-10,,,,,,,,
AZ,2026-08-07,6.22,6.22,0.0,2026-08-10,,,,,,,,
AZI,2026-08-07,1.5,1.49,-0.00666666666666671,2026-08-10,,,,,,,,
AZIO,2026-08-07,1.45,1.49,0.02758620689655178,2026-08-10,,,,,,,,
AZN,2026-08-07,161.42,160.8,-0.0038409119068267827,2026-08-10,,,,,,,,
AZO,2026-08-07,3127.29,3127.29,0.0,2026-08-10,,,,,,,,
AZTA,2026-08-07,32.04,32.96,0.02871410736579283,2026-08-10,,,,,,,,
AZTD,2026-08-07,33.01,33.01,0.0,2026-08-10,,,,,,,,
AZTR,2026-08-07,0.14,0.14,0.0,2026-08-10,,,,,,,,
AZUL,2026-08-07,8.51,8.51,0.0,2026-08-10,,,,,,,,
AZYY,2026-08-07,14.43,14.43,0.0,2026-08-10,,,,,,,,
AZZ,2026-08-07,150.92,150.92,0.0,2026-08-10,,,,,,,,
B,2026-08-07,43.68,41.01,-0.06112637362637363,2026-08-10,,,,,,,,
BA,2026-08-07,234.42,234.42,0.0,2026-08-10,,,,,,,,
BAB,2026-08-07,26.43,26.43,0.0,2026-08-10,,,,,,,,
BABA,2026-08-07,128.41,129.22,0.006307919943929541,2026-08-10,,,,,,,,
BABC,2026-08-07,32.63,32.63,0.0,2026-08-10,,,,,,,,
BABO,2026-08-07,8.66,8.73,0.008083140877598094,2026-08-10,,,,,,,,
BABU,2026-08-07,12.98,13.17,0.014637904468412843,2026-08-10,,,,,,,,
BABW,2026-08-07,25.56,25.56,0.0,2026-08-10,,,,,,,,
BABX,2026-08-07,24.02,24.29,0.011240632805995077,2026-08-10,,,,,,,,
BAC,2026-08-07,63.17,63.09,-0.0012664239354123197,2026-08-10,,,,,,,,
BACC,2026-08-07,10.48,10.48,0.0,2026-08-10,,,,,,,,
BAER,2026-08-07,1.26,1.35,0.0714285714285714,2026-08-10,,,,,,,,
BAFE,2026-08-07,30.38,30.38,0.0,2026-08-10,,,,,,,,
BAFN,2026-08-07,6.34,6.34,0.0,2026-08-10,,,,,,,,
BAGX,2026-08-07,102.21,102.21,0.0,2026-08-10,,,,,,,,
BAGY,2026-08-07,23.2,23.2,0.0,2026-08-10,,,,,,,,
BAH,2026-08-07,76.05,76.05,0.0,2026-08-10,,,,,,,,
BAI,2026-08-07,44.57,45.0,0.009647745120035855,2026-08-10,,,,,,,,
BAIG,2026-08-07,18.98,19.08,0.005268703898840821,2026-08-10,,,,,,,,
BAIV,2026-08-07,28.89,28.89,0.0,2026-08-10,,,,,,,,
BAK,2026-08-07,2.29,2.36,0.03056768558951961,2026-08-10,,,,,,,,
BALI,2026-08-07,34.97,34.97,0.0,2026-08-10,,,,,,,,
BALL,2026-08-07,63.45,63.42,-0.00047281323877068626,2026-08-10,,,,,,,,
BALQ,2026-08-07,56.2,56.2,0.0,2026-08-10,,,,,,,,
BALT,2026-08-07,34.67,34.67,0.0,2026-08-10,,,,,,,,
BALY,2026-08-07,13.45,13.45,0.0,2026-08-10,,,,,,,,
BAM,2026-08-07,52.49,52.3,-0.003619737092779629,2026-08-10,,,,,,,,
BAMA,2026-08-07,37.15,37.15,0.0,2026-08-10,,,,,,,,
BAMB,2026-08-07,25.89,25.89,0.0,2026-08-10,,,,,,,,
BAMD,2026-08-07,34.38,34.38,0.0,2026-08-10,,,,,,,,
BAMG,2026-08-07,44.84,44.84,0.0,2026-08-10,,,,,,,,
BAMO,2026-08-07,35.27,35.27,0.0,2026-08-10,,,,,,,,
BAMU,2026-08-07,25.32,25.32,0.0,2026-08-10,,,,,,,,
BAMV,2026-08-07,37.81,37.81,0.0,2026-08-10,,,,,,,,
BAMY,2026-08-07,27.59,27.59,0.0,2026-08-10,,,,,,,,
BANC,2026-08-07,18.73,18.73,0.0,2026-08-10,,,,,,,,
BAND,2026-08-07,49.96,50.1,0.002802241793434801,2026-08-10,,,,,,,,
BANF,2026-08-07,113.01,113.01,0.0,2026-08-10,,,,,,,,
BANL,2026-08-07,3.75,3.75,0.0,2026-08-10,,,,,,,,
BANR,2026-08-07,70.67,70.67,0.0,2026-08-10,,,,,,,,
BANX,2026-08-07,20.52,20.52,0.0,2026-08-10,,,,,,,,
BAOS,2026-08-07,0.65,0.57,-0.1230769230769232,2026-08-10,,,,,,,,
BAP,2026-08-07,386.93,386.93,0.0,2026-08-10,,,,,,,,
BAPR,2026-08-07,54.29,54.29,0.0,2026-08-10,,,,,,,,
BAR,2026-08-07,42.78,42.77,-0.0002337540906965918,2026-08-10,,,,,,,,
BARK,2026-08-07,11.22,11.22,0.0,2026-08-10,,,,,,,,
BASG,2026-08-07,28.82,28.82,0.0,2026-08-10,,,,,,,,
BASV,2026-08-07,31.99,31.99,0.0,2026-08-10,,,,,,,,
BATL,2026-08-07,1.31,1.34,0.022900763358778553,2026-08-10,,,,,,,,
BATRA,2026-08-07,53.46,53.24,-0.004115226337448541,2026-08-10,,,,,,,,
BATRK,2026-08-07,50.06,50.06,0.0,2026-08-10,,,,,,,,
BATT,2026-08-07,15.42,15.45,0.0019455252918287869,2026-08-10,,,,,,,,
BAUG,2026-08-07,55.41,55.41,0.0,2026-08-10,,,,,,,,
BAVA,2026-08-07,17.39,17.39,0.0,2026-08-10,,,,,,,,
BAX,2026-08-07,27.55,27.55,0.0,2026-08-10,,,,,,,,
BAY,2026-08-07,29.37,29.37,0.0,2026-08-10,,,,,,,,
BB,2026-08-07,8.98,9.0,0.00222717149220486,2026-08-10,,,,,,,,
BBAG,2026-08-07,45.24,47.12,0.04155614500442084,2026-08-10,,,,,,,,
BBAI,2026-08-07,3.27,3.27,0.0,2026-08-10,,,,,,,,
BBAR,2026-08-07,17.11,17.11,0.0,2026-08-10,,,,,,,,
BBAX,2026-08-07,65.39,65.39,0.0,2026-08-10,,,,,,,,
BBB,2026-08-07,30.37,30.37,0.0,2026-08-10,,,,,,,,
BBBI,2026-08-07,50.71,50.71,0.0,2026-08-10,,,,,,,,
BBBL,2026-08-07,46.18,46.18,0.0,2026-08-10,,,,,,,,
BBBS,2026-08-07,50.76,50.76,0.0,2026-08-10,,,,,,,,
BBBY,2026-08-07,4.64,4.69,0.010775862068965747,2026-08-10,,,,,,,,
BBC,2026-08-07,52.52,52.52,0.0,2026-08-10,,,,,,,,
BBCA,2026-08-07,105.77,105.77,0.0,2026-08-10,,,,,,,,
BBCB,2026-08-07,44.49,44.49,0.0,2026-08-10,,,,,,,,
BBCP,2026-08-07,9.75,9.75,0.0,2026-08-10,,,,,,,,
BBCQ,2026-08-07,10.17,10.17,0.0,2026-08-10,,,,,,,,
BBD,2026-08-07,3.37,3.4,0.008902077151335286,2026-08-10,,,,,,,,
BBDC,2026-08-07,9.22,9.16,-0.006507592190889477,2026-08-10,,,,,,,,
BBEM,2026-08-07,75.48,75.48,0.0,2026-08-10,,,,,,,,
BBEU,2026-08-07,80.78,80.78,0.0,2026-08-10,,,,,,,,
BBGI,2026-08-07,22.11,22.11,0.0,2026-08-10,,,,,,,,
BBH,2026-08-07,216.58,216.58,0.0,2026-08-10,,,,,,,,
BBHL,2026-08-07,17.7,17.7,0.0,2026-08-10,,,,,,,,
BBHM,2026-08-07,12.19,12.19,0.0,2026-08-10,,,,,,,,
BBHY,2026-08-07,45.81,45.81,0.0,2026-08-10,,,,,,,,
BBIB,2026-08-07,96.83,96.83,0.0,2026-08-10,,,,,,,,
BBIN,2026-08-07,81.56,81.55,-0.0001226091221186998,2026-08-10,,,,,,,,
BBIO,2026-08-07,84.48,85.77,0.015269886363636243,2026-08-10,,,,,,,,
BBJP,2026-08-07,78.2,78.2,0.0,2026-08-10,,,,,,,,
BBLB,2026-08-07,78.22,78.22,0.0,2026-08-10,,,,,,,,
BBLG,2026-08-07,0.93,0.96,0.032258064516129004,2026-08-10,,,,,,,,
BBLU,2026-08-07,17.4,17.4,0.0,2026-08-10,,,,,,,,
BBMC,2026-08-07,128.77,128.77,0.0,2026-08-10,,,,,,,,
BBN,2026-08-07,15.96,15.96,0.0,2026-08-10,,,,,,,,
BBNX,2026-08-07,15.9,16.2,0.018867924528301883,2026-08-10,,,,,,,,
BBOT,2026-08-07,9.33,9.33,0.0,2026-08-10,,,,,,,,
BBP,2026-08-07,100.36,100.36,0.0,2026-08-10,,,,,,,,
BBRE,2026-08-07,108.85,108.85,0.0,2026-08-10,,,,,,,,
BBSB,2026-08-07,98.03,98.03,0.0,2026-08-10,,,,,,,,
BBSC,2026-08-07,92.37,92.37,0.0,2026-08-10,,,,,,,,
BBSI,2026-08-07,33.18,33.65,0.014165159734780053,2026-08-10,,,,,,,,
BBT,2026-08-07,31.51,31.51,0.0,2026-08-10,,,,,,,,
BBUC,2026-08-07,29.38,29.38,0.0,2026-08-10,,,,,,,,
BBUL,2026-08-07,14.58,14.58,0.0,2026-08-10,,,,,,,,
BBUS,2026-08-07,139.5,139.5,0.0,2026-08-10,,,,,,,,
BBVA,2026-08-07,28.35,28.55,0.007054673721340388,2026-08-10,,,,,,,,
BBW,2026-08-07,36.86,36.86,0.0,2026-08-10,,,,,,,,
BBWI,2026-08-07,20.36,20.3,-0.0029469548133594925,2026-08-10,,,,,,,,
BBY,2026-08-07,82.0,82.0,0.0,2026-08-10,,,,,,,,
BBYY,2026-08-07,9.77,9.77,0.0,2026-08-10,,,,,,,,
BC,2026-08-07,81.55,81.55,0.0,2026-08-10,,,,,,,,
BCAB,2026-08-07,3.46,3.46,0.0,2026-08-10,,,,,,,,
BCACU,2026-08-07,,,,2026-08-10,,,,,,,,
BCAL,2026-08-07,21.25,21.25,0.0,2026-08-10,,,,,,,,
BCAR,2026-08-07,4.62,4.75,0.02813852813852802,2026-08-10,,,,,,,,
BCAT,2026-08-07,16.04,16.04,0.0,2026-08-10,,,,,,,,
BCAX,2026-08-07,28.06,28.06,0.0,2026-08-10,,,,,,,,
BCBP,2026-08-07,8.91,8.91,0.0,2026-08-10,,,,,,,,
BCC,2026-08-07,86.6,86.6,0.0,2026-08-10,,,,,,,,
BCCC,2026-08-07,12.01,12.05,0.0033305578684430515,2026-08-10,,,,,,,,
BCCQ,2026-08-07,9.93,9.93,0.0,2026-08-10,,,,,,,,
BCCQU,2026-08-07,10.05,,,2026-08-10,,,,,,,,
BCD,2026-08-07,36.22,36.22,0.0,2026-08-10,,,,,,,,
BCDA,2026-08-07,0.98,0.99,0.010204081632652962,2026-08-10,,,,,,,,
BCDF,2026-08-07,32.83,32.83,0.0,2026-08-10,,,,,,,,
BCE,2026-08-07,22.75,22.92,0.007472527472527579,2026-08-10,,,,,,,,
BCEM,2026-08-07,26.4,26.4,0.0,2026-08-10,,,,,,,,
BCFN,2026-08-07,22.94,22.94,0.0,2026-08-10,,,,,,,,
BCG,2026-08-07,1.35,1.35,0.0,2026-08-10,,,,,,,,
BCGD,2026-08-07,26.98,26.98,0.0,2026-08-10,,,,,,,,
BCGS,2026-08-07,28.2,28.2,0.0,2026-08-10,,,,,,,,
BCH,2026-08-07,41.42,41.42,0.0,2026-08-10,,,,,,,,
BCHI,2026-08-07,31.29,31.29,0.0,2026-08-10,,,,,,,,
BCHP,2026-08-07,39.23,39.23,0.0,2026-08-10,,,,,,,,
BCHT,2026-08-07,1.39,1.39,0.0,2026-08-10,,,,,,,,
BCI,2026-08-07,23.83,24.55,0.030214015946286255,2026-08-10,,,,,,,,
BCIC,2026-08-07,7.5,7.5,0.0,2026-08-10,,,,,,,,
BCIL,2026-08-07,30.01,30.01,0.0,2026-08-10,,,,,,,,
BCKT,2026-08-07,40.28,40.28,0.0,2026-08-10,,,,,,,,
BCLO,2026-08-07,49.53,49.53,0.0,2026-08-10,,,,,,,,
BCML,2026-08-07,30.52,30.52,0.0,2026-08-10,,,,,,,,
BCO,2026-08-07,112.19,112.86,0.005972011765754459,2026-08-10,,,,,,,,
BCOR,2026-08-07,21.68,21.68,0.0,2026-08-10,,,,,,,,
BCPC,2026-08-07,179.43,178.6,-0.004625759349049852,2026-08-10,,,,,,,,
BCPL,2026-08-07,24.54,24.54,0.0,2026-08-10,,,,,,,,
BCRX,2026-08-07,9.38,9.4,0.002132196162046851,2026-08-10,,,,,,,,
BCS,2026-08-07,27.93,27.89,-0.0014321518080916418,2026-08-10,,,,,,,,
BCSF,2026-08-07,13.11,13.11,0.0,2026-08-10,,,,,,,,
BCSM,2026-08-07,25.54,25.54,0.0,2026-08-10,,,,,,,,
BCSS,2026-08-07,10.21,10.21,0.0,2026-08-10,,,,,,,,
BCTK,2026-08-07,30.62,30.62,0.0,2026-08-10,,,,,,,,
BCTX,2026-08-07,3.64,3.8,0.0439560439560438,2026-08-10,,,,,,,,
BCUS,2026-08-07,35.95,35.95,0.0,2026-08-10,,,,,,,,
BCV,2026-08-07,24.67,24.67,0.0,2026-08-10,,,,,,,,
BCX,2026-08-07,12.11,12.11,0.0,2026-08-10,,,,,,,,
BCYC,2026-08-07,4.17,4.17,0.0,2026-08-10,,,,,,,,
BD,2026-08-07,24.79,24.79,0.0,2026-08-10,,,,,,,,
BDBT,2026-08-07,24.88,24.88,0.0,2026-08-10,,,,,,,,
BDC,2026-08-07,132.82,132.71,-0.000828188525824336,2026-08-10,,,,,,,,
BDCI,2026-08-07,10.09,10.1,0.0009910802775023875,2026-08-10,,,,,,,,
BDCX,2026-08-07,21.14,21.14,0.0,2026-08-10,,,,,,,,
BDCZ,2026-08-07,15.57,15.57,0.0,2026-08-10,,,,,,,,
BDEC,2026-08-07,54.59,54.59,0.0,2026-08-10,,,,,,,,
BDGS,2026-08-07,36.97,36.97,0.0,2026-08-10,,,,,,,,
BDIV,2026-08-07,25.27,25.27,0.0,2026-08-10,,,,,,,,
BDJ,2026-08-07,9.76,9.76,0.0,2026-08-10,,,,,,,,
BDL,2026-08-07,46.12,46.12,0.0,2026-08-10,,,,,,,,
BDMD,2026-08-07,1.22,1.22,0.0,2026-08-10,,,,,,,,
BDN,2026-08-07,3.22,3.22,0.0,2026-08-10,,,,,,,,
BDRX,2026-08-07,1.54,1.54,0.0,2026-08-10,,,,,,,,
BDRY,2026-08-07,13.76,13.76,0.0,2026-08-10,,,,,,,,
BDSX,2026-08-07,23.5,23.5,0.0,2026-08-10,,,,,,,,
BDTX,2026-08-07,1.95,1.96,0.00512820512820511,2026-08-10,,,,,,,,
BDVG,2026-08-07,15.17,15.17,0.0,2026-08-10,,,,,,,,
BDVL,2026-08-07,26.9,26.9,0.0,2026-08-10,,,,,,,,
BDX,2026-08-07,176.86,176.86,0.0,2026-08-10,,,,,,,,
BDYN,2026-08-07,28.44,28.44,0.0,2026-08-10,,,,,,,,
BE,2026-08-07,219.34,222.0,0.012127290963800386,2026-08-10,,,,,,,,
BEAG,2026-08-07,10.7,10.7,0.0,2026-08-10,,,,,,,,
BEAM,2026-08-07,27.48,27.21,-0.009825327510917026,2026-08-10,,,,,,,,
BEAT,2026-08-07,0.52,0.52,0.0,2026-08-10,,,,,,,,
BEBE,2026-08-07,9.98,9.98,0.0,2026-08-10,,,,,,,,
BEC,2026-08-07,12.91,12.91,0.0,2026-08-10,,,,,,,,
BEDY,2026-08-07,29.99,29.99,0.0,2026-08-10,,,,,,,,
BEDZ,2026-08-07,37.11,37.11,0.0,2026-08-10,,,,,,,,
BEEM,2026-08-07,1.14,1.15,0.00877192982456143,2026-08-10,,,,,,,,
BEEP,2026-08-07,2.48,2.48,0.0,2026-08-10,,,,,,,,
BEEX,2026-08-07,28.11,28.11,0.0,2026-08-10,,,,,,,,
BEEZ,2026-08-07,35.63,35.63,0.0,2026-08-10,,,,,,,,
BEG,2026-08-07,35.79,36.45,0.018440905280804776,2026-08-10,,,,,,,,
BEGS,2026-08-07,14.83,14.83,0.0,2026-08-10,,,,,,,,
BEKE,2026-08-07,17.04,17.29,0.01467136150234749,2026-08-10,,,,,,,,
BELFA,2026-08-07,233.55,233.55,0.0,2026-08-10,,,,,,,,
BELFB,2026-08-07,291.59,291.59,0.0,2026-08-10,,,,,,,,
BELT,2026-08-07,39.91,39.91,0.0,2026-08-10,,,,,,,,
BEMB,2026-08-07,52.81,52.81,0.0,2026-08-10,,,,,,,,
BEN,2026-08-07,33.77,33.79,0.0005922416345867099,2026-08-10,,,,,,,,
BENF,2026-08-07,3.0,3.0,0.0,2026-08-10,,,,,,,,
BENJ,2026-08-07,53.01,53.01,0.0,2026-08-10,,,,,,,,
BEP,2026-08-07,33.2,33.2,0.0,2026-08-10,,,,,,,,
BEPC,2026-08-07,33.74,33.9,0.004742145820983978,2026-08-10,,,,,,,,
BERZ,2026-08-07,21.43,21.43,0.0,2026-08-10,,,,,,,,
BESF,2026-08-07,38.34,38.34,0.0,2026-08-10,,,,,,,,
BESO,2026-08-07,25.6,25.6,0.0,2026-08-10,,,,,,,,
BESS,2026-08-07,2.88,2.88,0.0,2026-08-10,,,,,,,,
BETA,2026-08-07,23.51,23.66,0.0063802637175669474,2026-08-10,,,,,,,,
BETE,2026-08-07,30.93,30.93,0.0,2026-08-10,,,,,,,,
BETH,2026-08-07,35.95,35.95,0.0,2026-08-10,,,,,,,,
BETR,2026-08-07,15.46,15.82,0.023285899094437124,2026-08-10,,,,,,,,
BETZ,2026-08-07,19.06,19.06,0.0,2026-08-10,,,,,,,,
BEX,2026-08-07,25.59,26.18,0.023055881203595252,2026-08-10,,,,,,,,
BEZ,2026-08-07,10.96,10.8,-0.014598540145985384,2026-08-10,,,,,,,,
BF-A,2026-08-07,29.06,29.06,0.0,2026-08-10,,,,,,,,
BF-B,2026-08-07,28.52,28.4,-0.004207573632538653,2026-08-10,,,,,,,,
BFAM,2026-08-07,73.38,73.75,0.005042245843554172,2026-08-10,,,,,,,,
BFAP,2026-08-07,14.34,14.34,0.0,2026-08-10,,,,,,,,
BFC,2026-08-07,153.42,153.42,0.0,2026-08-10,,,,,,,,
BFEB,2026-08-07,53.87,53.87,0.0,2026-08-10,,,,,,,,
BFEW,2026-08-07,21.73,21.73,0.0,2026-08-10,,,,,,,,
BFH,2026-08-07,108.32,108.32,0.0,2026-08-10,,,,,,,,
BFIX,2026-08-07,24.98,24.98,0.0,2026-08-10,,,,,,,,
BFJA,2026-08-07,17.37,17.37,0.0,2026-08-10,,,,,,,,
BFJL,2026-08-07,17.42,17.42,0.0,2026-08-10,,,,,,,,
BFLB,2026-08-07,55.49,55.49,0.0,2026-08-10,,,,,,,,
BFLX,2026-08-07,26.4,26.4,0.0,2026-08-10,,,,,,,,
BFLY,2026-08-07,8.83,8.85,0.0022650056625141968,2026-08-10,,,,,,,,
BFOC,2026-08-07,17.0,17.0,0.0,2026-08-10,,,,,,,,
BFOR,2026-08-07,24.34,24.34,0.0,2026-08-10,,,,,,,,
BFRG,2026-08-07,0.59,0.59,0.0,2026-08-10,,,,,,,,
BFRI,2026-08-07,1.27,1.28,0.007874015748031482,2026-08-10,,,,,,,,
BFRZ,2026-08-07,27.15,27.15,0.0,2026-08-10,,,,,,,,
BFS,2026-08-07,34.01,34.01,0.0,2026-08-10,,,,,,,,
BFST,2026-08-07,31.66,31.58,-0.0025268477574226234,2026-08-10,,,,,,,,
BFXU,2026-08-07,24.0,24.0,0.0,2026-08-10,,,,,,,,
BG,2026-08-07,108.38,108.42,0.000369071784462216,2026-08-10,,,,,,,,
BGB,2026-08-07,11.26,11.26,0.0,2026-08-10,,,,,,,,
BGC,2026-08-07,10.35,10.38,0.0028985507246377384,2026-08-10,,,,,,,,
BGCG,2026-08-07,27.35,27.35,0.0,2026-08-10,,,,,,,,
BGDE,2026-08-07,5.8,5.8,0.0,2026-08-10,,,,,,,,
BGDV,2026-08-07,31.67,31.67,0.0,2026-08-10,,,,,,,,
BGEG,2026-08-07,23.14,23.14,0.0,2026-08-10,,,,,,,,
BGFI,2026-08-07,25.23,25.23,0.0,2026-08-10,,,,,,,,
BGGG,2026-08-07,36.51,36.51,0.0,2026-08-10,,,,,,,,
BGH,2026-08-07,14.29,14.29,0.0,2026-08-10,,,,,,,,
BGI,2026-08-07,0.35,0.36,0.028571428571428692,2026-08-10,,,,,,,,
BGIA,2026-08-07,25.51,25.51,0.0,2026-08-10,,,,,,,,
BGIG,2026-08-07,37.29,37.29,0.0,2026-08-10,,,,,,,,
BGIN,2026-08-07,1.7,1.7,0.0,2026-08-10,,,,,,,,
BGL,2026-08-07,0.19,0.19,0.0,2026-08-10,,,,,,,,
BGLC,2026-08-07,1.64,1.64,0.0,2026-08-10,,,,,,,,
BGLD,2026-08-07,16.89,16.89,0.0,2026-08-10,,,,,,,,
BGM,2026-08-07,0.3,0.29,-0.033333333333333326,2026-08-10,,,,,,,,
BGMS,2026-08-07,0.95,0.95,0.0,2026-08-10,,,,,,,,
BGR,2026-08-07,15.92,15.92,0.0,2026-08-10,,,,,,,,
BGRN,2026-08-07,46.93,46.93,0.0,2026-08-10,,,,,,,,
BGRO,2026-08-07,43.79,43.79,0.0,2026-08-10,,,,,,,,
BGS,2026-08-07,3.52,3.5,-0.005681818181818232,2026-08-10,,,,,,,,
BGSF,2026-08-07,5.62,5.62,0.0,2026-08-10,,,,,,,,
BGSI,2026-08-07,102.34,102.34,0.0,2026-08-10,,,,,,,,
BGT,2026-08-07,10.89,10.89,0.0,2026-08-10,,,,,,,,
BGUS,2026-08-07,26.68,26.68,0.0,2026-08-10,,,,,,,,
BGX,2026-08-07,10.83,10.83,0.0,2026-08-10,,,,,,,,
BGY,2026-08-07,5.84,5.84,0.0,2026-08-10,,,,,,,,
BH,2026-08-07,386.55,386.55,0.0,2026-08-10,,,,,,,,
BHAV,2026-08-07,9.99,9.99,0.0,2026-08-10,,,,,,,,
BHB,2026-08-07,39.74,39.74,0.0,2026-08-10,,,,,,,,
BHC,2026-08-07,6.25,6.13,-0.019199999999999995,2026-08-10,,,,,,,,
BHDG,2026-08-07,23.58,23.58,0.0,2026-08-10,,,,,,,,
BHE,2026-08-07,82.36,82.36,0.0,2026-08-10,,,,,,,,
BHF,2026-08-07,60.8,60.8,0.0,2026-08-10,,,,,,,,
BHK,2026-08-07,9.23,9.23,0.0,2026-08-10,,,,,,,,
BHM,2026-08-07,8.5,8.5,0.0,2026-08-10,,,,,,,,
BHP,2026-08-07,90.41,90.39,-0.00022121446742617845,2026-08-10,,,,,,,,
BHR,2026-08-07,2.07,2.07,0.0,2026-08-10,,,,,,,,
BHRB,2026-08-07,73.42,73.42,0.0,2026-08-10,,,,,,,,
BHST,2026-08-07,2.56,2.56,0.0,2026-08-10,,,,,,,,
BHV,2026-08-07,12.8,12.8,0.0,2026-08-10,,,,,,,,
BHVN,2026-08-07,14.66,14.54,-0.008185538881309795,2026-08-10,,,,,,,,
BHYB,2026-08-07,53.98,53.98,0.0,2026-08-10,,,,,,,,
BHYP,2026-08-07,30.67,30.67,0.0,2026-08-10,,,,,,,,
BIAF,2026-08-07,0.51,0.51,0.0,2026-08-10,,,,,,,,
BIB,2026-08-07,106.44,106.58,0.001315295001879102,2026-08-10,,,,,,,,
BIBL,2026-08-07,56.23,56.24,0.00017784101013695874,2026-08-10,,,,,,,,
BID,2026-08-07,9.86,9.86,0.0,2026-08-10,,,,,,,,
BIDD,2026-08-07,30.72,30.72,0.0,2026-08-10,,,,,,,,
BIDG,2026-08-07,10.16,10.16,0.0,2026-08-10,,,,,,,,
BIDU,2026-08-07,109.71,109.62,-0.0008203445447086954,2026-08-10,,,,,,,,
BIGY,2026-08-07,52.65,52.65,0.0,2026-08-10,,,,,,,,
BIIB,2026-08-07,207.94,208.0,0.0002885447725304857,2026-08-10,,,,,,,,
BIII,2026-08-07,9.95,9.95,0.0,2026-08-10,,,,,,,,
BIL,2026-08-07,91.48,91.48,0.0,2026-08-10,,,,,,,,
BILD,2026-08-07,29.86,29.86,0.0,2026-08-10,,,,,,,,
BILI,2026-08-07,18.74,18.82,0.004268943436499528,2026-08-10,,,,,,,,
BILL,2026-08-07,47.99,47.99,0.0,2026-08-10,,,,,,,,
BILS,2026-08-07,99.21,98.09,-0.011289184558008203,2026-08-10,,,,,,,,
BILT,2026-08-07,27.88,27.88,0.0,2026-08-10,,,,,,,,
BILZ,2026-08-07,100.73,100.73,0.0,2026-08-10,,,,,,,,
BINC,2026-08-07,52.06,52.06,0.0,2026-08-10,,,,,,,,
BINT,2026-08-07,32.92,32.92,0.0,2026-08-10,,,,,,,,
BINV,2026-08-07,45.95,45.95,0.0,2026-08-10,,,,,,,,
BIO,2026-08-07,352.47,352.47,0.0,2026-08-10,,,,,,,,
BIOA,2026-08-07,11.72,11.79,0.0059726962457336,2026-08-10,,,,,,,,
BIOT,2026-08-07,0.4,0.41,0.02499999999999991,2026-08-10,,,,,,,,
BIOX,2026-08-07,0.34,0.34,0.0,2026-08-10,,,,,,,,
BIOY,2026-08-07,21.08,21.08,0.0,2026-08-10,,,,,,,,
BIP,2026-08-07,39.04,39.04,0.0,2026-08-10,,,,,,,,
BIPC,2026-08-07,39.46,39.46,0.0,2026-08-10,,,,,,,,
BIRD,2026-08-07,2.53,2.61,0.031620553359683834,2026-08-10,,,,,,,,
BIRK,2026-08-07,38.45,38.45,0.0,2026-08-10,,,,,,,,
BIS,2026-08-07,12.7,12.7,0.0,2026-08-10,,,,,,,,
BIT,2026-08-07,12.31,12.55,0.019496344435418367,2026-08-10,,,,,,,,
BITA,2026-08-07,52.01,52.01,0.0,2026-08-10,,,,,,,,
BITB,2026-08-07,35.24,35.28,0.0011350737797957144,2026-08-10,,,,,,,,
BITC,2026-08-07,35.84,35.84,0.0,2026-08-10,,,,,,,,
BITI,2026-08-07,23.55,23.58,0.001273885350318471,2026-08-10,,,,,,,,
BITO,2026-08-07,8.79,8.77,-0.0022753128555176305,2026-08-10,,,,,,,,
BITQ,2026-08-07,22.88,22.88,0.0,2026-08-10,,,,,,,,
BITS,2026-08-07,56.23,56.23,0.0,2026-08-10,,,,,,,,
BITU,2026-08-07,9.64,9.62,-0.0020746887966806016,2026-08-10,,,,,,,,
BITW,2026-08-07,41.7,41.7,0.0,2026-08-10,,,,,,,,
BITX,2026-08-07,12.41,12.4,-0.0008058017727639033,2026-08-10,,,,,,,,
BITY,2026-08-07,25.93,25.93,0.0,2026-08-10,,,,,,,,
BIV,2026-08-07,75.69,75.69,0.0,2026-08-10,,,,,,,,
BIVI,2026-08-07,1.0,0.99,-0.010000000000000009,2026-08-10,,,,,,,,
BIXI,2026-08-07,10.03,10.03,0.0,2026-08-10,,,,,,,,
BIYA,2026-08-07,2.78,2.76,-0.007194244604316502,2026-08-10,,,,,,,,
BIZD,2026-08-07,13.41,13.41,0.0,2026-08-10,,,,,,,,
BJ,2026-08-07,96.48,96.48,0.0,2026-08-10,,,,,,,,
BJAN,2026-08-07,60.26,60.26,0.0,2026-08-10,,,,,,,,
BJDX,2026-08-07,1.07,1.05,-0.01869158878504673,2026-08-10,,,,,,,,
BJRI,2026-08-07,69.55,69.87,0.00460100647016537,2026-08-10,,,,,,,,
BJUL,2026-08-07,55.61,55.61,0.0,2026-08-10,,,,,,,,
BJUN,2026-08-07,49.89,49.89,0.0,2026-08-10,,,,,,,,
BKAG,2026-08-07,41.38,41.38,0.0,2026-08-10,,,,,,,,
BKCG,2026-08-07,39.84,39.84,0.0,2026-08-10,,,,,,,,
BKCH,2026-08-07,65.23,65.23,0.0,2026-08-10,,,,,,,,
BKCI,2026-08-07,55.11,55.11,0.0,2026-08-10,,,,,,,,
BKD,2026-08-07,14.22,14.3,0.005625879043600568,2026-08-10,,,,,,,,
BKDV,2026-08-07,34.88,34.88,0.0,2026-08-10,,,,,,,,
BKE,2026-08-07,45.94,45.94,0.0,2026-08-10,,,,,,,,
BKEM,2026-08-07,30.04,30.04,0.0,2026-08-10,,,,,,,,
BKF,2026-08-07,41.39,41.39,0.0,2026-08-10,,,,,,,,
BKFI,2026-08-07,23.56,23.56,0.0,2026-08-10,,,,,,,,
BKGI,2026-08-07,44.71,44.71,0.0,2026-08-10,,,,,,,,
BKH,2026-08-07,74.65,76.0,0.018084393837910273,2026-08-10,,,,,,,,
BKHA,2026-08-07,11.78,11.78,0.0,2026-08-10,,,,,,,,
BKHY,2026-08-07,47.32,47.32,0.0,2026-08-10,,,,,,,,
BKIE,2026-08-07,34.91,34.85,-0.0017187052420508664,2026-08-10,,,,,,,,
BKKT,2026-08-07,7.53,7.58,0.006640106241699861,2026-08-10,,,,,,,,
BKLC,2026-08-07,49.41,49.41,0.0,2026-08-10,,,,,,,,
BKLG,2026-08-07,25.93,25.93,0.0,2026-08-10,,,,,,,,
BKLN,2026-08-07,20.5,20.51,0.0004878048780487809,2026-08-10,,,,,,,,
BKMC,2026-08-07,41.63,41.63,0.0,2026-08-10,,,,,,,,
BKMI,2026-08-07,26.01,26.01,0.0,2026-08-10,,,,,,,,
BKMS,2026-08-07,25.42,25.42,0.0,2026-08-10,,,,,,,,
BKNG,2026-08-07,214.42,213.48,-0.004383919410502757,2026-08-10,,,,,,,,
BKR,2026-08-07,61.55,61.67,0.0019496344435419033,2026-08-10,,,,,,,,
BKSE,2026-08-07,45.45,45.45,0.0,2026-08-10,,,,,,,,
BKSY,2026-08-07,29.16,29.75,0.020233196159122002,2026-08-10,,,,,,,,
BKT,2026-08-07,10.52,10.52,0.0,2026-08-10,,,,,,,,
BKTI,2026-08-07,77.72,77.72,0.0,2026-08-10,,,,,,,,
BKU,2026-08-07,46.46,46.45,-0.0002152389151958145,2026-08-10,,,,,,,,
BKUI,2026-08-07,49.62,51.26,0.033051189036678696,2026-08-10,,,,,,,,
BKV,2026-08-07,24.46,24.39,-0.002861815208503704,2026-08-10,,,,,,,,
BKYI,2026-08-07,4.03,4.08,0.012406947890818865,2026-08-10,,,,,,,,
BL,2026-08-07,29.55,29.64,0.003045685279187804,2026-08-10,,,,,,,,
BLBD,2026-08-07,68.76,68.99,0.003344968004653781,2026-08-10,,,,,,,,
BLCK,2026-08-07,22.17,22.17,0.0,2026-08-10,,,,,,,,
BLCO,2026-08-07,16.78,16.78,0.0,2026-08-10,,,,,,,,
BLCR,2026-08-07,50.25,50.25,0.0,2026-08-10,,,,,,,,
BLCV,2026-08-07,43.32,43.32,0.0,2026-08-10,,,,,,,,
BLDG,2026-08-07,27.12,27.12,0.0,2026-08-10,,,,,,,,
BLDP,2026-08-07,2.62,2.62,0.0,2026-08-10,,,,,,,,
BLDR,2026-08-07,74.69,75.0,0.0041504886865710855,2026-08-10,,,,,,,,
BLDX,2026-08-07,26.54,26.54,0.0,2026-08-10,,,,,,,,
BLES,2026-08-07,49.77,49.77,0.0,2026-08-10,,,,,,,,
BLFS,2026-08-07,34.66,34.4,-0.007501442585112428,2026-08-10,,,,,,,,
BLGR,2026-08-07,32.83,32.83,0.0,2026-08-10,,,,,,,,
BLIN,2026-08-07,1.14,1.14,0.0,2026-08-10,,,,,,,,
BLIV,2026-08-07,2.6,2.16,-0.16923076923076918,2026-08-10,,,,,,,,
BLK,2026-08-07,1136.39,1130.51,-0.005174279956705052,2026-08-10,,,,,,,,
BLKB,2026-08-07,45.87,45.87,0.0,2026-08-10,,,,,,,,
BLLN,2026-08-07,93.39,94.1,0.007602527037156026,2026-08-10,,,,,,,,
BLMN,2026-08-07,10.95,11.22,0.024657534246575574,2026-08-10,,,,,,,,
BLND,2026-08-07,1.63,1.64,0.006134969325153339,2026-08-10,,,,,,,,
BLNE,2026-08-07,1.01,1.04,0.02970297029702973,2026-08-10,,,,,,,,
BLNK,2026-08-07,0.61,0.62,0.016393442622950838,2026-08-10,,,,,,,,
BLOK,2026-08-07,59.89,59.76,-0.002170646184671887,2026-08-10,,,,,,,,
BLOX,2026-08-07,13.05,13.18,0.009961685823754785,2026-08-10,,,,,,,,
BLRK,2026-08-07,10.08,10.08,0.0,2026-08-10,,,,,,,,
BLRX,2026-08-07,2.71,2.71,0.0,2026-08-10,,,,,,,,
BLSG,2026-08-07,1.64,1.64,0.0,2026-08-10,,,,,,,,
BLSH,2026-08-07,23.62,23.81,0.008044030482641684,2026-08-10,,,,,,,,
BLSM,2026-08-07,16.0,16.99,0.0618749999999999,2026-08-10,,,,,,,,
BLST,2026-08-07,24.89,24.89,0.0,2026-08-10,,,,,,,,
BLTD,2026-08-07,24.53,24.53,0.0,2026-08-10,,,,,,,,
BLTE,2026-08-07,163.05,163.05,0.0,2026-08-10,,,,,,,,
BLUC,2026-08-07,32.23,32.23,0.0,2026-08-10,,,,,,,,
BLUI,2026-08-07,25.72,25.72,0.0,2026-08-10,,,,,,,,
BLUW,2026-08-07,10.38,10.38,0.0,2026-08-10,,,,,,,,
BLUX,2026-08-07,32.88,32.88,0.0,2026-08-10,,,,,,,,
BLV,2026-08-07,66.35,66.35,0.0,2026-08-10,,,,,,,,
BLW,2026-08-07,12.62,12.62,0.0,2026-08-10,,,,,,,,
BLX,2026-08-07,56.99,57.5,0.008948938410247465,2026-08-10,,,,,,,,
BLZE,2026-08-07,18.82,18.85,0.0015940488841659217,2026-08-10,,,,,,,,
BLZR,2026-08-07,10.16,10.16,0.0,2026-08-10,,,,,,,,
BMA,2026-08-07,83.65,85.32,0.019964136282127676,2026-08-10,,,,,,,,
BMAR,2026-08-07,58.88,58.88,0.0,2026-08-10,,,,,,,,
BMAY,2026-08-07,48.52,48.52,0.0,2026-08-10,,,,,,,,
BMBL,2026-08-07,2.83,2.86,0.010600706713780772,2026-08-10,,,,,,,,
BME,2026-08-07,44.11,44.11,0.0,2026-08-10,,,,,,,,
BMEA,2026-08-07,1.26,1.26,0.0,2026-08-10,,,,,,,,
BMED,2026-08-07,31.86,31.86,0.0,2026-08-10,,,,,,,,
BMEZ,2026-08-07,15.97,15.97,0.0,2026-08-10,,,,,,,,
BMGL,2026-08-07,5.78,5.78,0.0,2026-08-10,,,,,,,,
BMHL,2026-08-07,5.79,5.79,0.0,2026-08-10,,,,,,,,
BMI,2026-08-07,138.86,138.86,0.0,2026-08-10,,,,,,,,
BMM,2026-08-07,5.8,5.8,0.0,2026-08-10,,,,,,,,
BMN,2026-08-07,25.33,25.33,0.0,2026-08-10,,,,,,,,
BMNG,2026-08-07,16.45,16.41,-0.002431610942249196,2026-08-10,,,,,,,,
BMNR,2026-08-07,18.82,18.86,0.002125398512220933,2026-08-10,,,,,,,,
BMNU,2026-08-07,11.97,11.98,0.0008354218880535225,2026-08-10,,,,,,,,
BMNZ,2026-08-07,11.92,11.9,-0.001677852348993203,2026-08-10,,,,,,,,
BMO,2026-08-07,181.55,185.18,0.019994491875516385,2026-08-10,,,,,,,,
BMOP,2026-08-07,24.78,24.78,0.0,2026-08-10,,,,,,,,
BMR,2026-08-07,1.3,1.31,0.007692307692307665,2026-08-10,,,,,,,,
BMRA,2026-08-07,1.61,1.61,0.0,2026-08-10,,,,,,,,
BMRC,2026-08-07,28.37,28.3,-0.002467395135706707,2026-08-10,,,,,,,,
BMRN,2026-08-07,63.81,65.2,0.021783419526719916,2026-08-10,,,,,,,,
BMSI,2026-08-07,25.27,25.27,0.0,2026-08-10,,,,,,,,
BMVP,2026-08-07,54.26,54.26,0.0,2026-08-10,,,,,,,,
BMY,2026-08-07,64.72,64.52,-0.0030902348578492056,2026-08-10,,,,,,,,
BN,2026-08-07,44.08,44.43,0.007940108892922071,2026-08-10,,,,,,,,
BNAI,2026-08-07,14.07,14.21,0.00995024875621886,2026-08-10,,,,,,,,
BNAV,2026-08-07,25.34,25.34,0.0,2026-08-10,,,,,,,,
BNC,2026-08-07,2.35,2.38,0.012765957446808418,2026-08-10,,,,,,,,
BND,2026-08-07,72.4,72.37,-0.0004143646408839574,2026-08-10,,,,,,,,
BNDC,2026-08-07,21.77,21.77,0.0,2026-08-10,,,,,,,,
BNDD,2026-08-07,95.58,95.58,0.0,2026-08-10,,,,,,,,
BNDI,2026-08-07,46.6,46.6,0.0,2026-08-10,,,,,,,,
BNDP,2026-08-07,73.25,73.25,0.0,2026-08-10,,,,,,,,
BNDS,2026-08-07,50.23,50.26,0.0005972526378659193,2026-08-10,,,,,,,,
BNDW,2026-08-07,67.69,67.69,0.0,2026-08-10,,,,,,,,
BNDX,2026-08-07,47.95,47.95,0.0,2026-08-10,,,,,,,,
BNDY,2026-08-07,24.8,24.8,0.0,2026-08-10,,,,,,,,
BNED,2026-08-07,12.8,12.8,0.0,2026-08-10,,,,,,,,
BNGE,2026-08-07,32.5,32.5,0.0,2026-08-10,,,,,,,,
BNGO,2026-08-07,1.16,1.14,-0.017241379310344862,2026-08-10,,,,,,,,
BNKD,2026-08-07,27.06,27.06,0.0,2026-08-10,,,,,,,,
BNKK,2026-08-07,1.05,1.03,-0.01904761904761909,2026-08-10,,,,,,,,
BNKU,2026-08-07,45.63,45.63,0.0,2026-08-10,,,,,,,,
BNL,2026-08-07,20.93,20.93,0.0,2026-08-10,,,,,,,,
BNMC,2026-08-07,38.26,38.26,0.0,2026-08-10,,,,,,,,
BNO,2026-08-07,46.93,48.49,0.033240997229917024,2026-08-10,,,,,,,,
BNOV,2026-08-07,49.12,49.12,0.0,2026-08-10,,,,,,,,
BNR,2026-08-07,8.81,8.81,0.0,2026-08-10,,,,,,,,
BNRG,2026-08-07,0.38,0.38,0.0,2026-08-10,,,,,,,,
BNS,2026-08-07,88.85,88.25,-0.006752954417557633,2026-08-10,,,,,,,,
BNT,2026-08-07,44.56,44.56,0.0,2026-08-10,,,,,,,,
BNTC,2026-08-07,13.63,13.63,0.0,2026-08-10,,,,,,,,
BNTX,2026-08-07,93.67,93.4,-0.002882459698943074,2026-08-10,,,,,,,,
BNY,2026-08-07,157.61,157.61,0.0,2026-08-10,,,,,,,,
BOAT,2026-08-07,44.39,44.39,0.0,2026-08-10,,,,,,,,
BOBP,2026-08-07,29.99,29.99,0.0,2026-08-10,,,,,,,,
BOBS,2026-08-07,17.87,17.87,0.0,2026-08-10,,,,,,,,
BOC,2026-08-07,14.44,14.44,0.0,2026-08-10,,,,,,,,
BOCT,2026-08-07,54.29,54.29,0.0,2026-08-10,,,,,,,,
BODI,2026-08-07,10.33,10.33,0.0,2026-08-10,,,,,,,,
BOE,2026-08-07,12.3,12.3,0.0,2026-08-10,,,,,,,,
BOEG,2026-08-07,15.3,15.3,0.0,2026-08-10,,,,,,,,
BOEU,2026-08-07,38.6,38.6,0.0,2026-08-10,,,,,,,,
BOF,2026-08-07,4.15,4.15,0.0,2026-08-10,,,,,,,,
BOH,2026-08-07,79.28,79.28,0.0,2026-08-10,,,,,,,,
BOIL,2026-08-07,19.12,20.36,0.06485355648535562,2026-08-10,,,,,,,,
BOKF,2026-08-07,143.8,143.8,0.0,2026-08-10,,,,,,,,
BOLD,2026-08-07,2.89,2.89,0.0,2026-08-10,,,,,,,,
BOLT,2026-08-07,4.05,4.1,0.012345679012345734,2026-08-10,,,,,,,,
BON,2026-08-07,1.07,1.07,0.0,2026-08-10,,,,,,,,
BOND,2026-08-07,90.78,90.78,0.0,2026-08-10,,,,,,,,
BOOM,2026-08-07,7.66,7.66,0.0,2026-08-10,,,,,,,,
BOOT,2026-08-07,163.6,163.6,0.0,2026-08-10,,,,,,,,
BORR,2026-08-07,3.86,3.87,0.002590673575129543,2026-08-10,,,,,,,,
BOSC,2026-08-07,4.42,4.42,0.0,2026-08-10,,,,,,,,
BOT,2026-08-07,28.65,28.73,0.002792321116928509,2026-08-10,,,,,,,,
BOTJ,2026-08-07,27.25,27.25,0.0,2026-08-10,,,,,,,,
BOTT,2026-08-07,45.18,45.0,-0.003984063745019917,2026-08-10,,,,,,,,
BOTZ,2026-08-07,37.61,37.72,0.0029247540547725492,2026-08-10,,,,,,,,
BOUT,2026-08-07,46.42,46.42,0.0,2026-08-10,,,,,,,,
BOW,2026-08-07,33.45,33.45,0.0,2026-08-10,,,,,,,,
BOX,2026-08-07,33.24,33.26,0.0006016847172081174,2026-08-10,,,,,,,,
BOXA,2026-08-07,105.11,105.11,0.0,2026-08-10,,,,,,,,
BOXL,2026-08-07,3.19,3.18,-0.0031347962382444194,2026-08-10,,,,,,,,
BOXX,2026-08-07,117.75,117.77,0.00016985138004232958,2026-08-10,,,,,,,,
BP,2026-08-07,41.63,41.87,0.005765073264472509,2026-08-10,,,,,,,,
BPAC,2026-08-07,10.15,10.15,0.0,2026-08-10,,,,,,,,
BPAY,2026-08-07,26.76,26.76,0.0,2026-08-10,,,,,,,,
BPH,2026-08-07,64.36,64.36,0.0,2026-08-10,,,,,,,,
BPI,2026-08-07,20.98,20.98,0.0,2026-08-10,,,,,,,,
BPOP,2026-08-07,174.04,170.94,-0.017811997242013322,2026-08-10,,,,,,,,
BPRE,2026-08-07,13.02,13.02,0.0,2026-08-10,,,,,,,,
BPRN,2026-08-07,42.12,42.12,0.0,2026-08-10,,,,,,,,
BPRO,2026-08-07,20.67,20.67,0.0,2026-08-10,,,,,,,,
BQ,2026-08-07,0.86,0.86,0.0,2026-08-10,,,,,,,,
BR,2026-08-07,166.5,166.29,-0.0012612612612613594,2026-08-10,,,,,,,,
BRAG,2026-08-07,1.68,1.68,0.0,2026-08-10,,,,,,,,
BRAI,2026-08-07,5.67,5.67,0.0,2026-08-10,,,,,,,,
BRAZ,2026-08-07,30.43,30.43,0.0,2026-08-10,,,,,,,,
BRBI,2026-08-07,10.21,10.21,0.0,2026-08-10,,,,,,,,
BRBR,2026-08-07,11.56,11.39,-0.014705882352941124,2026-08-10,,,,,,,,
BRBS,2026-08-07,3.7,3.8,0.027027027027026973,2026-08-10,,,,,,,,
BRC,2026-08-07,97.02,97.02,0.0,2026-08-10,,,,,,,,
BRCB,2026-08-07,7.35,7.41,0.008163265306122547,2026-08-10,,,,,,,,
BRCC,2026-08-07,1.0,0.98,-0.020000000000000018,2026-08-10,,,,,,,,
BRCE,2026-08-07,30.33,30.33,0.0,2026-08-10,,,,,,,,
BREE,2026-08-07,26.63,26.63,0.0,2026-08-10,,,,,,,,
BREM,2026-08-07,50.87,50.87,0.0,2026-08-10,,,,,,,,
BRES,2026-08-07,27.46,27.46,0.0,2026-08-10,,,,,,,,
BREW,2026-08-07,26.91,26.91,0.0,2026-08-10,,,,,,,,
BREZ,2026-08-07,9.95,9.95,0.0,2026-08-10,,,,,,,,
BRF,2026-08-07,15.86,15.86,0.0,2026-08-10,,,,,,,,
BRFH,2026-08-07,1.84,1.64,-0.10869565217391308,2026-08-10,,,,,,,,
BRHY,2026-08-07,50.92,50.92,0.0,2026-08-10,,,,,,,,
BRIA,2026-08-07,1.38,1.31,-0.05072463768115931,2026-08-10,,,,,,,,
BRID,2026-08-07,6.22,6.22,0.0,2026-08-10,,,,,,,,
BRIE,2026-08-07,30.94,30.94,0.0,2026-08-10,,,,,,,,
BRIF,2026-08-07,37.93,37.93,0.0,2026-08-10,,,,,,,,
BRK-A,2026-08-07,780086.0,780086.0,0.0,2026-08-10,,,,,,,,
BRK-B,2026-08-07,521.8,522.93,0.0021655806822538093,2026-08-10,,,,,,,,
BRKC,2026-08-07,41.21,41.21,0.0,2026-08-10,,,,,,,,
BRKH,2026-08-07,9.95,9.95,0.0,2026-08-10,,,,,,,,
BRKL,2026-08-07,25.98,25.98,0.0,2026-08-10,,,,,,,,
BRKR,2026-08-07,53.41,53.5,0.00168507770080506,2026-08-10,,,,,,,,
BRKU,2026-08-07,24.63,24.89,0.010556232237109331,2026-08-10,,,,,,,,
BRKW,2026-08-07,40.88,40.88,0.0,2026-08-10,,,,,,,,
BRLN,2026-08-07,50.49,50.49,0.0,2026-08-10,,,,,,,,
BRLS,2026-08-07,0.92,0.92,0.0,2026-08-10,,,,,,,,
BRLT,2026-08-07,1.28,1.28,0.0,2026-08-10,,,,,,,,
BRN,2026-08-07,0.98,0.98,0.0,2026-08-10,,,,,,,,
BRNS,2026-08-07,0.6,0.6,0.0,2026-08-10,,,,,,,,
BRNY,2026-08-07,58.89,58.89,0.0,2026-08-10,,,,,,,,
BRO,2026-08-07,71.43,71.43,0.0,2026-08-10,,,,,,,,
BROL,2026-08-07,26.23,26.23,0.0,2026-08-10,,,,,,,,
BROS,2026-08-07,53.01,53.44,0.0081116770420675,2026-08-10,,,,,,,,
BRR,2026-08-07,1.77,1.77,0.0,2026-08-10,,,,,,,,
BRRR,2026-08-07,18.31,18.31,0.0,2026-08-10,,,,,,,,
BRSL,2026-08-07,11.05,11.25,0.018099547511312153,2026-08-10,,,,,,,,
BRSM,2026-08-07,26.24,26.24,0.0,2026-08-10,,,,,,,,
BRSP,2026-08-07,5.12,5.0,-0.0234375,2026-08-10,,,,,,,,
BRSV,2026-08-07,45.31,45.31,0.0,2026-08-10,,,,,,,,
BRT,2026-08-07,14.41,14.41,0.0,2026-08-10,,,,,,,,
BRTMU,2026-08-07,9.98,9.98,0.0,2026-08-10,,,,,,,,
BRTR,2026-08-07,49.53,49.53,0.0,2026-08-10,,,,,,,,
BRTX,2026-08-07,0.2,0.2,0.0,2026-08-10,,,,,,,,
BRUN,2026-08-07,18.2,18.72,0.02857142857142847,2026-08-10,,,,,,,,
BRVE,2026-08-07,30.0,31.9,0.06333333333333324,2026-08-10,,,,,,,,
BRW,2026-08-07,6.67,6.67,0.0,2026-08-10,,,,,,,,
BRX,2026-08-07,30.37,30.51,0.004609812314784412,2026-08-10,,,,,,,,
BRZE,2026-08-07,26.54,26.3,-0.00904295403165023,2026-08-10,,,,,,,,
BRZU,2026-08-07,92.26,92.26,0.0,2026-08-10,,,,,,,,
BRZX,2026-08-07,24.13,24.13,0.0,2026-08-10,,,,,,,,
BSAA,2026-08-07,11.51,11.51,0.0,2026-08-10,,,,,,,,
BSAC,2026-08-07,35.16,35.16,0.0,2026-08-10,,,,,,,,
BSBK,2026-08-07,8.95,8.95,0.0,2026-08-10,,,,,,,,
BSBR,2026-08-07,5.81,5.81,0.0,2026-08-10,,,,,,,,
BSCA,2026-08-07,19.84,19.84,0.0,2026-08-10,,,,,,,,
BSCQ,2026-08-07,19.55,19.55,0.0,2026-08-10,,,,,,,,
BSCR,2026-08-07,19.64,19.64,0.0,2026-08-10,,,,,,,,
BSCS,2026-08-07,20.36,20.36,0.0,2026-08-10,,,,,,,,
BSCT,2026-08-07,18.56,18.63,0.0037715517241379004,2026-08-10,,,,,,,,
BSCU,2026-08-07,16.58,16.58,0.0,2026-08-10,,,,,,,,
BSCV,2026-08-07,16.31,16.31,0.0,2026-08-10,,,,,,,,
BSCW,2026-08-07,20.34,20.34,0.0,2026-08-10,,,,,,,,
BSCX,2026-08-07,20.83,20.83,0.0,2026-08-10,,,,,,,,
BSCY,2026-08-07,20.41,20.41,0.0,2026-08-10,,,,,,,,
BSCZ,2026-08-07,20.17,20.17,0.0,2026-08-10,,,,,,,,
BSEM,2026-08-07,4.09,4.14,0.012224938875305513,2026-08-10,,,,,,,,
BSEP,2026-08-07,53.8,53.8,0.0,2026-08-10,,,,,,,,
BSET,2026-08-07,20.35,20.35,0.0,2026-08-10,,,,,,,,
BSGR,2026-08-07,25.06,25.06,0.0,2026-08-10,,,,,,,,
BSGT,2026-08-07,25.04,25.04,0.0,2026-08-10,,,,,,,,
BSIN,2026-08-07,1.21,1.21,0.0,2026-08-10,,,,,,,,
BSJQ,2026-08-07,22.92,22.92,0.0,2026-08-10,,,,,,,,
BSJR,2026-08-07,22.4,22.4,0.0,2026-08-10,,,,,,,,
BSJS,2026-08-07,21.78,21.78,0.0,2026-08-10,,,,,,,,
BSJT,2026-08-07,21.17,21.17,0.0,2026-08-10,,,,,,,,
BSJU,2026-08-07,25.8,25.8,0.0,2026-08-10,,,,,,,,
BSJV,2026-08-07,26.15,26.15,0.0,2026-08-10,,,,,,,,
BSJW,2026-08-07,25.32,25.32,0.0,2026-08-10,,,,,,,,
BSJX,2026-08-07,25.18,25.18,0.0,2026-08-10,,,,,,,,
BSJY,2026-08-07,25.01,25.01,0.0,2026-08-10,,,,,,,,
BSL,2026-08-07,13.05,13.05,0.0,2026-08-10,,,,,,,,
BSM,2026-08-07,14.1,14.1,0.0,2026-08-10,,,,,,,,
BSMC,2026-08-07,40.75,40.75,0.0,2026-08-10,,,,,,,,
BSMQ,2026-08-07,23.57,23.57,0.0,2026-08-10,,,,,,,,
BSMR,2026-08-07,23.69,23.69,0.0,2026-08-10,,,,,,,,
BSMS,2026-08-07,23.41,23.41,0.0,2026-08-10,,,,,,,,
BSMT,2026-08-07,23.02,23.02,0.0,2026-08-10,,,,,,,,
BSMU,2026-08-07,21.74,21.74,0.0,2026-08-10,,,,,,,,
BSMV,2026-08-07,20.85,20.85,0.0,2026-08-10,,,,,,,,
BSMW,2026-08-07,24.86,24.86,0.0,2026-08-10,,,,,,,,
BSMY,2026-08-07,24.18,24.18,0.0,2026-08-10,,,,,,,,
BSMZ,2026-08-07,25.1,25.1,0.0,2026-08-10,,,,,,,,
BSOL,2026-08-07,10.11,10.47,0.035608308605341366,2026-08-10,,,,,,,,
BSP,2026-08-07,44.45,44.95,0.011248593925759387,2026-08-10,,,,,,,,
BSR,2026-08-07,30.81,30.81,0.0,2026-08-10,,,,,,,,
BSRR,2026-08-07,40.5,40.5,0.0,2026-08-10,,,,,,,,
BSSX,2026-08-07,25.53,25.53,0.0,2026-08-10,,,,,,,,
BST,2026-08-07,48.75,48.75,0.0,2026-08-10,,,,,,,,
BSTP,2026-08-07,40.22,40.22,0.0,2026-08-10,,,,,,,,
BSTS,2026-08-07,25.06,25.06,0.0,2026-08-10,,,,,,,,
BSTU,2026-08-07,25.03,25.03,0.0,2026-08-10,,,,,,,,
BSTV,2026-08-07,25.01,25.01,0.0,2026-08-10,,,,,,,,
BSTZ,2026-08-07,30.08,30.08,0.0,2026-08-10,,,,,,,,
BSV,2026-08-07,77.56,77.56,0.0,2026-08-10,,,,,,,,
BSVN,2026-08-07,50.57,50.57,0.0,2026-08-10,,,,,,,,
BSVO,2026-08-07,29.73,29.73,0.0,2026-08-10,,,,,,,,
BSX,2026-08-07,49.31,49.6,0.005881160008111896,2026-08-10,,,,,,,,
BSY,2026-08-07,35.21,35.21,0.0,2026-08-10,,,,,,,,
BTAI,2026-08-07,0.9,0.92,0.022222222222222143,2026-08-10,,,,,,,,
BTAL,2026-08-07,11.92,11.92,0.0,2026-08-10,,,,,,,,
BTBD,2026-08-07,1.22,1.22,0.0,2026-08-10,,,,,,,,
BTBT,2026-08-07,1.38,1.38,0.0,2026-08-10,,,,,,,,
BTC,2026-08-07,28.73,28.72,-0.0003480682213714559,2026-08-10,,,,,,,,
BTCC,2026-08-07,13.2,13.2,0.0,2026-08-10,,,,,,,,
BTCI,2026-08-07,28.82,28.95,0.004510756419153328,2026-08-10,,,,,,,,
BTCK,2026-08-07,24.51,24.51,0.0,2026-08-10,,,,,,,,
BTCL,2026-08-07,12.68,12.68,0.0,2026-08-10,,,,,,,,
BTCO,2026-08-07,64.6,64.6,0.0,2026-08-10,,,,,,,,
BTCS,2026-08-07,1.11,1.13,0.018018018018017834,2026-08-10,,,,,,,,
BTCT,2026-08-07,0.49,0.5,0.020408163265306145,2026-08-10,,,,,,,,
BTCU,2026-08-07,17.26,17.14,-0.006952491309385911,2026-08-10,,,,,,,,
BTCW,2026-08-07,68.66,68.66,0.0,2026-08-10,,,,,,,,
BTCZ,2026-08-07,5.32,5.31,-0.001879699248120481,2026-08-10,,,,,,,,
BTDL,2026-08-07,17.47,18.5,0.05895821408128232,2026-08-10,,,,,,,,
BTDR,2026-08-07,10.88,10.5,-0.03492647058823539,2026-08-10,,,,,,,,
BTE,2026-08-07,4.18,4.23,0.011961722488038395,2026-08-10,,,,,,,,
BTF,2026-08-07,17.34,17.34,0.0,2026-08-10,,,,,,,,
BTG,2026-08-07,5.03,5.05,0.00397614314115291,2026-08-10,,,,,,,,
BTGD,2026-08-07,22.67,23.14,0.020732245258050286,2026-08-10,,,,,,,,
BTGO,2026-08-07,5.06,5.06,0.0,2026-08-10,,,,,,,,
BTI,2026-08-07,59.33,58.75,-0.009775830102814687,2026-08-10,,,,,,,,
BTMD,2026-08-07,1.48,1.54,0.04054054054054057,2026-08-10,,,,,,,,
BTO,2026-08-07,40.54,40.54,0.0,2026-08-10,,,,,,,,
BTOC,2026-08-07,0.29,0.28,-0.0344827586206895,2026-08-10,,,,,,,,
BTOG,2026-08-07,0.82,0.83,0.012195121951219523,2026-08-10,,,,,,,,
BTOT,2026-08-07,48.94,48.94,0.0,2026-08-10,,,,,,,,
BTQ,2026-08-07,4.1,4.14,0.009756097560975618,2026-08-10,,,,,,,,
BTR,2026-08-07,28.3,28.3,0.0,2026-08-10,,,,,,,,
BTRN,2026-08-07,24.72,24.72,0.0,2026-08-10,,,,,,,,
BTSG,2026-08-07,62.43,62.99,0.00897004645202637,2026-08-10,,,,,,,,
BTT,2026-08-07,22.6,22.6,0.0,2026-08-10,,,,,,,,
BTTC,2026-08-07,0.8,0.8,0.0,2026-08-10,,,,,,,,
BTU,2026-08-07,23.81,24.34,0.02225955480890396,2026-08-10,,,,,,,,
BTX,2026-08-07,8.58,8.58,0.0,2026-08-10,,,,,,,,
BTZ,2026-08-07,10.24,10.24,0.0,2026-08-10,,,,,,,,
BUCK,2026-08-07,23.4,23.34,-0.002564102564102555,2026-08-10,,,,,,,,
BUD,2026-08-07,83.76,83.53,-0.002745940783190126,2026-08-10,,,,,,,,
BUDA,2026-08-07,8.1,8.1,0.0,2026-08-10,,,,,,,,
BUFB,2026-08-07,40.2,40.2,0.0,2026-08-10,,,,,,,,
BUFC,2026-08-07,43.19,43.19,0.0,2026-08-10,,,,,,,,
BUFD,2026-08-07,30.24,30.24,0.0,2026-08-10,,,,,,,,
BUFE,2026-08-07,21.4,21.4,0.0,2026-08-10,,,,,,,,
BUFF,2026-08-07,53.57,53.57,0.0,2026-08-10,,,,,,,,
BUFG,2026-08-07,29.92,29.92,0.0,2026-08-10,,,,,,,,
BUFH,2026-08-07,21.58,21.58,0.0,2026-08-10,,,,,,,,
BUFI,2026-08-07,43.33,43.33,0.0,2026-08-10,,,,,,,,
BUFM,2026-08-07,41.24,41.24,0.0,2026-08-10,,,,,,,,
BUFP,2026-08-07,32.71,32.71,0.0,2026-08-10,,,,,,,,
BUFQ,2026-08-07,39.53,39.53,0.0,2026-08-10,,,,,,,,
BUFR,2026-08-07,37.33,37.33,0.0,2026-08-10,,,,,,,,
BUFS,2026-08-07,25.36,25.36,0.0,2026-08-10,,,,,,,,
BUFT,2026-08-07,26.23,26.23,0.0,2026-08-10,,,,,,,,
BUFX,2026-08-07,22.48,22.48,0.0,2026-08-10,,,,,,,,
BUFY,2026-08-07,23.95,23.95,0.0,2026-08-10,,,,,,,,
BUFZ,2026-08-07,28.42,28.42,0.0,2026-08-10,,,,,,,,
BUG,2026-08-07,41.68,42.0,0.007677543186180413,2026-08-10,,,,,,,,
BUI,2026-08-07,26.95,26.95,0.0,2026-08-10,,,,,,,,
BUL,2026-08-07,64.63,64.63,0.0,2026-08-10,,,,,,,,
BULD,2026-08-07,36.92,36.92,0.0,2026-08-10,,,,,,,,
BULG,2026-08-07,38.49,38.49,0.0,2026-08-10,,,,,,,,
BULL,2026-08-07,7.32,7.31,-0.001366120218579292,2026-08-10,,,,,,,,
BULZ,2026-08-07,36.64,36.75,0.003002183406113579,2026-08-10,,,,,,,,
BUR,2026-08-07,4.42,4.39,-0.006787330316742168,2026-08-10,,,,,,,,
BURL,2026-08-07,368.96,368.96,0.0,2026-08-10,,,,,,,,
BUSA,2026-08-07,41.51,41.51,0.0,2026-08-10,,,,,,,,
BUSE,2026-08-07,30.98,30.98,0.0,2026-08-10,,,,,,,,
BUSM,2026-08-07,17.51,17.51,0.0,2026-08-10,,,,,,,,
BUUU,2026-08-07,26.49,26.49,0.0,2026-08-10,,,,,,,,
BUXX,2026-08-07,20.22,20.22,0.0,2026-08-10,,,,,,,,
BUYB,2026-08-07,44.07,44.07,0.0,2026-08-10,,,,,,,,
BUYO,2026-08-07,34.18,34.18,0.0,2026-08-10,,,,,,,,
BUYW,2026-08-07,14.52,14.52,0.0,2026-08-10,,,,,,,,
BUYZ,2026-08-07,36.86,36.86,0.0,2026-08-10,,,,,,,,
BUZZ,2026-08-07,35.75,35.75,0.0,2026-08-10,,,,,,,,
BV,2026-08-07,11.45,11.45,0.0,2026-08-10,,,,,,,,
BVAL,2026-08-07,32.18,32.18,0.0,2026-08-10,,,,,,,,
BVC,2026-08-07,12.55,12.55,0.0,2026-08-10,,,,,,,,
BVFL,2026-08-07,21.43,21.43,0.0,2026-08-10,,,,,,,,
BVN,2026-08-07,34.15,35.75,0.04685212298682284,2026-08-10,,,,,,,,
BVS,2026-08-07,14.12,14.17,0.003541076487252104,2026-08-10,,,,,,,,
BW,2026-08-07,9.37,9.9,0.05656350053361803,2026-08-10,,,,,,,,
BWA,2026-08-07,68.42,68.42,0.0,2026-08-10,,,,,,,,
BWAY,2026-08-07,15.5,15.5,0.0,2026-08-10,,,,,,,,
BWB,2026-08-07,21.64,21.84,0.009242144177449063,2026-08-10,,,,,,,,
BWEN,2026-08-07,4.66,4.88,0.04721030042918439,2026-08-10,,,,,,,,
BWET,2026-08-07,287.2,294.0,0.023676880222841312,2026-08-10,,,,,,,,
BWFG,2026-08-07,66.9,67.02,0.0017937219730941312,2026-08-10,,,,,,,,
BWG,2026-08-07,7.79,7.79,0.0,2026-08-10,,,,,,,,
BWIN,2026-08-07,29.54,29.5,-0.0013540961408259333,2026-08-10,,,,,,,,
BWIV,2026-08-07,9.92,9.92,0.0,2026-08-10,,,,,,,,
BWLP,2026-08-07,21.75,21.77,0.0009195402298849409,2026-08-10,,,,,,,,
BWMN,2026-08-07,27.23,27.23,0.0,2026-08-10,,,,,,,,
BWMX,2026-08-07,16.72,16.72,0.0,2026-08-10,,,,,,,,
BWOW,2026-08-07,11.45,11.45,0.0,2026-08-10,,,,,,,,
BWQG,2026-08-07,25.57,25.57,0.0,2026-08-10,,,,,,,,
BWTG,2026-08-07,42.95,42.95,0.0,2026-08-10,,,,,,,,
BWX,2026-08-07,21.99,21.76,-0.010459299681673362,2026-08-10,,,,,,,,
BWXT,2026-08-07,169.9,171.0,0.0064743967039435635,2026-08-10,,,,,,,,
BWZ,2026-08-07,27.27,27.27,0.0,2026-08-10,,,,,,,,
BX,2026-08-07,137.13,137.0,-0.0009480055421862144,2026-08-10,,,,,,,,
BXBL,2026-08-07,4.57,4.97,0.08752735229759279,2026-08-10,,,,,,,,
BXC,2026-08-07,89.88,89.88,0.0,2026-08-10,,,,,,,,
BXDC,2026-08-07,20.0,20.0,0.0,2026-08-10,,,,,,,,
BXMT,2026-08-07,14.15,14.15,0.0,2026-08-10,,,,,,,,
BXP,2026-08-07,69.71,69.71,0.0,2026-08-10,,,,,,,,
BXSL,2026-08-07,24.54,24.43,-0.004482477587611999,2026-08-10,,,,,,,,
BY,2026-08-07,38.83,38.83,0.0,2026-08-10,,,,,,,,
BYAH,2026-08-07,3.14,3.09,-0.015923566878981,2026-08-10,,,,,,,,
BYD,2026-08-07,83.42,83.77,0.00419563653800048,2026-08-10,,,,,,,,
BYFC,2026-08-07,11.13,11.13,0.0,2026-08-10,,,,,,,,
BYLD,2026-08-07,22.35,22.35,0.0,2026-08-10,,,,,,,,
BYND,2026-08-07,0.54,0.54,0.0,2026-08-10,,,,,,,,
BYRE,2026-08-07,27.65,27.65,0.0,2026-08-10,,,,,,,,
BYRN,2026-08-07,4.45,4.45,0.0,2026-08-10,,,,,,,,
BYSI,2026-08-07,0.87,0.89,0.02298850574712641,2026-08-10,,,,,,,,
BZ,2026-08-07,16.47,16.7,0.013964784456587775,2026-08-10,,,,,,,,
BZAI,2026-08-07,1.1,1.14,0.036363636363636154,2026-08-10,,,,,,,,
BZFD,2026-08-07,1.16,1.14,-0.017241379310344862,2026-08-10,,,,,,,,
BZH,2026-08-07,33.18,33.47,0.00874020494273653,2026-08-10,,,,,,,,
BZQ,2026-08-07,21.92,21.92,0.0,2026-08-10,,,,,,,,
BZUN,2026-08-07,2.96,2.96,0.0,2026-08-10,,,,,,,,
BZZ,2026-08-07,26.44,26.44,0.0,2026-08-10,,,,,,,,
C,2026-08-07,135.0,134.93,-0.0005185185185184737,2026-08-10,,,,,,,,
CAAA,2026-08-07,20.2,20.2,0.0,2026-08-10,,,,,,,,
CAAP,2026-08-07,25.08,25.06,-0.0007974481658692412,2026-08-10,,,,,,,,
CAAS,2026-08-07,4.42,4.42,0.0,2026-08-10,,,,,,,,
CABA,2026-08-07,2.79,2.79,0.0,2026-08-10,,,,,,,,
CABO,2026-08-07,37.32,37.32,0.0,2026-08-10,,,,,,,,
CABR,2026-08-07,1.34,1.46,0.08955223880596996,2026-08-10,,,,,,,,
CABZ,2026-08-07,23.16,23.16,0.0,2026-08-10,,,,,,,,
CAC,2026-08-07,57.79,57.79,0.0,2026-08-10,,,,,,,,
CACC,2026-08-07,585.58,583.0,-0.004405888179241146,2026-08-10,,,,,,,,
CACI,2026-08-07,644.43,644.32,-0.0001706934810605798,2026-08-10,,,,,,,,
CADL,2026-08-07,10.59,10.73,0.013220018885741425,2026-08-10,,,,,,,,
CAE,2026-08-07,27.19,27.46,0.009930121368149969,2026-08-10,,,,,,,,
CAES,2026-08-07,10.07,10.07,0.0,2026-08-10,,,,,,,,
CAF,2026-08-07,19.46,19.46,0.0,2026-08-10,,,,,,,,
CAFG,2026-08-07,34.41,34.41,0.0,2026-08-10,,,,,,,,
CAFX,2026-08-07,24.55,24.55,0.0,2026-08-10,,,,,,,,
CAG,2026-08-07,15.11,15.04,-0.0046326935804102964,2026-08-10,,,,,,,,
CAGE,2026-08-07,29.29,29.29,0.0,2026-08-10,,,,,,,,
CAH,2026-08-07,236.4,236.4,0.0,2026-08-10,,,,,,,,
CAI,2026-08-07,22.74,22.57,-0.007475813544415066,2026-08-10,,,,,,,,
CAIE,2026-08-07,27.36,27.41,0.001827485380117011,2026-08-10,,,,,,,,
CAII,2026-08-07,9.96,9.96,0.0,2026-08-10,,,,,,,,
CAIQ,2026-08-07,25.97,25.97,0.0,2026-08-10,,,,,,,,
CAKE,2026-08-07,107.05,106.24,-0.007566557683325592,2026-08-10,,,,,,,,
CAL,2026-08-07,14.5,14.44,-0.004137931034482789,2026-08-10,,,,,,,,
CALC,2026-08-07,0.69,0.7,0.01449275362318847,2026-08-10,,,,,,,,
CALF,2026-08-07,56.28,56.28,0.0,2026-08-10,,,,,,,,
CALI,2026-08-07,50.36,50.36,0.0,2026-08-10,,,,,,,,
CALM,2026-08-07,85.08,86.88,0.021156558533145242,2026-08-10,,,,,,,,
CALX,2026-08-07,37.98,38.35,0.0097419694576093,2026-08-10,,,,,,,,
CALY,2026-08-07,17.59,17.59,0.0,2026-08-10,,,,,,,,
CAM,2026-08-07,24.9,24.9,0.0,2026-08-10,,,,,,,,
CAMC,2026-08-07,19.04,19.04,0.0,2026-08-10,,,,,,,,
CAML,2026-08-07,41.5,41.5,0.0,2026-08-10,,,,,,,,
CAMP,2026-08-07,4.24,4.24,0.0,2026-08-10,,,,,,,,
CAMT,2026-08-07,155.35,161.0,0.03636948825233355,2026-08-10,,,,,,,,
CAMX,2026-08-07,35.93,35.93,0.0,2026-08-10,,,,,,,,
CAN,2026-08-07,0.21,0.22,0.04761904761904767,2026-08-10,,,,,,,,
CANC,2026-08-07,42.77,42.77,0.0,2026-08-10,,,,,,,,
CANE,2026-08-07,10.65,10.6,-0.0046948356807512415,2026-08-10,,,,,,,,
CANF,2026-08-07,3.44,3.35,-0.026162790697674354,2026-08-10,,,,,,,,
CANG,2026-08-07,1.67,1.67,0.0,2026-08-10,,,,,,,,
CANQ,2026-08-07,30.66,30.66,0.0,2026-08-10,,,,,,,,
CAOS,2026-08-07,90.44,90.44,0.0,2026-08-10,,,,,,,,
CAPE,2026-08-07,33.39,33.39,0.0,2026-08-10,,,,,,,,
CAPL,2026-08-07,21.41,21.41,0.0,2026-08-10,,,,,,,,
CAPN,2026-08-07,11.12,11.12,0.0,2026-08-10,,,,,,,,
CAPR,2026-08-07,4.09,4.14,0.012224938875305513,2026-08-10,,,,,,,,
CAPS,2026-08-07,0.28,0.28,0.0,2026-08-10,,,,,,,,
CAQ,2026-08-07,9.96,9.96,0.0,2026-08-10,,,,,,,,
CAR,2026-08-07,142.18,142.5,0.0022506681671121687,2026-08-10,,,,,,,,
CARD,2026-08-07,2.27,2.27,0.0,2026-08-10,,,,,,,,
CARE,2026-08-07,33.0,33.0,0.0,2026-08-10,,,,,,,,
CARG,2026-08-07,38.99,39.1,0.0028212362144139913,2026-08-10,,,,,,,,
CARK,2026-08-07,48.79,48.79,0.0,2026-08-10,,,,,,,,
CARL,2026-08-07,13.82,13.82,0.0,2026-08-10,,,,,,,,
CARR,2026-08-07,64.01,64.68,0.010467114513357245,2026-08-10,,,,,,,,
CARS,2026-08-07,12.32,12.45,0.010551948051948035,2026-08-10,,,,,,,,
CART,2026-08-07,50.17,50.56,0.0077735698624676886,2026-08-10,,,,,,,,
CARU,2026-08-07,24.42,24.42,0.0,2026-08-10,,,,,,,,
CARX,2026-08-07,28.34,28.34,0.0,2026-08-10,,,,,,,,
CARY,2026-08-07,20.68,20.68,0.0,2026-08-10,,,,,,,,
CARZ,2026-08-07,107.63,107.63,0.0,2026-08-10,,,,,,,,
CAS,2026-08-07,26.68,26.68,0.0,2026-08-10,,,,,,,,
CASH,2026-08-07,86.85,86.85,0.0,2026-08-10,,,,,,,,
CASS,2026-08-07,57.99,57.99,0.0,2026-08-10,,,,,,,,
CAST,2026-08-07,1.24,1.29,0.040322580645161255,2026-08-10,,,,,,,,
CASY,2026-08-07,833.95,836.0,0.0024581809460997306,2026-08-10,,,,,,,,
CAT,2026-08-07,842.19,845.16,0.0035265201439103055,2026-08-10,,,,,,,,
CATF,2026-08-07,49.53,49.53,0.0,2026-08-10,,,,,,,,
CATG,2026-08-07,11.47,11.53,0.0052310374891018085,2026-08-10,,,,,,,,
CATH,2026-08-07,92.13,92.13,0.0,2026-08-10,,,,,,,,
CATLU,2026-08-07,9.98,9.98,0.0,2026-08-10,,,,,,,,
CATO,2026-08-07,3.31,3.31,0.0,2026-08-10,,,,,,,,
CATX,2026-08-07,3.0,3.08,0.026666666666666616,2026-08-10,,,,,,,,
CATY,2026-08-07,63.41,63.41,0.0,2026-08-10,,,,,,,,
CAUG,2026-08-07,25.32,25.32,0.0,2026-08-10,,,,,,,,
CAVA,2026-08-07,62.42,63.29,0.013937840435757742,2026-08-10,,,,,,,,
CB,2026-08-07,350.31,350.0,-0.0008849304901372701,2026-08-10,,,,,,,,
CBAN,2026-08-07,22.01,22.01,0.0,2026-08-10,,,,,,,,
CBAT,2026-08-07,0.65,0.65,0.0,2026-08-10,,,,,,,,
CBC,2026-08-07,33.51,33.51,0.0,2026-08-10,,,,,,,,
CBFV,2026-08-07,37.95,37.95,0.0,2026-08-10,,,,,,,,
CBIL,2026-08-07,25.05,25.05,0.0,2026-08-10,,,,,,,,
CBIO,2026-08-07,16.84,16.84,0.0,2026-08-10,,,,,,,,
CBK,2026-08-07,35.06,35.06,0.0,2026-08-10,,,,,,,,
CBL,2026-08-07,56.55,56.33,-0.0038903625110521256,2026-08-10,,,,,,,,
CBLL,2026-08-07,18.81,19.1,0.015417331206805107,2026-08-10,,,,,,,,
CBLS,2026-08-07,30.78,30.78,0.0,2026-08-10,,,,,,,,
CBNA,2026-08-07,46.66,46.66,0.0,2026-08-10,,,,,,,,
CBNK,2026-08-07,37.78,37.78,0.0,2026-08-10,,,,,,,,
CBOA,2026-08-07,24.29,24.29,0.0,2026-08-10,,,,,,,,
CBOE,2026-08-07,286.58,286.58,0.0,2026-08-10,,,,,,,,
CBOJ,2026-08-07,23.7,23.7,0.0,2026-08-10,,,,,,,,
CBOL,2026-08-07,23.52,23.52,0.0,2026-08-10,,,,,,,,
CBON,2026-08-07,23.95,23.95,0.0,2026-08-10,,,,,,,,
CBOO,2026-08-07,24.58,24.58,0.0,2026-08-10,,,,,,,,
CBOT,2026-08-07,25.64,25.64,0.0,2026-08-10,,,,,,,,
CBOX,2026-08-07,101.24,101.24,0.0,2026-08-10,,,,,,,,
CBOY,2026-08-07,24.58,24.58,0.0,2026-08-10,,,,,,,,
CBRE,2026-08-07,148.18,147.54,-0.004319071399649155,2026-08-10,,,,,,,,
CBRG,2026-08-07,5.13,5.15,0.003898635477582957,2026-08-10,,,,,,,,
CBRL,2026-08-07,57.79,58.02,0.00397992732306629,2026-08-10,,,,,,,,
CBRS,2026-08-07,226.73,227.33,0.0026463194107528842,2026-08-10,,,,,,,,
CBRX,2026-08-07,15.15,15.3,0.00990099009900991,2026-08-10,,,,,,,,
CBRZ,2026-08-07,9.42,9.27,-0.015923566878980888,2026-08-10,,,,,,,,
CBSE,2026-08-07,47.99,47.99,0.0,2026-08-10,,,,,,,,
CBSH,2026-08-07,59.08,58.7,-0.006431956668923378,2026-08-10,,,,,,,,
CBT,2026-08-07,87.62,87.62,0.0,2026-08-10,,,,,,,,
CBTA,2026-08-07,21.17,21.17,0.0,2026-08-10,,,,,,,,
CBTJ,2026-08-07,17.81,17.81,0.0,2026-08-10,,,,,,,,
CBTL,2026-08-07,17.8,17.8,0.0,2026-08-10,,,,,,,,
CBTO,2026-08-07,19.77,19.77,0.0,2026-08-10,,,,,,,,
CBTY,2026-08-07,19.92,19.92,0.0,2026-08-10,,,,,,,,
CBU,2026-08-07,64.85,64.85,0.0,2026-08-10,,,,,,,,
CBUS,2026-08-07,1.81,1.81,0.0,2026-08-10,,,,,,,,
CBXA,2026-08-07,21.57,21.57,0.0,2026-08-10,,,,,,,,
CBXJ,2026-08-07,20.06,20.06,0.0,2026-08-10,,,,,,,,
CBXL,2026-08-07,20.02,20.02,0.0,2026-08-10,,,,,,,,
CBXO,2026-08-07,22.14,22.14,0.0,2026-08-10,,,,,,,,
CBXY,2026-08-07,22.29,22.29,0.0,2026-08-10,,,,,,,,
CBZ,2026-08-07,54.5,54.5,0.0,2026-08-10,,,,,,,,
CC,2026-08-07,15.75,15.51,-0.015238095238095273,2026-08-10,,,,,,,,
CCAP,2026-08-07,11.77,11.77,0.0,2026-08-10,,,,,,,,
CCAQ,2026-08-07,10.47,10.47,0.0,2026-08-10,,,,,,,,
CCB,2026-08-07,45.34,46.05,0.015659461843846367,2026-08-10,,,,,,,,
CCBG,2026-08-07,52.01,52.01,0.0,2026-08-10,,,,,,,,
CCC,2026-08-07,6.92,6.98,0.00867052023121384,2026-08-10,,,,,,,,
CCCC,2026-08-07,3.73,3.73,0.0,2026-08-10,,,,,,,,
CCCT,2026-08-07,9.83,9.83,0.0,2026-08-10,,,,,,,,
CCD,2026-08-07,25.97,25.97,0.0,2026-08-10,,,,,,,,
CCEC,2026-08-07,22.37,22.37,0.0,2026-08-10,,,,,,,,
CCEF,2026-08-07,29.64,29.64,0.0,2026-08-10,,,,,,,,
CCEL,2026-08-07,3.6,3.6,0.0,2026-08-10,,,,,,,,
CCEP,2026-08-07,108.29,107.27,-0.009419152276295195,2026-08-10,,,,,,,,
CCFE,2026-08-07,28.54,28.54,0.0,2026-08-10,,,,,,,,
CCG,2026-08-07,14.04,14.04,0.0,2026-08-10,,,,,,,,
CCHH,2026-08-07,1.26,1.27,0.007936507936507908,2026-08-10,,,,,,,,
CCI,2026-08-07,75.59,73.78,-0.02394496626537901,2026-08-10,,,,,,,,
CCIF,2026-08-07,2.84,2.84,0.0,2026-08-10,,,,,,,,
CCII,2026-08-07,10.32,10.32,0.0,2026-08-10,,,,,,,,
CCIX,2026-08-07,10.88,,,2026-08-10,,,,,,,,
CCJ,2026-08-07,97.39,99.66,0.023308347879658964,2026-08-10,,,,,,,,
CCK,2026-08-07,120.69,120.69,0.0,2026-08-10,,,,,,,,
CCL,2026-08-07,28.99,28.9,-0.0031045187995860646,2026-08-10,,,,,,,,
CCLD,2026-08-07,2.63,2.63,0.0,2026-08-10,,,,,,,,
CCM,2026-08-07,4.53,4.53,0.0,2026-08-10,,,,,,,,
CCNE,2026-08-07,34.61,34.61,0.0,2026-08-10,,,,,,,,
CCNR,2026-08-07,39.68,39.68,0.0,2026-08-10,,,,,,,,
CCO,2026-08-07,2.42,2.42,0.0,2026-08-10,,,,,,,,
CCOI,2026-08-07,9.92,9.92,0.0,2026-08-10,,,,,,,,
CCOM,2026-08-07,23.45,23.45,0.0,2026-08-10,,,,,,,,
CCOR,2026-08-07,26.46,26.46,0.0,2026-08-10,,,,,,,,
CCPX,2026-08-07,24.5,24.5,0.0,2026-08-10,,,,,,,,
CCRP,2026-08-07,19.42,19.42,0.0,2026-08-10,,,,,,,,
CCS,2026-08-07,71.31,71.31,0.0,2026-08-10,,,,,,,,
CCSB,2026-08-07,19.89,19.89,0.0,2026-08-10,,,,,,,,
CCSI,2026-08-07,35.14,35.92,0.022196926579396647,2026-08-10,,,,,,,,
CCSO,2026-08-07,27.61,27.61,0.0,2026-08-10,,,,,,,,
CCTG,2026-08-07,0.7,0.68,-0.02857142857142847,2026-08-10,,,,,,,,
CCU,2026-08-07,11.95,11.95,0.0,2026-08-10,,,,,,,,
CCUP,2026-08-07,1.57,1.63,0.03821656050955413,2026-08-10,,,,,,,,
CCXI,2026-08-07,16.61,16.91,0.018061408789885602,2026-08-10,,,,,,,,
CD,2026-08-07,2.65,2.65,0.0,2026-08-10,,,,,,,,
CDC,2026-08-07,76.47,76.47,0.0,2026-08-10,,,,,,,,
CDE,2026-08-07,17.39,17.45,0.0034502587694076325,2026-08-10,,,,,,,,
CDEI,2026-08-07,94.49,94.49,0.0,2026-08-10,,,,,,,,
CDIG,2026-08-07,26.09,26.09,0.0,2026-08-10,,,,,,,,
CDIO,2026-08-07,1.79,1.82,0.016759776536312776,2026-08-10,,,,,,,,
CDL,2026-08-07,79.78,79.78,0.0,2026-08-10,,,,,,,,
CDLR,2026-08-07,23.64,23.64,0.0,2026-08-10,,,,,,,,
CDLX,2026-08-07,3.65,3.65,0.0,2026-08-10,,,,,,,,
CDNA,2026-08-07,46.69,46.85,0.003426857999571764,2026-08-10,,,,,,,,
CDNG,2026-08-07,10.94,10.94,0.0,2026-08-10,,,,,,,,
CDNL,2026-08-07,64.0,64.15,0.002343750000000089,2026-08-10,,,,,,,,
CDNS,2026-08-07,339.24,340.25,0.002977243249616679,2026-08-10,,,,,,,,
CDP,2026-08-07,37.14,37.14,0.0,2026-08-10,,,,,,,,
CDPI,2026-08-07,20.16,20.16,0.0,2026-08-10,,,,,,,,
CDRE,2026-08-07,32.82,32.82,0.0,2026-08-10,,,,,,,,
CDRO,2026-08-07,8.97,9.08,0.012263099219620877,2026-08-10,,,,,,,,
CDT,2026-08-07,3.42,3.41,-0.0029239766081871066,2026-08-10,,,,,,,,
CDTG,2026-08-07,1.35,1.33,-0.014814814814814836,2026-08-10,,,,,,,,
CDW,2026-08-07,135.81,135.81,0.0,2026-08-10,,,,,,,,
CDX,2026-08-07,20.81,20.81,0.0,2026-08-10,,,,,,,,
CDXS,2026-08-07,1.47,1.48,0.006802721088435382,2026-08-10,,,,,,,,
CDZI,2026-08-07,3.46,3.49,0.00867052023121384,2026-08-10,,,,,,,,
CE,2026-08-07,43.89,44.05,0.003645477329687674,2026-08-10,,,,,,,,
CECO,2026-08-07,70.92,75.1,0.05893965031020865,2026-08-10,,,,,,,,
CEE,2026-08-07,21.26,21.26,0.0,2026-08-10,,,,,,,,
CEF,2026-08-07,43.58,43.59,0.00022946305644810927,2026-08-10,,,,,,,,
CEFA,2026-08-07,41.64,41.64,0.0,2026-08-10,,,,,,,,
CEFD,2026-08-07,19.15,19.15,0.0,2026-08-10,,,,,,,,
CEFS,2026-08-07,25.2,25.2,0.0,2026-08-10,,,,,,,,
CEFZ,2026-08-07,8.36,8.36,0.0,2026-08-10,,,,,,,,
CEG,2026-08-07,269.89,271.23,0.004964985734929206,2026-08-10,,,,,,,,
CEGX,2026-08-07,13.4,13.53,0.009701492537313339,2026-08-10,,,,,,,,
CELC,2026-08-07,92.78,93.92,0.012287130847165262,2026-08-10,,,,,,,,
CELH,2026-08-07,27.77,26.8,-0.0349297803384947,2026-08-10,,,,,,,,
CELU,2026-08-07,0.7,0.71,0.014285714285714235,2026-08-10,,,,,,,,
CELZ,2026-08-07,1.42,1.26,-0.11267605633802813,2026-08-10,,,,,,,,
CEMB,2026-08-07,45.28,45.28,0.0,2026-08-10,,,,,,,,
CENN,2026-08-07,3.42,3.67,0.07309941520467844,2026-08-10,,,,,,,,
CENT,2026-08-07,44.74,44.74,0.0,2026-08-10,,,,,,,,
CENTA,2026-08-07,39.06,38.63,-0.011008704557091686,2026-08-10,,,,,,,,
CENX,2026-08-07,51.23,52.53,0.025375756392738813,2026-08-10,,,,,,,,
CEPF,2026-08-07,10.38,10.38,0.0,2026-08-10,,,,,,,,
CEPI,2026-08-07,31.35,31.31,-0.0012759170653908747,2026-08-10,,,,,,,,
CEPL,2026-08-07,8.59,8.59,0.0,2026-08-10,,,,,,,,
CEPO,2026-08-07,10.67,10.67,0.0,2026-08-10,,,,,,,,
CEPS,2026-08-07,10.4,10.4,0.0,2026-08-10,,,,,,,,
CEPU,2026-08-07,13.98,13.98,0.0,2026-08-10,,,,,,,,
CEPV,2026-08-07,10.43,10.43,0.0,2026-08-10,,,,,,,,
CERS,2026-08-07,2.35,2.34,-0.004255319148936287,2026-08-10,,,,,,,,
CERT,2026-08-07,8.2,8.17,-0.003658536585365746,2026-08-10,,,,,,,,
CERY,2026-08-07,35.91,35.91,0.0,2026-08-10,,,,,,,,
CET,2026-08-07,55.68,55.68,0.0,2026-08-10,,,,,,,,
CETX,2026-08-07,2.81,2.79,-0.007117437722419906,2026-08-10,,,,,,,,
CETY,2026-08-07,0.88,0.88,0.0,2026-08-10,,,,,,,,
CEV,2026-08-07,10.47,10.47,0.0,2026-08-10,,,,,,,,
CEVA,2026-08-07,38.67,38.64,-0.0007757951900698723,2026-08-10,,,,,,,,
CEW,2026-08-07,19.92,19.92,0.0,2026-08-10,,,,,,,,
CF,2026-08-07,114.35,114.6,0.0021862702229995534,2026-08-10,,,,,,,,
CFA,2026-08-07,101.84,101.84,0.0,2026-08-10,,,,,,,,
CFBK,2026-08-07,35.97,35.97,0.0,2026-08-10,,,,,,,,
CFFI,2026-08-07,87.94,87.94,0.0,2026-08-10,,,,,,,,
CFFN,2026-08-07,8.88,8.95,0.007882882882882747,2026-08-10,,,,,,,,
CFG,2026-08-07,72.67,72.67,0.0,2026-08-10,,,,,,,,
CFIT,2026-08-07,25.92,25.92,0.0,2026-08-10,,,,,,,,
CFND,2026-08-07,2.85,2.85,0.0,2026-08-10,,,,,,,,
CFO,2026-08-07,82.55,82.55,0.0,2026-08-10,,,,,,,,
CFR,2026-08-07,164.5,165.3,0.004863221884498614,2026-08-10,,,,,,,,
CG,2026-08-07,47.79,47.79,0.0,2026-08-10,,,,,,,,
CGAU,2026-08-07,21.24,21.24,0.0,2026-08-10,,,,,,,,
CGBD,2026-08-07,11.02,10.96,-0.005444646098003547,2026-08-10,,,,,,,,
CGBL,2026-08-07,38.39,38.46,0.0018233915082053187,2026-08-10,,,,,,,,
CGC,2026-08-07,0.97,0.98,0.010309278350515427,2026-08-10,,,,,,,,
CGCB,2026-08-07,25.9,25.9,0.0,2026-08-10,,,,,,,,
CGCFU,2026-08-07,10.0,10.0,0.0,2026-08-10,,,,,,,,
CGCP,2026-08-07,22.04,22.04,0.0,2026-08-10,,,,,,,,
CGCV,2026-08-07,33.85,33.85,0.0,2026-08-10,,,,,,,,
CGDG,2026-08-07,39.0,39.0,0.0,2026-08-10,,,,,,,,
CGDV,2026-08-07,51.3,51.38,0.001559454191033316,2026-08-10,,,,,,,,
CGEM,2026-08-07,17.73,17.73,0.0,2026-08-10,,,,,,,,
CGEN,2026-08-07,2.41,2.38,-0.012448132780083054,2026-08-10,,,,,,,,
CGGE,2026-08-07,35.78,35.78,0.0,2026-08-10,,,,,,,,
CGGG,2026-08-07,29.21,29.21,0.0,2026-08-10,,,,,,,,
CGGO,2026-08-07,40.63,40.63,0.0,2026-08-10,,,,,,,,
CGGR,2026-08-07,46.96,46.76,-0.004258943781942137,2026-08-10,,,,,,,,
CGHM,2026-08-07,25.52,25.52,0.0,2026-08-10,,,,,,,,
CGHY,2026-08-07,25.3,25.3,0.0,2026-08-10,,,,,,,,
CGIB,2026-08-07,25.42,25.42,0.0,2026-08-10,,,,,,,,
CGIC,2026-08-07,36.9,36.9,0.0,2026-08-10,,,,,,,,
CGIE,2026-08-07,38.19,38.19,0.0,2026-08-10,,,,,,,,
CGMM,2026-08-07,33.14,33.14,0.0,2026-08-10,,,,,,,,
CGMS,2026-08-07,27.19,27.27,0.0029422581831555217,2026-08-10,,,,,,,,
CGMU,2026-08-07,27.15,26.06,-0.040147329650092045,2026-08-10,,,,,,,,
CGNG,2026-08-07,36.6,36.6,0.0,2026-08-10,,,,,,,,
CGNT,2026-08-07,9.2,9.3,0.010869565217391353,2026-08-10,,,,,,,,
CGNX,2026-08-07,66.89,67.99,0.016444909552997267,2026-08-10,,,,,,,,
CGO,2026-08-07,13.18,13.2,0.0015174506828528056,2026-08-10,,,,,,,,
CGON,2026-08-07,75.1,75.51,0.0054593874833557265,2026-08-10,,,,,,,,
CGOV,2026-08-07,25.06,25.06,0.0,2026-08-10,,,,,,,,
CGRO,2026-08-07,23.14,23.14,0.0,2026-08-10,,,,,,,,
CGSD,2026-08-07,25.7,25.7,0.0,2026-08-10,,,,,,,,
CGSM,2026-08-07,26.31,26.31,0.0,2026-08-10,,,,,,,,
CGTL,2026-08-07,4.07,3.79,-0.06879606879606881,2026-08-10,,,,,,,,
CGTX,2026-08-07,1.08,1.06,-0.01851851851851849,2026-08-10,,,,,,,,
CGUI,2026-08-07,25.31,25.31,0.0,2026-08-10,,,,,,,,
CGUS,2026-08-07,46.28,46.28,0.0,2026-08-10,,,,,,,,
CGV,2026-08-07,16.06,16.06,0.0,2026-08-10,,,,,,,,
CGVV,2026-08-07,32.33,32.33,0.0,2026-08-10,,,,,,,,
CGW,2026-08-07,66.74,66.74,0.0,2026-08-10,,,,,,,,
CGXU,2026-08-07,34.81,34.82,0.0002872737719046281,2026-08-10,,,,,,,,
CHA,2026-08-07,10.18,10.24,0.005893909626719207,2026-08-10,,,,,,,,
CHAI,2026-08-07,0.34,0.33,-0.02941176470588236,2026-08-10,,,,,,,,
CHAR,2026-08-07,10.91,10.91,0.0,2026-08-10,,,,,,,,
CHAT,2026-08-07,89.11,89.14,0.0003366625519021227,2026-08-10,,,,,,,,
CHAU,2026-08-07,22.68,22.55,-0.0057319223985889955,2026-08-10,,,,,,,,
CHCI,2026-08-07,14.95,14.95,0.0,2026-08-10,,,,,,,,
CHCO,2026-08-07,144.94,144.94,0.0,2026-08-10,,,,,,,,
CHCT,2026-08-07,15.85,15.86,0.0006309148264984632,2026-08-10,,,,,,,,
CHD,2026-08-07,103.24,103.24,0.0,2026-08-10,,,,,,,,
CHDG,2026-08-07,25.3,25.3,0.0,2026-08-10,,,,,,,,
CHDN,2026-08-07,87.86,88.11,0.0028454359207830127,2026-08-10,,,,,,,,
CHE,2026-08-07,552.72,552.72,0.0,2026-08-10,,,,,,,,
CHEC,2026-08-07,10.2,10.2,0.0,2026-08-10,,,,,,,,
CHEF,2026-08-07,110.2,110.2,0.0,2026-08-10,,,,,,,,
CHGA,2026-08-07,0.19,0.2,0.05263157894736836,2026-08-10,,,,,,,,
CHGG,2026-08-07,0.92,0.9,-0.021739130434782594,2026-08-10,,,,,,,,
CHGX,2026-08-07,33.74,33.74,0.0,2026-08-10,,,,,,,,
CHH,2026-08-07,106.66,106.66,0.0,2026-08-10,,,,,,,,
CHI,2026-08-07,13.04,13.04,0.0,2026-08-10,,,,,,,,
CHIQ,2026-08-07,18.33,18.33,0.0,2026-08-10,,,,,,,,
CHKP,2026-08-07,127.82,127.83,7.82350179941993e-05,2026-08-10,,,,,,,,
CHMG,2026-08-07,81.24,81.24,0.0,2026-08-10,,,,,,,,
CHMI,2026-08-07,2.41,2.76,0.14522821576763478,2026-08-10,,,,,,,,
CHNL,2026-08-07,18.74,18.74,0.0,2026-08-10,,,,,,,,
CHNR,2026-08-07,4.1,4.06,-0.009756097560975618,2026-08-10,,,,,,,,
CHNU,2026-08-07,15.23,15.65,0.027577150361129288,2026-08-10,,,,,,,,
CHOW,2026-08-07,0.35,0.37,0.05714285714285716,2026-08-10,,,,,,,,
CHPG,2026-08-07,10.45,10.45,0.0,2026-08-10,,,,,,,,
CHPS,2026-08-07,85.04,85.04,0.0,2026-08-10,,,,,,,,
CHPT,2026-08-07,6.22,6.22,0.0,2026-08-10,,,,,,,,
CHPX,2026-08-07,94.28,94.5,0.002333474756045728,2026-08-10,,,,,,,,
CHPY,2026-08-07,71.4,72.49,0.015266106442576977,2026-08-10,,,,,,,,
CHR,2026-08-07,1.84,1.88,0.021739130434782483,2026-08-10,,,,,,,,
CHRD,2026-08-07,131.35,132.86,0.011496003045299075,2026-08-10,,,,,,,,
CHRI,2026-08-07,91.88,91.88,0.0,2026-08-10,,,,,,,,
CHRN,2026-08-07,20.93,22.22,0.06163401815575731,2026-08-10,,,,,,,,
CHRS,2026-08-07,1.27,1.27,0.0,2026-08-10,,,,,,,,
CHRW,2026-08-07,149.35,150.0,0.00435219283562116,2026-08-10,,,,,,,,
CHSN,2026-08-07,0.96,0.95,-0.01041666666666663,2026-08-10,,,,,,,,
CHT,2026-08-07,42.52,42.52,0.0,2026-08-10,,,,,,,,
CHTR,2026-08-07,152.57,152.32,-0.001638592121649074,2026-08-10,,,,,,,,
CHW,2026-08-07,8.53,8.53,0.0,2026-08-10,,,,,,,,
CHWY,2026-08-07,23.53,23.57,0.0016999575010623325,2026-08-10,,,,,,,,
CHY,2026-08-07,13.14,13.14,0.0,2026-08-10,,,,,,,,
CHYG,2026-08-07,25.09,25.09,0.0,2026-08-10,,,,,,,,
CHYM,2026-08-07,29.1,28.77,-0.011340206185567081,2026-08-10,,,,,,,,
CI,2026-08-07,282.49,282.01,-0.0016991751920422127,2026-08-10,,,,,,,,
CIA,2026-08-07,3.8,3.94,0.03684210526315801,2026-08-10,,,,,,,,
CIB,2026-08-07,88.85,88.85,0.0,2026-08-10,,,,,,,,
CIBR,2026-08-07,97.85,98.05,0.0020439448134901284,2026-08-10,,,,,,,,
CIEG,2026-08-07,6.19,6.47,0.045234248788368125,2026-08-10,,,,,,,,
CIEI,2026-08-07,24.96,24.96,0.0,2026-08-10,,,,,,,,
CIEN,2026-08-07,412.39,418.63,0.015131307742670685,2026-08-10,,,,,,,,
CIEX,2026-08-07,16.25,16.25,0.0,2026-08-10,,,,,,,,
CIFC,2026-08-07,9.12,9.12,0.0,2026-08-10,,,,,,,,
CIFG,2026-08-07,5.06,5.15,0.017786561264822254,2026-08-10,,,,,,,,
CIFR,2026-08-07,17.18,17.38,0.011641443538998875,2026-08-10,,,,,,,,
CIFU,2026-08-07,12.38,12.65,0.021809369951534707,2026-08-10,,,,,,,,
CIG,2026-08-07,2.1,2.12,0.00952380952380949,2026-08-10,,,,,,,,
CIGI,2026-08-07,101.54,101.54,0.0,2026-08-10,,,,,,,,
CIGL,2026-08-07,0.59,0.55,-0.06779661016949146,2026-08-10,,,,,,,,
CII,2026-08-07,24.77,24.77,0.0,2026-08-10,,,,,,,,
CIIT,2026-08-07,3.63,3.62,-0.0027548209366390353,2026-08-10,,,,,,,,
CIK,2026-08-07,2.44,2.44,0.0,2026-08-10,,,,,,,,
CIM,2026-08-07,11.97,11.97,0.0,2026-08-10,,,,,,,,
CINF,2026-08-07,176.86,176.86,0.0,2026-08-10,,,,,,,,
CING,2026-08-07,5.34,5.1,-0.0449438202247191,2026-08-10,,,,,,,,
CINT,2026-08-07,3.56,3.56,0.0,2026-08-10,,,,,,,,
CION,2026-08-07,7.51,7.43,-0.010652463382157085,2026-08-10,,,,,,,,
CIR,2026-08-07,22.27,22.27,0.0,2026-08-10,,,,,,,,
CIRC,2026-08-07,0.72,0.71,-0.01388888888888895,2026-08-10,,,,,,,,
CISO,2026-08-07,0.27,0.27,0.0,2026-08-10,,,,,,,,
CISS,2026-08-07,0.09,0.09,0.0,2026-08-10,,,,,,,,
CITR,2026-08-07,5.9,5.9,0.0,2026-08-10,,,,,,,,
CIVB,2026-08-07,28.33,28.33,0.0,2026-08-10,,,,,,,,
CIVG,2026-08-07,24.96,24.96,0.0,2026-08-10,,,,,,,,
CIX,2026-08-07,30.09,30.09,0.0,2026-08-10,,,,,,,,
CJMB,2026-08-07,1.57,1.54,-0.019108280254777066,2026-08-10,,,,,,,,
CJUL,2026-08-07,25.62,25.62,0.0,2026-08-10,,,,,,,,
CJUN,2026-08-07,25.44,25.44,0.0,2026-08-10,,,,,,,,
CKX,2026-08-07,10.57,10.57,0.0,2026-08-10,,,,,,,,
CL,2026-08-07,93.27,93.01,-0.0027876058754153776,2026-08-10,,,,,,,,
CLAR,2026-08-07,3.71,3.64,-0.018867924528301883,2026-08-10,,,,,,,,
CLB,2026-08-07,11.35,11.35,0.0,2026-08-10,,,,,,,,
CLBK,2026-08-07,10.84,10.84,0.0,2026-08-10,,,,,,,,
CLBR,2026-08-07,10.26,10.26,0.0,2026-08-10,,,,,,,,
CLBT,2026-08-07,16.01,15.9,-0.006870705808869504,2026-08-10,,,,,,,,
CLCG,2026-08-07,29.1,29.1,0.0,2026-08-10,,,,,,,,
CLCV,2026-08-07,31.36,31.36,0.0,2026-08-10,,,,,,,,
CLDI,2026-08-07,1.62,1.61,-0.006172839506172867,2026-08-10,,,,,,,,
CLDT,2026-08-07,12.59,12.9,0.024622716441620396,2026-08-10,,,,,,,,
CLDX,2026-08-07,41.71,41.71,0.0,2026-08-10,,,,,,,,
CLF,2026-08-07,12.26,12.27,0.0008156606851550396,2026-08-10,,,,,,,,
CLFD,2026-08-07,27.48,27.93,0.01637554585152845,2026-08-10,,,,,,,,
CLGN,2026-08-07,0.34,0.33,-0.02941176470588236,2026-08-10,,,,,,,,
CLH,2026-08-07,308.17,308.39,0.0007138916831617159,2026-08-10,,,,,,,,
CLIK,2026-08-07,1.38,1.38,0.0,2026-08-10,,,,,,,,
CLIP,2026-08-07,100.14,100.14,0.0,2026-08-10,,,,,,,,
CLIR,2026-08-07,3.75,3.75,0.0,2026-08-10,,,,,,,,
CLIX,2026-08-07,60.57,60.57,0.0,2026-08-10,,,,,,,,
CLLS,2026-08-07,2.84,2.84,0.0,2026-08-10,,,,,,,,
CLM,2026-08-07,7.55,7.55,0.0,2026-08-10,,,,,,,,
CLMB,2026-08-07,27.81,28.29,0.01725997842502691,2026-08-10,,,,,,,,
CLMT,2026-08-07,39.48,39.48,0.0,2026-08-10,,,,,,,,
CLNE,2026-08-07,1.58,1.64,0.03797468354430378,2026-08-10,,,,,,,,
CLNK,2026-08-07,14.92,14.92,0.0,2026-08-10,,,,,,,,
CLNN,2026-08-07,5.28,5.28,0.0,2026-08-10,,,,,,,,
CLOA,2026-08-07,51.81,53.72,0.036865469986488986,2026-08-10,,,,,,,,
CLOB,2026-08-07,50.29,50.29,0.0,2026-08-10,,,,,,,,
CLOC,2026-08-07,24.98,24.98,0.0,2026-08-10,,,,,,,,
CLOD,2026-08-07,34.18,34.18,0.0,2026-08-10,,,,,,,,
CLOI,2026-08-07,52.84,52.84,0.0,2026-08-10,,,,,,,,
CLOO,2026-08-07,25.16,25.16,0.0,2026-08-10,,,,,,,,
CLOU,2026-08-07,27.28,27.11,-0.006231671554252305,2026-08-10,,,,,,,,
CLOV,2026-08-07,4.76,4.77,0.0021008403361344463,2026-08-10,,,,,,,,
CLOX,2026-08-07,25.54,25.54,0.0,2026-08-10,,,,,,,,
CLOZ,2026-08-07,26.31,26.31,0.0,2026-08-10,,,,,,,,
CLPR,2026-08-07,2.86,2.86,0.0,2026-08-10,,,,,,,,
CLPS,2026-08-07,0.86,0.86,0.0,2026-08-10,,,,,,,,
CLPT,2026-08-07,14.21,14.21,0.0,2026-08-10,,,,,,,,
CLRB,2026-08-07,2.57,2.57,0.0,2026-08-10,,,,,,,,
CLRO,2026-08-07,10.17,10.0,-0.01671583087512285,2026-08-10,,,,,,,,
CLRS,2026-08-07,,,,2026-08-10,,,,,,,,
CLS,2026-08-07,317.83,319.9,0.006512915709656175,2026-08-10,,,,,,,,
CLSE,2026-08-07,33.53,33.53,0.0,2026-08-10,,,,,,,,
CLSK,2026-08-07,12.3,12.46,0.01300813008130075,2026-08-10,,,,,,,,
CLSM,2026-08-07,27.58,27.58,0.0,2026-08-10,,,,,,,,
CLST,2026-08-07,17.34,17.34,0.0,2026-08-10,,,,,,,,
CLSX,2026-08-07,12.7,13.05,0.02755905511811041,2026-08-10,,,,,,,,
CLUB,2026-08-07,26.15,26.15,0.0,2026-08-10,,,,,,,,
CLVT,2026-08-07,1.82,1.84,0.01098901098901095,2026-08-10,,,,,,,,
CLW,2026-08-07,23.31,23.21,-0.004290004290004146,2026-08-10,,,,,,,,
CLWT,2026-08-07,1.59,1.56,-0.018867924528301883,2026-08-10,,,,,,,,
CLX,2026-08-07,105.15,105.99,0.007988587731811547,2026-08-10,,,,,,,,
CLYM,2026-08-07,14.0,14.0,0.0,2026-08-10,,,,,,,,
CM,2026-08-07,118.7,118.7,0.0,2026-08-10,,,,,,,,
CMAG,2026-08-07,26.38,26.38,0.0,2026-08-10,,,,,,,,
CMAY,2026-08-07,25.9,25.9,0.0,2026-08-10,,,,,,,,
CMBO,2026-08-07,103.16,103.16,0.0,2026-08-10,,,,,,,,
CMBS,2026-08-07,48.19,48.19,0.0,2026-08-10,,,,,,,,
CMBT,2026-08-07,16.29,16.51,0.013505217925107615,2026-08-10,,,,,,,,
CMC,2026-08-07,75.13,75.13,0.0,2026-08-10,,,,,,,,
CMCI,2026-08-07,29.43,29.43,0.0,2026-08-10,,,,,,,,
CMCL,2026-08-07,21.75,22.49,0.03402298850574703,2026-08-10,,,,,,,,
CMCM,2026-08-07,3.11,3.11,0.0,2026-08-10,,,,,,,,
CMCO,2026-08-07,20.22,20.36,0.006923837784371889,2026-08-10,,,,,,,,
CMCSA,2026-08-07,25.36,25.35,-0.0003943217665614007,2026-08-10,,,,,,,,
CMCT,2026-08-07,4.41,4.41,0.0,2026-08-10,,,,,,,,
CMDB,2026-08-07,17.8,17.8,0.0,2026-08-10,,,,,,,,
CMDT,2026-08-07,32.44,32.44,0.0,2026-08-10,,,,,,,,
CMDY,2026-08-07,59.02,60.29,0.02151812944764475,2026-08-10,,,,,,,,
CME,2026-08-07,263.66,263.66,0.0,2026-08-10,,,,,,,,
CMF,2026-08-07,56.83,56.83,0.0,2026-08-10,,,,,,,,
CMG,2026-08-07,32.79,32.76,-0.0009149130832570851,2026-08-10,,,,,,,,
CMGG,2026-08-07,14.31,,,2026-08-10,,,,,,,,
CMI,2026-08-07,644.26,644.26,0.0,2026-08-10,,,,,,,,
CMII,2026-08-07,10.02,10.02,0.0,2026-08-10,,,,,,,,
CMMB,2026-08-07,1.93,1.89,-0.020725388601036343,2026-08-10,,,,,,,,
CMND,2026-08-07,1.63,1.65,0.012269938650306678,2026-08-10,,,,,,,,
CMP,2026-08-07,27.35,26.6,-0.027422303473491727,2026-08-10,,,,,,,,
CMPR,2026-08-07,95.35,95.35,0.0,2026-08-10,,,,,,,,
CMPS,2026-08-07,13.54,13.5,-0.002954209748892156,2026-08-10,,,,,,,,
CMPX,2026-08-07,2.15,2.19,0.018604651162790642,2026-08-10,,,,,,,,
CMRC,2026-08-07,2.22,2.24,0.009009009009008917,2026-08-10,,,,,,,,
CMRE,2026-08-07,14.66,14.66,0.0,2026-08-10,,,,,,,,
CMS,2026-08-07,71.03,71.37,0.004786709840912229,2026-08-10,,,,,,,,
CMT,2026-08-07,26.47,26.47,0.0,2026-08-10,,,,,,,,
CMTG,2026-08-07,1.94,1.94,0.0,2026-08-10,,,,,,,,
CMTL,2026-08-07,1.73,1.74,0.005780346820809301,2026-08-10,,,,,,,,
CMTV,2026-08-07,39.85,39.85,0.0,2026-08-10,,,,,,,,
CNA,2026-08-07,52.02,51.78,-0.0046136101499423265,2026-08-10,,,,,,,,
CNAV,2026-08-07,38.84,38.84,0.0,2026-08-10,,,,,,,,
CNBS,2026-08-07,25.62,25.62,0.0,2026-08-10,,,,,,,,
CNC,2026-08-07,65.77,66.0,0.003497035122396186,2026-08-10,,,,,,,,
CNCG,2026-08-07,32.28,,,2026-08-10,,,,,,,,
CNCK,2026-08-07,2.14,2.17,0.014018691588784993,2026-08-10,,,,,,,,
CNDT,2026-08-07,1.7,1.65,-0.02941176470588236,2026-08-10,,,,,,,,
CNEQ,2026-08-07,39.94,39.94,0.0,2026-08-10,,,,,,,,
CNET,2026-08-07,1.39,1.39,0.0,2026-08-10,,,,,,,,
CNEY,2026-08-07,0.67,0.67,0.0,2026-08-10,,,,,,,,
CNF,2026-08-07,2.21,2.21,0.0,2026-08-10,,,,,,,,
CNH,2026-08-07,10.91,10.93,0.0018331805682858526,2026-08-10,,,,,,,,
CNI,2026-08-07,126.6,127.0,0.003159557661927437,2026-08-10,,,,,,,,
CNK,2026-08-07,37.24,37.5,0.00698174006444674,2026-08-10,,,,,,,,
CNL,2026-08-07,14.13,14.13,0.0,2026-08-10,,,,,,,,
CNM,2026-08-07,46.55,46.89,0.007303974221267495,2026-08-10,,,,,,,,
CNMD,2026-08-07,49.12,49.35,0.004682410423452854,2026-08-10,,,,,,,,
CNNE,2026-08-07,14.78,14.78,0.0,2026-08-10,,,,,,,,
CNO,2026-08-07,55.16,55.65,0.008883248730964466,2026-08-10,,,,,,,,
CNOB,2026-08-07,32.82,32.77,-0.0015234613040827627,2026-08-10,,,,,,,,
CNP,2026-08-07,40.68,40.89,0.005162241887905594,2026-08-10,,,,,,,,
CNQ,2026-08-07,45.51,45.45,-0.0013183915622938525,2026-08-10,,,,,,,,
CNQQ,2026-08-07,24.69,24.69,0.0,2026-08-10,,,,,,,,
CNR,2026-08-07,89.6,89.6,0.0,2026-08-10,,,,,,,,
CNRG,2026-08-07,95.67,95.67,0.0,2026-08-10,,,,,,,,
CNS,2026-08-07,83.6,83.6,0.0,2026-08-10,,,,,,,,
CNSP,2026-08-07,5.38,5.38,0.0,2026-08-10,,,,,,,,
CNSY,2026-08-07,3.83,3.79,-0.010443864229765065,2026-08-10,,,,,,,,
CNTB,2026-08-07,2.2,2.32,0.05454545454545445,2026-08-10,,,,,,,,
CNTN,2026-08-07,1.87,1.88,0.0053475935828875,2026-08-10,,,,,,,,
CNTX,2026-08-07,0.48,0.49,0.02083333333333326,2026-08-10,,,,,,,,
CNTY,2026-08-07,1.21,1.21,0.0,2026-08-10,,,,,,,,
CNVS,2026-08-07,2.8,2.8,0.0,2026-08-10,,,,,,,,
CNX,2026-08-07,35.14,35.14,0.0,2026-08-10,,,,,,,,
CNXC,2026-08-07,25.72,25.85,0.0050544323483672216,2026-08-10,,,,,,,,
CNXN,2026-08-07,84.14,82.89,-0.014856192060850981,2026-08-10,,,,,,,,
CNXT,2026-08-07,51.38,50.66,-0.0140132347216817,2026-08-10,,,,,,,,
CNXU,2026-08-07,8.07,8.0,-0.00867410161090465,2026-08-10,,,,,,,,
CNYA,2026-08-07,36.48,36.48,0.0,2026-08-10,,,,,,,,
COAG,2026-08-07,49.66,49.66,0.0,2026-08-10,,,,,,,,
COAL,2026-08-07,24.2,24.2,0.0,2026-08-10,,,,,,,,
COCH,2026-08-07,0.67,0.69,0.02985074626865658,2026-08-10,,,,,,,,
COCO,2026-08-07,62.25,62.58,0.005301204819277094,2026-08-10,,,,,,,,
COCP,2026-08-07,1.06,1.06,0.0,2026-08-10,,,,,,,,
CODA,2026-08-07,10.64,10.64,0.0,2026-08-10,,,,,,,,
CODI,2026-08-07,11.0,11.0,0.0,2026-08-10,,,,,,,,
CODX,2026-08-07,1.52,1.53,0.006578947368421018,2026-08-10,,,,,,,,
COE,2026-08-07,19.5,19.93,0.02205128205128193,2026-08-10,,,,,,,,
COF,2026-08-07,217.76,217.01,-0.0034441587068332336,2026-08-10,,,,,,,,
COFS,2026-08-07,34.08,34.09,0.0002934272300469942,2026-08-10,,,,,,,,
COGT,2026-08-07,42.39,42.46,0.0016513328615239686,2026-08-10,,,,,,,,
COHC,2026-08-07,28.48,28.48,0.0,2026-08-10,,,,,,,,
COHH,2026-08-07,11.23,11.72,0.04363312555654497,2026-08-10,,,,,,,,
COHN,2026-08-07,11.26,11.26,0.0,2026-08-10,,,,,,,,
COHR,2026-08-07,379.13,388.58,0.024925487299870763,2026-08-10,,,,,,,,
COHU,2026-08-07,52.88,54.33,0.027420574886535487,2026-08-10,,,,,,,,
COHX,2026-08-07,45.11,47.3,0.048547993792950495,2026-08-10,,,,,,,,
COIA,2026-08-07,6.67,6.81,0.020989505247376306,2026-08-10,,,,,,,,
COIG,2026-08-07,4.29,4.36,0.01631701631701632,2026-08-10,,,,,,,,
COIN,2026-08-07,153.6,155.26,0.010807291666666607,2026-08-10,,,,,,,,
COIW,2026-08-07,7.91,7.95,0.005056890012642201,2026-08-10,,,,,,,,
COIX,2026-08-07,27.1,27.1,0.0,2026-08-10,,,,,,,,
COKE,2026-08-07,192.99,192.5,-0.0025389916575988547,2026-08-10,,,,,,,,
COLA,2026-08-07,10.7,10.7,0.0,2026-08-10,,,,,,,,
COLB,2026-08-07,31.24,31.24,0.0,2026-08-10,,,,,,,,
COLD,2026-08-07,14.96,14.96,0.0,2026-08-10,,,,,,,,
COLL,2026-08-07,29.47,29.5,0.001017984390905946,2026-08-10,,,,,,,,
COLM,2026-08-07,57.36,57.36,0.0,2026-08-10,,,,,,,,
COLO,2026-08-07,46.84,46.84,0.0,2026-08-10,,,,,,,,
COM,2026-08-07,33.75,33.75,0.0,2026-08-10,,,,,,,,
COMB,2026-08-07,25.69,25.69,0.0,2026-08-10,,,,,,,,
COMD,2026-08-07,27.59,27.59,0.0,2026-08-10,,,,,,,,
COMP,2026-08-07,12.58,12.68,0.007949125596184325,2026-08-10,,,,,,,,
COMT,2026-08-07,32.55,32.55,0.0,2026-08-10,,,,,,,,
CON,2026-08-07,34.06,34.54,0.014092777451556016,2026-08-10,,,,,,,,
CONI,2026-08-07,48.91,47.58,-0.027192803107748853,2026-08-10,,,,,,,,
CONL,2026-08-07,4.38,4.45,0.01598173515981749,2026-08-10,,,,,,,,
CONX,2026-08-07,5.31,5.44,0.024482109227872195,2026-08-10,,,,,,,,
CONY,2026-08-07,18.51,18.74,0.012425715829281314,2026-08-10,,,,,,,,
COO,2026-08-07,74.23,74.9,0.009026000269432899,2026-08-10,,,,,,,,
COOK,2026-08-07,61.34,61.34,0.0,2026-08-10,,,,,,,,
COOT,2026-08-07,0.41,0.41,0.0,2026-08-10,,,,,,,,
COP,2026-08-07,117.61,118.66,0.008927812260862256,2026-08-10,,,,,,,,
COPA,2026-08-07,54.01,54.01,0.0,2026-08-10,,,,,,,,
COPJ,2026-08-07,45.05,45.1,0.0011098779134295356,2026-08-10,,,,,,,,
COPL,2026-08-07,10.48,10.48,0.0,2026-08-10,,,,,,,,
COPP,2026-08-07,42.82,42.82,0.0,2026-08-10,,,,,,,,
COPR,2026-08-07,2.6,2.6,0.0,2026-08-10,,,,,,,,
COPX,2026-08-07,88.03,89.01,0.011132568442576485,2026-08-10,,,,,,,,
COPY,2026-08-07,15.81,15.82,0.0006325110689437974,2026-08-10,,,,,,,,
COPZ,2026-08-07,17.3,18.21,0.05260115606936422,2026-08-10,,,,,,,,
COR,2026-08-07,320.46,319.5,-0.002995693690320156,2026-08-10,,,,,,,,
CORB,2026-08-07,29.12,29.12,0.0,2026-08-10,,,,,,,,
CORD,2026-08-07,3.73,3.67,-0.01608579088471851,2026-08-10,,,,,,,,
CORN,2026-08-07,17.64,17.64,0.0,2026-08-10,,,,,,,,
CORO,2026-08-07,36.82,36.82,0.0,2026-08-10,,,,,,,,
CORP,2026-08-07,95.22,95.22,0.0,2026-08-10,,,,,,,,
CORT,2026-08-07,110.77,110.77,0.0,2026-08-10,,,,,,,,
CORZ,2026-08-07,21.01,21.06,0.002379819133745631,2026-08-10,,,,,,,,
COSM,2026-08-07,0.23,0.24,0.04347826086956519,2026-08-10,,,,,,,,
COSO,2026-08-07,28.04,28.04,0.0,2026-08-10,,,,,,,,
COST,2026-08-07,947.82,947.0,-0.0008651431706442336,2026-08-10,,,,,,,,
COSW,2026-08-07,39.83,39.83,0.0,2026-08-10,,,,,,,,
COTG,2026-08-07,12.85,12.85,0.0,2026-08-10,,,,,,,,
COTY,2026-08-07,2.82,2.82,0.0,2026-08-10,,,,,,,,
COUR,2026-08-07,5.81,5.8,-0.0017211703958691649,2026-08-10,,,,,,,,
COWG,2026-08-07,38.99,38.99,0.0,2026-08-10,,,,,,,,
COWS,2026-08-07,39.8,39.8,0.0,2026-08-10,,,,,,,,
COWZ,2026-08-07,69.24,69.24,0.0,2026-08-10,,,,,,,,
COYA,2026-08-07,4.81,4.81,0.0,2026-08-10,,,,,,,,
COYY,2026-08-07,16.68,16.66,-0.0011990407673860837,2026-08-10,,,,,,,,
COZX,2026-08-07,13.05,13.05,0.0,2026-08-10,,,,,,,,
CP,2026-08-07,91.62,91.07,-0.00600305610128804,2026-08-10,,,,,,,,
CPA,2026-08-07,142.13,140.71,-0.009990853444030057,2026-08-10,,,,,,,,
CPAC,2026-08-07,11.76,11.76,0.0,2026-08-10,,,,,,,,
CPAG,2026-08-07,101.77,101.77,0.0,2026-08-10,,,,,,,,
CPAI,2026-08-07,51.07,51.07,0.0,2026-08-10,,,,,,,,
CPAY,2026-08-07,392.94,392.95,2.5449177991632155e-05,2026-08-10,,,,,,,,
CPB,2026-08-07,23.05,23.05,0.0,2026-08-10,,,,,,,,
CPBI,2026-08-07,20.6,20.6,0.0,2026-08-10,,,,,,,,
CPER,2026-08-07,39.9,40.28,0.00952380952380949,2026-08-10,,,,,,,,
CPF,2026-08-07,38.9,38.9,0.0,2026-08-10,,,,,,,,
CPHC,2026-08-07,15.55,15.55,0.0,2026-08-10,,,,,,,,
CPHI,2026-08-07,1.13,1.12,-0.008849557522123686,2026-08-10,,,,,,,,
CPHY,2026-08-07,51.74,51.74,0.0,2026-08-10,,,,,,,,
CPII,2026-08-07,18.9,18.9,0.0,2026-08-10,,,,,,,,
CPIX,2026-08-07,7.8,7.8,0.0,2026-08-10,,,,,,,,
CPK,2026-08-07,133.85,133.85,0.0,2026-08-10,,,,,,,,
CPLB,2026-08-07,20.73,20.73,0.0,2026-08-10,,,,,,,,
CPLS,2026-08-07,34.63,34.63,0.0,2026-08-10,,,,,,,,
CPNG,2026-08-07,16.23,16.23,0.0,2026-08-10,,,,,,,,
CPNJ,2026-08-07,27.65,27.65,0.0,2026-08-10,,,,,,,,
CPNM,2026-08-07,26.91,26.91,0.0,2026-08-10,,,,,,,,
CPNQ,2026-08-07,27.56,27.56,0.0,2026-08-10,,,,,,,,
CPNS,2026-08-07,28.31,28.31,0.0,2026-08-10,,,,,,,,
CPNX,2026-08-07,13.53,13.53,0.0,2026-08-10,,,,,,,,
CPOP,2026-08-07,0.38,0.36,-0.052631578947368474,2026-08-10,,,,,,,,
CPRA,2026-08-07,27.86,27.86,0.0,2026-08-10,,,,,,,,
CPRI,2026-08-07,15.31,15.35,0.002612671456564186,2026-08-10,,,,,,,,
CPRJ,2026-08-07,27.8,27.8,0.0,2026-08-10,,,,,,,,
CPRO,2026-08-07,28.37,28.37,0.0,2026-08-10,,,,,,,,
CPRT,2026-08-07,29.66,29.71,0.001685772083614312,2026-08-10,,,,,,,,
CPRY,2026-08-07,28.17,28.17,0.0,2026-08-10,,,,,,,,
CPS,2026-08-07,31.4,31.4,0.0,2026-08-10,,,,,,,,
CPSA,2026-08-07,28.12,28.12,0.0,2026-08-10,,,,,,,,
CPSD,2026-08-07,26.97,26.97,0.0,2026-08-10,,,,,,,,
CPSF,2026-08-07,26.47,26.46,-0.0003777861730259735,2026-08-10,,,,,,,,
CPSH,2026-08-07,4.47,4.44,-0.006711409395973034,2026-08-10,,,,,,,,
CPSJ,2026-08-07,27.97,27.97,0.0,2026-08-10,,,,,,,,
CPSL,2026-08-07,28.21,28.21,0.0,2026-08-10,,,,,,,,
CPSM,2026-08-07,29.48,29.48,0.0,2026-08-10,,,,,,,,
CPSN,2026-08-07,27.97,27.97,0.0,2026-08-10,,,,,,,,
CPSO,2026-08-07,28.12,28.12,0.0,2026-08-10,,,,,,,,
CPSP,2026-08-07,27.08,27.08,0.0,2026-08-10,,,,,,,,
CPSR,2026-08-07,26.05,26.05,0.0,2026-08-10,,,,,,,,
CPSS,2026-08-07,9.48,9.48,0.0,2026-08-10,,,,,,,,
CPST,2026-08-07,28.02,28.02,0.0,2026-08-10,,,,,,,,
CPSU,2026-08-07,27.92,27.92,0.0,2026-08-10,,,,,,,,
CPSY,2026-08-07,25.93,25.93,0.0,2026-08-10,,,,,,,,
CPT,2026-08-07,111.93,111.93,0.0,2026-08-10,,,,,,,,
CPTL,2026-08-07,49.52,49.52,0.0,2026-08-10,,,,,,,,
CPXR,2026-08-07,32.29,32.29,0.0,2026-08-10,,,,,,,,
CPZ,2026-08-07,13.64,13.64,0.0,2026-08-10,,,,,,,,
CQP,2026-08-07,64.71,64.71,0.0,2026-08-10,,,,,,,,
CQQQ,2026-08-07,53.08,53.01,-0.0013187641296157349,2026-08-10,,,,,,,,
CQTM,2026-08-07,26.09,26.09,0.0,2026-08-10,,,,,,,,
CR,2026-08-07,219.88,219.88,0.0,2026-08-10,,,,,,,,
CRAC,2026-08-07,10.18,10.18,0.0,2026-08-10,,,,,,,,
CRAI,2026-08-07,169.31,168.07,-0.007323843836749222,2026-08-10,,,,,,,,
CRAK,2026-08-07,54.78,54.78,0.0,2026-08-10,,,,,,,,
CRAN,2026-08-07,10.14,10.14,0.0,2026-08-10,,,,,,,,
CRAQ,2026-08-07,10.31,10.31,0.0,2026-08-10,,,,,,,,
CRBG,2026-08-07,33.68,33.68,0.0,2026-08-10,,,,,,,,
CRBN,2026-08-07,259.59,259.59,0.0,2026-08-10,,,,,,,,
CRBP,2026-08-07,10.17,10.0,-0.01671583087512285,2026-08-10,,,,,,,,
CRBU,2026-08-07,1.65,1.68,0.0181818181818183,2026-08-10,,,,,,,,
CRC,2026-08-07,52.08,52.11,0.0005760368663594306,2026-08-10,,,,,,,,
CRCA,2026-08-07,13.33,13.8,0.03525881470367587,2026-08-10,,,,,,,,
CRCD,2026-08-07,5.13,4.93,-0.03898635477582846,2026-08-10,,,,,,,,
CRCG,2026-08-07,9.0,9.34,0.03777777777777769,2026-08-10,,,,,,,,
CRCL,2026-08-07,66.67,67.92,0.018749062546872697,2026-08-10,,,,,,,,
CRCO,2026-08-07,12.72,12.98,0.020440251572326984,2026-08-10,,,,,,,,
CRCT,2026-08-07,5.84,5.91,0.011986301369863117,2026-08-10,,,,,,,,
CRD,2026-08-07,25.3,25.3,0.0,2026-08-10,,,,,,,,
CRD-A,2026-08-07,13.77,13.77,0.0,2026-08-10,,,,,,,,
CRD-B,2026-08-07,12.43,12.43,0.0,2026-08-10,,,,,,,,
CRDD,2026-08-07,15.46,15.46,0.0,2026-08-10,,,,,,,,
CRDF,2026-08-07,0.99,0.96,-0.030303030303030276,2026-08-10,,,,,,,,
CRDL,2026-08-07,1.42,1.43,0.007042253521126751,2026-08-10,,,,,,,,
CRDO,2026-08-07,249.89,253.59,0.014806514866541276,2026-08-10,,,,,,,,
CRDT,2026-08-07,23.68,23.68,0.0,2026-08-10,,,,,,,,
CRDU,2026-08-07,17.67,18.4,0.04131295981890193,2026-08-10,,,,,,,,
CRDX,2026-08-07,10.19,10.19,0.0,2026-08-10,,,,,,,,
CRE,2026-08-07,2.65,2.65,0.0,2026-08-10,,,,,,,,
CRED,2026-08-07,19.74,,,2026-08-10,,,,,,,,
CRESY,2026-08-07,10.9,10.9,0.0,2026-08-10,,,,,,,,
CREX,2026-08-07,3.02,3.02,0.0,2026-08-10,,,,,,,,
CRF,2026-08-07,7.2,7.2,0.0,2026-08-10,,,,,,,,
CRGO,2026-08-07,1.27,1.27,0.0,2026-08-10,,,,,,,,
CRGY,2026-08-07,11.57,11.61,0.0034572169403628283,2026-08-10,,,,,,,,
CRH,2026-08-07,100.48,100.48,0.0,2026-08-10,,,,,,,,
CRI,2026-08-07,39.96,40.33,0.0092592592592593,2026-08-10,,,,,,,,
CRIB,2026-08-07,25.69,25.69,0.0,2026-08-10,,,,,,,,
CRIS,2026-08-07,4.02,4.14,0.029850746268656803,2026-08-10,,,,,,,,
CRK,2026-08-07,13.41,13.47,0.004474272930648837,2026-08-10,,,,,,,,
CRL,2026-08-07,267.49,267.49,0.0,2026-08-10,,,,,,,,
CRM,2026-08-07,192.74,191.65,-0.005655286915015045,2026-08-10,,,,,,,,
CRMD,2026-08-07,7.44,7.46,0.0026881720430107503,2026-08-10,,,,,,,,
CRMG,2026-08-07,5.94,5.9,-0.006734006734006703,2026-08-10,,,,,,,,
CRML,2026-08-07,7.25,7.4,0.020689655172413834,2026-08-10,,,,,,,,
CRMT,2026-08-07,3.23,3.23,0.0,2026-08-10,,,,,,,,
CRMU,2026-08-07,2.62,2.62,0.0,2026-08-10,,,,,,,,
CRMX,2026-08-07,6.12,6.36,0.03921568627450989,2026-08-10,,,,,,,,
CRNC,2026-08-07,9.15,9.14,-0.0010928961748634114,2026-08-10,,,,,,,,
CRNT,2026-08-07,2.21,2.21,0.0,2026-08-10,,,,,,,,
CRNX,2026-08-07,84.08,83.8,-0.003330161750713656,2026-08-10,,,,,,,,
CRON,2026-08-07,3.1,3.07,-0.00967741935483879,2026-08-10,,,,,,,,
CROX,2026-08-07,136.62,131.14,-0.04011125750256195,2026-08-10,,,,,,,,
CRPT,2026-08-07,11.5,11.5,0.0,2026-08-10,,,,,,,,
CRS,2026-08-07,570.66,573.9,0.005677636420986287,2026-08-10,,,,,,,,
CRSH,2026-08-07,22.12,22.12,0.0,2026-08-10,,,,,,,,
CRSP,2026-08-07,53.52,53.53,0.00018684603886387485,2026-08-10,,,,,,,,
CRSR,2026-08-07,14.35,14.38,0.002090592334494934,2026-08-10,,,,,,,,
CRT,2026-08-07,10.04,10.04,0.0,2026-08-10,,,,,,,,
CRTC,2026-08-07,40.91,40.91,0.0,2026-08-10,,,,,,,,
CRTO,2026-08-07,18.38,18.38,0.0,2026-08-10,,,,,,,,
CRUC,2026-08-07,15.12,15.12,0.0,2026-08-10,,,,,,,,
CRUS,2026-08-07,124.92,125.0,0.0006404098623118415,2026-08-10,,,,,,,,
CRUX,2026-08-07,29.5,29.5,0.0,2026-08-10,,,,,,,,
CRVL,2026-08-07,62.56,62.56,0.0,2026-08-10,,,,,,,,
CRVO,2026-08-07,2.87,2.82,-0.017421602787456525,2026-08-10,,,,,,,,
CRVS,2026-08-07,13.92,13.92,0.0,2026-08-10,,,,,,,,
CRWC,2026-08-07,31.46,31.46,0.0,2026-08-10,,,,,,,,
CRWD,2026-08-07,214.42,214.84,0.0019587725025651537,2026-08-10,,,,,,,,
CRWG,2026-08-07,22.14,22.3,0.0072267389340561206,2026-08-10,,,,,,,,
CRWL,2026-08-07,76.32,76.3,-0.0002620545073375169,2026-08-10,,,,,,,,
CRWS,2026-08-07,3.0,3.0,0.0,2026-08-10,,,,,,,,
CRWU,2026-08-07,4.25,4.28,0.007058823529411784,2026-08-10,,,,,,,,
CRWV,2026-08-07,90.67,91.09,0.004632182640344151,2026-08-10,,,,,,,,
CRWX,2026-08-07,24.08,24.08,0.0,2026-08-10,,,,,,,,
CRXP,2026-08-07,19.61,19.61,0.0,2026-08-10,,,,,,,,
CRY,2026-08-07,17.33,17.33,0.0,2026-08-10,,,,,,,,
CSAI,2026-08-07,7.12,7.84,0.101123595505618,2026-08-10,,,,,,,,
CSAN,2026-08-07,2.88,2.88,0.0,2026-08-10,,,,,,,,
CSB,2026-08-07,67.38,67.38,0.0,2026-08-10,,,,,,,,
CSBR,2026-08-07,5.19,5.19,0.0,2026-08-10,,,,,,,,
CSCL,2026-08-07,65.34,66.37,0.015763697581879343,2026-08-10,,,,,,,,
CSCO,2026-08-07,121.43,122.35,0.007576381454335701,2026-08-10,,,,,,,,
CSCS,2026-08-07,12.66,12.66,0.0,2026-08-10,,,,,,,,
CSD,2026-08-07,134.12,134.12,0.0,2026-08-10,,,,,,,,
CSEN,2026-08-07,24.65,24.65,0.0,2026-08-10,,,,,,,,
CSEX,2026-08-07,12.82,12.95,0.010140405616224646,2026-08-10,,,,,,,,
CSGP,2026-08-07,30.24,30.5,0.008597883597883715,2026-08-10,,,,,,,,
CSHI,2026-08-07,49.85,49.89,0.0008024072216650247,2026-08-10,,,,,,,,
CSHP,2026-08-07,99.37,99.37,0.0,2026-08-10,,,,,,,,
CSHR,2026-08-07,4.86,4.68,-0.0370370370370372,2026-08-10,,,,,,,,
CSIO,2026-08-07,28.45,28.45,0.0,2026-08-10,,,,,,,,
CSIQ,2026-08-07,15.91,16.0,0.0056568196103079504,2026-08-10,,,,,,,,
CSL,2026-08-07,387.49,389.31,0.004696895403752288,2026-08-10,,,,,,,,
CSM,2026-08-07,89.51,89.51,0.0,2026-08-10,,,,,,,,
CSMD,2026-08-07,35.91,35.91,0.0,2026-08-10,,,,,,,,
CSNR,2026-08-07,36.25,36.25,0.0,2026-08-10,,,,,,,,
CSPF,2026-08-07,26.02,26.02,0.0,2026-08-10,,,,,,,,
CSPI,2026-08-07,8.15,8.15,0.0,2026-08-10,,,,,,,,
CSQ,2026-08-07,20.92,20.94,0.0009560229445506607,2026-08-10,,,,,,,,
CSQR,2026-08-07,21.52,21.7,0.008364312267657992,2026-08-10,,,,,,,,
CSR,2026-08-07,56.68,56.68,0.0,2026-08-10,,,,,,,,
CSRE,2026-08-07,29.02,29.02,0.0,2026-08-10,,,,,,,,
CSSD,2026-08-07,25.16,25.16,0.0,2026-08-10,,,,,,,,
CSTE,2026-08-07,2.3,2.3,0.0,2026-08-10,,,,,,,,
CSTK,2026-08-07,33.76,33.76,0.0,2026-08-10,,,,,,,,
CSTL,2026-08-07,32.03,33.21,0.03684046206681235,2026-08-10,,,,,,,,
CSTM,2026-08-07,29.44,30.0,0.01902173913043481,2026-08-10,,,,,,,,
CSV,2026-08-07,35.87,35.87,0.0,2026-08-10,,,,,,,,
CSW,2026-08-07,350.68,350.68,0.0,2026-08-10,,,,,,,,
CSWC,2026-08-07,25.13,25.1,-0.0011937922801431577,2026-08-10,,,,,,,,
CSX,2026-08-07,50.27,50.24,-0.000596777402029014,2026-08-10,,,,,,,,
CTA,2026-08-07,25.87,25.87,0.0,2026-08-10,,,,,,,,
CTAA,2026-08-07,9.95,9.95,0.0,2026-08-10,,,,,,,,
CTAP,2026-08-07,26.99,26.99,0.0,2026-08-10,,,,,,,,
CTAS,2026-08-07,203.05,203.05,0.0,2026-08-10,,,,,,,,
CTAU,2026-08-07,25.32,25.32,0.0,2026-08-10,,,,,,,,
CTBI,2026-08-07,77.76,77.76,0.0,2026-08-10,,,,,,,,
CTEC,2026-08-07,58.4,58.25,-0.0025684931506848585,2026-08-10,,,,,,,,
CTEF,2026-08-07,89.65,89.65,0.0,2026-08-10,,,,,,,,
CTEV,2026-08-07,32.59,32.59,0.0,2026-08-10,,,,,,,,
CTEX,2026-08-07,35.6,35.6,0.0,2026-08-10,,,,,,,,
CTGO,2026-08-07,19.46,19.55,0.004624871531346386,2026-08-10,,,,,,,,
CTIF,2026-08-07,55.93,55.93,0.0,2026-08-10,,,,,,,,
CTJL,2026-08-07,25.59,25.59,0.0,2026-08-10,,,,,,,,
CTJN,2026-08-07,25.36,25.36,0.0,2026-08-10,,,,,,,,
CTKB,2026-08-07,4.2,4.1,-0.023809523809523947,2026-08-10,,,,,,,,
CTM,2026-08-07,0.62,0.63,0.016129032258064502,2026-08-10,,,,,,,,
CTMA,2026-08-07,25.74,25.74,0.0,2026-08-10,,,,,,,,
CTMX,2026-08-07,3.46,3.42,-0.011560693641618491,2026-08-10,,,,,,,,
CTNM,2026-08-07,15.04,15.04,0.0,2026-08-10,,,,,,,,
CTNT,2026-08-07,1.93,1.92,-0.005181347150259086,2026-08-10,,,,,,,,
CTO,2026-08-07,21.75,21.85,0.0045977011494253706,2026-08-10,,,,,,,,
CTOR,2026-08-07,0.75,0.78,0.040000000000000036,2026-08-10,,,,,,,,
CTOS,2026-08-07,10.42,10.75,0.031669865642994344,2026-08-10,,,,,,,,
CTRE,2026-08-07,41.22,41.45,0.005579815623483864,2026-08-10,,,,,,,,
CTRI,2026-08-07,23.85,23.79,-0.002515723270440362,2026-08-10,,,,,,,,
CTRM,2026-08-07,2.04,2.04,0.0,2026-08-10,,,,,,,,
CTRN,2026-08-07,72.69,74.01,0.018159306644655482,2026-08-10,,,,,,,,
CTS,2026-08-07,66.23,66.68,0.006794504001207846,2026-08-10,,,,,,,,
CTSH,2026-08-07,57.67,57.58,-0.0015606034333276453,2026-08-10,,,,,,,,
CTSO,2026-08-07,0.36,0.36,0.0,2026-08-10,,,,,,,,
CTVA,2026-08-07,76.83,77.03,0.0026031498112717433,2026-08-10,,,,,,,,
CTW,2026-08-07,2.48,2.48,0.0,2026-08-10,,,,,,,,
CTWO,2026-08-07,18.33,18.33,0.0,2026-08-10,,,,,,,,
CTXR,2026-08-07,0.68,0.71,0.04411764705882337,2026-08-10,,,,,,,,
CUB,2026-08-07,10.87,10.87,0.0,2026-08-10,,,,,,,,
CUBE,2026-08-07,41.77,41.77,0.0,2026-08-10,,,,,,,,
CUBI,2026-08-07,82.07,82.07,0.0,2026-08-10,,,,,,,,
CUE,2026-08-07,27.12,28.48,0.05014749262536866,2026-08-10,,,,,,,,
CULP,2026-08-07,3.48,3.48,0.0,2026-08-10,,,,,,,,
CUPR,2026-08-07,3.32,3.29,-0.009036144578313143,2026-08-10,,,,,,,,
CURB,2026-08-07,29.62,29.51,-0.003713706954760254,2026-08-10,,,,,,,,
CURE,2026-08-07,125.18,126.59,0.011263780156574477,2026-08-10,,,,,,,,
CURI,2026-08-07,2.71,2.71,0.0,2026-08-10,,,,,,,,
CURR,2026-08-07,3.11,3.11,0.0,2026-08-10,,,,,,,,
CURV,2026-08-07,2.61,2.61,0.0,2026-08-10,,,,,,,,
CURX,2026-08-07,0.19,0.19,0.0,2026-08-10,,,,,,,,
CUST,2026-08-07,25.01,25.01,0.0,2026-08-10,,,,,,,,
CUT,2026-08-07,30.75,30.75,0.0,2026-08-10,,,,,,,,
CUVL,2026-08-07,6.68,6.68,0.0,2026-08-10,,,,,,,,
CUZ,2026-08-07,29.62,29.62,0.0,2026-08-10,,,,,,,,
CV,2026-08-07,7.1,7.1,0.0,2026-08-10,,,,,,,,
CVAR,2026-08-07,30.92,30.92,0.0,2026-08-10,,,,,,,,
CVBF,2026-08-07,22.66,22.76,0.0044130626654899086,2026-08-10,,,,,,,,
CVCO,2026-08-07,592.23,592.23,0.0,2026-08-10,,,,,,,,
CVE,2026-08-07,28.25,28.39,0.004955752212389308,2026-08-10,,,,,,,,
CVEO,2026-08-07,30.76,30.76,0.0,2026-08-10,,,,,,,,
CVGD,2026-08-07,26.85,26.85,0.0,2026-08-10,,,,,,,,
CVGI,2026-08-07,3.63,3.63,0.0,2026-08-10,,,,,,,,
CVI,2026-08-07,31.15,31.15,0.0,2026-08-10,,,,,,,,
CVIE,2026-08-07,85.24,85.24,0.0,2026-08-10,,,,,,,,
CVKD,2026-08-07,1.95,1.95,0.0,2026-08-10,,,,,,,,
CVLC,2026-08-07,97.28,97.28,0.0,2026-08-10,,,,,,,,
CVLG,2026-08-07,34.65,34.65,0.0,2026-08-10,,,,,,,,
CVLT,2026-08-07,135.27,135.5,0.001700303097508682,2026-08-10,,,,,,,,
CVM,2026-08-07,1.72,1.75,0.01744186046511631,2026-08-10,,,,,,,,
CVMC,2026-08-07,78.05,78.05,0.0,2026-08-10,,,,,,,,
CVNA,2026-08-07,70.85,70.85,0.0,2026-08-10,,,,,,,,
CVNY,2026-08-07,21.49,21.64,0.006979990693345872,2026-08-10,,,,,,,,
CVR,2026-08-07,10.61,10.61,0.0,2026-08-10,,,,,,,,
CVRD,2026-08-07,18.67,18.67,0.0,2026-08-10,,,,,,,,
CVRT,2026-08-07,48.31,48.31,0.0,2026-08-10,,,,,,,,
CVRX,2026-08-07,2.39,2.37,-0.008368200836820106,2026-08-10,,,,,,,,
CVS,2026-08-07,95.7,95.7,0.0,2026-08-10,,,,,,,,
CVSA,2026-08-07,140.98,140.97,-7.093204709884837e-05,2026-08-10,,,,,,,,
CVSB,2026-08-07,50.68,52.61,0.03808208366219423,2026-08-10,,,,,,,,
CVSM,2026-08-07,26.66,26.66,0.0,2026-08-10,,,,,,,,
CVU,2026-08-07,5.17,5.17,0.0,2026-08-10,,,,,,,,
CVV,2026-08-07,8.18,8.43,0.030562347188264116,2026-08-10,,,,,,,,
CVX,2026-08-07,186.56,187.56,0.005360205831903997,2026-08-10,,,,,,,,
CVY,2026-08-07,30.21,30.21,0.0,2026-08-10,,,,,,,,
CW,2026-08-07,691.52,691.52,0.0,2026-08-10,,,,,,,,
CWB,2026-08-07,103.86,103.86,0.0,2026-08-10,,,,,,,,
CWBC,2026-08-07,25.2,25.36,0.006349206349206327,2026-08-10,,,,,,,,
CWCO,2026-08-07,30.49,30.02,-0.015414890127910752,2026-08-10,,,,,,,,
CWD,2026-08-07,0.52,0.53,0.019230769230769162,2026-08-10,,,,,,,,
CWEB,2026-08-07,25.53,25.63,0.0039169604386994905,2026-08-10,,,,,,,,
CWEN,2026-08-07,32.65,32.65,0.0,2026-08-10,,,,,,,,
CWH,2026-08-07,6.32,6.4,0.012658227848101333,2026-08-10,,,,,,,,
CWI,2026-08-07,41.27,41.27,0.0,2026-08-10,,,,,,,,
CWK,2026-08-07,13.83,13.83,0.0,2026-08-10,,,,,,,,
CWS,2026-08-07,72.64,72.64,0.0,2026-08-10,,,,,,,,
CWST,2026-08-07,89.41,89.11,-0.00335532938150096,2026-08-10,,,,,,,,
CWT,2026-08-07,50.53,50.01,-0.010290916287354124,2026-08-10,,,,,,,,
CWVX,2026-08-07,18.34,18.57,0.012540894220283594,2026-08-10,,,,,,,,
CWY,2026-08-07,16.87,16.87,0.0,2026-08-10,,,,,,,,
CX,2026-08-07,11.33,11.52,0.01676963812886134,2026-08-10,,,,,,,,
CXAI,2026-08-07,0.16,0.18,0.125,2026-08-10,,,,,,,,
CXDO,2026-08-07,6.67,6.67,0.0,2026-08-10,,,,,,,,
CXII,2026-08-07,10.72,10.72,0.0,2026-08-10,,,,,,,,
CXM,2026-08-07,6.86,6.86,0.0,2026-08-10,,,,,,,,
CXRN,2026-08-07,16.42,16.42,0.0,2026-08-10,,,,,,,,
CXSE,2026-08-07,39.43,39.7,0.006847577986304865,2026-08-10,,,,,,,,
CXT,2026-08-07,53.33,53.65,0.006000375023438975,2026-08-10,,,,,,,,
CXW,2026-08-07,32.27,32.49,0.0068174775333127435,2026-08-10,,,,,,,,
CYAB,2026-08-07,0.33,0.33,0.0,2026-08-10,,,,,,,,
CYCN,2026-08-07,3.57,3.57,0.0,2026-08-10,,,,,,,,
CYCU,2026-08-07,0.61,0.6,-0.016393442622950838,2026-08-10,,,,,,,,
CYD,2026-08-07,47.32,47.24,-0.0016906170752324368,2026-08-10,,,,,,,,
CYH,2026-08-07,3.0,3.0,0.0,2026-08-10,,,,,,,,
CYN,2026-08-07,1.23,1.23,0.0,2026-08-10,,,,,,,,
CYPH,2026-08-07,0.69,0.73,0.05797101449275366,2026-08-10,,,,,,,,
CYRX,2026-08-07,15.12,15.12,0.0,2026-08-10,,,,,,,,
CYTK,2026-08-07,76.76,77.21,0.0058624283480979145,2026-08-10,,,,,,,,
CZA,2026-08-07,127.16,127.16,0.0,2026-08-10,,,,,,,,
CZAR,2026-08-07,33.01,,,2026-08-10,,,,,,,,
CZFS,2026-08-07,80.4,80.4,0.0,2026-08-10,,,,,,,,
CZNC,2026-08-07,25.36,25.25,-0.004337539432176629,2026-08-10,,,,,,,,
CZR,2026-08-07,30.15,30.15,0.0,2026-08-10,,,,,,,,
CZWI,2026-08-07,20.91,20.91,0.0,2026-08-10,,,,,,,,
D,2026-08-07,67.39,67.25,-0.002077459563733508,2026-08-10,,,,,,,,
DAAQ,2026-08-07,8.14,8.14,0.0,2026-08-10,,,,,,,,
DABS,2026-08-07,50.36,50.36,0.0,2026-08-10,,,,,,,,
DAC,2026-08-07,140.72,140.72,0.0,2026-08-10,,,,,,,,
DADS,2026-08-07,19.82,19.82,0.0,2026-08-10,,,,,,,,
DAIC,2026-08-07,0.77,0.77,0.0,2026-08-10,,,,,,,,
DAIO,2026-08-07,2.98,2.98,0.0,2026-08-10,,,,,,,,
DAK,2026-08-07,30.1,30.1,0.0,2026-08-10,,,,,,,,
DAKT,2026-08-07,21.43,21.43,0.0,2026-08-10,,,,,,,,
DAL,2026-08-07,91.34,91.0,-0.0037223560324064486,2026-08-10,,,,,,,,
DALI,2026-08-07,29.08,29.08,0.0,2026-08-10,,,,,,,,
DAMD,2026-08-07,1.63,1.64,0.006134969325153339,2026-08-10,,,,,,,,
DAN,2026-08-07,28.44,28.56,0.00421940928270037,2026-08-10,,,,,,,,
DANA,2026-08-07,25.05,25.05,0.0,2026-08-10,,,,,,,,
DAO,2026-08-07,18.14,18.2,0.00330760749724357,2026-08-10,,,,,,,,
DAPP,2026-08-07,17.69,17.93,0.013566986998303943,2026-08-10,,,,,,,,
DAPR,2026-08-07,41.57,41.57,0.0,2026-08-10,,,,,,,,
DAR,2026-08-07,59.41,59.41,0.0,2026-08-10,,,,,,,,
DARE,2026-08-07,1.4,1.4,0.0,2026-08-10,,,,,,,,
DARP,2026-08-07,58.13,58.13,0.0,2026-08-10,,,,,,,,
DASH,2026-08-07,216.26,215.0,-0.005826320170165489,2026-08-10,,,,,,,,
DAT,2026-08-07,48.67,48.67,0.0,2026-08-10,,,,,,,,
DAUG,2026-08-07,47.46,47.46,0.0,2026-08-10,,,,,,,,
DAVA,2026-08-07,2.95,2.95,0.0,2026-08-10,,,,,,,,
DAVE,2026-08-07,317.93,322.5,0.014374233321800434,2026-08-10,,,,,,,,
DAX,2026-08-07,47.15,47.14,-0.0002120890774124362,2026-08-10,,,,,,,,
DB,2026-08-07,38.06,38.2,0.0036784025223330907,2026-08-10,,,,,,,,
DBA,2026-08-07,27.62,27.68,0.0021723388848660097,2026-08-10,,,,,,,,
DBAW,2026-08-07,48.46,48.46,0.0,2026-08-10,,,,,,,,
DBB,2026-08-07,25.37,25.35,-0.0007883326763894472,2026-08-10,,,,,,,,
DBC,2026-08-07,28.91,28.27,-0.0221376686267728,2026-08-10,,,,,,,,
DBCA,2026-08-07,10.01,10.01,0.0,2026-08-10,,,,,,,,
DBD,2026-08-07,75.38,75.38,0.0,2026-08-10,,,,,,,,
DBE,2026-08-07,29.43,29.43,0.0,2026-08-10,,,,,,,,
DBEF,2026-08-07,56.26,56.26,0.0,2026-08-10,,,,,,,,
DBEM,2026-08-07,38.56,38.56,0.0,2026-08-10,,,,,,,,
DBEU,2026-08-07,55.32,55.32,0.0,2026-08-10,,,,,,,,
DBEZ,2026-08-07,64.14,64.14,0.0,2026-08-10,,,,,,,,
DBGI,2026-08-07,15.35,15.19,-0.01042345276872969,2026-08-10,,,,,,,,
DBI,2026-08-07,6.55,6.55,0.0,2026-08-10,,,,,,,,
DBJP,2026-08-07,115.58,115.58,0.0,2026-08-10,,,,,,,,
DBL,2026-08-07,14.16,14.16,0.0,2026-08-10,,,,,,,,
DBMF,2026-08-07,30.93,30.93,0.0,2026-08-10,,,,,,,,
DBND,2026-08-07,45.01,45.01,0.0,2026-08-10,,,,,,,,
DBO,2026-08-07,19.59,19.59,0.0,2026-08-10,,,,,,,,
DBP,2026-08-07,100.0,100.0,0.0,2026-08-10,,,,,,,,
DBRG,2026-08-07,15.94,15.94,0.0,2026-08-10,,,,,,,,
DBVT,2026-08-07,13.48,13.48,0.0,2026-08-10,,,,,,,,
DBX,2026-08-07,34.81,34.78,-0.0008618213157138843,2026-08-10,,,,,,,,
DC,2026-08-07,6.0,6.0,0.0,2026-08-10,,,,,,,,
DCBO,2026-08-07,22.3,22.3,0.0,2026-08-10,,,,,,,,
DCGO,2026-08-07,0.63,0.63,0.0,2026-08-10,,,,,,,,
DCH,2026-08-07,6.35,6.6,0.03937007874015741,2026-08-10,,,,,,,,
DCI,2026-08-07,98.61,99.11,0.005070479667376615,2026-08-10,,,,,,,,
DCMT,2026-08-07,33.14,33.14,0.0,2026-08-10,,,,,,,,
DCO,2026-08-07,197.07,197.07,0.0,2026-08-10,,,,,,,,
DCOM,2026-08-07,40.32,40.11,-0.00520833333333337,2026-08-10,,,,,,,,
DCOR,2026-08-07,85.19,85.19,0.0,2026-08-10,,,,,,,,
DCOY,2026-08-07,3.93,3.93,0.0,2026-08-10,,,,,,,,
DCRE,2026-08-07,51.53,51.53,0.0,2026-08-10,,,,,,,,
DCTH,2026-08-07,15.11,15.0,-0.007279947054930513,2026-08-10,,,,,,,,
DCX,2026-08-07,0.97,0.97,0.0,2026-08-10,,,,,,,,
DD,2026-08-07,142.47,160.39,0.12578086614725903,2026-08-10,,,,,,,,
DDC,2026-08-07,0.43,0.48,0.11627906976744184,2026-08-10,,,,,,,,
DDD,2026-08-07,3.69,3.63,-0.016260162601625994,2026-08-10,,,,,,,,
DDDD,2026-08-07,33.29,33.29,0.0,2026-08-10,,,,,,,,
DDEC,2026-08-07,48.23,48.23,0.0,2026-08-10,,,,,,,,
DDFA,2026-08-07,20.42,20.42,0.0,2026-08-10,,,,,,,,
DDFD,2026-08-07,20.23,20.23,0.0,2026-08-10,,,,,,,,
DDFF,2026-08-07,20.21,20.21,0.0,2026-08-10,,,,,,,,
DDFG,2026-08-07,19.4,19.4,0.0,2026-08-10,,,,,,,,
DDFJ,2026-08-07,20.0,20.0,0.0,2026-08-10,,,,,,,,
DDFL,2026-08-07,21.57,21.57,0.0,2026-08-10,,,,,,,,
DDFM,2026-08-07,20.0,20.0,0.0,2026-08-10,,,,,,,,
DDFN,2026-08-07,20.36,20.36,0.0,2026-08-10,,,,,,,,
DDFO,2026-08-07,22.72,22.72,0.0,2026-08-10,,,,,,,,
DDFS,2026-08-07,22.17,22.17,0.0,2026-08-10,,,,,,,,
DDFY,2026-08-07,20.36,20.36,0.0,2026-08-10,,,,,,,,
DDFZ,2026-08-07,19.67,19.67,0.0,2026-08-10,,,,,,,,
DDI,2026-08-07,11.86,11.86,0.0,2026-08-10,,,,,,,,
DDIV,2026-08-07,47.16,47.16,0.0,2026-08-10,,,,,,,,
DDL,2026-08-07,2.3,2.31,0.004347826086956719,2026-08-10,,,,,,,,
DDLS,2026-08-07,45.87,45.87,0.0,2026-08-10,,,,,,,,
DDM,2026-08-07,69.42,69.29,-0.001872659176029856,2026-08-10,,,,,,,,
DDNQ,2026-08-07,20.79,20.79,0.0,2026-08-10,,,,,,,,
DDOG,2026-08-07,233.93,233.16,-0.0032915829521652507,2026-08-10,,,,,,,,
DDS,2026-08-07,612.14,620.7,0.013983729212271756,2026-08-10,,,,,,,,
DDSQ,2026-08-07,21.38,21.38,0.0,2026-08-10,,,,,,,,
DDTA,2026-08-07,20.74,20.74,0.0,2026-08-10,,,,,,,,
DDTD,2026-08-07,20.73,20.73,0.0,2026-08-10,,,,,,,,
DDTF,2026-08-07,20.61,20.61,0.0,2026-08-10,,,,,,,,
DDTG,2026-08-07,19.51,19.51,0.0,2026-08-10,,,,,,,,
DDTJ,2026-08-07,20.47,20.47,0.0,2026-08-10,,,,,,,,
DDTL,2026-08-07,22.41,22.41,0.0,2026-08-10,,,,,,,,
DDTM,2026-08-07,20.42,20.42,0.0,2026-08-10,,,,,,,,
DDTN,2026-08-07,20.83,20.83,0.0,2026-08-10,,,,,,,,
DDTO,2026-08-07,23.33,23.33,0.0,2026-08-10,,,,,,,,
DDTS,2026-08-07,22.89,22.89,0.0,2026-08-10,,,,,,,,
DDTY,2026-08-07,20.62,20.62,0.0,2026-08-10,,,,,,,,
DDTZ,2026-08-07,19.82,19.82,0.0,2026-08-10,,,,,,,,
DDV,2026-08-07,25.45,25.45,0.0,2026-08-10,,,,,,,,
DDWM,2026-08-07,47.73,47.73,0.0,2026-08-10,,,,,,,,
DDX,2026-08-07,25.36,25.36,0.0,2026-08-10,,,,,,,,
DDXX,2026-08-07,28.7,28.7,0.0,2026-08-10,,,,,,,,
DE,2026-08-07,620.83,619.31,-0.002448335293075532,2026-08-10,,,,,,,,
DEA,2026-08-07,24.96,24.96,0.0,2026-08-10,,,,,,,,
DEC,2026-08-07,13.85,13.8,-0.0036101083032490378,2026-08-10,,,,,,,,
DECK,2026-08-07,97.46,97.71,0.002565154935358027,2026-08-10,,,,,,,,
DECM,2026-08-07,34.06,34.06,0.0,2026-08-10,,,,,,,,
DECO,2026-08-07,73.56,73.56,0.0,2026-08-10,,,,,,,,
DECP,2026-08-07,33.24,33.24,0.0,2026-08-10,,,,,,,,
DECT,2026-08-07,40.24,40.24,0.0,2026-08-10,,,,,,,,
DECU,2026-08-07,30.0,30.0,0.0,2026-08-10,,,,,,,,
DECW,2026-08-07,36.24,36.24,0.0,2026-08-10,,,,,,,,
DECZ,2026-08-07,44.43,44.43,0.0,2026-08-10,,,,,,,,
DEED,2026-08-07,21.14,21.14,0.0,2026-08-10,,,,,,,,
DEEF,2026-08-07,40.67,40.67,0.0,2026-08-10,,,,,,,,
DEEP,2026-08-07,43.93,43.93,0.0,2026-08-10,,,,,,,,
DEFI,2026-08-07,73.46,73.46,0.0,2026-08-10,,,,,,,,
DEFR,2026-08-07,26.68,26.68,0.0,2026-08-10,,,,,,,,
DEFT,2026-08-07,0.47,0.48,0.02127659574468077,2026-08-10,,,,,,,,
DEHP,2026-08-07,40.33,40.33,0.0,2026-08-10,,,,,,,,
DEI,2026-08-07,11.69,11.89,0.017108639863131048,2026-08-10,,,,,,,,
DELL,2026-08-07,453.77,457.6,0.008440399321242076,2026-08-10,,,,,,,,
DEM,2026-08-07,54.69,54.69,0.0,2026-08-10,,,,,,,,
DEMZ,2026-08-07,48.49,48.49,0.0,2026-08-10,,,,,,,,
DEO,2026-08-07,96.35,97.21,0.008925791385573367,2026-08-10,,,,,,,,
DERM,2026-08-07,6.43,6.43,0.0,2026-08-10,,,,,,,,
DES,2026-08-07,41.26,41.26,0.0,2026-08-10,,,,,,,,
DESK,2026-08-07,41.63,41.63,0.0,2026-08-10,,,,,,,,
DETX,2026-08-07,3.02,3.02,0.0,2026-08-10,,,,,,,,
DEUS,2026-08-07,67.76,67.76,0.0,2026-08-10,,,,,,,,
DEW,2026-08-07,71.99,71.99,0.0,2026-08-10,,,,,,,,
DEXC,2026-08-07,76.66,76.66,0.0,2026-08-10,,,,,,,,
DFAC,2026-08-07,45.93,45.93,0.0,2026-08-10,,,,,,,,
DFAE,2026-08-07,38.83,38.83,0.0,2026-08-10,,,,,,,,
DFAI,2026-08-07,43.31,43.31,0.0,2026-08-10,,,,,,,,
DFAL,2026-08-07,52.07,52.07,0.0,2026-08-10,,,,,,,,
DFAR,2026-08-07,26.59,26.59,0.0,2026-08-10,,,,,,,,
DFAS,2026-08-07,83.49,83.49,0.0,2026-08-10,,,,,,,,
DFAT,2026-08-07,71.97,71.97,0.0,2026-08-10,,,,,,,,
DFAU,2026-08-07,53.53,53.53,0.0,2026-08-10,,,,,,,,
DFAW,2026-08-07,85.58,85.58,0.0,2026-08-10,,,,,,,,
DFAX,2026-08-07,37.85,37.85,0.0,2026-08-10,,,,,,,,
DFCA,2026-08-07,49.74,49.74,0.0,2026-08-10,,,,,,,,
DFCF,2026-08-07,41.75,41.75,0.0,2026-08-10,,,,,,,,
DFDV,2026-08-07,2.89,2.9,0.0034602076124565784,2026-08-10,,,,,,,,
DFE,2026-08-07,76.82,76.82,0.0,2026-08-10,,,,,,,,
DFEB,2026-08-07,51.33,51.33,0.0,2026-08-10,,,,,,,,
DFEM,2026-08-07,39.26,39.26,0.0,2026-08-10,,,,,,,,
DFEN,2026-08-07,85.94,84.56,-0.01605771468466366,2026-08-10,,,,,,,,
DFEV,2026-08-07,41.29,41.29,0.0,2026-08-10,,,,,,,,
DFGP,2026-08-07,53.65,53.65,0.0,2026-08-10,,,,,,,,
DFGR,2026-08-07,29.66,29.5,-0.0053944706675657095,2026-08-10,,,,,,,,
DFGX,2026-08-07,52.58,52.58,0.0,2026-08-10,,,,,,,,
DFH,2026-08-07,15.03,15.02,-0.0006653359946773296,2026-08-10,,,,,,,,
DFIC,2026-08-07,39.23,39.23,0.0,2026-08-10,,,,,,,,
DFII,2026-08-07,11.88,11.88,0.0,2026-08-10,,,,,,,,
DFIN,2026-08-07,47.38,47.38,0.0,2026-08-10,,,,,,,,
DFIP,2026-08-07,40.61,40.61,0.0,2026-08-10,,,,,,,,
DFIS,2026-08-07,37.24,37.24,0.0,2026-08-10,,,,,,,,
DFIV,2026-08-07,57.98,57.98,0.0,2026-08-10,,,,,,,,
DFJ,2026-08-07,112.64,112.64,0.0,2026-08-10,,,,,,,,
DFLI,2026-08-07,1.32,1.31,-0.007575757575757569,2026-08-10,,,,,,,,
DFLV,2026-08-07,41.51,41.51,0.0,2026-08-10,,,,,,,,
DFMC,2026-08-07,61.79,61.79,0.0,2026-08-10,,,,,,,,
DFNL,2026-08-07,52.32,52.32,0.0,2026-08-10,,,,,,,,
DFNM,2026-08-07,47.85,47.85,0.0,2026-08-10,,,,,,,,
DFNS,2026-08-07,37.95,40.3,0.06192358366271389,2026-08-10,,,,,,,,
DFP,2026-08-07,20.81,20.81,0.0,2026-08-10,,,,,,,,
DFSB,2026-08-07,51.06,51.06,0.0,2026-08-10,,,,,,,,
DFSC,2026-08-07,1.26,1.37,0.08730158730158744,2026-08-10,,,,,,,,
DFSD,2026-08-07,47.45,47.45,0.0,2026-08-10,,,,,,,,
DFSE,2026-08-07,47.93,47.93,0.0,2026-08-10,,,,,,,,
DFSI,2026-08-07,47.24,47.24,0.0,2026-08-10,,,,,,,,
DFSU,2026-08-07,48.86,48.86,0.0,2026-08-10,,,,,,,,
DFSV,2026-08-07,40.29,40.29,0.0,2026-08-10,,,,,,,,
DFTT,2026-08-07,30.59,30.59,0.0,2026-08-10,,,,,,,,
DFTX,2026-08-07,46.14,46.82,0.01473775465973115,2026-08-10,,,,,,,,
DFUS,2026-08-07,84.55,84.55,0.0,2026-08-10,,,,,,,,
DFUV,2026-08-07,56.89,56.89,0.0,2026-08-10,,,,,,,,
DFVE,2026-08-07,37.21,37.21,0.0,2026-08-10,,,,,,,,
DFVX,2026-08-07,85.73,85.73,0.0,2026-08-10,,,,,,,,
DG,2026-08-07,126.59,126.32,-0.00213286989493644,2026-08-10,,,,,,,,
DGAC,2026-08-07,9.95,9.95,0.0,2026-08-10,,,,,,,,
DGAP,2026-08-07,30.9,30.9,0.0,2026-08-10,,,,,,,,
DGCB,2026-08-07,53.58,53.58,0.0,2026-08-10,,,,,,,,
DGICA,2026-08-07,19.24,19.21,-0.0015592515592514067,2026-08-10,,,,,,,,
DGII,2026-08-07,81.7,81.72,0.0002447980416155904,2026-08-10,,,,,,,,
DGIN,2026-08-07,36.91,36.91,0.0,2026-08-10,,,,,,,,
DGJA,2026-08-07,31.96,31.96,0.0,2026-08-10,,,,,,,,
DGJL,2026-08-07,30.15,30.15,0.0,2026-08-10,,,,,,,,
DGLO,2026-08-07,24.41,24.41,0.0,2026-08-10,,,,,,,,
DGNX,2026-08-07,1.52,1.54,0.013157894736842035,2026-08-10,,,,,,,,
DGOC,2026-08-07,32.75,32.75,0.0,2026-08-10,,,,,,,,
DGP,2026-08-07,150.13,150.13,0.0,2026-08-10,,,,,,,,
DGRE,2026-08-07,39.57,39.57,0.0,2026-08-10,,,,,,,,
DGRO,2026-08-07,79.47,79.47,0.0,2026-08-10,,,,,,,,
DGRS,2026-08-07,61.19,63.67,0.040529498284033405,2026-08-10,,,,,,,,
DGRW,2026-08-07,100.02,99.71,-0.0030993801239752594,2026-08-10,,,,,,,,
DGS,2026-08-07,63.86,63.86,0.0,2026-08-10,,,,,,,,
DGT,2026-08-07,191.87,191.87,0.0,2026-08-10,,,,,,,,
DGX,2026-08-07,238.35,238.35,0.0,2026-08-10,,,,,,,,
DGXX,2026-08-07,3.91,3.95,0.010230179028132946,2026-08-10,,,,,,,,
DGZ,2026-08-07,5.38,5.38,0.0,2026-08-10,,,,,,,,
DH,2026-08-07,0.71,0.71,0.0,2026-08-10,,,,,,,,
DHC,2026-08-07,8.82,9.4,0.06575963718820854,2026-08-10,,,,,,,,
DHDG,2026-08-07,37.52,37.52,0.0,2026-08-10,,,,,,,,
DHF,2026-08-07,2.37,2.37,0.0,2026-08-10,,,,,,,,
DHI,2026-08-07,151.08,149.0,-0.013767540375959841,2026-08-10,,,,,,,,
DHLX,2026-08-07,13.92,13.92,0.0,2026-08-10,,,,,,,,
DHR,2026-08-07,204.76,203.8,-0.004688415706192495,2026-08-10,,,,,,,,
DHS,2026-08-07,117.28,117.28,0.0,2026-08-10,,,,,,,,
DHSB,2026-08-07,27.48,27.48,0.0,2026-08-10,,,,,,,,
DHT,2026-08-07,18.76,18.85,0.00479744136460547,2026-08-10,,,,,,,,
DHX,2026-08-07,3.98,4.02,0.010050251256281229,2026-08-10,,,,,,,,
DHY,2026-08-07,1.74,1.74,0.0,2026-08-10,,,,,,,,
DIA,2026-08-07,539.62,539.03,-0.0010933619954783813,2026-08-10,,,,,,,,
DIAL,2026-08-07,17.98,17.98,0.0,2026-08-10,,,,,,,,
DIBS,2026-08-07,5.08,5.08,0.0,2026-08-10,,,,,,,,
DIEM,2026-08-07,41.61,41.55,-0.0014419610670511895,2026-08-10,,,,,,,,
DIG,2026-08-07,56.83,56.83,0.0,2026-08-10,,,,,,,,
DIHP,2026-08-07,35.62,35.62,0.0,2026-08-10,,,,,,,,
DIM,2026-08-07,89.49,89.49,0.0,2026-08-10,,,,,,,,
DIME,2026-08-07,7.38,7.38,0.0,2026-08-10,,,,,,,,
DIN,2026-08-07,35.69,35.88,0.005323620061641998,2026-08-10,,,,,,,,
DINE,2026-08-07,25.16,25.16,0.0,2026-08-10,,,,,,,,
DINO,2026-08-07,81.41,82.8,0.017074069524628532,2026-08-10,,,,,,,,
DINT,2026-08-07,30.49,30.49,0.0,2026-08-10,,,,,,,,
DIOD,2026-08-07,105.17,107.49,0.0220595226775695,2026-08-10,,,,,,,,
DIPR,2026-08-07,24.97,24.97,0.0,2026-08-10,,,,,,,,
DIPS,2026-08-07,34.07,33.74,-0.009685940710302265,2026-08-10,,,,,,,,
DIS,2026-08-07,104.91,104.75,-0.0015251167667523768,2026-08-10,,,,,,,,
DISK,2026-08-07,33.0,33.67,0.020303030303030267,2026-08-10,,,,,,,,
DISV,2026-08-07,43.87,43.87,0.0,2026-08-10,,,,,,,,
DIT,2026-08-07,68.74,68.74,0.0,2026-08-10,,,,,,,,
DIV,2026-08-07,19.68,19.8,0.0060975609756097615,2026-08-10,,,,,,,,
DIVB,2026-08-07,67.3,67.4,0.0014858841010403356,2026-08-10,,,,,,,,
DIVD,2026-08-07,44.88,44.88,0.0,2026-08-10,,,,,,,,
DIVE,2026-08-07,27.52,27.52,0.0,2026-08-10,,,,,,,,
DIVG,2026-08-07,38.05,38.05,0.0,2026-08-10,,,,,,,,
DIVI,2026-08-07,44.75,44.75,0.0,2026-08-10,,,,,,,,
DIVL,2026-08-07,25.38,25.38,0.0,2026-08-10,,,,,,,,
DIVN,2026-08-07,30.17,30.17,0.0,2026-08-10,,,,,,,,
DIVO,2026-08-07,48.0,48.19,0.003958333333333286,2026-08-10,,,,,,,,
DIVP,2026-08-07,27.52,27.52,0.0,2026-08-10,,,,,,,,
DIVS,2026-08-07,35.08,35.08,0.0,2026-08-10,,,,,,,,
DIVY,2026-08-07,30.72,30.72,0.0,2026-08-10,,,,,,,,
DIVZ,2026-08-07,38.31,38.31,0.0,2026-08-10,,,,,,,,
DJAN,2026-08-07,46.33,46.33,0.0,2026-08-10,,,,,,,,
DJCO,2026-08-07,564.69,564.69,0.0,2026-08-10,,,,,,,,
DJD,2026-08-07,65.78,69.03,0.049407114624505866,2026-08-10,,,,,,,,
DJIA,2026-08-07,22.85,22.85,0.0,2026-08-10,,,,,,,,
DJP,2026-08-07,47.02,47.02,0.0,2026-08-10,,,,,,,,
DJT,2026-08-07,10.21,10.25,0.003917727717923425,2026-08-10,,,,,,,,
DJTU,2026-08-07,15.55,15.64,0.005787781350482302,2026-08-10,,,,,,,,
DJUL,2026-08-07,51.25,51.25,0.0,2026-08-10,,,,,,,,
DJUN,2026-08-07,50.22,50.22,0.0,2026-08-10,,,,,,,,
DK,2026-08-07,58.46,60.66,0.03763256927813874,2026-08-10,,,,,,,,
DKI,2026-08-07,3.67,5.97,0.6267029972752043,2026-08-10,,,,,,,,
DKL,2026-08-07,56.75,56.75,0.0,2026-08-10,,,,,,,,
DKNG,2026-08-07,24.03,23.9,-0.005409904286308942,2026-08-10,,,,,,,,
DKNX,2026-08-07,16.86,16.7,-0.009489916963226541,2026-08-10,,,,,,,,
DKS,2026-08-07,208.84,212.55,0.017764796016088935,2026-08-10,,,,,,,,
DLAG,2026-08-07,33.52,33.52,0.0,2026-08-10,,,,,,,,
DLB,2026-08-07,61.77,61.77,0.0,2026-08-10,,,,,,,,
DLCU,2026-08-07,50.15,50.15,0.0,2026-08-10,,,,,,,,
DLFE,2026-08-07,32.24,32.24,0.0,2026-08-10,,,,,,,,
DLHC,2026-08-07,4.82,4.82,0.0,2026-08-10,,,,,,,,
DLLL,2026-08-07,25.4,25.76,0.014173228346456845,2026-08-10,,,,,,,,
DLMY,2026-08-07,30.51,30.51,0.0,2026-08-10,,,,,,,,
DLN,2026-08-07,100.64,100.64,0.0,2026-08-10,,,,,,,,
DLNG,2026-08-07,3.76,3.76,0.0,2026-08-10,,,,,,,,
DLNV,2026-08-07,33.45,33.45,0.0,2026-08-10,,,,,,,,
DLO,2026-08-07,14.4,14.5,0.00694444444444442,2026-08-10,,,,,,,,
DLPN,2026-08-07,1.1,1.1,0.0,2026-08-10,,,,,,,,
DLR,2026-08-07,193.8,194.0,0.0010319917440659854,2026-08-10,,,,,,,,
DLS,2026-08-07,88.24,88.24,0.0,2026-08-10,,,,,,,,
DLTH,2026-08-07,4.18,4.18,0.0,2026-08-10,,,,,,,,
DLTR,2026-08-07,130.9,130.0,-0.006875477463712754,2026-08-10,,,,,,,,
DLUX,2026-08-07,50.27,50.27,0.0,2026-08-10,,,,,,,,
DLX,2026-08-07,25.01,24.88,-0.00519792083166748,2026-08-10,,,,,,,,
DLXY,2026-08-07,0.38,0.38,0.0,2026-08-10,,,,,,,,
DLY,2026-08-07,14.21,14.28,0.004926108374384119,2026-08-10,,,,,,,,
DMA,2026-08-07,7.61,7.61,0.0,2026-08-10,,,,,,,,
DMAA,2026-08-07,10.7,10.7,0.0,2026-08-10,,,,,,,,
DMAC,2026-08-07,6.75,6.75,0.0,2026-08-10,,,,,,,,
DMAR,2026-08-07,45.31,45.31,0.0,2026-08-10,,,,,,,,
DMAX,2026-08-07,27.61,27.61,0.0,2026-08-10,,,,,,,,
DMAY,2026-08-07,47.98,47.98,0.0,2026-08-10,,,,,,,,
DMB,2026-08-07,10.66,10.66,0.0,2026-08-10,,,,,,,,
DMBS,2026-08-07,48.35,48.35,0.0,2026-08-10,,,,,,,,
DMC,2026-08-07,30.75,31.06,0.010081300813008065,2026-08-10,,,,,,,,
DMII,2026-08-07,10.14,10.14,0.0,2026-08-10,,,,,,,,
DMLP,2026-08-07,26.08,26.08,0.0,2026-08-10,,,,,,,,
DMO,2026-08-07,10.48,10.48,0.0,2026-08-10,,,,,,,,
DMRA,2026-08-07,29.92,29.92,0.0,2026-08-10,,,,,,,,
DMRC,2026-08-07,7.95,7.95,0.0,2026-08-10,,,,,,,,
DMX,2026-08-07,50.03,50.03,0.0,2026-08-10,,,,,,,,
DMXF,2026-08-07,87.09,87.09,0.0,2026-08-10,,,,,,,,
DNA,2026-08-07,7.97,7.91,-0.007528230865746499,2026-08-10,,,,,,,,
DNL,2026-08-07,46.8,46.8,0.0,2026-08-10,,,,,,,,
DNLI,2026-08-07,24.83,24.83,0.0,2026-08-10,,,,,,,,
DNMX,2026-08-07,10.03,10.03,0.0,2026-08-10,,,,,,,,
DNN,2026-08-07,3.22,3.23,0.0031055900621117516,2026-08-10,,,,,,,,
DNNG,2026-08-07,5.52,,,2026-08-10,,,,,,,,
DNOV,2026-08-07,52.19,52.19,0.0,2026-08-10,,,,,,,,
DNOW,2026-08-07,16.52,16.4,-0.007263922518159882,2026-08-10,,,,,,,,
DNP,2026-08-07,10.85,10.85,0.0,2026-08-10,,,,,,,,
DNTH,2026-08-07,108.92,109.7,0.007161219243481565,2026-08-10,,,,,,,,
DNUT,2026-08-07,3.34,3.32,-0.005988023952095856,2026-08-10,,,,,,,,
DOC,2026-08-07,21.41,21.32,-0.00420364315740307,2026-08-10,,,,,,,,
DOCK,2026-08-07,27.19,27.19,0.0,2026-08-10,,,,,,,,
DOCN,2026-08-07,124.15,125.33,0.009504631494160254,2026-08-10,,,,,,,,
DOCS,2026-08-07,27.4,27.4,0.0,2026-08-10,,,,,,,,
DOCT,2026-08-07,47.47,47.47,0.0,2026-08-10,,,,,,,,
DOCU,2026-08-07,60.26,60.05,-0.0034848987719880986,2026-08-10,,,,,,,,
DOG,2026-08-07,21.05,21.07,0.00095011876484552,2026-08-10,,,,,,,,
DOGG,2026-08-07,22.08,22.08,0.0,2026-08-10,,,,,,,,
DOGZ,2026-08-07,0.93,0.93,0.0,2026-08-10,,,,,,,,
DOJE,2026-08-07,6.46,6.5,0.006191950464396356,2026-08-10,,,,,,,,
DOL,2026-08-07,76.83,76.83,0.0,2026-08-10,,,,,,,,
DOLE,2026-08-07,13.83,13.66,-0.012292118582791,2026-08-10,,,,,,,,
DOMH,2026-08-07,2.45,2.62,0.06938775510204076,2026-08-10,,,,,,,,
DOMO,2026-08-07,3.91,3.91,0.0,2026-08-10,,,,,,,,
DON,2026-08-07,58.28,58.28,0.0,2026-08-10,,,,,,,,
DOO,2026-08-07,65.01,65.01,0.0,2026-08-10,,,,,,,,
DORM,2026-08-07,140.91,140.91,0.0,2026-08-10,,,,,,,,
DOUG,2026-08-07,1.78,1.77,-0.005617977528089901,2026-08-10,,,,,,,,
DOV,2026-08-07,211.13,211.13,0.0,2026-08-10,,,,,,,,
DOW,2026-08-07,29.34,29.54,0.0068166325835037345,2026-08-10,,,,,,,,
DOX,2026-08-07,58.55,58.59,0.000683176771989924,2026-08-10,,,,,,,,
DOYU,2026-08-07,4.7,4.7,0.0,2026-08-10,,,,,,,,
DPC,2026-08-07,52.44,51.35,-0.020785659801678014,2026-08-10,,,,,,,,
DPG,2026-08-07,14.57,14.57,0.0,2026-08-10,,,,,,,,
DPRE,2026-08-07,26.38,26.38,0.0,2026-08-10,,,,,,,,
DPRO,2026-08-07,4.65,4.78,0.027956989247311714,2026-08-10,,,,,,,,
DPST,2026-08-07,146.17,145.19,-0.006704522131764312,2026-08-10,,,,,,,,
DPU,2026-08-07,2.0,2.0,0.0,2026-08-10,,,,,,,,
DPZ,2026-08-07,350.95,348.67,-0.006496651944721377,2026-08-10,,,,,,,,
DQ,2026-08-07,14.72,14.05,-0.04551630434782605,2026-08-10,,,,,,,,
DQJN,2026-08-07,29.53,29.53,0.0,2026-08-10,,,,,,,,
DRAI,2026-08-07,33.92,33.92,0.0,2026-08-10,,,,,,,,
DRAL,2026-08-07,8.8,8.82,0.002272727272727204,2026-08-10,,,,,,,,
DRAM,2026-08-07,50.6,50.09,-0.010079051383399151,2026-08-10,,,,,,,,
DRAY,2026-08-07,15.37,14.9,-0.030579050097592653,2026-08-10,,,,,,,,
DRCT,2026-08-07,2.58,2.58,0.0,2026-08-10,,,,,,,,
DRD,2026-08-07,23.63,24.0,0.015658061785865485,2026-08-10,,,,,,,,
DRDB,2026-08-07,10.65,10.65,0.0,2026-08-10,,,,,,,,
DRES,2026-08-07,31.7,31.7,0.0,2026-08-10,,,,,,,,
DRGN,2026-08-07,37.35,37.35,0.0,2026-08-10,,,,,,,,
DRH,2026-08-07,12.53,12.6,0.005586592178770999,2026-08-10,,,,,,,,
DRI,2026-08-07,213.76,213.5,-0.0012163173652693926,2026-08-10,,,,,,,,
DRIO,2026-08-07,7.3,7.75,0.06164383561643838,2026-08-10,,,,,,,,
DRIP,2026-08-07,45.1,44.66,-0.00975609756097573,2026-08-10,,,,,,,,
DRIV,2026-08-07,35.78,35.78,0.0,2026-08-10,,,,,,,,
DRKY,2026-08-07,21.4,21.4,0.0,2026-08-10,,,,,,,,
DRLL,2026-08-07,36.85,36.85,0.0,2026-08-10,,,,,,,,
DRMA,2026-08-07,1.1,1.12,0.0181818181818183,2026-08-10,,,,,,,,
DRMP,2026-08-07,21.18,21.18,0.0,2026-08-10,,,,,,,,
DRMY,2026-08-07,43.76,43.76,0.0,2026-08-10,,,,,,,,
DRN,2026-08-07,11.07,11.07,0.0,2026-08-10,,,,,,,,
DRNL,2026-08-07,7.02,7.02,0.0,2026-08-10,,,,,,,,
DRNZ,2026-08-07,23.56,23.56,0.0,2026-08-10,,,,,,,,
DRS,2026-08-07,44.8,44.79,-0.00022321428571425717,2026-08-10,,,,,,,,
DRSK,2026-08-07,29.02,29.02,0.0,2026-08-10,,,,,,,,
DRTS,2026-08-07,13.14,13.45,0.023592085235920823,2026-08-10,,,,,,,,
DRUG,2026-08-07,79.33,79.33,0.0,2026-08-10,,,,,,,,
DRUP,2026-08-07,68.82,68.82,0.0,2026-08-10,,,,,,,,
DRV,2026-08-07,17.95,17.95,0.0,2026-08-10,,,,,,,,
DRVN,2026-08-07,13.33,13.33,0.0,2026-08-10,,,,,,,,
DRVR,2026-08-07,25.77,25.77,0.0,2026-08-10,,,,,,,,
DSAC,2026-08-07,10.18,10.18,0.0,2026-08-10,,,,,,,,
DSC,2026-08-07,6.3,6.3,0.0,2026-08-10,,,,,,,,
DSCO,2026-08-07,24.79,24.79,0.0,2026-08-10,,,,,,,,
DSEP,2026-08-07,48.3,48.3,0.0,2026-08-10,,,,,,,,
DSGN,2026-08-07,13.99,13.99,0.0,2026-08-10,,,,,,,,
DSGR,2026-08-07,34.88,34.88,0.0,2026-08-10,,,,,,,,
DSGX,2026-08-07,79.57,79.57,0.0,2026-08-10,,,,,,,,
DSI,2026-08-07,147.32,147.32,0.0,2026-08-10,,,,,,,,
DSL,2026-08-07,10.84,10.88,0.0036900369003691758,2026-08-10,,,,,,,,
DSM,2026-08-07,5.92,5.92,0.0,2026-08-10,,,,,,,,
DSMC,2026-08-07,43.73,43.73,0.0,2026-08-10,,,,,,,,
DSP,2026-08-07,13.24,13.31,0.005287009063444037,2026-08-10,,,,,,,,
DSPY,2026-08-07,67.2,67.2,0.0,2026-08-10,,,,,,,,
DSS,2026-08-07,0.51,0.51,0.0,2026-08-10,,,,,,,,
DSTL,2026-08-07,67.35,67.35,0.0,2026-08-10,,,,,,,,
DSTX,2026-08-07,36.22,36.22,0.0,2026-08-10,,,,,,,,
DSU,2026-08-07,9.49,9.49,0.0,2026-08-10,,,,,,,,
DSWL,2026-08-07,3.28,3.28,0.0,2026-08-10,,,,,,,,
DSX,2026-08-07,2.42,2.42,0.0,2026-08-10,,,,,,,,
DSY,2026-08-07,4.6,3.81,-0.1717391304347825,2026-08-10,,,,,,,,
DT,2026-08-07,48.97,49.24,0.005513579742699726,2026-08-10,,,,,,,,
DTAN,2026-08-07,34.08,34.08,0.0,2026-08-10,,,,,,,,
DTCR,2026-08-07,28.31,28.69,0.01342281879194629,2026-08-10,,,,,,,,
DTCX,2026-08-07,2.05,2.05,0.0,2026-08-10,,,,,,,,
DTD,2026-08-07,97.21,97.21,0.0,2026-08-10,,,,,,,,
DTE,2026-08-07,139.87,144.75,0.03488954028740965,2026-08-10,,,,,,,,
DTEC,2026-08-07,52.24,52.24,0.0,2026-08-10,,,,,,,,
DTF,2026-08-07,11.55,11.55,0.0,2026-08-10,,,,,,,,
DTH,2026-08-07,58.38,58.38,0.0,2026-08-10,,,,,,,,
DTI,2026-08-07,2.28,2.28,0.0,2026-08-10,,,,,,,,
DTIL,2026-08-07,7.49,7.49,0.0,2026-08-10,,,,,,,,
DTM,2026-08-07,131.44,131.44,0.0,2026-08-10,,,,,,,,
DTRE,2026-08-07,42.77,42.77,0.0,2026-08-10,,,,,,,,
DTSQ,2026-08-07,11.26,11.26,0.0,2026-08-10,,,,,,,,
DTSS,2026-08-07,0.79,0.78,-0.012658227848101222,2026-08-10,,,,,,,,
DTST,2026-08-07,3.34,3.38,0.011976047904191711,2026-08-10,,,,,,,,
DUBS,2026-08-07,43.26,43.26,0.0,2026-08-10,,,,,,,,
DUG,2026-08-07,18.17,18.02,-0.008255365987892227,2026-08-10,,,,,,,,
DUHP,2026-08-07,42.52,42.52,0.0,2026-08-10,,,,,,,,
DUK,2026-08-07,124.85,124.1,-0.006007208650380402,2026-08-10,,,,,,,,
DUKH,2026-08-07,23.78,23.78,0.0,2026-08-10,,,,,,,,
DUKQ,2026-08-07,32.06,32.06,0.0,2026-08-10,,,,,,,,
DUKR,2026-08-07,5.38,5.38,0.0,2026-08-10,,,,,,,,
DUKX,2026-08-07,28.91,28.91,0.0,2026-08-10,,,,,,,,
DUKZ,2026-08-07,25.27,25.27,0.0,2026-08-10,,,,,,,,
DULL,2026-08-07,59.12,59.25,0.002198917456021743,2026-08-10,,,,,,,,
DUNK,2026-08-07,28.19,28.19,0.0,2026-08-10,,,,,,,,
DUO,2026-08-07,0.63,0.61,-0.031746031746031744,2026-08-10,,,,,,,,
DUOG,2026-08-07,47.14,47.14,0.0,2026-08-10,,,,,,,,
DUOL,2026-08-07,130.9,130.3,-0.004583651642475095,2026-08-10,,,,,,,,
DUOT,2026-08-07,9.24,9.22,-0.0021645021645021467,2026-08-10,,,,,,,,
DURA,2026-08-07,38.85,38.85,0.0,2026-08-10,,,,,,,,
DUSA,2026-08-07,57.5,57.5,0.0,2026-08-10,,,,,,,,
DUSB,2026-08-07,50.83,50.83,0.0,2026-08-10,,,,,,,,
DUSG,2026-08-07,53.68,53.68,0.0,2026-08-10,,,,,,,,
DUSL,2026-08-07,102.41,102.41,0.0,2026-08-10,,,,,,,,
DUST,2026-08-07,41.75,41.98,0.005508982035927978,2026-08-10,,,,,,,,
DUTY,2026-08-07,28.32,28.32,0.0,2026-08-10,,,,,,,,
DV,2026-08-07,13.21,13.23,0.0015140045420136694,2026-08-10,,,,,,,,
DVA,2026-08-07,183.77,183.99,0.001197148609675125,2026-08-10,,,,,,,,
DVAL,2026-08-07,16.64,16.64,0.0,2026-08-10,,,,,,,,
DVDN,2026-08-07,15.72,15.72,0.0,2026-08-10,,,,,,,,
DVGR,2026-08-07,27.59,27.59,0.0,2026-08-10,,,,,,,,
DVIN,2026-08-07,31.04,31.04,0.0,2026-08-10,,,,,,,,
DVLT,2026-08-07,0.31,0.32,0.032258064516129004,2026-08-10,,,,,,,,
DVLU,2026-08-07,41.69,41.69,0.0,2026-08-10,,,,,,,,
DVN,2026-08-07,42.98,43.22,0.0055839925546765645,2026-08-10,,,,,,,,
DVND,2026-08-07,39.89,39.89,0.0,2026-08-10,,,,,,,,
DVOL,2026-08-07,37.82,37.82,0.0,2026-08-10,,,,,,,,
DVQQ,2026-08-07,31.77,31.77,0.0,2026-08-10,,,,,,,,
DVRE,2026-08-07,25.03,25.03,0.0,2026-08-10,,,,,,,,
DVSP,2026-08-07,30.33,30.33,0.0,2026-08-10,,,,,,,,
DVUT,2026-08-07,25.59,25.59,0.0,2026-08-10,,,,,,,,
DVVY,2026-08-07,27.62,27.62,0.0,2026-08-10,,,,,,,,
DVXB,2026-08-07,29.16,29.16,0.0,2026-08-10,,,,,,,,
DVXC,2026-08-07,23.73,23.73,0.0,2026-08-10,,,,,,,,
DVXE,2026-08-07,38.23,38.23,0.0,2026-08-10,,,,,,,,
DVXF,2026-08-07,28.59,28.59,0.0,2026-08-10,,,,,,,,
DVXK,2026-08-07,37.8,37.8,0.0,2026-08-10,,,,,,,,
DVXP,2026-08-07,25.85,25.85,0.0,2026-08-10,,,,,,,,
DVXV,2026-08-07,33.27,33.27,0.0,2026-08-10,,,,,,,,
DVXY,2026-08-07,22.94,22.94,0.0,2026-08-10,,,,,,,,
DVY,2026-08-07,161.91,162.22,0.0019146439379902347,2026-08-10,,,,,,,,
DVYA,2026-08-07,51.56,51.56,0.0,2026-08-10,,,,,,,,
DVYE,2026-08-07,34.24,34.24,0.0,2026-08-10,,,,,,,,
DWAS,2026-08-07,118.03,118.03,0.0,2026-08-10,,,,,,,,
DWAW,2026-08-07,51.16,51.16,0.0,2026-08-10,,,,,,,,
DWLD,2026-08-07,48.48,48.48,0.0,2026-08-10,,,,,,,,
DWM,2026-08-07,76.98,76.98,0.0,2026-08-10,,,,,,,,
DWMF,2026-08-07,34.26,34.26,0.0,2026-08-10,,,,,,,,
DWSH,2026-08-07,5.55,5.55,0.0,2026-08-10,,,,,,,,
DWSN,2026-08-07,4.35,4.35,0.0,2026-08-10,,,,,,,,
DWTX,2026-08-07,1.8,1.85,0.0277777777777779,2026-08-10,,,,,,,,
DWUS,2026-08-07,60.37,60.37,0.0,2026-08-10,,,,,,,,
DWWN,2026-08-07,24.4,24.4,0.0,2026-08-10,,,,,,,,
DWX,2026-08-07,48.23,48.23,0.0,2026-08-10,,,,,,,,
DX,2026-08-07,12.95,12.95,0.0,2026-08-10,,,,,,,,
DXC,2026-08-07,10.84,10.9,0.005535055350553542,2026-08-10,,,,,,,,
DXCM,2026-08-07,84.75,84.71,-0.0004719764011800187,2026-08-10,,,,,,,,
DXD,2026-08-07,16.17,16.17,0.0,2026-08-10,,,,,,,,
DXF,2026-08-07,0.48,0.44,-0.08333333333333326,2026-08-10,,,,,,,,
DXIV,2026-08-07,74.37,74.37,0.0,2026-08-10,,,,,,,,
DXJ,2026-08-07,179.38,179.38,0.0,2026-08-10,,,,,,,,
DXLG,2026-08-07,0.64,0.67,0.046875,2026-08-10,,,,,,,,
DXPE,2026-08-07,192.36,192.36,0.0,2026-08-10,,,,,,,,
DXR,2026-08-07,10.11,10.11,0.0,2026-08-10,,,,,,,,
DXST,2026-08-07,2.67,2.58,-0.0337078651685393,2026-08-10,,,,,,,,
DXUV,2026-08-07,70.06,70.06,0.0,2026-08-10,,,,,,,,
DXYZ,2026-08-07,25.89,26.72,0.03205870992661253,2026-08-10,,,,,,,,
DY,2026-08-07,407.99,400.0,-0.019583813328758026,2026-08-10,,,,,,,,
DYAI,2026-08-07,1.0,0.96,-0.040000000000000036,2026-08-10,,,,,,,,
DYFI,2026-08-07,22.66,22.66,0.0,2026-08-10,,,,,,,,
DYLD,2026-08-07,22.33,22.33,0.0,2026-08-10,,,,,,,,
DYLG,2026-08-07,28.79,28.79,0.0,2026-08-10,,,,,,,,
DYN,2026-08-07,26.25,26.15,-0.003809523809523818,2026-08-10,,,,,,,,
DYNB,2026-08-07,38.99,38.99,0.0,2026-08-10,,,,,,,,
DYNC,2026-08-07,10.86,10.86,0.0,2026-08-10,,,,,,,,
DYNF,2026-08-07,69.99,69.99,0.0,2026-08-10,,,,,,,,
DYOR,2026-08-07,10.08,10.08,0.0,2026-08-10,,,,,,,,
DYTA,2026-08-07,31.94,31.94,0.0,2026-08-10,,,,,,,,
DZZ,2026-08-07,1.82,1.82,0.0,2026-08-10,,,,,,,,
E,2026-08-07,53.61,53.73,0.0022383883603804833,2026-08-10,,,,,,,,
EA,2026-08-07,209.7,209.7,0.0,2026-08-10,,,,,,,,
EAD,2026-08-07,6.41,6.41,0.0,2026-08-10,,,,,,,,
EAF,2026-08-07,8.13,8.13,0.0,2026-08-10,,,,,,,,
EAFG,2026-08-07,25.98,25.98,0.0,2026-08-10,,,,,,,,
EAGG,2026-08-07,46.74,46.74,0.0,2026-08-10,,,,,,,,
EAGL,2026-08-07,34.84,34.84,0.0,2026-08-10,,,,,,,,
EALT,2026-08-07,36.74,36.74,0.0,2026-08-10,,,,,,,,
EAOA,2026-08-07,46.01,46.01,0.0,2026-08-10,,,,,,,,
EAOK,2026-08-07,28.25,28.25,0.0,2026-08-10,,,,,,,,
EAOM,2026-08-07,31.41,31.41,0.0,2026-08-10,,,,,,,,
EAOR,2026-08-07,38.13,38.13,0.0,2026-08-10,,,,,,,,
EAPR,2026-08-07,32.97,32.97,0.0,2026-08-10,,,,,,,,
EARN,2026-08-07,4.4,4.4,0.0,2026-08-10,,,,,,,,
EART,2026-08-07,30.35,30.35,0.0,2026-08-10,,,,,,,,
EASG,2026-08-07,39.46,39.46,0.0,2026-08-10,,,,,,,,
EASY,2026-08-07,27.45,27.45,0.0,2026-08-10,,,,,,,,
EAT,2026-08-07,225.2,224.0,-0.005328596802841923,2026-08-10,,,,,,,,
EBAY,2026-08-07,111.98,111.33,-0.005804607965708253,2026-08-10,,,,,,,,
EBC,2026-08-07,22.84,22.83,-0.0004378283712784814,2026-08-10,,,,,,,,
EBF,2026-08-07,22.3,22.3,0.0,2026-08-10,,,,,,,,
EBI,2026-08-07,67.35,67.35,0.0,2026-08-10,,,,,,,,
EBIT,2026-08-07,40.51,40.51,0.0,2026-08-10,,,,,,,,
EBIZ,2026-08-07,31.35,31.35,0.0,2026-08-10,,,,,,,,
EBMT,2026-08-07,23.82,23.82,0.0,2026-08-10,,,,,,,,
EBND,2026-08-07,21.19,21.19,0.0,2026-08-10,,,,,,,,
EBON,2026-08-07,1.96,2.17,0.1071428571428572,2026-08-10,,,,,,,,
EBS,2026-08-07,4.84,4.85,0.0020661157024792765,2026-08-10,,,,,,,,
EBUF,2026-08-07,31.68,31.68,0.0,2026-08-10,,,,,,,,
EC,2026-08-07,16.78,16.9,0.007151370679379987,2026-08-10,,,,,,,,
ECAT,2026-08-07,15.72,15.24,-0.03053435114503822,2026-08-10,,,,,,,,
ECBK,2026-08-07,20.68,20.68,0.0,2026-08-10,,,,,,,,
ECC,2026-08-07,3.88,3.89,0.002577319587628857,2026-08-10,,,,,,,,
ECF,2026-08-07,12.6,12.6,0.0,2026-08-10,,,,,,,,
ECG,2026-08-07,136.89,136.89,0.0,2026-08-10,,,,,,,,
ECH,2026-08-07,41.25,39.17,-0.05042424242424237,2026-08-10,,,,,,,,
ECHO,2026-08-07,90.04,90.99,0.010550866281652471,2026-08-10,,,,,,,,
ECHX,2026-08-07,8.28,8.5,0.026570048309178862,2026-08-10,,,,,,,,
ECL,2026-08-07,285.17,288.18,0.01055510747974897,2026-08-10,,,,,,,,
ECML,2026-08-07,41.0,41.0,0.0,2026-08-10,,,,,,,,
ECNS,2026-08-07,29.49,29.49,0.0,2026-08-10,,,,,,,,
ECO,2026-08-07,61.86,62.64,0.012609117361784605,2026-08-10,,,,,,,,
ECON,2026-08-07,34.37,34.37,0.0,2026-08-10,,,,,,,,
ECOR,2026-08-07,8.09,8.09,0.0,2026-08-10,,,,,,,,
ECOW,2026-08-07,27.75,27.75,0.0,2026-08-10,,,,,,,,
ECPG,2026-08-07,100.2,100.2,0.0,2026-08-10,,,,,,,,
ECVT,2026-08-07,10.38,10.38,0.0,2026-08-10,,,,,,,,
ECX,2026-08-07,1.1,1.11,0.009090909090909038,2026-08-10,,,,,,,,
ED,2026-08-07,107.98,107.98,0.0,2026-08-10,,,,,,,,
EDBL,2026-08-07,1.88,1.86,-0.010638297872340274,2026-08-10,,,,,,,,
EDC,2026-08-07,75.4,74.97,-0.005702917771883365,2026-08-10,,,,,,,,
EDD,2026-08-07,5.98,5.98,0.0,2026-08-10,,,,,,,,
EDEN,2026-08-07,114.41,114.41,0.0,2026-08-10,,,,,,,,
EDF,2026-08-07,5.33,5.33,0.0,2026-08-10,,,,,,,,
EDGE,2026-08-07,51.65,51.65,0.0,2026-08-10,,,,,,,,
EDGF,2026-08-07,24.61,24.61,0.0,2026-08-10,,,,,,,,
EDGH,2026-08-07,34.01,34.01,0.0,2026-08-10,,,,,,,,
EDGI,2026-08-07,31.9,31.9,0.0,2026-08-10,,,,,,,,
EDGQ,2026-08-07,27.8,27.8,0.0,2026-08-10,,,,,,,,
EDGU,2026-08-07,32.24,32.24,0.0,2026-08-10,,,,,,,,
EDGX,2026-08-07,27.19,27.19,0.0,2026-08-10,,,,,,,,
EDHL,2026-08-07,4.16,4.16,0.0,2026-08-10,,,,,,,,
EDIT,2026-08-07,2.88,2.92,0.01388888888888884,2026-08-10,,,,,,,,
EDIV,2026-08-07,41.85,41.85,0.0,2026-08-10,,,,,,,,
EDN,2026-08-07,24.3,24.3,0.0,2026-08-10,,,,,,,,
EDOG,2026-08-07,24.83,24.83,0.0,2026-08-10,,,,,,,,
EDOW,2026-08-07,46.56,46.56,0.0,2026-08-10,,,,,,,,
EDRY,2026-08-07,34.72,35.65,0.02678571428571419,2026-08-10,,,,,,,,
EDSA,2026-08-07,5.27,5.44,0.032258064516129226,2026-08-10,,,,,,,,
EDTK,2026-08-07,1.0,1.0,0.0,2026-08-10,,,,,,,,
EDU,2026-08-07,56.43,56.43,0.0,2026-08-10,,,,,,,,
EDUC,2026-08-07,1.39,1.39,0.0,2026-08-10,,,,,,,,
EDV,2026-08-07,60.35,60.35,0.0,2026-08-10,,,,,,,,
EDZ,2026-08-07,15.7,15.46,-0.015286624203821542,2026-08-10,,,,,,,,
EE,2026-08-07,34.87,35.0,0.0037281330656726563,2026-08-10,,,,,,,,
EEA,2026-08-07,11.23,11.23,0.0,2026-08-10,,,,,,,,
EEE,2026-08-07,21.15,21.15,0.0,2026-08-10,,,,,,,,
EEFT,2026-08-07,72.08,72.43,0.004855715871254329,2026-08-10,,,,,,,,
EEIQ,2026-08-07,2.34,2.34,0.0,2026-08-10,,,,,,,,
EELV,2026-08-07,28.81,28.81,0.0,2026-08-10,,,,,,,,
EEM,2026-08-07,65.64,65.4,-0.003656307129798808,2026-08-10,,,,,,,,
EEMA,2026-08-07,114.66,114.66,0.0,2026-08-10,,,,,,,,
EEMO,2026-08-07,20.89,20.89,0.0,2026-08-10,,,,,,,,
EEMS,2026-08-07,74.56,74.56,0.0,2026-08-10,,,,,,,,
EEMV,2026-08-07,73.8,73.8,0.0,2026-08-10,,,,,,,,
EEMX,2026-08-07,52.06,52.06,0.0,2026-08-10,,,,,,,,
EES,2026-08-07,68.97,68.97,0.0,2026-08-10,,,,,,,,
EET,2026-08-07,106.07,106.06,-9.427736400480224e-05,2026-08-10,,,,,,,,
EETH,2026-08-07,23.33,23.34,0.0004286326618088143,2026-08-10,,,,,,,,
EEV,2026-08-07,11.25,11.25,0.0,2026-08-10,,,,,,,,
EFA,2026-08-07,108.55,107.44,-0.0102257024412713,2026-08-10,,,,,,,,
EFAA,2026-08-07,57.25,57.25,0.0,2026-08-10,,,,,,,,
EFAD,2026-08-07,45.11,45.11,0.0,2026-08-10,,,,,,,,
EFAS,2026-08-07,23.0,23.0,0.0,2026-08-10,,,,,,,,
EFAV,2026-08-07,94.25,94.25,0.0,2026-08-10,,,,,,,,
EFAX,2026-08-07,56.34,56.34,0.0,2026-08-10,,,,,,,,
EFC,2026-08-07,13.6,13.6,0.0,2026-08-10,,,,,,,,
EFFE,2026-08-07,27.63,27.63,0.0,2026-08-10,,,,,,,,
EFFI,2026-08-07,27.31,27.31,0.0,2026-08-10,,,,,,,,
EFG,2026-08-07,126.2,126.2,0.0,2026-08-10,,,,,,,,
EFIV,2026-08-07,75.41,75.41,0.0,2026-08-10,,,,,,,,
EFNL,2026-08-07,52.76,52.76,0.0,2026-08-10,,,,,,,,
EFO,2026-08-07,79.02,79.02,0.0,2026-08-10,,,,,,,,
EFOI,2026-08-07,3.19,3.14,-0.01567398119122254,2026-08-10,,,,,,,,
EFOR,2026-08-07,32.22,32.22,0.0,2026-08-10,,,,,,,,
EFR,2026-08-07,10.73,10.73,0.0,2026-08-10,,,,,,,,
EFRA,2026-08-07,36.64,36.64,0.0,2026-08-10,,,,,,,,
EFSC,2026-08-07,65.91,65.91,0.0,2026-08-10,,,,,,,,
EFSI,2026-08-07,41.72,41.72,0.0,2026-08-10,,,,,,,,
EFT,2026-08-07,10.84,10.84,0.0,2026-08-10,,,,,,,,
EFU,2026-08-07,6.7,6.7,0.0,2026-08-10,,,,,,,,
EFV,2026-08-07,82.26,82.26,0.0,2026-08-10,,,,,,,,
EFX,2026-08-07,182.56,182.64,0.0004382120946537782,2026-08-10,,,,,,,,
EFXT,2026-08-07,19.96,19.5,-0.023046092184368816,2026-08-10,,,,,,,,
EFZ,2026-08-07,22.05,22.05,0.0,2026-08-10,,,,,,,,
EG,2026-08-07,374.96,374.96,0.0,2026-08-10,,,,,,,,
EGAN,2026-08-07,7.33,7.34,0.0013642564802183177,2026-08-10,,,,,,,,
EGBN,2026-08-07,27.71,27.71,0.0,2026-08-10,,,,,,,,
EGG,2026-08-07,3.57,3.51,-0.01680672268907568,2026-08-10,,,,,,,,
EGGQ,2026-08-07,51.58,51.58,0.0,2026-08-10,,,,,,,,
EGGS,2026-08-07,38.02,38.02,0.0,2026-08-10,,,,,,,,
EGGY,2026-08-07,33.97,34.1,0.003826906093612026,2026-08-10,,,,,,,,
EGHA,2026-08-07,10.34,10.34,0.0,2026-08-10,,,,,,,,
EGHT,2026-08-07,2.3,2.27,-0.01304347826086949,2026-08-10,,,,,,,,
EGLE,2026-08-07,32.57,32.57,0.0,2026-08-10,,,,,,,,
EGO,2026-08-07,37.92,38.29,0.009757383966244593,2026-08-10,,,,,,,,
EGP,2026-08-07,202.74,203.49,0.0036993193252441436,2026-08-10,,,,,,,,
EGUS,2026-08-07,59.48,59.48,0.0,2026-08-10,,,,,,,,
EGY,2026-08-07,5.55,5.78,0.04144144144144146,2026-08-10,,,,,,,,
EH,2026-08-07,5.74,5.7,-0.006968641114982632,2026-08-10,,,,,,,,
EHC,2026-08-07,125.23,125.23,0.0,2026-08-10,,,,,,,,
EHCC,2026-08-07,20.03,20.03,0.0,2026-08-10,,,,,,,,
EHGO,2026-08-07,1.91,1.9,-0.005235602094240788,2026-08-10,,,,,,,,
EHI,2026-08-07,5.86,5.86,0.0,2026-08-10,,,,,,,,
EHLD,2026-08-07,8.35,8.35,0.0,2026-08-10,,,,,,,,
EHLS,2026-08-07,26.1,26.1,0.0,2026-08-10,,,,,,,,
EHTH,2026-08-07,1.37,1.41,0.029197080291970767,2026-08-10,,,,,,,,
EHY,2026-08-07,7.76,7.76,0.0,2026-08-10,,,,,,,,
EIC,2026-08-07,9.99,10.0,0.0010010010010010895,2026-08-10,,,,,,,,
EIDO,2026-08-07,12.91,12.8,-0.008520526723470145,2026-08-10,,,,,,,,
EIG,2026-08-07,49.49,49.49,0.0,2026-08-10,,,,,,,,
EIKN,2026-08-07,9.29,9.29,0.0,2026-08-10,,,,,,,,
EIM,2026-08-07,9.72,9.72,0.0,2026-08-10,,,,,,,,
EINC,2026-08-07,116.46,116.46,0.0,2026-08-10,,,,,,,,
EIPI,2026-08-07,22.14,22.14,0.0,2026-08-10,,,,,,,,
EIPX,2026-08-07,32.13,32.13,0.0,2026-08-10,,,,,,,,
EIRL,2026-08-07,82.68,82.68,0.0,2026-08-10,,,,,,,,
EIS,2026-08-07,123.64,123.64,0.0,2026-08-10,,,,,,,,
EIX,2026-08-07,68.62,68.75,0.0018944914019236592,2026-08-10,,,,,,,,
EJAN,2026-08-07,36.3,36.3,0.0,2026-08-10,,,,,,,,
EJH,2026-08-07,1.25,1.25,0.0,2026-08-10,,,,,,,,
EJUL,2026-08-07,30.81,30.81,0.0,2026-08-10,,,,,,,,
EKG,2026-08-07,20.64,20.64,0.0,2026-08-10,,,,,,,,
EL,2026-08-07,88.35,87.59,-0.008602150537634357,2026-08-10,,,,,,,,
ELA,2026-08-07,17.18,17.5,0.0186263096623982,2026-08-10,,,,,,,,
ELAB,2026-08-07,0.92,0.94,0.021739130434782483,2026-08-10,,,,,,,,
ELAN,2026-08-07,22.12,22.55,0.01943942133815546,2026-08-10,,,,,,,,
ELBM,2026-08-07,0.6,0.6,0.0,2026-08-10,,,,,,,,
ELCV,2026-08-07,31.57,31.59,0.0006335128286347746,2026-08-10,,,,,,,,
ELD,2026-08-07,28.93,28.93,0.0,2026-08-10,,,,,,,,
ELDN,2026-08-07,3.69,3.72,0.008130081300813163,2026-08-10,,,,,,,,
ELE,2026-08-07,19.17,19.17,0.0,2026-08-10,,,,,,,,
ELF,2026-08-07,98.49,98.1,-0.003959792872372803,2026-08-10,,,,,,,,
ELFY,2026-08-07,42.23,42.23,0.0,2026-08-10,,,,,,,,
ELIL,2026-08-07,29.73,29.33,-0.01345442314160783,2026-08-10,,,,,,,,
ELLO,2026-08-07,19.65,19.65,0.0,2026-08-10,,,,,,,,
ELM,2026-08-07,29.69,29.69,0.0,2026-08-10,,,,,,,,
ELMD,2026-08-07,42.19,42.19,0.0,2026-08-10,,,,,,,,
ELME,2026-08-07,1.62,1.6,-0.012345679012345734,2026-08-10,,,,,,,,
ELMT,2026-08-07,16.86,17.2,0.02016607354685651,2026-08-10,,,,,,,,
ELOG,2026-08-07,0.81,0.89,0.09876543209876543,2026-08-10,,,,,,,,
ELOL,2026-08-07,19.27,20.04,0.03995848469122998,2026-08-10,,,,,,,,
ELOX,2026-08-07,17.57,17.57,0.0,2026-08-10,,,,,,,,
ELPC,2026-08-07,11.55,11.55,0.0,2026-08-10,,,,,,,,
ELPW,2026-08-07,0.1,4.49,43.9,2026-08-10,,,,,,,,
ELS,2026-08-07,65.17,65.0,-0.0026085622218812166,2026-08-10,,,,,,,,
ELSE,2026-08-07,7.74,7.74,0.0,2026-08-10,,,,,,,,
ELTK,2026-08-07,8.85,8.85,0.0,2026-08-10,,,,,,,,
ELTX,2026-08-07,3.19,3.21,0.006269592476489061,2026-08-10,,,,,,,,
ELUT,2026-08-07,0.85,0.85,0.0,2026-08-10,,,,,,,,
ELV,2026-08-07,394.2,395.0,0.0020294266869609334,2026-08-10,,,,,,,,
ELVA,2026-08-07,9.71,9.88,0.01750772399588052,2026-08-10,,,,,,,,
ELVN,2026-08-07,60.46,60.0,-0.007608336089976908,2026-08-10,,,,,,,,
ELVR,2026-08-07,60.34,60.34,0.0,2026-08-10,,,,,,,,
ELWT,2026-08-07,8.13,8.13,0.0,2026-08-10,,,,,,,,
EMA,2026-08-07,50.82,52.79,0.038764266036993344,2026-08-10,,,,,,,,
EMAT,2026-08-07,2.81,2.99,0.06405693950177938,2026-08-10,,,,,,,,
EMAU,2026-08-07,25.04,25.04,0.0,2026-08-10,,,,,,,,
EMB,2026-08-07,95.24,95.24,0.0,2026-08-10,,,,,,,,
EMBC,2026-08-07,4.42,4.47,0.011312217194570096,2026-08-10,,,,,,,,
EMBD,2026-08-07,23.65,24.66,0.042706131078224185,2026-08-10,,,,,,,,
EMBJ,2026-08-07,73.01,74.7,0.02314751403917259,2026-08-10,,,,,,,,
EMBX,2026-08-07,51.32,51.32,0.0,2026-08-10,,,,,,,,
EMC,2026-08-07,36.49,36.49,0.0,2026-08-10,,,,,,,,
EMCB,2026-08-07,65.87,65.87,0.0,2026-08-10,,,,,,,,
EMCR,2026-08-07,43.09,43.09,0.0,2026-08-10,,,,,,,,
EMCS,2026-08-07,44.48,44.48,0.0,2026-08-10,,,,,,,,
EMD,2026-08-07,10.6,10.6,0.0,2026-08-10,,,,,,,,
EMDM,2026-08-07,40.84,40.84,0.0,2026-08-10,,,,,,,,
EMDV,2026-08-07,47.69,47.69,0.0,2026-08-10,,,,,,,,
EME,2026-08-07,816.9,849.14,0.039466274941853285,2026-08-10,,,,,,,,
EMEM,2026-08-07,25.36,25.36,0.0,2026-08-10,,,,,,,,
EMEQ,2026-08-07,62.42,62.42,0.0,2026-08-10,,,,,,,,
EMES,2026-08-07,27.7,27.7,0.0,2026-08-10,,,,,,,,
EMET,2026-08-07,43.55,43.55,0.0,2026-08-10,,,,,,,,
EMF,2026-08-07,21.83,21.83,0.0,2026-08-10,,,,,,,,
EMFI,2026-08-07,50.22,50.22,0.0,2026-08-10,,,,,,,,
EMGF,2026-08-07,70.21,70.21,0.0,2026-08-10,,,,,,,,
EMHC,2026-08-07,25.06,25.06,0.0,2026-08-10,,,,,,,,
EMHY,2026-08-07,40.34,40.34,0.0,2026-08-10,,,,,,,,
EMIF,2026-08-07,26.17,26.17,0.0,2026-08-10,,,,,,,,
EMIS,2026-08-07,10.22,10.22,0.0,2026-08-10,,,,,,,,
EMJL,2026-08-07,24.22,24.22,0.0,2026-08-10,,,,,,,,
EMJN,2026-08-07,22.63,22.63,0.0,2026-08-10,,,,,,,,
EMKT,2026-08-07,31.09,31.09,0.0,2026-08-10,,,,,,,,
EML,2026-08-07,24.9,24.9,0.0,2026-08-10,,,,,,,,
EMLC,2026-08-07,25.72,25.72,0.0,2026-08-10,,,,,,,,
EMLP,2026-08-07,43.43,43.43,0.0,2026-08-10,,,,,,,,
EMM,2026-08-07,42.79,42.79,0.0,2026-08-10,,,,,,,,
EMMF,2026-08-07,37.35,37.35,0.0,2026-08-10,,,,,,,,
EMMY,2026-08-07,24.23,24.23,0.0,2026-08-10,,,,,,,,
EMN,2026-08-07,73.64,73.64,0.0,2026-08-10,,,,,,,,
EMNT,2026-08-07,98.88,98.88,0.0,2026-08-10,,,,,,,,
EMO,2026-08-07,51.0,51.0,0.0,2026-08-10,,,,,,,,
EMOP,2026-08-07,49.56,49.56,0.0,2026-08-10,,,,,,,,
EMOT,2026-08-07,27.47,27.47,0.0,2026-08-10,,,,,,,,
EMPB,2026-08-07,34.44,34.44,0.0,2026-08-10,,,,,,,,
EMPD,2026-08-07,2.84,2.84,0.0,2026-08-10,,,,,,,,
EMQQ,2026-08-07,34.76,34.76,0.0,2026-08-10,,,,,,,,
EMR,2026-08-07,158.26,158.1,-0.0010109945659041442,2026-08-10,,,,,,,,
EMSC,2026-08-07,25.55,25.55,0.0,2026-08-10,,,,,,,,
EMSF,2026-08-07,38.39,38.39,0.0,2026-08-10,,,,,,,,
EMTY,2026-08-07,22.67,22.67,0.0,2026-08-10,,,,,,,,
EMXC,2026-08-07,94.72,94.33,-0.004117398648648685,2026-08-10,,,,,,,,
EMXF,2026-08-07,56.62,56.62,0.0,2026-08-10,,,,,,,,
EMXX,2026-08-07,23.84,23.84,0.0,2026-08-10,,,,,,,,
ENB,2026-08-07,51.28,51.65,0.007215288611544413,2026-08-10,,,,,,,,
ENDW,2026-08-07,34.83,34.83,0.0,2026-08-10,,,,,,,,
ENFR,2026-08-07,38.5,38.47,-0.0007792207792207684,2026-08-10,,,,,,,,
ENGN,2026-08-07,1.8,1.84,0.022222222222222143,2026-08-10,,,,,,,,
ENGS,2026-08-07,2.72,2.73,0.003676470588235281,2026-08-10,,,,,,,,
ENHA,2026-08-07,2.65,2.64,-0.0037735849056602655,2026-08-10,,,,,,,,
ENHI,2026-08-07,27.83,27.83,0.0,2026-08-10,,,,,,,,
ENHU,2026-08-07,28.87,28.87,0.0,2026-08-10,,,,,,,,
ENIC,2026-08-07,4.54,4.54,0.0,2026-08-10,,,,,,,,
ENLT,2026-08-07,84.82,82.94,-0.02216458382456965,2026-08-10,,,,,,,,
ENLV,2026-08-07,2.08,1.99,-0.04326923076923084,2026-08-10,,,,,,,,
ENOR,2026-08-07,34.92,34.92,0.0,2026-08-10,,,,,,,,
ENOV,2026-08-07,26.61,26.61,0.0,2026-08-10,,,,,,,,
ENPH,2026-08-07,41.87,42.2,0.00788153809410086,2026-08-10,,,,,,,,
ENR,2026-08-07,22.57,22.75,0.007975188303057212,2026-08-10,,,,,,,,
ENRD,2026-08-07,5.35,5.35,0.0,2026-08-10,,,,,,,,
ENS,2026-08-07,191.72,193.0,0.006676403087836347,2026-08-10,,,,,,,,
ENSC,2026-08-07,0.52,0.49,-0.05769230769230771,2026-08-10,,,,,,,,
ENSG,2026-08-07,182.97,184.0,0.005629338142864926,2026-08-10,,,,,,,,
ENTA,2026-08-07,13.77,13.77,0.0,2026-08-10,,,,,,,,
ENTG,2026-08-07,152.08,153.1,0.0067069963177273095,2026-08-10,,,,,,,,
ENTL,2026-08-07,8.85,8.85,0.0,2026-08-10,,,,,,,,
ENTX,2026-08-07,2.87,2.85,-0.006968641114982632,2026-08-10,,,,,,,,
ENVA,2026-08-07,252.64,252.64,0.0,2026-08-10,,,,,,,,
ENVB,2026-08-07,1.55,1.58,0.019354838709677358,2026-08-10,,,,,,,,
ENVX,2026-08-07,4.7,4.73,0.006382978723404209,2026-08-10,,,,,,,,
ENZL,2026-08-07,47.36,47.36,0.0,2026-08-10,,,,,,,,
EO,2026-08-07,10.31,10.31,0.0,2026-08-10,,,,,,,,
EOCT,2026-08-07,34.58,34.58,0.0,2026-08-10,,,,,,,,
EOD,2026-08-07,6.64,6.64,0.0,2026-08-10,,,,,,,,
EOG,2026-08-07,134.74,136.1,0.010093513433278689,2026-08-10,,,,,,,,
EOI,2026-08-07,20.15,20.15,0.0,2026-08-10,,,,,,,,
EOLS,2026-08-07,7.59,7.2,-0.05138339920948609,2026-08-10,,,,,,,,
EONR,2026-08-07,0.48,0.5,0.04166666666666674,2026-08-10,,,,,,,,
EOS,2026-08-07,22.05,22.05,0.0,2026-08-10,,,,,,,,
EOSE,2026-08-07,4.15,4.17,0.004819277108433662,2026-08-10,,,,,,,,
EOSU,2026-08-07,9.67,9.67,0.0,2026-08-10,,,,,,,,
EOT,2026-08-07,17.52,17.52,0.0,2026-08-10,,,,,,,,
EP,2026-08-07,2.8,2.8,0.0,2026-08-10,,,,,,,,
EPAC,2026-08-07,37.72,37.72,0.0,2026-08-10,,,,,,,,
EPAI,2026-08-07,27.91,27.91,0.0,2026-08-10,,,,,,,,
EPAM,2026-08-07,97.43,97.12,-0.0031817715282767,2026-08-10,,,,,,,,
EPC,2026-08-07,28.38,28.28,-0.0035236081747709314,2026-08-10,,,,,,,,
EPD,2026-08-07,37.75,37.99,0.006357615894039714,2026-08-10,,,,,,,,
EPEM,2026-08-07,29.66,29.66,0.0,2026-08-10,,,,,,,,
EPHE,2026-08-07,25.97,25.97,0.0,2026-08-10,,,,,,,,
EPI,2026-08-07,43.68,43.68,0.0,2026-08-10,,,,,,,,
EPIN,2026-08-07,28.89,28.89,0.0,2026-08-10,,,,,,,,
EPM,2026-08-07,3.65,3.65,0.0,2026-08-10,,,,,,,,
EPMB,2026-08-07,26.95,26.95,0.0,2026-08-10,,,,,,,,
EPMV,2026-08-07,27.25,27.25,0.0,2026-08-10,,,,,,,,
EPOL,2026-08-07,44.19,44.0,-0.004299615297578607,2026-08-10,,,,,,,,
EPOW,2026-08-07,0.49,0.5,0.020408163265306145,2026-08-10,,,,,,,,
EPP,2026-08-07,58.01,58.01,0.0,2026-08-10,,,,,,,,
EPR,2026-08-07,62.2,62.2,0.0,2026-08-10,,,,,,,,
EPRF,2026-08-07,16.63,16.63,0.0,2026-08-10,,,,,,,,
EPRT,2026-08-07,30.63,30.63,0.0,2026-08-10,,,,,,,,
EPRX,2026-08-07,6.77,6.77,0.0,2026-08-10,,,,,,,,
EPS,2026-08-07,81.14,81.14,0.0,2026-08-10,,,,,,,,
EPSB,2026-08-07,27.8,27.8,0.0,2026-08-10,,,,,,,,
EPSM,2026-08-07,1.5,1.6,0.06666666666666665,2026-08-10,,,,,,,,
EPSN,2026-08-07,5.71,5.71,0.0,2026-08-10,,,,,,,,
EPSV,2026-08-07,31.36,31.36,0.0,2026-08-10,,,,,,,,
EPU,2026-08-07,90.74,90.74,0.0,2026-08-10,,,,,,,,
EPV,2026-08-07,16.7,16.7,0.0,2026-08-10,,,,,,,,
EQ,2026-08-07,2.11,2.11,0.0,2026-08-10,,,,,,,,
EQAL,2026-08-07,60.93,60.93,0.0,2026-08-10,,,,,,,,
EQBK,2026-08-07,50.94,50.94,0.0,2026-08-10,,,,,,,,
EQH,2026-08-07,51.52,52.32,0.01552795031055898,2026-08-10,,,,,,,,
EQIN,2026-08-07,53.86,53.86,0.0,2026-08-10,,,,,,,,
EQIX,2026-08-07,1042.62,1040.0,-0.0025129001937426176,2026-08-10,,,,,,,,
EQL,2026-08-07,51.98,51.98,0.0,2026-08-10,,,,,,,,
EQLT,2026-08-07,39.1,39.1,0.0,2026-08-10,,,,,,,,
EQNR,2026-08-07,38.92,39.78,0.022096608427543574,2026-08-10,,,,,,,,
EQPT,2026-08-07,20.46,20.6,0.006842619745845546,2026-08-10,,,,,,,,
EQQQ,2026-08-07,42.49,43.11,0.01459166862791239,2026-08-10,,,,,,,,
EQR,2026-08-07,67.07,66.0,-0.01595348143730424,2026-08-10,,,,,,,,
EQRR,2026-08-07,84.07,84.07,0.0,2026-08-10,,,,,,,,
EQS,2026-08-07,1.2,1.2,0.0,2026-08-10,,,,,,,,
EQT,2026-08-07,51.69,52.11,0.008125362739408004,2026-08-10,,,,,,,,
EQTY,2026-08-07,29.88,29.88,0.0,2026-08-10,,,,,,,,
EQWL,2026-08-07,133.93,133.93,0.0,2026-08-10,,,,,,,,
EQX,2026-08-07,11.58,11.6,0.0017271157167528806,2026-08-10,,,,,,,,
ERAS,2026-08-07,18.41,18.49,0.004345464421509959,2026-08-10,,,,,,,,
ERC,2026-08-07,9.23,9.23,0.0,2026-08-10,,,,,,,,
ERET,2026-08-07,29.48,29.48,0.0,2026-08-10,,,,,,,,
ERH,2026-08-07,11.71,11.71,0.0,2026-08-10,,,,,,,,
ERIC,2026-08-07,10.15,10.18,0.002955665024630516,2026-08-10,,,,,,,,
ERIE,2026-08-07,252.58,252.58,0.0,2026-08-10,,,,,,,,
ERII,2026-08-07,8.68,8.74,0.00691244239631339,2026-08-10,,,,,,,,
ERNA,2026-08-07,4.21,4.26,0.01187648456057011,2026-08-10,,,,,,,,
ERO,2026-08-07,34.31,34.62,0.00903526668609711,2026-08-10,,,,,,,,
EROC,2026-08-07,10.59,10.5,-0.008498583569405138,2026-08-10,,,,,,,,
EROK,2026-08-07,22.97,23.1,0.005659555942533867,2026-08-10,,,,,,,,
ERTH,2026-08-07,47.47,47.47,0.0,2026-08-10,,,,,,,,
ERX,2026-08-07,88.24,89.05,0.009179510426110538,2026-08-10,,,,,,,,
ERY,2026-08-07,11.12,11.12,0.0,2026-08-10,,,,,,,,
ES,2026-08-07,72.33,72.4,0.0009677865339416947,2026-08-10,,,,,,,,
ESAB,2026-08-07,91.86,91.86,0.0,2026-08-10,,,,,,,,
ESBA,2026-08-07,4.79,4.79,0.0,2026-08-10,,,,,,,,
ESBG,2026-08-07,21.85,21.85,0.0,2026-08-10,,,,,,,,
ESCA,2026-08-07,22.6,22.6,0.0,2026-08-10,,,,,,,,
ESE,2026-08-07,305.72,305.72,0.0,2026-08-10,,,,,,,,
ESEA,2026-08-07,75.29,75.0,-0.003851773143843884,2026-08-10,,,,,,,,
ESG,2026-08-07,182.08,182.08,0.0,2026-08-10,,,,,,,,
ESGD,2026-08-07,107.68,107.68,0.0,2026-08-10,,,,,,,,
ESGE,2026-08-07,52.68,52.68,0.0,2026-08-10,,,,,,,,
ESGG,2026-08-07,241.14,241.14,0.0,2026-08-10,,,,,,,,
ESGU,2026-08-07,169.54,169.54,0.0,2026-08-10,,,,,,,,
ESGV,2026-08-07,137.11,137.11,0.0,2026-08-10,,,,,,,,
ESI,2026-08-07,37.88,38.0,0.0031678986272438703,2026-08-10,,,,,,,,
ESIM,2026-08-07,29.64,29.64,0.0,2026-08-10,,,,,,,,
ESLA,2026-08-07,0.72,0.72,0.0,2026-08-10,,,,,,,,
ESLG,2026-08-07,29.01,29.01,0.0,2026-08-10,,,,,,,,
ESLT,2026-08-07,859.14,865.15,0.006995367460483681,2026-08-10,,,,,,,,
ESLV,2026-08-07,29.18,29.18,0.0,2026-08-10,,,,,,,,
ESML,2026-08-07,55.58,55.58,0.0,2026-08-10,,,,,,,,
ESMV,2026-08-07,31.58,31.58,0.0,2026-08-10,,,,,,,,
ESN,2026-08-07,20.51,20.51,0.0,2026-08-10,,,,,,,,
ESNT,2026-08-07,68.72,68.72,0.0,2026-08-10,,,,,,,,
ESOA,2026-08-07,15.65,15.65,0.0,2026-08-10,,,,,,,,
ESP,2026-08-07,62.54,61.64,-0.014390789894467515,2026-08-10,,,,,,,,
ESPO,2026-08-07,99.33,99.33,0.0,2026-08-10,,,,,,,,
ESQ,2026-08-07,131.38,131.38,0.0,2026-08-10,,,,,,,,
ESRT,2026-08-07,4.84,5.01,0.03512396694214881,2026-08-10,,,,,,,,
ESS,2026-08-07,288.1,288.1,0.0,2026-08-10,,,,,,,,
ESSC,2026-08-07,31.31,31.3,-0.00031938677738729826,2026-08-10,,,,,,,,
ESTA,2026-08-07,77.42,77.99,0.007362438646344449,2026-08-10,,,,,,,,
ESTC,2026-08-07,75.11,74.91,-0.0026627612834509984,2026-08-10,,,,,,,,
ESUM,2026-08-07,31.19,31.23,0.0012824623276690428,2026-08-10,,,,,,,,
ET,2026-08-07,20.13,20.2,0.003477396920019915,2026-08-10,,,,,,,,
ETB,2026-08-07,15.58,15.58,0.0,2026-08-10,,,,,,,,
ETCO,2026-08-07,8.49,8.49,0.0,2026-08-10,,,,,,,,
ETD,2026-08-07,23.71,23.71,0.0,2026-08-10,,,,,,,,
ETEC,2026-08-07,27.61,27.61,0.0,2026-08-10,,,,,,,,
ETFT,2026-08-07,10.15,10.15,0.0,2026-08-10,,,,,,,,
ETG,2026-08-07,24.29,24.29,0.0,2026-08-10,,,,,,,,
ETH,2026-08-07,18.29,18.27,-0.0010934937124110755,2026-08-10,,,,,,,,
ETHA,2026-08-07,14.47,14.45,-0.0013821700069109877,2026-08-10,,,,,,,,
ETHB,2026-08-07,24.71,24.84,0.005261027923917361,2026-08-10,,,,,,,,
ETHD,2026-08-07,56.4,56.8,0.007092198581560183,2026-08-10,,,,,,,,
ETHE,2026-08-07,15.46,15.45,-0.0006468305304011546,2026-08-10,,,,,,,,
ETHO,2026-08-07,83.0,83.0,0.0,2026-08-10,,,,,,,,
ETHT,2026-08-07,10.6,10.59,-0.0009433962264150386,2026-08-10,,,,,,,,
ETHU,2026-08-07,16.43,16.37,-0.0036518563603163967,2026-08-10,,,,,,,,
ETHV,2026-08-07,28.06,28.06,0.0,2026-08-10,,,,,,,,
ETHW,2026-08-07,13.72,13.7,-0.001457725947521915,2026-08-10,,,,,,,,
ETJ,2026-08-07,8.54,8.54,0.0,2026-08-10,,,,,,,,
ETN,2026-08-07,448.68,450.0,0.0029419630917357775,2026-08-10,,,,,,,,
ETNG,2026-08-07,15.64,15.64,0.0,2026-08-10,,,,,,,,
ETO,2026-08-07,31.74,31.74,0.0,2026-08-10,,,,,,,,
ETON,2026-08-07,44.6,45.37,0.017264573991031318,2026-08-10,,,,,,,,
ETOR,2026-08-07,35.24,35.73,0.013904653802496947,2026-08-10,,,,,,,,
ETR,2026-08-07,107.18,107.18,0.0,2026-08-10,,,,,,,,
ETS,2026-08-07,1.16,1.16,0.0,2026-08-10,,,,,,,,
ETSS,2026-08-07,9.87,9.87,0.0,2026-08-10,,,,,,,,
ETSY,2026-08-07,85.55,85.13,-0.004909409701928769,2026-08-10,,,,,,,,
ETTY,2026-08-07,8.56,8.56,0.0,2026-08-10,,,,,,,,
ETU,2026-08-07,4.33,4.34,0.002309468822170757,2026-08-10,,,,,,,,
ETV,2026-08-07,15.1,15.2,0.0066225165562914245,2026-08-10,,,,,,,,
ETW,2026-08-07,9.73,9.73,0.0,2026-08-10,,,,,,,,
ETX,2026-08-07,18.28,18.28,0.0,2026-08-10,,,,,,,,
ETY,2026-08-07,14.65,14.65,0.0,2026-08-10,,,,,,,,
EU,2026-08-07,1.25,1.25,0.0,2026-08-10,,,,,,,,
EUAD,2026-08-07,46.97,46.97,0.0,2026-08-10,,,,,,,,
EUDA,2026-08-07,15.9,15.9,0.0,2026-08-10,,,,,,,,
EUDG,2026-08-07,40.37,40.37,0.0,2026-08-10,,,,,,,,
EUDV,2026-08-07,55.76,55.76,0.0,2026-08-10,,,,,,,,
EUFN,2026-08-07,42.46,42.46,0.0,2026-08-10,,,,,,,,
EUHY,2026-08-07,53.43,53.43,0.0,2026-08-10,,,,,,,,
EUIG,2026-08-07,49.94,49.94,0.0,2026-08-10,,,,,,,,
EUM,2026-08-07,16.08,16.08,0.0,2026-08-10,,,,,,,,
EUO,2026-08-07,30.09,30.09,0.0,2026-08-10,,,,,,,,
EURK,2026-08-07,11.51,11.51,0.0,2026-08-10,,,,,,,,
EURL,2026-08-07,52.06,52.0,-0.0011525163273147232,2026-08-10,,,,,,,,
EUSA,2026-08-07,117.99,117.99,0.0,2026-08-10,,,,,,,,
EUSB,2026-08-07,42.88,42.88,0.0,2026-08-10,,,,,,,,
EUV,2026-08-07,26.32,26.74,0.015957446808510634,2026-08-10,,,,,,,,
EUVX,2026-08-07,17.48,18.41,0.05320366132723109,2026-08-10,,,,,,,,
EVAC,2026-08-07,10.25,10.25,0.0,2026-08-10,,,,,,,,
EVAX,2026-08-07,3.1,3.12,0.006451612903225712,2026-08-10,,,,,,,,
EVC,2026-08-07,11.97,12.22,0.02088554720133673,2026-08-10,,,,,,,,
EVCM,2026-08-07,10.92,10.92,0.0,2026-08-10,,,,,,,,
EVER,2026-08-07,25.71,25.54,-0.006612213146635626,2026-08-10,,,,,,,,
EVEX,2026-08-07,2.76,2.9,0.050724637681159424,2026-08-10,,,,,,,,
EVF,2026-08-07,4.98,4.98,0.0,2026-08-10,,,,,,,,
EVG,2026-08-07,10.61,10.61,0.0,2026-08-10,,,,,,,,
EVGN,2026-08-07,0.6,0.67,0.1166666666666667,2026-08-10,,,,,,,,
EVGO,2026-08-07,1.62,1.64,0.012345679012345512,2026-08-10,,,,,,,,
EVH,2026-08-07,3.95,3.95,0.0,2026-08-10,,,,,,,,
EVHY,2026-08-07,52.21,52.21,0.0,2026-08-10,,,,,,,,
EVI,2026-08-07,13.99,13.99,0.0,2026-08-10,,,,,,,,
EVIM,2026-08-07,52.62,52.62,0.0,2026-08-10,,,,,,,,
EVLN,2026-08-07,48.75,48.75,0.0,2026-08-10,,,,,,,,
EVLU,2026-08-07,41.2,41.2,0.0,2026-08-10,,,,,,,,
EVLV,2026-08-07,6.13,6.17,0.006525285481239873,2026-08-10,,,,,,,,
EVMN,2026-08-07,14.08,14.2,0.008522727272727293,2026-08-10,,,,,,,,
EVMO,2026-08-07,49.87,49.87,0.0,2026-08-10,,,,,,,,
EVMT,2026-08-07,17.84,17.84,0.0,2026-08-10,,,,,,,,
EVMU,2026-08-07,19.4,19.4,0.0,2026-08-10,,,,,,,,
EVN,2026-08-07,10.68,10.68,0.0,2026-08-10,,,,,,,,
EVNT,2026-08-07,12.36,12.36,0.0,2026-08-10,,,,,,,,
EVO,2026-08-07,2.0,2.01,0.004999999999999893,2026-08-10,,,,,,,,
EVOX,2026-08-07,10.09,10.09,0.0,2026-08-10,,,,,,,,
EVPF,2026-08-07,50.03,50.03,0.0,2026-08-10,,,,,,,,
EVR,2026-08-07,305.94,305.94,0.0,2026-08-10,,,,,,,,
EVRG,2026-08-07,83.38,83.38,0.0,2026-08-10,,,,,,,,
EVSB,2026-08-07,50.83,50.83,0.0,2026-08-10,,,,,,,,
EVSD,2026-08-07,50.81,50.81,0.0,2026-08-10,,,,,,,,
EVSM,2026-08-07,50.22,50.22,0.0,2026-08-10,,,,,,,,
EVT,2026-08-07,28.94,28.94,0.0,2026-08-10,,,,,,,,
EVTC,2026-08-07,29.85,30.05,0.00670016750418756,2026-08-10,,,,,,,,
EVTL,2026-08-07,1.36,1.38,0.014705882352941124,2026-08-10,,,,,,,,
EVTR,2026-08-07,50.24,50.24,0.0,2026-08-10,,,,,,,,
EVUS,2026-08-07,37.04,37.04,0.0,2026-08-10,,,,,,,,
EVV,2026-08-07,9.25,9.25,0.0,2026-08-10,,,,,,,,
EVX,2026-08-07,41.44,41.44,0.0,2026-08-10,,,,,,,,
EVYM,2026-08-07,50.26,50.26,0.0,2026-08-10,,,,,,,,
EW,2026-08-07,89.72,89.72,0.0,2026-08-10,,,,,,,,
EWA,2026-08-07,30.41,30.28,-0.0042749095692206085,2026-08-10,,,,,,,,
EWAVU,2026-08-07,9.94,9.94,0.0,2026-08-10,,,,,,,,
EWBC,2026-08-07,131.7,132.42,0.0054669703872436415,2026-08-10,,,,,,,,
EWC,2026-08-07,61.3,61.3,0.0,2026-08-10,,,,,,,,
EWD,2026-08-07,53.61,53.61,0.0,2026-08-10,,,,,,,,
EWG,2026-08-07,44.02,44.02,0.0,2026-08-10,,,,,,,,
EWH,2026-08-07,22.71,22.71,0.0,2026-08-10,,,,,,,,
EWI,2026-08-07,63.35,63.35,0.0,2026-08-10,,,,,,,,
EWJ,2026-08-07,96.9,96.39,-0.0052631578947368585,2026-08-10,,,,,,,,
EWJV,2026-08-07,48.14,48.14,0.0,2026-08-10,,,,,,,,
EWK,2026-08-07,27.21,27.21,0.0,2026-08-10,,,,,,,,
EWL,2026-08-07,64.5,64.5,0.0,2026-08-10,,,,,,,,
EWM,2026-08-07,28.18,28.18,0.0,2026-08-10,,,,,,,,
EWN,2026-08-07,69.21,69.21,0.0,2026-08-10,,,,,,,,
EWO,2026-08-07,43.96,43.96,0.0,2026-08-10,,,,,,,,
EWP,2026-08-07,62.66,62.66,0.0,2026-08-10,,,,,,,,
EWQ,2026-08-07,47.9,47.9,0.0,2026-08-10,,,,,,,,
EWS,2026-08-07,33.25,33.7,0.013533834586466176,2026-08-10,,,,,,,,
EWT,2026-08-07,103.09,102.88,-0.0020370550004851218,2026-08-10,,,,,,,,
EWTX,2026-08-07,43.52,43.7,0.004136029411764719,2026-08-10,,,,,,,,
EWU,2026-08-07,48.64,48.64,0.0,2026-08-10,,,,,,,,
EWUS,2026-08-07,45.79,45.79,0.0,2026-08-10,,,,,,,,
EWV,2026-08-07,16.33,16.33,0.0,2026-08-10,,,,,,,,
EWW,2026-08-07,77.52,77.5,-0.00025799793601644083,2026-08-10,,,,,,,,
EWX,2026-08-07,71.46,71.46,0.0,2026-08-10,,,,,,,,
EWY,2026-08-07,166.09,163.6,-0.014991871876693375,2026-08-10,,,,,,,,
EWZ,2026-08-07,35.34,35.37,0.000848896434634705,2026-08-10,,,,,,,,
EWZS,2026-08-07,12.8,12.8,0.0,2026-08-10,,,,,,,,
EXC,2026-08-07,45.61,45.62,0.00021925016443757883,2026-08-10,,,,,,,,
EXE,2026-08-07,92.84,93.6,0.008186126669538885,2026-08-10,,,,,,,,
EXEL,2026-08-07,54.07,54.27,0.0036989088218974953,2026-08-10,,,,,,,,
EXFY,2026-08-07,2.69,2.79,0.0371747211895912,2026-08-10,,,,,,,,
EXG,2026-08-07,10.0,9.9,-0.010000000000000009,2026-08-10,,,,,,,,
EXI,2026-08-07,205.24,205.24,0.0,2026-08-10,,,,,,,,
EXK,2026-08-07,9.54,9.59,0.00524109014675056,2026-08-10,,,,,,,,
EXLS,2026-08-07,34.89,34.89,0.0,2026-08-10,,,,,,,,
EXOD,2026-08-07,5.49,5.49,0.0,2026-08-10,,,,,,,,
EXOZ,2026-08-07,5.11,5.11,0.0,2026-08-10,,,,,,,,
EXP,2026-08-07,214.29,213.48,-0.0037799244015119804,2026-08-10,,,,,,,,
EXPD,2026-08-07,178.71,179.56,0.004756309104135159,2026-08-10,,,,,,,,
EXPE,2026-08-07,310.68,311.0,0.0010299987125015342,2026-08-10,,,,,,,,
EXPO,2026-08-07,66.79,65.17,-0.024255128013175642,2026-08-10,,,,,,,,
EXR,2026-08-07,149.54,149.54,0.0,2026-08-10,,,,,,,,
EXTR,2026-08-07,23.97,24.11,0.005840634125990896,2026-08-10,,,,,,,,
EXUS,2026-08-07,28.73,28.73,0.0,2026-08-10,,,,,,,,
EXYN,2026-08-07,1.94,1.95,0.005154639175257714,2026-08-10,,,,,,,,
EYE,2026-08-07,22.55,22.55,0.0,2026-08-10,,,,,,,,
EYEG,2026-08-07,34.63,34.63,0.0,2026-08-10,,,,,,,,
EYES,2026-08-07,29.6,29.6,0.0,2026-08-10,,,,,,,,
EYLD,2026-08-07,46.97,46.97,0.0,2026-08-10,,,,,,,,
EYPT,2026-08-07,13.89,13.85,-0.0028797696184306165,2026-08-10,,,,,,,,
EZA,2026-08-07,69.65,69.65,0.0,2026-08-10,,,,,,,,
EZBC,2026-08-07,37.53,37.74,0.005595523581135131,2026-08-10,,,,,,,,
EZET,2026-08-07,14.53,14.53,0.0,2026-08-10,,,,,,,,
EZGO,2026-08-07,1.06,1.08,0.018867924528301883,2026-08-10,,,,,,,,
EZJ,2026-08-07,69.12,69.12,0.0,2026-08-10,,,,,,,,
EZM,2026-08-07,77.06,77.06,0.0,2026-08-10,,,,,,,,
EZMO,2026-08-07,26.52,26.52,0.0,2026-08-10,,,,,,,,
EZPW,2026-08-07,27.9,27.91,0.00035842293906807043,2026-08-10,,,,,,,,
EZPZ,2026-08-07,16.11,16.11,0.0,2026-08-10,,,,,,,,
EZRA,2026-08-07,2.55,2.46,-0.03529411764705881,2026-08-10,,,,,,,,
EZRO,2026-08-07,25.0,25.0,0.0,2026-08-10,,,,,,,,
EZU,2026-08-07,71.57,71.57,0.0,2026-08-10,,,,,,,,
F,2026-08-07,13.98,14.01,0.0021459227467810482,2026-08-10,,,,,,,,
FA,2026-08-07,24.01,24.12,0.004581424406497225,2026-08-10,,,,,,,,
FAAA,2026-08-07,50.28,50.28,0.0,2026-08-10,,,,,,,,
FAAR,2026-08-07,30.74,30.74,0.0,2026-08-10,,,,,,,,
FAB,2026-08-07,106.62,106.62,0.0,2026-08-10,,,,,,,,
FABC,2026-08-07,2.77,2.77,0.0,2026-08-10,,,,,,,,
FAC,2026-08-07,5.93,5.9,-0.005059021922428242,2026-08-10,,,,,,,,
FACT,2026-08-07,10.67,10.67,0.0,2026-08-10,,,,,,,,
FAD,2026-08-07,191.69,191.69,0.0,2026-08-10,,,,,,,,
FAF,2026-08-07,74.22,74.22,0.0,2026-08-10,,,,,,,,
FAI,2026-08-07,54.6,54.6,0.0,2026-08-10,,,,,,,,
FALN,2026-08-07,26.99,26.99,0.0,2026-08-10,,,,,,,,
FAMI,2026-08-07,0.16,0.16,0.0,2026-08-10,,,,,,,,
FAN,2026-08-07,24.0,24.0,0.0,2026-08-10,,,,,,,,
FANG,2026-08-07,188.04,188.48,0.0023399276749627163,2026-08-10,,,,,,,,
FAPR,2026-08-07,47.69,47.69,0.0,2026-08-10,,,,,,,,
FARX,2026-08-07,29.3,29.3,0.0,2026-08-10,,,,,,,,
FAS,2026-08-07,179.57,179.79,0.0012251489669765636,2026-08-10,,,,,,,,
FAST,2026-08-07,51.84,51.75,-0.0017361111111111605,2026-08-10,,,,,,,,
FATE,2026-08-07,2.8,2.78,-0.0071428571428571175,2026-08-10,,,,,,,,
FATN,2026-08-07,6.37,6.37,0.0,2026-08-10,,,,,,,,
FAUG,2026-08-07,57.43,57.43,0.0,2026-08-10,,,,,,,,
FAX,2026-08-07,14.53,14.53,0.0,2026-08-10,,,,,,,,
FAZ,2026-08-07,31.77,31.77,0.0,2026-08-10,,,,,,,,
FB,2026-08-07,45.16,45.16,0.0,2026-08-10,,,,,,,,
FBCG,2026-08-07,62.74,62.74,0.0,2026-08-10,,,,,,,,
FBCV,2026-08-07,42.53,42.53,0.0,2026-08-10,,,,,,,,
FBDC,2026-08-07,17.96,17.96,0.0,2026-08-10,,,,,,,,
FBGL,2026-08-07,0.42,0.42,0.0,2026-08-10,,,,,,,,
FBIN,2026-08-07,50.78,50.28,-0.009846396218983866,2026-08-10,,,,,,,,
FBIO,2026-08-07,2.67,2.67,0.0,2026-08-10,,,,,,,,
FBIZ,2026-08-07,71.12,71.12,0.0,2026-08-10,,,,,,,,
FBK,2026-08-07,60.84,60.84,0.0,2026-08-10,,,,,,,,
FBL,2026-08-07,22.14,22.46,0.014453477868112019,2026-08-10,,,,,,,,
FBLA,2026-08-07,15.62,15.62,0.0,2026-08-10,,,,,,,,
FBLG,2026-08-07,0.98,0.95,-0.030612244897959218,2026-08-10,,,,,,,,
FBNC,2026-08-07,64.67,64.67,0.0,2026-08-10,,,,,,,,
FBND,2026-08-07,45.0,45.0,0.0,2026-08-10,,,,,,,,
FBOT,2026-08-07,40.29,40.29,0.0,2026-08-10,,,,,,,,
FBP,2026-08-07,28.67,28.67,0.0,2026-08-10,,,,,,,,
FBRT,2026-08-07,7.91,7.86,-0.006321112515802807,2026-08-10,,,,,,,,
FBRX,2026-08-07,76.79,76.0,-0.010287797890350392,2026-08-10,,,,,,,,
FBT,2026-08-07,255.93,255.93,0.0,2026-08-10,,,,,,,,
FBTC,2026-08-07,56.53,56.54,0.0001768972227136345,2026-08-10,,,,,,,,
FBUF,2026-08-07,33.44,33.44,0.0,2026-08-10,,,,,,,,
FBX,2026-08-07,28.49,28.49,0.0,2026-08-10,,,,,,,,
FBY,2026-08-07,8.74,8.8,0.006864988558352492,2026-08-10,,,,,,,,
FBYD,2026-08-07,10.07,10.51,0.04369414101290947,2026-08-10,,,,,,,,
FBYY,2026-08-07,11.01,11.01,0.0,2026-08-10,,,,,,,,
FC,2026-08-07,21.81,21.81,0.0,2026-08-10,,,,,,,,
FCA,2026-08-07,27.73,27.73,0.0,2026-08-10,,,,,,,,
FCAL,2026-08-07,48.91,48.91,0.0,2026-08-10,,,,,,,,
FCAP,2026-08-07,64.09,64.09,0.0,2026-08-10,,,,,,,,
FCBC,2026-08-07,48.21,48.21,0.0,2026-08-10,,,,,,,,
FCBD,2026-08-07,25.2,25.2,0.0,2026-08-10,,,,,,,,
FCBM,2026-08-07,12.49,12.49,0.0,2026-08-10,,,,,,,,
FCCO,2026-08-07,34.21,34.21,0.0,2026-08-10,,,,,,,,
FCEF,2026-08-07,24.13,24.13,0.0,2026-08-10,,,,,,,,
FCEL,2026-08-07,20.43,20.6,0.008321096426823438,2026-08-10,,,,,,,,
FCF,2026-08-07,21.51,21.39,-0.00557880055788007,2026-08-10,,,,,,,,
FCFS,2026-08-07,202.54,204.88,0.011553273427471034,2026-08-10,,,,,,,,
FCFY,2026-08-07,29.9,29.9,0.0,2026-08-10,,,,,,,,
FCG,2026-08-07,28.37,28.37,0.0,2026-08-10,,,,,,,,
FCHL,2026-08-07,1.21,1.2,-0.008264462809917328,2026-08-10,,,,,,,,
FCLD,2026-08-07,42.02,42.02,0.0,2026-08-10,,,,,,,,
FCLO,2026-08-07,50.28,50.28,0.0,2026-08-10,,,,,,,,
FCN,2026-08-07,151.43,151.43,0.0,2026-08-10,,,,,,,,
FCNCA,2026-08-07,2218.49,2218.49,0.0,2026-08-10,,,,,,,,
FCOM,2026-08-07,70.77,70.77,0.0,2026-08-10,,,,,,,,
FCOR,2026-08-07,46.49,46.49,0.0,2026-08-10,,,,,,,,
FCPI,2026-08-07,56.51,56.51,0.0,2026-08-10,,,,,,,,
FCPT,2026-08-07,25.1,25.21,0.004382470119521864,2026-08-10,,,,,,,,
FCRS,2026-08-07,10.23,10.23,0.0,2026-08-10,,,,,,,,
FCSH,2026-08-07,24.08,24.08,0.0,2026-08-10,,,,,,,,
FCT,2026-08-07,9.67,9.67,0.0,2026-08-10,,,,,,,,
FCTE,2026-08-07,30.32,30.32,0.0,2026-08-10,,,,,,,,
FCTR,2026-08-07,39.8,39.8,0.0,2026-08-10,,,,,,,,
FCUS,2026-08-07,36.97,36.97,0.0,2026-08-10,,,,,,,,
FCUV,2026-08-07,5.2,5.38,0.03461538461538449,2026-08-10,,,,,,,,
FCVT,2026-08-07,50.49,52.97,0.049118637353931405,2026-08-10,,,,,,,,
FCX,2026-08-07,69.62,70.0,0.005458201666187712,2026-08-10,,,,,,,,
FCXG,2026-08-07,15.29,15.29,0.0,2026-08-10,,,,,,,,
FDAT,2026-08-07,22.73,22.73,0.0,2026-08-10,,,,,,,,
FDBC,2026-08-07,54.52,54.52,0.0,2026-08-10,,,,,,,,
FDCF,2026-08-07,51.03,51.03,0.0,2026-08-10,,,,,,,,
FDD,2026-08-07,20.49,20.49,0.0,2026-08-10,,,,,,,,
FDEC,2026-08-07,55.61,55.61,0.0,2026-08-10,,,,,,,,
FDEM,2026-08-07,35.6,35.6,0.0,2026-08-10,,,,,,,,
FDEV,2026-08-07,37.87,37.87,0.0,2026-08-10,,,,,,,,
FDFF,2026-08-07,36.6,36.6,0.0,2026-08-10,,,,,,,,
FDG,2026-08-07,135.51,135.51,0.0,2026-08-10,,,,,,,,
FDHY,2026-08-07,49.08,49.08,0.0,2026-08-10,,,,,,,,
FDIF,2026-08-07,41.05,41.05,0.0,2026-08-10,,,,,,,,
FDIG,2026-08-07,41.24,41.24,0.0,2026-08-10,,,,,,,,
FDIQ,2026-08-07,72.28,72.28,0.0,2026-08-10,,,,,,,,
FDIS,2026-08-07,104.68,104.49,-0.001815055406954591,2026-08-10,,,,,,,,
FDIV,2026-08-07,28.2,28.2,0.0,2026-08-10,,,,,,,,
FDL,2026-08-07,51.89,51.89,0.0,2026-08-10,,,,,,,,
FDLO,2026-08-07,73.45,73.45,0.0,2026-08-10,,,,,,,,
FDLS,2026-08-07,43.09,43.09,0.0,2026-08-10,,,,,,,,
FDM,2026-08-07,94.93,94.93,0.0,2026-08-10,,,,,,,,
FDMM,2026-08-07,9.88,9.88,0.0,2026-08-10,,,,,,,,
FDMMU,2026-08-07,9.95,,,2026-08-10,,,,,,,,
FDMO,2026-08-07,95.76,95.76,0.0,2026-08-10,,,,,,,,
FDMT,2026-08-07,10.75,10.87,0.01116279069767434,2026-08-10,,,,,,,,
FDN,2026-08-07,289.38,289.38,0.0,2026-08-10,,,,,,,,
FDND,2026-08-07,22.75,22.75,0.0,2026-08-10,,,,,,,,
FDNI,2026-08-07,29.37,29.37,0.0,2026-08-10,,,,,,,,
FDRR,2026-08-07,69.86,69.86,0.0,2026-08-10,,,,,,,,
FDRS,2026-08-07,24.4,24.4,0.0,2026-08-10,,,,,,,,
FDRV,2026-08-07,18.25,18.25,0.0,2026-08-10,,,,,,,,
FDRX,2026-08-07,22.65,22.65,0.0,2026-08-10,,,,,,,,
FDS,2026-08-07,285.57,285.0,-0.001996007984031878,2026-08-10,,,,,,,,
FDSB,2026-08-07,17.86,17.86,0.0,2026-08-10,,,,,,,,
FDT,2026-08-07,93.97,93.97,0.0,2026-08-10,,,,,,,,
FDTS,2026-08-07,68.25,68.25,0.0,2026-08-10,,,,,,,,
FDTX,2026-08-07,55.09,55.09,0.0,2026-08-10,,,,,,,,
FDUS,2026-08-07,20.35,20.35,0.0,2026-08-10,,,,,,,,
FDV,2026-08-07,33.18,33.18,0.0,2026-08-10,,,,,,,,
FDVV,2026-08-07,64.2,64.21,0.00015576323987520624,2026-08-10,,,,,,,,
FDX,2026-08-07,318.57,318.92,0.001098659635245136,2026-08-10,,,,,,,,
FDXF,2026-08-07,144.76,144.76,0.0,2026-08-10,,,,,,,,
FE,2026-08-07,47.47,47.47,0.0,2026-08-10,,,,,,,,
FEAC,2026-08-07,33.66,33.66,0.0,2026-08-10,,,,,,,,
FEAM,2026-08-07,1.5,1.85,0.2333333333333334,2026-08-10,,,,,,,,
FEBM,2026-08-07,31.55,31.55,0.0,2026-08-10,,,,,,,,
FEBO,2026-08-07,0.8,0.8,0.0,2026-08-10,,,,,,,,
FEBP,2026-08-07,34.73,34.73,0.0,2026-08-10,,,,,,,,
FEBT,2026-08-07,42.03,42.03,0.0,2026-08-10,,,,,,,,
FEBU,2026-08-07,30.47,30.47,0.0,2026-08-10,,,,,,,,
FEBW,2026-08-07,36.11,36.11,0.0,2026-08-10,,,,,,,,
FEBZ,2026-08-07,41.36,41.36,0.0,2026-08-10,,,,,,,,
FECM,2026-08-07,24.82,24.82,0.0,2026-08-10,,,,,,,,
FEDM,2026-08-07,66.29,66.29,0.0,2026-08-10,,,,,,,,
FEDU,2026-08-07,8.2,8.2,0.0,2026-08-10,,,,,,,,
FEED,2026-08-07,0.4,0.41,0.02499999999999991,2026-08-10,,,,,,,,
FEGE,2026-08-07,52.52,52.52,0.0,2026-08-10,,,,,,,,
FEIG,2026-08-07,40.12,40.12,0.0,2026-08-10,,,,,,,,
FEIM,2026-08-07,74.43,71.78,-0.03560392314926786,2026-08-10,,,,,,,,
FELC,2026-08-07,43.96,44.27,0.0070518653321201,2026-08-10,,,,,,,,
FELE,2026-08-07,109.46,109.46,0.0,2026-08-10,,,,,,,,
FELG,2026-08-07,44.64,45.44,0.017921146953404854,2026-08-10,,,,,,,,
FELV,2026-08-07,42.92,42.92,0.0,2026-08-10,,,,,,,,
FEM,2026-08-07,32.21,32.21,0.0,2026-08-10,,,,,,,,
FEMB,2026-08-07,29.83,31.05,0.0408984244049615,2026-08-10,,,,,,,,
FEMD,2026-08-07,37.32,37.32,0.0,2026-08-10,,,,,,,,
FEMG,2026-08-07,26.81,26.81,0.0,2026-08-10,,,,,,,,
FEMR,2026-08-07,40.37,40.37,0.0,2026-08-10,,,,,,,,
FEMS,2026-08-07,45.3,45.3,0.0,2026-08-10,,,,,,,,
FEMV,2026-08-07,27.79,27.79,0.0,2026-08-10,,,,,,,,
FEMY,2026-08-07,2.66,2.69,0.011278195488721776,2026-08-10,,,,,,,,
FENC,2026-08-07,11.57,11.8,0.01987899740708743,2026-08-10,,,,,,,,
FENG,2026-08-07,1.5,1.54,0.026666666666666616,2026-08-10,,,,,,,,
FENI,2026-08-07,41.76,41.76,0.0,2026-08-10,,,,,,,,
FENY,2026-08-07,31.95,32.33,0.0118935837245695,2026-08-10,,,,,,,,
FEOE,2026-08-07,56.66,56.66,0.0,2026-08-10,,,,,,,,
FEP,2026-08-07,60.03,60.03,0.0,2026-08-10,,,,,,,,
FEPI,2026-08-07,41.78,41.95,0.004068932503590306,2026-08-10,,,,,,,,
FER,2026-08-07,66.51,66.26,-0.003758833258156624,2026-08-10,,,,,,,,
FERA,2026-08-07,10.46,10.46,0.0,2026-08-10,,,,,,,,
FERG,2026-08-07,256.69,254.7,-0.0077525419767034975,2026-08-10,,,,,,,,
FESC,2026-08-07,24.42,24.42,0.0,2026-08-10,,,,,,,,
FESM,2026-08-07,48.32,48.32,0.0,2026-08-10,,,,,,,,
FET,2026-08-07,74.23,74.23,0.0,2026-08-10,,,,,,,,
FETH,2026-08-07,19.1,19.1,0.0,2026-08-10,,,,,,,,
FEUS,2026-08-07,84.39,84.39,0.0,2026-08-10,,,,,,,,
FEUZ,2026-08-07,68.78,68.78,0.0,2026-08-10,,,,,,,,
FEX,2026-08-07,139.86,139.86,0.0,2026-08-10,,,,,,,,
FEZ,2026-08-07,71.86,71.5,-0.005009741163373271,2026-08-10,,,,,,,,
FF,2026-08-07,5.09,5.13,0.007858546168958647,2026-08-10,,,,,,,,
FFA,2026-08-07,23.35,23.35,0.0,2026-08-10,,,,,,,,
FFAI,2026-08-07,4.1,4.21,0.02682926829268295,2026-08-10,,,,,,,,
FFBC,2026-08-07,33.66,33.96,0.00891265597147961,2026-08-10,,,,,,,,
FFC,2026-08-07,16.23,16.23,0.0,2026-08-10,,,,,,,,
FFDI,2026-08-07,33.34,33.34,0.0,2026-08-10,,,,,,,,
FFEB,2026-08-07,62.27,62.27,0.0,2026-08-10,,,,,,,,
FFEM,2026-08-07,41.57,41.57,0.0,2026-08-10,,,,,,,,
FFF,2026-08-07,26.01,26.01,0.0,2026-08-10,,,,,,,,
FFGX,2026-08-07,34.71,34.71,0.0,2026-08-10,,,,,,,,
FFIN,2026-08-07,34.67,34.48,-0.00548024228439592,2026-08-10,,,,,,,,
FFIU,2026-08-07,21.49,21.49,0.0,2026-08-10,,,,,,,,
FFIV,2026-08-07,400.23,404.0,0.009419583739349813,2026-08-10,,,,,,,,
FFLC,2026-08-07,60.4,60.4,0.0,2026-08-10,,,,,,,,
FFLG,2026-08-07,33.54,33.54,0.0,2026-08-10,,,,,,,,
FFLS,2026-08-07,24.08,24.08,0.0,2026-08-10,,,,,,,,
FFLV,2026-08-07,29.08,29.08,0.0,2026-08-10,,,,,,,,
FFND,2026-08-07,33.89,33.89,0.0,2026-08-10,,,,,,,,
FFOG,2026-08-07,49.95,51.51,0.03123123123123106,2026-08-10,,,,,,,,
FFOX,2026-08-07,30.75,30.75,0.0,2026-08-10,,,,,,,,
FFSM,2026-08-07,38.07,38.07,0.0,2026-08-10,,,,,,,,
FFTY,2026-08-07,36.67,36.73,0.001636214889555454,2026-08-10,,,,,,,,
FFUT,2026-08-07,60.28,60.28,0.0,2026-08-10,,,,,,,,
FG,2026-08-07,27.67,27.67,0.0,2026-08-10,,,,,,,,
FGBI,2026-08-07,9.6,9.6,0.0,2026-08-10,,,,,,,,
FGD,2026-08-07,35.01,35.01,0.0,2026-08-10,,,,,,,,
FGDL,2026-08-07,57.86,57.86,0.0,2026-08-10,,,,,,,,
FGI,2026-08-07,4.57,4.57,0.0,2026-08-10,,,,,,,,
FGII,2026-08-07,9.97,9.97,0.0,2026-08-10,,,,,,,,
FGL,2026-08-07,0.85,0.86,0.0117647058823529,2026-08-10,,,,,,,,
FGM,2026-08-07,63.93,63.93,0.0,2026-08-10,,,,,,,,
FGNX,2026-08-07,6.74,6.74,0.0,2026-08-10,,,,,,,,
FGRU,2026-08-07,8.47,8.47,0.0,2026-08-10,,,,,,,,
FGSI,2026-08-07,21.33,21.33,0.0,2026-08-10,,,,,,,,
FGSM,2026-08-07,35.87,35.87,0.0,2026-08-10,,,,,,,,
FHB,2026-08-07,27.49,27.49,0.0,2026-08-10,,,,,,,,
FHDG,2026-08-07,37.04,37.04,0.0,2026-08-10,,,,,,,,
FHEQ,2026-08-07,34.43,34.43,0.0,2026-08-10,,,,,,,,
FHI,2026-08-07,63.16,63.16,0.0,2026-08-10,,,,,,,,
FHIL,2026-08-07,25.36,25.36,0.0,2026-08-10,,,,,,,,
FHLC,2026-08-07,80.67,80.67,0.0,2026-08-10,,,,,,,,
FHN,2026-08-07,25.46,25.51,0.0019638648860957897,2026-08-10,,,,,,,,
FHTX,2026-08-07,6.07,6.07,0.0,2026-08-10,,,,,,,,
FHYS,2026-08-07,23.05,23.05,0.0,2026-08-10,,,,,,,,
FIAT,2026-08-07,20.46,20.65,0.009286412512218956,2026-08-10,,,,,,,,
FIAX,2026-08-07,17.47,17.47,0.0,2026-08-10,,,,,,,,
FIBK,2026-08-07,37.53,37.4,-0.0034638955502265256,2026-08-10,,,,,,,,
FICO,2026-08-07,1041.4,1041.83,0.00041290570385998926,2026-08-10,,,,,,,,
FICS,2026-08-07,43.19,43.19,0.0,2026-08-10,,,,,,,,
FID,2026-08-07,22.85,22.85,0.0,2026-08-10,,,,,,,,
FIDI,2026-08-07,29.32,29.32,0.0,2026-08-10,,,,,,,,
FIDU,2026-08-07,98.61,98.61,0.0,2026-08-10,,,,,,,,
FIEE,2026-08-07,3.32,3.16,-0.04819277108433728,2026-08-10,,,,,,,,
FIG,2026-08-07,23.29,23.16,-0.005581794761700287,2026-08-10,,,,,,,,
FIGB,2026-08-07,42.37,42.37,0.0,2026-08-10,,,,,,,,
FIGG,2026-08-07,20.76,20.5,-0.012524084778420153,2026-08-10,,,,,,,,
FIGR,2026-08-07,28.62,28.74,0.00419287211740027,2026-08-10,,,,,,,,
FIGS,2026-08-07,14.26,14.26,0.0,2026-08-10,,,,,,,,
FIGX,2026-08-07,10.28,10.28,0.0,2026-08-10,,,,,,,,
FIIG,2026-08-07,20.48,20.48,0.0,2026-08-10,,,,,,,,
FIMU,2026-08-07,19.84,19.84,0.0,2026-08-10,,,,,,,,
FINA,2026-08-07,25.93,25.93,0.0,2026-08-10,,,,,,,,
FINS,2026-08-07,12.59,12.59,0.0,2026-08-10,,,,,,,,
FINT,2026-08-07,36.72,36.72,0.0,2026-08-10,,,,,,,,
FINV,2026-08-07,4.86,4.75,-0.02263374485596714,2026-08-10,,,,,,,,
FINW,2026-08-07,14.27,14.27,0.0,2026-08-10,,,,,,,,
FINX,2026-08-07,26.02,26.02,0.0,2026-08-10,,,,,,,,
FINY,2026-08-07,25.54,25.54,0.0,2026-08-10,,,,,,,,
FIP,2026-08-07,4.27,4.27,0.0,2026-08-10,,,,,,,,
FIRY,2026-08-07,10.45,10.12,-0.03157894736842104,2026-08-10,,,,,,,,
FIS,2026-08-07,42.77,42.98,0.004909983633387682,2026-08-10,,,,,,,,
FISI,2026-08-07,41.65,41.81,0.003841536614646035,2026-08-10,,,,,,,,
FISN,2026-08-07,8.99,9.13,0.015572858731924377,2026-08-10,,,,,,,,
FISR,2026-08-07,25.28,25.28,0.0,2026-08-10,,,,,,,,
FISV,2026-08-07,52.41,52.52,0.0020988360999809608,2026-08-10,,,,,,,,
FITB,2026-08-07,57.09,57.1,0.000175162024872888,2026-08-10,,,,,,,,
FITE,2026-08-07,115.93,115.93,0.0,2026-08-10,,,,,,,,
FITZ,2026-08-07,25.53,25.22,-0.01214257735996871,2026-08-10,,,,,,,,
FIVA,2026-08-07,40.14,40.14,0.0,2026-08-10,,,,,,,,
FIVE,2026-08-07,244.37,243.04,-0.005442566599828225,2026-08-10,,,,,,,,
FIVN,2026-08-07,33.99,33.4,-0.017358046484260203,2026-08-10,,,,,,,,
FIW,2026-08-07,113.55,113.55,0.0,2026-08-10,,,,,,,,
FIX,2026-08-07,1694.55,1698.0,0.0020359387447994592,2026-08-10,,,,,,,,
FIXD,2026-08-07,43.08,43.65,0.013231197771587766,2026-08-10,,,,,,,,
FIXP,2026-08-07,19.87,19.87,0.0,2026-08-10,,,,,,,,
FIXT,2026-08-07,37.26,37.26,0.0,2026-08-10,,,,,,,,
FIYY,2026-08-07,24.48,24.48,0.0,2026-08-10,,,,,,,,
FIZY,2026-08-07,26.12,26.12,0.0,2026-08-10,,,,,,,,
FIZZ,2026-08-07,32.13,32.13,0.0,2026-08-10,,,,,,,,
FJAN,2026-08-07,56.36,56.36,0.0,2026-08-10,,,,,,,,
FJDIU,2026-08-07,9.95,9.95,0.0,2026-08-10,,,,,,,,
FJET,2026-08-07,3.99,4.04,0.012531328320801949,2026-08-10,,,,,,,,
FJP,2026-08-07,77.62,77.62,0.0,2026-08-10,,,,,,,,
FJUL,2026-08-07,61.32,61.32,0.0,2026-08-10,,,,,,,,
FJUN,2026-08-07,61.29,61.29,0.0,2026-08-10,,,,,,,,
FKU,2026-08-07,56.93,56.93,0.0,2026-08-10,,,,,,,,
FKWL,2026-08-07,2.29,2.2,-0.0393013100436681,2026-08-10,,,,,,,,
FLAG,2026-08-07,28.88,28.88,0.0,2026-08-10,,,,,,,,
FLAO,2026-08-07,28.53,28.53,0.0,2026-08-10,,,,,,,,
FLAU,2026-08-07,36.39,36.39,0.0,2026-08-10,,,,,,,,
FLAX,2026-08-07,35.72,35.72,0.0,2026-08-10,,,,,,,,
FLBL,2026-08-07,23.0,23.0,0.0,2026-08-10,,,,,,,,
FLBR,2026-08-07,21.99,21.99,0.0,2026-08-10,,,,,,,,
FLC,2026-08-07,16.78,16.78,0.0,2026-08-10,,,,,,,,
FLCA,2026-08-07,54.63,54.63,0.0,2026-08-10,,,,,,,,
FLCB,2026-08-07,21.1,21.1,0.0,2026-08-10,,,,,,,,
FLCC,2026-08-07,37.02,37.02,0.0,2026-08-10,,,,,,,,
FLCE,2026-08-07,32.13,32.13,0.0,2026-08-10,,,,,,,,
FLCG,2026-08-07,35.32,35.32,0.0,2026-08-10,,,,,,,,
FLCH,2026-08-07,22.38,22.5,0.00536193029490617,2026-08-10,,,,,,,,
FLCO,2026-08-07,21.02,21.02,0.0,2026-08-10,,,,,,,,
FLCV,2026-08-07,37.63,37.63,0.0,2026-08-10,,,,,,,,
FLD,2026-08-07,0.49,0.51,0.04081632653061229,2026-08-10,,,,,,,,
FLDB,2026-08-07,50.34,50.34,0.0,2026-08-10,,,,,,,,
FLDR,2026-08-07,50.07,50.07,0.0,2026-08-10,,,,,,,,
FLDZ,2026-08-07,32.97,32.97,0.0,2026-08-10,,,,,,,,
FLEE,2026-08-07,40.26,40.61,0.008693492300049677,2026-08-10,,,,,,,,
FLEU,2026-08-07,36.99,36.99,0.0,2026-08-10,,,,,,,,
FLEX,2026-08-07,121.35,123.43,0.017140502678203662,2026-08-10,,,,,,,,
FLG,2026-08-07,13.95,13.95,0.0,2026-08-10,,,,,,,,
FLGB,2026-08-07,37.45,37.45,0.0,2026-08-10,,,,,,,,
FLGR,2026-08-07,34.32,34.32,0.0,2026-08-10,,,,,,,,
FLGT,2026-08-07,19.14,19.03,-0.005747126436781547,2026-08-10,,,,,,,,
FLGV,2026-08-07,19.99,19.99,0.0,2026-08-10,,,,,,,,
FLHY,2026-08-07,24.16,24.16,0.0,2026-08-10,,,,,,,,
FLIA,2026-08-07,20.37,20.37,0.0,2026-08-10,,,,,,,,
FLIN,2026-08-07,36.18,36.2,0.0005527915975678255,2026-08-10,,,,,,,,
FLJH,2026-08-07,45.95,45.99,0.0008705114254623503,2026-08-10,,,,,,,,
FLJJ,2026-08-07,34.41,34.41,0.0,2026-08-10,,,,,,,,
FLJP,2026-08-07,41.24,41.42,0.004364694471387098,2026-08-10,,,,,,,,
FLKR,2026-08-07,55.04,54.91,-0.002361918604651181,2026-08-10,,,,,,,,
FLL,2026-08-07,2.43,2.42,-0.004115226337448652,2026-08-10,,,,,,,,
FLLA,2026-08-07,27.32,27.32,0.0,2026-08-10,,,,,,,,
FLMB,2026-08-07,23.52,23.52,0.0,2026-08-10,,,,,,,,
FLMI,2026-08-07,24.73,24.73,0.0,2026-08-10,,,,,,,,
FLMX,2026-08-07,37.7,37.7,0.0,2026-08-10,,,,,,,,
FLN,2026-08-07,25.71,25.71,0.0,2026-08-10,,,,,,,,
FLNA,2026-08-07,1.0,0.99,-0.010000000000000009,2026-08-10,,,,,,,,
FLNC,2026-08-07,13.19,13.3,0.00833965125094771,2026-08-10,,,,,,,,
FLNG,2026-08-07,30.84,30.35,-0.015888456549935093,2026-08-10,,,,,,,,
FLNT,2026-08-07,4.04,4.04,0.0,2026-08-10,,,,,,,,
FLO,2026-08-07,7.4,7.45,0.006756756756756799,2026-08-10,,,,,,,,
FLOC,2026-08-07,21.79,21.79,0.0,2026-08-10,,,,,,,,
FLOT,2026-08-07,50.93,50.93,0.0,2026-08-10,,,,,,,,
FLOW,2026-08-07,42.97,42.97,0.0,2026-08-10,,,,,,,,
FLQL,2026-08-07,79.68,79.68,0.0,2026-08-10,,,,,,,,
FLQM,2026-08-07,61.47,61.49,0.00032536196518639926,2026-08-10,,,,,,,,
FLQS,2026-08-07,50.61,50.61,0.0,2026-08-10,,,,,,,,
FLR,2026-08-07,57.0,57.1,0.0017543859649122862,2026-08-10,,,,,,,,
FLRG,2026-08-07,42.86,42.86,0.0,2026-08-10,,,,,,,,
FLRN,2026-08-07,30.76,30.76,0.0,2026-08-10,,,,,,,,
FLRT,2026-08-07,46.75,46.75,0.0,2026-08-10,,,,,,,,
FLS,2026-08-07,79.95,80.0,0.0006253908692932519,2026-08-10,,,,,,,,
FLSA,2026-08-07,32.41,32.41,0.0,2026-08-10,,,,,,,,
FLSP,2026-08-07,28.12,28.12,0.0,2026-08-10,,,,,,,,
FLSW,2026-08-07,44.68,44.68,0.0,2026-08-10,,,,,,,,
FLTB,2026-08-07,50.05,50.05,0.0,2026-08-10,,,,,,,,
FLTR,2026-08-07,25.54,25.53,-0.0003915426781518905,2026-08-10,,,,,,,,
FLTW,2026-08-07,99.02,100.0,0.00989699050696835,2026-08-10,,,,,,,,
FLUD,2026-08-07,24.97,24.97,0.0,2026-08-10,,,,,,,,
FLUT,2026-08-07,94.74,94.67,-0.0007388642600801854,2026-08-10,,,,,,,,
FLUX,2026-08-07,0.54,0.54,0.0,2026-08-10,,,,,,,,
FLV,2026-08-07,87.36,87.36,0.0,2026-08-10,,,,,,,,
FLWS,2026-08-07,4.02,4.08,0.014925373134328401,2026-08-10,,,,,,,,
FLX,2026-08-07,2.08,2.2,0.05769230769230771,2026-08-10,,,,,,,,
FLXI,2026-08-07,48.92,48.92,0.0,2026-08-10,,,,,,,,
FLXN,2026-08-07,24.91,24.91,0.0,2026-08-10,,,,,,,,
FLXR,2026-08-07,38.9,38.9,0.0,2026-08-10,,,,,,,,
FLXS,2026-08-07,76.19,76.19,0.0,2026-08-10,,,,,,,,
FLY,2026-08-07,26.71,27.14,0.016098839385997765,2026-08-10,,,,,,,,
FLYD,2026-08-07,37.06,37.06,0.0,2026-08-10,,,,,,,,
FLYE,2026-08-07,1.73,1.73,0.0,2026-08-10,,,,,,,,
FLYT,2026-08-07,7.86,8.29,0.05470737913485979,2026-08-10,,,,,,,,
FLYU,2026-08-07,55.55,55.55,0.0,2026-08-10,,,,,,,,
FLYW,2026-08-07,17.78,17.78,0.0,2026-08-10,,,,,,,,
FLYX,2026-08-07,1.2,1.21,0.008333333333333304,2026-08-10,,,,,,,,
FLZH,2026-08-07,1.37,1.42,0.03649635036496335,2026-08-10,,,,,,,,
FMAC,2026-08-07,10.04,10.04,0.0,2026-08-10,,,,,,,,
FMAG,2026-08-07,36.96,36.96,0.0,2026-08-10,,,,,,,,
FMAO,2026-08-07,34.92,34.92,0.0,2026-08-10,,,,,,,,
FMAR,2026-08-07,53.19,53.19,0.0,2026-08-10,,,,,,,,
FMAT,2026-08-07,60.48,60.48,0.0,2026-08-10,,,,,,,,
FMAY,2026-08-07,57.52,57.52,0.0,2026-08-10,,,,,,,,
FMB,2026-08-07,50.61,50.61,0.0,2026-08-10,,,,,,,,
FMBH,2026-08-07,51.17,51.17,0.0,2026-08-10,,,,,,,,
FMC,2026-08-07,10.59,10.6,0.0009442870632672129,2026-08-10,,,,,,,,
FMCE,2026-08-07,29.03,29.03,0.0,2026-08-10,,,,,,,,
FMCX,2026-08-07,37.5,37.5,0.0,2026-08-10,,,,,,,,
FMDE,2026-08-07,42.29,42.29,0.0,2026-08-10,,,,,,,,
FMED,2026-08-07,29.87,29.87,0.0,2026-08-10,,,,,,,,
FMET,2026-08-07,38.89,38.89,0.0,2026-08-10,,,,,,,,
FMF,2026-08-07,50.14,50.14,0.0,2026-08-10,,,,,,,,
FMFC,2026-08-07,0.29,0.29,0.0,2026-08-10,,,,,,,,
FMHI,2026-08-07,47.88,47.88,0.0,2026-08-10,,,,,,,,
FMKT,2026-08-07,22.49,22.49,0.0,2026-08-10,,,,,,,,
FMN,2026-08-07,11.19,11.19,0.0,2026-08-10,,,,,,,,
FMNB,2026-08-07,15.69,15.69,0.0,2026-08-10,,,,,,,,
FMNY,2026-08-07,26.46,26.46,0.0,2026-08-10,,,,,,,,
FMQQ,2026-08-07,12.6,12.6,0.0,2026-08-10,,,,,,,,
FMS,2026-08-07,24.27,24.51,0.009888751545117591,2026-08-10,,,,,,,,
FMST,2026-08-07,1.41,1.41,0.0,2026-08-10,,,,,,,,
FMTL,2026-08-07,36.04,36.04,0.0,2026-08-10,,,,,,,,
FMTM,2026-08-07,39.19,39.75,0.014289359530492485,2026-08-10,,,,,,,,
FMUB,2026-08-07,50.96,50.96,0.0,2026-08-10,,,,,,,,
FMUN,2026-08-07,49.64,49.64,0.0,2026-08-10,,,,,,,,
FMX,2026-08-07,122.46,121.79,-0.0054711742609830916,2026-08-10,,,,,,,,
FMY,2026-08-07,11.55,11.55,0.0,2026-08-10,,,,,,,,
FN,2026-08-07,562.38,570.0,0.01354955723887774,2026-08-10,,,,,,,,
FNB,2026-08-07,18.97,18.97,0.0,2026-08-10,,,,,,,,
FNCL,2026-08-07,82.03,82.03,0.0,2026-08-10,,,,,,,,
FND,2026-08-07,62.69,62.69,0.0,2026-08-10,,,,,,,,
FNDA,2026-08-07,38.22,38.41,0.004971219256933557,2026-08-10,,,,,,,,
FNDB,2026-08-07,31.58,31.76,0.005699810006333239,2026-08-10,,,,,,,,
FNDC,2026-08-07,51.0,51.0,0.0,2026-08-10,,,,,,,,
FNDE,2026-08-07,41.67,41.67,0.0,2026-08-10,,,,,,,,
FNDF,2026-08-07,55.19,55.2,0.00018119224497192832,2026-08-10,,,,,,,,
FNDX,2026-08-07,32.31,32.3,-0.0003095017022595181,2026-08-10,,,,,,,,
FNF,2026-08-07,50.18,50.01,-0.0033878039059386245,2026-08-10,,,,,,,,
FNG,2026-08-07,10.39,10.77,0.03657362848893153,2026-08-10,,,,,,,,
FNGD,2026-08-07,26.56,26.41,-0.005647590361445687,2026-08-10,,,,,,,,
FNGG,2026-08-07,267.73,267.73,0.0,2026-08-10,,,,,,,,
FNGO,2026-08-07,153.15,154.84,0.011034933072151532,2026-08-10,,,,,,,,
FNGR,2026-08-07,0.3,0.31,0.03333333333333344,2026-08-10,,,,,,,,
FNGS,2026-08-07,80.78,80.09,-0.008541718247090824,2026-08-10,,,,,,,,
FNGU,2026-08-07,33.53,33.57,0.0011929615269907767,2026-08-10,,,,,,,,
FNK,2026-08-07,64.2,64.2,0.0,2026-08-10,,,,,,,,
FNKO,2026-08-07,5.88,5.88,0.0,2026-08-10,,,,,,,,
FNLC,2026-08-07,35.38,35.38,0.0,2026-08-10,,,,,,,,
FNOV,2026-08-07,59.67,59.67,0.0,2026-08-10,,,,,,,,
FNRN,2026-08-07,16.59,16.59,0.0,2026-08-10,,,,,,,,
FNUC,2026-08-07,1.7,1.7,0.0,2026-08-10,,,,,,,,
FNV,2026-08-07,238.65,239.6,0.003980724910957356,2026-08-10,,,,,,,,
FNWB,2026-08-07,10.95,10.95,0.0,2026-08-10,,,,,,,,
FNWD,2026-08-07,44.51,44.51,0.0,2026-08-10,,,,,,,,
FNX,2026-08-07,146.76,146.76,0.0,2026-08-10,,,,,,,,
FNY,2026-08-07,106.97,106.97,0.0,2026-08-10,,,,,,,,
FOA,2026-08-07,22.12,22.12,0.0,2026-08-10,,,,,,,,
FOCL,2026-08-07,6.22,6.22,0.0,2026-08-10,,,,,,,,
FOCT,2026-08-07,53.46,53.46,0.0,2026-08-10,,,,,,,,
FOF,2026-08-07,13.68,13.68,0.0,2026-08-10,,,,,,,,
FOFO,2026-08-07,2.45,2.5,0.020408163265306145,2026-08-10,,,,,,,,
FOMG,2026-08-07,6.59,6.59,0.0,2026-08-10,,,,,,,,
FOPC,2026-08-07,25.25,25.25,0.0,2026-08-10,,,,,,,,
FOR,2026-08-07,29.64,29.64,0.0,2026-08-10,,,,,,,,
FORH,2026-08-07,25.03,25.03,0.0,2026-08-10,,,,,,,,
FORM,2026-08-07,117.39,118.16,0.0065593321407273475,2026-08-10,,,,,,,,
FORR,2026-08-07,11.74,11.74,0.0,2026-08-10,,,,,,,,
FORTY,2026-08-07,108.75,108.75,0.0,2026-08-10,,,,,,,,
FOSL,2026-08-07,5.38,5.48,0.01858736059479571,2026-08-10,,,,,,,,
FOTO,2026-08-07,21.3,21.83,0.024882629107981113,2026-08-10,,,,,,,,
FOUR,2026-08-07,41.26,41.22,-0.0009694619486184664,2026-08-10,,,,,,,,
FOWF,2026-08-07,36.95,36.95,0.0,2026-08-10,,,,,,,,
FOX,2026-08-07,57.03,57.39,0.006312467122567167,2026-08-10,,,,,,,,
FOXA,2026-08-07,64.03,63.5,-0.008277369982820582,2026-08-10,,,,,,,,
FOXF,2026-08-07,21.13,21.13,0.0,2026-08-10,,,,,,,,
FOXX,2026-08-07,2.6,2.6,0.0,2026-08-10,,,,,,,,
FOXY,2026-08-07,28.24,28.24,0.0,2026-08-10,,,,,,,,
FPA,2026-08-07,48.31,48.31,0.0,2026-08-10,,,,,,,,
FPAA,2026-08-07,25.92,25.92,0.0,2026-08-10,,,,,,,,
FPAG,2026-08-07,42.94,42.94,0.0,2026-08-10,,,,,,,,
FPAS,2026-08-07,24.58,24.58,0.0,2026-08-10,,,,,,,,
FPE,2026-08-07,17.87,17.87,0.0,2026-08-10,,,,,,,,
FPEI,2026-08-07,19.2,19.2,0.0,2026-08-10,,,,,,,,
FPF,2026-08-07,17.67,17.67,0.0,2026-08-10,,,,,,,,
FPFD,2026-08-07,21.28,21.28,0.0,2026-08-10,,,,,,,,
FPH,2026-08-07,5.22,5.22,0.0,2026-08-10,,,,,,,,
FPI,2026-08-07,9.9,9.9,0.0,2026-08-10,,,,,,,,
FPRO,2026-08-07,25.31,25.31,0.0,2026-08-10,,,,,,,,
FPS,2026-08-07,38.71,39.38,0.01730818909842413,2026-08-10,,,,,,,,
FPSX,2026-08-07,5.1,5.1,0.0,2026-08-10,,,,,,,,
FPWR,2026-08-07,36.8,36.8,0.0,2026-08-10,,,,,,,,
FPX,2026-08-07,181.41,181.41,0.0,2026-08-10,,,,,,,,
FPXE,2026-08-07,34.33,34.33,0.0,2026-08-10,,,,,,,,
FPXI,2026-08-07,72.54,72.54,0.0,2026-08-10,,,,,,,,
FQAL,2026-08-07,85.04,85.04,0.0,2026-08-10,,,,,,,,
FR,2026-08-07,63.63,63.63,0.0,2026-08-10,,,,,,,,
FRA,2026-08-07,10.86,10.86,0.0,2026-08-10,,,,,,,,
FRAF,2026-08-07,62.32,62.32,0.0,2026-08-10,,,,,,,,
FRBA,2026-08-07,18.63,18.63,0.0,2026-08-10,,,,,,,,
FRBT,2026-08-07,19.08,19.08,0.0,2026-08-10,,,,,,,,
FRD,2026-08-07,43.91,43.91,0.0,2026-08-10,,,,,,,,
FRDM,2026-08-07,66.67,66.67,0.0,2026-08-10,,,,,,,,
FREI,2026-08-07,24.93,24.93,0.0,2026-08-10,,,,,,,,
FREL,2026-08-07,29.91,29.91,0.0,2026-08-10,,,,,,,,
FRGN,2026-08-07,31.61,31.61,0.0,2026-08-10,,,,,,,,
FRGT,2026-08-07,2.74,3.0,0.0948905109489051,2026-08-10,,,,,,,,
FRHC,2026-08-07,148.98,148.98,0.0,2026-08-10,,,,,,,,
FRI,2026-08-07,32.15,32.15,0.0,2026-08-10,,,,,,,,
FRIZ,2026-08-07,27.63,27.63,0.0,2026-08-10,,,,,,,,
FRME,2026-08-07,42.59,42.52,-0.0016435783047663577,2026-08-10,,,,,,,,
FRMI,2026-08-07,6.18,6.22,0.006472491909385036,2026-08-10,,,,,,,,
FRMM,2026-08-07,6.02,5.96,-0.009966777408637828,2026-08-10,,,,,,,,
FRNM,2026-08-07,11.15,11.15,0.0,2026-08-10,,,,,,,,
FRNW,2026-08-07,22.94,22.94,0.0,2026-08-10,,,,,,,,
FRO,2026-08-07,39.74,39.46,-0.007045797684952171,2026-08-10,,,,,,,,
FROG,2026-08-07,89.52,88.97,-0.00614387846291331,2026-08-10,,,,,,,,
FRPH,2026-08-07,21.92,21.92,0.0,2026-08-10,,,,,,,,
FRPT,2026-08-07,66.91,67.06,0.002241817366611887,2026-08-10,,,,,,,,
FRSH,2026-08-07,11.84,11.78,-0.005067567567567655,2026-08-10,,,,,,,,
FRST,2026-08-07,16.25,16.25,0.0,2026-08-10,,,,,,,,
FRSX,2026-08-07,1.22,1.22,0.0,2026-08-10,,,,,,,,
FRT,2026-08-07,118.69,118.69,0.0,2026-08-10,,,,,,,,
FRTT,2026-08-07,1.0,1.03,0.030000000000000027,2026-08-10,,,,,,,,
FRTY,2026-08-07,23.18,23.18,0.0,2026-08-10,,,,,,,,
FRVO,2026-08-07,25.85,26.02,0.00657640232108303,2026-08-10,,,,,,,,
FRWD,2026-08-07,32.2,32.2,0.0,2026-08-10,,,,,,,,
FSBC,2026-08-07,46.08,45.78,-0.00651041666666663,2026-08-10,,,,,,,,
FSBW,2026-08-07,43.06,43.06,0.0,2026-08-10,,,,,,,,
FSCC,2026-08-07,36.2,36.2,0.0,2026-08-10,,,,,,,,
FSCO,2026-08-07,5.03,4.99,-0.007952286282306154,2026-08-10,,,,,,,,
FSCS,2026-08-07,38.46,38.46,0.0,2026-08-10,,,,,,,,
FSEA,2026-08-07,17.11,17.11,0.0,2026-08-10,,,,,,,,
FSEC,2026-08-07,43.49,43.49,0.0,2026-08-10,,,,,,,,
FSEG,2026-08-07,28.03,28.03,0.0,2026-08-10,,,,,,,,
FSEP,2026-08-07,56.32,56.32,0.0,2026-08-10,,,,,,,,
FSEV,2026-08-07,27.32,27.32,0.0,2026-08-10,,,,,,,,
FSGS,2026-08-07,33.76,33.76,0.0,2026-08-10,,,,,,,,
FSHP,2026-08-07,11.2,11.2,0.0,2026-08-10,,,,,,,,
FSI,2026-08-07,5.03,5.03,0.0,2026-08-10,,,,,,,,
FSIG,2026-08-07,18.85,18.85,0.0,2026-08-10,,,,,,,,
FSK,2026-08-07,12.44,12.49,0.004019292604501734,2026-08-10,,,,,,,,
FSLR,2026-08-07,250.05,252.85,0.011197760447910321,2026-08-10,,,,,,,,
FSLY,2026-08-07,22.96,22.88,-0.0034843205574913716,2026-08-10,,,,,,,,
FSM,2026-08-07,10.39,10.42,0.002887391722810273,2026-08-10,,,,,,,,
FSMB,2026-08-07,19.96,19.96,0.0,2026-08-10,,,,,,,,
FSMD,2026-08-07,52.38,52.38,0.0,2026-08-10,,,,,,,,
FSML,2026-08-07,30.82,30.82,0.0,2026-08-10,,,,,,,,
FSOL,2026-08-07,8.73,9.06,0.037800687285223455,2026-08-10,,,,,,,,
FSP,2026-08-07,0.45,0.48,0.06666666666666665,2026-08-10,,,,,,,,
FSPC,2026-08-07,20.68,20.68,0.0,2026-08-10,,,,,,,,
FSS,2026-08-07,128.21,128.21,0.0,2026-08-10,,,,,,,,
FSSL,2026-08-07,11.38,11.38,0.0,2026-08-10,,,,,,,,
FSTA,2026-08-07,53.87,53.87,0.0,2026-08-10,,,,,,,,
FSTB,2026-08-07,20.0,20.0,0.0,2026-08-10,,,,,,,,
FSTR,2026-08-07,41.27,42.88,0.03901138841773677,2026-08-10,,,,,,,,
FSUN,2026-08-07,39.68,39.68,0.0,2026-08-10,,,,,,,,
FSV,2026-08-07,143.91,143.91,0.0,2026-08-10,,,,,,,,
FSYD,2026-08-07,48.46,48.46,0.0,2026-08-10,,,,,,,,
FSZ,2026-08-07,83.34,83.34,0.0,2026-08-10,,,,,,,,
FT,2026-08-07,7.83,7.83,0.0,2026-08-10,,,,,,,,
FTA,2026-08-07,102.17,102.17,0.0,2026-08-10,,,,,,,,
FTAG,2026-08-07,29.53,29.53,0.0,2026-08-10,,,,,,,,
FTAI,2026-08-07,216.24,216.75,0.002358490566037652,2026-08-10,,,,,,,,
FTBD,2026-08-07,48.65,48.65,0.0,2026-08-10,,,,,,,,
FTBI,2026-08-07,21.91,21.91,0.0,2026-08-10,,,,,,,,
FTC,2026-08-07,183.93,183.93,0.0,2026-08-10,,,,,,,,
FTCA,2026-08-07,7.28,7.28,0.0,2026-08-10,,,,,,,,
FTCB,2026-08-07,20.61,20.61,0.0,2026-08-10,,,,,,,,
FTCE,2026-08-07,27.75,27.75,0.0,2026-08-10,,,,,,,,
FTCI,2026-08-07,2.72,2.76,0.014705882352941124,2026-08-10,,,,,,,,
FTCS,2026-08-07,100.17,100.17,0.0,2026-08-10,,,,,,,,
FTDR,2026-08-07,90.83,90.52,-0.0034129692832765013,2026-08-10,,,,,,,,
FTDS,2026-08-07,65.28,65.28,0.0,2026-08-10,,,,,,,,
FTEC,2026-08-07,289.84,287.96,-0.006486337289539068,2026-08-10,,,,,,,,
FTEK,2026-08-07,1.4,1.4,0.0,2026-08-10,,,,,,,,
FTF,2026-08-07,5.76,5.76,0.0,2026-08-10,,,,,,,,
FTFT,2026-08-07,0.79,0.77,-0.025316455696202556,2026-08-10,,,,,,,,
FTGC,2026-08-07,28.91,29.37,0.015911449325493043,2026-08-10,,,,,,,,
FTGS,2026-08-07,39.72,39.72,0.0,2026-08-10,,,,,,,,
FTH,2026-08-07,24.39,24.39,0.0,2026-08-10,,,,,,,,
FTHA,2026-08-07,9.95,9.95,0.0,2026-08-10,,,,,,,,
FTHF,2026-08-07,45.5,45.5,0.0,2026-08-10,,,,,,,,
FTHI,2026-08-07,23.96,23.96,0.0,2026-08-10,,,,,,,,
FTHM,2026-08-07,0.76,0.76,0.0,2026-08-10,,,,,,,,
FTHY,2026-08-07,13.54,13.54,0.0,2026-08-10,,,,,,,,
FTI,2026-08-07,69.62,69.62,0.0,2026-08-10,,,,,,,,
FTIF,2026-08-07,28.07,28.07,0.0,2026-08-10,,,,,,,,
FTK,2026-08-07,35.42,35.42,0.0,2026-08-10,,,,,,,,
FTKI,2026-08-07,20.23,20.23,0.0,2026-08-10,,,,,,,,
FTLF,2026-08-07,10.03,10.03,0.0,2026-08-10,,,,,,,,
FTLS,2026-08-07,75.9,75.9,0.0,2026-08-10,,,,,,,,
FTMA,2026-08-07,8.96,8.96,0.0,2026-08-10,,,,,,,,
FTMH,2026-08-07,11.62,11.62,0.0,2026-08-10,,,,,,,,
FTMN,2026-08-07,8.75,8.75,0.0,2026-08-10,,,,,,,,
FTMS,2026-08-07,9.89,9.89,0.0,2026-08-10,,,,,,,,
FTMU,2026-08-07,7.77,7.77,0.0,2026-08-10,,,,,,,,
FTNJ,2026-08-07,8.69,8.69,0.0,2026-08-10,,,,,,,,
FTNT,2026-08-07,159.64,159.0,-0.004009020295665189,2026-08-10,,,,,,,,
FTNY,2026-08-07,7.81,7.81,0.0,2026-08-10,,,,,,,,
FTOH,2026-08-07,8.36,8.36,0.0,2026-08-10,,,,,,,,
FTPA,2026-08-07,8.6,8.6,0.0,2026-08-10,,,,,,,,
FTQI,2026-08-07,22.22,22.22,0.0,2026-08-10,,,,,,,,
FTRA,2026-08-07,9.87,9.87,0.0,2026-08-10,,,,,,,,
FTRB,2026-08-07,24.82,24.82,0.0,2026-08-10,,,,,,,,
FTRE,2026-08-07,18.43,18.3,-0.007053716766142082,2026-08-10,,,,,,,,
FTRI,2026-08-07,17.56,17.56,0.0,2026-08-10,,,,,,,,
FTRK,2026-08-07,0.3,0.29,-0.033333333333333326,2026-08-10,,,,,,,,
FTS,2026-08-07,56.1,56.1,0.0,2026-08-10,,,,,,,,
FTSD,2026-08-07,90.01,90.01,0.0,2026-08-10,,,,,,,,
FTSL,2026-08-07,44.91,44.91,0.0,2026-08-10,,,,,,,,
FTSM,2026-08-07,59.78,59.78,0.0,2026-08-10,,,,,,,,
FTV,2026-08-07,61.71,61.71,0.0,2026-08-10,,,,,,,,
FTW,2026-08-07,11.39,11.39,0.0,2026-08-10,,,,,,,,
FTWO,2026-08-07,45.69,45.69,0.0,2026-08-10,,,,,,,,
FTXG,2026-08-07,22.78,22.78,0.0,2026-08-10,,,,,,,,
FTXH,2026-08-07,39.53,39.53,0.0,2026-08-10,,,,,,,,
FTXL,2026-08-07,236.49,239.28,0.011797539007991853,2026-08-10,,,,,,,,
FTXN,2026-08-07,36.18,36.18,0.0,2026-08-10,,,,,,,,
FTXO,2026-08-07,42.91,42.91,0.0,2026-08-10,,,,,,,,
FTXR,2026-08-07,45.08,45.08,0.0,2026-08-10,,,,,,,,
FUBO,2026-08-07,9.26,9.3,0.004319654427645814,2026-08-10,,,,,,,,
FUFU,2026-08-07,1.3,1.3,0.0,2026-08-10,,,,,,,,
FUL,2026-08-07,61.07,61.07,0.0,2026-08-10,,,,,,,,
FULC,2026-08-07,3.89,3.85,-0.010282776349614386,2026-08-10,,,,,,,,
FULT,2026-08-07,24.24,24.24,0.0,2026-08-10,,,,,,,,
FUMB,2026-08-07,20.08,20.08,0.0,2026-08-10,,,,,,,,
FUN,2026-08-07,16.37,16.43,0.0036652412950517466,2026-08-10,,,,,,,,
FUNC,2026-08-07,44.74,44.74,0.0,2026-08-10,,,,,,,,
FUND,2026-08-07,10.28,10.28,0.0,2026-08-10,,,,,,,,
FURY,2026-08-07,0.6,0.62,0.03333333333333344,2026-08-10,,,,,,,,
FUSB,2026-08-07,16.5,16.5,0.0,2026-08-10,,,,,,,,
FUSD,2026-08-07,25.05,25.05,0.0,2026-08-10,,,,,,,,
FUSE,2026-08-07,0.86,0.8,-0.06976744186046502,2026-08-10,,,,,,,,
FUSI,2026-08-07,50.44,50.44,0.0,2026-08-10,,,,,,,,
FUTG,2026-08-07,4.16,4.26,0.024038461538461453,2026-08-10,,,,,,,,
FUTU,2026-08-07,109.02,110.84,0.01669418455329308,2026-08-10,,,,,,,,
FUTY,2026-08-07,56.36,56.36,0.0,2026-08-10,,,,,,,,
FV,2026-08-07,72.58,72.58,0.0,2026-08-10,,,,,,,,
FVAL,2026-08-07,83.35,83.35,0.0,2026-08-10,,,,,,,,
FVAV,2026-08-07,10.25,10.25,0.0,2026-08-10,,,,,,,,
FVC,2026-08-07,41.85,41.85,0.0,2026-08-10,,,,,,,,
FVCB,2026-08-07,18.52,18.52,0.0,2026-08-10,,,,,,,,
FVD,2026-08-07,50.84,50.84,0.0,2026-08-10,,,,,,,,
FVN,2026-08-07,11.8,11.8,0.0,2026-08-10,,,,,,,,
FVR,2026-08-07,19.83,19.83,0.0,2026-08-10,,,,,,,,
FVRR,2026-08-07,9.42,9.29,-0.013800424628450214,2026-08-10,,,,,,,,
FWAC,2026-08-07,9.89,9.89,0.0,2026-08-10,,,,,,,,
FWD,2026-08-07,132.43,131.64,-0.0059654156913088174,2026-08-10,,,,,,,,
FWDI,2026-08-07,4.33,4.41,0.018475750577367167,2026-08-10,,,,,,,,
FWONA,2026-08-07,93.96,93.96,0.0,2026-08-10,,,,,,,,
FWONK,2026-08-07,102.85,102.85,0.0,2026-08-10,,,,,,,,
FWRD,2026-08-07,19.35,19.02,-0.01705426356589157,2026-08-10,,,,,,,,
FWRG,2026-08-07,12.42,12.56,0.011272141706924366,2026-08-10,,,,,,,,
FXA,2026-08-07,69.98,69.98,0.0,2026-08-10,,,,,,,,
FXAC,2026-08-07,10.03,10.03,0.0,2026-08-10,,,,,,,,
FXB,2026-08-07,129.7,129.7,0.0,2026-08-10,,,,,,,,
FXC,2026-08-07,70.06,70.06,0.0,2026-08-10,,,,,,,,
FXD,2026-08-07,71.76,71.76,0.0,2026-08-10,,,,,,,,
FXE,2026-08-07,106.68,106.68,0.0,2026-08-10,,,,,,,,
FXED,2026-08-07,17.52,17.52,0.0,2026-08-10,,,,,,,,
FXF,2026-08-07,109.12,109.12,0.0,2026-08-10,,,,,,,,
FXG,2026-08-07,64.97,64.97,0.0,2026-08-10,,,,,,,,
FXH,2026-08-07,130.97,130.97,0.0,2026-08-10,,,,,,,,
FXHO,2026-08-07,9.28,9.16,-0.012931034482758563,2026-08-10,,,,,,,,
FXI,2026-08-07,36.17,36.26,0.002488249930881814,2026-08-10,,,,,,,,
FXL,2026-08-07,216.75,216.75,0.0,2026-08-10,,,,,,,,
FXN,2026-08-07,21.44,21.3,-0.006529850746268662,2026-08-10,,,,,,,,
FXNC,2026-08-07,31.78,31.78,0.0,2026-08-10,,,,,,,,
FXO,2026-08-07,66.52,66.52,0.0,2026-08-10,,,,,,,,
FXP,2026-08-07,19.44,19.44,0.0,2026-08-10,,,,,,,,
FXR,2026-08-07,91.7,91.7,0.0,2026-08-10,,,,,,,,
FXU,2026-08-07,48.08,48.08,0.0,2026-08-10,,,,,,,,
FXY,2026-08-07,58.24,57.84,-0.006868131868131844,2026-08-10,,,,,,,,
FXZ,2026-08-07,82.95,82.95,0.0,2026-08-10,,,,,,,,
FYC,2026-08-07,123.05,123.11,0.00048760666395786245,2026-08-10,,,,,,,,
FYEE,2026-08-07,30.12,30.12,0.0,2026-08-10,,,,,,,,
FYLD,2026-08-07,39.69,39.69,0.0,2026-08-10,,,,,,,,
FYT,2026-08-07,72.96,72.96,0.0,2026-08-10,,,,,,,,
FYX,2026-08-07,145.02,145.02,0.0,2026-08-10,,,,,,,,
G,2026-08-07,34.29,34.29,0.0,2026-08-10,,,,,,,,
GAA,2026-08-07,35.41,35.41,0.0,2026-08-10,,,,,,,,
GAB,2026-08-07,5.74,5.74,0.0,2026-08-10,,,,,,,,
GABC,2026-08-07,50.5,50.5,0.0,2026-08-10,,,,,,,,
GABF,2026-08-07,45.92,45.92,0.0,2026-08-10,,,,,,,,
GAEM,2026-08-07,26.87,26.87,0.0,2026-08-10,,,,,,,,
GAIA,2026-08-07,1.91,1.91,0.0,2026-08-10,,,,,,,,
GAIN,2026-08-07,16.59,16.59,0.0,2026-08-10,,,,,,,,
GAL,2026-08-07,53.79,53.79,0.0,2026-08-10,,,,,,,,
GALT,2026-08-07,3.45,3.45,0.0,2026-08-10,,,,,,,,
GALX,2026-08-07,25.67,25.67,0.0,2026-08-10,,,,,,,,
GAM,2026-08-07,67.13,67.13,0.0,2026-08-10,,,,,,,,
GAME,2026-08-07,0.36,0.39,0.08333333333333348,2026-08-10,,,,,,,,
GAMR,2026-08-07,98.07,98.07,0.0,2026-08-10,,,,,,,,
GANX,2026-08-07,1.82,1.82,0.0,2026-08-10,,,,,,,,
GAP,2026-08-07,20.47,20.56,0.004396678065461623,2026-08-10,,,,,,,,
GAPR,2026-08-07,42.36,42.36,0.0,2026-08-10,,,,,,,,
GARA,2026-08-07,27.81,27.81,0.0,2026-08-10,,,,,,,,
GARP,2026-08-07,83.44,83.44,0.0,2026-08-10,,,,,,,,
GARY,2026-08-07,27.15,27.15,0.0,2026-08-10,,,,,,,,
GASS,2026-08-07,8.59,8.59,0.0,2026-08-10,,,,,,,,
GASZ,2026-08-07,23.48,23.48,0.0,2026-08-10,,,,,,,,
GATX,2026-08-07,177.71,177.71,0.0,2026-08-10,,,,,,,,
GAU,2026-08-07,2.06,2.08,0.009708737864077666,2026-08-10,,,,,,,,
GAUG,2026-08-07,41.92,41.92,0.0,2026-08-10,,,,,,,,
GAUZ,2026-08-07,0.43,0.4,-0.06976744186046502,2026-08-10,,,,,,,,
GAVA,2026-08-07,15.6,15.6,0.0,2026-08-10,,,,,,,,
GBAB,2026-08-07,14.07,14.07,0.0,2026-08-10,,,,,,,,
GBCI,2026-08-07,48.75,48.98,0.004717948717948728,2026-08-10,,,,,,,,
GBDC,2026-08-07,13.17,13.16,-0.0007593014426727773,2026-08-10,,,,,,,,
GBF,2026-08-07,102.3,102.3,0.0,2026-08-10,,,,,,,,
GBFH,2026-08-07,20.88,21.1,0.01053639846743315,2026-08-10,,,,,,,,
GBHI,2026-08-07,25.25,25.25,0.0,2026-08-10,,,,,,,,
GBIL,2026-08-07,99.97,99.97,0.0,2026-08-10,,,,,,,,
GBLI,2026-08-07,28.02,28.02,0.0,2026-08-10,,,,,,,,
GBND,2026-08-07,49.8,49.8,0.0,2026-08-10,,,,,,,,
GBR,2026-08-07,0.68,0.68,0.0,2026-08-10,,,,,,,,
GBTC,2026-08-07,50.3,50.28,-0.0003976143141152244,2026-08-10,,,,,,,,
GBTG,2026-08-07,9.46,9.42,-0.0042283298097252064,2026-08-10,,,,,,,,
GBUG,2026-08-07,47.58,48.0,0.008827238335435084,2026-08-10,,,,,,,,
GBX,2026-08-07,47.22,47.43,0.004447268106734459,2026-08-10,,,,,,,,
GCAD,2026-08-07,56.47,56.47,0.0,2026-08-10,,,,,,,,
GCAL,2026-08-07,50.65,50.65,0.0,2026-08-10,,,,,,,,
GCBC,2026-08-07,34.57,34.57,0.0,2026-08-10,,,,,,,,
GCC,2026-08-07,24.59,24.59,0.0,2026-08-10,,,,,,,,
GCDT,2026-08-07,0.44,0.46,0.045454545454545414,2026-08-10,,,,,,,,
GCGR,2026-08-07,10.14,10.14,0.0,2026-08-10,,,,,,,,
GCL,2026-08-07,0.51,0.55,0.07843137254901977,2026-08-10,,,,,,,,
GCMG,2026-08-07,13.58,13.45,-0.009572901325478722,2026-08-10,,,,,,,,
GCO,2026-08-07,37.98,37.98,0.0,2026-08-10,,,,,,,,
GCOR,2026-08-07,40.56,40.56,0.0,2026-08-10,,,,,,,,
GCOW,2026-08-07,46.97,46.97,0.0,2026-08-10,,,,,,,,
GCSH,2026-08-07,50.08,50.08,0.0,2026-08-10,,,,,,,,
GCT,2026-08-07,53.25,52.95,-0.005633802816901401,2026-08-10,,,,,,,,
GCTK,2026-08-07,0.43,0.44,0.023255813953488413,2026-08-10,,,,,,,,
GCTS,2026-08-07,2.55,2.69,0.05490196078431375,2026-08-10,,,,,,,,
GCV,2026-08-07,4.7,4.7,0.0,2026-08-10,,,,,,,,
GD,2026-08-07,392.05,391.82,-0.0005866598648132104,2026-08-10,,,,,,,,
GDC,2026-08-07,1.72,1.73,0.005813953488372103,2026-08-10,,,,,,,,
GDDY,2026-08-07,91.07,91.47,0.0043922257604041,2026-08-10,,,,,,,,
GDE,2026-08-07,67.33,69.53,0.0326748848952918,2026-08-10,,,,,,,,
GDEC,2026-08-07,40.51,40.51,0.0,2026-08-10,,,,,,,,
GDEV,2026-08-07,13.48,13.48,0.0,2026-08-10,,,,,,,,
GDHG,2026-08-07,1.32,1.31,-0.007575757575757569,2026-08-10,,,,,,,,
GDIV,2026-08-07,19.11,19.11,0.0,2026-08-10,,,,,,,,
GDL,2026-08-07,8.43,8.43,0.0,2026-08-10,,,,,,,,
GDLC,2026-08-07,29.25,29.25,0.0,2026-08-10,,,,,,,,
GDMA,2026-08-07,42.69,42.69,0.0,2026-08-10,,,,,,,,
GDMN,2026-08-07,89.58,89.58,0.0,2026-08-10,,,,,,,,
GDO,2026-08-07,10.29,10.29,0.0,2026-08-10,,,,,,,,
GDOC,2026-08-07,36.92,36.92,0.0,2026-08-10,,,,,,,,
GDOG,2026-08-07,8.18,8.18,0.0,2026-08-10,,,,,,,,
GDOT,2026-08-07,13.15,13.15,0.0,2026-08-10,,,,,,,,
GDRX,2026-08-07,3.68,3.68,0.0,2026-08-10,,,,,,,,
GDS,2026-08-07,31.98,31.61,-0.011569731081926271,2026-08-10,,,,,,,,
GDT,2026-08-07,35.63,35.63,0.0,2026-08-10,,,,,,,,
GDTC,2026-08-07,0.82,0.82,0.0,2026-08-10,,,,,,,,
GDV,2026-08-07,30.39,30.39,0.0,2026-08-10,,,,,,,,
GDX,2026-08-07,89.89,89.48,-0.004561130270330338,2026-08-10,,,,,,,,
GDXD,2026-08-07,25.15,25.35,0.007952286282306265,2026-08-10,,,,,,,,
GDXJ,2026-08-07,117.62,117.23,-0.003315762625403895,2026-08-10,,,,,,,,
GDXU,2026-08-07,130.43,129.06,-0.010503718469677237,2026-08-10,,,,,,,,
GDXW,2026-08-07,42.5,42.5,0.0,2026-08-10,,,,,,,,
GDXY,2026-08-07,11.05,11.11,0.005429864253393646,2026-08-10,,,,,,,,
GDYN,2026-08-07,7.58,7.58,0.0,2026-08-10,,,,,,,,
GE,2026-08-07,370.08,370.21,0.00035127539991353096,2026-08-10,,,,,,,,
GECC,2026-08-07,5.88,5.71,-0.028911564625850317,2026-08-10,,,,,,,,
GEF,2026-08-07,88.68,88.68,0.0,2026-08-10,,,,,,,,
GEG,2026-08-07,2.21,2.21,0.0,2026-08-10,,,,,,,,
GEHC,2026-08-07,71.77,71.5,-0.0037620175560818536,2026-08-10,,,,,,,,
GEL,2026-08-07,15.08,15.08,0.0,2026-08-10,,,,,,,,
GELS,2026-08-07,0.56,0.56,0.0,2026-08-10,,,,,,,,
GEM,2026-08-07,50.3,50.3,0.0,2026-08-10,,,,,,,,
GEMD,2026-08-07,41.73,41.73,0.0,2026-08-10,,,,,,,,
GEME,2026-08-07,42.45,42.45,0.0,2026-08-10,,,,,,,,
GEMG,2026-08-07,7.22,7.22,0.0,2026-08-10,,,,,,,,
GEMI,2026-08-07,4.09,4.11,0.004889975550122383,2026-08-10,,,,,,,,
GEN,2026-08-07,29.17,29.14,-0.001028453890983938,2026-08-10,,,,,,,,
GENB,2026-08-07,14.35,14.5,0.010452961672473782,2026-08-10,,,,,,,,
GENC,2026-08-07,14.47,14.58,0.007601935038009655,2026-08-10,,,,,,,,
GEND,2026-08-07,13.2,13.2,0.0,2026-08-10,,,,,,,,
GENI,2026-08-07,7.59,7.61,0.0026350461133071157,2026-08-10,,,,,,,,
GENK,2026-08-07,1.96,1.96,0.0,2026-08-10,,,,,,,,
GENM,2026-08-07,10.22,10.22,0.0,2026-08-10,,,,,,,,
GENT,2026-08-07,10.18,10.18,0.0,2026-08-10,,,,,,,,
GENW,2026-08-07,15.62,15.62,0.0,2026-08-10,,,,,,,,
GENZ,2026-08-07,39.2,39.2,0.0,2026-08-10,,,,,,,,
GEO,2026-08-07,30.69,30.5,-0.006190941674812711,2026-08-10,,,,,,,,
GEOS,2026-08-07,5.85,5.85,0.0,2026-08-10,,,,,,,,
GEQ,2026-08-07,52.46,52.46,0.0,2026-08-10,,,,,,,,
GERN,2026-08-07,1.48,1.48,0.0,2026-08-10,,,,,,,,
GETY,2026-08-07,0.44,0.48,0.09090909090909083,2026-08-10,,,,,,,,
GEV,2026-08-07,990.32,1000.33,0.010107843929235028,2026-08-10,,,,,,,,
GEVC,2026-08-07,20.4,20.4,0.0,2026-08-10,,,,,,,,
GEVG,2026-08-07,24.71,25.2,0.019830028328611915,2026-08-10,,,,,,,,
GEVO,2026-08-07,1.57,1.54,-0.019108280254777066,2026-08-10,,,,,,,,
GEVX,2026-08-07,19.5,19.52,0.0010256410256410664,2026-08-10,,,,,,,,
GEW,2026-08-07,57.16,57.16,0.0,2026-08-10,,,,,,,,
GF,2026-08-07,11.56,11.56,0.0,2026-08-10,,,,,,,,
GFAI,2026-08-07,0.35,0.35,0.0,2026-08-10,,,,,,,,
GFEB,2026-08-07,44.71,44.71,0.0,2026-08-10,,,,,,,,
GFF,2026-08-07,107.22,107.22,0.0,2026-08-10,,,,,,,,
GFGF,2026-08-07,36.84,36.84,0.0,2026-08-10,,,,,,,,
GFI,2026-08-07,40.82,40.38,-0.010779029887310054,2026-08-10,,,,,,,,
GFL,2026-08-07,41.32,41.32,0.0,2026-08-10,,,,,,,,
GFLW,2026-08-07,33.71,33.71,0.0,2026-08-10,,,,,,,,
GFR,2026-08-07,6.15,6.15,0.0,2026-08-10,,,,,,,,
GFS,2026-08-07,53.93,54.7,0.014277767476358338,2026-08-10,,,,,,,,
GFSG,2026-08-07,4.92,5.2,0.05691056910569103,2026-08-10,,,,,,,,
GFUZ,2026-08-07,9.25,9.55,0.032432432432432545,2026-08-10,,,,,,,,
GGAL,2026-08-07,46.18,46.18,0.0,2026-08-10,,,,,,,,
GGB,2026-08-07,4.94,4.94,0.0,2026-08-10,,,,,,,,
GGG,2026-08-07,83.54,83.54,0.0,2026-08-10,,,,,,,,
GGLL,2026-08-07,108.4,110.21,0.0166974169741696,2026-08-10,,,,,,,,
GGLS,2026-08-07,56.81,56.81,0.0,2026-08-10,,,,,,,,
GGM,2026-08-07,31.34,31.34,0.0,2026-08-10,,,,,,,,
GGME,2026-08-07,63.48,63.48,0.0,2026-08-10,,,,,,,,
GGN,2026-08-07,5.24,5.24,0.0,2026-08-10,,,,,,,,
GGOV,2026-08-07,50.24,50.24,0.0,2026-08-10,,,,,,,,
GGR,2026-08-07,2.55,2.55,0.0,2026-08-10,,,,,,,,
GGRP,2026-08-07,0.86,0.86,0.0,2026-08-10,,,,,,,,
GGRW,2026-08-07,38.48,38.48,0.0,2026-08-10,,,,,,,,
GGT,2026-08-07,4.16,4.16,0.0,2026-08-10,,,,,,,,
GGTL,2026-08-07,38.75,38.75,0.0,2026-08-10,,,,,,,,
GGUS,2026-08-07,67.69,67.69,0.0,2026-08-10,,,,,,,,
GGZ,2026-08-07,16.64,16.64,0.0,2026-08-10,,,,,,,,
GH,2026-08-07,168.48,169.01,0.0031457739791074246,2026-08-10,,,,,,,,
GHC,2026-08-07,1185.71,1185.71,0.0,2026-08-10,,,,,,,,
GHG,2026-08-07,1.12,1.12,0.0,2026-08-10,,,,,,,,
GHI,2026-08-07,5.75,5.75,0.0,2026-08-10,,,,,,,,
GHM,2026-08-07,111.68,111.68,0.0,2026-08-10,,,,,,,,
GHRS,2026-08-07,30.27,31.56,0.042616451932606436,2026-08-10,,,,,,,,
GHTA,2026-08-07,31.08,31.08,0.0,2026-08-10,,,,,,,,
GHXIU,2026-08-07,10.15,10.15,0.0,2026-08-10,,,,,,,,
GHY,2026-08-07,11.79,11.79,0.0,2026-08-10,,,,,,,,
GHYB,2026-08-07,44.6,44.6,0.0,2026-08-10,,,,,,,,
GHYG,2026-08-07,45.24,45.24,0.0,2026-08-10,,,,,,,,
GIAX,2026-08-07,16.03,16.18,0.009357454772301876,2026-08-10,,,,,,,,
GIB,2026-08-07,74.74,74.74,0.0,2026-08-10,,,,,,,,
GIBO,2026-08-07,29.3,29.3,0.0,2026-08-10,,,,,,,,
GIC,2026-08-07,39.13,39.13,0.0,2026-08-10,,,,,,,,
GIEQ,2026-08-07,43.18,43.18,0.0,2026-08-10,,,,,,,,
GIFT,2026-08-07,0.88,0.88,0.0,2026-08-10,,,,,,,,
GIGB,2026-08-07,45.06,45.06,0.0,2026-08-10,,,,,,,,
GIGL,2026-08-07,49.72,49.72,0.0,2026-08-10,,,,,,,,
GIGM,2026-08-07,1.48,1.48,0.0,2026-08-10,,,,,,,,
GII,2026-08-07,75.17,75.17,0.0,2026-08-10,,,,,,,,
GIII,2026-08-07,35.46,35.46,0.0,2026-08-10,,,,,,,,
GIL,2026-08-07,57.5,57.5,0.0,2026-08-10,,,,,,,,
GILD,2026-08-07,133.21,133.21,0.0,2026-08-10,,,,,,,,
GILT,2026-08-07,11.23,11.35,0.010685663401602818,2026-08-10,,,,,,,,
GIND,2026-08-07,25.05,25.05,0.0,2026-08-10,,,,,,,,
GINN,2026-08-07,82.01,82.01,0.0,2026-08-10,,,,,,,,
GINX,2026-08-07,36.62,36.62,0.0,2026-08-10,,,,,,,,
GIPR,2026-08-07,0.72,0.76,0.05555555555555558,2026-08-10,,,,,,,,
GIS,2026-08-07,36.89,36.85,-0.0010843046896177322,2026-08-10,,,,,,,,
GISC,2026-08-07,49.99,49.99,0.0,2026-08-10,,,,,,,,
GITS,2026-08-07,2.14,2.24,0.04672897196261694,2026-08-10,,,,,,,,
GIW,2026-08-07,10.12,10.12,0.0,2026-08-10,,,,,,,,
GIX,2026-08-07,9.97,9.97,0.0,2026-08-10,,,,,,,,
GJAN,2026-08-07,45.82,45.82,0.0,2026-08-10,,,,,,,,
GJUL,2026-08-07,44.53,44.53,0.0,2026-08-10,,,,,,,,
GJUN,2026-08-07,41.97,41.97,0.0,2026-08-10,,,,,,,,
GK,2026-08-07,29.48,29.48,0.0,2026-08-10,,,,,,,,
GKAT,2026-08-07,45.24,45.24,0.0,2026-08-10,,,,,,,,
GKOS,2026-08-07,180.02,179.49,-0.0029441173202977566,2026-08-10,,,,,,,,
GL,2026-08-07,183.85,182.51,-0.0072885504487354424,2026-08-10,,,,,,,,
GLAD,2026-08-07,19.73,19.73,0.0,2026-08-10,,,,,,,,
GLAM,2026-08-07,29.08,29.08,0.0,2026-08-10,,,,,,,,
GLAS,2026-08-07,10.13,10.13,0.0,2026-08-10,,,,,,,,
GLBE,2026-08-07,42.32,42.51,0.004489603024574684,2026-08-10,,,,,,,,
GLBL,2026-08-07,28.81,28.81,0.0,2026-08-10,,,,,,,,
GLBS,2026-08-07,3.19,3.35,0.050156739811912265,2026-08-10,,,,,,,,
GLCR,2026-08-07,24.66,24.66,0.0,2026-08-10,,,,,,,,
GLD,2026-08-07,398.47,397.7,-0.001932391397094002,2026-08-10,,,,,,,,
GLDB,2026-08-07,20.88,20.88,0.0,2026-08-10,,,,,,,,
GLDG,2026-08-07,1.02,1.05,0.02941176470588247,2026-08-10,,,,,,,,
GLDI,2026-08-07,147.96,149.95,0.013449580967829,2026-08-10,,,,,,,,
GLDM,2026-08-07,85.95,85.76,-0.0022105875509016437,2026-08-10,,,,,,,,
GLDN,2026-08-07,16.24,16.24,0.0,2026-08-10,,,,,,,,
GLDW,2026-08-07,43.54,43.52,-0.00045934772622868714,2026-08-10,,,,,,,,
GLE,2026-08-07,0.35,0.37,0.05714285714285716,2026-08-10,,,,,,,,
GLED,2026-08-07,9.97,9.97,0.0,2026-08-10,,,,,,,,
GLGG,2026-08-07,3.62,3.62,0.0,2026-08-10,,,,,,,,
GLIBA,2026-08-07,24.6,24.6,0.0,2026-08-10,,,,,,,,
GLIBK,2026-08-07,24.0,24.0,0.0,2026-08-10,,,,,,,,
GLIN,2026-08-07,46.02,46.02,0.0,2026-08-10,,,,,,,,
GLIX,2026-08-07,27.59,27.59,0.0,2026-08-10,,,,,,,,
GLL,2026-08-07,22.91,22.96,0.00218245307725895,2026-08-10,,,,,,,,
GLMD,2026-08-07,0.6,0.57,-0.050000000000000044,2026-08-10,,,,,,,,
GLND,2026-08-07,2.34,2.34,0.0,2026-08-10,,,,,,,,
GLNG,2026-08-07,50.43,51.0,0.011302795954788891,2026-08-10,,,,,,,,
GLNK,2026-08-07,7.26,7.26,0.0,2026-08-10,,,,,,,,
GLO,2026-08-07,6.02,6.02,0.0,2026-08-10,,,,,,,,
GLOB,2026-08-07,37.4,37.54,0.0037433155080213165,2026-08-10,,,,,,,,
GLOF,2026-08-07,61.09,61.09,0.0,2026-08-10,,,,,,,,
GLOO,2026-08-07,3.59,3.59,0.0,2026-08-10,,,,,,,,
GLOW,2026-08-07,35.27,35.27,0.0,2026-08-10,,,,,,,,
GLP,2026-08-07,50.18,50.18,0.0,2026-08-10,,,,,,,,
GLPI,2026-08-07,44.14,44.24,0.002265518803806099,2026-08-10,,,,,,,,
GLQ,2026-08-07,8.42,8.42,0.0,2026-08-10,,,,,,,,
GLRE,2026-08-07,15.51,15.51,0.0,2026-08-10,,,,,,,,
GLRY,2026-08-07,41.44,41.44,0.0,2026-08-10,,,,,,,,
GLSI,2026-08-07,14.36,14.78,0.029247910863509752,2026-08-10,,,,,,,,
GLTR,2026-08-07,196.02,196.0,-0.0001020304050607379,2026-08-10,,,,,,,,
GLU,2026-08-07,19.32,19.32,0.0,2026-08-10,,,,,,,,
GLUE,2026-08-07,15.88,15.89,0.0006297229219143219,2026-08-10,,,,,,,,
GLV,2026-08-07,6.29,6.29,0.0,2026-08-10,,,,,,,,
GLW,2026-08-07,165.68,165.83,0.0009053597295991533,2026-08-10,,,,,,,,
GLWG,2026-08-07,16.74,16.73,-0.0005973715651134137,2026-08-10,,,,,,,,
GLX,2026-08-07,10.8,10.8,0.0,2026-08-10,,,,,,,,
GLXG,2026-08-07,1.12,1.15,0.02678571428571419,2026-08-10,,,,,,,,
GLXU,2026-08-07,4.22,4.32,0.02369668246445511,2026-08-10,,,,,,,,
GLXY,2026-08-07,20.17,20.35,0.008924144769459685,2026-08-10,,,,,,,,
GM,2026-08-07,87.58,87.2,-0.004338890157570163,2026-08-10,,,,,,,,
GMAB,2026-08-07,31.25,30.45,-0.025600000000000067,2026-08-10,,,,,,,,
GMAR,2026-08-07,44.89,44.89,0.0,2026-08-10,,,,,,,,
GMAY,2026-08-07,43.94,43.94,0.0,2026-08-10,,,,,,,,
GME,2026-08-07,19.16,19.16,0.0,2026-08-10,,,,,,,,
GMEC,2026-08-07,18.1,18.1,0.0,2026-08-10,,,,,,,,
GMED,2026-08-07,82.35,83.0,0.007893139040680008,2026-08-10,,,,,,,,
GMEU,2026-08-07,5.86,5.88,0.0034129692832762792,2026-08-10,,,,,,,,
GMEX,2026-08-07,1.24,1.24,0.0,2026-08-10,,,,,,,,
GMEY,2026-08-07,24.24,24.24,0.0,2026-08-10,,,,,,,,
GMF,2026-08-07,156.55,156.55,0.0,2026-08-10,,,,,,,,
GMHS,2026-08-07,0.77,0.75,-0.025974025974025983,2026-08-10,,,,,,,,
GMM,2026-08-07,2.93,2.9,-0.010238907849829393,2026-08-10,,,,,,,,
GMMA,2026-08-07,22.03,22.03,0.0,2026-08-10,,,,,,,,
GMMF,2026-08-07,100.3,100.3,0.0,2026-08-10,,,,,,,,
GMNY,2026-08-07,49.72,49.72,0.0,2026-08-10,,,,,,,,
GMOC,2026-08-07,50.12,50.12,0.0,2026-08-10,,,,,,,,
GMOD,2026-08-07,28.03,28.03,0.0,2026-08-10,,,,,,,,
GMOI,2026-08-07,41.03,41.04,0.00024372410431383607,2026-08-10,,,,,,,,
GMOM,2026-08-07,37.2,37.2,0.0,2026-08-10,,,,,,,,
GMOV,2026-08-07,32.23,32.23,0.0,2026-08-10,,,,,,,,
GMRS,2026-08-07,12.58,12.58,0.0,2026-08-10,,,,,,,,
GMTL,2026-08-07,11.55,12.03,0.04155844155844135,2026-08-10,,,,,,,,
GMUB,2026-08-07,50.83,50.83,0.0,2026-08-10,,,,,,,,
GNE,2026-08-07,14.55,14.55,0.0,2026-08-10,,,,,,,,
GNK,2026-08-07,25.33,25.6,0.01065929727595738,2026-08-10,,,,,,,,
GNL,2026-08-07,9.23,9.24,0.0010834236186347823,2026-08-10,,,,,,,,
GNLN,2026-08-07,1.95,2.08,0.06666666666666665,2026-08-10,,,,,,,,
GNLX,2026-08-07,2.66,2.66,0.0,2026-08-10,,,,,,,,
GNMA,2026-08-07,43.61,43.61,0.0,2026-08-10,,,,,,,,
GNMX,2026-08-07,31.68,31.68,0.0,2026-08-10,,,,,,,,
GNOM,2026-08-07,58.17,58.49,0.005501117414474788,2026-08-10,,,,,,,,
GNOV,2026-08-07,42.48,42.48,0.0,2026-08-10,,,,,,,,
GNPX,2026-08-07,4.27,4.35,0.0187353629976581,2026-08-10,,,,,,,,
GNR,2026-08-07,74.04,74.04,0.0,2026-08-10,,,,,,,,
GNRC,2026-08-07,212.22,214.7,0.011685986240693502,2026-08-10,,,,,,,,
GNS,2026-08-07,0.16,0.16,0.0,2026-08-10,,,,,,,,
GNSS,2026-08-07,1.74,1.74,0.0,2026-08-10,,,,,,,,
GNT,2026-08-07,8.63,8.63,0.0,2026-08-10,,,,,,,,
GNTA,2026-08-07,1.3,1.3,0.0,2026-08-10,,,,,,,,
GNTX,2026-08-07,24.08,24.08,0.0,2026-08-10,,,,,,,,
GNW,2026-08-07,9.69,9.69,0.0,2026-08-10,,,,,,,,
GO,2026-08-07,9.91,10.0,0.00908173562058523,2026-08-10,,,,,,,,
GOAI,2026-08-07,1.77,1.73,-0.02259887005649719,2026-08-10,,,,,,,,
GOAU,2026-08-07,44.44,44.5,0.0013501350135014523,2026-08-10,,,,,,,,
GOCT,2026-08-07,42.18,42.18,0.0,2026-08-10,,,,,,,,
GOEX,2026-08-07,84.25,84.25,0.0,2026-08-10,,,,,,,,
GOF,2026-08-07,10.66,10.65,-0.0009380863039399889,2026-08-10,,,,,,,,
GOGL,2026-08-07,25.7,25.7,0.0,2026-08-10,,,,,,,,
GOGO,2026-08-07,3.63,3.61,-0.005509641873278293,2026-08-10,,,,,,,,
GOIB,2026-08-07,25.76,25.76,0.0,2026-08-10,,,,,,,,
GOLD,2026-08-07,43.51,43.9,0.008963456676626125,2026-08-10,,,,,,,,
GOLF,2026-08-07,93.29,93.3,0.00010719262514724548,2026-08-10,,,,,,,,
GOLI,2026-08-07,13.02,13.14,0.009216589861751334,2026-08-10,,,,,,,,
GOLS,2026-08-07,26.77,26.77,0.0,2026-08-10,,,,,,,,
GOLY,2026-08-07,26.84,27.4,0.02086438152011927,2026-08-10,,,,,,,,
GOOD,2026-08-07,12.95,13.34,0.03011583011583019,2026-08-10,,,,,,,,
GOOG,2026-08-07,353.47,356.3,0.008006337171471367,2026-08-10,,,,,,,,
GOOGL,2026-08-07,354.3,357.38,0.008693197854925172,2026-08-10,,,,,,,,
GOOL,2026-08-07,13.63,13.63,0.0,2026-08-10,,,,,,,,
GOOP,2026-08-07,37.94,38.19,0.006589351607801719,2026-08-10,,,,,,,,
GOOS,2026-08-07,8.77,8.77,0.0,2026-08-10,,,,,,,,
GOOW,2026-08-07,64.71,65.88,0.018080667593880495,2026-08-10,,,,,,,,
GOOX,2026-08-07,78.04,79.05,0.012942080984110538,2026-08-10,,,,,,,,
GOOY,2026-08-07,12.66,12.76,0.00789889415481837,2026-08-10,,,,,,,,
GOP,2026-08-07,44.78,45.0,0.004912907548012546,2026-08-10,,,,,,,,
GORO,2026-08-07,2.53,2.59,0.02371541501976293,2026-08-10,,,,,,,,
GOSS,2026-08-07,0.18,0.18,0.0,2026-08-10,,,,,,,,
GOTU,2026-08-07,1.83,1.86,0.016393442622950838,2026-08-10,,,,,,,,
GOU,2026-08-07,27.36,27.56,0.007309941520467822,2026-08-10,,,,,,,,
GOVI,2026-08-07,26.52,26.52,0.0,2026-08-10,,,,,,,,
GOVM,2026-08-07,24.87,24.87,0.0,2026-08-10,,,,,,,,
GOVT,2026-08-07,22.49,22.49,0.0,2026-08-10,,,,,,,,
GOVX,2026-08-07,0.77,0.8,0.038961038961039085,2026-08-10,,,,,,,,
GOVZ,2026-08-07,33.88,33.88,0.0,2026-08-10,,,,,,,,
GP,2026-08-07,1.55,1.58,0.019354838709677358,2026-08-10,,,,,,,,
GPAC,2026-08-07,10.05,10.05,0.0,2026-08-10,,,,,,,,
GPAT,2026-08-07,11.16,11.16,0.0,2026-08-10,,,,,,,,
GPC,2026-08-07,135.63,134.98,-0.004792450047924501,2026-08-10,,,,,,,,
GPCR,2026-08-07,53.14,54.73,0.029920963492660935,2026-08-10,,,,,,,,
GPGI,2026-08-07,14.99,15.07,0.005336891260840471,2026-08-10,,,,,,,,
GPI,2026-08-07,266.47,267.82,0.005066236349307474,2026-08-10,,,,,,,,
GPIQ,2026-08-07,57.29,57.45,0.002792808518065959,2026-08-10,,,,,,,,
GPIX,2026-08-07,56.38,56.57,0.0033699893579282048,2026-08-10,,,,,,,,
GPK,2026-08-07,12.1,12.11,0.0008264462809917106,2026-08-10,,,,,,,,
GPMT,2026-08-07,1.27,1.27,0.0,2026-08-10,,,,,,,,
GPN,2026-08-07,86.12,85.65,-0.005457501161170497,2026-08-10,,,,,,,,
GPOR,2026-08-07,162.76,162.76,0.0,2026-08-10,,,,,,,,
GPRE,2026-08-07,14.65,14.6,-0.0034129692832765013,2026-08-10,,,,,,,,
GPRF,2026-08-07,49.52,49.52,0.0,2026-08-10,,,,,,,,
GPRK,2026-08-07,9.43,9.45,0.0021208907741250282,2026-08-10,,,,,,,,
GPRO,2026-08-07,0.73,0.73,0.0,2026-08-10,,,,,,,,
GPT,2026-08-07,34.36,34.36,0.0,2026-08-10,,,,,,,,
GPTY,2026-08-07,42.8,42.49,-0.007242990654205528,2026-08-10,,,,,,,,
GPUS,2026-08-07,0.12,0.12,0.0,2026-08-10,,,,,,,,
GPZ,2026-08-07,24.74,24.51,-0.009296685529506798,2026-08-10,,,,,,,,
GQGU,2026-08-07,26.78,26.78,0.0,2026-08-10,,,,,,,,
GQI,2026-08-07,60.27,60.27,0.0,2026-08-10,,,,,,,,
GQQQ,2026-08-07,36.13,36.13,0.0,2026-08-10,,,,,,,,
GQRE,2026-08-07,64.74,64.74,0.0,2026-08-10,,,,,,,,
GRAB,2026-08-07,3.66,3.67,0.002732240437158362,2026-08-10,,,,,,,,
GRAG,2026-08-07,6.29,6.32,0.004769475357710773,2026-08-10,,,,,,,,
GRAL,2026-08-07,69.48,69.48,0.0,2026-08-10,,,,,,,,
GRAN,2026-08-07,1.37,1.37,0.0,2026-08-10,,,,,,,,
GRBK,2026-08-07,72.9,72.9,0.0,2026-08-10,,,,,,,,
GRC,2026-08-07,83.79,83.79,0.0,2026-08-10,,,,,,,,
GRCE,2026-08-07,2.13,2.14,0.0046948356807512415,2026-08-10,,,,,,,,
GRDN,2026-08-07,43.83,44.15,0.007300935432352329,2026-08-10,,,,,,,,
GRDX,2026-08-07,2.74,2.74,0.0,2026-08-10,,,,,,,,
GREK,2026-08-07,81.79,81.79,0.0,2026-08-10,,,,,,,,
GRF,2026-08-07,10.47,10.47,0.0,2026-08-10,,,,,,,,
GRFS,2026-08-07,7.94,7.94,0.0,2026-08-10,,,,,,,,
GRI,2026-08-07,1.47,1.49,0.013605442176870763,2026-08-10,,,,,,,,
GRID,2026-08-07,186.43,186.66,0.0012337070214021306,2026-08-10,,,,,,,,
GRIN,2026-08-07,33.41,33.41,0.0,2026-08-10,,,,,,,,
GRML,2026-08-07,0.19,0.2,0.05263157894736836,2026-08-10,,,,,,,,
GRMN,2026-08-07,310.89,312.99,0.006754800733378419,2026-08-10,,,,,,,,
GRN,2026-08-07,33.23,33.23,0.0,2026-08-10,,,,,,,,
GRNB,2026-08-07,23.84,23.84,0.0,2026-08-10,,,,,,,,
GRND,2026-08-07,16.58,17.06,0.02895054282267795,2026-08-10,,,,,,,,
GRNI,2026-08-07,21.1,21.1,0.0,2026-08-10,,,,,,,,
GRNJ,2026-08-07,30.76,31.25,0.015929778933680083,2026-08-10,,,,,,,,
GRNQ,2026-08-07,11.27,11.27,0.0,2026-08-10,,,,,,,,
GRNT,2026-08-07,4.88,4.6,-0.05737704918032793,2026-08-10,,,,,,,,
GRNY,2026-08-07,27.84,27.79,-0.0017959770114942541,2026-08-10,,,,,,,,
GRO,2026-08-07,2.18,2.18,0.0,2026-08-10,,,,,,,,
GROV,2026-08-07,1.08,1.08,0.0,2026-08-10,,,,,,,,
GROW,2026-08-07,3.1,3.1,0.0,2026-08-10,,,,,,,,
GROY,2026-08-07,3.03,3.06,0.00990099009900991,2026-08-10,,,,,,,,
GROZ,2026-08-07,33.39,33.39,0.0,2026-08-10,,,,,,,,
GRPM,2026-08-07,143.28,143.28,0.0,2026-08-10,,,,,,,,
GRPN,2026-08-07,25.03,24.75,-0.011186576108669688,2026-08-10,,,,,,,,
GRPZ,2026-08-07,33.62,33.62,0.0,2026-08-10,,,,,,,,
GRRR,2026-08-07,13.15,13.33,0.013688212927756682,2026-08-10,,,,,,,,
GRSD,2026-08-07,1.9,1.94,0.021052631578947434,2026-08-10,,,,,,,,
GRVY,2026-08-07,68.12,68.12,0.0,2026-08-10,,,,,,,,
GRW,2026-08-07,32.68,32.68,0.0,2026-08-10,,,,,,,,
GRWG,2026-08-07,1.51,1.57,0.039735099337748325,2026-08-10,,,,,,,,
GRX,2026-08-07,9.88,9.88,0.0,2026-08-10,,,,,,,,
GS,2026-08-07,1039.61,1039.8,0.00018276084300850037,2026-08-10,,,,,,,,
GSAT,2026-08-07,83.4,83.0,-0.004796163069544446,2026-08-10,,,,,,,,
GSBC,2026-08-07,80.65,80.65,0.0,2026-08-10,,,,,,,,
GSBD,2026-08-07,9.75,9.71,-0.004102564102564044,2026-08-10,,,,,,,,
GSC,2026-08-07,68.09,68.09,0.0,2026-08-10,,,,,,,,
GSEE,2026-08-07,67.71,67.71,0.0,2026-08-10,,,,,,,,
GSEP,2026-08-07,41.64,41.64,0.0,2026-08-10,,,,,,,,
GSEU,2026-08-07,50.58,50.58,0.0,2026-08-10,,,,,,,,
GSEW,2026-08-07,97.78,97.78,0.0,2026-08-10,,,,,,,,
GSG,2026-08-07,31.09,31.09,0.0,2026-08-10,,,,,,,,
GSGO,2026-08-07,45.1,45.1,0.0,2026-08-10,,,,,,,,
GSHD,2026-08-07,65.2,65.03,-0.0026073619631902245,2026-08-10,,,,,,,,
GSHR,2026-08-07,10.5,10.5,0.0,2026-08-10,,,,,,,,
GSIB,2026-08-07,64.6,64.6,0.0,2026-08-10,,,,,,,,
GSID,2026-08-07,78.43,78.43,0.0,2026-08-10,,,,,,,,
GSIE,2026-08-07,48.26,48.26,0.0,2026-08-10,,,,,,,,
GSIT,2026-08-07,6.72,6.68,-0.005952380952380931,2026-08-10,,,,,,,,
GSIW,2026-08-07,16.65,16.65,0.0,2026-08-10,,,,,,,,
GSJY,2026-08-07,55.11,55.11,0.0,2026-08-10,,,,,,,,
GSK,2026-08-07,52.96,51.74,-0.023036253776435034,2026-08-10,,,,,,,,
GSKH,2026-08-07,73.29,73.29,0.0,2026-08-10,,,,,,,,
GSL,2026-08-07,42.44,42.75,0.007304429783223432,2026-08-10,,,,,,,,
GSLC,2026-08-07,147.87,147.87,0.0,2026-08-10,,,,,,,,
GSM,2026-08-07,4.49,4.52,0.006681514476614581,2026-08-10,,,,,,,,
GSOL,2026-08-07,5.6,5.6,0.0,2026-08-10,,,,,,,,
GSPY,2026-08-07,42.4,42.4,0.0,2026-08-10,,,,,,,,
GSRF,2026-08-07,10.16,10.16,0.0,2026-08-10,,,,,,,,
GSRV,2026-08-07,9.84,9.84,0.0,2026-08-10,,,,,,,,
GSSC,2026-08-07,91.95,91.95,0.0,2026-08-10,,,,,,,,
GSST,2026-08-07,50.44,50.44,0.0,2026-08-10,,,,,,,,
GSUI,2026-08-07,9.77,9.77,0.0,2026-08-10,,,,,,,,
GSUN,2026-08-07,0.47,0.45,-0.04255319148936165,2026-08-10,,,,,,,,
GSUS,2026-08-07,106.83,106.83,0.0,2026-08-10,,,,,,,,
GSWO,2026-08-07,65.9,65.9,0.0,2026-08-10,,,,,,,,
GSY,2026-08-07,50.2,50.2,0.0,2026-08-10,,,,,,,,
GT,2026-08-07,6.44,6.47,0.004658385093167627,2026-08-10,,,,,,,,
GTBP,2026-08-07,0.32,0.33,0.03125,2026-08-10,,,,,,,,
GTE,2026-08-07,8.96,8.76,-0.022321428571428714,2026-08-10,,,,,,,,
GTEC,2026-08-07,0.54,0.55,0.0185185185185186,2026-08-10,,,,,,,,
GTEK,2026-08-07,58.39,58.39,0.0,2026-08-10,,,,,,,,
GTEN,2026-08-07,10.57,10.57,0.0,2026-08-10,,,,,,,,
GTERA,2026-08-07,10.4,10.4,0.0,2026-08-10,,,,,,,,
GTES,2026-08-07,28.25,28.25,0.0,2026-08-10,,,,,,,,
GTIM,2026-08-07,1.47,1.47,0.0,2026-08-10,,,,,,,,
GTIP,2026-08-07,47.65,47.65,0.0,2026-08-10,,,,,,,,
GTLB,2026-08-07,38.97,38.97,0.0,2026-08-10,,,,,,,,
GTM,2026-08-07,4.18,4.15,-0.007177033492822837,2026-08-10,,,,,,,,
GTN,2026-08-07,5.37,5.29,-0.014897579143389184,2026-08-10,,,,,,,,
GTND,2026-08-07,25.73,25.73,0.0,2026-08-10,,,,,,,,
GTO,2026-08-07,46.32,46.32,0.0,2026-08-10,,,,,,,,
GTOC,2026-08-07,24.78,24.78,0.0,2026-08-10,,,,,,,,
GTOH,2026-08-07,25.33,25.33,0.0,2026-08-10,,,,,,,,
GTOP,2026-08-07,49.75,49.75,0.0,2026-08-10,,,,,,,,
GTOQ,2026-08-07,22.36,22.59,0.010286225402504456,2026-08-10,,,,,,,,
GTOS,2026-08-07,24.93,24.93,0.0,2026-08-10,,,,,,,,
GTPE,2026-08-07,62.24,62.24,0.0,2026-08-10,,,,,,,,
GTR,2026-08-07,27.72,27.72,0.0,2026-08-10,,,,,,,,
GTX,2026-08-07,29.85,29.81,-0.0013400335008375563,2026-08-10,,,,,,,,
GTY,2026-08-07,33.39,33.55,0.0047918538484574835,2026-08-10,,,,,,,,
GUAC,2026-08-07,9.95,9.95,0.0,2026-08-10,,,,,,,,
GUG,2026-08-07,15.49,15.49,0.0,2026-08-10,,,,,,,,
GUMI,2026-08-07,50.31,50.31,0.0,2026-08-10,,,,,,,,
GUNR,2026-08-07,53.02,53.02,0.0,2026-08-10,,,,,,,,
GURE,2026-08-07,3.15,2.86,-0.09206349206349207,2026-08-10,,,,,,,,
GURU,2026-08-07,69.73,69.73,0.0,2026-08-10,,,,,,,,
GUSA,2026-08-07,66.94,66.94,0.0,2026-08-10,,,,,,,,
GUSE,2026-08-07,46.36,46.36,0.0,2026-08-10,,,,,,,,
GUSH,2026-08-07,35.24,35.83,0.016742338251986233,2026-08-10,,,,,,,,
GUT,2026-08-07,6.24,6.24,0.0,2026-08-10,,,,,,,,
GUTS,2026-08-07,0.7,0.71,0.014285714285714235,2026-08-10,,,,,,,,
GV,2026-08-07,0.14,0.14,0.0,2026-08-10,,,,,,,,
GVA,2026-08-07,128.32,128.32,0.0,2026-08-10,,,,,,,,
GVAL,2026-08-07,38.0,38.0,0.0,2026-08-10,,,,,,,,
GVH,2026-08-07,0.99,0.95,-0.04040404040404044,2026-08-10,,,,,,,,
GVI,2026-08-07,105.42,105.42,0.0,2026-08-10,,,,,,,,
GVIP,2026-08-07,175.25,175.25,0.0,2026-08-10,,,,,,,,
GVLE,2026-08-07,49.41,49.41,0.0,2026-08-10,,,,,,,,
GVLU,2026-08-07,28.8,28.8,0.0,2026-08-10,,,,,,,,
GVUS,2026-08-07,66.08,66.08,0.0,2026-08-10,,,,,,,,
GWAV,2026-08-07,4.18,4.18,0.0,2026-08-10,,,,,,,,
GWH,2026-08-07,0.64,0.68,0.0625,2026-08-10,,,,,,,,
GWRE,2026-08-07,170.53,174.14,0.021169295725092185,2026-08-10,,,,,,,,
GWRS,2026-08-07,7.6,7.6,0.0,2026-08-10,,,,,,,,
GWW,2026-08-07,1277.55,1273.18,-0.00342060976087033,2026-08-10,,,,,,,,
GWX,2026-08-07,45.63,45.63,0.0,2026-08-10,,,,,,,,
GXAI,2026-08-07,0.85,0.85,0.0,2026-08-10,,,,,,,,
GXC,2026-08-07,92.61,92.61,0.0,2026-08-10,,,,,,,,
GXDW,2026-08-07,24.33,24.33,0.0,2026-08-10,,,,,,,,
GXIG,2026-08-07,24.44,24.44,0.0,2026-08-10,,,,,,,,
GXLC,2026-08-07,93.0,93.0,0.0,2026-08-10,,,,,,,,
GXO,2026-08-07,48.23,48.76,0.01098901098901095,2026-08-10,,,,,,,,
GXPC,2026-08-07,30.17,30.17,0.0,2026-08-10,,,,,,,,
GXPD,2026-08-07,27.07,27.07,0.0,2026-08-10,,,,,,,,
GXPE,2026-08-07,33.61,33.61,0.0,2026-08-10,,,,,,,,
GXPS,2026-08-07,26.75,26.75,0.0,2026-08-10,,,,,,,,
GXPT,2026-08-07,34.09,34.09,0.0,2026-08-10,,,,,,,,
GXRP,2026-08-07,19.83,20.09,0.013111447302067702,2026-08-10,,,,,,,,
GXUS,2026-08-07,64.51,64.51,0.0,2026-08-10,,,,,,,,
GYGY,2026-08-07,3.05,3.15,0.032786885245901676,2026-08-10,,,,,,,,
GYLD,2026-08-07,14.28,14.28,0.0,2026-08-10,,,,,,,,
GYRE,2026-08-07,6.67,6.67,0.0,2026-08-10,,,,,,,,
GYRO,2026-08-07,5.39,5.39,0.0,2026-08-10,,,,,,,,
H,2026-08-07,177.71,177.71,0.0,2026-08-10,,,,,,,,
HACK,2026-08-07,115.42,115.65,0.0019927222318489868,2026-08-10,,,,,,,,
HACQ,2026-08-07,10.07,10.07,0.0,2026-08-10,,,,,,,,
HAE,2026-08-07,87.84,87.11,-0.008310564663023712,2026-08-10,,,,,,,,
HAFC,2026-08-07,31.91,32.21,0.009401441554371726,2026-08-10,,,,,,,,
HAFN,2026-08-07,7.51,7.52,0.0013315579227695107,2026-08-10,,,,,,,,
HAIL,2026-08-07,38.51,38.51,0.0,2026-08-10,,,,,,,,
HAIN,2026-08-07,0.6,0.6,0.0,2026-08-10,,,,,,,,
HAKY,2026-08-07,31.06,31.06,0.0,2026-08-10,,,,,,,,
HAL,2026-08-07,31.89,32.12,0.007212292254625163,2026-08-10,,,,,,,,
HALO,2026-08-07,103.12,102.0,-0.010861132660977546,2026-08-10,,,,,,,,
HALX,2026-08-07,25.45,25.45,0.0,2026-08-10,,,,,,,,
HAO,2026-08-07,0.15,0.15,0.0,2026-08-10,,,,,,,,
HAP,2026-08-07,72.84,72.84,0.0,2026-08-10,,,,,,,,
HAPI,2026-08-07,46.4,46.4,0.0,2026-08-10,,,,,,,,
HAPN,2026-08-07,19.37,19.27,-0.00516262261228706,2026-08-10,,,,,,,,
HAPS,2026-08-07,38.39,38.39,0.0,2026-08-10,,,,,,,,
HARD,2026-08-07,30.01,30.01,0.0,2026-08-10,,,,,,,,
HAS,2026-08-07,93.52,93.25,-0.0028870829769033213,2026-08-10,,,,,,,,
HASI,2026-08-07,40.68,40.26,-0.0103244837758113,2026-08-10,,,,,,,,
HAUG,2026-08-07,25.18,25.18,0.0,2026-08-10,,,,,,,,
HAUS,2026-08-07,18.9,18.9,0.0,2026-08-10,,,,,,,,
HAUZ,2026-08-07,23.17,23.17,0.0,2026-08-10,,,,,,,,
HAVA,2026-08-07,10.15,10.15,0.0,2026-08-10,,,,,,,,
HAWK,2026-08-07,25.19,25.3,0.004366812227074135,2026-08-10,,,,,,,,
HAWX,2026-08-07,46.09,46.09,0.0,2026-08-10,,,,,,,,
HAYW,2026-08-07,15.82,15.82,0.0,2026-08-10,,,,,,,,
HBAN,2026-08-07,17.55,17.62,0.0039886039886039,2026-08-10,,,,,,,,
HBB,2026-08-07,31.42,31.42,0.0,2026-08-10,,,,,,,,
HBCP,2026-08-07,71.88,71.88,0.0,2026-08-10,,,,,,,,
HBDC,2026-08-07,24.73,24.73,0.0,2026-08-10,,,,,,,,
HBIO,2026-08-07,6.47,6.47,0.0,2026-08-10,,,,,,,,
HBM,2026-08-07,27.61,27.8,0.006881564650488947,2026-08-10,,,,,,,,
HBMX,2026-08-07,23.44,23.43,-0.0004266211604095904,2026-08-10,,,,,,,,
HBNB,2026-08-07,5.51,5.51,0.0,2026-08-10,,,,,,,,
HBNC,2026-08-07,20.42,20.42,0.0,2026-08-10,,,,,,,,
HBR,2026-08-07,9.22,9.22,0.0,2026-08-10,,,,,,,,
HBT,2026-08-07,36.35,36.35,0.0,2026-08-10,,,,,,,,
HBTA,2026-08-07,32.44,32.44,0.0,2026-08-10,,,,,,,,
HBTC,2026-08-07,17.88,17.88,0.0,2026-08-10,,,,,,,,
HCA,2026-08-07,413.36,411.39,-0.0047658215598994635,2026-08-10,,,,,,,,
HCAC,2026-08-07,10.08,10.08,0.0,2026-08-10,,,,,,,,
HCAI,2026-08-07,4.42,4.26,-0.03619909502262442,2026-08-10,,,,,,,,
HCAT,2026-08-07,1.73,1.73,0.0,2026-08-10,,,,,,,,
HCC,2026-08-07,91.97,94.54,0.027943894748287512,2026-08-10,,,,,,,,
HCI,2026-08-07,188.69,188.43,-0.0013779214584768162,2026-08-10,,,,,,,,
HCIC,2026-08-07,9.99,9.99,0.0,2026-08-10,,,,,,,,
HCKT,2026-08-07,11.53,11.57,0.003469210754553309,2026-08-10,,,,,,,,
HCM,2026-08-07,12.51,12.51,0.0,2026-08-10,,,,,,,,
HCMA,2026-08-07,10.28,10.28,0.0,2026-08-10,,,,,,,,
HCMT,2026-08-07,42.09,42.09,0.0,2026-08-10,,,,,,,,
HCOW,2026-08-07,25.72,25.72,0.0,2026-08-10,,,,,,,,
HCRB,2026-08-07,34.6,34.6,0.0,2026-08-10,,,,,,,,
HCSG,2026-08-07,22.23,22.08,-0.006747638326585759,2026-08-10,,,,,,,,
HCTI,2026-08-07,1.25,1.2,-0.040000000000000036,2026-08-10,,,,,,,,
HCWB,2026-08-07,3.41,3.4,-0.0029325513196482023,2026-08-10,,,,,,,,
HCWC,2026-08-07,0.3,0.25,-0.16666666666666663,2026-08-10,,,,,,,,
HD,2026-08-07,355.62,355.62,0.0,2026-08-10,,,,,,,,
HDB,2026-08-07,23.63,23.6,-0.0012695725772322586,2026-08-10,,,,,,,,
HDEF,2026-08-07,34.12,34.12,0.0,2026-08-10,,,,,,,,
HDG,2026-08-07,54.86,54.86,0.0,2026-08-10,,,,,,,,
HDGE,2026-08-07,14.27,14.27,0.0,2026-08-10,,,,,,,,
HDL,2026-08-07,12.8,12.8,0.0,2026-08-10,,,,,,,,
HDLB,2026-08-07,17.87,17.87,0.0,2026-08-10,,,,,,,,
HDMV,2026-08-07,39.46,39.46,0.0,2026-08-10,,,,,,,,
HDRN,2026-08-07,1.72,1.73,0.005813953488372103,2026-08-10,,,,,,,,
HDSN,2026-08-07,5.59,5.6,0.0017889087656528524,2026-08-10,,,,,,,,
HDUS,2026-08-07,74.44,74.44,0.0,2026-08-10,,,,,,,,
HDV,2026-08-07,28.78,28.78,0.0,2026-08-10,,,,,,,,
HE,2026-08-07,12.4,12.5,0.008064516129032251,2026-08-10,,,,,,,,
HEAL,2026-08-07,28.59,28.58,-0.00034977264777902306,2026-08-10,,,,,,,,
HECA,2026-08-07,27.61,27.61,0.0,2026-08-10,,,,,,,,
HECO,2026-08-07,64.24,64.24,0.0,2026-08-10,,,,,,,,
HEDG,2026-08-07,30.55,30.55,0.0,2026-08-10,,,,,,,,
HEDJ,2026-08-07,58.13,58.13,0.0,2026-08-10,,,,,,,,
HEEM,2026-08-07,41.73,41.73,0.0,2026-08-10,,,,,,,,
HEFA,2026-08-07,47.64,47.64,0.0,2026-08-10,,,,,,,,
HEFT,2026-08-07,26.4,26.4,0.0,2026-08-10,,,,,,,,
HEGD,2026-08-07,27.31,27.31,0.0,2026-08-10,,,,,,,,
HEI,2026-08-07,367.58,371.0,0.009304097067305062,2026-08-10,,,,,,,,
HEI-A,2026-08-07,266.31,266.31,0.0,2026-08-10,,,,,,,,
HELE,2026-08-07,29.77,29.77,0.0,2026-08-10,,,,,,,,
HELO,2026-08-07,69.86,69.86,0.0,2026-08-10,,,,,,,,
HELP,2026-08-07,11.61,11.5,-0.009474590869939625,2026-08-10,,,,,,,,
HELS,2026-08-07,24.3,24.3,0.0,2026-08-10,,,,,,,,
HELX,2026-08-07,41.33,41.32,-0.00024195499637058582,2026-08-10,,,,,,,,
HEMI,2026-08-07,42.47,42.47,0.0,2026-08-10,,,,,,,,
HEPS,2026-08-07,2.77,2.77,0.0,2026-08-10,,,,,,,,
HEQ,2026-08-07,11.63,11.63,0.0,2026-08-10,,,,,,,,
HEQQ,2026-08-07,61.25,61.25,0.0,2026-08-10,,,,,,,,
HEQT,2026-08-07,34.45,34.45,0.0,2026-08-10,,,,,,,,
HERD,2026-08-07,51.69,51.69,0.0,2026-08-10,,,,,,,,
HERE,2026-08-07,1.89,1.89,0.0,2026-08-10,,,,,,,,
HERO,2026-08-07,27.39,27.39,0.0,2026-08-10,,,,,,,,
HERZ,2026-08-07,15.78,15.78,0.0,2026-08-10,,,,,,,,
HESM,2026-08-07,39.8,39.66,-0.0035175879396984744,2026-08-10,,,,,,,,
HEWJ,2026-08-07,64.71,64.71,0.0,2026-08-10,,,,,,,,
HEZU,2026-08-07,50.27,50.27,0.0,2026-08-10,,,,,,,,
HF,2026-08-07,22.74,22.74,0.0,2026-08-10,,,,,,,,
HFBL,2026-08-07,23.5,23.5,0.0,2026-08-10,,,,,,,,
HFEQ,2026-08-07,24.76,24.76,0.0,2026-08-10,,,,,,,,
HFFG,2026-08-07,1.56,1.58,0.012820512820512775,2026-08-10,,,,,,,,
HFGM,2026-08-07,31.0,31.0,0.0,2026-08-10,,,,,,,,
HFGO,2026-08-07,30.03,30.03,0.0,2026-08-10,,,,,,,,
HFMF,2026-08-07,21.2,21.2,0.0,2026-08-10,,,,,,,,
HFND,2026-08-07,24.63,24.63,0.0,2026-08-10,,,,,,,,
HFRO,2026-08-07,7.34,7.34,0.0,2026-08-10,,,,,,,,
HFSI,2026-08-07,34.99,34.99,0.0,2026-08-10,,,,,,,,
HFSP,2026-08-07,13.2,13.2,0.0,2026-08-10,,,,,,,,
HFWA,2026-08-07,29.5,29.5,0.0,2026-08-10,,,,,,,,
HFXI,2026-08-07,38.21,38.21,0.0,2026-08-10,,,,,,,,
HG,2026-08-07,35.91,35.31,-0.016708437761069228,2026-08-10,,,,,,,,
HGBL,2026-08-07,1.06,1.06,0.0,2026-08-10,,,,,,,,
HGER,2026-08-07,32.65,32.7,0.0015313935681471325,2026-08-10,,,,,,,,
HGLB,2026-08-07,7.52,7.52,0.0,2026-08-10,,,,,,,,
HGRO,2026-08-07,31.0,31.0,0.0,2026-08-10,,,,,,,,
HGTY,2026-08-07,13.61,13.61,0.0,2026-08-10,,,,,,,,
HGV,2026-08-07,45.66,45.66,0.0,2026-08-10,,,,,,,,
HHH,2026-08-07,67.48,67.48,0.0,2026-08-10,,,,,,,,
HHS,2026-08-07,2.27,2.27,0.0,2026-08-10,,,,,,,,
HIBL,2026-08-07,108.17,108.17,0.0,2026-08-10,,,,,,,,
HIBS,2026-08-07,19.02,18.92,-0.005257623554153379,2026-08-10,,,,,,,,
HIDE,2026-08-07,24.35,24.35,0.0,2026-08-10,,,,,,,,
HIDV,2026-08-07,92.75,92.75,0.0,2026-08-10,,,,,,,,
HIFS,2026-08-07,301.57,301.57,0.0,2026-08-10,,,,,,,,
HIG,2026-08-07,143.28,143.28,0.0,2026-08-10,,,,,,,,
HIGH,2026-08-07,21.94,21.94,0.0,2026-08-10,,,,,,,,
HIHO,2026-08-07,1.1,1.06,-0.036363636363636376,2026-08-10,,,,,,,,
HII,2026-08-07,324.48,324.48,0.0,2026-08-10,,,,,,,,
HIMC,2026-08-07,18.75,18.75,0.0,2026-08-10,,,,,,,,
HIMS,2026-08-07,31.59,30.94,-0.020576131687242705,2026-08-10,,,,,,,,
HIMU,2026-08-07,48.67,48.67,0.0,2026-08-10,,,,,,,,
HIMX,2026-08-07,14.61,14.87,0.017796030116358663,2026-08-10,,,,,,,,
HIMZ,2026-08-07,34.88,33.65,-0.03526376146789001,2026-08-10,,,,,,,,
HIND,2026-08-07,2.16,2.14,-0.0092592592592593,2026-08-10,,,,,,,,
HIO,2026-08-07,3.57,3.57,0.0,2026-08-10,,,,,,,,
HIPO,2026-08-07,32.62,32.89,0.008277130594727344,2026-08-10,,,,,,,,
HIPS,2026-08-07,11.72,11.72,0.0,2026-08-10,,,,,,,,
HIS,2026-08-07,26.56,26.56,0.0,2026-08-10,,,,,,,,
HISF,2026-08-07,44.01,44.01,0.0,2026-08-10,,,,,,,,
HIT,2026-08-07,1.12,1.12,0.0,2026-08-10,,,,,,,,
HITI,2026-08-07,2.3,2.3,0.0,2026-08-10,,,,,,,,
HIVE,2026-08-07,2.84,2.85,0.0035211267605634866,2026-08-10,,,,,,,,
HIW,2026-08-07,31.45,31.45,0.0,2026-08-10,,,,,,,,
HIX,2026-08-07,3.94,3.94,0.0,2026-08-10,,,,,,,,
HIYY,2026-08-07,13.63,13.58,-0.003668378576669129,2026-08-10,,,,,,,,
HJLY,2026-08-07,25.39,25.39,0.0,2026-08-10,,,,,,,,
HJUN,2026-08-07,25.22,25.22,0.0,2026-08-10,,,,,,,,
HKD,2026-08-07,1.7,1.69,-0.00588235294117645,2026-08-10,,,,,,,,
HKIT,2026-08-07,3.04,2.78,-0.08552631578947378,2026-08-10,,,,,,,,
HKPD,2026-08-07,0.42,0.42,0.0,2026-08-10,,,,,,,,
HL,2026-08-07,16.85,16.95,0.005934718100890191,2026-08-10,,,,,,,,
HLAL,2026-08-07,73.14,73.2,0.0008203445447088065,2026-08-10,,,,,,,,
HLF,2026-08-07,12.35,12.36,0.0008097165991902688,2026-08-10,,,,,,,,
HLI,2026-08-07,129.0,130.12,0.008682170542635648,2026-08-10,,,,,,,,
HLIO,2026-08-07,83.39,83.39,0.0,2026-08-10,,,,,,,,
HLIT,2026-08-07,11.84,11.83,-0.0008445945945946276,2026-08-10,,,,,,,,
HLLY,2026-08-07,3.17,3.17,0.0,2026-08-10,,,,,,,,
HLMN,2026-08-07,9.22,9.29,0.007592190889370798,2026-08-10,,,,,,,,
HLN,2026-08-07,10.03,9.9,-0.012961116650049731,2026-08-10,,,,,,,,
HLNE,2026-08-07,101.03,101.97,0.009304167079085435,2026-08-10,,,,,,,,
HLP,2026-08-07,1.3,1.29,-0.007692307692307665,2026-08-10,,,,,,,,
HLT,2026-08-07,317.6,319.15,0.004880352644836217,2026-08-10,,,,,,,,
HLTH,2026-08-07,27.15,27.15,0.0,2026-08-10,,,,,,,,
HLX,2026-08-07,9.6,9.73,0.013541666666666785,2026-08-10,,,,,,,,
HLXC,2026-08-07,10.68,10.68,0.0,2026-08-10,,,,,,,,
HMAY,2026-08-07,25.31,25.31,0.0,2026-08-10,,,,,,,,
HMC,2026-08-07,31.82,31.71,-0.003456945317410365,2026-08-10,,,,,,,,
HMH,2026-08-07,19.65,19.65,0.0,2026-08-10,,,,,,,,
HMN,2026-08-07,52.22,52.22,0.0,2026-08-10,,,,,,,,
HMOP,2026-08-07,38.82,38.82,0.0,2026-08-10,,,,,,,,
HMR,2026-08-07,1.26,1.29,0.023809523809523725,2026-08-10,,,,,,,,
HMY,2026-08-07,19.7,19.59,-0.005583756345177604,2026-08-10,,,,,,,,
HMYY,2026-08-07,6.15,6.15,0.0,2026-08-10,,,,,,,,
HNDL,2026-08-07,22.72,22.72,0.0,2026-08-10,,,,,,,,
HNGE,2026-08-07,89.33,90.18,0.00951528042091132,2026-08-10,,,,,,,,
HNI,2026-08-07,49.7,49.7,0.0,2026-08-10,,,,,,,,
HNNA,2026-08-07,9.93,9.93,0.0,2026-08-10,,,,,,,,
HNRG,2026-08-07,14.76,14.76,0.0,2026-08-10,,,,,,,,
HNST,2026-08-07,5.46,5.45,-0.001831501831501825,2026-08-10,,,,,,,,
HNVR,2026-08-07,26.95,26.95,0.0,2026-08-10,,,,,,,,
HODL,2026-08-07,18.35,18.47,0.006539509536784616,2026-08-10,,,,,,,,
HODO,2026-08-07,0.55,0.55,0.0,2026-08-10,,,,,,,,
HODU,2026-08-07,10.08,10.32,0.023809523809523725,2026-08-10,,,,,,,,
HOFT,2026-08-07,15.43,15.43,0.0,2026-08-10,,,,,,,,
HOG,2026-08-07,26.01,26.17,0.006151480199923176,2026-08-10,,,,,,,,
HOLA,2026-08-07,56.97,56.97,0.0,2026-08-10,,,,,,,,
HOLD,2026-08-07,32.16,32.16,0.0,2026-08-10,,,,,,,,
HOLO,2026-08-07,1.62,1.6,-0.012345679012345734,2026-08-10,,,,,,,,
HOMB,2026-08-07,30.81,30.74,-0.002271989613761738,2026-08-10,,,,,,,,
HOMZ,2026-08-07,47.41,47.41,0.0,2026-08-10,,,,,,,,
HON,2026-08-07,246.21,245.05,-0.004711425206124886,2026-08-10,,,,,,,,
HONA,2026-08-07,168.51,167.22,-0.007655332027772799,2026-08-10,,,,,,,,
HONG,2026-08-07,17.32,17.32,0.0,2026-08-10,,,,,,,,
HOOC,2026-08-07,15.69,15.69,0.0,2026-08-10,,,,,,,,
HOOD,2026-08-07,93.29,94.6,0.014042233894308032,2026-08-10,,,,,,,,
HOOG,2026-08-07,24.39,25.24,0.03485034850348501,2026-08-10,,,,,,,,
HOOW,2026-08-07,24.19,24.43,0.009921455146754798,2026-08-10,,,,,,,,
HOOX,2026-08-07,27.6,27.6,0.0,2026-08-10,,,,,,,,
HOOY,2026-08-07,25.57,26.35,0.03050449745795869,2026-08-10,,,,,,,,
HOOZ,2026-08-07,12.62,12.34,-0.022187004754358086,2026-08-10,,,,,,,,
HOPE,2026-08-07,13.99,13.97,-0.0014295925661186315,2026-08-10,,,,,,,,
HOUR,2026-08-07,1.94,1.85,-0.046391752577319534,2026-08-10,,,,,,,,
HOV,2026-08-07,137.78,137.78,0.0,2026-08-10,,,,,,,,
HOVR,2026-08-07,2.01,2.04,0.014925373134328401,2026-08-10,,,,,,,,
HOWL,2026-08-07,0.4,0.41,0.02499999999999991,2026-08-10,,,,,,,,
HOYY,2026-08-07,5.07,5.13,0.011834319526627057,2026-08-10,,,,,,,,
HP,2026-08-07,37.1,37.1,0.0,2026-08-10,,,,,,,,
HPAI,2026-08-07,0.47,0.48,0.02127659574468077,2026-08-10,,,,,,,,
HPE,2026-08-07,53.22,56.2,0.05599398722284854,2026-08-10,,,,,,,,
HPEL,2026-08-07,16.91,18.28,0.08101714961561202,2026-08-10,,,,,,,,
HPF,2026-08-07,15.92,15.92,0.0,2026-08-10,,,,,,,,
HPI,2026-08-07,16.16,16.16,0.0,2026-08-10,,,,,,,,
HPK,2026-08-07,7.2,7.2,0.0,2026-08-10,,,,,,,,
HPP,2026-08-07,14.36,14.27,-0.0062674094707521055,2026-08-10,,,,,,,,
HPQ,2026-08-07,30.05,29.91,-0.0046589018302828356,2026-08-10,,,,,,,,
HPS,2026-08-07,14.25,14.25,0.0,2026-08-10,,,,,,,,
HQ,2026-08-07,14.13,13.89,-0.01698513800424628,2026-08-10,,,,,,,,
HQGO,2026-08-07,67.99,67.99,0.0,2026-08-10,,,,,,,,
HQH,2026-08-07,23.04,23.04,0.0,2026-08-10,,,,,,,,
HQI,2026-08-07,13.28,13.28,0.0,2026-08-10,,,,,,,,
HQL,2026-08-07,20.62,20.62,0.0,2026-08-10,,,,,,,,
HQY,2026-08-07,104.63,105.01,0.0036318455509893877,2026-08-10,,,,,,,,
HR,2026-08-07,19.97,20.03,0.003004506760140302,2026-08-10,,,,,,,,
HRB,2026-08-07,46.19,45.88,-0.006711409395973034,2026-08-10,,,,,,,,
HRI,2026-08-07,167.9,167.9,0.0,2026-08-10,,,,,,,,
HRL,2026-08-07,25.02,25.0,-0.0007993605115906854,2026-08-10,,,,,,,,
HRMY,2026-08-07,38.41,38.01,-0.010413954699297068,2026-08-10,,,,,,,,
HROW,2026-08-07,40.44,40.23,-0.005192878338278972,2026-08-10,,,,,,,,
HRSK,2026-08-07,25.86,25.86,0.0,2026-08-10,,,,,,,,
HRTG,2026-08-07,32.74,33.13,0.011912034208918731,2026-08-10,,,,,,,,
HRTS,2026-08-07,37.26,37.26,0.0,2026-08-10,,,,,,,,
HRTX,2026-08-07,0.49,0.5,0.020408163265306145,2026-08-10,,,,,,,,
HRZN,2026-08-07,4.64,4.6,-0.008620689655172376,2026-08-10,,,,,,,,
HSAI,2026-08-07,19.22,19.14,-0.004162330905306932,2026-08-10,,,,,,,,
HSBC,2026-08-07,103.73,103.39,-0.0032777402872843364,2026-08-10,,,,,,,,
HSBH,2026-08-07,113.21,113.21,0.0,2026-08-10,,,,,,,,
HSCS,2026-08-07,2.02,2.02,0.0,2026-08-10,,,,,,,,
HSCZ,2026-08-07,43.95,43.95,0.0,2026-08-10,,,,,,,,
HSDT,2026-08-07,1.69,1.7,0.00591715976331364,2026-08-10,,,,,,,,
HSHP,2026-08-07,15.87,15.66,-0.013232514177693666,2026-08-10,,,,,,,,
HSIC,2026-08-07,88.13,88.13,0.0,2026-08-10,,,,,,,,
HSLV,2026-08-07,5.2,5.56,0.0692307692307692,2026-08-10,,,,,,,,
HSMV,2026-08-07,39.5,39.5,0.0,2026-08-10,,,,,,,,
HST,2026-08-07,23.29,23.2,-0.0038643194504078826,2026-08-10,,,,,,,,
HSTM,2026-08-07,28.72,28.54,-0.0062674094707521055,2026-08-10,,,,,,,,
HSY,2026-08-07,182.35,182.41,0.0003290375651219257,2026-08-10,,,,,,,,
HTAB,2026-08-07,18.95,18.95,0.0,2026-08-10,,,,,,,,
HTAX,2026-08-07,24.54,24.54,0.0,2026-08-10,,,,,,,,
HTB,2026-08-07,50.8,50.8,0.0,2026-08-10,,,,,,,,
HTCO,2026-08-07,3.2,3.13,-0.02187500000000009,2026-08-10,,,,,,,,
HTCR,2026-08-07,2.74,2.7,-0.014598540145985384,2026-08-10,,,,,,,,
HTD,2026-08-07,25.41,25.41,0.0,2026-08-10,,,,,,,,
HTEC,2026-08-07,40.62,40.62,0.0,2026-08-10,,,,,,,,
HTFL,2026-08-07,28.82,28.82,0.0,2026-08-10,,,,,,,,
HTGC,2026-08-07,17.25,17.35,0.005797101449275477,2026-08-10,,,,,,,,
HTH,2026-08-07,39.04,39.04,0.0,2026-08-10,,,,,,,,
HTHT,2026-08-07,42.37,42.37,0.0,2026-08-10,,,,,,,,
HTLD,2026-08-07,12.34,12.34,0.0,2026-08-10,,,,,,,,
HTLM,2026-08-07,1.85,1.85,0.0,2026-08-10,,,,,,,,
HTO,2026-08-07,62.66,62.66,0.0,2026-08-10,,,,,,,,
HTOO,2026-08-07,2.43,2.42,-0.004115226337448652,2026-08-10,,,,,,,,
HTRB,2026-08-07,33.33,33.33,0.0,2026-08-10,,,,,,,,
HTT,2026-08-07,2.52,2.52,0.0,2026-08-10,,,,,,,,
HTUS,2026-08-07,45.89,45.89,0.0,2026-08-10,,,,,,,,
HTZ,2026-08-07,2.27,2.27,0.0,2026-08-10,,,,,,,,
HUBB,2026-08-07,513.99,478.52,-0.06900912469114195,2026-08-10,,,,,,,,
HUBC,2026-08-07,0.89,0.92,0.03370786516853941,2026-08-10,,,,,,,,
HUBG,2026-08-07,47.8,47.8,0.0,2026-08-10,,,,,,,,
HUBS,2026-08-07,210.45,210.42,-0.00014255167498222754,2026-08-10,,,,,,,,
HUDI,2026-08-07,0.72,0.95,0.3194444444444444,2026-08-10,,,,,,,,
HUHU,2026-08-07,5.25,5.25,0.0,2026-08-10,,,,,,,,
HUIZ,2026-08-07,1.66,1.37,-0.17469879518072273,2026-08-10,,,,,,,,
HULL,2026-08-07,26.26,26.26,0.0,2026-08-10,,,,,,,,
HUM,2026-08-07,385.0,385.0,0.0,2026-08-10,,,,,,,,
HUMA,2026-08-07,0.72,0.72,0.0,2026-08-10,,,,,,,,
HUMN,2026-08-07,33.14,33.09,-0.0015087507543752876,2026-08-10,,,,,,,,
HUN,2026-08-07,10.12,10.2,0.007905138339920903,2026-08-10,,,,,,,,
HURA,2026-08-07,2.13,2.13,0.0,2026-08-10,,,,,,,,
HURC,2026-08-07,22.06,22.06,0.0,2026-08-10,,,,,,,,
HURN,2026-08-07,152.05,152.05,0.0,2026-08-10,,,,,,,,
HUSV,2026-08-07,41.56,41.56,0.0,2026-08-10,,,,,,,,
HUT,2026-08-07,88.59,88.7,0.001241675132633402,2026-08-10,,,,,,,,
HUTG,2026-08-07,15.14,15.35,0.01387054161162471,2026-08-10,,,,,,,,
HUYA,2026-08-07,2.43,2.43,0.0,2026-08-10,,,,,,,,
HVAC,2026-08-07,36.07,36.07,0.0,2026-08-10,,,,,,,,
HVII,2026-08-07,10.52,10.52,0.0,2026-08-10,,,,,,,,
HVMC,2026-08-07,10.28,10.28,0.0,2026-08-10,,,,,,,,
HVT,2026-08-07,29.09,29.09,0.0,2026-08-10,,,,,,,,
HWAY,2026-08-07,38.05,,,2026-08-10,,,,,,,,
HWBK,2026-08-07,40.31,40.31,0.0,2026-08-10,,,,,,,,
HWC,2026-08-07,77.6,77.6,0.0,2026-08-10,,,,,,,,
HWH,2026-08-07,1.49,1.46,-0.020134228187919434,2026-08-10,,,,,,,,
HWIV,2026-08-07,26.85,26.85,0.0,2026-08-10,,,,,,,,
HWKN,2026-08-07,129.91,129.91,0.0,2026-08-10,,,,,,,,
HWM,2026-08-07,281.88,286.0,0.014616148715765664,2026-08-10,,,,,,,,
HWO,2026-08-07,26.88,26.88,0.0,2026-08-10,,,,,,,,
HWSM,2026-08-07,32.07,32.07,0.0,2026-08-10,,,,,,,,
HXHX,2026-08-07,0.46,0.46,0.0,2026-08-10,,,,,,,,
HXL,2026-08-07,103.43,102.76,-0.006477811079957485,2026-08-10,,,,,,,,
HY,2026-08-07,37.09,37.09,0.0,2026-08-10,,,,,,,,
HYBB,2026-08-07,46.51,46.51,0.0,2026-08-10,,,,,,,,
HYBI,2026-08-07,49.21,49.21,0.0,2026-08-10,,,,,,,,
HYBL,2026-08-07,27.94,28.48,0.01932712956334992,2026-08-10,,,,,,,,
HYBX,2026-08-07,29.5,29.5,0.0,2026-08-10,,,,,,,,
HYD,2026-08-07,50.48,50.48,0.0,2026-08-10,,,,,,,,
HYDB,2026-08-07,46.42,46.42,0.0,2026-08-10,,,,,,,,
HYDR,2026-08-07,43.56,43.66,0.0022956841138657147,2026-08-10,,,,,,,,
HYDW,2026-08-07,46.54,46.54,0.0,2026-08-10,,,,,,,,
HYEM,2026-08-07,20.02,20.02,0.0,2026-08-10,,,,,,,,
HYFI,2026-08-07,37.18,37.18,0.0,2026-08-10,,,,,,,,
HYFM,2026-08-07,1.6,1.6,0.0,2026-08-10,,,,,,,,
HYFT,2026-08-07,1.31,1.31,0.0,2026-08-10,,,,,,,,
HYG,2026-08-07,79.61,79.61,0.0,2026-08-10,,,,,,,,
HYGH,2026-08-07,86.46,86.46,0.0,2026-08-10,,,,,,,,
HYGM,2026-08-07,24.57,24.57,0.0,2026-08-10,,,,,,,,
HYGV,2026-08-07,40.09,40.09,0.0,2026-08-10,,,,,,,,
HYGW,2026-08-07,28.89,28.89,0.0,2026-08-10,,,,,,,,
HYHG,2026-08-07,64.71,64.71,0.0,2026-08-10,,,,,,,,
HYI,2026-08-07,10.51,10.51,0.0,2026-08-10,,,,,,,,
HYIN,2026-08-07,14.42,14.42,0.0,2026-08-10,,,,,,,,
HYLB,2026-08-07,36.34,36.34,0.0,2026-08-10,,,,,,,,
HYLN,2026-08-07,3.87,3.9,0.007751937984496138,2026-08-10,,,,,,,,
HYLS,2026-08-07,40.73,40.73,0.0,2026-08-10,,,,,,,,
HYMB,2026-08-07,24.98,24.98,0.0,2026-08-10,,,,,,,,
HYMC,2026-08-07,26.54,26.49,-0.0018839487565938118,2026-08-10,,,,,,,,
HYNE,2026-08-07,16.22,16.22,0.0,2026-08-10,,,,,,,,
HYNX,2026-08-07,17.25,16.74,-0.029565217391304466,2026-08-10,,,,,,,,
HYP,2026-08-07,26.43,26.43,0.0,2026-08-10,,,,,,,,
HYPD,2026-08-07,2.7,2.7,0.0,2026-08-10,,,,,,,,
HYPG,2026-08-07,19.32,19.32,0.0,2026-08-10,,,,,,,,
HYPR,2026-08-07,0.95,0.95,0.0,2026-08-10,,,,,,,,
HYS,2026-08-07,92.83,92.83,0.0,2026-08-10,,,,,,,,
HYSA,2026-08-07,14.84,14.84,0.0,2026-08-10,,,,,,,,
HYSD,2026-08-07,20.06,20.06,0.0,2026-08-10,,,,,,,,
HYT,2026-08-07,8.41,8.44,0.00356718192627814,2026-08-10,,,,,,,,
HYTI,2026-08-07,18.98,18.98,0.0,2026-08-10,,,,,,,,
HYTR,2026-08-07,21.36,21.36,0.0,2026-08-10,,,,,,,,
HYUP,2026-08-07,41.48,41.48,0.0,2026-08-10,,,,,,,,
HYXF,2026-08-07,46.45,46.45,0.0,2026-08-10,,,,,,,,
HYZD,2026-08-07,22.67,22.67,0.0,2026-08-10,,,,,,,,
HZO,2026-08-07,35.68,35.92,0.0067264573991032695,2026-08-10,,,,,,,,
IACO,2026-08-07,9.95,9.95,0.0,2026-08-10,,,,,,,,
IACQ,2026-08-07,9.92,9.92,0.0,2026-08-10,,,,,,,,
IAE,2026-08-07,8.66,8.66,0.0,2026-08-10,,,,,,,,
IAF,2026-08-07,13.3,13.3,0.0,2026-08-10,,,,,,,,
IAG,2026-08-07,18.32,18.34,0.0010917030567685337,2026-08-10,,,,,,,,
IAGG,2026-08-07,50.03,50.03,0.0,2026-08-10,,,,,,,,
IAI,2026-08-07,188.25,188.25,0.0,2026-08-10,,,,,,,,
IAK,2026-08-07,148.08,147.0,-0.007293354943273989,2026-08-10,,,,,,,,
IALT,2026-08-07,28.9,28.9,0.0,2026-08-10,,,,,,,,
IAPR,2026-08-07,34.1,34.1,0.0,2026-08-10,,,,,,,,
IART,2026-08-07,17.25,17.17,-0.004637681159420204,2026-08-10,,,,,,,,
IAT,2026-08-07,64.24,64.24,0.0,2026-08-10,,,,,,,,
IAU,2026-08-07,81.68,81.52,-0.0019588638589619345,2026-08-10,,,,,,,,
IAUG,2026-08-07,30.94,30.94,0.0,2026-08-10,,,,,,,,
IAUI,2026-08-07,51.23,51.39,0.003123170017568011,2026-08-10,,,,,,,,
IAUM,2026-08-07,43.29,43.2,-0.0020790020790020236,2026-08-10,,,,,,,,
IAUX,2026-08-07,1.62,1.65,0.01851851851851838,2026-08-10,,,,,,,,
IBAC,2026-08-07,10.81,10.81,0.0,2026-08-10,,,,,,,,
IBAT,2026-08-07,40.68,40.68,0.0,2026-08-10,,,,,,,,
IBB,2026-08-07,197.71,197.75,0.0002023165242019953,2026-08-10,,,,,,,,
IBBQ,2026-08-07,33.72,33.72,0.0,2026-08-10,,,,,,,,
IBCA,2026-08-07,25.15,25.15,0.0,2026-08-10,,,,,,,,
IBCB,2026-08-07,24.67,24.67,0.0,2026-08-10,,,,,,,,
IBCP,2026-08-07,38.03,38.03,0.0,2026-08-10,,,,,,,,
IBD,2026-08-07,23.62,23.62,0.0,2026-08-10,,,,,,,,
IBDR,2026-08-07,24.19,24.19,0.0,2026-08-10,,,,,,,,
IBDS,2026-08-07,24.16,24.16,0.0,2026-08-10,,,,,,,,
IBDT,2026-08-07,25.16,25.16,0.0,2026-08-10,,,,,,,,
IBDU,2026-08-07,23.06,23.06,0.0,2026-08-10,,,,,,,,
IBDV,2026-08-07,21.63,21.63,0.0,2026-08-10,,,,,,,,
IBDW,2026-08-07,20.65,20.65,0.0,2026-08-10,,,,,,,,
IBDX,2026-08-07,24.9,24.9,0.0,2026-08-10,,,,,,,,
IBDY,2026-08-07,25.4,25.4,0.0,2026-08-10,,,,,,,,
IBDZ,2026-08-07,25.64,25.64,0.0,2026-08-10,,,,,,,,
IBEX,2026-08-07,37.25,37.25,0.0,2026-08-10,,,,,,,,
IBFR,2026-08-07,51.29,51.29,0.0,2026-08-10,,,,,,,,
IBG,2026-08-07,1.01,1.03,0.01980198019801982,2026-08-10,,,,,,,,
IBGA,2026-08-07,23.58,23.58,0.0,2026-08-10,,,,,,,,
IBGB,2026-08-07,23.52,23.52,0.0,2026-08-10,,,,,,,,
IBGC,2026-08-07,24.1,24.1,0.0,2026-08-10,,,,,,,,
IBGK,2026-08-07,22.39,22.39,0.0,2026-08-10,,,,,,,,
IBGL,2026-08-07,23.01,23.01,0.0,2026-08-10,,,,,,,,
IBGM,2026-08-07,23.92,23.92,0.0,2026-08-10,,,,,,,,
IBHF,2026-08-07,22.5,20.48,-0.08977777777777773,2026-08-10,,,,,,,,
IBHG,2026-08-07,21.96,21.96,0.0,2026-08-10,,,,,,,,
IBHH,2026-08-07,23.39,23.39,0.0,2026-08-10,,,,,,,,
IBHI,2026-08-07,23.27,23.27,0.0,2026-08-10,,,,,,,,
IBHJ,2026-08-07,26.35,26.35,0.0,2026-08-10,,,,,,,,
IBHK,2026-08-07,25.45,25.45,0.0,2026-08-10,,,,,,,,
IBHL,2026-08-07,25.31,25.31,0.0,2026-08-10,,,,,,,,
IBHM,2026-08-07,25.26,25.26,0.0,2026-08-10,,,,,,,,
IBIC,2026-08-07,25.6,25.6,0.0,2026-08-10,,,,,,,,
IBID,2026-08-07,25.72,25.72,0.0,2026-08-10,,,,,,,,
IBIE,2026-08-07,25.75,25.75,0.0,2026-08-10,,,,,,,,
IBIF,2026-08-07,25.72,25.72,0.0,2026-08-10,,,,,,,,
IBIG,2026-08-07,25.65,25.65,0.0,2026-08-10,,,,,,,,
IBIH,2026-08-07,25.64,25.64,0.0,2026-08-10,,,,,,,,
IBII,2026-08-07,25.31,25.31,0.0,2026-08-10,,,,,,,,
IBIJ,2026-08-07,25.28,25.28,0.0,2026-08-10,,,,,,,,
IBIK,2026-08-07,25.06,25.06,0.0,2026-08-10,,,,,,,,
IBIL,2026-08-07,24.81,24.81,0.0,2026-08-10,,,,,,,,
IBIM,2026-08-07,24.66,24.66,0.0,2026-08-10,,,,,,,,
IBIO,2026-08-07,1.41,1.43,0.014184397163120588,2026-08-10,,,,,,,,
IBIT,2026-08-07,36.8,36.79,-0.00027173913043476716,2026-08-10,,,,,,,,
IBKR,2026-08-07,87.83,87.8,-0.0003415689399977051,2026-08-10,,,,,,,,
IBLC,2026-08-07,43.69,43.69,0.0,2026-08-10,,,,,,,,
IBM,2026-08-07,237.28,236.05,-0.005183749157113948,2026-08-10,,,,,,,,
IBMO,2026-08-07,25.62,25.62,0.0,2026-08-10,,,,,,,,
IBMP,2026-08-07,25.35,25.35,0.0,2026-08-10,,,,,,,,
IBMQ,2026-08-07,25.5,25.5,0.0,2026-08-10,,,,,,,,
IBMR,2026-08-07,25.26,25.26,0.0,2026-08-10,,,,,,,,
IBMS,2026-08-07,25.75,25.75,0.0,2026-08-10,,,,,,,,
IBMT,2026-08-07,25.59,25.59,0.0,2026-08-10,,,,,,,,
IBMU,2026-08-07,25.11,25.11,0.0,2026-08-10,,,,,,,,
IBMV,2026-08-07,25.02,25.02,0.0,2026-08-10,,,,,,,,
IBMW,2026-08-07,24.91,24.91,0.0,2026-08-10,,,,,,,,
IBMX,2026-08-07,24.66,24.66,0.0,2026-08-10,,,,,,,,
IBN,2026-08-07,30.22,30.22,0.0,2026-08-10,,,,,,,,
IBND,2026-08-07,31.29,31.29,0.0,2026-08-10,,,,,,,,
IBO,2026-08-07,0.44,0.44,0.0,2026-08-10,,,,,,,,
IBOC,2026-08-07,73.55,73.55,0.0,2026-08-10,,,,,,,,
IBOT,2026-08-07,67.66,67.66,0.0,2026-08-10,,,,,,,,
IBP,2026-08-07,244.05,244.05,0.0,2026-08-10,,,,,,,,
IBRN,2026-08-07,38.86,38.86,0.0,2026-08-10,,,,,,,,
IBRX,2026-08-07,7.64,7.6,-0.005235602094240788,2026-08-10,,,,,,,,
IBTA,2026-08-07,38.42,38.04,-0.009890681936491452,2026-08-10,,,,,,,,
IBTG,2026-08-07,22.84,22.84,0.0,2026-08-10,,,,,,,,
IBTH,2026-08-07,22.34,22.34,0.0,2026-08-10,,,,,,,,
IBTI,2026-08-07,22.08,22.23,0.006793478260869623,2026-08-10,,,,,,,,
IBTJ,2026-08-07,21.55,21.55,0.0,2026-08-10,,,,,,,,
IBTK,2026-08-07,19.41,19.41,0.0,2026-08-10,,,,,,,,
IBTL,2026-08-07,20.01,20.01,0.0,2026-08-10,,,,,,,,
IBTM,2026-08-07,22.47,22.47,0.0,2026-08-10,,,,,,,,
IBTO,2026-08-07,23.84,23.84,0.0,2026-08-10,,,,,,,,
IBTP,2026-08-07,25.03,25.03,0.0,2026-08-10,,,,,,,,
IBTQ,2026-08-07,24.68,24.68,0.0,2026-08-10,,,,,,,,
IBTR,2026-08-07,24.49,24.49,0.0,2026-08-10,,,,,,,,
IBUF,2026-08-07,32.03,32.03,0.0,2026-08-10,,,,,,,,
IBUY,2026-08-07,74.58,70.33,-0.0569857870742827,2026-08-10,,,,,,,,
IBX,2026-08-07,18.1,18.28,0.009944751381215422,2026-08-10,,,,,,,,
ICAP,2026-08-07,29.19,29.19,0.0,2026-08-10,,,,,,,,
ICCC,2026-08-07,11.0,11.0,0.0,2026-08-10,,,,,,,,
ICCM,2026-08-07,3.08,3.08,0.0,2026-08-10,,,,,,,,
ICE,2026-08-07,150.3,150.3,0.0,2026-08-10,,,,,,,,
ICF,2026-08-07,68.76,68.76,0.0,2026-08-10,,,,,,,,
ICFI,2026-08-07,95.0,95.0,0.0,2026-08-10,,,,,,,,
ICG,2026-08-07,0.87,0.87,0.0,2026-08-10,,,,,,,,
ICHR,2026-08-07,68.32,69.69,0.02005269320843106,2026-08-10,,,,,,,,
ICL,2026-08-07,5.31,5.36,0.009416195856873921,2026-08-10,,,,,,,,
ICLN,2026-08-07,18.3,18.33,0.0016393442622948395,2026-08-10,,,,,,,,
ICLO,2026-08-07,25.6,25.6,0.0,2026-08-10,,,,,,,,
ICLR,2026-08-07,164.51,165.0,0.002978542337851886,2026-08-10,,,,,,,,
ICMB,2026-08-07,0.84,0.84,0.0,2026-08-10,,,,,,,,
ICOI,2026-08-07,10.37,10.37,0.0,2026-08-10,,,,,,,,
ICON,2026-08-07,1.06,1.06,0.0,2026-08-10,,,,,,,,
ICOP,2026-08-07,55.34,55.34,0.0,2026-08-10,,,,,,,,
ICOW,2026-08-07,45.18,45.18,0.0,2026-08-10,,,,,,,,
ICPI,2026-08-07,49.98,49.98,0.0,2026-08-10,,,,,,,,
ICPY,2026-08-07,13.18,13.18,0.0,2026-08-10,,,,,,,,
ICRC,2026-08-07,17.42,17.42,0.0,2026-08-10,,,,,,,,
ICSH,2026-08-07,50.47,50.48,0.00019813750743002956,2026-08-10,,,,,,,,
ICU,2026-08-07,3.28,3.37,0.027439024390244038,2026-08-10,,,,,,,,
ICUI,2026-08-07,184.56,184.56,0.0,2026-08-10,,,,,,,,
ICVT,2026-08-07,115.71,115.71,0.0,2026-08-10,,,,,,,,
IDA,2026-08-07,141.84,141.84,0.0,2026-08-10,,,,,,,,
IDAC,2026-08-07,9.99,9.99,0.0,2026-08-10,,,,,,,,
IDAI,2026-08-07,3.23,3.23,0.0,2026-08-10,,,,,,,,
IDAU,2026-08-07,25.07,25.07,0.0,2026-08-10,,,,,,,,
IDCC,2026-08-07,344.56,344.56,0.0,2026-08-10,,,,,,,,
IDE,2026-08-07,13.08,13.08,0.0,2026-08-10,,,,,,,,
IDEC,2026-08-07,35.31,35.31,0.0,2026-08-10,,,,,,,,
IDEF,2026-08-07,34.95,34.95,0.0,2026-08-10,,,,,,,,
IDEQ,2026-08-07,35.85,35.85,0.0,2026-08-10,,,,,,,,
IDEV,2026-08-07,93.31,93.31,0.0,2026-08-10,,,,,,,,
IDGT,2026-08-07,116.06,116.06,0.0,2026-08-10,,,,,,,,
IDHQ,2026-08-07,45.59,45.59,0.0,2026-08-10,,,,,,,,
IDIAU,2026-08-07,,,,2026-08-10,,,,,,,,
IDJL,2026-08-07,25.56,25.56,0.0,2026-08-10,,,,,,,,
IDJN,2026-08-07,25.54,25.54,0.0,2026-08-10,,,,,,,,
IDLV,2026-08-07,36.4,36.4,0.0,2026-08-10,,,,,,,,
IDMO,2026-08-07,62.74,62.74,0.0,2026-08-10,,,,,,,,
IDMY,2026-08-07,25.72,25.72,0.0,2026-08-10,,,,,,,,
IDN,2026-08-07,3.93,3.93,0.0,2026-08-10,,,,,,,,
IDNA,2026-08-07,34.78,34.78,0.0,2026-08-10,,,,,,,,
IDOG,2026-08-07,44.2,44.2,0.0,2026-08-10,,,,,,,,
IDR,2026-08-07,35.24,35.53,0.008229284903518597,2026-08-10,,,,,,,,
IDRV,2026-08-07,37.25,37.25,0.0,2026-08-10,,,,,,,,
IDT,2026-08-07,65.08,62.98,-0.032267977873386644,2026-08-10,,,,,,,,
IDU,2026-08-07,110.95,110.95,0.0,2026-08-10,,,,,,,,
IDUB,2026-08-07,28.21,28.21,0.0,2026-08-10,,,,,,,,
IDV,2026-08-07,44.61,44.61,0.0,2026-08-10,,,,,,,,
IDVO,2026-08-07,43.06,43.21,0.0034835113794704498,2026-08-10,,,,,,,,
IDVY,2026-08-07,27.35,27.35,0.0,2026-08-10,,,,,,,,
IDVZ,2026-08-07,35.06,35.06,0.0,2026-08-10,,,,,,,,
IDX,2026-08-07,11.48,11.48,0.0,2026-08-10,,,,,,,,
IDXX,2026-08-07,586.67,586.67,0.0,2026-08-10,,,,,,,,
IDYA,2026-08-07,37.02,36.89,-0.0035116153430578834,2026-08-10,,,,,,,,
IDYN,2026-08-07,31.16,31.16,0.0,2026-08-10,,,,,,,,
IE,2026-08-07,11.02,11.35,0.029945553539020064,2026-08-10,,,,,,,,
IEAG,2026-08-07,10.21,10.21,0.0,2026-08-10,,,,,,,,
IEDI,2026-08-07,57.36,57.36,0.0,2026-08-10,,,,,,,,
IEF,2026-08-07,93.17,93.01,-0.0017172909734892716,2026-08-10,,,,,,,,
IEFA,2026-08-07,101.08,101.06,-0.00019786307874947173,2026-08-10,,,,,,,,
IEI,2026-08-07,116.55,116.5,-0.00042900042900040347,2026-08-10,,,,,,,,
IEMG,2026-08-07,79.99,79.8,-0.002375296912114022,2026-08-10,,,,,,,,
IEO,2026-08-07,119.28,119.28,0.0,2026-08-10,,,,,,,,
IEP,2026-08-07,7.45,7.49,0.005369127516778427,2026-08-10,,,,,,,,
IESC,2026-08-07,762.71,781.91,0.025173394868298393,2026-08-10,,,,,,,,
IETC,2026-08-07,110.31,110.31,0.0,2026-08-10,,,,,,,,
IETH,2026-08-07,18.61,18.61,0.0,2026-08-10,,,,,,,,
IEUR,2026-08-07,78.34,78.34,0.0,2026-08-10,,,,,,,,
IEUS,2026-08-07,73.81,73.81,0.0,2026-08-10,,,,,,,,
IEV,2026-08-07,75.81,75.81,0.0,2026-08-10,,,,,,,,
IEX,2026-08-07,234.46,234.46,0.0,2026-08-10,,,,,,,,
IEZ,2026-08-07,28.09,28.09,0.0,2026-08-10,,,,,,,,
IFBD,2026-08-07,1.08,1.08,0.0,2026-08-10,,,,,,,,
IFEB,2026-08-07,32.12,32.12,0.0,2026-08-10,,,,,,,,
IFED,2026-08-07,46.8,46.8,0.0,2026-08-10,,,,,,,,
IFF,2026-08-07,85.89,85.9,0.00011642798928868103,2026-08-10,,,,,,,,
IFGL,2026-08-07,23.1,23.1,0.0,2026-08-10,,,,,,,,
IFLN,2026-08-07,18.26,18.26,0.0,2026-08-10,,,,,,,,
IFLO,2026-08-07,36.01,36.01,0.0,2026-08-10,,,,,,,,
IFLR,2026-08-07,54.58,54.58,0.0,2026-08-10,,,,,,,,
IFN,2026-08-07,11.82,11.82,0.0,2026-08-10,,,,,,,,
IFRA,2026-08-07,61.13,61.13,0.0,2026-08-10,,,,,,,,
IFRX,2026-08-07,1.84,1.87,0.016304347826086918,2026-08-10,,,,,,,,
IFS,2026-08-07,58.94,58.63,-0.005259586019680906,2026-08-10,,,,,,,,
IFV,2026-08-07,26.1,26.1,0.0,2026-08-10,,,,,,,,
IG,2026-08-07,20.26,20.26,0.0,2026-08-10,,,,,,,,
IGA,2026-08-07,10.3,10.3,0.0,2026-08-10,,,,,,,,
IGAC,2026-08-07,10.05,10.05,0.0,2026-08-10,,,,,,,,
IGBH,2026-08-07,24.37,24.37,0.0,2026-08-10,,,,,,,,
IGC,2026-08-07,0.26,0.26,0.0,2026-08-10,,,,,,,,
IGCB,2026-08-07,45.0,45.0,0.0,2026-08-10,,,,,,,,
IGD,2026-08-07,6.56,6.56,0.0,2026-08-10,,,,,,,,
IGE,2026-08-07,60.6,60.6,0.0,2026-08-10,,,,,,,,
IGEB,2026-08-07,44.36,44.36,0.0,2026-08-10,,,,,,,,
IGF,2026-08-07,65.95,65.95,0.0,2026-08-10,,,,,,,,
IGGY,2026-08-07,29.87,29.87,0.0,2026-08-10,,,,,,,,
IGHG,2026-08-07,77.93,77.93,0.0,2026-08-10,,,,,,,,
IGI,2026-08-07,15.83,15.83,0.0,2026-08-10,,,,,,,,
IGIB,2026-08-07,52.38,52.38,0.0,2026-08-10,,,,,,,,
IGIC,2026-08-07,27.06,27.06,0.0,2026-08-10,,,,,,,,
IGLB,2026-08-07,48.21,48.21,0.0,2026-08-10,,,,,,,,
IGLD,2026-08-07,21.63,21.61,-0.000924641701340656,2026-08-10,,,,,,,,
IGM,2026-08-07,163.72,163.72,0.0,2026-08-10,,,,,,,,
IGME,2026-08-07,22.82,22.82,0.0,2026-08-10,,,,,,,,
IGOV,2026-08-07,41.45,41.45,0.0,2026-08-10,,,,,,,,
IGPT,2026-08-07,91.43,91.43,0.0,2026-08-10,,,,,,,,
IGR,2026-08-07,4.71,4.71,0.0,2026-08-10,,,,,,,,
IGRO,2026-08-07,93.35,93.35,0.0,2026-08-10,,,,,,,,
IGSB,2026-08-07,52.13,52.04,-0.0017264530980242165,2026-08-10,,,,,,,,
IGV,2026-08-07,102.69,102.47,-0.0021423702405297673,2026-08-10,,,,,,,,
IH,2026-08-07,1.33,1.33,0.0,2026-08-10,,,,,,,,
IHAK,2026-08-07,65.58,66.22,0.009759072888075648,2026-08-10,,,,,,,,
IHD,2026-08-07,7.39,7.39,0.0,2026-08-10,,,,,,,,
IHDG,2026-08-07,53.8,53.8,0.0,2026-08-10,,,,,,,,
IHE,2026-08-07,102.47,102.5,0.0002927686152045528,2026-08-10,,,,,,,,
IHF,2026-08-07,57.07,57.21,0.002453127737865879,2026-08-10,,,,,,,,
IHG,2026-08-07,157.51,157.51,0.0,2026-08-10,,,,,,,,
IHI,2026-08-07,54.38,54.44,0.0011033468186831819,2026-08-10,,,,,,,,
IHRT,2026-08-07,3.86,3.86,0.0,2026-08-10,,,,,,,,
IHS,2026-08-07,8.35,8.28,-0.008383233532934131,2026-08-10,,,,,,,,
IHT,2026-08-07,1.7,1.7,0.0,2026-08-10,,,,,,,,
IHY,2026-08-07,21.68,21.68,0.0,2026-08-10,,,,,,,,
IIF,2026-08-07,23.35,23.35,0.0,2026-08-10,,,,,,,,
IIGD,2026-08-07,24.39,24.39,0.0,2026-08-10,,,,,,,,
III,2026-08-07,5.19,5.1,-0.017341040462427904,2026-08-10,,,,,,,,
IIIN,2026-08-07,32.29,32.29,0.0,2026-08-10,,,,,,,,
IIIV,2026-08-07,17.47,17.28,-0.010875787063537312,2026-08-10,,,,,,,,
IIM,2026-08-07,12.69,12.69,0.0,2026-08-10,,,,,,,,
IINC,2026-08-07,26.04,26.04,0.0,2026-08-10,,,,,,,,
IIPR,2026-08-07,59.16,59.09,-0.0011832319134549296,2026-08-10,,,,,,,,
IJAN,2026-08-07,39.01,39.01,0.0,2026-08-10,,,,,,,,
IJH,2026-08-07,77.79,77.79,0.0,2026-08-10,,,,,,,,
IJJ,2026-08-07,150.42,150.42,0.0,2026-08-10,,,,,,,,
IJK,2026-08-07,117.38,117.38,0.0,2026-08-10,,,,,,,,
IJR,2026-08-07,148.93,148.94,6.71456388907643e-05,2026-08-10,,,,,,,,
IJS,2026-08-07,139.19,139.01,-0.0012931963503125532,2026-08-10,,,,,,,,
IJT,2026-08-07,176.97,176.97,0.0,2026-08-10,,,,,,,,
IJUL,2026-08-07,36.99,36.99,0.0,2026-08-10,,,,,,,,
IJUN,2026-08-07,32.02,32.02,0.0,2026-08-10,,,,,,,,
IKT,2026-08-07,2.47,2.42,-0.020242914979757165,2026-08-10,,,,,,,,
ILAG,2026-08-07,3.34,3.34,0.0,2026-08-10,,,,,,,,
ILCB,2026-08-07,107.22,107.22,0.0,2026-08-10,,,,,,,,
ILCG,2026-08-07,117.72,117.72,0.0,2026-08-10,,,,,,,,
ILCV,2026-08-07,107.6,107.6,0.0,2026-08-10,,,,,,,,
ILDR,2026-08-07,39.24,39.24,0.0,2026-08-10,,,,,,,,
ILF,2026-08-07,34.62,34.69,0.002021952628538326,2026-08-10,,,,,,,,
ILIT,2026-08-07,15.05,15.05,0.0,2026-08-10,,,,,,,,
ILLR,2026-08-07,1.17,1.16,-0.008547008547008517,2026-08-10,,,,,,,,
ILLU,2026-08-07,9.94,9.94,0.0,2026-08-10,,,,,,,,
ILMN,2026-08-07,187.96,187.81,-0.0007980421366248214,2026-08-10,,,,,,,,
ILOW,2026-08-07,47.7,47.7,0.0,2026-08-10,,,,,,,,
ILPT,2026-08-07,8.78,8.7,-0.009111617312072884,2026-08-10,,,,,,,,
ILS,2026-08-07,19.91,19.91,0.0,2026-08-10,,,,,,,,
ILTB,2026-08-07,47.47,47.47,0.0,2026-08-10,,,,,,,,
IMA,2026-08-07,5.69,5.69,0.0,2026-08-10,,,,,,,,
IMAR,2026-08-07,31.31,31.31,0.0,2026-08-10,,,,,,,,
IMAX,2026-08-07,48.49,46.89,-0.0329964941224995,2026-08-10,,,,,,,,
IMAY,2026-08-07,32.58,32.58,0.0,2026-08-10,,,,,,,,
IMC,2026-08-07,7.68,7.68,0.0,2026-08-10,,,,,,,,
IMCB,2026-08-07,99.69,99.69,0.0,2026-08-10,,,,,,,,
IMCC,2026-08-07,0.12,0.13,0.08333333333333348,2026-08-10,,,,,,,,
IMCG,2026-08-07,99.13,99.0,-0.0013114092605668315,2026-08-10,,,,,,,,
IMCR,2026-08-07,34.0,34.0,0.0,2026-08-10,,,,,,,,
IMCV,2026-08-07,96.72,96.72,0.0,2026-08-10,,,,,,,,
IMDX,2026-08-07,4.83,4.83,0.0,2026-08-10,,,,,,,,
IMF,2026-08-07,52.17,52.17,0.0,2026-08-10,,,,,,,,
IMFL,2026-08-07,34.79,34.79,0.0,2026-08-10,,,,,,,,
IMKTA,2026-08-07,88.11,88.11,0.0,2026-08-10,,,,,,,,
IMMP,2026-08-07,0.39,0.38,-0.02564102564102566,2026-08-10,,,,,,,,
IMMR,2026-08-07,7.6,7.4,-0.02631578947368407,2026-08-10,,,,,,,,
IMMX,2026-08-07,9.72,9.75,0.0030864197530864335,2026-08-10,,,,,,,,
IMNM,2026-08-07,25.03,24.72,-0.012385137834598603,2026-08-10,,,,,,,,
IMNN,2026-08-07,1.61,1.61,0.0,2026-08-10,,,,,,,,
IMO,2026-08-07,124.95,124.95,0.0,2026-08-10,,,,,,,,
IMOM,2026-08-07,41.59,41.59,0.0,2026-08-10,,,,,,,,
IMOS,2026-08-07,52.54,57.45,0.0934526075371147,2026-08-10,,,,,,,,
IMPP,2026-08-07,4.61,4.61,0.0,2026-08-10,,,,,,,,
IMRA,2026-08-07,14.59,14.59,0.0,2026-08-10,,,,,,,,
IMRN,2026-08-07,1.03,1.03,0.0,2026-08-10,,,,,,,,
IMRX,2026-08-07,4.51,4.54,0.006651884700665134,2026-08-10,,,,,,,,
IMSR,2026-08-07,5.82,5.82,0.0,2026-08-10,,,,,,,,
IMST,2026-08-07,7.23,7.23,0.0,2026-08-10,,,,,,,,
IMTB,2026-08-07,43.01,43.01,0.0,2026-08-10,,,,,,,,
IMTE,2026-08-07,0.48,0.48,0.0,2026-08-10,,,,,,,,
IMTG,2026-08-07,48.56,48.56,0.0,2026-08-10,,,,,,,,
IMTM,2026-08-07,53.56,50.57,-0.05582524271844669,2026-08-10,,,,,,,,
IMTX,2026-08-07,9.65,9.65,0.0,2026-08-10,,,,,,,,
IMUX,2026-08-07,14.3,14.3,0.0,2026-08-10,,,,,,,,
IMVP,2026-08-07,20.59,20.59,0.0,2026-08-10,,,,,,,,
IMVT,2026-08-07,39.95,40.0,0.0012515644555692873,2026-08-10,,,,,,,,
IMXI,2026-08-07,12.19,12.19,0.0,2026-08-10,,,,,,,,
INAB,2026-08-07,0.98,0.98,0.0,2026-08-10,,,,,,,,
INAC,2026-08-07,10.33,10.33,0.0,2026-08-10,,,,,,,,
INBK,2026-08-07,29.21,29.21,0.0,2026-08-10,,,,,,,,
INBS,2026-08-07,1.98,2.05,0.03535353535353525,2026-08-10,,,,,,,,
INBX,2026-08-07,88.66,88.8,0.0015790660951950919,2026-08-10,,,,,,,,
INCE,2026-08-07,69.0,69.0,0.0,2026-08-10,,,,,,,,
INCM,2026-08-07,29.47,29.47,0.0,2026-08-10,,,,,,,,
INCO,2026-08-07,62.96,62.96,0.0,2026-08-10,,,,,,,,
INCR,2026-08-07,0.98,1.0,0.020408163265306145,2026-08-10,,,,,,,,
INCY,2026-08-07,120.56,120.56,0.0,2026-08-10,,,,,,,,
IND,2026-08-07,23.37,23.37,0.0,2026-08-10,,,,,,,,
INDA,2026-08-07,50.37,50.19,-0.003573555687909513,2026-08-10,,,,,,,,
INDB,2026-08-07,83.73,83.73,0.0,2026-08-10,,,,,,,,
INDE,2026-08-07,30.21,30.21,0.0,2026-08-10,,,,,,,,
INDH,2026-08-07,39.81,39.81,0.0,2026-08-10,,,,,,,,
INDI,2026-08-07,4.04,4.06,0.004950495049504955,2026-08-10,,,,,,,,
INDL,2026-08-07,46.57,46.57,0.0,2026-08-10,,,,,,,,
INDO,2026-08-07,2.8,2.8,0.0,2026-08-10,,,,,,,,
INDP,2026-08-07,1.18,1.2,0.016949152542372836,2026-08-10,,,,,,,,
INDQ,2026-08-07,26.91,26.91,0.0,2026-08-10,,,,,,,,
INDS,2026-08-07,41.67,41.67,0.0,2026-08-10,,,,,,,,
INDV,2026-08-07,38.82,38.82,0.0,2026-08-10,,,,,,,,
INDY,2026-08-07,44.28,44.28,0.0,2026-08-10,,,,,,,,
INDZ,2026-08-07,25.7,25.7,0.0,2026-08-10,,,,,,,,
INEO,2026-08-07,0.6,0.62,0.03333333333333344,2026-08-10,,,,,,,,
INEQ,2026-08-07,41.98,41.98,0.0,2026-08-10,,,,,,,,
INFH,2026-08-07,7.45,7.54,0.012080536912751683,2026-08-10,,,,,,,,
INFL,2026-08-07,52.05,52.05,0.0,2026-08-10,,,,,,,,
INFO,2026-08-07,28.43,28.43,0.0,2026-08-10,,,,,,,,
INFQ,2026-08-07,11.91,12.06,0.012594458438287104,2026-08-10,,,,,,,,
INFU,2026-08-07,12.49,12.49,0.0,2026-08-10,,,,,,,,
INFY,2026-08-07,12.53,12.52,-0.0007980845969672856,2026-08-10,,,,,,,,
ING,2026-08-07,35.68,35.19,-0.013733183856502351,2026-08-10,,,,,,,,
INGM,2026-08-07,28.4,28.4,0.0,2026-08-10,,,,,,,,
INGN,2026-08-07,6.05,6.28,0.0380165289256198,2026-08-10,,,,,,,,
INGR,2026-08-07,104.33,104.33,0.0,2026-08-10,,,,,,,,
INHD,2026-08-07,5.14,6.17,0.2003891050583657,2026-08-10,,,,,,,,
INIO,2026-08-07,27.35,27.77,0.01535648994515526,2026-08-10,,,,,,,,
INKM,2026-08-07,34.73,34.73,0.0,2026-08-10,,,,,,,,
INKT,2026-08-07,10.95,11.65,0.06392694063926951,2026-08-10,,,,,,,,
INLF,2026-08-07,4.51,5.08,0.12638580931263865,2026-08-10,,,,,,,,
INLX,2026-08-07,5.38,5.38,0.0,2026-08-10,,,,,,,,
INM,2026-08-07,1.47,1.42,-0.03401360544217691,2026-08-10,,,,,,,,
INMB,2026-08-07,2.09,2.02,-0.03349282296650713,2026-08-10,,,,,,,,
INMD,2026-08-07,15.31,14.86,-0.02939255388634887,2026-08-10,,,,,,,,
INMU,2026-08-07,23.92,23.92,0.0,2026-08-10,,,,,,,,
INN,2026-08-07,6.49,6.43,-0.00924499229583986,2026-08-10,,,,,,,,
INNV,2026-08-07,11.18,11.06,-0.01073345259391767,2026-08-10,,,,,,,,
INO,2026-08-07,0.67,0.67,0.0,2026-08-10,,,,,,,,
INOD,2026-08-07,62.33,63.8,0.02358414888496707,2026-08-10,,,,,,,,
INOV,2026-08-07,37.98,37.98,0.0,2026-08-10,,,,,,,,
INQQ,2026-08-07,13.61,13.61,0.0,2026-08-10,,,,,,,,
INR,2026-08-07,12.98,13.23,0.01926040061633283,2026-08-10,,,,,,,,
INRO,2026-08-07,37.19,37.19,0.0,2026-08-10,,,,,,,,
INSE,2026-08-07,6.65,6.65,0.0,2026-08-10,,,,,,,,
INSG,2026-08-07,5.51,5.6,0.016333938294010864,2026-08-10,,,,,,,,
INSM,2026-08-07,131.1,131.5,0.0030511060259343914,2026-08-10,,,,,,,,
INSP,2026-08-07,60.16,60.16,0.0,2026-08-10,,,,,,,,
INSW,2026-08-07,92.41,94.5,0.022616599935072035,2026-08-10,,,,,,,,
INT,2026-08-07,19.0,19.0,0.0,2026-08-10,,,,,,,,
INTA,2026-08-07,37.73,37.95,0.00583090379008766,2026-08-10,,,,,,,,
INTC,2026-08-07,101.65,101.4,-0.0024594195769798155,2026-08-10,,,,,,,,
INTF,2026-08-07,43.07,44.01,0.02182493615045278,2026-08-10,,,,,,,,
INTG,2026-08-07,31.36,31.36,0.0,2026-08-10,,,,,,,,
INTJ,2026-08-07,3.38,3.48,0.029585798816567976,2026-08-10,,,,,,,,
INTL,2026-08-07,31.18,31.27,0.0028864656831302238,2026-08-10,,,,,,,,
INTM,2026-08-07,51.56,51.56,0.0,2026-08-10,,,,,,,,
INTR,2026-08-07,5.27,5.29,0.00379506641366234,2026-08-10,,,,,,,,
INTS,2026-08-07,4.16,4.21,0.012019230769230616,2026-08-10,,,,,,,,
INTT,2026-08-07,14.05,13.95,-0.007117437722420017,2026-08-10,,,,,,,,
INTU,2026-08-07,325.25,319.0,-0.01921598770176791,2026-08-10,,,,,,,,
INTW,2026-08-07,24.31,24.14,-0.006993006993006867,2026-08-10,,,,,,,,
INTZ,2026-08-07,0.76,0.77,0.013157894736842035,2026-08-10,,,,,,,,
INUV,2026-08-07,1.03,1.03,0.0,2026-08-10,,,,,,,,
INV,2026-08-07,3.43,3.56,0.03790087463556846,2026-08-10,,,,,,,,
INVA,2026-08-07,20.51,20.35,-0.007801072647489082,2026-08-10,,,,,,,,
INVE,2026-08-07,2.58,2.58,0.0,2026-08-10,,,,,,,,
INVG,2026-08-07,25.02,25.02,0.0,2026-08-10,,,,,,,,
INVH,2026-08-07,30.37,30.51,0.004609812314784412,2026-08-10,,,,,,,,
INVN,2026-08-07,25.44,25.44,0.0,2026-08-10,,,,,,,,
INVX,2026-08-07,28.1,28.1,0.0,2026-08-10,,,,,,,,
INVZ,2026-08-07,0.39,0.4,0.025641025641025772,2026-08-10,,,,,,,,
INYY,2026-08-07,41.17,41.56,0.009472917172698603,2026-08-10,,,,,,,,
IOCT,2026-08-07,37.92,37.92,0.0,2026-08-10,,,,,,,,
ION,2026-08-07,52.06,52.06,0.0,2026-08-10,,,,,,,,
IONC,2026-08-07,15.52,15.52,0.0,2026-08-10,,,,,,,,
IOND,2026-08-07,63.12,62.37,-0.011882129277566489,2026-08-10,,,,,,,,
IONL,2026-08-07,16.98,16.62,-0.021201413427561766,2026-08-10,,,,,,,,
IONQ,2026-08-07,44.43,43.9,-0.011928876884987671,2026-08-10,,,,,,,,
IONR,2026-08-07,3.5,3.48,-0.005714285714285672,2026-08-10,,,,,,,,
IONS,2026-08-07,56.56,56.68,0.0021216407355020284,2026-08-10,,,,,,,,
IONX,2026-08-07,31.39,30.55,-0.02676011468620576,2026-08-10,,,,,,,,
IONZ,2026-08-07,2.63,2.68,0.019011406844106515,2026-08-10,,,,,,,,
IOO,2026-08-07,146.19,146.19,0.0,2026-08-10,,,,,,,,
IOPP,2026-08-07,27.11,27.11,0.0,2026-08-10,,,,,,,,
IOR,2026-08-07,20.75,20.75,0.0,2026-08-10,,,,,,,,
IOSP,2026-08-07,92.44,92.44,0.0,2026-08-10,,,,,,,,
IOSX,2026-08-07,30.25,30.25,0.0,2026-08-10,,,,,,,,
IOT,2026-08-07,40.88,39.97,-0.022260273972602884,2026-08-10,,,,,,,,
IOTR,2026-08-07,2.87,2.84,-0.010452961672474004,2026-08-10,,,,,,,,
IOVA,2026-08-07,6.34,6.33,-0.001577287066246047,2026-08-10,,,,,,,,
IOYY,2026-08-07,6.76,6.81,0.007396449704141883,2026-08-10,,,,,,,,
IP,2026-08-07,41.58,41.75,0.004088504088504141,2026-08-10,,,,,,,,
IPAC,2026-08-07,86.15,86.15,0.0,2026-08-10,,,,,,,,
IPAR,2026-08-07,122.97,122.97,0.0,2026-08-10,,,,,,,,
IPAV,2026-08-07,32.66,32.66,0.0,2026-08-10,,,,,,,,
IPAY,2026-08-07,50.5,50.5,0.0,2026-08-10,,,,,,,,
IPCX,2026-08-07,4.44,4.18,-0.05855855855855874,2026-08-10,,,,,,,,
IPDN,2026-08-07,0.42,0.42,0.0,2026-08-10,,,,,,,,
IPEX,2026-08-07,10.56,10.56,0.0,2026-08-10,,,,,,,,
IPFX,2026-08-07,10.11,10.11,0.0,2026-08-10,,,,,,,,
IPGP,2026-08-07,90.23,92.0,0.01961653552033682,2026-08-10,,,,,,,,
IPHA,2026-08-07,1.73,2.12,0.22543352601156075,2026-08-10,,,,,,,,
IPI,2026-08-07,34.85,34.86,0.0002869440459110084,2026-08-10,,,,,,,,
IPKW,2026-08-07,61.83,61.83,0.0,2026-08-10,,,,,,,,
IPM,2026-08-07,1.85,1.85,0.0,2026-08-10,,,,,,,,
IPO,2026-08-07,55.47,55.47,0.0,2026-08-10,,,,,,,,
IPOS,2026-08-07,23.52,23.52,0.0,2026-08-10,,,,,,,,
IPSC,2026-08-07,2.0,2.0,0.0,2026-08-10,,,,,,,,
IPST,2026-08-07,2.11,2.11,0.0,2026-08-10,,,,,,,,
IPVV,2026-08-07,9.81,9.81,0.0,2026-08-10,,,,,,,,
IPW,2026-08-07,3.71,3.73,0.005390835579514919,2026-08-10,,,,,,,,
IPWR,2026-08-07,4.52,4.7,0.039823008849557695,2026-08-10,,,,,,,,
IPX,2026-08-07,25.09,25.5,0.016341171781586228,2026-08-10,,,,,,,,
IQ,2026-08-07,1.33,1.33,0.0,2026-08-10,,,,,,,,
IQDF,2026-08-07,35.59,35.59,0.0,2026-08-10,,,,,,,,
IQDG,2026-08-07,44.87,44.87,0.0,2026-08-10,,,,,,,,
IQDY,2026-08-07,43.42,43.42,0.0,2026-08-10,,,,,,,,
IQHI,2026-08-07,25.86,25.86,0.0,2026-08-10,,,,,,,,
IQI,2026-08-07,10.09,10.09,0.0,2026-08-10,,,,,,,,
IQLT,2026-08-07,51.67,51.67,0.0,2026-08-10,,,,,,,,
IQM,2026-08-07,107.93,107.93,0.0,2026-08-10,,,,,,,,
IQMM,2026-08-07,100.11,100.15,0.00039956048346834194,2026-08-10,,,,,,,,
IQMX,2026-08-07,9.35,9.7,0.03743315508021383,2026-08-10,,,,,,,,
IQQ,2026-08-07,24.46,24.56,0.004088307440719419,2026-08-10,,,,,,,,
IQQQ,2026-08-07,48.77,48.77,0.0,2026-08-10,,,,,,,,
IQRA,2026-08-07,30.58,30.58,0.0,2026-08-10,,,,,,,,
IQSI,2026-08-07,39.52,39.52,0.0,2026-08-10,,,,,,,,
IQSM,2026-08-07,40.61,40.61,0.0,2026-08-10,,,,,,,,
IQST,2026-08-07,1.06,1.08,0.018867924528301883,2026-08-10,,,,,,,,
IQSU,2026-08-07,62.93,62.93,0.0,2026-08-10,,,,,,,,
IQSZ,2026-08-07,32.56,32.56,0.0,2026-08-10,,,,,,,,
IQV,2026-08-07,238.7,238.7,0.0,2026-08-10,,,,,,,,
IR,2026-08-07,86.97,88.48,0.017362308842129526,2026-08-10,,,,,,,,
IRAB,2026-08-07,9.93,9.93,0.0,2026-08-10,,,,,,,,
IRD,2026-08-07,3.66,3.73,0.0191256830601092,2026-08-10,,,,,,,,
IRDM,2026-08-07,49.93,50.0,0.0014019627478469854,2026-08-10,,,,,,,,
IRE,2026-08-07,10.66,10.72,0.0056285178236397115,2026-08-10,,,,,,,,
IREC,2026-08-07,23.3,23.3,0.0,2026-08-10,,,,,,,,
IREG,2026-08-07,8.59,8.78,0.02211874272409764,2026-08-10,,,,,,,,
IREN,2026-08-07,41.23,41.36,0.0031530439000728716,2026-08-10,,,,,,,,
IREX,2026-08-07,15.2,15.4,0.013157894736842257,2026-08-10,,,,,,,,
IREZ,2026-08-07,12.25,12.06,-0.015510204081632617,2026-08-10,,,,,,,,
IRHO,2026-08-07,10.01,10.01,0.0,2026-08-10,,,,,,,,
IRIX,2026-08-07,0.83,0.83,0.0,2026-08-10,,,,,,,,
IRM,2026-08-07,121.15,121.5,0.0028889806025587106,2026-08-10,,,,,,,,
IRMD,2026-08-07,92.5,92.5,0.0,2026-08-10,,,,,,,,
IROC,2026-08-07,50.68,50.68,0.0,2026-08-10,,,,,,,,
IRON,2026-08-07,77.44,77.4,-0.0005165289256197081,2026-08-10,,,,,,,,
IRS,2026-08-07,14.94,14.94,0.0,2026-08-10,,,,,,,,
IRT,2026-08-07,17.26,17.36,0.005793742757821407,2026-08-10,,,,,,,,
IRTC,2026-08-07,127.84,128.29,0.003520025031289009,2026-08-10,,,,,,,,
IRTR,2026-08-07,32.09,32.09,0.0,2026-08-10,,,,,,,,
IRVH,2026-08-07,19.1,19.1,0.0,2026-08-10,,,,,,,,
IRWD,2026-08-07,4.32,4.33,0.0023148148148146586,2026-08-10,,,,,,,,
ISBA,2026-08-07,39.77,39.77,0.0,2026-08-10,,,,,,,,
ISBG,2026-08-07,12.52,12.52,0.0,2026-08-10,,,,,,,,
ISCB,2026-08-07,76.79,76.79,0.0,2026-08-10,,,,,,,,
ISCF,2026-08-07,45.72,45.72,0.0,2026-08-10,,,,,,,,
ISCG,2026-08-07,65.5,65.5,0.0,2026-08-10,,,,,,,,
ISCV,2026-08-07,81.2,81.2,0.0,2026-08-10,,,,,,,,
ISD,2026-08-07,12.58,12.58,0.0,2026-08-10,,,,,,,,
ISEP,2026-08-07,35.42,35.42,0.0,2026-08-10,,,,,,,,
ISHG,2026-08-07,75.65,75.65,0.0,2026-08-10,,,,,,,,
ISHP,2026-08-07,36.87,36.87,0.0,2026-08-10,,,,,,,,
ISMD,2026-08-07,50.32,50.32,0.0,2026-08-10,,,,,,,,
ISMF,2026-08-07,28.03,28.03,0.0,2026-08-10,,,,,,,,
ISNR,2026-08-07,9.82,9.82,0.0,2026-08-10,,,,,,,,
ISOU,2026-08-07,10.42,10.42,0.0,2026-08-10,,,,,,,,
ISPC,2026-08-07,2.22,2.24,0.009009009009008917,2026-08-10,,,,,,,,
ISPR,2026-08-07,1.71,1.71,0.0,2026-08-10,,,,,,,,
ISPY,2026-08-07,48.87,48.87,0.0,2026-08-10,,,,,,,,
ISRA,2026-08-07,66.85,66.85,0.0,2026-08-10,,,,,,,,
ISRG,2026-08-07,378.81,379.99,0.00311501808294401,2026-08-10,,,,,,,,
ISSB,2026-08-07,17.79,17.79,0.0,2026-08-10,,,,,,,,
ISSC,2026-08-07,20.17,20.17,0.0,2026-08-10,,,,,,,,
ISTB,2026-08-07,48.02,48.02,0.0,2026-08-10,,,,,,,,
ISTM,2026-08-07,30.6,30.6,0.0,2026-08-10,,,,,,,,
ISTR,2026-08-07,30.06,30.19,0.0043246839654025315,2026-08-10,,,,,,,,
ISUL,2026-08-07,14.55,14.63,0.005498281786941561,2026-08-10,,,,,,,,
ISVL,2026-08-07,53.7,53.7,0.0,2026-08-10,,,,,,,,
ISWN,2026-08-07,22.75,22.75,0.0,2026-08-10,,,,,,,,
IT,2026-08-07,185.6,186.66,0.0057112068965516904,2026-08-10,,,,,,,,
ITA,2026-08-07,250.75,251.9,0.0045862412761714655,2026-08-10,,,,,,,,
ITAN,2026-08-07,44.48,44.48,0.0,2026-08-10,,,,,,,,
ITB,2026-08-07,101.14,101.09,-0.0004943642475775389,2026-08-10,,,,,,,,
ITDB,2026-08-07,35.46,35.46,0.0,2026-08-10,,,,,,,,
ITDC,2026-08-07,37.26,37.26,0.0,2026-08-10,,,,,,,,
ITDD,2026-08-07,39.24,39.24,0.0,2026-08-10,,,,,,,,
ITDE,2026-08-07,40.92,40.92,0.0,2026-08-10,,,,,,,,
ITDF,2026-08-07,42.5,42.5,0.0,2026-08-10,,,,,,,,
ITDG,2026-08-07,43.29,43.29,0.0,2026-08-10,,,,,,,,
ITDH,2026-08-07,43.32,43.32,0.0,2026-08-10,,,,,,,,
ITDI,2026-08-07,43.3,43.3,0.0,2026-08-10,,,,,,,,
ITDJ,2026-08-07,33.67,33.67,0.0,2026-08-10,,,,,,,,
ITEQ,2026-08-07,65.96,65.96,0.0,2026-08-10,,,,,,,,
ITG,2026-08-07,13.61,14.0,0.028655400440852352,2026-08-10,,,,,,,,
ITGR,2026-08-07,125.27,125.27,0.0,2026-08-10,,,,,,,,
ITHA,2026-08-07,10.09,10.09,0.0,2026-08-10,,,,,,,,
ITIC,2026-08-07,289.84,289.84,0.0,2026-08-10,,,,,,,,
ITM,2026-08-07,46.17,46.17,0.0,2026-08-10,,,,,,,,
ITOC,2026-08-07,0.29,0.29,0.0,2026-08-10,,,,,,,,
ITOT,2026-08-07,169.58,169.58,0.0,2026-08-10,,,,,,,,
ITP,2026-08-07,0.18,0.17,-0.05555555555555547,2026-08-10,,,,,,,,
ITRG,2026-08-07,2.57,2.57,0.0,2026-08-10,,,,,,,,
ITRI,2026-08-07,103.75,106.36,0.025156626506024127,2026-08-10,,,,,,,,
ITRN,2026-08-07,52.95,52.56,-0.007365439093484416,2026-08-10,,,,,,,,
ITT,2026-08-07,213.13,213.13,0.0,2026-08-10,,,,,,,,
ITUB,2026-08-07,7.94,8.12,0.022670025188916698,2026-08-10,,,,,,,,
ITW,2026-08-07,296.66,298.91,0.007584440099777545,2026-08-10,,,,,,,,
ITWO,2026-08-07,46.66,46.66,0.0,2026-08-10,,,,,,,,
IUS,2026-08-07,69.51,69.51,0.0,2026-08-10,,,,,,,,
IUSB,2026-08-07,45.54,44.09,-0.03184014053579265,2026-08-10,,,,,,,,
IUSG,2026-08-07,194.19,194.49,0.001544878727020027,2026-08-10,,,,,,,,
IUSV,2026-08-07,114.29,113.36,-0.008137194855193042,2026-08-10,,,,,,,,
IVA,2026-08-07,4.8,4.92,0.025000000000000133,2026-08-10,,,,,,,,
IVAL,2026-08-07,36.83,36.83,0.0,2026-08-10,,,,,,,,
IVDA,2026-08-07,0.31,0.3,-0.032258064516129115,2026-08-10,,,,,,,,
IVE,2026-08-07,235.78,235.78,0.0,2026-08-10,,,,,,,,
IVEP,2026-08-07,26.88,26.88,0.0,2026-08-10,,,,,,,,
IVES,2026-08-07,38.71,38.45,-0.006716610694910807,2026-08-10,,,,,,,,
IVF,2026-08-07,1.06,1.08,0.018867924528301883,2026-08-10,,,,,,,,
IVLU,2026-08-07,44.44,44.44,0.0,2026-08-10,,,,,,,,
IVOG,2026-08-07,146.25,146.25,0.0,2026-08-10,,,,,,,,
IVOL,2026-08-07,17.46,17.72,0.014891179839633395,2026-08-10,,,,,,,,
IVOO,2026-08-07,131.68,131.84,0.0012150668286754485,2026-08-10,,,,,,,,
IVOV,2026-08-07,116.24,116.24,0.0,2026-08-10,,,,,,,,
IVR,2026-08-07,7.48,7.5,0.002673796791443861,2026-08-10,,,,,,,,
IVRS,2026-08-07,32.78,32.78,0.0,2026-08-10,,,,,,,,
IVSI,2026-08-07,30.21,30.21,0.0,2026-08-10,,,,,,,,
IVSS,2026-08-07,30.88,30.88,0.0,2026-08-10,,,,,,,,
IVSX,2026-08-07,25.87,25.87,0.0,2026-08-10,,,,,,,,
IVT,2026-08-07,33.23,33.12,-0.0033102618116159777,2026-08-10,,,,,,,,
IVV,2026-08-07,776.73,777.52,0.0010170844437578097,2026-08-10,,,,,,,,
IVVB,2026-08-07,35.5,35.5,0.0,2026-08-10,,,,,,,,
IVVD,2026-08-07,0.74,0.74,0.0,2026-08-10,,,,,,,,
IVVM,2026-08-07,37.84,37.84,0.0,2026-08-10,,,,,,,,
IVVW,2026-08-07,45.1,45.1,0.0,2026-08-10,,,,,,,,
IVW,2026-08-07,142.1,142.1,0.0,2026-08-10,,,,,,,,
IVZ,2026-08-07,31.58,31.94,0.011399620012666256,2026-08-10,,,,,,,,
IWB,2026-08-07,423.44,429.88,0.015208766295106813,2026-08-10,,,,,,,,
IWC,2026-08-07,199.11,199.15,0.00020089397820299837,2026-08-10,,,,,,,,
IWD,2026-08-07,257.56,258.0,0.0017083398043173936,2026-08-10,,,,,,,,
IWDL,2026-08-07,69.61,69.61,0.0,2026-08-10,,,,,,,,
IWF,2026-08-07,124.6,124.6,0.0,2026-08-10,,,,,,,,
IWFG,2026-08-07,55.41,55.41,0.0,2026-08-10,,,,,,,,
IWFL,2026-08-07,60.89,60.89,0.0,2026-08-10,,,,,,,,
IWL,2026-08-07,191.62,191.62,0.0,2026-08-10,,,,,,,,
IWLG,2026-08-07,57.1,57.1,0.0,2026-08-10,,,,,,,,
IWM,2026-08-07,301.56,300.65,-0.003017641597028886,2026-08-10,,,,,,,,
IWMI,2026-08-07,53.14,53.0,-0.0026345502446367686,2026-08-10,,,,,,,,
IWML,2026-08-07,33.56,33.56,0.0,2026-08-10,,,,,,,,
IWMW,2026-08-07,39.95,39.95,0.0,2026-08-10,,,,,,,,
IWMY,2026-08-07,19.29,19.28,-0.0005184033177810798,2026-08-10,,,,,,,,
IWN,2026-08-07,225.52,225.51,-4.434196523595002e-05,2026-08-10,,,,,,,,
IWO,2026-08-07,390.16,390.14,-5.126102111963071e-05,2026-08-10,,,,,,,,
IWP,2026-08-07,144.12,144.12,0.0,2026-08-10,,,,,,,,
IWR,2026-08-07,113.11,113.11,0.0,2026-08-10,,,,,,,,
IWS,2026-08-07,171.2,171.2,0.0,2026-08-10,,,,,,,,
IWV,2026-08-07,440.29,440.29,0.0,2026-08-10,,,,,,,,
IWX,2026-08-07,112.64,112.64,0.0,2026-08-10,,,,,,,,
IWY,2026-08-07,290.98,290.98,0.0,2026-08-10,,,,,,,,
IX,2026-08-07,40.09,40.09,0.0,2026-08-10,,,,,,,,
IXC,2026-08-07,53.62,54.98,0.025363670272286365,2026-08-10,,,,,,,,
IXG,2026-08-07,134.66,134.66,0.0,2026-08-10,,,,,,,,
IXHL,2026-08-07,3.15,3.23,0.02539682539682553,2026-08-10,,,,,,,,
IXJ,2026-08-07,102.28,102.28,0.0,2026-08-10,,,,,,,,
IXN,2026-08-07,140.87,145.3,0.03144743380421677,2026-08-10,,,,,,,,
IXP,2026-08-07,117.99,117.99,0.0,2026-08-10,,,,,,,,
IXUS,2026-08-07,97.34,97.34,0.0,2026-08-10,,,,,,,,
IYC,2026-08-07,103.91,103.91,0.0,2026-08-10,,,,,,,,
IYE,2026-08-07,61.23,61.23,0.0,2026-08-10,,,,,,,,
IYF,2026-08-07,136.86,136.86,0.0,2026-08-10,,,,,,,,
IYG,2026-08-07,96.84,98.39,0.016005782734407337,2026-08-10,,,,,,,,
IYH,2026-08-07,70.0,70.0,0.0,2026-08-10,,,,,,,,
IYJ,2026-08-07,168.38,168.38,0.0,2026-08-10,,,,,,,,
IYK,2026-08-07,74.45,74.05,-0.005372733378106176,2026-08-10,,,,,,,,
IYLD,2026-08-07,22.29,22.29,0.0,2026-08-10,,,,,,,,
IYM,2026-08-07,188.46,188.46,0.0,2026-08-10,,,,,,,,
IYR,2026-08-07,104.69,102.13,-0.02445314738752513,2026-08-10,,,,,,,,
IYRI,2026-08-07,49.77,49.77,0.0,2026-08-10,,,,,,,,
IYT,2026-08-07,87.23,87.23,0.0,2026-08-10,,,,,,,,
IYW,2026-08-07,254.05,254.05,0.0,2026-08-10,,,,,,,,
IYY,2026-08-07,188.55,188.55,0.0,2026-08-10,,,,,,,,
IYZ,2026-08-07,43.6,43.82,0.005045871559633097,2026-08-10,,,,,,,,
IZEA,2026-08-07,3.5,3.5,0.0,2026-08-10,,,,,,,,
IZM,2026-08-07,0.25,0.25,0.0,2026-08-10,,,,,,,,
IZRL,2026-08-07,29.96,29.96,0.0,2026-08-10,,,,,,,,
J,2026-08-07,145.07,145.02,-0.0003446611980422176,2026-08-10,,,,,,,,
JA,2026-08-07,50.08,50.08,0.0,2026-08-10,,,,,,,,
JAAA,2026-08-07,50.56,50.56,0.0,2026-08-10,,,,,,,,
JAB,2026-08-07,9.9,9.9,0.0,2026-08-10,,,,,,,,
JABRU,2026-08-07,10.06,,,2026-08-10,,,,,,,,
JABS,2026-08-07,49.82,49.82,0.0,2026-08-10,,,,,,,,
JACK,2026-08-07,17.58,17.5,-0.00455062571103515,2026-08-10,,,,,,,,
JACS,2026-08-07,10.71,10.71,0.0,2026-08-10,,,,,,,,
JADB,2026-08-07,26.19,26.19,0.0,2026-08-10,,,,,,,,
JADE,2026-08-07,78.06,78.06,0.0,2026-08-10,,,,,,,,
JAGU,2026-08-07,1.7,1.7,0.0,2026-08-10,,,,,,,,
JAGX,2026-08-07,0.95,0.98,0.03157894736842115,2026-08-10,,,,,,,,
JAJL,2026-08-07,30.21,30.21,0.0,2026-08-10,,,,,,,,
JAKK,2026-08-07,25.63,25.63,0.0,2026-08-10,,,,,,,,
JAN,2026-08-07,30.47,30.47,0.0,2026-08-10,,,,,,,,
JANB,2026-08-07,27.81,27.81,0.0,2026-08-10,,,,,,,,
JANH,2026-08-07,24.97,24.97,0.0,2026-08-10,,,,,,,,
JANI,2026-08-07,26.49,26.49,0.0,2026-08-10,,,,,,,,
JANJ,2026-08-07,24.89,24.89,0.0,2026-08-10,,,,,,,,
JANM,2026-08-07,34.2,34.2,0.0,2026-08-10,,,,,,,,
JANP,2026-08-07,35.42,35.42,0.0,2026-08-10,,,,,,,,
JANT,2026-08-07,44.98,44.98,0.0,2026-08-10,,,,,,,,
JANU,2026-08-07,30.92,30.92,0.0,2026-08-10,,,,,,,,
JANW,2026-08-07,39.26,39.26,0.0,2026-08-10,,,,,,,,
JANX,2026-08-07,15.85,15.85,0.0,2026-08-10,,,,,,,,
JANZ,2026-08-07,42.02,42.02,0.0,2026-08-10,,,,,,,,
JAPN,2026-08-07,25.68,25.68,0.0,2026-08-10,,,,,,,,
JATT,2026-08-07,13.08,13.08,0.0,2026-08-10,,,,,,,,
JAVA,2026-08-07,83.47,83.47,0.0,2026-08-10,,,,,,,,
JAZZ,2026-08-07,256.56,255.32,-0.004833177424384161,2026-08-10,,,,,,,,
JBBB,2026-08-07,47.32,47.32,0.0,2026-08-10,,,,,,,,
JBDI,2026-08-07,1.3,1.25,-0.03846153846153855,2026-08-10,,,,,,,,
JBGS,2026-08-07,12.16,11.81,-0.028782894736842035,2026-08-10,,,,,,,,
JBHT,2026-08-07,268.52,268.52,0.0,2026-08-10,,,,,,,,
JBI,2026-08-07,5.55,5.51,-0.007207207207207245,2026-08-10,,,,,,,,
JBIO,2026-08-07,21.96,22.28,0.014571948998178597,2026-08-10,,,,,,,,
JBL,2026-08-07,341.22,344.0,0.008147236387081591,2026-08-10,,,,,,,,
JBLG,2026-08-07,14.66,14.66,0.0,2026-08-10,,,,,,,,
JBLU,2026-08-07,6.07,6.04,-0.0049423393739703725,2026-08-10,,,,,,,,
JBND,2026-08-07,52.76,52.76,0.0,2026-08-10,,,,,,,,
JBS,2026-08-07,14.23,14.23,0.0,2026-08-10,,,,,,,,
JBSS,2026-08-07,83.16,83.0,-0.0019240019240018835,2026-08-10,,,,,,,,
JBTM,2026-08-07,123.12,123.12,0.0,2026-08-10,,,,,,,,
JCAL,2026-08-07,49.44,49.44,0.0,2026-08-10,,,,,,,,
JCAP,2026-08-07,21.22,21.22,0.0,2026-08-10,,,,,,,,
JCE,2026-08-07,16.95,16.95,0.0,2026-08-10,,,,,,,,
JCHI,2026-08-07,55.69,55.69,0.0,2026-08-10,,,,,,,,
JCI,2026-08-07,152.21,152.62,0.0026936469351552805,2026-08-10,,,,,,,,
JCPB,2026-08-07,46.27,46.27,0.0,2026-08-10,,,,,,,,
JCPI,2026-08-07,47.46,47.46,0.0,2026-08-10,,,,,,,,
JCSE,2026-08-07,1.45,1.45,0.0,2026-08-10,,,,,,,,
JCTC,2026-08-07,3.14,3.14,0.0,2026-08-10,,,,,,,,
JD,2026-08-07,32.97,33.12,0.0045495905368515555,2026-08-10,,,,,,,,
JDIV,2026-08-07,58.5,58.5,0.0,2026-08-10,,,,,,,,
JDOC,2026-08-07,61.75,61.75,0.0,2026-08-10,,,,,,,,
JDST,2026-08-07,26.58,26.76,0.006772009029345494,2026-08-10,,,,,,,,
JDVI,2026-08-07,40.74,40.74,0.0,2026-08-10,,,,,,,,
JDVL,2026-08-07,32.52,32.52,0.0,2026-08-10,,,,,,,,
JDZG,2026-08-07,3.22,3.23,0.0031055900621117516,2026-08-10,,,,,,,,
JEDI,2026-08-07,29.48,30.49,0.03426051560379917,2026-08-10,,,,,,,,
JEF,2026-08-07,56.62,56.62,0.0,2026-08-10,,,,,,,,
JELD,2026-08-07,1.89,1.89,0.0,2026-08-10,,,,,,,,
JELH,2026-08-07,25.52,25.52,0.0,2026-08-10,,,,,,,,
JELM,2026-08-07,25.49,25.49,0.0,2026-08-10,,,,,,,,
JEM,2026-08-07,4.56,4.55,-0.002192982456140302,2026-08-10,,,,,,,,
JEMA,2026-08-07,60.76,60.76,0.0,2026-08-10,,,,,,,,
JEMB,2026-08-07,53.41,53.41,0.0,2026-08-10,,,,,,,,
JENA,2026-08-07,10.36,10.36,0.0,2026-08-10,,,,,,,,
JEPI,2026-08-07,57.58,57.57,-0.0001736714136852946,2026-08-10,,,,,,,,
JEPQ,2026-08-07,59.74,59.84,0.0016739203213926857,2026-08-10,,,,,,,,
JETD,2026-08-07,2.2,2.2,0.0,2026-08-10,,,,,,,,
JETS,2026-08-07,32.54,32.54,0.0,2026-08-10,,,,,,,,
JETU,2026-08-07,38.54,38.54,0.0,2026-08-10,,,,,,,,
JF,2026-08-07,0.96,0.96,0.0,2026-08-10,,,,,,,,
JFB,2026-08-07,4.47,4.45,-0.004474272930648726,2026-08-10,,,,,,,,
JFIN,2026-08-07,2.61,2.61,0.0,2026-08-10,,,,,,,,
JFLI,2026-08-07,53.99,53.99,0.0,2026-08-10,,,,,,,,
JFLX,2026-08-07,49.95,49.95,0.0,2026-08-10,,,,,,,,
JFR,2026-08-07,7.78,7.78,0.0,2026-08-10,,,,,,,,
JFU,2026-08-07,2.45,2.45,0.0,2026-08-10,,,,,,,,
JG,2026-08-07,5.0,5.0,0.0,2026-08-10,,,,,,,,
JGH,2026-08-07,12.66,12.66,0.0,2026-08-10,,,,,,,,
JGLO,2026-08-07,74.45,74.45,0.0,2026-08-10,,,,,,,,
JGRO,2026-08-07,95.96,95.97,0.00010421008753658256,2026-08-10,,,,,,,,
JGRW,2026-08-07,28.88,28.88,0.0,2026-08-10,,,,,,,,
JHAC,2026-08-07,15.81,15.81,0.0,2026-08-10,,,,,,,,
JHAI,2026-08-07,34.37,34.37,0.0,2026-08-10,,,,,,,,
JHCB,2026-08-07,20.86,20.86,0.0,2026-08-10,,,,,,,,
JHCP,2026-08-07,24.83,24.83,0.0,2026-08-10,,,,,,,,
JHCR,2026-08-07,25.01,25.01,0.0,2026-08-10,,,,,,,,
JHDG,2026-08-07,28.57,28.57,0.0,2026-08-10,,,,,,,,
JHDV,2026-08-07,47.84,47.84,0.0,2026-08-10,,,,,,,,
JHEM,2026-08-07,39.31,39.31,0.0,2026-08-10,,,,,,,,
JHHY,2026-08-07,25.59,25.59,0.0,2026-08-10,,,,,,,,
JHI,2026-08-07,13.38,13.38,0.0,2026-08-10,,,,,,,,
JHID,2026-08-07,44.44,44.44,0.0,2026-08-10,,,,,,,,
JHLN,2026-08-07,24.63,24.63,0.0,2026-08-10,,,,,,,,
JHMB,2026-08-07,21.7,21.7,0.0,2026-08-10,,,,,,,,
JHMD,2026-08-07,46.8,46.8,0.0,2026-08-10,,,,,,,,
JHML,2026-08-07,91.68,91.68,0.0,2026-08-10,,,,,,,,
JHMM,2026-08-07,76.48,76.48,0.0,2026-08-10,,,,,,,,
JHMU,2026-08-07,25.96,25.96,0.0,2026-08-10,,,,,,,,
JHPI,2026-08-07,22.58,22.58,0.0,2026-08-10,,,,,,,,
JHS,2026-08-07,10.94,10.94,0.0,2026-08-10,,,,,,,,
JHSC,2026-08-07,49.43,49.43,0.0,2026-08-10,,,,,,,,
JHX,2026-08-07,30.23,30.45,0.007277538868673439,2026-08-10,,,,,,,,
JIDE,2026-08-07,52.81,52.81,0.0,2026-08-10,,,,,,,,
JIG,2026-08-07,84.45,84.45,0.0,2026-08-10,,,,,,,,
JIII,2026-08-07,49.65,49.65,0.0,2026-08-10,,,,,,,,
JILL,2026-08-07,18.92,18.92,0.0,2026-08-10,,,,,,,,
JIRE,2026-08-07,85.72,85.72,0.0,2026-08-10,,,,,,,,
JIVE,2026-08-07,97.36,97.36,0.0,2026-08-10,,,,,,,,
JJSF,2026-08-07,91.91,91.91,0.0,2026-08-10,,,,,,,,
JKHY,2026-08-07,155.95,155.95,0.0,2026-08-10,,,,,,,,
JKS,2026-08-07,17.01,17.18,0.009994121105232123,2026-08-10,,,,,,,,
JL,2026-08-07,5.5,5.5,0.0,2026-08-10,,,,,,,,
JLCO,2026-08-07,26.16,26.16,0.0,2026-08-10,,,,,,,,
JLHL,2026-08-07,8.85,8.89,0.004519774011299438,2026-08-10,,,,,,,,
JLL,2026-08-07,362.38,351.65,-0.02960980186544515,2026-08-10,,,,,,,,
JLQD,2026-08-07,40.54,40.54,0.0,2026-08-10,,,,,,,,
JLS,2026-08-07,17.3,17.3,0.0,2026-08-10,,,,,,,,
JLVP,2026-08-07,51.45,51.45,0.0,2026-08-10,,,,,,,,
JMBS,2026-08-07,44.42,44.42,0.0,2026-08-10,,,,,,,,
JMEE,2026-08-07,78.96,78.96,0.0,2026-08-10,,,,,,,,
JMHI,2026-08-07,49.66,49.66,0.0,2026-08-10,,,,,,,,
JMIA,2026-08-07,6.19,6.24,0.008077544426494221,2026-08-10,,,,,,,,
JMID,2026-08-07,32.38,32.38,0.0,2026-08-10,,,,,,,,
JMKE,2026-08-07,22.91,23.0,0.003928415539065977,2026-08-10,,,,,,,,
JMM,2026-08-07,5.78,5.78,0.0,2026-08-10,,,,,,,,
JMMF,2026-08-07,100.14,100.14,0.0,2026-08-10,,,,,,,,
JMOM,2026-08-07,84.27,84.27,0.0,2026-08-10,,,,,,,,
JMSB,2026-08-07,23.32,23.32,0.0,2026-08-10,,,,,,,,
JMSI,2026-08-07,49.64,49.64,0.0,2026-08-10,,,,,,,,
JMST,2026-08-07,50.89,50.89,0.0,2026-08-10,,,,,,,,
JMTG,2026-08-07,50.12,50.12,0.0,2026-08-10,,,,,,,,
JMUB,2026-08-07,49.93,49.93,0.0,2026-08-10,,,,,,,,
JNEU,2026-08-07,33.86,33.86,0.0,2026-08-10,,,,,,,,
JNJ,2026-08-07,259.24,258.33,-0.0035102607622281568,2026-08-10,,,,,,,,
JNK,2026-08-07,95.81,95.81,0.0,2026-08-10,,,,,,,,
JNUG,2026-08-07,166.14,165.51,-0.003791982665222071,2026-08-10,,,,,,,,
JOB,2026-08-07,0.2,0.2,0.0,2026-08-10,,,,,,,,
JOBC,2026-08-07,27.48,27.48,0.0,2026-08-10,,,,,,,,
JOBX,2026-08-07,15.62,15.75,0.008322663252240847,2026-08-10,,,,,,,,
JOBY,2026-08-07,8.64,8.67,0.003472222222222099,2026-08-10,,,,,,,,
JOE,2026-08-07,67.35,67.35,0.0,2026-08-10,,,,,,,,
JOET,2026-08-07,46.61,46.61,0.0,2026-08-10,,,,,,,,
JOF,2026-08-07,12.37,12.37,0.0,2026-08-10,,,,,,,,
JOJO,2026-08-07,15.04,15.04,0.0,2026-08-10,,,,,,,,
JONEU,2026-08-07,9.93,9.93,0.0,2026-08-10,,,,,,,,
JOUL,2026-08-07,24.42,24.42,0.0,2026-08-10,,,,,,,,
JOUT,2026-08-07,48.22,48.22,0.0,2026-08-10,,,,,,,,
JOYT,2026-08-07,59.1,59.1,0.0,2026-08-10,,,,,,,,
JOYY,2026-08-07,74.44,74.65,0.0028210639441161867,2026-08-10,,,,,,,,
JPAN,2026-08-07,43.4,43.4,0.0,2026-08-10,,,,,,,,
JPC,2026-08-07,7.73,7.7,-0.0038809831824062613,2026-08-10,,,,,,,,
JPEF,2026-08-07,82.9,82.9,0.0,2026-08-10,,,,,,,,
JPEM,2026-08-07,65.89,65.89,0.0,2026-08-10,,,,,,,,
JPFP,2026-08-07,51.13,51.13,0.0,2026-08-10,,,,,,,,
JPHY,2026-08-07,50.19,50.19,0.0,2026-08-10,,,,,,,,
JPIB,2026-08-07,48.03,48.03,0.0,2026-08-10,,,,,,,,
JPIE,2026-08-07,45.84,45.8,-0.0008726003490402423,2026-08-10,,,,,,,,
JPIN,2026-08-07,77.0,77.4,0.0051948051948051965,2026-08-10,,,,,,,,
JPLD,2026-08-07,51.98,51.98,0.0,2026-08-10,,,,,,,,
JPM,2026-08-07,357.52,356.49,-0.0028809577086595928,2026-08-10,,,,,,,,
JPMB,2026-08-07,39.73,39.73,0.0,2026-08-10,,,,,,,,
JPME,2026-08-07,127.92,127.92,0.0,2026-08-10,,,,,,,,
JPO,2026-08-07,14.71,14.71,0.0,2026-08-10,,,,,,,,
JPRE,2026-08-07,53.32,53.32,0.0,2026-08-10,,,,,,,,
JPRF,2026-08-07,49.88,49.88,0.0,2026-08-10,,,,,,,,
JPSE,2026-08-07,60.74,60.74,0.0,2026-08-10,,,,,,,,
JPST,2026-08-07,50.44,50.45,0.00019825535289452745,2026-08-10,,,,,,,,
JPSV,2026-08-07,71.51,71.51,0.0,2026-08-10,,,,,,,,
JPUS,2026-08-07,144.07,144.07,0.0,2026-08-10,,,,,,,,
JPXN,2026-08-07,104.03,104.03,0.0,2026-08-10,,,,,,,,
JPY,2026-08-07,38.77,38.77,0.0,2026-08-10,,,,,,,,
JQC,2026-08-07,4.81,4.81,0.0,2026-08-10,,,,,,,,
JQUA,2026-08-07,74.53,71.11,-0.045887562055548115,2026-08-10,,,,,,,,
JRE,2026-08-07,27.81,27.81,0.0,2026-08-10,,,,,,,,
JRI,2026-08-07,12.81,12.98,0.013270882123341154,2026-08-10,,,,,,,,
JRS,2026-08-07,8.5,8.5,0.0,2026-08-10,,,,,,,,
JRSH,2026-08-07,5.0,5.04,0.008000000000000007,2026-08-10,,,,,,,,
JRVR,2026-08-07,4.7,4.7,0.0,2026-08-10,,,,,,,,
JSCP,2026-08-07,46.88,46.88,0.0,2026-08-10,,,,,,,,
JSI,2026-08-07,51.21,51.21,0.0,2026-08-10,,,,,,,,
JSMD,2026-08-07,96.73,96.73,0.0,2026-08-10,,,,,,,,
JSML,2026-08-07,91.37,91.37,0.0,2026-08-10,,,,,,,,
JSPR,2026-08-07,0.71,0.71,0.0,2026-08-10,,,,,,,,
JSTC,2026-08-07,23.15,23.15,0.0,2026-08-10,,,,,,,,
JTAI,2026-08-07,1.95,1.95,0.0,2026-08-10,,,,,,,,
JTEK,2026-08-07,102.03,102.03,0.0,2026-08-10,,,,,,,,
JTNY,2026-08-07,49.43,49.43,0.0,2026-08-10,,,,,,,,
JUCY,2026-08-07,22.03,22.03,0.0,2026-08-10,,,,,,,,
JUDB,2026-08-07,26.31,26.31,0.0,2026-08-10,,,,,,,,
JUDO,2026-08-07,29.01,29.01,0.0,2026-08-10,,,,,,,,
JULB,2026-08-07,28.13,28.13,0.0,2026-08-10,,,,,,,,
JULC,2026-08-07,25.77,25.77,0.0,2026-08-10,,,,,,,,
JULH,2026-08-07,25.15,25.15,0.0,2026-08-10,,,,,,,,
JULI,2026-08-07,25.75,25.75,0.0,2026-08-10,,,,,,,,
JULJ,2026-08-07,24.98,24.98,0.0,2026-08-10,,,,,,,,
JULM,2026-08-07,34.92,34.92,0.0,2026-08-10,,,,,,,,
JULP,2026-08-07,33.36,33.36,0.0,2026-08-10,,,,,,,,
JULT,2026-08-07,48.9,48.9,0.0,2026-08-10,,,,,,,,
JULU,2026-08-07,32.79,32.79,0.0,2026-08-10,,,,,,,,
JULW,2026-08-07,41.46,41.46,0.0,2026-08-10,,,,,,,,
JULZ,2026-08-07,46.53,46.53,0.0,2026-08-10,,,,,,,,
JUNC,2026-08-07,25.47,25.47,0.0,2026-08-10,,,,,,,,
JUNM,2026-08-07,35.36,35.36,0.0,2026-08-10,,,,,,,,
JUNP,2026-08-07,32.38,32.38,0.0,2026-08-10,,,,,,,,
JUNS,2026-08-07,5.1,5.45,0.06862745098039236,2026-08-10,,,,,,,,
JUNT,2026-08-07,38.69,38.69,0.0,2026-08-10,,,,,,,,
JUNW,2026-08-07,34.93,34.93,0.0,2026-08-10,,,,,,,,
JUNZ,2026-08-07,36.08,36.08,0.0,2026-08-10,,,,,,,,
JUSA,2026-08-07,70.01,70.01,0.0,2026-08-10,,,,,,,,
JUST,2026-08-07,111.41,111.41,0.0,2026-08-10,,,,,,,,
JVA,2026-08-07,3.5,3.75,0.0714285714285714,2026-08-10,,,,,,,,
JVAL,2026-08-07,59.89,59.89,0.0,2026-08-10,,,,,,,,
JWEL,2026-08-07,1.55,4.07,1.6258064516129034,2026-08-10,,,,,,,,
JXG,2026-08-07,7.97,7.97,0.0,2026-08-10,,,,,,,,
JXI,2026-08-07,83.04,83.04,0.0,2026-08-10,,,,,,,,
JXN,2026-08-07,129.96,129.96,0.0,2026-08-10,,,,,,,,
JXX,2026-08-07,32.0,32.0,0.0,2026-08-10,,,,,,,,
JYD,2026-08-07,0.93,0.89,-0.043010752688172116,2026-08-10,,,,,,,,
JYNT,2026-08-07,8.33,8.33,0.0,2026-08-10,,,,,,,,
JZ,2026-08-07,2.76,2.64,-0.04347826086956508,2026-08-10,,,,,,,,
JZXN,2026-08-07,1.54,1.54,0.0,2026-08-10,,,,,,,,
KAI,2026-08-07,337.63,344.15,0.01931108017652461,2026-08-10,,,,,,,,
KALA,2026-08-07,0.75,0.78,0.040000000000000036,2026-08-10,,,,,,,,
KALU,2026-08-07,184.75,187.71,0.016021650879566973,2026-08-10,,,,,,,,
KAMO,2026-08-07,24.66,24.66,0.0,2026-08-10,,,,,,,,
KAPA,2026-08-07,0.39,0.36,-0.07692307692307698,2026-08-10,,,,,,,,
KAPR,2026-08-07,40.25,40.25,0.0,2026-08-10,,,,,,,,
KARD,2026-08-07,20.5,20.41,-0.004390243902439028,2026-08-10,,,,,,,,
KARO,2026-08-07,64.81,66.0,0.018361363987039026,2026-08-10,,,,,,,,
KARS,2026-08-07,30.85,31.13,0.009076175040518608,2026-08-10,,,,,,,,
KAT,2026-08-07,58.14,58.14,0.0,2026-08-10,,,,,,,,
KAUG,2026-08-07,29.27,29.27,0.0,2026-08-10,,,,,,,,
KAZR,2026-08-07,2.3,2.3,0.0,2026-08-10,,,,,,,,
KB,2026-08-07,124.01,124.19,0.001451495847109019,2026-08-10,,,,,,,,
KBA,2026-08-07,33.98,33.98,0.0,2026-08-10,,,,,,,,
KBAB,2026-08-07,9.38,9.38,0.0,2026-08-10,,,,,,,,
KBDC,2026-08-07,14.12,14.12,0.0,2026-08-10,,,,,,,,
KBDU,2026-08-07,17.51,17.51,0.0,2026-08-10,,,,,,,,
KBE,2026-08-07,69.97,70.99,0.014577676146920071,2026-08-10,,,,,,,,
KBFR,2026-08-07,27.8,27.8,0.0,2026-08-10,,,,,,,,
KBH,2026-08-07,58.59,58.59,0.0,2026-08-10,,,,,,,,
KBON,2026-08-07,10.1,10.1,0.0,2026-08-10,,,,,,,,
KBR,2026-08-07,38.04,38.69,0.017087276550998842,2026-08-10,,,,,,,,
KBSX,2026-08-07,0.94,0.94,0.0,2026-08-10,,,,,,,,
KBUF,2026-08-07,27.74,27.74,0.0,2026-08-10,,,,,,,,
KBWB,2026-08-07,97.61,97.0,-0.006249359696752332,2026-08-10,,,,,,,,
KBWD,2026-08-07,12.63,12.66,0.002375296912114022,2026-08-10,,,,,,,,
KBWP,2026-08-07,135.85,135.85,0.0,2026-08-10,,,,,,,,
KBWY,2026-08-07,18.2,18.28,0.004395604395604602,2026-08-10,,,,,,,,
KC,2026-08-07,12.33,11.84,-0.03974047039740469,2026-08-10,,,,,,,,
KCA-U,2026-08-07,10.15,10.15,0.0,2026-08-10,,,,,,,,
KCAC-U,2026-08-07,10.35,10.35,0.0,2026-08-10,,,,,,,,
KCAI,2026-08-07,32.71,32.71,0.0,2026-08-10,,,,,,,,
KCCA,2026-08-07,17.18,17.18,0.0,2026-08-10,,,,,,,,
KCE,2026-08-07,163.62,163.62,0.0,2026-08-10,,,,,,,,
KCHV,2026-08-07,10.4,10.4,0.0,2026-08-10,,,,,,,,
KCOP,2026-08-07,24.41,24.41,0.0,2026-08-10,,,,,,,,
KCSH,2026-08-07,25.07,25.07,0.0,2026-08-10,,,,,,,,
KD,2026-08-07,14.02,13.99,-0.002139800285306692,2026-08-10,,,,,,,,
KDEC,2026-08-07,28.81,28.81,0.0,2026-08-10,,,,,,,,
KDEF,2026-08-07,43.12,44.0,0.020408163265306145,2026-08-10,,,,,,,,
KDK,2026-08-07,4.48,4.42,-0.013392857142857206,2026-08-10,,,,,,,,
KDP,2026-08-07,30.01,30.23,0.0073308897034320974,2026-08-10,,,,,,,,
KDRN,2026-08-07,23.09,23.09,0.0,2026-08-10,,,,,,,,
KDVD,2026-08-07,29.26,29.26,0.0,2026-08-10,,,,,,,,
KE,2026-08-07,26.13,26.13,0.0,2026-08-10,,,,,,,,
KEAT,2026-08-07,33.81,33.81,0.0,2026-08-10,,,,,,,,
KEEL,2026-08-07,3.88,3.78,-0.02577319587628868,2026-08-10,,,,,,,,
KEEX,2026-08-07,40.42,41.82,0.03463631865413164,2026-08-10,,,,,,,,
KELYA,2026-08-07,15.19,15.19,0.0,2026-08-10,,,,,,,,
KEMQ,2026-08-07,26.16,26.16,0.0,2026-08-10,,,,,,,,
KEMX,2026-08-07,49.48,49.48,0.0,2026-08-10,,,,,,,,
KEN,2026-08-07,66.13,65.38,-0.01134129744442769,2026-08-10,,,,,,,,
KEO,2026-08-07,25.22,25.22,0.0,2026-08-10,,,,,,,,
KEP,2026-08-07,12.49,12.52,0.0024019215372297342,2026-08-10,,,,,,,,
KEQU,2026-08-07,37.08,37.08,0.0,2026-08-10,,,,,,,,
KEX,2026-08-07,131.29,131.29,0.0,2026-08-10,,,,,,,,
KEY,2026-08-07,22.73,22.83,0.004399472063352228,2026-08-10,,,,,,,,
KEYG,2026-08-07,12.83,12.83,0.0,2026-08-10,,,,,,,,
KEYS,2026-08-07,340.97,341.03,0.00017596856028379015,2026-08-10,,,,,,,,
KEYX,2026-08-07,22.22,22.22,0.0,2026-08-10,,,,,,,,
KEYY,2026-08-07,9.84,9.84,0.0,2026-08-10,,,,,,,,
KF,2026-08-07,59.21,59.21,0.0,2026-08-10,,,,,,,,
KFEB,2026-08-07,31.43,31.43,0.0,2026-08-10,,,,,,,,
KFFB,2026-08-07,5.55,5.55,0.0,2026-08-10,,,,,,,,
KFII,2026-08-07,10.61,10.61,0.0,2026-08-10,,,,,,,,
KFRC,2026-08-07,59.09,59.09,0.0,2026-08-10,,,,,,,,
KFY,2026-08-07,84.07,84.5,0.005114785297966051,2026-08-10,,,,,,,,
KG,2026-08-07,8.82,8.82,0.0,2026-08-10,,,,,,,,
KGC,2026-08-07,27.64,27.65,0.00036179450072348907,2026-08-10,,,,,,,,
KGEI,2026-08-07,5.09,5.19,0.01964636542239706,2026-08-10,,,,,,,,
KGLD,2026-08-07,27.71,27.6,-0.003969686033922781,2026-08-10,,,,,,,,
KGRN,2026-08-07,24.16,24.16,0.0,2026-08-10,,,,,,,,
KGS,2026-08-07,59.9,61.9,0.03338898163606019,2026-08-10,,,,,,,,
KHC,2026-08-07,25.32,25.4,0.0031595576619272148,2026-08-10,,,,,,,,
KHPI,2026-08-07,26.34,26.34,0.0,2026-08-10,,,,,,,,
KHYB,2026-08-07,24.18,24.18,0.0,2026-08-10,,,,,,,,
KIDS,2026-08-07,22.77,22.77,0.0,2026-08-10,,,,,,,,
KIDZ,2026-08-07,0.4,0.4,0.0,2026-08-10,,,,,,,,
KIE,2026-08-07,64.56,64.57,0.00015489467162321802,2026-08-10,,,,,,,,
KIM,2026-08-07,24.46,24.46,0.0,2026-08-10,,,,,,,,
KINS,2026-08-07,19.03,19.03,0.0,2026-08-10,,,,,,,,
KIO,2026-08-07,11.15,11.15,0.0,2026-08-10,,,,,,,,
KIQQ,2026-08-07,24.94,24.94,0.0,2026-08-10,,,,,,,,
KITT,2026-08-07,1.08,1.07,-0.0092592592592593,2026-08-10,,,,,,,,
KJAN,2026-08-07,46.26,46.26,0.0,2026-08-10,,,,,,,,
KJD,2026-08-07,22.91,22.91,0.0,2026-08-10,,,,,,,,
KJUL,2026-08-07,34.22,34.22,0.0,2026-08-10,,,,,,,,
KJUN,2026-08-07,30.07,30.07,0.0,2026-08-10,,,,,,,,
KKR,2026-08-07,102.81,102.64,-0.0016535356482832997,2026-08-10,,,,,,,,
KLAC,2026-08-07,198.11,202.48,0.022058452374943194,2026-08-10,,,,,,,,
KLAG,2026-08-07,29.49,30.8,0.0444218379111565,2026-08-10,,,,,,,,
KLAR,2026-08-07,19.9,20.0,0.005025125628140836,2026-08-10,,,,,,,,
KLC,2026-08-07,5.17,5.25,0.01547388781431347,2026-08-10,,,,,,,,
KLIC,2026-08-07,91.31,93.74,0.026612638265250066,2026-08-10,,,,,,,,
KLIP,2026-08-07,24.28,24.28,0.0,2026-08-10,,,,,,,,
KLMN,2026-08-07,31.83,31.83,0.0,2026-08-10,,,,,,,,
KLMT,2026-08-07,35.49,35.49,0.0,2026-08-10,,,,,,,,
KLRA,2026-08-07,18.66,18.66,0.0,2026-08-10,,,,,,,,
KLRS,2026-08-07,4.07,4.07,0.0,2026-08-10,,,,,,,,
KLTR,2026-08-07,1.75,1.77,0.011428571428571344,2026-08-10,,,,,,,,
KLXE,2026-08-07,2.06,2.06,0.0,2026-08-10,,,,,,,,
KMAR,2026-08-07,32.55,32.55,0.0,2026-08-10,,,,,,,,
KMAY,2026-08-07,30.7,30.7,0.0,2026-08-10,,,,,,,,
KMB,2026-08-07,109.68,109.6,-0.0007293946024800047,2026-08-10,,,,,,,,
KMCA,2026-08-07,18.03,18.03,0.0,2026-08-10,,,,,,,,
KMDA,2026-08-07,7.27,7.19,-0.011004126547455195,2026-08-10,,,,,,,,
KMEM,2026-08-07,16.36,16.6,0.014669926650366927,2026-08-10,,,,,,,,
KMI,2026-08-07,30.85,30.94,0.00291734197730964,2026-08-10,,,,,,,,
KMID,2026-08-07,25.6,25.6,0.0,2026-08-10,,,,,,,,
KMLI,2026-08-07,9.41,9.35,-0.006376195536663132,2026-08-10,,,,,,,,
KMLM,2026-08-07,28.21,28.21,0.0,2026-08-10,,,,,,,,
KMPR,2026-08-07,28.51,28.51,0.0,2026-08-10,,,,,,,,
KMRK,2026-08-07,1.24,1.2,-0.032258064516129115,2026-08-10,,,,,,,,
KMT,2026-08-07,33.13,32.2,-0.028071234530636868,2026-08-10,,,,,,,,
KMTS,2026-08-07,26.4,26.66,0.009848484848484995,2026-08-10,,,,,,,,
KMX,2026-08-07,58.18,58.18,0.0,2026-08-10,,,,,,,,
KN,2026-08-07,39.08,39.08,0.0,2026-08-10,,,,,,,,
KNCT,2026-08-07,196.37,196.34,-0.00015277282680659088,2026-08-10,,,,,,,,
KNDI,2026-08-07,0.65,0.63,-0.03076923076923077,2026-08-10,,,,,,,,
KNF,2026-08-07,66.8,66.8,0.0,2026-08-10,,,,,,,,
KNG,2026-08-07,51.96,51.62,-0.0065434949961509226,2026-08-10,,,,,,,,
KNGZ,2026-08-07,42.62,42.62,0.0,2026-08-10,,,,,,,,
KNO,2026-08-07,64.64,64.64,0.0,2026-08-10,,,,,,,,
KNOP,2026-08-07,10.58,10.58,0.0,2026-08-10,,,,,,,,
KNOV,2026-08-07,32.2,32.2,0.0,2026-08-10,,,,,,,,
KNOW,2026-08-07,13.15,13.15,0.0,2026-08-10,,,,,,,,
KNRG,2026-08-07,25.68,25.68,0.0,2026-08-10,,,,,,,,
KNRX,2026-08-07,0.38,0.38,0.0,2026-08-10,,,,,,,,
KNSA,2026-08-07,76.06,76.06,0.0,2026-08-10,,,,,,,,
KNSL,2026-08-07,373.76,373.5,-0.0006956335616438158,2026-08-10,,,,,,,,
KNTK,2026-08-07,49.18,49.18,0.0,2026-08-10,,,,,,,,
KNX,2026-08-07,70.02,70.02,0.0,2026-08-10,,,,,,,,
KO,2026-08-07,87.05,87.07,0.00022975301550820504,2026-08-10,,,,,,,,
KOCT,2026-08-07,37.88,37.88,0.0,2026-08-10,,,,,,,,
KOD,2026-08-07,45.37,45.37,0.0,2026-08-10,,,,,,,,
KODK,2026-08-07,10.04,10.02,-0.0019920318725099584,2026-08-10,,,,,,,,
KOF,2026-08-07,110.44,112.83,0.02164070988772182,2026-08-10,,,,,,,,
KOID,2026-08-07,39.12,39.31,0.004856850715746486,2026-08-10,,,,,,,,
KOKU,2026-08-07,135.29,135.29,0.0,2026-08-10,,,,,,,,
KOLD,2026-08-07,31.22,29.21,-0.06438180653427283,2026-08-10,,,,,,,,
KOMP,2026-08-07,70.59,70.59,0.0,2026-08-10,,,,,,,,
KONG,2026-08-07,32.99,32.99,0.0,2026-08-10,,,,,,,,
KOOL,2026-08-07,14.71,14.71,0.0,2026-08-10,,,,,,,,
KOP,2026-08-07,51.24,51.24,0.0,2026-08-10,,,,,,,,
KOPN,2026-08-07,4.27,4.33,0.014051522248243575,2026-08-10,,,,,,,,
KORP,2026-08-07,45.99,45.99,0.0,2026-08-10,,,,,,,,
KORU,2026-08-07,17.36,16.63,-0.04205069124423966,2026-08-10,,,,,,,,
KOS,2026-08-07,2.48,2.49,0.0040322580645162365,2026-08-10,,,,,,,,
KOSS,2026-08-07,3.72,3.72,0.0,2026-08-10,,,,,,,,
KOYN,2026-08-07,10.22,10.22,0.0,2026-08-10,,,,,,,,
KPDD,2026-08-07,6.5,6.49,-0.0015384615384614886,2026-08-10,,,,,,,,
KPET,2026-08-07,10.05,10.05,0.0,2026-08-10,,,,,,,,
KPHO,2026-08-07,22.41,22.41,0.0,2026-08-10,,,,,,,,
KPLT,2026-08-07,6.67,6.67,0.0,2026-08-10,,,,,,,,
KPRO,2026-08-07,27.28,27.28,0.0,2026-08-10,,,,,,,,
KPRX,2026-08-07,2.64,2.64,0.0,2026-08-10,,,,,,,,
KPTI,2026-08-07,2.12,2.08,-0.018867924528301883,2026-08-10,,,,,,,,
KQQQ,2026-08-07,29.55,29.55,0.0,2026-08-10,,,,,,,,
KR,2026-08-07,56.73,56.9,0.002996650802044698,2026-08-10,,,,,,,,
KRAQ,2026-08-07,10.01,10.01,0.0,2026-08-10,,,,,,,,
KRBN,2026-08-07,34.52,34.52,0.0,2026-08-10,,,,,,,,
KRC,2026-08-07,37.97,38.05,0.002106926520937469,2026-08-10,,,,,,,,
KRE,2026-08-07,76.21,76.18,-0.00039364912741091107,2026-08-10,,,,,,,,
KREF,2026-08-07,7.76,7.76,0.0,2026-08-10,,,,,,,,
KRG,2026-08-07,26.75,26.57,-0.006728971962616792,2026-08-10,,,,,,,,
KRKR,2026-08-07,3.17,3.15,-0.006309148264984188,2026-08-10,,,,,,,,
KRMD,2026-08-07,3.55,3.55,0.0,2026-08-10,,,,,,,,
KRMN,2026-08-07,58.23,58.6,0.006354113000171857,2026-08-10,,,,,,,,
KRNT,2026-08-07,17.08,17.08,0.0,2026-08-10,,,,,,,,
KRNY,2026-08-07,9.52,9.54,0.0021008403361344463,2026-08-10,,,,,,,,
KRO,2026-08-07,8.59,8.63,0.00465657741559955,2026-08-10,,,,,,,,
KROP,2026-08-07,35.27,35.27,0.0,2026-08-10,,,,,,,,
KROS,2026-08-07,11.15,11.15,0.0,2026-08-10,,,,,,,,
KRP,2026-08-07,14.98,15.13,0.010013351134846582,2026-08-10,,,,,,,,
KRRO,2026-08-07,13.25,12.85,-0.030188679245283012,2026-08-10,,,,,,,,
KRSP,2026-08-07,10.47,10.47,0.0,2026-08-10,,,,,,,,
KRT,2026-08-07,47.09,47.0,-0.001911233807602497,2026-08-10,,,,,,,,
KRUS,2026-08-07,48.83,50.6,0.03624820806881024,2026-08-10,,,,,,,,
KRWX,2026-08-07,12.81,12.85,0.0031225604996096834,2026-08-10,,,,,,,,
KRYP,2026-08-07,17.83,17.83,0.0,2026-08-10,,,,,,,,
KRYS,2026-08-07,326.45,327.01,0.0017154234951752834,2026-08-10,,,,,,,,
KSA,2026-08-07,37.65,37.65,0.0,2026-08-10,,,,,,,,
KSCP,2026-08-07,1.57,1.61,0.02547770700636942,2026-08-10,,,,,,,,
KSEP,2026-08-07,31.2,31.2,0.0,2026-08-10,,,,,,,,
KSLV,2026-08-07,26.52,26.85,0.012443438914027327,2026-08-10,,,,,,,,
KSPI,2026-08-07,90.3,91.16,0.00952380952380949,2026-08-10,,,,,,,,
KSPY,2026-08-07,29.87,29.87,0.0,2026-08-10,,,,,,,,
KSS,2026-08-07,19.3,19.27,-0.0015544041450777923,2026-08-10,,,,,,,,
KSTR,2026-08-07,25.44,25.29,-0.005896226415094463,2026-08-10,,,,,,,,
KT,2026-08-07,18.5,18.62,0.006486486486486642,2026-08-10,,,,,,,,
KTB,2026-08-07,77.05,77.56,0.006619078520441413,2026-08-10,,,,,,,,
KTCC,2026-08-07,4.11,4.1,-0.0024330900243311193,2026-08-10,,,,,,,,
KTEC,2026-08-07,13.78,13.78,0.0,2026-08-10,,,,,,,,
KTF,2026-08-07,8.98,8.98,0.0,2026-08-10,,,,,,,,
KTOS,2026-08-07,60.77,60.98,0.003455652460095271,2026-08-10,,,,,,,,
KTTA,2026-08-07,0.51,0.51,0.0,2026-08-10,,,,,,,,
KTUP,2026-08-07,8.82,8.91,0.010204081632652962,2026-08-10,,,,,,,,
KTWO,2026-08-07,10.03,10.03,0.0,2026-08-10,,,,,,,,
KULR,2026-08-07,2.92,2.91,-0.003424657534246478,2026-08-10,,,,,,,,
KURA,2026-08-07,9.57,9.6,0.0031347962382444194,2026-08-10,,,,,,,,
KURE,2026-08-07,18.54,18.75,0.011326860841424091,2026-08-10,,,,,,,,
KUST,2026-08-07,1.21,1.21,0.0,2026-08-10,,,,,,,,
KVAC,2026-08-07,11.51,11.51,0.0,2026-08-10,,,,,,,,
KVHI,2026-08-07,8.03,8.03,0.0,2026-08-10,,,,,,,,
KVLE,2026-08-07,29.36,29.36,0.0,2026-08-10,,,,,,,,
KVUE,2026-08-07,19.23,19.23,0.0,2026-08-10,,,,,,,,
KVYO,2026-08-07,16.62,16.75,0.007821901323706415,2026-08-10,,,,,,,,
KWEB,2026-08-07,28.66,28.7,0.0013956734124214165,2026-08-10,,,,,,,,
KWH,2026-08-07,25.28,25.28,0.0,2026-08-10,,,,,,,,
KWIN,2026-08-07,25.75,25.75,0.0,2026-08-10,,,,,,,,
KWM,2026-08-07,2.55,2.49,-0.023529411764705688,2026-08-10,,,,,,,,
KWR,2026-08-07,169.95,169.95,0.0,2026-08-10,,,,,,,,
KWT,2026-08-07,36.97,36.97,0.0,2026-08-10,,,,,,,,
KWY,2026-08-07,10.24,10.24,0.0,2026-08-10,,,,,,,,
KXI,2026-08-07,69.54,69.54,0.0,2026-08-10,,,,,,,,
KXIN,2026-08-07,5.3,5.3,0.0,2026-08-10,,,,,,,,
KYC,2026-08-07,26.28,26.28,0.0,2026-08-10,,,,,,,,
KYIV,2026-08-07,13.38,13.38,0.0,2026-08-10,,,,,,,,
KYLD,2026-08-07,21.04,21.04,0.0,2026-08-10,,,,,,,,
KYMR,2026-08-07,107.52,106.52,-0.009300595238095233,2026-08-10,,,,,,,,
KYN,2026-08-07,14.17,14.3,0.00917431192660545,2026-08-10,,,,,,,,
KYNB,2026-08-07,7.27,7.27,0.0,2026-08-10,,,,,,,,
KYTX,2026-08-07,7.96,7.99,0.0037688442211054607,2026-08-10,,,,,,,,
KZIA,2026-08-07,13.89,13.89,0.0,2026-08-10,,,,,,,,
L,2026-08-07,115.53,114.73,-0.006924608326841497,2026-08-10,,,,,,,,
LAB,2026-08-07,0.8,0.78,-0.025000000000000022,2026-08-10,,,,,,,,
LABD,2026-08-07,7.57,7.63,0.00792602377807139,2026-08-10,,,,,,,,
LABT,2026-08-07,2.22,2.21,-0.0045045045045045695,2026-08-10,,,,,,,,
LABU,2026-08-07,277.23,274.1,-0.011290264401399575,2026-08-10,,,,,,,,
LABX,2026-08-07,14.73,14.94,0.014256619144602745,2026-08-10,,,,,,,,
LAC,2026-08-07,3.23,3.28,0.015479876160990669,2026-08-10,,,,,,,,
LACG,2026-08-07,2.86,,,2026-08-10,,,,,,,,
LAD,2026-08-07,375.63,375.63,0.0,2026-08-10,,,,,,,,
LADM,2026-08-07,32.73,32.73,0.0,2026-08-10,,,,,,,,
LADR,2026-08-07,9.76,9.65,-0.01127049180327866,2026-08-10,,,,,,,,
LAES,2026-08-07,2.57,2.59,0.0077821011673151474,2026-08-10,,,,,,,,
LAFA,2026-08-07,10.12,10.12,0.0,2026-08-10,,,,,,,,
LAKE,2026-08-07,12.03,12.03,0.0,2026-08-10,,,,,,,,
LALT,2026-08-07,24.16,24.16,0.0,2026-08-10,,,,,,,,
LAMR,2026-08-07,160.93,160.93,0.0,2026-08-10,,,,,,,,
LAND,2026-08-07,8.34,8.41,0.008393285371702586,2026-08-10,,,,,,,,
LANV,2026-08-07,1.2,1.2,0.0,2026-08-10,,,,,,,,
LAPR,2026-08-07,25.31,25.31,0.0,2026-08-10,,,,,,,,
LAR,2026-08-07,6.94,6.99,0.007204610951008661,2026-08-10,,,,,,,,
LARK,2026-08-07,31.98,31.98,0.0,2026-08-10,,,,,,,,
LASC,2026-08-07,14.6,15.0,0.027397260273972712,2026-08-10,,,,,,,,
LASE,2026-08-07,1.14,1.15,0.00877192982456143,2026-08-10,,,,,,,,
LASR,2026-08-07,56.15,56.99,0.014959928762243946,2026-08-10,,,,,,,,
LATA,2026-08-07,10.15,10.15,0.0,2026-08-10,,,,,,,,
LATR,2026-08-07,28.23,28.23,0.0,2026-08-10,,,,,,,,
LAUR,2026-08-07,38.34,38.34,0.0,2026-08-10,,,,,,,,
LAW,2026-08-07,4.3,4.3,0.0,2026-08-10,,,,,,,,
LAZ,2026-08-07,44.2,44.2,0.0,2026-08-10,,,,,,,,
LAZR,2026-08-07,45.84,48.7,0.062390924956369886,2026-08-10,,,,,,,,
LB,2026-08-07,75.4,76.23,0.011007957559681758,2026-08-10,,,,,,,,
LBAY,2026-08-07,26.48,26.48,0.0,2026-08-10,,,,,,,,
LBGJ,2026-08-07,3.36,3.3,-0.017857142857142905,2026-08-10,,,,,,,,
LBO,2026-08-07,26.62,26.62,0.0,2026-08-10,,,,,,,,
LBRDA,2026-08-07,35.93,35.93,0.0,2026-08-10,,,,,,,,
LBRDK,2026-08-07,35.88,35.88,0.0,2026-08-10,,,,,,,,
LBRT,2026-08-07,19.94,20.4,0.02306920762286846,2026-08-10,,,,,,,,
LBRX,2026-08-07,48.0,48.0,0.0,2026-08-10,,,,,,,,
LBTYA,2026-08-07,10.55,10.55,0.0,2026-08-10,,,,,,,,
LBTYK,2026-08-07,10.24,10.24,0.0,2026-08-10,,,,,,,,
LCAP,2026-08-07,34.01,34.01,0.0,2026-08-10,,,,,,,,
LCCC,2026-08-07,10.49,10.49,0.0,2026-08-10,,,,,,,,
LCDS,2026-08-07,74.39,74.39,0.0,2026-08-10,,,,,,,,
LCF,2026-08-07,46.78,46.78,0.0,2026-08-10,,,,,,,,
LCFY,2026-08-07,2.38,2.38,0.0,2026-08-10,,,,,,,,
LCID,2026-08-07,7.04,7.01,-0.0042613636363636465,2026-08-10,,,,,,,,
LCII,2026-08-07,108.8,108.8,0.0,2026-08-10,,,,,,,,
LCLG,2026-08-07,73.62,73.62,0.0,2026-08-10,,,,,,,,
LCLN,2026-08-07,24.55,24.55,0.0,2026-08-10,,,,,,,,
LCNB,2026-08-07,19.87,19.87,0.0,2026-08-10,,,,,,,,
LCO,2026-08-07,27.17,27.17,0.0,2026-08-10,,,,,,,,
LCOW,2026-08-07,26.69,26.69,0.0,2026-08-10,,,,,,,,
LCR,2026-08-07,40.54,40.54,0.0,2026-08-10,,,,,,,,
LCTD,2026-08-07,60.41,60.41,0.0,2026-08-10,,,,,,,,
LCTO,2026-08-07,25.54,25.54,0.0,2026-08-10,,,,,,,,
LCTU,2026-08-07,83.27,83.27,0.0,2026-08-10,,,,,,,,
LCTX,2026-08-07,1.1,1.12,0.0181818181818183,2026-08-10,,,,,,,,
LCUT,2026-08-07,9.19,9.19,0.0,2026-08-10,,,,,,,,
LDDR,2026-08-07,77.29,77.29,0.0,2026-08-10,,,,,,,,
LDEM,2026-08-07,60.97,60.97,0.0,2026-08-10,,,,,,,,
LDI,2026-08-07,0.95,0.96,0.010526315789473717,2026-08-10,,,,,,,,
LDOS,2026-08-07,137.57,137.59,0.00014538053354673508,2026-08-10,,,,,,,,
LDP,2026-08-07,20.65,20.65,0.0,2026-08-10,,,,,,,,
LDRC,2026-08-07,25.06,25.06,0.0,2026-08-10,,,,,,,,
LDRH,2026-08-07,24.51,24.51,0.0,2026-08-10,,,,,,,,
LDRI,2026-08-07,24.98,24.98,0.0,2026-08-10,,,,,,,,
LDRT,2026-08-07,24.96,24.96,0.0,2026-08-10,,,,,,,,
LDRX,2026-08-07,36.98,36.98,0.0,2026-08-10,,,,,,,,
LDSF,2026-08-07,18.88,18.88,0.0,2026-08-10,,,,,,,,
LDUR,2026-08-07,95.34,95.34,0.0,2026-08-10,,,,,,,,
LE,2026-08-07,13.12,13.57,0.03429878048780499,2026-08-10,,,,,,,,
LEA,2026-08-07,122.84,122.84,0.0,2026-08-10,,,,,,,,
LECO,2026-08-07,281.96,285.46,0.012413108242303794,2026-08-10,,,,,,,,
LEDS,2026-08-07,2.21,2.21,0.0,2026-08-10,,,,,,,,
LEE,2026-08-07,8.19,8.19,0.0,2026-08-10,,,,,,,,
LEG,2026-08-07,9.62,9.78,0.016632016632016633,2026-08-10,,,,,,,,
LEGH,2026-08-07,29.2,29.29,0.003082191780821919,2026-08-10,,,,,,,,
LEGN,2026-08-07,20.75,20.88,0.006265060240963738,2026-08-10,,,,,,,,
LEGO,2026-08-07,9.98,9.98,0.0,2026-08-10,,,,,,,,
LEGR,2026-08-07,66.51,66.51,0.0,2026-08-10,,,,,,,,
LEMB,2026-08-07,43.07,44.36,0.0299512421639192,2026-08-10,,,,,,,,
LEN,2026-08-07,88.18,88.01,-0.0019278748015423286,2026-08-10,,,,,,,,
LEND,2026-08-07,24.9,24.9,0.0,2026-08-10,,,,,,,,
LENS,2026-08-07,42.92,42.92,0.0,2026-08-10,,,,,,,,
LENZ,2026-08-07,5.36,5.54,0.033582089552238736,2026-08-10,,,,,,,,
LEO,2026-08-07,6.22,6.22,0.0,2026-08-10,,,,,,,,
LESL,2026-08-07,1.17,1.15,-0.017094017094017144,2026-08-10,,,,,,,,
LEU,2026-08-07,191.37,192.18,0.004232638344568107,2026-08-10,,,,,,,,
LEUX,2026-08-07,14.84,14.84,0.0,2026-08-10,,,,,,,,
LEVI,2026-08-07,24.41,24.23,-0.007374027038099085,2026-08-10,,,,,,,,
LEXI,2026-08-07,41.13,41.13,0.0,2026-08-10,,,,,,,,
LEXX,2026-08-07,5.27,5.5,0.0436432637571158,2026-08-10,,,,,,,,
LFAC,2026-08-07,10.04,10.04,0.0,2026-08-10,,,,,,,,
LFAI,2026-08-07,146.1,146.1,0.0,2026-08-10,,,,,,,,
LFAO,2026-08-07,159.09,159.09,0.0,2026-08-10,,,,,,,,
LFAW,2026-08-07,169.56,169.56,0.0,2026-08-10,,,,,,,,
LFBE,2026-08-07,178.39,178.39,0.0,2026-08-10,,,,,,,,
LFCR,2026-08-07,5.01,4.95,-0.011976047904191489,2026-08-10,,,,,,,,
LFDR,2026-08-07,178.52,178.52,0.0,2026-08-10,,,,,,,,
LFEQ,2026-08-07,61.46,61.46,0.0,2026-08-10,,,,,,,,
LFGY,2026-08-07,19.27,19.3,0.0015568240788792487,2026-08-10,,,,,,,,
LFMD,2026-08-07,3.56,3.56,0.0,2026-08-10,,,,,,,,
LFS,2026-08-07,2.32,2.32,0.0,2026-08-10,,,,,,,,
LFSC,2026-08-07,47.26,47.26,0.0,2026-08-10,,,,,,,,
LFST,2026-08-07,10.84,10.84,0.0,2026-08-10,,,,,,,,
LFT,2026-08-07,0.7,0.7,0.0,2026-08-10,,,,,,,,
LFTO,2026-08-07,25.73,25.73,0.0,2026-08-10,,,,,,,,
LFUS,2026-08-07,456.55,456.55,0.0,2026-08-10,,,,,,,,
LFVN,2026-08-07,6.76,6.76,0.0,2026-08-10,,,,,,,,
LFWD,2026-08-07,7.68,7.68,0.0,2026-08-10,,,,,,,,
LGCF,2026-08-07,37.94,37.94,0.0,2026-08-10,,,,,,,,
LGCL,2026-08-07,1.22,1.2,-0.016393442622950838,2026-08-10,,,,,,,,
LGCY,2026-08-07,11.5,11.5,0.0,2026-08-10,,,,,,,,
LGDS,2026-08-07,50.13,50.13,0.0,2026-08-10,,,,,,,,
LGDX,2026-08-07,25.96,25.96,0.0,2026-08-10,,,,,,,,
LGH,2026-08-07,66.92,66.92,0.0,2026-08-10,,,,,,,,
LGHL,2026-08-07,0.9,0.88,-0.022222222222222254,2026-08-10,,,,,,,,
LGHT,2026-08-07,9.06,9.06,0.0,2026-08-10,,,,,,,,
LGI,2026-08-07,18.45,18.45,0.0,2026-08-10,,,,,,,,
LGIH,2026-08-07,60.04,60.04,0.0,2026-08-10,,,,,,,,
LGL,2026-08-07,7.1,7.1,0.0,2026-08-10,,,,,,,,
LGLV,2026-08-07,189.23,189.23,0.0,2026-08-10,,,,,,,,
LGN,2026-08-07,64.34,64.68,0.005284426484302163,2026-08-10,,,,,,,,
LGND,2026-08-07,293.15,293.15,0.0,2026-08-10,,,,,,,,
LGO,2026-08-07,0.7,0.72,0.028571428571428692,2026-08-10,,,,,,,,
LGOV,2026-08-07,21.01,21.01,0.0,2026-08-10,,,,,,,,
LGPS,2026-08-07,0.9,0.91,0.011111111111111072,2026-08-10,,,,,,,,
LGRO,2026-08-07,47.4,47.4,0.0,2026-08-10,,,,,,,,
LGVN,2026-08-07,0.77,0.75,-0.025974025974025983,2026-08-10,,,,,,,,
LH,2026-08-07,319.17,319.55,0.001190588087852884,2026-08-10,,,,,,,,
LHAI,2026-08-07,0.82,0.85,0.03658536585365857,2026-08-10,,,,,,,,
LHSW,2026-08-07,2.96,2.9,-0.020270270270270285,2026-08-10,,,,,,,,
LHX,2026-08-07,286.67,287.5,0.0028953151707538094,2026-08-10,,,,,,,,
LI,2026-08-07,12.95,12.8,-0.011583011583011449,2026-08-10,,,,,,,,
LIAE,2026-08-07,202.93,202.93,0.0,2026-08-10,,,,,,,,
LIAM,2026-08-07,229.87,229.87,0.0,2026-08-10,,,,,,,,
LIAU,2026-08-07,253.98,253.98,0.0,2026-08-10,,,,,,,,
LIBD,2026-08-07,269.11,269.11,0.0,2026-08-10,,,,,,,,
LICN,2026-08-07,1.21,1.14,-0.05785123966942152,2026-08-10,,,,,,,,
LIDR,2026-08-07,1.32,1.28,-0.030303030303030276,2026-08-10,,,,,,,,
LIEN,2026-08-07,9.5,9.5,0.0,2026-08-10,,,,,,,,
LIF,2026-08-07,63.19,62.04,-0.018199082133248945,2026-08-10,,,,,,,,
LIFE,2026-08-07,31.61,31.4,-0.006643467257197111,2026-08-10,,,,,,,,
LIFT,2026-08-07,22.61,22.61,0.0,2026-08-10,,,,,,,,
LII,2026-08-07,439.77,439.77,0.0,2026-08-10,,,,,,,,
LILA,2026-08-07,8.51,8.45,-0.007050528789659283,2026-08-10,,,,,,,,
LILAK,2026-08-07,8.39,8.39,0.0,2026-08-10,,,,,,,,
LIME,2026-08-07,38.28,38.0,-0.007314524555903867,2026-08-10,,,,,,,,
LIMI,2026-08-07,43.38,43.38,0.0,2026-08-10,,,,,,,,
LIMN,2026-08-07,0.1,0.1,0.0,2026-08-10,,,,,,,,
LIN,2026-08-07,489.98,488.29,-0.003449120372260084,2026-08-10,,,,,,,,
LINC,2026-08-07,40.99,40.99,0.0,2026-08-10,,,,,,,,
LIND,2026-08-07,33.95,33.95,0.0,2026-08-10,,,,,,,,
LINE,2026-08-07,42.36,41.9,-0.01085930122757317,2026-08-10,,,,,,,,
LINK,2026-08-07,5.1,5.1,0.0,2026-08-10,,,,,,,,
LINT,2026-08-07,124.04,123.12,-0.007416962270235472,2026-08-10,,,,,,,,
LION,2026-08-07,12.97,12.88,-0.006939090208172738,2026-08-10,,,,,,,,
LIQT,2026-08-07,0.64,0.64,0.0,2026-08-10,,,,,,,,
LIT,2026-08-07,74.01,74.82,0.010944466963923594,2026-08-10,,,,,,,,
LITB,2026-08-07,3.1,3.1,0.0,2026-08-10,,,,,,,,
LITC,2026-08-07,28.7,28.7,0.0,2026-08-10,,,,,,,,
LITE,2026-08-07,890.17,920.53,0.03410584495096436,2026-08-10,,,,,,,,
LITL,2026-08-07,34.91,34.91,0.0,2026-08-10,,,,,,,,
LITP,2026-08-07,11.18,11.18,0.0,2026-08-10,,,,,,,,
LITS,2026-08-07,0.91,0.94,0.03296703296703285,2026-08-10,,,,,,,,
LITU,2026-08-07,20.21,21.74,0.0757050964868875,2026-08-10,,,,,,,,
LITX,2026-08-07,32.52,34.67,0.06611316113161125,2026-08-10,,,,,,,,
LITZ,2026-08-07,10.07,9.33,-0.073485600794439,2026-08-10,,,,,,,,
LIVE,2026-08-07,9.63,9.63,0.0,2026-08-10,,,,,,,,
LIVN,2026-08-07,76.22,76.22,0.0,2026-08-10,,,,,,,,
LJAN,2026-08-07,24.74,24.74,0.0,2026-08-10,,,,,,,,
LJUL,2026-08-07,23.97,23.97,0.0,2026-08-10,,,,,,,,
LKFN,2026-08-07,61.73,61.73,0.0,2026-08-10,,,,,,,,
LKFT,2026-08-07,27.0,27.1,0.0037037037037037646,2026-08-10,,,,,,,,
LKOR,2026-08-07,40.32,40.32,0.0,2026-08-10,,,,,,,,
LKQ,2026-08-07,24.86,24.86,0.0,2026-08-10,,,,,,,,
LKSP,2026-08-07,10.19,10.19,0.0,2026-08-10,,,,,,,,
LLDR,2026-08-07,43.31,43.31,0.0,2026-08-10,,,,,,,,
LLY,2026-08-07,1185.71,1182.12,-0.0030277217869463247,2026-08-10,,,,,,,,
LLYVA,2026-08-07,98.78,98.78,0.0,2026-08-10,,,,,,,,
LLYVK,2026-08-07,102.8,102.8,0.0,2026-08-10,,,,,,,,
LLYX,2026-08-07,26.36,26.14,-0.00834597875569043,2026-08-10,,,,,,,,
LMAT,2026-08-07,81.45,84.02,0.03155310006138734,2026-08-10,,,,,,,,
LMB,2026-08-07,48.7,49.55,0.017453798767967044,2026-08-10,,,,,,,,
LMBS,2026-08-07,49.64,49.64,0.0,2026-08-10,,,,,,,,
LMND,2026-08-07,52.94,53.22,0.005289006422364961,2026-08-10,,,,,,,,
LMNR,2026-08-07,13.86,13.86,0.0,2026-08-10,,,,,,,,
LMNX,2026-08-07,9.01,9.01,0.0,2026-08-10,,,,,,,,
LMRI,2026-08-07,11.58,11.11,-0.040587219343696135,2026-08-10,,,,,,,,
LMT,2026-08-07,587.95,588.3,0.0005952887150266761,2026-08-10,,,,,,,,
LMTL,2026-08-07,39.56,39.56,0.0,2026-08-10,,,,,,,,
LMUB,2026-08-07,50.0,50.0,0.0,2026-08-10,,,,,,,,
LNAI,2026-08-07,2.41,2.41,0.0,2026-08-10,,,,,,,,
LNC,2026-08-07,46.03,45.91,-0.0026069954377581084,2026-08-10,,,,,,,,
LND,2026-08-07,3.6,3.6,0.0,2026-08-10,,,,,,,,
LNG,2026-08-07,256.14,257.12,0.003826032638400978,2026-08-10,,,,,,,,
LNGX,2026-08-07,41.58,41.58,0.0,2026-08-10,,,,,,,,
LNKS,2026-08-07,1.02,1.04,0.019607843137254832,2026-08-10,,,,,,,,
LNN,2026-08-07,116.06,116.06,0.0,2026-08-10,,,,,,,,
LNOK,2026-08-07,29.97,30.88,0.03036369703036379,2026-08-10,,,,,,,,
LNSR,2026-08-07,6.04,6.04,0.0,2026-08-10,,,,,,,,
LNT,2026-08-07,69.37,69.37,0.0,2026-08-10,,,,,,,,
LNTH,2026-08-07,100.95,100.45,-0.004952947003467045,2026-08-10,,,,,,,,
LNZA,2026-08-07,6.29,6.29,0.0,2026-08-10,,,,,,,,
LOAN,2026-08-07,4.12,4.55,0.1043689320388348,2026-08-10,,,,,,,,
LOAR,2026-08-07,70.87,70.82,-0.0007055171440667474,2026-08-10,,,,,,,,
LOB,2026-08-07,42.6,42.6,0.0,2026-08-10,,,,,,,,
LOBO,2026-08-07,0.69,0.75,0.0869565217391306,2026-08-10,,,,,,,,
LOCL,2026-08-07,1.03,1.07,0.03883495145631066,2026-08-10,,,,,,,,
LOCO,2026-08-07,15.16,15.3,0.00923482849604218,2026-08-10,,,,,,,,
LOCT,2026-08-07,23.9,23.9,0.0,2026-08-10,,,,,,,,
LODE,2026-08-07,3.23,3.23,0.0,2026-08-10,,,,,,,,
LODI,2026-08-07,25.16,25.16,0.0,2026-08-10,,,,,,,,
LOEV,2026-08-07,16.19,16.19,0.0,2026-08-10,,,,,,,,
LOFD,2026-08-07,9.01,9.01,0.0,2026-08-10,,,,,,,,
LOFF,2026-08-07,13.86,14.46,0.04329004329004338,2026-08-10,,,,,,,,
LOGI,2026-08-07,106.33,108.08,0.016458196181698526,2026-08-10,,,,,,,,
LOGO,2026-08-07,21.18,21.18,0.0,2026-08-10,,,,,,,,
LOHA,2026-08-07,26.78,26.78,0.0,2026-08-10,,,,,,,,
LOMA,2026-08-07,10.44,10.44,0.0,2026-08-10,,,,,,,,
LONA,2026-08-07,7.68,7.68,0.0,2026-08-10,,,,,,,,
LONZ,2026-08-07,49.12,49.12,0.0,2026-08-10,,,,,,,,
LOOP,2026-08-07,0.68,0.71,0.04411764705882337,2026-08-10,,,,,,,,
LOPE,2026-08-07,152.53,152.53,0.0,2026-08-10,,,,,,,,
LOPP,2026-08-07,38.78,38.78,0.0,2026-08-10,,,,,,,,
LOT,2026-08-07,0.95,0.95,0.0,2026-08-10,,,,,,,,
LOTI,2026-08-07,26.28,26.28,0.0,2026-08-10,,,,,,,,
LOUP,2026-08-07,93.43,93.43,0.0,2026-08-10,,,,,,,,
LOVE,2026-08-07,17.82,18.06,0.013468013468013407,2026-08-10,,,,,,,,
LOW,2026-08-07,223.35,223.35,0.0,2026-08-10,,,,,,,,
LOWV,2026-08-07,84.7,84.7,0.0,2026-08-10,,,,,,,,
LPA,2026-08-07,2.99,3.17,0.06020066889632103,2026-08-10,,,,,,,,
LPAA,2026-08-07,10.82,10.85,0.0027726432532346745,2026-08-10,,,,,,,,
LPBB,2026-08-07,10.77,10.77,0.0,2026-08-10,,,,,,,,
LPCN,2026-08-07,2.13,2.13,0.0,2026-08-10,,,,,,,,
LPCV,2026-08-07,10.04,10.04,0.0,2026-08-10,,,,,,,,
LPG,2026-08-07,45.76,46.0,0.005244755244755206,2026-08-10,,,,,,,,
LPL,2026-08-07,3.3,3.34,0.0121212121212122,2026-08-10,,,,,,,,
LPLA,2026-08-07,362.63,362.63,0.0,2026-08-10,,,,,,,,
LPRE,2026-08-07,30.16,30.16,0.0,2026-08-10,,,,,,,,
LPRO,2026-08-07,3.14,3.14,0.0,2026-08-10,,,,,,,,
LPSN,2026-08-07,2.62,2.44,-0.06870229007633588,2026-08-10,,,,,,,,
LPTH,2026-08-07,13.06,13.26,0.015313935681469992,2026-08-10,,,,,,,,
LPX,2026-08-07,78.51,78.51,0.0,2026-08-10,,,,,,,,
LQ,2026-08-07,23.85,23.85,0.0,2026-08-10,,,,,,,,
LQAI,2026-08-07,45.51,45.51,0.0,2026-08-10,,,,,,,,
LQD,2026-08-07,106.55,106.45,-0.000938526513373894,2026-08-10,,,,,,,,
LQDA,2026-08-07,90.22,89.35,-0.009643094657503903,2026-08-10,,,,,,,,
LQDB,2026-08-07,84.93,84.93,0.0,2026-08-10,,,,,,,,
LQDH,2026-08-07,92.36,92.36,0.0,2026-08-10,,,,,,,,
LQDI,2026-08-07,25.82,25.82,0.0,2026-08-10,,,,,,,,
LQDM,2026-08-07,23.96,23.96,0.0,2026-08-10,,,,,,,,
LQDT,2026-08-07,42.06,42.06,0.0,2026-08-10,,,,,,,,
LQDW,2026-08-07,23.39,23.39,0.0,2026-08-10,,,,,,,,
LQID,2026-08-07,25.01,25.01,0.0,2026-08-10,,,,,,,,
LQTI,2026-08-07,18.76,18.76,0.0,2026-08-10,,,,,,,,
LRCC,2026-08-07,18.19,18.19,0.0,2026-08-10,,,,,,,,
LRCU,2026-08-07,52.31,53.87,0.02982221372586502,2026-08-10,,,,,,,,
LRCX,2026-08-07,311.35,317.49,0.019720571703870204,2026-08-10,,,,,,,,
LRE,2026-08-07,1.33,1.33,0.0,2026-08-10,,,,,,,,
LRGC,2026-08-07,87.98,87.98,0.0,2026-08-10,,,,,,,,
LRGE,2026-08-07,88.2,88.2,0.0,2026-08-10,,,,,,,,
LRGF,2026-08-07,78.79,78.79,0.0,2026-08-10,,,,,,,,
LRGG,2026-08-07,29.93,29.93,0.0,2026-08-10,,,,,,,,
LRHC,2026-08-07,0.84,0.86,0.023809523809523725,2026-08-10,,,,,,,,
LRMR,2026-08-07,4.16,4.05,-0.02644230769230782,2026-08-10,,,,,,,,
LRN,2026-08-07,82.51,81.54,-0.01175615076960368,2026-08-10,,,,,,,,
LRND,2026-08-07,47.53,47.53,0.0,2026-08-10,,,,,,,,
LRNX,2026-08-07,22.95,22.95,0.0,2026-08-10,,,,,,,,
LRNZ,2026-08-07,63.59,63.59,0.0,2026-08-10,,,,,,,,
LSAF,2026-08-07,56.08,56.08,0.0,2026-08-10,,,,,,,,
LSAK,2026-08-07,4.89,4.89,0.0,2026-08-10,,,,,,,,
LSAT,2026-08-07,46.36,46.36,0.0,2026-08-10,,,,,,,,
LSBK,2026-08-07,17.05,17.05,0.0,2026-08-10,,,,,,,,
LSCC,2026-08-07,130.03,133.0,0.0228408828731832,2026-08-10,,,,,,,,
LSCP,2026-08-07,24.78,24.78,0.0,2026-08-10,,,,,,,,
LSE,2026-08-07,4.41,4.41,0.0,2026-08-10,,,,,,,,
LSEQ,2026-08-07,32.86,32.86,0.0,2026-08-10,,,,,,,,
LSF,2026-08-07,4.34,4.34,0.0,2026-08-10,,,,,,,,
LSGR,2026-08-07,44.92,44.92,0.0,2026-08-10,,,,,,,,
LSPD,2026-08-07,10.46,10.46,0.0,2026-08-10,,,,,,,,
LST,2026-08-07,48.01,48.01,0.0,2026-08-10,,,,,,,,
LSTA,2026-08-07,1.06,1.06,0.0,2026-08-10,,,,,,,,
LSTB,2026-08-07,24.76,24.76,0.0,2026-08-10,,,,,,,,
LSTR,2026-08-07,182.99,182.99,0.0,2026-08-10,,,,,,,,
LSVD,2026-08-07,36.29,36.29,0.0,2026-08-10,,,,,,,,
LTAX,2026-08-07,24.9,24.9,0.0,2026-08-10,,,,,,,,
LTBR,2026-08-07,9.47,9.45,-0.0021119324181627652,2026-08-10,,,,,,,,
LTC,2026-08-07,39.85,39.85,0.0,2026-08-10,,,,,,,,
LTCC,2026-08-07,11.06,11.06,0.0,2026-08-10,,,,,,,,
LTGO,2026-08-07,18.25,17.9,-0.019178082191780854,2026-08-10,,,,,,,,
LTGR,2026-08-07,9.91,9.91,0.0,2026-08-10,,,,,,,,
LTH,2026-08-07,43.81,43.97,0.0036521342159323567,2026-08-10,,,,,,,,
LTL,2026-08-07,24.25,24.25,0.0,2026-08-10,,,,,,,,
LTM,2026-08-07,56.72,56.72,0.0,2026-08-10,,,,,,,,
LTPZ,2026-08-07,47.98,47.98,0.0,2026-08-10,,,,,,,,
LTRN,2026-08-07,2.86,2.91,0.0174825174825175,2026-08-10,,,,,,,,
LTRX,2026-08-07,5.97,6.02,0.008375209380234505,2026-08-10,,,,,,,,
LTTI,2026-08-07,17.58,17.58,0.0,2026-08-10,,,,,,,,
LU,2026-08-07,1.5,1.5,0.0,2026-08-10,,,,,,,,
LUCD,2026-08-07,0.97,1.0,0.030927835051546504,2026-08-10,,,,,,,,
LUCK,2026-08-07,6.68,6.68,0.0,2026-08-10,,,,,,,,
LUCY,2026-08-07,0.72,0.72,0.0,2026-08-10,,,,,,,,
LUD,2026-08-07,4.41,4.41,0.0,2026-08-10,,,,,,,,
LULG,2026-08-07,7.49,7.49,0.0,2026-08-10,,,,,,,,
LULU,2026-08-07,128.58,128.7,0.0009332711152587603,2026-08-10,,,,,,,,
LUMA,2026-08-07,25.71,25.71,0.0,2026-08-10,,,,,,,,
LUMN,2026-08-07,6.24,6.25,0.0016025641025640969,2026-08-10,,,,,,,,
LUNG,2026-08-07,2.04,2.11,0.034313725490195957,2026-08-10,,,,,,,,
LUNL,2026-08-07,5.05,5.28,0.045544554455445585,2026-08-10,,,,,,,,
LUNR,2026-08-07,16.4,16.83,0.026219512195121863,2026-08-10,,,,,,,,
LUV,2026-08-07,47.05,47.41,0.007651434643995758,2026-08-10,,,,,,,,
LUXE,2026-08-07,8.1,8.1,0.0,2026-08-10,,,,,,,,
LVDS,2026-08-07,60.87,60.87,0.0,2026-08-10,,,,,,,,
LVHD,2026-08-07,44.42,44.42,0.0,2026-08-10,,,,,,,,
LVHI,2026-08-07,42.93,43.0,0.0016305613789890927,2026-08-10,,,,,,,,
LVIG,2026-08-07,98.43,98.43,0.0,2026-08-10,,,,,,,,
LVLN,2026-08-07,24.75,24.75,0.0,2026-08-10,,,,,,,,
LVLU,2026-08-07,18.26,18.26,0.0,2026-08-10,,,,,,,,
LVO,2026-08-07,4.22,4.22,0.0,2026-08-10,,,,,,,,
LVS,2026-08-07,45.77,45.73,-0.000873934891850725,2026-08-10,,,,,,,,
LVWR,2026-08-07,1.08,1.09,0.0092592592592593,2026-08-10,,,,,,,,
LW,2026-08-07,52.27,51.97,-0.0057394298832983415,2026-08-10,,,,,,,,
LWAC,2026-08-07,10.29,10.29,0.0,2026-08-10,,,,,,,,
LWAY,2026-08-07,31.5,31.5,0.0,2026-08-10,,,,,,,,
LWLG,2026-08-07,8.11,8.22,0.01356350184956856,2026-08-10,,,,,,,,
LX,2026-08-07,1.46,1.46,0.0,2026-08-10,,,,,,,,
LXEH,2026-08-07,1.71,1.66,-0.0292397660818714,2026-08-10,,,,,,,,
LXEO,2026-08-07,4.81,4.75,-0.012474012474012364,2026-08-10,,,,,,,,
LXFR,2026-08-07,17.1,17.1,0.0,2026-08-10,,,,,,,,
LXP,2026-08-07,60.56,60.56,0.0,2026-08-10,,,,,,,,
LXRX,2026-08-07,2.47,2.48,0.004048582995951344,2026-08-10,,,,,,,,
LXU,2026-08-07,9.62,9.82,0.020790020790020902,2026-08-10,,,,,,,,
LYB,2026-08-07,59.59,59.65,0.0010068803490517197,2026-08-10,,,,,,,,
LYEL,2026-08-07,14.71,14.71,0.0,2026-08-10,,,,,,,,
LYFT,2026-08-07,17.46,17.44,-0.001145475372279492,2026-08-10,,,,,,,,
LYG,2026-08-07,6.28,6.16,-0.019108280254777066,2026-08-10,,,,,,,,
LYLD,2026-08-07,32.57,32.57,0.0,2026-08-10,,,,,,,,
LYTE,2026-08-07,26.37,26.27,-0.003792188092529458,2026-08-10,,,,,,,,
LYTS,2026-08-07,25.17,25.17,0.0,2026-08-10,,,,,,,,
LYV,2026-08-07,180.66,183.06,0.013284623048821054,2026-08-10,,,,,,,,
LZ,2026-08-07,5.77,5.82,0.008665511265164794,2026-08-10,,,,,,,,
LZB,2026-08-07,42.14,42.14,0.0,2026-08-10,,,,,,,,
LZM,2026-08-07,4.12,4.2,0.01941747572815533,2026-08-10,,,,,,,,
LZMH,2026-08-07,1.2,1.14,-0.050000000000000044,2026-08-10,,,,,,,,
M,2026-08-07,25.4,25.43,0.0011811023622048111,2026-08-10,,,,,,,,
MA,2026-08-07,562.95,562.95,0.0,2026-08-10,,,,,,,,
MAA,2026-08-07,134.96,134.96,0.0,2026-08-10,,,,,,,,
MAAS,2026-08-07,18.75,18.75,0.0,2026-08-10,,,,,,,,
MAAY,2026-08-07,5.6,5.6,0.0,2026-08-10,,,,,,,,
MAC,2026-08-07,24.4,24.58,0.007377049180327777,2026-08-10,,,,,,,,
MACI,2026-08-07,10.92,10.92,0.0,2026-08-10,,,,,,,,
MADE,2026-08-07,38.52,38.89,0.009605399792315561,2026-08-10,,,,,,,,
MAGA,2026-08-07,57.42,57.42,0.0,2026-08-10,,,,,,,,
MAGC,2026-08-07,20.67,20.88,0.01015965166908539,2026-08-10,,,,,,,,
MAGG,2026-08-07,19.92,19.92,0.0,2026-08-10,,,,,,,,
MAGN,2026-08-07,12.91,12.91,0.0,2026-08-10,,,,,,,,
MAGS,2026-08-07,69.14,69.15,0.0001446340757882414,2026-08-10,,,,,,,,
MAGX,2026-08-07,57.93,58.01,0.0013809770412567257,2026-08-10,,,,,,,,
MAGY,2026-08-07,42.45,42.45,0.0,2026-08-10,,,,,,,,
MAIA,2026-08-07,1.42,1.42,0.0,2026-08-10,,,,,,,,
MAIN,2026-08-07,58.94,58.81,-0.002205632846962957,2026-08-10,,,,,,,,
MAIR,2026-08-07,31.09,31.09,0.0,2026-08-10,,,,,,,,
MAKO,2026-08-07,9.54,9.55,0.0010482180293502896,2026-08-10,,,,,,,,
MAKX,2026-08-07,71.68,71.68,0.0,2026-08-10,,,,,,,,
MAMA,2026-08-07,17.91,18.03,0.00670016750418756,2026-08-10,,,,,,,,
MAMB,2026-08-07,23.93,23.93,0.0,2026-08-10,,,,,,,,
MAMO,2026-08-07,1.06,1.01,-0.047169811320754707,2026-08-10,,,,,,,,
MAN,2026-08-07,56.6,56.7,0.0017667844522968323,2026-08-10,,,,,,,,
MANE,2026-08-07,114.39,114.39,0.0,2026-08-10,,,,,,,,
MANH,2026-08-07,195.23,195.23,0.0,2026-08-10,,,,,,,,
MANI,2026-08-07,25.9,25.9,0.0,2026-08-10,,,,,,,,
MANU,2026-08-07,21.63,21.68,0.002311604253351751,2026-08-10,,,,,,,,
MAPP,2026-08-07,28.07,28.07,0.0,2026-08-10,,,,,,,,
MAR,2026-08-07,353.91,353.46,-0.001271509705857543,2026-08-10,,,,,,,,
MARA,2026-08-07,10.09,10.17,0.007928642220019766,2026-08-10,,,,,,,,
MARM,2026-08-07,34.41,34.41,0.0,2026-08-10,,,,,,,,
MARO,2026-08-07,4.21,4.24,0.0071258907363420665,2026-08-10,,,,,,,,
MARPS,2026-08-07,4.81,4.81,0.0,2026-08-10,,,,,,,,
MARS,2026-08-07,27.77,28.25,0.01728483975513151,2026-08-10,,,,,,,,
MART,2026-08-07,42.79,42.79,0.0,2026-08-10,,,,,,,,
MARU,2026-08-07,30.45,30.45,0.0,2026-08-10,,,,,,,,
MARW,2026-08-07,36.64,36.64,0.0,2026-08-10,,,,,,,,
MARZ,2026-08-07,37.68,37.68,0.0,2026-08-10,,,,,,,,
MAS,2026-08-07,77.51,77.51,0.0,2026-08-10,,,,,,,,
MASK,2026-08-07,1.63,1.61,-0.012269938650306678,2026-08-10,,,,,,,,
MASS,2026-08-07,8.88,9.08,0.022522522522522515,2026-08-10,,,,,,,,
MAT,2026-08-07,14.79,14.79,0.0,2026-08-10,,,,,,,,
MATE,2026-08-07,31.18,31.18,0.0,2026-08-10,,,,,,,,
MATH,2026-08-07,0.89,0.89,0.0,2026-08-10,,,,,,,,
MATV,2026-08-07,12.89,12.89,0.0,2026-08-10,,,,,,,,
MATW,2026-08-07,23.7,23.7,0.0,2026-08-10,,,,,,,,
MATX,2026-08-07,206.77,206.7,-0.0003385404072158149,2026-08-10,,,,,,,,
MAUG,2026-08-07,33.31,33.31,0.0,2026-08-10,,,,,,,,
MAVF,2026-08-07,142.26,142.26,0.0,2026-08-10,,,,,,,,
MAX,2026-08-07,13.4,13.3,-0.007462686567164201,2026-08-10,,,,,,,,
MAXI,2026-08-07,9.13,9.17,0.004381161007666945,2026-08-10,,,,,,,,
MAXJ,2026-08-07,29.45,29.45,0.0,2026-08-10,,,,,,,,
MAYC,2026-08-07,26.12,26.12,0.0,2026-08-10,,,,,,,,
MAYM,2026-08-07,33.19,33.19,0.0,2026-08-10,,,,,,,,
MAYP,2026-08-07,33.18,33.18,0.0,2026-08-10,,,,,,,,
MAYS,2026-08-07,38.75,38.75,0.0,2026-08-10,,,,,,,,
MAYT,2026-08-07,39.87,39.87,0.0,2026-08-10,,,,,,,,
MAYU,2026-08-07,35.0,35.0,0.0,2026-08-10,,,,,,,,
MAYW,2026-08-07,35.36,35.36,0.0,2026-08-10,,,,,,,,
MAYZ,2026-08-07,37.07,37.07,0.0,2026-08-10,,,,,,,,
MAZE,2026-08-07,28.65,29.44,0.027574171029668415,2026-08-10,,,,,,,,
MB,2026-08-07,8.92,6.22,-0.30269058295964124,2026-08-10,,,,,,,,
MBAI,2026-08-07,1.41,1.35,-0.04255319148936154,2026-08-10,,,,,,,,
MBB,2026-08-07,93.27,93.51,0.002573174654229682,2026-08-10,,,,,,,,
MBBA,2026-08-07,49.04,49.04,0.0,2026-08-10,,,,,,,,
MBBB,2026-08-07,21.01,21.01,0.0,2026-08-10,,,,,,,,
MBBC,2026-08-07,15.1,15.1,0.0,2026-08-10,,,,,,,,
MBC,2026-08-07,9.37,9.36,-0.0010672358591248265,2026-08-10,,,,,,,,
MBCE,2026-08-07,38.94,38.94,0.0,2026-08-10,,,,,,,,
MBGL,2026-08-07,19.7,19.6,-0.0050761421319796,2026-08-10,,,,,,,,
MBI,2026-08-07,5.11,5.15,0.007827788649706457,2026-08-10,,,,,,,,
MBIN,2026-08-07,54.25,54.25,0.0,2026-08-10,,,,,,,,
MBIO,2026-08-07,0.6,0.6,0.0,2026-08-10,,,,,,,,
MBLY,2026-08-07,8.73,8.71,-0.002290950744558984,2026-08-10,,,,,,,,
MBND,2026-08-07,26.94,26.94,0.0,2026-08-10,,,,,,,,
MBOT,2026-08-07,1.89,1.88,-0.005291005291005346,2026-08-10,,,,,,,,
MBOX,2026-08-07,42.33,42.33,0.0,2026-08-10,,,,,,,,
MBRX,2026-08-07,0.41,0.42,0.024390243902439046,2026-08-10,,,,,,,,
MBS,2026-08-07,8.53,8.53,0.0,2026-08-10,,,,,,,,
MBSD,2026-08-07,20.42,20.42,0.0,2026-08-10,,,,,,,,
MBSF,2026-08-07,25.61,25.61,0.0,2026-08-10,,,,,,,,
MBSX,2026-08-07,26.38,26.38,0.0,2026-08-10,,,,,,,,
MBUU,2026-08-07,28.88,28.77,-0.0038088642659279692,2026-08-10,,,,,,,,
MBVI,2026-08-07,10.18,10.18,0.0,2026-08-10,,,,,,,,
MBWM,2026-08-07,60.7,60.7,0.0,2026-08-10,,,,,,,,
MBX,2026-08-07,67.82,68.3,0.007077558242406523,2026-08-10,,,,,,,,
MC,2026-08-07,66.63,66.63,0.0,2026-08-10,,,,,,,,
MCAH,2026-08-07,9.95,9.95,0.0,2026-08-10,,,,,,,,
MCB,2026-08-07,92.86,92.86,0.0,2026-08-10,,,,,,,,
MCBS,2026-08-07,35.74,35.74,0.0,2026-08-10,,,,,,,,
MCD,2026-08-07,274.48,274.24,-0.0008743806470417059,2026-08-10,,,,,,,,
MCDS,2026-08-07,69.31,69.31,0.0,2026-08-10,,,,,,,,
MCFT,2026-08-07,24.36,24.36,0.0,2026-08-10,,,,,,,,
MCGA,2026-08-07,10.23,10.23,0.0,2026-08-10,,,,,,,,
MCH,2026-08-07,29.28,29.28,0.0,2026-08-10,,,,,,,,
MCHB,2026-08-07,16.64,16.64,0.0,2026-08-10,,,,,,,,
MCHG,2026-08-07,9.76,9.76,0.0,2026-08-10,,,,,,,,
MCHI,2026-08-07,56.57,56.51,-0.0010606328442638313,2026-08-10,,,,,,,,
MCHP,2026-08-07,84.69,85.38,0.008147360963513872,2026-08-10,,,,,,,,
MCHS,2026-08-07,42.42,42.42,0.0,2026-08-10,,,,,,,,
MCHU,2026-08-07,17.04,17.04,0.0,2026-08-10,,,,,,,,
MCHX,2026-08-07,1.8,1.8,0.0,2026-08-10,,,,,,,,
MCI,2026-08-07,16.77,16.77,0.0,2026-08-10,,,,,,,,
MCK,2026-08-07,869.58,869.58,0.0,2026-08-10,,,,,,,,
MCN,2026-08-07,5.64,5.64,0.0,2026-08-10,,,,,,,,
MCO,2026-08-07,477.75,484.82,0.01479853479853488,2026-08-10,,,,,,,,
MCOW,2026-08-07,22.23,22.23,0.0,2026-08-10,,,,,,,,
MCRB,2026-08-07,4.87,5.0,0.026694045174537884,2026-08-10,,,,,,,,
MCRI,2026-08-07,124.39,124.39,0.0,2026-08-10,,,,,,,,
MCRP,2026-08-07,1.29,1.29,0.0,2026-08-10,,,,,,,,
MCS,2026-08-07,30.65,30.65,0.0,2026-08-10,,,,,,,,
MCVT,2026-08-07,28.83,28.83,0.0,2026-08-10,,,,,,,,
MCY,2026-08-07,109.5,109.5,0.0,2026-08-10,,,,,,,,
MD,2026-08-07,27.08,27.21,0.004800590841949948,2026-08-10,,,,,,,,
MDA,2026-08-07,34.59,34.8,0.006071118820468069,2026-08-10,,,,,,,,
MDAA,2026-08-07,117.52,117.52,0.0,2026-08-10,,,,,,,,
MDAI,2026-08-07,1.75,1.76,0.005714285714285783,2026-08-10,,,,,,,,
MDB,2026-08-07,398.8,398.0,-0.0020060180541625616,2026-08-10,,,,,,,,
MDBH,2026-08-07,2.92,2.92,0.0,2026-08-10,,,,,,,,
MDCR,2026-08-07,32.81,32.81,0.0,2026-08-10,,,,,,,,
MDCX,2026-08-07,0.3,0.31,0.03333333333333344,2026-08-10,,,,,,,,
MDEV,2026-08-07,20.91,20.91,0.0,2026-08-10,,,,,,,,
MDGL,2026-08-07,510.04,510.04,0.0,2026-08-10,,,,,,,,
MDIA,2026-08-07,0.95,0.95,0.0,2026-08-10,,,,,,,,
MDIV,2026-08-07,16.77,16.77,0.0,2026-08-10,,,,,,,,
MDLN,2026-08-07,35.23,35.65,0.011921657678115372,2026-08-10,,,,,,,,
MDLV,2026-08-07,31.52,31.52,0.0,2026-08-10,,,,,,,,
MDLZ,2026-08-07,62.61,62.7,0.0014374700527073347,2026-08-10,,,,,,,,
MDPL,2026-08-07,29.18,29.18,0.0,2026-08-10,,,,,,,,
MDRR,2026-08-07,11.39,11.39,0.0,2026-08-10,,,,,,,,
MDST,2026-08-07,28.74,28.74,0.0,2026-08-10,,,,,,,,
MDT,2026-08-07,87.16,87.11,-0.0005736576411197181,2026-08-10,,,,,,,,
MDU,2026-08-07,20.55,20.41,-0.0068126520681265346,2026-08-10,,,,,,,,
MDV,2026-08-07,18.13,18.13,0.0,2026-08-10,,,,,,,,
MDWD,2026-08-07,14.39,14.39,0.0,2026-08-10,,,,,,,,
MDXG,2026-08-07,4.34,4.33,-0.0023041474654377225,2026-08-10,,,,,,,,
MDXH,2026-08-07,0.46,0.46,0.0,2026-08-10,,,,,,,,
MDY,2026-08-07,709.16,709.16,0.0,2026-08-10,,,,,,,,
MDYG,2026-08-07,112.06,112.06,0.0,2026-08-10,,,,,,,,
MDYV,2026-08-07,96.66,96.66,0.0,2026-08-10,,,,,,,,
MEAR,2026-08-07,50.17,50.68,0.010165437512457576,2026-08-10,,,,,,,,
MEC,2026-08-07,24.18,24.18,0.0,2026-08-10,,,,,,,,
MED,2026-08-07,12.62,12.62,0.0,2026-08-10,,,,,,,,
MEDI,2026-08-07,33.99,33.99,0.0,2026-08-10,,,,,,,,
MEDP,2026-08-07,590.67,590.67,0.0,2026-08-10,,,,,,,,
MEDS,2026-08-07,1.99,2.25,0.1306532663316582,2026-08-10,,,,,,,,
MEDX,2026-08-07,35.62,35.62,0.0,2026-08-10,,,,,,,,
MEGI,2026-08-07,15.21,15.21,0.0,2026-08-10,,,,,,,,
MEGL,2026-08-07,1.2,1.2,0.0,2026-08-10,,,,,,,,
MEI,2026-08-07,16.67,17.09,0.02519496100779839,2026-08-10,,,,,,,,
MEIB,2026-08-07,25.08,25.08,0.0,2026-08-10,,,,,,,,
MELI,2026-08-07,1820.69,1823.0,0.0012687497597063668,2026-08-10,,,,,,,,
MEM,2026-08-07,43.8,43.8,0.0,2026-08-10,,,,,,,,
MEMA,2026-08-07,30.44,30.44,0.0,2026-08-10,,,,,,,,
MEME,2026-08-07,8.01,8.41,0.04993757802746579,2026-08-10,,,,,,,,
MEMS,2026-08-07,30.8,30.8,0.0,2026-08-10,,,,,,,,
MEMX,2026-08-07,46.67,46.67,0.0,2026-08-10,,,,,,,,
MEMY,2026-08-07,17.37,17.37,0.0,2026-08-10,,,,,,,,
MENS,2026-08-07,2.03,2.03,0.0,2026-08-10,,,,,,,,
MEOH,2026-08-07,53.27,53.27,0.0,2026-08-10,,,,,,,,
MERC,2026-08-07,0.59,0.6,0.016949152542372836,2026-08-10,,,,,,,,
MESH,2026-08-07,10.03,10.02,-0.0009970089730807485,2026-08-10,,,,,,,,
MESO,2026-08-07,15.94,16.72,0.04893350062735258,2026-08-10,,,,,,,,
MET,2026-08-07,97.77,96.87,-0.009205277692543645,2026-08-10,,,,,,,,
META,2026-08-07,592.1,596.01,0.006603614254348855,2026-08-10,,,,,,,,
METC,2026-08-07,10.24,10.36,0.01171875,2026-08-10,,,,,,,,
METD,2026-08-07,16.19,16.14,-0.0030883261272390827,2026-08-10,,,,,,,,
METG,2026-08-07,14.1,14.1,0.0,2026-08-10,,,,,,,,
METL,2026-08-07,27.64,27.64,0.0,2026-08-10,,,,,,,,
METU,2026-08-07,21.42,21.73,0.014472455648926186,2026-08-10,,,,,,,,
METV,2026-08-07,19.19,19.19,0.0,2026-08-10,,,,,,,,
METW,2026-08-07,24.7,24.59,-0.00445344129554659,2026-08-10,,,,,,,,
MEVO,2026-08-07,9.98,9.98,0.0,2026-08-10,,,,,,,,
MEXX,2026-08-07,30.5,30.5,0.0,2026-08-10,,,,,,,,
MF,2026-08-07,9.81,9.81,0.0,2026-08-10,,,,,,,,
MFA,2026-08-07,9.23,9.29,0.006500541711809138,2026-08-10,,,,,,,,
MFC,2026-08-07,44.32,44.4,0.0018050541516245744,2026-08-10,,,,,,,,
MFDX,2026-08-07,42.8,42.8,0.0,2026-08-10,,,,,,,,
MFEB,2026-08-07,33.23,33.23,0.0,2026-08-10,,,,,,,,
MFEM,2026-08-07,27.77,27.77,0.0,2026-08-10,,,,,,,,
MFG,2026-08-07,10.71,10.52,-0.017740429505135547,2026-08-10,,,,,,,,
MFI,2026-08-07,8.01,8.01,0.0,2026-08-10,,,,,,,,
MFIC,2026-08-07,9.76,9.76,0.0,2026-08-10,,,,,,,,
MFIG,2026-08-07,21.47,21.47,0.0,2026-08-10,,,,,,,,
MFIN,2026-08-07,10.9,10.9,0.0,2026-08-10,,,,,,,,
MFLX,2026-08-07,16.98,16.98,0.0,2026-08-10,,,,,,,,
MFM,2026-08-07,5.44,5.44,0.0,2026-08-10,,,,,,,,
MFMO,2026-08-07,23.64,23.64,0.0,2026-08-10,,,,,,,,
MFP,2026-08-07,45.92,45.92,0.0,2026-08-10,,,,,,,,
MFSB,2026-08-07,24.7,24.7,0.0,2026-08-10,,,,,,,,
MFSG,2026-08-07,30.6,30.6,0.0,2026-08-10,,,,,,,,
MFSI,2026-08-07,33.87,33.87,0.0,2026-08-10,,,,,,,,
MFSM,2026-08-07,24.84,24.84,0.0,2026-08-10,,,,,,,,
MFSV,2026-08-07,29.96,29.96,0.0,2026-08-10,,,,,,,,
MFUL,2026-08-07,22.54,22.54,0.0,2026-08-10,,,,,,,,
MFUS,2026-08-07,66.56,66.56,0.0,2026-08-10,,,,,,,,
MFUT,2026-08-07,19.14,19.14,0.0,2026-08-10,,,,,,,,
MFVL,2026-08-07,22.11,22.11,0.0,2026-08-10,,,,,,,,
MG,2026-08-07,16.08,16.08,0.0,2026-08-10,,,,,,,,
MGA,2026-08-07,70.36,71.73,0.019471290505969296,2026-08-10,,,,,,,,
MGC,2026-08-07,283.77,286.62,0.010043344962469725,2026-08-10,,,,,,,,
MGEE,2026-08-07,81.54,82.0,0.005641402992396349,2026-08-10,,,,,,,,
MGF,2026-08-07,2.83,2.83,0.0,2026-08-10,,,,,,,,
MGIH,2026-08-07,1.52,1.47,-0.03289473684210531,2026-08-10,,,,,,,,
MGK,2026-08-07,90.79,91.1,0.003414472959576864,2026-08-10,,,,,,,,
MGKX,2026-08-07,23.8,23.8,0.0,2026-08-10,,,,,,,,
MGLD,2026-08-07,1.07,1.11,0.03738317757009346,2026-08-10,,,,,,,,
MGM,2026-08-07,44.47,44.47,0.0,2026-08-10,,,,,,,,
MGMT,2026-08-07,51.78,51.78,0.0,2026-08-10,,,,,,,,
MGN,2026-08-07,0.1,0.1,0.0,2026-08-10,,,,,,,,
MGNI,2026-08-07,24.72,24.67,-0.0020226537216827545,2026-08-10,,,,,,,,
MGNR,2026-08-07,51.63,51.63,0.0,2026-08-10,,,,,,,,
MGNX,2026-08-07,4.04,3.85,-0.04702970297029707,2026-08-10,,,,,,,,
MGOV,2026-08-07,19.9,19.9,0.0,2026-08-10,,,,,,,,
MGPI,2026-08-07,17.53,17.53,0.0,2026-08-10,,,,,,,,
MGRC,2026-08-07,119.75,119.75,0.0,2026-08-10,,,,,,,,
MGRT,2026-08-07,94.85,94.85,0.0,2026-08-10,,,,,,,,
MGRX,2026-08-07,0.49,0.48,-0.020408163265306145,2026-08-10,,,,,,,,
MGTX,2026-08-07,13.07,13.1,0.002295332823259333,2026-08-10,,,,,,,,
MGV,2026-08-07,166.79,167.5,0.004256849931051132,2026-08-10,,,,,,,,
MGX,2026-08-07,1.23,1.23,0.0,2026-08-10,,,,,,,,
MGY,2026-08-07,25.08,24.8,-0.011164274322168932,2026-08-10,,,,,,,,
MGYR,2026-08-07,19.05,19.05,0.0,2026-08-10,,,,,,,,
MH,2026-08-07,11.6,11.54,-0.005172413793103514,2026-08-10,,,,,,,,
MHD,2026-08-07,11.62,11.62,0.0,2026-08-10,,,,,,,,
MHF,2026-08-07,6.9,6.9,0.0,2026-08-10,,,,,,,,
MHH,2026-08-07,7.76,7.76,0.0,2026-08-10,,,,,,,,
MHIG,2026-08-07,20.18,20.18,0.0,2026-08-10,,,,,,,,
MHIP,2026-08-07,20.77,20.77,0.0,2026-08-10,,,,,,,,
MHK,2026-08-07,136.06,136.06,0.0,2026-08-10,,,,,,,,
MHM,2026-08-07,,,,2026-08-10,,,,,,,,
MHO,2026-08-07,151.99,151.99,0.0,2026-08-10,,,,,,,,
MHX,2026-08-07,15.71,15.71,0.0,2026-08-10,,,,,,,,
MHY,2026-08-07,25.85,25.85,0.0,2026-08-10,,,,,,,,
MI,2026-08-07,7.41,7.5,0.012145748987854255,2026-08-10,,,,,,,,
MIACU,2026-08-07,9.97,9.97,0.0,2026-08-10,,,,,,,,
MIAX,2026-08-07,44.23,44.39,0.003617454216595206,2026-08-10,,,,,,,,
MIC,2026-08-07,11.5,11.81,0.026956521739130546,2026-08-10,,,,,,,,
MICC,2026-08-07,19.27,19.33,0.0031136481577580533,2026-08-10,,,,,,,,
MID,2026-08-07,69.41,69.41,0.0,2026-08-10,,,,,,,,
MIDD,2026-08-07,134.5,134.49,-7.434944237916241e-05,2026-08-10,,,,,,,,
MIDE,2026-08-07,38.95,38.95,0.0,2026-08-10,,,,,,,,
MIDU,2026-08-07,75.59,75.59,0.0,2026-08-10,,,,,,,,
MIG,2026-08-07,20.95,20.95,0.0,2026-08-10,,,,,,,,
MIGO,2026-08-07,30.12,30.12,0.0,2026-08-10,,,,,,,,
MILK,2026-08-07,24.23,24.23,0.0,2026-08-10,,,,,,,,
MILN,2026-08-07,46.62,46.62,0.0,2026-08-10,,,,,,,,
MIMI,2026-08-07,2.04,2.03,-0.004901960784313819,2026-08-10,,,,,,,,
MIN,2026-08-07,2.44,2.44,0.0,2026-08-10,,,,,,,,
MIND,2026-08-07,5.08,5.08,0.0,2026-08-10,,,,,,,,
MINE,2026-08-07,2.68,2.62,-0.022388059701492602,2026-08-10,,,,,,,,
MINN,2026-08-07,22.1,22.1,0.0,2026-08-10,,,,,,,,
MINO,2026-08-07,45.01,45.01,0.0,2026-08-10,,,,,,,,
MINT,2026-08-07,100.58,100.55,-0.0002982700338038935,2026-08-10,,,,,,,,
MINV,2026-08-07,49.45,49.45,0.0,2026-08-10,,,,,,,,
MINY,2026-08-07,38.95,38.95,0.0,2026-08-10,,,,,,,,
MIR,2026-08-07,15.71,15.86,0.00954805856142582,2026-08-10,,,,,,,,
MIRA,2026-08-07,0.74,0.74,0.0,2026-08-10,,,,,,,,
MIRM,2026-08-07,100.65,101.48,0.008246398410332922,2026-08-10,,,,,,,,
MISL,2026-08-07,47.22,47.52,0.006353240152477957,2026-08-10,,,,,,,,
MIST,2026-08-07,1.22,1.26,0.032786885245901676,2026-08-10,,,,,,,,
MITK,2026-08-07,18.49,18.85,0.019469983775013633,2026-08-10,,,,,,,,
MITQ,2026-08-07,0.54,0.54,0.0,2026-08-10,,,,,,,,
MITT,2026-08-07,7.09,6.51,-0.08180535966149505,2026-08-10,,,,,,,,
MIVL,2026-08-07,26.85,26.85,0.0,2026-08-10,,,,,,,,
MIY,2026-08-07,12.19,12.19,0.0,2026-08-10,,,,,,,,
MJ,2026-08-07,23.67,23.67,0.0,2026-08-10,,,,,,,,
MJSC,2026-08-07,62.85,62.85,0.0,2026-08-10,,,,,,,,
MJUN,2026-08-07,32.94,32.94,0.0,2026-08-10,,,,,,,,
MKAM,2026-08-07,32.46,32.46,0.0,2026-08-10,,,,,,,,
MKC,2026-08-07,52.96,52.94,-0.0003776435045317328,2026-08-10,,,,,,,,
MKDW,2026-08-07,11.8,11.8,0.0,2026-08-10,,,,,,,,
MKL,2026-08-07,1875.05,1875.05,0.0,2026-08-10,,,,,,,,
MKLY,2026-08-07,10.23,10.23,0.0,2026-08-10,,,,,,,,
MKOR,2026-08-07,57.5,58.0,0.008695652173912993,2026-08-10,,,,,,,,
MKSI,2026-08-07,304.99,308.62,0.01190202957474007,2026-08-10,,,,,,,,
MKTN,2026-08-07,27.34,27.34,0.0,2026-08-10,,,,,,,,
MKTW,2026-08-07,20.25,20.25,0.0,2026-08-10,,,,,,,,
MKTX,2026-08-07,162.53,161.05,-0.00910601119793264,2026-08-10,,,,,,,,
MKZR,2026-08-07,1.64,1.56,-0.04878048780487798,2026-08-10,,,,,,,,
MLAA,2026-08-07,9.96,9.96,0.0,2026-08-10,,,,,,,,
MLAB,2026-08-07,102.65,102.65,0.0,2026-08-10,,,,,,,,
MLCI,2026-08-07,3.03,2.9,-0.04290429042904287,2026-08-10,,,,,,,,
MLCO,2026-08-07,5.52,5.52,0.0,2026-08-10,,,,,,,,
MLDR,2026-08-07,48.18,48.18,0.0,2026-08-10,,,,,,,,
MLEC,2026-08-07,7.19,7.19,0.0,2026-08-10,,,,,,,,
MLGO,2026-08-07,4.17,4.43,0.062350119904076795,2026-08-10,,,,,,,,
MLI,2026-08-07,68.85,68.85,0.0,2026-08-10,,,,,,,,
MLKN,2026-08-07,24.49,25.0,0.020824826459779677,2026-08-10,,,,,,,,
MLM,2026-08-07,548.57,548.57,0.0,2026-08-10,,,,,,,,
MLN,2026-08-07,17.5,17.5,0.0,2026-08-10,,,,,,,,
MLP,2026-08-07,17.32,17.32,0.0,2026-08-10,,,,,,,,
MLPA,2026-08-07,55.92,55.5,-0.007510729613733891,2026-08-10,,,,,,,,
MLPB,2026-08-07,30.02,30.02,0.0,2026-08-10,,,,,,,,
MLPD,2026-08-07,24.31,24.31,0.0,2026-08-10,,,,,,,,
MLPI,2026-08-07,52.92,53.24,0.006046863189720364,2026-08-10,,,,,,,,
MLPR,2026-08-07,73.67,73.67,0.0,2026-08-10,,,,,,,,
MLPX,2026-08-07,72.92,72.92,0.0,2026-08-10,,,,,,,,
MLR,2026-08-07,54.54,54.54,0.0,2026-08-10,,,,,,,,
MLSS,2026-08-07,0.48,0.48,0.0,2026-08-10,,,,,,,,
MLTX,2026-08-07,18.26,18.01,-0.013691128148959453,2026-08-10,,,,,,,,
MLYS,2026-08-07,27.35,27.3,-0.001828153564899515,2026-08-10,,,,,,,,
MMA,2026-08-07,0.42,0.44,0.04761904761904767,2026-08-10,,,,,,,,
MMAR,2026-08-07,32.87,32.87,0.0,2026-08-10,,,,,,,,
MMAX,2026-08-07,27.3,27.3,0.0,2026-08-10,,,,,,,,
MMAY,2026-08-07,33.26,33.26,0.0,2026-08-10,,,,,,,,
MMCA,2026-08-07,21.48,21.48,0.0,2026-08-10,,,,,,,,
MMD,2026-08-07,15.01,15.01,0.0,2026-08-10,,,,,,,,
MMED,2026-08-07,19.6,19.6,0.0,2026-08-10,,,,,,,,
MMI,2026-08-07,31.48,31.48,0.0,2026-08-10,,,,,,,,
MMID,2026-08-07,27.55,27.55,0.0,2026-08-10,,,,,,,,
MMIN,2026-08-07,23.78,23.78,0.0,2026-08-10,,,,,,,,
MMIT,2026-08-07,24.06,24.06,0.0,2026-08-10,,,,,,,,
MMK,2026-08-07,100.1,100.1,0.0,2026-08-10,,,,,,,,
MMKT,2026-08-07,100.19,100.19,0.0,2026-08-10,,,,,,,,
MMLP,2026-08-07,2.45,2.45,0.0,2026-08-10,,,,,,,,
MMM,2026-08-07,182.9,182.87,-0.00016402405686166688,2026-08-10,,,,,,,,
MMMA,2026-08-07,25.18,25.18,0.0,2026-08-10,,,,,,,,
MMS,2026-08-07,59.19,61.44,0.03801317790167258,2026-08-10,,,,,,,,
MMSC,2026-08-07,28.67,28.67,0.0,2026-08-10,,,,,,,,
MMSD,2026-08-07,25.27,25.27,0.0,2026-08-10,,,,,,,,
MMSI,2026-08-07,89.04,89.04,0.0,2026-08-10,,,,,,,,
MMT,2026-08-07,4.44,4.44,0.0,2026-08-10,,,,,,,,
MMTM,2026-08-07,308.09,308.09,0.0,2026-08-10,,,,,,,,
MMTX,2026-08-07,10.11,10.11,0.0,2026-08-10,,,,,,,,
MMU,2026-08-07,10.14,10.14,0.0,2026-08-10,,,,,,,,
MMYT,2026-08-07,60.01,59.0,-0.01683052824529241,2026-08-10,,,,,,,,
MNA,2026-08-07,36.68,36.68,0.0,2026-08-10,,,,,,,,
MNBD,2026-08-07,25.75,25.75,0.0,2026-08-10,,,,,,,,
MNDO,2026-08-07,1.02,1.02,0.0,2026-08-10,,,,,,,,
MNDR,2026-08-07,1.77,1.68,-0.05084745762711873,2026-08-10,,,,,,,,
MNDY,2026-08-07,93.13,85.99,-0.07666702458928376,2026-08-10,,,,,,,,
MNKD,2026-08-07,4.11,4.01,-0.024330900243309084,2026-08-10,,,,,,,,
MNOV,2026-08-07,1.34,1.34,0.0,2026-08-10,,,,,,,,
MNPR,2026-08-07,119.21,119.21,0.0,2026-08-10,,,,,,,,
MNR,2026-08-07,12.96,13.05,0.00694444444444442,2026-08-10,,,,,,,,
MNRO,2026-08-07,12.73,12.73,0.0,2026-08-10,,,,,,,,
MNRS,2026-08-07,34.13,34.13,0.0,2026-08-10,,,,,,,,
MNSB,2026-08-07,24.1,24.1,0.0,2026-08-10,,,,,,,,
MNSO,2026-08-07,12.55,12.61,0.004780876494023811,2026-08-10,,,,,,,,
MNST,2026-08-07,90.36,90.5,0.001549358123063227,2026-08-10,,,,,,,,
MNSX,2026-08-07,22.76,22.76,0.0,2026-08-10,,,,,,,,
MNTK,2026-08-07,1.79,1.79,0.0,2026-08-10,,,,,,,,
MNTN,2026-08-07,11.11,11.11,0.0,2026-08-10,,,,,,,,
MNTS,2026-08-07,4.92,5.03,0.022357723577235866,2026-08-10,,,,,,,,
MNVR,2026-08-07,33.13,33.13,0.0,2026-08-10,,,,,,,,
MNVT,2026-08-07,29.36,29.36,0.0,2026-08-10,,,,,,,,
MNY,2026-08-07,0.92,0.92,0.0,2026-08-10,,,,,,,,
MNZL,2026-08-07,60.61,60.61,0.0,2026-08-10,,,,,,,,
MO,2026-08-07,68.35,68.31,-0.0005852231163129273,2026-08-10,,,,,,,,
MOAT,2026-08-07,112.27,112.27,0.0,2026-08-10,,,,,,,,
MOB,2026-08-07,5.91,6.23,0.05414551607445017,2026-08-10,,,,,,,,
MOBI,2026-08-07,12.24,12.24,0.0,2026-08-10,,,,,,,,
MOBX,2026-08-07,1.71,1.74,0.01754385964912286,2026-08-10,,,,,,,,
MOD,2026-08-07,195.6,198.0,0.012269938650306678,2026-08-10,,,,,,,,
MODD,2026-08-07,2.2,2.15,-0.022727272727272818,2026-08-10,,,,,,,,
MODL,2026-08-07,52.84,52.84,0.0,2026-08-10,,,,,,,,
MOG-A,2026-08-07,403.11,405.4,0.005680831534816688,2026-08-10,,,,,,,,
MOGU,2026-08-07,1.87,1.87,0.0,2026-08-10,,,,,,,,
MOH,2026-08-07,196.45,196.73,0.0014252990582845904,2026-08-10,,,,,,,,
MOLN,2026-08-07,4.12,4.12,0.0,2026-08-10,,,,,,,,
MOMO,2026-08-07,5.86,5.86,0.0,2026-08-10,,,,,,,,
MOO,2026-08-07,81.1,81.1,0.0,2026-08-10,,,,,,,,
MOOD,2026-08-07,44.01,44.01,0.0,2026-08-10,,,,,,,,
MORN,2026-08-07,200.66,208.97,0.04141333599122898,2026-08-10,,,,,,,,
MORT,2026-08-07,9.89,9.87,-0.002022244691607833,2026-08-10,,,,,,,,
MOS,2026-08-07,23.06,23.08,0.0008673026886383273,2026-08-10,,,,,,,,
MOTG,2026-08-07,41.6,41.6,0.0,2026-08-10,,,,,,,,
MOTI,2026-08-07,37.51,37.51,0.0,2026-08-10,,,,,,,,
MOTO,2026-08-07,63.57,63.57,0.0,2026-08-10,,,,,,,,
MOV,2026-08-07,37.84,38.23,0.01030655391120483,2026-08-10,,,,,,,,
MOVE,2026-08-07,12.96,12.57,-0.03009259259259267,2026-08-10,,,,,,,,
MP,2026-08-07,51.11,52.76,0.03228331050675015,2026-08-10,,,,,,,,
MPA,2026-08-07,11.1,11.1,0.0,2026-08-10,,,,,,,,
MPAA,2026-08-07,13.63,13.63,0.0,2026-08-10,,,,,,,,
MPB,2026-08-07,37.6,37.6,0.0,2026-08-10,,,,,,,,
MPC,2026-08-07,298.2,301.18,0.00999329309188468,2026-08-10,,,,,,,,
MPG,2026-08-07,4.57,4.84,0.05908096280087527,2026-08-10,,,,,,,,
MPL,2026-08-07,12.48,12.9,0.033653846153846256,2026-08-10,,,,,,,,
MPLT,2026-08-07,12.17,12.09,-0.006573541495480728,2026-08-10,,,,,,,,
MPLX,2026-08-07,58.85,58.85,0.0,2026-08-10,,,,,,,,
MPLY,2026-08-07,32.76,32.76,0.0,2026-08-10,,,,,,,,
MPRO,2026-08-07,32.68,32.68,0.0,2026-08-10,,,,,,,,
MPT,2026-08-07,4.7,4.71,0.0021276595744681437,2026-08-10,,,,,,,,
MPTI,2026-08-07,88.04,88.04,0.0,2026-08-10,,,,,,,,
MPU,2026-08-07,0.2,0.2,0.0,2026-08-10,,,,,,,,
MPV,2026-08-07,16.37,16.37,0.0,2026-08-10,,,,,,,,
MPWC,2026-08-07,25.77,25.77,0.0,2026-08-10,,,,,,,,
MPWR,2026-08-07,1401.54,1426.77,0.018001626781968483,2026-08-10,,,,,,,,
MPWX,2026-08-07,16.46,16.46,0.0,2026-08-10,,,,,,,,
MQ,2026-08-07,15.96,15.98,0.0012531328320801727,2026-08-10,,,,,,,,
MQQQ,2026-08-07,232.99,232.99,0.0,2026-08-10,,,,,,,,
MQY,2026-08-07,11.37,11.37,0.0,2026-08-10,,,,,,,,
MRA,2026-08-07,20.05,20.05,0.0,2026-08-10,,,,,,,,
MRAL,2026-08-07,33.17,33.55,0.011456135061802764,2026-08-10,,,,,,,,
MRAM,2026-08-07,16.64,16.8,0.009615384615384581,2026-08-10,,,,,,,,
MRBK,2026-08-07,19.7,19.7,0.0,2026-08-10,,,,,,,,
MRCOU,2026-08-07,10.02,10.02,0.0,2026-08-10,,,,,,,,
MRCP,2026-08-07,35.03,35.03,0.0,2026-08-10,,,,,,,,
MRCY,2026-08-07,108.64,109.0,0.003313696612665673,2026-08-10,,,,,,,,
MRDN,2026-08-07,14.42,14.42,0.0,2026-08-10,,,,,,,,
MREO,2026-08-07,0.3,0.3,0.0,2026-08-10,,,,,,,,
MRGR,2026-08-07,45.46,45.46,0.0,2026-08-10,,,,,,,,
MRK,2026-08-07,128.58,128.51,-0.0005444081505678877,2026-08-10,,,,,,,,
MRKR,2026-08-07,1.12,1.12,0.0,2026-08-10,,,,,,,,
MRLN,2026-08-07,4.44,4.45,0.0022522522522521182,2026-08-10,,,,,,,,
MRM,2026-08-07,0.96,0.96,0.0,2026-08-10,,,,,,,,
MRNA,2026-08-07,59.17,60.74,0.02653371641034319,2026-08-10,,,,,,,,
MRNO,2026-08-07,0.21,0.21,0.0,2026-08-10,,,,,,,,
MRNX,2026-08-07,27.92,29.37,0.05193409742120347,2026-08-10,,,,,,,,
MRNY,2026-08-07,15.24,15.5,0.017060367454068137,2026-08-10,,,,,,,,
MRP,2026-08-07,28.98,29.14,0.00552104899930983,2026-08-10,,,,,,,,
MRSH,2026-08-07,191.65,191.65,0.0,2026-08-10,,,,,,,,
MRSK,2026-08-07,39.74,39.77,0.0007549068948162763,2026-08-10,,,,,,,,
MRT,2026-08-07,1.75,1.78,0.017142857142857126,2026-08-10,,,,,,,,
MRTN,2026-08-07,14.95,15.01,0.004013377926421535,2026-08-10,,,,,,,,
MRVI,2026-08-07,6.23,6.34,0.017656500802568198,2026-08-10,,,,,,,,
MRVL,2026-08-07,218.72,222.13,0.01559070958302855,2026-08-10,,,,,,,,
MRVU,2026-08-07,110.1,113.62,0.031970935513169874,2026-08-10,,,,,,,,
MRVX,2026-08-07,23.19,23.19,0.0,2026-08-10,,,,,,,,
MRX,2026-08-07,60.81,60.81,0.0,2026-08-10,,,,,,,,
MS,2026-08-07,216.33,216.4,0.0003235797161742493,2026-08-10,,,,,,,,
MSA,2026-08-07,194.19,194.19,0.0,2026-08-10,,,,,,,,
MSAI,2026-08-07,5.32,4.44,-0.16541353383458646,2026-08-10,,,,,,,,
MSB,2026-08-07,23.32,23.32,0.0,2026-08-10,,,,,,,,
MSBI,2026-08-07,33.49,33.49,0.0,2026-08-10,,,,,,,,
MSBT,2026-08-07,18.62,18.72,0.005370569280343629,2026-08-10,,,,,,,,
MSC,2026-08-07,1.81,1.78,-0.016574585635359185,2026-08-10,,,,,,,,
MSCI,2026-08-07,563.17,561.64,-0.002716764032174912,2026-08-10,,,,,,,,
MSD,2026-08-07,7.33,7.33,0.0,2026-08-10,,,,,,,,
MSDL,2026-08-07,15.43,15.43,0.0,2026-08-10,,,,,,,,
MSEP,2026-08-07,32.64,32.64,0.0,2026-08-10,,,,,,,,
MSEX,2026-08-07,58.22,58.22,0.0,2026-08-10,,,,,,,,
MSFC,2026-08-07,48.25,48.25,0.0,2026-08-10,,,,,,,,
MSFD,2026-08-07,10.3,10.32,0.0019417475728153999,2026-08-10,,,,,,,,
MSFL,2026-08-07,25.44,25.46,0.0007861635220125507,2026-08-10,,,,,,,,
MSFO,2026-08-07,12.78,12.71,-0.00547730829420956,2026-08-10,,,,,,,,
MSFT,2026-08-07,499.99,499.26,-0.0014600292005840787,2026-08-10,,,,,,,,
MSFU,2026-08-07,38.26,38.25,-0.000261369576581183,2026-08-10,,,,,,,,
MSFW,2026-08-07,33.55,33.55,0.0,2026-08-10,,,,,,,,
MSFX,2026-08-07,25.32,25.15,-0.006714060031595692,2026-08-10,,,,,,,,
MSFY,2026-08-07,20.64,20.64,0.0,2026-08-10,,,,,,,,
MSGE,2026-08-07,76.55,76.59,0.0005225342913128816,2026-08-10,,,,,,,,
MSGM,2026-08-07,4.1,4.1,0.0,2026-08-10,,,,,,,,
MSGS,2026-08-07,389.99,389.99,0.0,2026-08-10,,,,,,,,
MSGY,2026-08-07,0.27,0.27,0.0,2026-08-10,,,,,,,,
MSI,2026-08-07,467.55,469.34,0.00382846754357824,2026-08-10,,,,,,,,
MSIF,2026-08-07,12.48,12.48,0.0,2026-08-10,,,,,,,,
MSIX,2026-08-07,35.14,35.14,0.0,2026-08-10,,,,,,,,
MSLC,2026-08-07,61.22,61.22,0.0,2026-08-10,,,,,,,,
MSLE,2026-08-07,10.03,10.03,0.0,2026-08-10,,,,,,,,
MSM,2026-08-07,122.92,122.92,0.0,2026-08-10,,,,,,,,
MSMR,2026-08-07,34.96,34.96,0.0,2026-08-10,,,,,,,,
MSN,2026-08-07,0.37,0.37,0.0,2026-08-10,,,,,,,,
MSOL,2026-08-07,20.02,20.02,0.0,2026-08-10,,,,,,,,
MSOS,2026-08-07,4.38,4.4,0.004566210045662267,2026-08-10,,,,,,,,
MSOX,2026-08-07,2.36,2.44,0.033898305084745894,2026-08-10,,,,,,,,
MSR,2026-08-07,14.28,14.28,0.0,2026-08-10,,,,,,,,
MSS,2026-08-07,1.27,1.32,0.03937007874015741,2026-08-10,,,,,,,,
MSSE,2026-08-07,20.63,20.63,0.0,2026-08-10,,,,,,,,
MSSM,2026-08-07,61.33,61.33,0.0,2026-08-10,,,,,,,,
MSSS,2026-08-07,36.83,36.83,0.0,2026-08-10,,,,,,,,
MSST,2026-08-07,23.3,23.3,0.0,2026-08-10,,,,,,,,
MST,2026-08-07,8.76,9.06,0.03424657534246589,2026-08-10,,,,,,,,
MSTB,2026-08-07,44.38,44.38,0.0,2026-08-10,,,,,,,,
MSTC,2026-08-07,31.88,31.88,0.0,2026-08-10,,,,,,,,
MSTI,2026-08-07,20.19,20.19,0.0,2026-08-10,,,,,,,,
MSTP,2026-08-07,13.97,13.97,0.0,2026-08-10,,,,,,,,
MSTQ,2026-08-07,39.2,39.2,0.0,2026-08-10,,,,,,,,
MSTR,2026-08-07,100.01,100.69,0.00679932006799322,2026-08-10,,,,,,,,
MSTU,2026-08-07,2.0,2.03,0.014999999999999902,2026-08-10,,,,,,,,
MSTW,2026-08-07,3.43,3.43,0.0,2026-08-10,,,,,,,,
MSTX,2026-08-07,9.13,9.26,0.014238773274917849,2026-08-10,,,,,,,,
MSTY,2026-08-07,12.82,12.92,0.007800312012480548,2026-08-10,,,,,,,,
MSTZ,2026-08-07,10.3,10.15,-0.014563106796116498,2026-08-10,,,,,,,,
MT,2026-08-07,73.29,72.96,-0.004502660663119329,2026-08-10,,,,,,,,
MTA,2026-08-07,8.75,8.85,0.011428571428571344,2026-08-10,,,,,,,,
MTAKU,2026-08-07,9.97,9.97,0.0,2026-08-10,,,,,,,,
MTAL,2026-08-07,10.15,10.15,0.0,2026-08-10,,,,,,,,
MTB,2026-08-07,250.45,250.45,0.0,2026-08-10,,,,,,,,
MTBA,2026-08-07,48.68,48.68,0.0,2026-08-10,,,,,,,,
MTC,2026-08-07,3.0,3.0,0.0,2026-08-10,,,,,,,,
MTCH,2026-08-07,37.26,37.29,0.0008051529790660261,2026-08-10,,,,,,,,
MTD,2026-08-07,1429.46,1429.46,0.0,2026-08-10,,,,,,,,
MTDR,2026-08-07,49.06,49.21,0.0030574806359560114,2026-08-10,,,,,,,,
MTEK,2026-08-07,1.17,1.17,0.0,2026-08-10,,,,,,,,
MTEN,2026-08-07,0.88,0.94,0.06818181818181812,2026-08-10,,,,,,,,
MTEX,2026-08-07,4.79,4.79,0.0,2026-08-10,,,,,,,,
MTG,2026-08-07,30.48,30.48,0.0,2026-08-10,,,,,,,,
MTGP,2026-08-07,43.69,43.69,0.0,2026-08-10,,,,,,,,
MTH,2026-08-07,74.59,74.5,-0.001206596058452969,2026-08-10,,,,,,,,
MTLS,2026-08-07,6.85,6.85,0.0,2026-08-10,,,,,,,,
MTN,2026-08-07,148.83,148.83,0.0,2026-08-10,,,,,,,,
MTNB,2026-08-07,0.28,0.28,0.0,2026-08-10,,,,,,,,
MTNE,2026-08-07,9.87,9.87,0.0,2026-08-10,,,,,,,,
MTNE-U,2026-08-07,10.01,10.01,0.0,2026-08-10,,,,,,,,
MTR,2026-08-07,2.86,2.86,0.0,2026-08-10,,,,,,,,
MTRA,2026-08-07,27.24,27.24,0.0,2026-08-10,,,,,,,,
MTRN,2026-08-07,290.05,290.0,-0.00017238407171182857,2026-08-10,,,,,,,,
MTRX,2026-08-07,11.91,11.91,0.0,2026-08-10,,,,,,,,
MTSG,2026-08-07,8.21,8.21,0.0,2026-08-10,,,,,,,,
MTSI,2026-08-07,310.82,314.95,0.013287433241104152,2026-08-10,,,,,,,,
MTUL,2026-08-07,55.2,55.2,0.0,2026-08-10,,,,,,,,
MTUM,2026-08-07,309.32,311.97,0.008567179619811238,2026-08-10,,,,,,,,
MTUS,2026-08-07,21.67,21.67,0.0,2026-08-10,,,,,,,,
MTVA,2026-08-07,1.49,1.48,-0.006711409395973145,2026-08-10,,,,,,,,
MTW,2026-08-07,18.81,18.68,-0.006911217437533201,2026-08-10,,,,,,,,
MTX,2026-08-07,75.29,75.29,0.0,2026-08-10,,,,,,,,
MTYY,2026-08-07,18.28,18.28,0.0,2026-08-10,,,,,,,,
MTZ,2026-08-07,272.46,273.73,0.004661234676649917,2026-08-10,,,,,,,,
MU,2026-08-07,877.57,873.92,-0.004159212370523302,2026-08-10,,,,,,,,
MUA,2026-08-07,10.26,10.26,0.0,2026-08-10,,,,,,,,
MUB,2026-08-07,105.94,105.94,0.0,2026-08-10,,,,,,,,
MUC,2026-08-07,10.71,10.71,0.0,2026-08-10,,,,,,,,
MUD,2026-08-07,11.54,11.6,0.005199306759098743,2026-08-10,,,,,,,,
MUFG,2026-08-07,22.49,22.14,-0.015562472209870948,2026-08-10,,,,,,,,
MUIB,2026-08-07,27.02,27.02,0.0,2026-08-10,,,,,,,,
MUJ,2026-08-07,12.29,12.3,0.0008136696501221952,2026-08-10,,,,,,,,
MULL,2026-08-07,18.54,18.4,-0.007551240560949357,2026-08-10,,,,,,,,
MULT,2026-08-07,25.01,25.01,0.0,2026-08-10,,,,,,,,
MUNA,2026-08-07,99.78,99.78,0.0,2026-08-10,,,,,,,,
MUNB,2026-08-07,100.23,100.23,0.0,2026-08-10,,,,,,,,
MUNC,2026-08-07,101.08,101.08,0.0,2026-08-10,,,,,,,,
MUND,2026-08-07,101.81,101.81,0.0,2026-08-10,,,,,,,,
MUNI,2026-08-07,51.91,51.91,0.0,2026-08-10,,,,,,,,
MUNX,2026-08-07,24.82,24.82,0.0,2026-08-10,,,,,,,,
MUNY,2026-08-07,102.25,102.25,0.0,2026-08-10,,,,,,,,
MUR,2026-08-07,33.37,33.5,0.0038957147138147796,2026-08-10,,,,,,,,
MUSA,2026-08-07,520.07,520.09,3.845636164356847e-05,2026-08-10,,,,,,,,
MUSE,2026-08-07,49.53,49.53,0.0,2026-08-10,,,,,,,,
MUSI,2026-08-07,43.16,43.16,0.0,2026-08-10,,,,,,,,
MUSQ,2026-08-07,25.81,26.0,0.007361487795428223,2026-08-10,,,,,,,,
MUST,2026-08-07,20.37,20.37,0.0,2026-08-10,,,,,,,,
MUU,2026-08-07,26.62,26.4,-0.008264462809917439,2026-08-10,,,,,,,,
MUX,2026-08-07,19.19,19.25,0.0031266284523188137,2026-08-10,,,,,,,,
MUYY,2026-08-07,19.54,19.5,-0.0020470829068577334,2026-08-10,,,,,,,,
MUZ,2026-08-07,11.69,11.8,0.009409751924722043,2026-08-10,,,,,,,,
MUZE,2026-08-07,9.99,9.99,0.0,2026-08-10,,,,,,,,
MVAL,2026-08-07,39.33,39.33,0.0,2026-08-10,,,,,,,,
MVBF,2026-08-07,29.97,29.97,0.0,2026-08-10,,,,,,,,
MVFD,2026-08-07,30.62,30.62,0.0,2026-08-10,,,,,,,,
MVFG,2026-08-07,35.55,35.55,0.0,2026-08-10,,,,,,,,
MVIS,2026-08-07,3.38,3.7,0.09467455621301779,2026-08-10,,,,,,,,
MVLL,2026-08-07,27.11,27.98,0.03209147915898192,2026-08-10,,,,,,,,
MVO,2026-08-07,0.6,,,2026-08-10,,,,,,,,
MVPA,2026-08-07,36.94,36.94,0.0,2026-08-10,,,,,,,,
MVPL,2026-08-07,45.11,45.11,0.0,2026-08-10,,,,,,,,
MVRL,2026-08-07,13.25,13.25,0.0,2026-08-10,,,,,,,,
MVST,2026-08-07,0.91,0.94,0.03296703296703285,2026-08-10,,,,,,,,
MVV,2026-08-07,92.95,92.95,0.0,2026-08-10,,,,,,,,
MWA,2026-08-07,26.65,26.65,0.0,2026-08-10,,,,,,,,
MWC,2026-08-07,1.41,1.49,0.05673758865248235,2026-08-10,,,,,,,,
MWG,2026-08-07,1.14,1.14,0.0,2026-08-10,,,,,,,,
MWH,2026-08-07,29.03,29.1,0.0024112986565620886,2026-08-10,,,,,,,,
MWHS,2026-08-07,17.82,17.82,0.0,2026-08-10,,,,,,,,
MWYN,2026-08-07,0.71,0.71,0.0,2026-08-10,,,,,,,,
MX,2026-08-07,3.98,3.99,0.002512562814070307,2026-08-10,,,,,,,,
MXC,2026-08-07,9.31,9.31,0.0,2026-08-10,,,,,,,,
MXCT,2026-08-07,1.18,1.18,0.0,2026-08-10,,,,,,,,
MXE,2026-08-07,13.55,13.55,0.0,2026-08-10,,,,,,,,
MXF,2026-08-07,21.87,21.87,0.0,2026-08-10,,,,,,,,
MXI,2026-08-07,112.99,112.99,0.0,2026-08-10,,,,,,,,
MXL,2026-08-07,74.98,75.8,0.010936249666577691,2026-08-10,,,,,,,,
MYCF,2026-08-07,25.01,25.01,0.0,2026-08-10,,,,,,,,
MYCG,2026-08-07,24.93,24.93,0.0,2026-08-10,,,,,,,,
MYCH,2026-08-07,24.83,24.83,0.0,2026-08-10,,,,,,,,
MYCI,2026-08-07,24.67,24.67,0.0,2026-08-10,,,,,,,,
MYCJ,2026-08-07,24.49,24.49,0.0,2026-08-10,,,,,,,,
MYCK,2026-08-07,24.58,24.58,0.0,2026-08-10,,,,,,,,
MYCL,2026-08-07,24.41,24.41,0.0,2026-08-10,,,,,,,,
MYCM,2026-08-07,24.31,24.31,0.0,2026-08-10,,,,,,,,
MYCN,2026-08-07,24.12,24.12,0.0,2026-08-10,,,,,,,,
MYCO,2026-08-07,24.06,24.06,0.0,2026-08-10,,,,,,,,
MYE,2026-08-07,34.37,34.37,0.0,2026-08-10,,,,,,,,
MYFW,2026-08-07,31.34,31.34,0.0,2026-08-10,,,,,,,,
MYGN,2026-08-07,3.26,3.39,0.039877300613497146,2026-08-10,,,,,,,,
MYHA,2026-08-07,24.89,24.89,0.0,2026-08-10,,,,,,,,
MYHB,2026-08-07,24.95,24.95,0.0,2026-08-10,,,,,,,,
MYHC,2026-08-07,25.08,25.08,0.0,2026-08-10,,,,,,,,
MYHD,2026-08-07,25.0,25.0,0.0,2026-08-10,,,,,,,,
MYHE,2026-08-07,24.88,24.88,0.0,2026-08-10,,,,,,,,
MYI,2026-08-07,10.84,10.84,0.0,2026-08-10,,,,,,,,
MYLD,2026-08-07,33.91,33.91,0.0,2026-08-10,,,,,,,,
MYMF,2026-08-07,24.82,24.82,0.0,2026-08-10,,,,,,,,
MYMG,2026-08-07,24.61,24.61,0.0,2026-08-10,,,,,,,,
MYMH,2026-08-07,24.46,24.46,0.0,2026-08-10,,,,,,,,
MYMI,2026-08-07,24.58,24.58,0.0,2026-08-10,,,,,,,,
MYMJ,2026-08-07,24.68,24.68,0.0,2026-08-10,,,,,,,,
MYMK,2026-08-07,24.85,24.85,0.0,2026-08-10,,,,,,,,
MYN,2026-08-07,9.85,9.85,0.0,2026-08-10,,,,,,,,
MYND,2026-08-07,0.41,0.41,0.0,2026-08-10,,,,,,,,
MYO,2026-08-07,1.42,1.44,0.014084507042253502,2026-08-10,,,,,,,,
MYPS,2026-08-07,0.7,0.7,0.0,2026-08-10,,,,,,,,
MYRG,2026-08-07,337.42,342.91,0.016270523383320468,2026-08-10,,,,,,,,
MYSE,2026-08-07,2.53,2.59,0.02371541501976293,2026-08-10,,,,,,,,
MYSZ,2026-08-07,0.39,0.39,0.0,2026-08-10,,,,,,,,
MYX,2026-08-07,9.94,9.94,0.0,2026-08-10,,,,,,,,
MYY,2026-08-07,14.88,14.88,0.0,2026-08-10,,,,,,,,
MZTI,2026-08-07,113.48,113.5,0.00017624250969339172,2026-08-10,,,,,,,,
MZYX,2026-08-07,9.92,9.92,0.0,2026-08-10,,,,,,,,
MZZ,2026-08-07,5.68,5.68,0.0,2026-08-10,,,,,,,,
NAAS,2026-08-07,3.46,3.46,0.0,2026-08-10,,,,,,,,
NABL,2026-08-07,4.99,4.42,-0.11422845691382766,2026-08-10,,,,,,,,
NAC,2026-08-07,11.84,11.84,0.0,2026-08-10,,,,,,,,
NACP,2026-08-07,60.26,60.26,0.0,2026-08-10,,,,,,,,
NAD,2026-08-07,11.89,11.89,0.0,2026-08-10,,,,,,,,
NAGE,2026-08-07,3.12,3.15,0.009615384615384581,2026-08-10,,,,,,,,
NAII,2026-08-07,2.37,2.37,0.0,2026-08-10,,,,,,,,
NAIL,2026-08-07,45.03,44.92,-0.002442815900510764,2026-08-10,,,,,,,,
NAK,2026-08-07,1.71,1.71,0.0,2026-08-10,,,,,,,,
NAKA,2026-08-07,4.98,4.92,-0.012048192771084487,2026-08-10,,,,,,,,
NAMI,2026-08-07,4.41,3.58,-0.1882086167800454,2026-08-10,,,,,,,,
NAMM,2026-08-07,1.35,1.38,0.022222222222222143,2026-08-10,,,,,,,,
NAMS,2026-08-07,27.96,28.37,0.014663805436337718,2026-08-10,,,,,,,,
NAN,2026-08-07,11.3,11.3,0.0,2026-08-10,,,,,,,,
NANC,2026-08-07,52.16,54.38,0.04256134969325176,2026-08-10,,,,,,,,
NANR,2026-08-07,83.05,83.05,0.0,2026-08-10,,,,,,,,
NAPR,2026-08-07,59.84,59.84,0.0,2026-08-10,,,,,,,,
NASA,2026-08-07,25.55,26.07,0.020352250489236834,2026-08-10,,,,,,,,
NAT,2026-08-07,6.46,6.45,-0.001547987616099089,2026-08-10,,,,,,,,
NATH,2026-08-07,98.01,98.01,0.0,2026-08-10,,,,,,,,
NATL,2026-08-07,46.58,46.58,0.0,2026-08-10,,,,,,,,
NATO,2026-08-07,43.36,43.36,0.0,2026-08-10,,,,,,,,
NATR,2026-08-07,16.38,16.38,0.0,2026-08-10,,,,,,,,
NAUG,2026-08-07,32.69,32.69,0.0,2026-08-10,,,,,,,,
NAUT,2026-08-07,0.9,0.94,0.04444444444444429,2026-08-10,,,,,,,,
NAVI,2026-08-07,9.08,9.05,-0.0033039647577092213,2026-08-10,,,,,,,,
NAVN,2026-08-07,29.08,29.1,0.0006877579092161579,2026-08-10,,,,,,,,
NAZ,2026-08-07,12.34,12.34,0.0,2026-08-10,,,,,,,,
NB,2026-08-07,5.36,5.39,0.005597014925373012,2026-08-10,,,,,,,,
NBB,2026-08-07,15.4,15.4,0.0,2026-08-10,,,,,,,,
NBBK,2026-08-07,22.58,22.58,0.0,2026-08-10,,,,,,,,
NBCE,2026-08-07,40.53,40.53,0.0,2026-08-10,,,,,,,,
NBCM,2026-08-07,28.72,28.72,0.0,2026-08-10,,,,,,,,
NBCR,2026-08-07,34.82,34.82,0.0,2026-08-10,,,,,,,,
NBDS,2026-08-07,41.65,41.65,0.0,2026-08-10,,,,,,,,
NBET,2026-08-07,39.5,39.5,0.0,2026-08-10,,,,,,,,
NBFC,2026-08-07,50.66,50.66,0.0,2026-08-10,,,,,,,,
NBFR,2026-08-07,26.62,26.62,0.0,2026-08-10,,,,,,,,
NBGX,2026-08-07,30.18,30.18,0.0,2026-08-10,,,,,,,,
NBH,2026-08-07,10.27,10.27,0.0,2026-08-10,,,,,,,,
NBHC,2026-08-07,42.62,42.89,0.006335053965274673,2026-08-10,,,,,,,,
NBIC,2026-08-07,15.75,15.75,0.0,2026-08-10,,,,,,,,
NBIE,2026-08-07,27.73,27.73,0.0,2026-08-10,,,,,,,,
NBIG,2026-08-07,13.56,13.45,-0.008112094395280378,2026-08-10,,,,,,,,
NBIL,2026-08-07,19.69,19.43,-0.013204672422549635,2026-08-10,,,,,,,,
NBIS,2026-08-07,187.97,186.98,-0.0052667978932808834,2026-08-10,,,,,,,,
NBIX,2026-08-07,163.41,163.41,0.0,2026-08-10,,,,,,,,
NBIZ,2026-08-07,17.53,17.75,0.012549914432401499,2026-08-10,,,,,,,,
NBJP,2026-08-07,36.7,36.7,0.0,2026-08-10,,,,,,,,
NBN,2026-08-07,133.44,133.44,0.0,2026-08-10,,,,,,,,
NBOS,2026-08-07,28.54,28.54,0.0,2026-08-10,,,,,,,,
NBP,2026-08-07,1.75,1.75,0.0,2026-08-10,,,,,,,,
NBR,2026-08-07,81.59,81.59,0.0,2026-08-10,,,,,,,,
NBRG,2026-08-07,9.99,9.99,0.0,2026-08-10,,,,,,,,
NBSD,2026-08-07,50.6,50.6,0.0,2026-08-10,,,,,,,,
NBSM,2026-08-07,29.23,29.23,0.0,2026-08-10,,,,,,,,
NBTB,2026-08-07,52.66,51.78,-0.01671097607292049,2026-08-10,,,,,,,,
NBTR,2026-08-07,49.31,49.31,0.0,2026-08-10,,,,,,,,
NBTX,2026-08-07,38.22,38.61,0.010204081632653184,2026-08-10,,,,,,,,
NBXG,2026-08-07,15.26,15.26,0.0,2026-08-10,,,,,,,,
NC,2026-08-07,42.37,42.37,0.0,2026-08-10,,,,,,,,
NCA,2026-08-07,9.11,9.11,0.0,2026-08-10,,,,,,,,
NCDL,2026-08-07,12.82,12.86,0.0031201248049921304,2026-08-10,,,,,,,,
NCEL,2026-08-07,3.31,3.31,0.0,2026-08-10,,,,,,,,
NCEW,2026-08-07,16.12,16.12,0.0,2026-08-10,,,,,,,,
NCI,2026-08-07,11.7,11.5,-0.017094017094017033,2026-08-10,,,,,,,,
NCIQ,2026-08-07,16.14,16.14,0.0,2026-08-10,,,,,,,,
NCLD,2026-08-07,22.75,22.89,0.006153846153846176,2026-08-10,,,,,,,,
NCLH,2026-08-07,19.25,19.21,-0.002077922077922012,2026-08-10,,,,,,,,
NCLO,2026-08-07,25.0,25.34,0.013600000000000056,2026-08-10,,,,,,,,
NCMI,2026-08-07,4.03,4.03,0.0,2026-08-10,,,,,,,,
NCNA,2026-08-07,1.47,1.34,-0.08843537414965974,2026-08-10,,,,,,,,
NCNO,2026-08-07,19.17,19.5,0.01721439749608744,2026-08-10,,,,,,,,
NCO,2026-08-07,9.85,9.85,0.0,2026-08-10,,,,,,,,
NCPB,2026-08-07,24.61,24.61,0.0,2026-08-10,,,,,,,,
NCPL,2026-08-07,0.41,0.43,0.04878048780487809,2026-08-10,,,,,,,,
NCRA,2026-08-07,1.97,2.01,0.02030456852791862,2026-08-10,,,,,,,,
NCSM,2026-08-07,47.75,47.75,0.0,2026-08-10,,,,,,,,
NCT,2026-08-07,3.5,3.41,-0.02571428571428569,2026-08-10,,,,,,,,
NCTY,2026-08-07,4.71,4.71,0.0,2026-08-10,,,,,,,,
NCV,2026-08-07,17.25,17.25,0.0,2026-08-10,,,,,,,,
NCZ,2026-08-07,15.83,15.83,0.0,2026-08-10,,,,,,,,
NDAA,2026-08-07,24.41,24.41,0.0,2026-08-10,,,,,,,,
NDAQ,2026-08-07,94.59,95.27,0.007188920604715099,2026-08-10,,,,,,,,
NDEC,2026-08-07,30.31,30.31,0.0,2026-08-10,,,,,,,,
NDIA,2026-08-07,27.89,27.89,0.0,2026-08-10,,,,,,,,
NDIV,2026-08-07,33.32,33.32,0.0,2026-08-10,,,,,,,,
NDLS,2026-08-07,17.95,17.95,0.0,2026-08-10,,,,,,,,
NDMO,2026-08-07,10.02,10.02,0.0,2026-08-10,,,,,,,,
NDOW,2026-08-07,29.32,29.32,0.0,2026-08-10,,,,,,,,
NDRA,2026-08-07,4.6,4.3,-0.06521739130434778,2026-08-10,,,,,,,,
NDSN,2026-08-07,310.11,310.11,0.0,2026-08-10,,,,,,,,
NE,2026-08-07,40.77,40.04,-0.017905322541084234,2026-08-10,,,,,,,,
NEA,2026-08-07,11.43,11.43,0.0,2026-08-10,,,,,,,,
NEAR,2026-08-07,50.47,50.47,0.0,2026-08-10,,,,,,,,
NEBX,2026-08-07,20.24,20.0,-0.011857707509881354,2026-08-10,,,,,,,,
NECB,2026-08-07,26.68,26.68,0.0,2026-08-10,,,,,,,,
NEE,2026-08-07,84.65,85.0,0.0041346721795627595,2026-08-10,,,,,,,,
NEGG,2026-08-07,17.12,17.12,0.0,2026-08-10,,,,,,,,
NEHI,2026-08-07,27.15,27.15,0.0,2026-08-10,,,,,,,,
NELS,2026-08-07,29.53,29.53,0.0,2026-08-10,,,,,,,,
NEM,2026-08-07,112.98,113.96,0.008674101610904428,2026-08-10,,,,,,,,
NEMD,2026-08-07,52.8,52.8,0.0,2026-08-10,,,,,,,,
NEMG,2026-08-07,19.21,19.21,0.0,2026-08-10,,,,,,,,
NEN,2026-08-07,56.3,56.3,0.0,2026-08-10,,,,,,,,
NEO,2026-08-07,16.57,16.64,0.004224502112251116,2026-08-10,,,,,,,,
NEOG,2026-08-07,11.47,11.83,0.03138622493461196,2026-08-10,,,,,,,,
NEON,2026-08-07,0.97,0.94,-0.030927835051546393,2026-08-10,,,,,,,,
NEOV,2026-08-07,2.84,2.85,0.0035211267605634866,2026-08-10,,,,,,,,
NEPH,2026-08-07,4.21,4.23,0.004750593824228044,2026-08-10,,,,,,,,
NERD,2026-08-07,22.37,22.37,0.0,2026-08-10,,,,,,,,
NERV,2026-08-07,4.27,4.13,-0.032786885245901565,2026-08-10,,,,,,,,
NESR,2026-08-07,29.02,31.75,0.09407305306685054,2026-08-10,,,,,,,,
NET,2026-08-07,300.27,295.0,-0.017550870882871994,2026-08-10,,,,,,,,
NETG,2026-08-07,19.45,18.08,-0.07043701799485869,2026-08-10,,,,,,,,
NETL,2026-08-07,26.82,26.82,0.0,2026-08-10,,,,,,,,
NEU,2026-08-07,889.71,889.71,0.0,2026-08-10,,,,,,,,
NEUP,2026-08-07,3.82,3.82,0.0,2026-08-10,,,,,,,,
NEWP,2026-08-07,6.33,6.49,0.025276461295418606,2026-08-10,,,,,,,,
NEWT,2026-08-07,13.53,13.53,0.0,2026-08-10,,,,,,,,
NEWZ,2026-08-07,30.03,30.03,0.0,2026-08-10,,,,,,,,
NEXA,2026-08-07,14.1,14.12,0.0014184397163119478,2026-08-10,,,,,,,,
NEXM,2026-08-07,2.34,2.34,0.0,2026-08-10,,,,,,,,
NEXN,2026-08-07,10.9,10.9,0.0,2026-08-10,,,,,,,,
NEXR,2026-08-07,2.85,2.86,0.0035087719298245723,2026-08-10,,,,,,,,
NEXT,2026-08-07,6.7,6.89,0.028358208955223896,2026-08-10,,,,,,,,
NFE,2026-08-07,0.35,0.36,0.028571428571428692,2026-08-10,,,,,,,,
NFEB,2026-08-07,30.6,30.6,0.0,2026-08-10,,,,,,,,
NFG,2026-08-07,80.54,80.92,0.004718152470821968,2026-08-10,,,,,,,,
NFGC,2026-08-07,1.67,1.72,0.029940119760479167,2026-08-10,,,,,,,,
NFJ,2026-08-07,15.42,15.42,0.0,2026-08-10,,,,,,,,
NFLP,2026-08-07,17.99,17.99,0.0,2026-08-10,,,,,,,,
NFLT,2026-08-07,22.83,22.83,0.0,2026-08-10,,,,,,,,
NFLU,2026-08-07,17.27,17.26,-0.0005790387955991738,2026-08-10,,,,,,,,
NFLW,2026-08-07,16.4,16.4,0.0,2026-08-10,,,,,,,,
NFLX,2026-08-07,74.14,74.24,0.0013487995683840737,2026-08-10,,,,,,,,
NFLY,2026-08-07,7.61,7.58,-0.003942181340341633,2026-08-10,,,,,,,,
NFRA,2026-08-07,65.76,65.76,0.0,2026-08-10,,,,,,,,
NFRX,2026-08-07,26.54,26.54,0.0,2026-08-10,,,,,,,,
NFTY,2026-08-07,55.14,55.14,0.0,2026-08-10,,,,,,,,
NFX,2026-08-07,23.32,23.32,0.0,2026-08-10,,,,,,,,
NFXL,2026-08-07,16.37,16.43,0.0036652412950517466,2026-08-10,,,,,,,,
NFXS,2026-08-07,20.65,20.61,-0.0019370460048425686,2026-08-10,,,,,,,,
NG,2026-08-07,7.59,7.65,0.007905138339921125,2026-08-10,,,,,,,,
NGEN,2026-08-07,1.71,1.71,0.0,2026-08-10,,,,,,,,
NGG,2026-08-07,80.88,80.48,-0.004945598417408381,2026-08-10,,,,,,,,
NGHT,2026-08-07,20.49,20.49,0.0,2026-08-10,,,,,,,,
NGL,2026-08-07,16.88,16.88,0.0,2026-08-10,,,,,,,,
NGNE,2026-08-07,35.69,35.69,0.0,2026-08-10,,,,,,,,
NGS,2026-08-07,37.01,37.01,0.0,2026-08-10,,,,,,,,
NGVC,2026-08-07,28.39,29.22,0.029235646354350164,2026-08-10,,,,,,,,
NGVT,2026-08-07,77.82,77.82,0.0,2026-08-10,,,,,,,,
NHC,2026-08-07,215.54,215.54,0.0,2026-08-10,,,,,,,,
NHI,2026-08-07,75.3,75.3,0.0,2026-08-10,,,,,,,,
NHIC,2026-08-07,10.68,10.68,0.0,2026-08-10,,,,,,,,
NHIV,2026-08-07,10.1,10.1,0.0,2026-08-10,,,,,,,,
NHP,2026-08-07,16.95,16.8,-0.008849557522123797,2026-08-10,,,,,,,,
NHS,2026-08-07,6.1,6.09,-0.0016393442622950616,2026-08-10,,,,,,,,
NHTC,2026-08-07,1.72,1.73,0.005813953488372103,2026-08-10,,,,,,,,
NHYB,2026-08-07,24.64,24.64,0.0,2026-08-10,,,,,,,,
NHYM,2026-08-07,24.8,24.8,0.0,2026-08-10,,,,,,,,
NI,2026-08-07,42.61,42.91,0.007040600797934671,2026-08-10,,,,,,,,
NIC,2026-08-07,172.54,172.54,0.0,2026-08-10,,,,,,,,
NICE,2026-08-07,101.85,100.79,-0.010407461953853558,2026-08-10,,,,,,,,
NICM,2026-08-07,6.24,6.24,0.0,2026-08-10,,,,,,,,
NICO,2026-08-07,26.11,26.11,0.0,2026-08-10,,,,,,,,
NIE,2026-08-07,26.4,26.4,0.0,2026-08-10,,,,,,,,
NIHI,2026-08-07,53.1,52.8,-0.005649717514124353,2026-08-10,,,,,,,,
NIKI,2026-08-07,8.99,8.72,-0.030033370411568394,2026-08-10,,,,,,,,
NIKL,2026-08-07,14.31,14.31,0.0,2026-08-10,,,,,,,,
NIM,2026-08-07,9.36,9.36,0.0,2026-08-10,,,,,,,,
NINE,2026-08-07,10.16,10.16,0.0,2026-08-10,,,,,,,,
NIO,2026-08-07,4.74,4.78,0.00843881856540074,2026-08-10,,,,,,,,
NIOG,2026-08-07,10.93,10.93,0.0,2026-08-10,,,,,,,,
NIPG,2026-08-07,9.01,9.01,0.0,2026-08-10,,,,,,,,
NIQ,2026-08-07,11.68,11.68,0.0,2026-08-10,,,,,,,,
NISM,2026-08-07,25.59,25.59,0.0,2026-08-10,,,,,,,,
NITE,2026-08-07,38.98,38.98,0.0,2026-08-10,,,,,,,,
NIU,2026-08-07,2.46,2.19,-0.1097560975609756,2026-08-10,,,,,,,,
NIVF,2026-08-07,0.63,0.65,0.031746031746031855,2026-08-10,,,,,,,,
NIXT,2026-08-07,34.5,34.5,0.0,2026-08-10,,,,,,,,
NIXX,2026-08-07,0.56,0.56,0.0,2026-08-10,,,,,,,,
NJAN,2026-08-07,59.53,59.53,0.0,2026-08-10,,,,,,,,
NJNK,2026-08-07,20.02,20.02,0.0,2026-08-10,,,,,,,,
NJR,2026-08-07,55.02,55.0,-0.00036350418029817977,2026-08-10,,,,,,,,
NJUL,2026-08-07,77.17,77.17,0.0,2026-08-10,,,,,,,,
NJUN,2026-08-07,32.75,32.75,0.0,2026-08-10,,,,,,,,
NKE,2026-08-07,41.7,41.5,-0.004796163069544446,2026-08-10,,,,,,,,
NKLR,2026-08-07,5.75,5.62,-0.022608695652173938,2026-08-10,,,,,,,,
NKSH,2026-08-07,42.11,42.11,0.0,2026-08-10,,,,,,,,
NKTR,2026-08-07,76.48,76.13,-0.0045763598326360455,2026-08-10,,,,,,,,
NKTX,2026-08-07,2.41,2.36,-0.020746887966805128,2026-08-10,,,,,,,,
NKX,2026-08-07,12.3,12.3,0.0,2026-08-10,,,,,,,,
NL,2026-08-07,6.49,6.49,0.0,2026-08-10,,,,,,,,
NLOP,2026-08-07,11.57,11.57,0.0,2026-08-10,,,,,,,,
NLR,2026-08-07,117.82,118.49,0.005686640638261853,2026-08-10,,,,,,,,
NLSI,2026-08-07,53.86,53.86,0.0,2026-08-10,,,,,,,,
NLY,2026-08-07,23.04,23.06,0.0008680555555555802,2026-08-10,,,,,,,,
NMAD,2026-08-07,3.6,3.93,0.09166666666666679,2026-08-10,,,,,,,,
NMAI,2026-08-07,14.5,14.5,0.0,2026-08-10,,,,,,,,
NMAR,2026-08-07,32.52,32.52,0.0,2026-08-10,,,,,,,,
NMAX,2026-08-07,8.97,9.03,0.006688963210702115,2026-08-10,,,,,,,,
NMAY,2026-08-07,29.69,29.69,0.0,2026-08-10,,,,,,,,
NMB,2026-08-07,24.58,24.58,0.0,2026-08-10,,,,,,,,
NMBL,2026-08-07,21.18,21.18,0.0,2026-08-10,,,,,,,,
NMCO,2026-08-07,10.55,10.78,0.02180094786729847,2026-08-10,,,,,,,,
NMFC,2026-08-07,7.75,7.75,0.0,2026-08-10,,,,,,,,
NMG,2026-08-07,1.38,1.38,0.0,2026-08-10,,,,,,,,
NMI,2026-08-07,10.8,10.8,0.0,2026-08-10,,,,,,,,
NMIH,2026-08-07,44.63,44.63,0.0,2026-08-10,,,,,,,,
NML,2026-08-07,10.16,10.16,0.0,2026-08-10,,,,,,,,
NMM,2026-08-07,79.35,79.69,0.004284814114681845,2026-08-10,,,,,,,,
NMP,2026-08-07,10.33,10.33,0.0,2026-08-10,,,,,,,,
NMR,2026-08-07,9.95,9.89,-0.0060301507537686705,2026-08-10,,,,,,,,
NMRA,2026-08-07,1.63,1.63,0.0,2026-08-10,,,,,,,,
NMRK,2026-08-07,14.81,14.81,0.0,2026-08-10,,,,,,,,
NMS,2026-08-07,11.58,11.6,0.0017271157167528806,2026-08-10,,,,,,,,
NMT,2026-08-07,12.61,12.61,0.0,2026-08-10,,,,,,,,
NMTC,2026-08-07,1.63,1.63,0.0,2026-08-10,,,,,,,,
NMZ,2026-08-07,10.29,10.29,0.0,2026-08-10,,,,,,,,
NN,2026-08-07,16.31,16.45,0.008583690987124415,2026-08-10,,,,,,,,
NNBR,2026-08-07,3.77,3.82,0.013262599469495928,2026-08-10,,,,,,,,
NNDM,2026-08-07,1.63,1.63,0.0,2026-08-10,,,,,,,,
NNE,2026-08-07,18.85,19.15,0.01591511936339507,2026-08-10,,,,,,,,
NNI,2026-08-07,131.46,131.46,0.0,2026-08-10,,,,,,,,
NNN,2026-08-07,46.84,46.84,0.0,2026-08-10,,,,,,,,
NNNN,2026-08-07,10.61,11.25,0.06032045240339312,2026-08-10,,,,,,,,
NNOV,2026-08-07,31.71,31.71,0.0,2026-08-10,,,,,,,,
NNOX,2026-08-07,1.06,1.04,-0.018867924528301883,2026-08-10,,,,,,,,
NNVC,2026-08-07,1.42,1.42,0.0,2026-08-10,,,,,,,,
NNY,2026-08-07,8.31,8.31,0.0,2026-08-10,,,,,,,,
NOA,2026-08-07,14.58,14.58,0.0,2026-08-10,,,,,,,,
NOAH,2026-08-07,8.78,8.89,0.01252847380410027,2026-08-10,,,,,,,,
NOBL,2026-08-07,58.42,57.77,-0.011126326600479297,2026-08-10,,,,,,,,
NOC,2026-08-07,571.58,572.53,0.0016620595542180538,2026-08-10,,,,,,,,
NOCT,2026-08-07,63.25,63.25,0.0,2026-08-10,,,,,,,,
NODE,2026-08-07,37.47,37.47,0.0,2026-08-10,,,,,,,,
NODK,2026-08-07,15.62,15.62,0.0,2026-08-10,,,,,,,,
NOEM,2026-08-07,10.69,10.69,0.0,2026-08-10,,,,,,,,
NOEQ,2026-08-07,29.63,29.63,0.0,2026-08-10,,,,,,,,
NOG,2026-08-07,21.6,21.5,-0.00462962962962965,2026-08-10,,,,,,,,
NOK,2026-08-07,9.36,9.5,0.014957264957265126,2026-08-10,,,,,,,,
NOMA,2026-08-07,3.17,3.17,0.0,2026-08-10,,,,,,,,
NOMD,2026-08-07,11.99,11.95,-0.0033361134278566684,2026-08-10,,,,,,,,
NORW,2026-08-07,35.33,35.33,0.0,2026-08-10,,,,,,,,
NOV,2026-08-07,19.65,19.65,0.0,2026-08-10,,,,,,,,
NOVM,2026-08-07,34.04,34.04,0.0,2026-08-10,,,,,,,,
NOVP,2026-08-07,33.33,33.33,0.0,2026-08-10,,,,,,,,
NOVT,2026-08-07,166.37,166.4,0.00018032097132891778,2026-08-10,,,,,,,,
NOVZ,2026-08-07,48.21,48.21,0.0,2026-08-10,,,,,,,,
NOW,2026-08-07,124.88,124.8,-0.0006406149903908087,2026-08-10,,,,,,,,
NOWL,2026-08-07,6.53,6.5,-0.004594180704441064,2026-08-10,,,,,,,,
NOWX,2026-08-07,30.18,30.18,0.0,2026-08-10,,,,,,,,
NP,2026-08-07,32.02,32.02,0.0,2026-08-10,,,,,,,,
NPAC,2026-08-07,10.43,10.43,0.0,2026-08-10,,,,,,,,
NPB,2026-08-07,17.11,17.11,0.0,2026-08-10,,,,,,,,
NPCE,2026-08-07,14.83,14.59,-0.01618341200269724,2026-08-10,,,,,,,,
NPCT,2026-08-07,9.81,9.81,0.0,2026-08-10,,,,,,,,
NPFD,2026-08-07,18.47,18.47,0.0,2026-08-10,,,,,,,,
NPFE,2026-08-07,28.88,28.88,0.0,2026-08-10,,,,,,,,
NPFI,2026-08-07,25.94,25.94,0.0,2026-08-10,,,,,,,,
NPK,2026-08-07,137.99,137.99,0.0,2026-08-10,,,,,,,,
NPKI,2026-08-07,13.48,13.48,0.0,2026-08-10,,,,,,,,
NPO,2026-08-07,332.98,332.98,0.0,2026-08-10,,,,,,,,
NPT,2026-08-07,4.2,3.99,-0.050000000000000044,2026-08-10,,,,,,,,
NPV,2026-08-07,10.96,10.96,0.0,2026-08-10,,,,,,,,
NPWR,2026-08-07,1.52,1.54,0.013157894736842035,2026-08-10,,,,,,,,
NQLT,2026-08-07,26.01,26.01,0.0,2026-08-10,,,,,,,,
NRC,2026-08-07,20.34,20.67,0.016224188790560534,2026-08-10,,,,,,,,
NRDS,2026-08-07,9.91,9.79,-0.012108980827447158,2026-08-10,,,,,,,,
NRDY,2026-08-07,0.76,0.79,0.03947368421052633,2026-08-10,,,,,,,,
NREF,2026-08-07,18.17,18.17,0.0,2026-08-10,,,,,,,,
NRES,2026-08-07,33.62,33.62,0.0,2026-08-10,,,,,,,,
NRG,2026-08-07,118.13,119.46,0.011258782697028735,2026-08-10,,,,,,,,
NRGD,2026-08-07,21.86,21.86,0.0,2026-08-10,,,,,,,,
NRGU,2026-08-07,38.46,39.22,0.01976079043161727,2026-08-10,,,,,,,,
NRGV,2026-08-07,3.49,3.51,0.005730659025787732,2026-08-10,,,,,,,,
NRIM,2026-08-07,26.37,27.11,0.02806219188471748,2026-08-10,,,,,,,,
NRIX,2026-08-07,25.53,25.26,-0.010575793184488869,2026-08-10,,,,,,,,
NRK,2026-08-07,10.46,10.46,0.0,2026-08-10,,,,,,,,
NRO,2026-08-07,3.0,3.0,0.0,2026-08-10,,,,,,,,
NRP,2026-08-07,106.96,106.96,0.0,2026-08-10,,,,,,,,
NRSH,2026-08-07,32.26,32.26,0.0,2026-08-10,,,,,,,,
NRSN,2026-08-07,0.5,0.49,-0.020000000000000018,2026-08-10,,,,,,,,
NRT,2026-08-07,8.81,9.3,0.055618615209988675,2026-08-10,,,,,,,,
NRXP,2026-08-07,3.58,3.69,0.030726256983240274,2026-08-10,,,,,,,,
NRXS,2026-08-07,7.09,7.09,0.0,2026-08-10,,,,,,,,
NSC,2026-08-07,334.36,332.37,-0.005951668859911496,2026-08-10,,,,,,,,
NSCI,2026-08-07,25.16,25.16,0.0,2026-08-10,,,,,,,,
NSEP,2026-08-07,31.62,31.62,0.0,2026-08-10,,,,,,,,
NSI,2026-08-07,38.15,38.15,0.0,2026-08-10,,,,,,,,
NSIG,2026-08-07,25.32,25.32,0.0,2026-08-10,,,,,,,,
NSIT,2026-08-07,149.32,148.73,-0.003951245646932833,2026-08-10,,,,,,,,
NSIV,2026-08-07,26.17,26.17,0.0,2026-08-10,,,,,,,,
NSLR,2026-08-07,9.6,9.51,-0.009375000000000022,2026-08-10,,,,,,,,
NSP,2026-08-07,52.52,52.52,0.0,2026-08-10,,,,,,,,
NSPR,2026-08-07,0.74,0.74,0.0,2026-08-10,,,,,,,,
NSRX,2026-08-07,3.45,3.36,-0.026086956521739202,2026-08-10,,,,,,,,
NSSC,2026-08-07,41.36,41.13,-0.00556092843326883,2026-08-10,,,,,,,,
NSTS,2026-08-07,13.81,13.81,0.0,2026-08-10,,,,,,,,
NSYS,2026-08-07,15.43,15.43,0.0,2026-08-10,,,,,,,,
NTAL,2026-08-07,32.51,32.51,0.0,2026-08-10,,,,,,,,
NTAP,2026-08-07,189.52,193.0,0.018362178134233798,2026-08-10,,,,,,,,
NTB,2026-08-07,62.32,62.32,0.0,2026-08-10,,,,,,,,
NTCL,2026-08-07,2.84,2.93,0.03169014084507049,2026-08-10,,,,,,,,
NTCT,2026-08-07,38.44,38.44,0.0,2026-08-10,,,,,,,,
NTES,2026-08-07,132.22,131.13,-0.008243836030857654,2026-08-10,,,,,,,,
NTGR,2026-08-07,23.67,23.67,0.0,2026-08-10,,,,,,,,
NTHI,2026-08-07,3.5,3.48,-0.005714285714285672,2026-08-10,,,,,,,,
NTIC,2026-08-07,8.42,8.42,0.0,2026-08-10,,,,,,,,
NTIP,2026-08-07,1.59,1.59,0.0,2026-08-10,,,,,,,,
NTLA,2026-08-07,11.94,11.95,0.0008375209380233617,2026-08-10,,,,,,,,
NTNX,2026-08-07,62.67,61.66,-0.016116164033828095,2026-08-10,,,,,,,,
NTR,2026-08-07,64.42,64.43,0.00015523129462913232,2026-08-10,,,,,,,,
NTRA,2026-08-07,322.1,323.8,0.005277864017385836,2026-08-10,,,,,,,,
NTRB,2026-08-07,3.11,3.11,0.0,2026-08-10,,,,,,,,
NTRL,2026-08-07,21.66,21.66,0.0,2026-08-10,,,,,,,,
NTRP,2026-08-07,1.67,1.67,0.0,2026-08-10,,,,,,,,
NTRS,2026-08-07,185.5,185.5,0.0,2026-08-10,,,,,,,,
NTSD,2026-08-07,48.55,48.55,0.0,2026-08-10,,,,,,,,
NTSE,2026-08-07,45.74,45.74,0.0,2026-08-10,,,,,,,,
NTSI,2026-08-07,48.75,48.75,0.0,2026-08-10,,,,,,,,
NTSK,2026-08-07,14.87,14.81,-0.004034969737726879,2026-08-10,,,,,,,,
NTST,2026-08-07,20.69,20.69,0.0,2026-08-10,,,,,,,,
NTSX,2026-08-07,60.6,60.6,0.0,2026-08-10,,,,,,,,
NTWK,2026-08-07,4.26,4.26,0.0,2026-08-10,,,,,,,,
NTWO,2026-08-07,10.72,10.72,0.0,2026-08-10,,,,,,,,
NTZ,2026-08-07,1.32,1.32,0.0,2026-08-10,,,,,,,,
NU,2026-08-07,13.84,13.9,0.004335260115607031,2026-08-10,,,,,,,,
NUAG,2026-08-07,20.67,20.67,0.0,2026-08-10,,,,,,,,
NUAI,2026-08-07,5.28,5.29,0.0018939393939394478,2026-08-10,,,,,,,,
NUBD,2026-08-07,21.83,21.83,0.0,2026-08-10,,,,,,,,
NUCL,2026-08-07,7.77,8.12,0.04504504504504503,2026-08-10,,,,,,,,
NUDM,2026-08-07,41.6,41.6,0.0,2026-08-10,,,,,,,,
NUDV,2026-08-07,34.06,34.06,0.0,2026-08-10,,,,,,,,
NUE,2026-08-07,272.63,273.0,0.001357150717089084,2026-08-10,,,,,,,,
NUEM,2026-08-07,41.7,41.7,0.0,2026-08-10,,,,,,,,
NUG,2026-08-07,9.28,9.28,0.0,2026-08-10,,,,,,,,
NUGO,2026-08-07,44.33,44.33,0.0,2026-08-10,,,,,,,,
NUGT,2026-08-07,160.84,159.35,-0.009263864710271186,2026-08-10,,,,,,,,
NUGY,2026-08-07,13.09,12.96,-0.009931245225362817,2026-08-10,,,,,,,,
NUHY,2026-08-07,21.27,21.27,0.0,2026-08-10,,,,,,,,
NUIF,2026-08-07,24.88,24.88,0.0,2026-08-10,,,,,,,,
NUKX,2026-08-07,37.77,37.77,0.0,2026-08-10,,,,,,,,
NUKZ,2026-08-07,67.35,66.44,-0.013511507052709648,2026-08-10,,,,,,,,
NULC,2026-08-07,56.03,56.03,0.0,2026-08-10,,,,,,,,
NULG,2026-08-07,116.8,116.8,0.0,2026-08-10,,,,,,,,
NULV,2026-08-07,53.43,53.43,0.0,2026-08-10,,,,,,,,
NUMG,2026-08-07,48.26,48.26,0.0,2026-08-10,,,,,,,,
NUMI,2026-08-07,24.83,24.83,0.0,2026-08-10,,,,,,,,
NUMV,2026-08-07,45.62,45.62,0.0,2026-08-10,,,,,,,,
NURE,2026-08-07,32.24,32.24,0.0,2026-08-10,,,,,,,,
NUS,2026-08-07,5.49,5.35,-0.02550091074681249,2026-08-10,,,,,,,,
NUSA,2026-08-07,23.04,23.04,0.0,2026-08-10,,,,,,,,
NUSB,2026-08-07,25.19,25.19,0.0,2026-08-10,,,,,,,,
NUSC,2026-08-07,52.76,52.76,0.0,2026-08-10,,,,,,,,
NUTX,2026-08-07,162.07,162.07,0.0,2026-08-10,,,,,,,,
NUV,2026-08-07,9.1,9.1,0.0,2026-08-10,,,,,,,,
NUVB,2026-08-07,6.6,6.62,0.003030303030303161,2026-08-10,,,,,,,,
NUW,2026-08-07,14.02,14.02,0.0,2026-08-10,,,,,,,,
NUWE,2026-08-07,1.49,1.55,0.04026845637583887,2026-08-10,,,,,,,,
NVA,2026-08-07,5.72,5.88,0.027972027972027913,2026-08-10,,,,,,,,
NVAX,2026-08-07,7.95,7.99,0.005031446540880502,2026-08-10,,,,,,,,
NVBT,2026-08-07,40.62,40.62,0.0,2026-08-10,,,,,,,,
NVBU,2026-08-07,31.66,31.66,0.0,2026-08-10,,,,,,,,
NVBW,2026-08-07,36.24,36.24,0.0,2026-08-10,,,,,,,,
NVC,2026-08-07,31.67,31.67,0.0,2026-08-10,,,,,,,,
NVCR,2026-08-07,16.39,16.35,-0.0024405125076265577,2026-08-10,,,,,,,,
NVCT,2026-08-07,18.95,18.95,0.0,2026-08-10,,,,,,,,
NVD,2026-08-07,3.97,3.95,-0.005037783375314908,2026-08-10,,,,,,,,
NVDA,2026-08-07,223.96,224.88,0.00410787640650101,2026-08-10,,,,,,,,
NVDB,2026-08-07,34.07,34.07,0.0,2026-08-10,,,,,,,,
NVDD,2026-08-07,30.13,30.02,-0.0036508463325588547,2026-08-10,,,,,,,,
NVDG,2026-08-07,20.77,21.0,0.011073663938372613,2026-08-10,,,,,,,,
NVDL,2026-08-07,36.43,36.74,0.00850947021685422,2026-08-10,,,,,,,,
NVDQ,2026-08-07,9.03,8.95,-0.008859357696566983,2026-08-10,,,,,,,,
NVDS,2026-08-07,18.76,18.64,-0.006396588486140775,2026-08-10,,,,,,,,
NVDU,2026-08-07,145.01,146.13,0.007723605268602274,2026-08-10,,,,,,,,
NVDW,2026-08-07,38.85,38.86,0.0002574002574002865,2026-08-10,,,,,,,,
NVDX,2026-08-07,20.61,20.8,0.009218825812712383,2026-08-10,,,,,,,,
NVDY,2026-08-07,13.0,13.06,0.004615384615384688,2026-08-10,,,,,,,,
NVEC,2026-08-07,125.94,132.24,0.05002382086707957,2026-08-10,,,,,,,,
NVG,2026-08-07,12.52,12.5,-0.0015974440894568342,2026-08-10,,,,,,,,
NVGS,2026-08-07,20.67,20.67,0.0,2026-08-10,,,,,,,,
NVIB,2026-08-07,28.17,28.17,0.0,2026-08-10,,,,,,,,
NVII,2026-08-07,25.33,25.41,0.0031583103039873883,2026-08-10,,,,,,,,
NVIR,2026-08-07,39.06,39.06,0.0,2026-08-10,,,,,,,,
NVIT,2026-08-07,51.55,51.55,0.0,2026-08-10,,,,,,,,
NVMI,2026-08-07,393.02,395.0,0.005037911556663888,2026-08-10,,,,,,,,
NVNI,2026-08-07,1.05,1.09,0.03809523809523818,2026-08-10,,,,,,,,
NVNO,2026-08-07,10.61,10.61,0.0,2026-08-10,,,,,,,,
NVO,2026-08-07,47.26,46.7,-0.011849344054168376,2026-08-10,,,,,,,,
NVOC,2026-08-07,22.4,22.4,0.0,2026-08-10,,,,,,,,
NVOH,2026-08-07,25.41,25.41,0.0,2026-08-10,,,,,,,,
NVOX,2026-08-07,14.99,14.62,-0.024683122081387676,2026-08-10,,,,,,,,
NVPS,2026-08-07,22.58,22.58,0.0,2026-08-10,,,,,,,,
NVR,2026-08-07,6390.14,6390.14,0.0,2026-08-10,,,,,,,,
NVRI,2026-08-07,22.07,22.07,0.0,2026-08-10,,,,,,,,
NVS,2026-08-07,156.33,155.92,-0.0026226571995140446,2026-08-10,,,,,,,,
NVST,2026-08-07,28.15,28.91,0.026998223801065757,2026-08-10,,,,,,,,
NVT,2026-08-07,164.69,167.32,0.015969397049001133,2026-08-10,,,,,,,,
NVTC,2026-08-07,18.19,18.19,0.0,2026-08-10,,,,,,,,
NVTS,2026-08-07,13.89,14.25,0.02591792656587466,2026-08-10,,,,,,,,
NVTX,2026-08-07,24.67,25.8,0.04580462099716254,2026-08-10,,,,,,,,
NVX,2026-08-07,0.41,0.42,0.024390243902439046,2026-08-10,,,,,,,,
NVYY,2026-08-07,12.18,12.2,0.0016420361247946325,2026-08-10,,,,,,,,
NWAX,2026-08-07,10.17,10.17,0.0,2026-08-10,,,,,,,,
NWBI,2026-08-07,15.55,15.6,0.003215434083601254,2026-08-10,,,,,,,,
NWE,2026-08-07,72.09,70.54,-0.021500901650714388,2026-08-10,,,,,,,,
NWFL,2026-08-07,33.83,33.83,0.0,2026-08-10,,,,,,,,
NWG,2026-08-07,19.19,19.16,-0.0015633142261595179,2026-08-10,,,,,,,,
NWGL,2026-08-07,0.31,0.27,-0.12903225806451601,2026-08-10,,,,,,,,
NWL,2026-08-07,6.01,6.01,0.0,2026-08-10,,,,,,,,
NWN,2026-08-07,50.47,50.47,0.0,2026-08-10,,,,,,,,
NWPX,2026-08-07,119.72,119.72,0.0,2026-08-10,,,,,,,,
NWS,2026-08-07,32.45,32.45,0.0,2026-08-10,,,,,,,,
NWSA,2026-08-07,28.52,28.14,-0.0133239831697054,2026-08-10,,,,,,,,
NWTG,2026-08-07,1.25,1.17,-0.06400000000000006,2026-08-10,,,,,,,,
NX,2026-08-07,21.98,22.2,0.010009099181073733,2026-08-10,,,,,,,,
NXB,2026-08-07,2.16,2.16,0.0,2026-08-10,,,,,,,,
NXDR,2026-08-07,2.55,2.55,0.0,2026-08-10,,,,,,,,
NXDT,2026-08-07,4.61,4.61,0.0,2026-08-10,,,,,,,,
NXE,2026-08-07,10.43,10.59,0.015340364333652934,2026-08-10,,,,,,,,
NXG,2026-08-07,59.57,59.57,0.0,2026-08-10,,,,,,,,
NXGL,2026-08-07,0.38,0.38,0.0,2026-08-10,,,,,,,,
NXL,2026-08-07,0.35,0.35,0.0,2026-08-10,,,,,,,,
NXP,2026-08-07,14.28,14.28,0.0,2026-08-10,,,,,,,,
NXPG,2026-08-07,8.15,8.15,0.0,2026-08-10,,,,,,,,
NXPI,2026-08-07,239.71,242.7,0.01247340536481567,2026-08-10,,,,,,,,
NXPL,2026-08-07,6.42,6.42,0.0,2026-08-10,,,,,,,,
NXPX,2026-08-07,12.27,12.27,0.0,2026-08-10,,,,,,,,
NXRT,2026-08-07,25.53,25.65,0.0047003525264393,2026-08-10,,,,,,,,
NXST,2026-08-07,193.78,194.0,0.0011353080813294447,2026-08-10,,,,,,,,
NXT,2026-08-07,103.26,103.0,-0.0025179159403447837,2026-08-10,,,,,,,,
NXTC,2026-08-07,5.84,6.31,0.08047945205479445,2026-08-10,,,,,,,,
NXTE,2026-08-07,46.85,46.85,0.0,2026-08-10,,,,,,,,
NXTG,2026-08-07,152.51,152.51,0.0,2026-08-10,,,,,,,,
NXTI,2026-08-07,36.01,36.01,0.0,2026-08-10,,,,,,,,
NXTS,2026-08-07,1.89,1.89,0.0,2026-08-10,,,,,,,,
NXTT,2026-08-07,0.06,6.01,99.16666666666667,2026-08-10,,,,,,,,
NXUS,2026-08-07,24.78,24.78,0.0,2026-08-10,,,,,,,,
NXXT,2026-08-07,0.29,0.29,0.0,2026-08-10,,,,,,,,
NYAX,2026-08-07,69.06,69.06,0.0,2026-08-10,,,,,,,,
NYC,2026-08-07,8.72,8.72,0.0,2026-08-10,,,,,,,,
NYF,2026-08-07,53.08,53.08,0.0,2026-08-10,,,,,,,,
NYM,2026-08-07,24.87,24.87,0.0,2026-08-10,,,,,,,,
NYNY,2026-08-07,27.56,27.56,0.0,2026-08-10,,,,,,,,
NYSX,2026-08-07,126.97,126.97,0.0,2026-08-10,,,,,,,,
NYT,2026-08-07,63.54,63.91,0.005823103556814591,2026-08-10,,,,,,,,
NYXH,2026-08-07,1.47,1.47,0.0,2026-08-10,,,,,,,,
NYYY,2026-08-07,45.44,45.44,0.0,2026-08-10,,,,,,,,
NZAC,2026-08-07,47.31,47.31,0.0,2026-08-10,,,,,,,,
NZF,2026-08-07,12.46,12.46,0.0,2026-08-10,,,,,,,,
O,2026-08-07,62.51,62.63,0.0019196928491442833,2026-08-10,,,,,,,,
OABI,2026-08-07,3.08,3.07,-0.0032467532467532756,2026-08-10,,,,,,,,
OACC,2026-08-07,10.76,10.76,0.0,2026-08-10,,,,,,,,
OACP,2026-08-07,22.47,22.47,0.0,2026-08-10,,,,,,,,
OAEM,2026-08-07,47.26,47.26,0.0,2026-08-10,,,,,,,,
OAIM,2026-08-07,47.13,47.13,0.0,2026-08-10,,,,,,,,
OAKG,2026-08-07,27.42,27.42,0.0,2026-08-10,,,,,,,,
OAKI,2026-08-07,27.69,27.69,0.0,2026-08-10,,,,,,,,
OAKM,2026-08-07,30.6,30.6,0.0,2026-08-10,,,,,,,,
OALC,2026-08-07,42.22,42.22,0.0,2026-08-10,,,,,,,,
OARK,2026-08-07,29.13,30.0,0.029866117404737436,2026-08-10,,,,,,,,
OASC,2026-08-07,35.03,35.03,0.0,2026-08-10,,,,,,,,
OBA,2026-08-07,10.29,10.29,0.0,2026-08-10,,,,,,,,
OBAI,2026-08-07,0.48,0.5,0.04166666666666674,2026-08-10,,,,,,,,
OBDC,2026-08-07,11.64,11.62,-0.001718213058419349,2026-08-10,,,,,,,,
OBE,2026-08-07,9.91,9.71,-0.020181634712411634,2026-08-10,,,,,,,,
OBIL,2026-08-07,50.06,50.06,0.0,2026-08-10,,,,,,,,
OBIO,2026-08-07,4.24,4.24,0.0,2026-08-10,,,,,,,,
OBK,2026-08-07,53.84,53.84,0.0,2026-08-10,,,,,,,,
OBND,2026-08-07,25.44,25.44,0.0,2026-08-10,,,,,,,,
OBOR,2026-08-07,27.6,27.6,0.0,2026-08-10,,,,,,,,
OBT,2026-08-07,38.61,38.61,0.0,2026-08-10,,,,,,,,
OBTC,2026-08-07,20.88,20.88,0.0,2026-08-10,,,,,,,,
OBX,2026-08-07,27.5,27.5,0.0,2026-08-10,,,,,,,,
OC,2026-08-07,157.1,157.1,0.0,2026-08-10,,,,,,,,
OCAC,2026-08-07,9.92,9.92,0.0,2026-08-10,,,,,,,,
OCAC-U,2026-08-07,10.23,,,2026-08-10,,,,,,,,
OCC,2026-08-07,16.25,17.01,0.046769230769230896,2026-08-10,,,,,,,,
OCCI,2026-08-07,2.55,2.5,-0.019607843137254832,2026-08-10,,,,,,,,
OCDB,2026-08-07,26.32,26.32,0.0,2026-08-10,,,,,,,,
OCFC,2026-08-07,19.42,19.08,-0.017507723995880742,2026-08-10,,,,,,,,
OCG,2026-08-07,1.66,1.69,0.01807228915662651,2026-08-10,,,,,,,,
OCGN,2026-08-07,1.28,1.27,-0.0078125,2026-08-10,,,,,,,,
OCIO,2026-08-07,37.98,37.98,0.0,2026-08-10,,,,,,,,
OCLTU,2026-08-07,9.98,9.98,0.0,2026-08-10,,,,,,,,
OCNL,2026-08-07,24.79,24.79,0.0,2026-08-10,,,,,,,,
OCS,2026-08-07,12.68,13.18,0.039432176656151396,2026-08-10,,,,,,,,
OCSL,2026-08-07,12.96,12.96,0.0,2026-08-10,,,,,,,,
OCTB,2026-08-07,27.74,27.74,0.0,2026-08-10,,,,,,,,
OCTH,2026-08-07,24.14,24.14,0.0,2026-08-10,,,,,,,,
OCTJ,2026-08-07,24.08,24.08,0.0,2026-08-10,,,,,,,,
OCTM,2026-08-07,33.93,33.93,0.0,2026-08-10,,,,,,,,
OCTP,2026-08-07,32.96,32.96,0.0,2026-08-10,,,,,,,,
OCTT,2026-08-07,47.69,47.69,0.0,2026-08-10,,,,,,,,
OCTU,2026-08-07,31.27,31.27,0.0,2026-08-10,,,,,,,,
OCTV,2026-08-07,19.68,19.4,-0.014227642276422814,2026-08-10,,,,,,,,
OCTW,2026-08-07,41.53,41.53,0.0,2026-08-10,,,,,,,,
OCTZ,2026-08-07,46.93,46.93,0.0,2026-08-10,,,,,,,,
OCUL,2026-08-07,9.19,9.2,0.0010881392818280489,2026-08-10,,,,,,,,
ODC,2026-08-07,92.79,92.79,0.0,2026-08-10,,,,,,,,
ODD,2026-08-07,14.12,14.2,0.0056657223796034994,2026-08-10,,,,,,,,
ODDS,2026-08-07,25.41,25.41,0.0,2026-08-10,,,,,,,,
ODDZ,2026-08-07,25.37,25.37,0.0,2026-08-10,,,,,,,,
ODFL,2026-08-07,216.36,216.36,0.0,2026-08-10,,,,,,,,
ODHY,2026-08-07,9.95,9.95,0.0,2026-08-10,,,,,,,,
ODTE,2026-08-07,26.08,26.08,0.0,2026-08-10,,,,,,,,
ODTX,2026-08-07,21.17,21.17,0.0,2026-08-10,,,,,,,,
ODYS,2026-08-07,4.44,4.24,-0.04504504504504503,2026-08-10,,,,,,,,
OEC,2026-08-07,7.24,7.11,-0.017955801104972413,2026-08-10,,,,,,,,
OEF,2026-08-07,383.05,383.1,0.00013053126223727674,2026-08-10,,,,,,,,
OEFA,2026-08-07,36.79,36.79,0.0,2026-08-10,,,,,,,,
OEI,2026-08-07,26.22,26.22,0.0,2026-08-10,,,,,,,,
OESX,2026-08-07,19.7,19.6,-0.0050761421319796,2026-08-10,,,,,,,,
OFAL,2026-08-07,0.72,0.6,-0.16666666666666663,2026-08-10,,,,,,,,
OFG,2026-08-07,52.3,52.3,0.0,2026-08-10,,,,,,,,
OFIX,2026-08-07,10.28,10.25,-0.0029182879377431803,2026-08-10,,,,,,,,
OFLX,2026-08-07,30.92,30.92,0.0,2026-08-10,,,,,,,,
OFRM,2026-08-07,17.93,17.93,0.0,2026-08-10,,,,,,,,
OFS,2026-08-07,3.87,3.87,0.0,2026-08-10,,,,,,,,
OGC,2026-08-07,28.11,28.3,0.0067591604411241235,2026-08-10,,,,,,,,
OGE,2026-08-07,47.02,47.29,0.005742237345810253,2026-08-10,,,,,,,,
OGEN,2026-08-07,0.55,0.55,0.0,2026-08-10,,,,,,,,
OGG,2026-08-07,2.8,2.84,0.014285714285714235,2026-08-10,,,,,,,,
OGI,2026-08-07,0.99,0.97,-0.02020202020202022,2026-08-10,,,,,,,,
OGIG,2026-08-07,50.57,50.57,0.0,2026-08-10,,,,,,,,
OGN,2026-08-07,13.6,13.6,0.0,2026-08-10,,,,,,,,
OGS,2026-08-07,80.22,80.22,0.0,2026-08-10,,,,,,,,
OGSP,2026-08-07,9.99,9.99,0.0,2026-08-10,,,,,,,,
OHAC,2026-08-07,9.94,9.94,0.0,2026-08-10,,,,,,,,
OHI,2026-08-07,48.46,48.26,-0.00412711514651265,2026-08-10,,,,,,,,
OI,2026-08-07,7.03,7.08,0.007112375533428139,2026-08-10,,,,,,,,
OIA,2026-08-07,6.09,6.26,0.02791461412151075,2026-08-10,,,,,,,,
OIH,2026-08-07,388.28,388.88,0.0015452766045123134,2026-08-10,,,,,,,,
OII,2026-08-07,47.97,48.93,0.02001250781738584,2026-08-10,,,,,,,,
OILD,2026-08-07,39.4,39.4,0.0,2026-08-10,,,,,,,,
OILK,2026-08-07,49.24,49.24,0.0,2026-08-10,,,,,,,,
OILT,2026-08-07,29.25,29.08,-0.005811965811965858,2026-08-10,,,,,,,,
OILU,2026-08-07,40.53,40.5,-0.0007401924500370916,2026-08-10,,,,,,,,
OIM,2026-08-07,10.17,10.17,0.0,2026-08-10,,,,,,,,
OIO,2026-08-07,1.84,1.9,0.032608695652173836,2026-08-10,,,,,,,,
OIS,2026-08-07,8.14,8.18,0.004914004914004844,2026-08-10,,,,,,,,
OKE,2026-08-07,86.42,86.3,-0.0013885674612358345,2026-08-10,,,,,,,,
OKLC,2026-08-07,20.06,20.06,0.0,2026-08-10,,,,,,,,
OKLL,2026-08-07,3.73,3.74,0.002680965147453085,2026-08-10,,,,,,,,
OKLO,2026-08-07,48.42,48.45,0.0006195786864933162,2026-08-10,,,,,,,,
OKLS,2026-08-07,21.34,21.38,0.0018744142455482393,2026-08-10,,,,,,,,
OKTA,2026-08-07,148.32,147.5,-0.005528586839266381,2026-08-10,,,,,,,,
OKTG,2026-08-07,32.37,31.5,-0.02687673772011112,2026-08-10,,,,,,,,
OKUR,2026-08-07,4.14,4.14,0.0,2026-08-10,,,,,,,,
OKYO,2026-08-07,1.49,1.53,0.02684563758389258,2026-08-10,,,,,,,,
OLB,2026-08-07,0.31,0.31,0.0,2026-08-10,,,,,,,,
OLED,2026-08-07,91.19,91.19,0.0,2026-08-10,,,,,,,,
OLLI,2026-08-07,81.64,81.61,-0.0003674669279765119,2026-08-10,,,,,,,,
OLMA,2026-08-07,12.05,12.05,0.0,2026-08-10,,,,,,,,
OLN,2026-08-07,18.59,18.6,0.0005379236148468358,2026-08-10,,,,,,,,
OLOX,2026-08-07,3.2,3.43,0.07187499999999991,2026-08-10,,,,,,,,
OLP,2026-08-07,24.16,24.16,0.0,2026-08-10,,,,,,,,
OM,2026-08-07,4.9,4.9,0.0,2026-08-10,,,,,,,,
OMAB,2026-08-07,110.44,110.98,0.004889532777978989,2026-08-10,,,,,,,,
OMAH,2026-08-07,18.6,18.71,0.005913978494623606,2026-08-10,,,,,,,,
OMC,2026-08-07,85.24,84.84,-0.004692632566869914,2026-08-10,,,,,,,,
OMCL,2026-08-07,36.81,37.16,0.009508285791904214,2026-08-10,,,,,,,,
OMDA,2026-08-07,23.67,23.7,0.0012674271229402567,2026-08-10,,,,,,,,
OMER,2026-08-07,13.25,13.23,-0.0015094339622641062,2026-08-10,,,,,,,,
OMEX,2026-08-07,0.88,0.93,0.05681818181818188,2026-08-10,,,,,,,,
OMF,2026-08-07,64.95,64.34,-0.009391839876828345,2026-08-10,,,,,,,,
OMFL,2026-08-07,71.17,71.17,0.0,2026-08-10,,,,,,,,
OMFS,2026-08-07,53.52,53.52,0.0,2026-08-10,,,,,,,,
OMH,2026-08-07,0.1,0.1,0.0,2026-08-10,,,,,,,,
OMSE,2026-08-07,4.41,4.41,0.0,2026-08-10,,,,,,,,
ON,2026-08-07,81.17,82.07,0.01108784033509913,2026-08-10,,,,,,,,
ONB,2026-08-07,26.56,26.47,-0.0033885542168674565,2026-08-10,,,,,,,,
ONC,2026-08-07,348.27,352.0,0.010710081258793469,2026-08-10,,,,,,,,
ONCH,2026-08-07,10.28,10.28,0.0,2026-08-10,,,,,,,,
ONCO,2026-08-07,0.89,0.89,0.0,2026-08-10,,,,,,,,
ONCY,2026-08-07,0.8,0.8,0.0,2026-08-10,,,,,,,,
OND,2026-08-07,36.23,36.23,0.0,2026-08-10,,,,,,,,
ONDC,2026-08-07,30.18,30.18,0.0,2026-08-10,,,,,,,,
ONDG,2026-08-07,3.6,3.87,0.07499999999999996,2026-08-10,,,,,,,,
ONDL,2026-08-07,9.19,9.75,0.06093579978237229,2026-08-10,,,,,,,,
ONDS,2026-08-07,9.11,9.47,0.03951701427003296,2026-08-10,,,,,,,,
ONDU,2026-08-07,5.76,6.23,0.08159722222222232,2026-08-10,,,,,,,,
ONEG,2026-08-07,1.03,1.01,-0.01941747572815533,2026-08-10,,,,,,,,
ONEH,2026-08-07,24.75,24.75,0.0,2026-08-10,,,,,,,,
ONEO,2026-08-07,157.2,157.21,6.361323155235077e-05,2026-08-10,,,,,,,,
ONEQ,2026-08-07,105.18,104.11,-0.010173036698992277,2026-08-10,,,,,,,,
ONEV,2026-08-07,150.78,150.78,0.0,2026-08-10,,,,,,,,
ONEW,2026-08-07,12.04,11.85,-0.01578073089700993,2026-08-10,,,,,,,,
ONEY,2026-08-07,134.11,134.11,0.0,2026-08-10,,,,,,,,
ONEZ,2026-08-07,28.3,28.3,0.0,2026-08-10,,,,,,,,
ONFO,2026-08-07,0.04,2.15,52.75,2026-08-10,,,,,,,,
ONG,2026-08-07,5.33,5.33,0.0,2026-08-10,,,,,,,,
ONIT,2026-08-07,39.39,39.39,0.0,2026-08-10,,,,,,,,
ONL,2026-08-07,2.82,2.89,0.024822695035461084,2026-08-10,,,,,,,,
ONLN,2026-08-07,61.31,61.31,0.0,2026-08-10,,,,,,,,
ONMD,2026-08-07,0.62,0.66,0.06451612903225823,2026-08-10,,,,,,,,
ONOF,2026-08-07,41.27,41.27,0.0,2026-08-10,,,,,,,,
ONON,2026-08-07,37.55,37.88,0.008788282290279836,2026-08-10,,,,,,,,
ONT,2026-08-07,16.51,16.6,0.005451241671714069,2026-08-10,,,,,,,,
ONTO,2026-08-07,308.3,312.45,0.01346091469348032,2026-08-10,,,,,,,,
ONTX,2026-08-07,19.74,19.74,0.0,2026-08-10,,,,,,,,
ONX,2026-08-07,8.39,8.39,0.0,2026-08-10,,,,,,,,
OOMA,2026-08-07,21.97,21.97,0.0,2026-08-10,,,,,,,,
OOSP,2026-08-07,10.12,10.12,0.0,2026-08-10,,,,,,,,
OPAD,2026-08-07,4.79,4.79,0.0,2026-08-10,,,,,,,,
OPAL,2026-08-07,2.33,2.4,0.030042918454935563,2026-08-10,,,,,,,,
OPBK,2026-08-07,15.63,15.63,0.0,2026-08-10,,,,,,,,
OPCH,2026-08-07,23.79,23.79,0.0,2026-08-10,,,,,,,,
OPEG,2026-08-07,2.24,2.24,0.0,2026-08-10,,,,,,,,
OPEN,2026-08-07,3.48,3.5,0.005747126436781658,2026-08-10,,,,,,,,
OPER,2026-08-07,100.14,100.14,0.0,2026-08-10,,,,,,,,
OPEX,2026-08-07,8.9,8.9,0.0,2026-08-10,,,,,,,,
OPFI,2026-08-07,9.4,9.35,-0.005319148936170248,2026-08-10,,,,,,,,
OPHC,2026-08-07,9.11,9.11,0.0,2026-08-10,,,,,,,,
OPI,2026-08-07,19.05,19.05,0.0,2026-08-10,,,,,,,,
OPK,2026-08-07,1.37,1.37,0.0,2026-08-10,,,,,,,,
OPLN,2026-08-07,36.98,37.29,0.008382909680908712,2026-08-10,,,,,,,,
OPP,2026-08-07,7.66,7.62,-0.005221932114882533,2026-08-10,,,,,,,,
OPPE,2026-08-07,60.16,60.16,0.0,2026-08-10,,,,,,,,
OPPG,2026-08-07,37.57,37.57,0.0,2026-08-10,,,,,,,,
OPPJ,2026-08-07,58.04,58.0,-0.000689179875947632,2026-08-10,,,,,,,,
OPRA,2026-08-07,19.96,19.54,-0.02104208416833675,2026-08-10,,,,,,,,
OPRT,2026-08-07,8.09,8.09,0.0,2026-08-10,,,,,,,,
OPRX,2026-08-07,7.08,7.08,0.0,2026-08-10,,,,,,,,
OPTH,2026-08-07,5.05,5.05,0.0,2026-08-10,,,,,,,,
OPTT,2026-08-07,0.18,0.19,0.05555555555555558,2026-08-10,,,,,,,,
OPTU,2026-08-07,0.77,0.77,0.0,2026-08-10,,,,,,,,
OPTX,2026-08-07,7.79,7.84,0.006418485237484006,2026-08-10,,,,,,,,
OPTZ,2026-08-07,46.84,46.84,0.0,2026-08-10,,,,,,,,
OPXS,2026-08-07,11.99,11.99,0.0,2026-08-10,,,,,,,,
OPY,2026-08-07,111.64,111.64,0.0,2026-08-10,,,,,,,,
OR,2026-08-07,33.08,33.24,0.0048367593712213,2026-08-10,,,,,,,,
ORA,2026-08-07,108.09,108.52,0.00397816634286241,2026-08-10,,,,,,,,
ORAC,2026-08-07,23.47,23.47,0.0,2026-08-10,,,,,,,,
ORBS,2026-08-07,0.69,0.7,0.01449275362318847,2026-08-10,,,,,,,,
ORBX,2026-08-07,46.77,48.99,0.04746632456703015,2026-08-10,,,,,,,,
ORC,2026-08-07,6.56,6.57,0.001524390243902607,2026-08-10,,,,,,,,
ORCL,2026-08-07,147.02,149.0,0.013467555434634626,2026-08-10,,,,,,,,
ORCS,2026-08-07,29.68,29.3,-0.012803234501347682,2026-08-10,,,,,,,,
ORCU,2026-08-07,7.94,8.15,0.026448362720403074,2026-08-10,,,,,,,,
ORCX,2026-08-07,22.16,22.77,0.027527075812274315,2026-08-10,,,,,,,,
ORCZ,2026-08-07,17.13,16.89,-0.014010507880910628,2026-08-10,,,,,,,,
ORGO,2026-08-07,1.86,1.82,-0.021505376344086002,2026-08-10,,,,,,,,
ORI,2026-08-07,43.03,43.03,0.0,2026-08-10,,,,,,,,
ORIC,2026-08-07,13.5,13.51,0.0007407407407407085,2026-08-10,,,,,,,,
ORIO,2026-08-07,0.65,0.64,-0.015384615384615441,2026-08-10,,,,,,,,
ORIQ,2026-08-07,10.32,10.32,0.0,2026-08-10,,,,,,,,
ORKA,2026-08-07,98.82,99.0,0.0018214936247724633,2026-08-10,,,,,,,,
ORKT,2026-08-07,1.0,1.0,0.0,2026-08-10,,,,,,,,
ORLA,2026-08-07,9.44,9.44,0.0,2026-08-10,,,,,,,,
ORLG,2026-08-07,12.32,,,2026-08-10,,,,,,,,
ORLY,2026-08-07,93.53,93.19,-0.0036351972629102836,2026-08-10,,,,,,,,
ORMP,2026-08-07,4.3,4.3,0.0,2026-08-10,,,,,,,,
ORN,2026-08-07,10.31,11.38,0.10378273520853543,2026-08-10,,,,,,,,
ORO,2026-08-07,18.12,18.12,0.0,2026-08-10,,,,,,,,
ORR,2026-08-07,39.43,39.43,0.0,2026-08-10,,,,,,,,
ORRF,2026-08-07,42.62,42.62,0.0,2026-08-10,,,,,,,,
OSBC,2026-08-07,25.44,25.37,-0.0027515723270440384,2026-08-10,,,,,,,,
OSCG,2026-08-07,30.91,,,2026-08-10,,,,,,,,
OSCR,2026-08-07,27.9,27.54,-0.012903225806451646,2026-08-10,,,,,,,,
OSCV,2026-08-07,42.94,42.94,0.0,2026-08-10,,,,,,,,
OSCX,2026-08-07,90.09,90.09,0.0,2026-08-10,,,,,,,,
OSEA,2026-08-07,31.04,31.04,0.0,2026-08-10,,,,,,,,
OSG,2026-08-07,4.93,5.0,0.014198782961460488,2026-08-10,,,,,,,,
OSIS,2026-08-07,236.23,236.23,0.0,2026-08-10,,,,,,,,
OSK,2026-08-07,155.26,155.26,0.0,2026-08-10,,,,,,,,
OSPN,2026-08-07,16.78,16.78,0.0,2026-08-10,,,,,,,,
OSPRU,2026-08-07,10.12,10.11,-0.0009881422924901129,2026-08-10,,,,,,,,
OSRH,2026-08-07,0.44,0.45,0.022727272727272707,2026-08-10,,,,,,,,
OSS,2026-08-07,13.24,13.5,0.01963746223564944,2026-08-10,,,,,,,,
OSSL,2026-08-07,9.02,9.02,0.0,2026-08-10,,,,,,,,
OSTX,2026-08-07,1.6,1.6,0.0,2026-08-10,,,,,,,,
OSUR,2026-08-07,4.05,4.0,-0.012345679012345623,2026-08-10,,,,,,,,
OSW,2026-08-07,26.21,26.09,-0.004578405188859214,2026-08-10,,,,,,,,
OTAI,2026-08-07,9.97,9.97,0.0,2026-08-10,,,,,,,,
OTEX,2026-08-07,24.94,24.97,0.001202886928628688,2026-08-10,,,,,,,,
OTF,2026-08-07,11.7,11.7,0.0,2026-08-10,,,,,,,,
OTGA,2026-08-07,10.21,10.21,0.0,2026-08-10,,,,,,,,
OTGL,2026-08-07,10.74,10.74,0.0,2026-08-10,,,,,,,,
OTIS,2026-08-07,73.99,74.3,0.004189755372347559,2026-08-10,,,,,,,,
OTLK,2026-08-07,1.02,1.02,0.0,2026-08-10,,,,,,,,
OTLY,2026-08-07,13.72,13.72,0.0,2026-08-10,,,,,,,,
OTTR,2026-08-07,93.79,93.79,0.0,2026-08-10,,,,,,,,
OUNZ,2026-08-07,41.74,41.7,-0.0009583133684715195,2026-08-10,,,,,,,,
OUSA,2026-08-07,62.22,62.22,0.0,2026-08-10,,,,,,,,
OUSL,2026-08-07,20.4,20.31,-0.004411764705882337,2026-08-10,,,,,,,,
OUSM,2026-08-07,49.97,49.97,0.0,2026-08-10,,,,,,,,
OUST,2026-08-07,43.4,43.4,0.0,2026-08-10,,,,,,,,
OUT,2026-08-07,31.21,31.27,0.001922460749759658,2026-08-10,,,,,,,,
OVB,2026-08-07,20.22,20.22,0.0,2026-08-10,,,,,,,,
OVBC,2026-08-07,43.56,43.56,0.0,2026-08-10,,,,,,,,
OVF,2026-08-07,32.3,32.3,0.0,2026-08-10,,,,,,,,
OVID,2026-08-07,2.63,2.63,0.0,2026-08-10,,,,,,,,
OVL,2026-08-07,58.16,59.5,0.023039889958734516,2026-08-10,,,,,,,,
OVLH,2026-08-07,42.83,42.83,0.0,2026-08-10,,,,,,,,
OVLY,2026-08-07,33.45,33.45,0.0,2026-08-10,,,,,,,,
OVM,2026-08-07,21.5,22.15,0.03023255813953485,2026-08-10,,,,,,,,
OVS,2026-08-07,42.51,42.51,0.0,2026-08-10,,,,,,,,
OVT,2026-08-07,21.78,21.78,0.0,2026-08-10,,,,,,,,
OVV,2026-08-07,59.36,59.36,0.0,2026-08-10,,,,,,,,
OWL,2026-08-07,11.87,11.86,-0.0008424599831508006,2026-08-10,,,,,,,,
OWLS,2026-08-07,5.38,5.28,-0.018587360594795488,2026-08-10,,,,,,,,
OWLT,2026-08-07,5.5,5.5,0.0,2026-08-10,,,,,,,,
OWN,2026-08-07,25.25,25.25,0.0,2026-08-10,,,,,,,,
OWNB,2026-08-07,16.99,16.99,0.0,2026-08-10,,,,,,,,
OWNS,2026-08-07,17.13,17.13,0.0,2026-08-10,,,,,,,,
OXBR,2026-08-07,1.33,1.33,0.0,2026-08-10,,,,,,,,
OXLC,2026-08-07,9.2,9.25,0.005434782608695787,2026-08-10,,,,,,,,
OXM,2026-08-07,36.99,36.99,0.0,2026-08-10,,,,,,,,
OXSQ,2026-08-07,1.49,1.51,0.01342281879194629,2026-08-10,,,,,,,,
OXY,2026-08-07,55.91,56.3,0.006975496333393005,2026-08-10,,,,,,,,
OYSE,2026-08-07,10.34,10.34,0.0,2026-08-10,,,,,,,,
OZ,2026-08-07,46.9,46.9,0.0,2026-08-10,,,,,,,,
OZEM,2026-08-07,33.65,33.65,0.0,2026-08-10,,,,,,,,
OZK,2026-08-07,51.41,51.41,0.0,2026-08-10,,,,,,,,
P,2026-08-07,90.05,93.56,0.03897834536368694,2026-08-10,,,,,,,,
PAA,2026-08-07,22.81,22.83,0.0008768084173607082,2026-08-10,,,,,,,,
PAAA,2026-08-07,51.35,51.35,0.0,2026-08-10,,,,,,,,
PAAC,2026-08-07,9.94,9.94,0.0,2026-08-10,,,,,,,,
PAAS,2026-08-07,51.22,51.36,0.002733307301835186,2026-08-10,,,,,,,,
PAB,2026-08-07,41.65,41.65,0.0,2026-08-10,,,,,,,,
PABD,2026-08-07,71.67,71.67,0.0,2026-08-10,,,,,,,,
PABU,2026-08-07,79.0,79.0,0.0,2026-08-10,,,,,,,,
PAC,2026-08-07,222.7,222.7,0.0,2026-08-10,,,,,,,,
PACB,2026-08-07,1.18,1.19,0.008474576271186418,2026-08-10,,,,,,,,
PACH,2026-08-07,10.29,10.29,0.0,2026-08-10,,,,,,,,
PACK,2026-08-07,5.51,5.36,-0.02722323049001807,2026-08-10,,,,,,,,
PACS,2026-08-07,48.44,48.42,-0.00041288191577204536,2026-08-10,,,,,,,,
PAG,2026-08-07,216.41,216.41,0.0,2026-08-10,,,,,,,,
PAGP,2026-08-07,24.74,25.0,0.010509296685529579,2026-08-10,,,,,,,,
PAGS,2026-08-07,9.14,9.13,-0.001094091903719896,2026-08-10,,,,,,,,
PAHC,2026-08-07,34.29,34.27,-0.0005832604257799412,2026-08-10,,,,,,,,
PAI,2026-08-07,11.96,11.96,0.0,2026-08-10,,,,,,,,
PAII,2026-08-07,10.26,10.26,0.0,2026-08-10,,,,,,,,
PAL,2026-08-07,7.34,7.34,0.0,2026-08-10,,,,,,,,
PALC,2026-08-07,57.71,57.71,0.0,2026-08-10,,,,,,,,
PALD,2026-08-07,10.8,10.78,-0.0018518518518519933,2026-08-10,,,,,,,,
PALI,2026-08-07,2.11,2.11,0.0,2026-08-10,,,,,,,,
PALL,2026-08-07,25.05,24.6,-0.017964071856287345,2026-08-10,,,,,,,,
PALO,2026-08-07,9.94,9.94,0.0,2026-08-10,,,,,,,,
PALU,2026-08-07,56.84,58.22,0.02427867698803654,2026-08-10,,,,,,,,
PAM,2026-08-07,82.36,82.36,0.0,2026-08-10,,,,,,,,
PAMC,2026-08-07,54.9,54.9,0.0,2026-08-10,,,,,,,,
PAMT,2026-08-07,14.18,14.18,0.0,2026-08-10,,,,,,,,
PANG,2026-08-07,34.88,35.95,0.030676605504587062,2026-08-10,,,,,,,,
PANL,2026-08-07,7.42,7.5,0.010781671159029615,2026-08-10,,,,,,,,
PANW,2026-08-07,363.86,365.3,0.0039575660968504955,2026-08-10,,,,,,,,
PAPI,2026-08-07,27.67,27.67,0.0,2026-08-10,,,,,,,,
PAPL,2026-08-07,1.1,1.1,0.0,2026-08-10,,,,,,,,
PAPR,2026-08-07,42.84,42.84,0.0,2026-08-10,,,,,,,,
PAR,2026-08-07,17.81,18.69,0.04941044357102764,2026-08-10,,,,,,,,
PARA,2026-08-07,1.76,1.76,0.0,2026-08-10,,,,,,,,
PARK,2026-08-07,21.16,21.16,0.0,2026-08-10,,,,,,,,
PARR,2026-08-07,66.29,66.89,0.00905113893498255,2026-08-10,,,,,,,,
PASG,2026-08-07,4.4,4.4,0.0,2026-08-10,,,,,,,,
PASW,2026-08-07,0.13,0.14,0.0769230769230771,2026-08-10,,,,,,,,
PATH,2026-08-07,15.05,14.96,-0.005980066445182675,2026-08-10,,,,,,,,
PATK,2026-08-07,88.84,88.84,0.0,2026-08-10,,,,,,,,
PATN,2026-08-07,35.54,35.54,0.0,2026-08-10,,,,,,,,
PATX,2026-08-07,14.02,14.02,0.0,2026-08-10,,,,,,,,
PAUG,2026-08-07,46.72,46.72,0.0,2026-08-10,,,,,,,,
PAVE,2026-08-07,58.69,58.69,0.0,2026-08-10,,,,,,,,
PAVM,2026-08-07,4.74,4.74,0.0,2026-08-10,,,,,,,,
PAVS,2026-08-07,6.15,5.86,-0.047154471544715415,2026-08-10,,,,,,,,
PAWZ,2026-08-07,51.69,51.69,0.0,2026-08-10,,,,,,,,
PAX,2026-08-07,11.53,11.53,0.0,2026-08-10,,,,,,,,
PAXS,2026-08-07,14.33,14.38,0.0034891835310537633,2026-08-10,,,,,,,,
PAY,2026-08-07,38.57,38.93,0.009333679025149033,2026-08-10,,,,,,,,
PAYC,2026-08-07,214.94,214.94,0.0,2026-08-10,,,,,,,,
PAYH,2026-08-07,25.32,25.32,0.0,2026-08-10,,,,,,,,
PAYM,2026-08-07,25.76,25.76,0.0,2026-08-10,,,,,,,,
PAYO,2026-08-07,7.1,7.16,0.008450704225352101,2026-08-10,,,,,,,,
PAYP,2026-08-07,15.35,15.65,0.019543973941368087,2026-08-10,,,,,,,,
PAYR,2026-08-07,55.52,55.52,0.0,2026-08-10,,,,,,,,
PAYS,2026-08-07,12.48,12.69,0.016826923076922906,2026-08-10,,,,,,,,
PAYX,2026-08-07,120.04,120.44,0.003332222592469014,2026-08-10,,,,,,,,
PB,2026-08-07,73.95,73.95,0.0,2026-08-10,,,,,,,,
PBA,2026-08-07,47.5,47.5,0.0,2026-08-10,,,,,,,,
PBAM,2026-08-07,85.81,85.81,0.0,2026-08-10,,,,,,,,
PBAP,2026-08-07,31.4,31.4,0.0,2026-08-10,,,,,,,,
PBAU,2026-08-07,32.05,32.05,0.0,2026-08-10,,,,,,,,
PBD,2026-08-07,18.23,18.23,0.0,2026-08-10,,,,,,,,
PBDC,2026-08-07,28.47,28.47,0.0,2026-08-10,,,,,,,,
PBDE,2026-08-07,31.47,31.47,0.0,2026-08-10,,,,,,,,
PBE,2026-08-07,92.76,92.78,0.00021561017680027383,2026-08-10,,,,,,,,
PBEU,2026-08-07,35.89,35.89,0.0,2026-08-10,,,,,,,,
PBF,2026-08-07,61.71,62.6,0.014422297844757681,2026-08-10,,,,,,,,
PBFB,2026-08-07,32.4,32.4,0.0,2026-08-10,,,,,,,,
PBFR,2026-08-07,31.08,31.08,0.0,2026-08-10,,,,,,,,
PBFS,2026-08-07,17.32,17.22,-0.005773672055427337,2026-08-10,,,,,,,,
PBH,2026-08-07,54.85,54.5,-0.006381039197812188,2026-08-10,,,,,,,,
PBHC,2026-08-07,16.5,16.5,0.0,2026-08-10,,,,,,,,
PBI,2026-08-07,17.42,17.42,0.0,2026-08-10,,,,,,,,
PBJ,2026-08-07,47.42,47.42,0.0,2026-08-10,,,,,,,,
PBJA,2026-08-07,32.79,32.79,0.0,2026-08-10,,,,,,,,
PBJL,2026-08-07,31.83,31.83,0.0,2026-08-10,,,,,,,,
PBJN,2026-08-07,31.39,31.39,0.0,2026-08-10,,,,,,,,
PBK,2026-08-07,0.49,0.49,0.0,2026-08-10,,,,,,,,
PBL,2026-08-07,34.02,34.02,0.0,2026-08-10,,,,,,,,
PBLS,2026-08-07,34.98,34.98,0.0,2026-08-10,,,,,,,,
PBM,2026-08-07,3.47,3.48,0.0028818443804032867,2026-08-10,,,,,,,,
PBMR,2026-08-07,32.55,32.55,0.0,2026-08-10,,,,,,,,
PBMY,2026-08-07,31.65,31.65,0.0,2026-08-10,,,,,,,,
PBNV,2026-08-07,31.52,31.52,0.0,2026-08-10,,,,,,,,
PBOC,2026-08-07,31.09,31.09,0.0,2026-08-10,,,,,,,,
PBOG,2026-08-07,32.56,32.56,0.0,2026-08-10,,,,,,,,
PBOT,2026-08-07,33.26,33.26,0.0,2026-08-10,,,,,,,,
PBP,2026-08-07,23.36,23.36,0.0,2026-08-10,,,,,,,,
PBPH,2026-08-07,27.8,27.8,0.0,2026-08-10,,,,,,,,
PBQQ,2026-08-07,31.7,31.7,0.0,2026-08-10,,,,,,,,
PBR,2026-08-07,17.96,18.14,0.010022271714922093,2026-08-10,,,,,,,,
PBR-A,2026-08-07,16.06,16.21,0.009339975093399788,2026-08-10,,,,,,,,
PBRG,2026-08-07,33.5,33.5,0.0,2026-08-10,,,,,,,,
PBSC,2026-08-07,25.25,25.25,0.0,2026-08-10,,,,,,,,
PBSE,2026-08-07,31.22,31.22,0.0,2026-08-10,,,,,,,,
PBT,2026-08-07,32.01,32.02,0.0003124023742582249,2026-08-10,,,,,,,,
PBTP,2026-08-07,25.69,26.21,0.020241339042428974,2026-08-10,,,,,,,,
PBUS,2026-08-07,77.61,77.61,0.0,2026-08-10,,,,,,,,
PBW,2026-08-07,34.81,34.82,0.0002872737719046281,2026-08-10,,,,,,,,
PBYI,2026-08-07,8.91,8.91,0.0,2026-08-10,,,,,,,,
PCAP,2026-08-07,10.33,10.33,0.0,2026-08-10,,,,,,,,
PCAR,2026-08-07,133.11,133.23,0.0009015100292988354,2026-08-10,,,,,,,,
PCB,2026-08-07,27.87,27.87,0.0,2026-08-10,,,,,,,,
PCCE,2026-08-07,12.82,12.82,0.0,2026-08-10,,,,,,,,
PCEB,2026-08-07,24.67,24.67,0.0,2026-08-10,,,,,,,,
PCEF,2026-08-07,20.35,20.0,-0.017199017199017286,2026-08-10,,,,,,,,
PCF,2026-08-07,5.34,5.34,0.0,2026-08-10,,,,,,,,
PCFI,2026-08-07,22.38,22.38,0.0,2026-08-10,,,,,,,,
PCG,2026-08-07,17.46,17.54,0.004581901489117968,2026-08-10,,,,,,,,
PCGG,2026-08-07,11.5,11.5,0.0,2026-08-10,,,,,,,,
PCHI,2026-08-07,24.19,24.19,0.0,2026-08-10,,,,,,,,
PCI,2026-08-07,49.33,49.33,0.0,2026-08-10,,,,,,,,
PCIG,2026-08-07,9.07,9.07,0.0,2026-08-10,,,,,,,,
PCL,2026-08-07,48.02,48.02,0.0,2026-08-10,,,,,,,,
PCLA,2026-08-07,8.11,8.34,0.02836004932182501,2026-08-10,,,,,,,,
PCLC,2026-08-07,24.96,24.96,0.0,2026-08-10,,,,,,,,
PCLG,2026-08-07,23.49,23.49,0.0,2026-08-10,,,,,,,,
PCLN,2026-08-07,31.94,31.94,0.0,2026-08-10,,,,,,,,
PCLO,2026-08-07,24.93,24.93,0.0,2026-08-10,,,,,,,,
PCM,2026-08-07,5.68,5.71,0.005281690140845008,2026-08-10,,,,,,,,
PCMM,2026-08-07,49.7,49.7,0.0,2026-08-10,,,,,,,,
PCN,2026-08-07,11.85,11.9,0.0042194092827005925,2026-08-10,,,,,,,,
PCOR,2026-08-07,57.06,56.31,-0.013144058885383836,2026-08-10,,,,,,,,
PCPI,2026-08-07,49.65,49.65,0.0,2026-08-10,,,,,,,,
PCPP,2026-08-07,26.7,26.7,0.0,2026-08-10,,,,,,,,
PCQ,2026-08-07,8.78,8.78,0.0,2026-08-10,,,,,,,,
PCR,2026-08-07,19.98,19.98,0.0,2026-08-10,,,,,,,,
PCRX,2026-08-07,25.02,25.02,0.0,2026-08-10,,,,,,,,
PCS,2026-08-07,49.82,49.82,0.0,2026-08-10,,,,,,,,
PCSA,2026-08-07,2.57,2.25,-0.12451361867704269,2026-08-10,,,,,,,,
PCSG,2026-08-07,23.32,23.32,0.0,2026-08-10,,,,,,,,
PCT,2026-08-07,7.21,7.2,-0.001386962552011095,2026-08-10,,,,,,,,
PCTY,2026-08-07,150.42,150.42,0.0,2026-08-10,,,,,,,,
PCVX,2026-08-07,58.07,58.07,0.0,2026-08-10,,,,,,,,
PCY,2026-08-07,21.27,21.27,0.0,2026-08-10,,,,,,,,
PCYO,2026-08-07,10.83,10.83,0.0,2026-08-10,,,,,,,,
PD,2026-08-07,11.69,11.57,-0.010265183917878451,2026-08-10,,,,,,,,
PDBA,2026-08-07,36.85,36.85,0.0,2026-08-10,,,,,,,,
PDBC,2026-08-07,17.25,17.45,0.011594202898550732,2026-08-10,,,,,,,,
PDC,2026-08-07,2.96,2.96,0.0,2026-08-10,,,,,,,,
PDCC,2026-08-07,9.0,9.0,0.0,2026-08-10,,,,,,,,
PDD,2026-08-07,91.76,91.74,-0.00021795989537931604,2026-08-10,,,,,,,,
PDDL,2026-08-07,15.54,15.63,0.005791505791505891,2026-08-10,,,,,,,,
PDEC,2026-08-07,46.81,46.81,0.0,2026-08-10,,,,,,,,
PDEX,2026-08-07,65.56,65.56,0.0,2026-08-10,,,,,,,,
PDFS,2026-08-07,49.45,50.0,0.011122345803842304,2026-08-10,,,,,,,,
PDI,2026-08-07,16.08,16.12,0.0024875621890549926,2026-08-10,,,,,,,,
PDLB,2026-08-07,20.07,20.07,0.0,2026-08-10,,,,,,,,
PDM,2026-08-07,9.48,9.38,-0.010548523206751037,2026-08-10,,,,,,,,
PDN,2026-08-07,47.26,47.26,0.0,2026-08-10,,,,,,,,
PDO,2026-08-07,13.08,13.08,0.0,2026-08-10,,,,,,,,
PDP,2026-08-07,138.6,138.6,0.0,2026-08-10,,,,,,,,
PDS,2026-08-07,75.75,75.85,0.0013201320132012473,2026-08-10,,,,,,,,
PDSB,2026-08-07,0.78,0.78,0.0,2026-08-10,,,,,,,,
PDT,2026-08-07,12.72,12.72,0.0,2026-08-10,,,,,,,,
PDX,2026-08-07,21.59,21.59,0.0,2026-08-10,,,,,,,,
PDYN,2026-08-07,5.99,5.96,-0.005008347245409106,2026-08-10,,,,,,,,
PEB,2026-08-07,18.18,18.2,0.0011001100110010764,2026-08-10,,,,,,,,
PEBK,2026-08-07,43.05,43.05,0.0,2026-08-10,,,,,,,,
PEBO,2026-08-07,40.93,40.93,0.0,2026-08-10,,,,,,,,
PECE,2026-08-07,9.91,9.91,0.0,2026-08-10,,,,,,,,
PECO,2026-08-07,40.75,40.94,0.004662576687116449,2026-08-10,,,,,,,,
PED,2026-08-07,10.61,10.61,0.0,2026-08-10,,,,,,,,
PEG,2026-08-07,75.66,75.66,0.0,2026-08-10,,,,,,,,
PEGA,2026-08-07,32.74,32.5,-0.007330482590103937,2026-08-10,,,,,,,,
PEJ,2026-08-07,67.48,67.48,0.0,2026-08-10,,,,,,,,
PEMX,2026-08-07,83.28,83.28,0.0,2026-08-10,,,,,,,,
PEN,2026-08-07,324.66,324.66,0.0,2026-08-10,,,,,,,,
PENG,2026-08-07,58.43,59.11,0.011637857265103468,2026-08-10,,,,,,,,
PENN,2026-08-07,20.18,20.18,0.0,2026-08-10,,,,,,,,
PENU,2026-08-07,27.48,27.48,0.0,2026-08-10,,,,,,,,
PEO,2026-08-07,26.35,26.35,0.0,2026-08-10,,,,,,,,
PEP,2026-08-07,139.02,138.99,-0.0002157962883038156,2026-08-10,,,,,,,,
PEPG,2026-08-07,2.85,2.79,-0.021052631578947434,2026-08-10,,,,,,,,
PEPS,2026-08-07,32.91,32.91,0.0,2026-08-10,,,,,,,,
PERF,2026-08-07,1.92,1.92,0.0,2026-08-10,,,,,,,,
PERI,2026-08-07,9.81,9.8,-0.0010193679918449883,2026-08-10,,,,,,,,
PESI,2026-08-07,18.08,18.04,-0.0022123893805309214,2026-08-10,,,,,,,,
PETS,2026-08-07,1.98,1.98,0.0,2026-08-10,,,,,,,,
PETZ,2026-08-07,1.59,1.38,-0.1320754716981133,2026-08-10,,,,,,,,
PEVC,2026-08-07,31.95,31.95,0.0,2026-08-10,,,,,,,,
PEW,2026-08-07,2.65,2.7,0.018867924528301883,2026-08-10,,,,,,,,
PEX,2026-08-07,24.08,24.08,0.0,2026-08-10,,,,,,,,
PEXL,2026-08-07,72.97,72.97,0.0,2026-08-10,,,,,,,,
PEY,2026-08-07,24.96,25.1,0.00560897435897445,2026-08-10,,,,,,,,
PEZ,2026-08-07,103.87,103.87,0.0,2026-08-10,,,,,,,,
PFAI,2026-08-07,2.46,2.46,0.0,2026-08-10,,,,,,,,
PFBC,2026-08-07,105.76,105.76,0.0,2026-08-10,,,,,,,,
PFD,2026-08-07,11.39,11.39,0.0,2026-08-10,,,,,,,,
PFDE,2026-08-07,28.74,28.74,0.0,2026-08-10,,,,,,,,
PFE,2026-08-07,26.76,26.49,-0.010089686098654793,2026-08-10,,,,,,,,
PFEB,2026-08-07,43.84,43.84,0.0,2026-08-10,,,,,,,,
PFF,2026-08-07,30.64,30.61,-0.000979112271540461,2026-08-10,,,,,,,,
PFFA,2026-08-07,20.86,20.88,0.0009587727708533222,2026-08-10,,,,,,,,
PFFD,2026-08-07,18.6,18.6,0.0,2026-08-10,,,,,,,,
PFFL,2026-08-07,7.45,7.45,0.0,2026-08-10,,,,,,,,
PFFR,2026-08-07,17.62,17.62,0.0,2026-08-10,,,,,,,,
PFFV,2026-08-07,22.02,22.02,0.0,2026-08-10,,,,,,,,
PFG,2026-08-07,113.4,113.4,0.0,2026-08-10,,,,,,,,
PFGC,2026-08-07,114.9,114.9,0.0,2026-08-10,,,,,,,,
PFI,2026-08-07,62.14,62.14,0.0,2026-08-10,,,,,,,,
PFIG,2026-08-07,23.74,23.74,0.0,2026-08-10,,,,,,,,
PFIS,2026-08-07,70.66,70.66,0.0,2026-08-10,,,,,,,,
PFIX,2026-08-07,50.3,50.3,0.0,2026-08-10,,,,,,,,
PFL,2026-08-07,7.8,7.8,0.0,2026-08-10,,,,,,,,
PFLD,2026-08-07,19.54,20.35,0.041453428863869046,2026-08-10,,,,,,,,
PFLT,2026-08-07,7.52,7.48,-0.005319148936170137,2026-08-10,,,,,,,,
PFM,2026-08-07,57.61,57.61,0.0,2026-08-10,,,,,,,,
PFN,2026-08-07,7.13,7.15,0.0028050490883591017,2026-08-10,,,,,,,,
PFO,2026-08-07,9.13,9.13,0.0,2026-08-10,,,,,,,,
PFOE,2026-08-07,23.33,23.33,0.0,2026-08-10,,,,,,,,
PFRL,2026-08-07,49.6,49.6,0.0,2026-08-10,,,,,,,,
PFS,2026-08-07,24.46,24.57,0.0044971381847915826,2026-08-10,,,,,,,,
PFSA,2026-08-07,0.96,0.96,0.0,2026-08-10,,,,,,,,
PFSI,2026-08-07,77.41,77.41,0.0,2026-08-10,,,,,,,,
PFX,2026-08-07,46.58,46.58,0.0,2026-08-10,,,,,,,,
PFXF,2026-08-07,18.03,18.03,0.0,2026-08-10,,,,,,,,
PG,2026-08-07,145.79,145.35,-0.003018039646066284,2026-08-10,,,,,,,,
PGAC,2026-08-07,10.69,10.69,0.0,2026-08-10,,,,,,,,
PGC,2026-08-07,45.8,45.8,0.0,2026-08-10,,,,,,,,
PGEN,2026-08-07,7.23,7.3,0.009681881051175623,2026-08-10,,,,,,,,
PGF,2026-08-07,13.58,13.58,0.0,2026-08-10,,,,,,,,
PGHY,2026-08-07,19.74,19.74,0.0,2026-08-10,,,,,,,,
PGJ,2026-08-07,25.58,25.58,0.0,2026-08-10,,,,,,,,
PGNY,2026-08-07,28.1,28.37,0.009608540925266862,2026-08-10,,,,,,,,
PGP,2026-08-07,8.64,8.64,0.0,2026-08-10,,,,,,,,
PGR,2026-08-07,215.33,215.33,0.0,2026-08-10,,,,,,,,
PGRI,2026-08-07,27.16,27.16,0.0,2026-08-10,,,,,,,,
PGRO,2026-08-07,47.71,47.71,0.0,2026-08-10,,,,,,,,
PGX,2026-08-07,10.72,10.67,-0.004664179104477695,2026-08-10,,,,,,,,
PGY,2026-08-07,21.28,21.34,0.0028195488721804995,2026-08-10,,,,,,,,
PGZ,2026-08-07,10.27,10.27,0.0,2026-08-10,,,,,,,,
PH,2026-08-07,1073.87,1072.73,-0.001061581010736723,2026-08-10,,,,,,,,
PHAR,2026-08-07,10.95,10.95,0.0,2026-08-10,,,,,,,,
PHAT,2026-08-07,8.55,8.55,0.0,2026-08-10,,,,,,,,
PHAXU,2026-08-07,,,,2026-08-10,,,,,,,,
PHDG,2026-08-07,41.91,41.91,0.0,2026-08-10,,,,,,,,
PHEQ,2026-08-07,35.05,35.05,0.0,2026-08-10,,,,,,,,
PHG,2026-08-07,26.73,26.69,-0.0014964459408903785,2026-08-10,,,,,,,,
PHGE,2026-08-07,0.17,0.17,0.0,2026-08-10,,,,,,,,
PHI,2026-08-07,20.03,20.03,0.0,2026-08-10,,,,,,,,
PHIN,2026-08-07,74.91,74.91,0.0,2026-08-10,,,,,,,,
PHIO,2026-08-07,1.04,1.08,0.03846153846153855,2026-08-10,,,,,,,,
PHK,2026-08-07,4.72,4.72,0.0,2026-08-10,,,,,,,,
PHM,2026-08-07,132.9,133.45,0.004138449962377555,2026-08-10,,,,,,,,
PHO,2026-08-07,73.31,73.68,0.005047060428318151,2026-08-10,,,,,,,,
PHOE,2026-08-07,19.35,19.63,0.014470284237726005,2026-08-10,,,,,,,,
PHR,2026-08-07,12.51,12.29,-0.01758593125499608,2026-08-10,,,,,,,,
PHUN,2026-08-07,2.13,2.13,0.0,2026-08-10,,,,,,,,
PHVS,2026-08-07,34.91,35.35,0.012603838441707316,2026-08-10,,,,,,,,
PHYL,2026-08-07,34.82,34.82,0.0,2026-08-10,,,,,,,,
PHYS,2026-08-07,32.87,32.84,-0.0009126863401276442,2026-08-10,,,,,,,,
PI,2026-08-07,183.36,184.14,0.004253926701570432,2026-08-10,,,,,,,,
PICB,2026-08-07,23.3,23.3,0.0,2026-08-10,,,,,,,,
PICK,2026-08-07,63.64,63.87,0.0036140791954744067,2026-08-10,,,,,,,,
PICS,2026-08-07,12.06,12.06,0.0,2026-08-10,,,,,,,,
PID,2026-08-07,23.06,23.06,0.0,2026-08-10,,,,,,,,
PIE,2026-08-07,32.51,32.51,0.0,2026-08-10,,,,,,,,
PIEL,2026-08-07,29.42,29.42,0.0,2026-08-10,,,,,,,,
PIEQ,2026-08-07,36.67,36.67,0.0,2026-08-10,,,,,,,,
PIFI,2026-08-07,93.24,93.24,0.0,2026-08-10,,,,,,,,
PII,2026-08-07,71.57,71.57,0.0,2026-08-10,,,,,,,,
PIII,2026-08-07,11.58,11.97,0.03367875647668406,2026-08-10,,,,,,,,
PILL,2026-08-07,20.76,20.77,0.00048169556840060856,2026-08-10,,,,,,,,
PIM,2026-08-07,3.14,3.14,0.0,2026-08-10,,,,,,,,
PINC,2026-08-07,49.98,49.98,0.0,2026-08-10,,,,,,,,
PINE,2026-08-07,19.98,20.0,0.0010010010010010895,2026-08-10,,,,,,,,
PINK,2026-08-07,40.12,40.12,0.0,2026-08-10,,,,,,,,
PINS,2026-08-07,23.68,23.66,-0.0008445945945946276,2026-08-10,,,,,,,,
PIO,2026-08-07,46.45,46.85,0.008611410118406937,2026-08-10,,,,,,,,
PIPE,2026-08-07,29.52,29.52,0.0,2026-08-10,,,,,,,,
PIPR,2026-08-07,74.79,74.79,0.0,2026-08-10,,,,,,,,
PIT,2026-08-07,72.96,72.96,0.0,2026-08-10,,,,,,,,
PIZ,2026-08-07,53.85,53.85,0.0,2026-08-10,,,,,,,,
PJAN,2026-08-07,50.41,50.41,0.0,2026-08-10,,,,,,,,
PJFG,2026-08-07,119.63,119.63,0.0,2026-08-10,,,,,,,,
PJFM,2026-08-07,67.85,67.85,0.0,2026-08-10,,,,,,,,
PJFV,2026-08-07,101.87,101.87,0.0,2026-08-10,,,,,,,,
PJIO,2026-08-07,63.82,63.82,0.0,2026-08-10,,,,,,,,
PJP,2026-08-07,124.85,124.86,8.009611533843497e-05,2026-08-10,,,,,,,,
PJT,2026-08-07,171.34,171.34,0.0,2026-08-10,,,,,,,,
PJUL,2026-08-07,49.72,49.72,0.0,2026-08-10,,,,,,,,
PJUN,2026-08-07,44.08,44.08,0.0,2026-08-10,,,,,,,,
PJUS,2026-08-07,53.23,53.23,0.0,2026-08-10,,,,,,,,
PK,2026-08-07,14.76,13.98,-0.05284552845528456,2026-08-10,,,,,,,,
PKB,2026-08-07,105.53,105.53,0.0,2026-08-10,,,,,,,,
PKBK,2026-08-07,34.4,34.4,0.0,2026-08-10,,,,,,,,
PKE,2026-08-07,37.67,37.93,0.006902044066896762,2026-08-10,,,,,,,,
PKG,2026-08-07,256.04,256.04,0.0,2026-08-10,,,,,,,,
PKOH,2026-08-07,52.51,52.51,0.0,2026-08-10,,,,,,,,
PKW,2026-08-07,149.28,149.28,0.0,2026-08-10,,,,,,,,
PKX,2026-08-07,57.77,58.5,0.012636316427211192,2026-08-10,,,,,,,,
PL,2026-08-07,23.93,24.5,0.023819473464270713,2026-08-10,,,,,,,,
PLA,2026-08-07,26.24,26.24,0.0,2026-08-10,,,,,,,,
PLAB,2026-08-07,32.65,32.85,0.006125574272588086,2026-08-10,,,,,,,,
PLAG,2026-08-07,0.56,0.56,0.0,2026-08-10,,,,,,,,
PLAY,2026-08-07,10.27,10.34,0.006815968841285436,2026-08-10,,,,,,,,
PLBC,2026-08-07,61.65,61.65,0.0,2026-08-10,,,,,,,,
PLBL,2026-08-07,5.7,5.7,0.0,2026-08-10,,,,,,,,
PLBY,2026-08-07,1.22,1.22,0.0,2026-08-10,,,,,,,,
PLCE,2026-08-07,2.69,2.82,0.048327137546468446,2026-08-10,,,,,,,,
PLCIU,2026-08-07,9.97,9.97,0.0,2026-08-10,,,,,,,,
PLD,2026-08-07,140.16,140.05,-0.0007848173515980772,2026-08-10,,,,,,,,
PLG,2026-08-07,1.51,1.46,-0.03311258278145701,2026-08-10,,,,,,,,
PLGI,2026-08-07,25.46,25.46,0.0,2026-08-10,,,,,,,,
PLGO,2026-08-07,25.03,25.03,0.0,2026-08-10,,,,,,,,
PLIB,2026-08-07,33.06,33.06,0.0,2026-08-10,,,,,,,,
PLMK,2026-08-07,10.57,10.57,0.0,2026-08-10,,,,,,,,
PLMR,2026-08-07,131.0,131.0,0.0,2026-08-10,,,,,,,,
PLNT,2026-08-07,50.01,50.5,0.009798040391921559,2026-08-10,,,,,,,,
PLOW,2026-08-07,44.36,44.36,0.0,2026-08-10,,,,,,,,
PLPC,2026-08-07,466.82,466.82,0.0,2026-08-10,,,,,,,,
PLRX,2026-08-07,1.05,1.05,0.0,2026-08-10,,,,,,,,
PLRZ,2026-08-07,11.59,11.38,-0.018119068162208762,2026-08-10,,,,,,,,
PLSE,2026-08-07,42.41,42.41,0.0,2026-08-10,,,,,,,,
PLSM,2026-08-07,3.31,3.32,0.0030211480362536403,2026-08-10,,,,,,,,
PLTA,2026-08-07,18.98,18.4,-0.030558482613277205,2026-08-10,,,,,,,,
PLTD,2026-08-07,5.34,5.4,0.011235955056179803,2026-08-10,,,,,,,,
PLTG,2026-08-07,17.64,17.27,-0.02097505668934241,2026-08-10,,,,,,,,
PLTK,2026-08-07,2.94,2.98,0.013605442176870763,2026-08-10,,,,,,,,
PLTL,2026-08-07,58.08,58.08,0.0,2026-08-10,,,,,,,,
PLTM,2026-08-07,16.76,16.77,0.0005966587112171684,2026-08-10,,,,,,,,
PLTR,2026-08-07,172.01,170.24,-0.010290099412824771,2026-08-10,,,,,,,,
PLTU,2026-08-07,49.6,48.51,-0.02197580645161301,2026-08-10,,,,,,,,
PLTW,2026-08-07,24.57,24.01,-0.022792022792022748,2026-08-10,,,,,,,,
PLTY,2026-08-07,38.13,37.58,-0.014424337791765107,2026-08-10,,,,,,,,
PLTZ,2026-08-07,10.25,10.45,0.019512195121951237,2026-08-10,,,,,,,,
PLU,2026-08-07,10.78,11.15,0.03432282003710574,2026-08-10,,,,,,,,
PLUG,2026-08-07,2.18,2.3,0.05504587155963292,2026-08-10,,,,,,,,
PLUL,2026-08-07,8.29,9.19,0.1085645355850422,2026-08-10,,,,,,,,
PLUN,2026-08-07,9.98,9.98,0.0,2026-08-10,,,,,,,,
PLUR,2026-08-07,1.82,1.82,0.0,2026-08-10,,,,,,,,
PLUS,2026-08-07,89.58,89.58,0.0,2026-08-10,,,,,,,,
PLUT,2026-08-07,2.92,2.92,0.0,2026-08-10,,,,,,,,
PLX,2026-08-07,2.46,2.52,0.024390243902439046,2026-08-10,,,,,,,,
PLXS,2026-08-07,270.35,270.95,0.002219345293138497,2026-08-10,,,,,,,,
PLYX,2026-08-07,2.26,2.25,-0.004424778761061843,2026-08-10,,,,,,,,
PLYY,2026-08-07,8.52,8.52,0.0,2026-08-10,,,,,,,,
PM,2026-08-07,189.57,189.53,-0.0002110038508202905,2026-08-10,,,,,,,,
PMA,2026-08-07,1.3,1.26,-0.03076923076923077,2026-08-10,,,,,,,,
PMAP,2026-08-07,27.5,27.5,0.0,2026-08-10,,,,,,,,
PMAR,2026-08-07,48.62,48.62,0.0,2026-08-10,,,,,,,,
PMAU,2026-08-07,26.92,26.92,0.0,2026-08-10,,,,,,,,
PMAX,2026-08-07,1.66,1.61,-0.030120481927710774,2026-08-10,,,,,,,,
PMAY,2026-08-07,42.08,42.08,0.0,2026-08-10,,,,,,,,
PMBS,2026-08-07,48.67,48.67,0.0,2026-08-10,,,,,,,,
PMCB,2026-08-07,0.59,0.62,0.05084745762711873,2026-08-10,,,,,,,,
PMDE,2026-08-07,26.08,26.08,0.0,2026-08-10,,,,,,,,
PMEC,2026-08-07,0.42,0.41,-0.023809523809523836,2026-08-10,,,,,,,,
PMFB,2026-08-07,27.53,27.53,0.0,2026-08-10,,,,,,,,
PMI,2026-08-07,3.43,3.44,0.002915451895043608,2026-08-10,,,,,,,,
PMIO,2026-08-07,50.44,50.44,0.0,2026-08-10,,,,,,,,
PMJA,2026-08-07,27.67,27.67,0.0,2026-08-10,,,,,,,,
PMJL,2026-08-07,26.89,26.89,0.0,2026-08-10,,,,,,,,
PMJN,2026-08-07,26.93,26.93,0.0,2026-08-10,,,,,,,,
PML,2026-08-07,7.42,7.42,0.0,2026-08-10,,,,,,,,
PMM,2026-08-07,6.38,6.38,0.0,2026-08-10,,,,,,,,
PMMF,2026-08-07,100.29,101.04,0.007478312892611472,2026-08-10,,,,,,,,
PMMR,2026-08-07,27.31,27.31,0.0,2026-08-10,,,,,,,,
PMMY,2026-08-07,27.01,27.01,0.0,2026-08-10,,,,,,,,
PMN,2026-08-07,14.71,14.64,-0.0047586675730795225,2026-08-10,,,,,,,,
PMNV,2026-08-07,26.23,26.23,0.0,2026-08-10,,,,,,,,
PMO,2026-08-07,10.39,10.39,0.0,2026-08-10,,,,,,,,
PMOC,2026-08-07,26.29,26.29,0.0,2026-08-10,,,,,,,,
PMSE,2026-08-07,26.53,26.53,0.0,2026-08-10,,,,,,,,
PMT,2026-08-07,9.65,9.6,-0.005181347150259086,2026-08-10,,,,,,,,
PMTL,2026-08-07,24.34,24.34,0.0,2026-08-10,,,,,,,,
PMTR,2026-08-07,10.4,10.4,0.0,2026-08-10,,,,,,,,
PMTS,2026-08-07,27.72,27.72,0.0,2026-08-10,,,,,,,,
PMVP,2026-08-07,1.19,1.19,0.0,2026-08-10,,,,,,,,
PN,2026-08-07,3.21,3.28,0.02180685358255441,2026-08-10,,,,,,,,
PNAQ-U,2026-08-07,9.96,9.96,0.0,2026-08-10,,,,,,,,
PNBK,2026-08-07,1.16,1.16,0.0,2026-08-10,,,,,,,,
PNC,2026-08-07,252.56,253.0,0.0017421602787457413,2026-08-10,,,,,,,,
PNFP,2026-08-07,104.68,105.0,0.003056935422239171,2026-08-10,,,,,,,,
PNI,2026-08-07,6.93,6.93,0.0,2026-08-10,,,,,,,,
PNNT,2026-08-07,3.69,3.73,0.01084010840108407,2026-08-10,,,,,,,,
PNOV,2026-08-07,45.28,45.28,0.0,2026-08-10,,,,,,,,
PNQI,2026-08-07,51.78,51.78,0.0,2026-08-10,,,,,,,,
PNR,2026-08-07,68.89,68.93,0.0005806357961968267,2026-08-10,,,,,,,,
PNRG,2026-08-07,184.3,184.3,0.0,2026-08-10,,,,,,,,
PNTG,2026-08-07,39.0,39.22,0.005641025641025532,2026-08-10,,,,,,,,
PNW,2026-08-07,101.03,101.03,0.0,2026-08-10,,,,,,,,
POAS,2026-08-07,0.19,0.2,0.05263157894736836,2026-08-10,,,,,,,,
POCI,2026-08-07,4.22,4.22,0.0,2026-08-10,,,,,,,,
POCT,2026-08-07,47.22,47.22,0.0,2026-08-10,,,,,,,,
PODC,2026-08-07,3.46,3.46,0.0,2026-08-10,,,,,,,,
PODD,2026-08-07,141.17,142.25,0.007650350641071224,2026-08-10,,,,,,,,
POEL,2026-08-07,12.72,13.53,0.06367924528301883,2026-08-10,,,,,,,,
POET,2026-08-07,8.91,9.18,0.030303030303030276,2026-08-10,,,,,,,,
POLA,2026-08-07,1.78,1.79,0.00561797752808979,2026-08-10,,,,,,,,
POLE,2026-08-07,10.81,10.81,0.0,2026-08-10,,,,,,,,
POM,2026-08-07,0.87,0.87,0.0,2026-08-10,,,,,,,,
PONO,2026-08-07,10.02,10.02,0.0,2026-08-10,,,,,,,,
PONX,2026-08-07,21.0,21.0,0.0,2026-08-10,,,,,,,,
PONY,2026-08-07,8.15,8.14,-0.0012269938650306678,2026-08-10,,,,,,,,
POOL,2026-08-07,206.31,206.31,0.0,2026-08-10,,,,,,,,
POR,2026-08-07,49.05,49.05,0.0,2026-08-10,,,,,,,,
POST,2026-08-07,78.69,79.1,0.005210318973185801,2026-08-10,,,,,,,,
POW,2026-08-07,27.47,27.47,0.0,2026-08-10,,,,,,,,
POWA,2026-08-07,93.43,93.43,0.0,2026-08-10,,,,,,,,
POWI,2026-08-07,64.59,64.83,0.003715745471435161,2026-08-10,,,,,,,,
POWL,2026-08-07,211.56,213.16,0.007562866326337625,2026-08-10,,,,,,,,
POWR,2026-08-07,26.61,26.8,0.007140172867343253,2026-08-10,,,,,,,,
POWW,2026-08-07,2.13,2.4,0.12676056338028174,2026-08-10,,,,,,,,
PPA,2026-08-07,183.78,183.78,0.0,2026-08-10,,,,,,,,
PPBT,2026-08-07,1.43,1.68,0.1748251748251748,2026-08-10,,,,,,,,
PPC,2026-08-07,27.45,27.45,0.0,2026-08-10,,,,,,,,
PPCB,2026-08-07,1.2,1.23,0.025000000000000133,2026-08-10,,,,,,,,
PPG,2026-08-07,119.72,118.98,-0.006181089208152302,2026-08-10,,,,,,,,
PPH,2026-08-07,111.16,111.16,0.0,2026-08-10,,,,,,,,
PPHC,2026-08-07,10.74,10.74,0.0,2026-08-10,,,,,,,,
PPI,2026-08-07,21.39,21.19,-0.00935016362786345,2026-08-10,,,,,,,,
PPIH,2026-08-07,26.45,26.55,0.003780718336483968,2026-08-10,,,,,,,,
PPL,2026-08-07,35.46,35.46,0.0,2026-08-10,,,,,,,,
PPLI,2026-08-07,41.58,41.58,0.0,2026-08-10,,,,,,,,
PPLT,2026-08-07,15.85,15.8,-0.003154574132492094,2026-08-10,,,,,,,,
PPSI,2026-08-07,3.09,3.2,0.035598705501618255,2026-08-10,,,,,,,,
PPT,2026-08-07,3.43,3.43,0.0,2026-08-10,,,,,,,,
PPTA,2026-08-07,24.72,24.77,0.0020226537216829765,2026-08-10,,,,,,,,
PPTY,2026-08-07,34.08,34.08,0.0,2026-08-10,,,,,,,,
PQAP,2026-08-07,32.33,32.33,0.0,2026-08-10,,,,,,,,
PQDI,2026-08-07,19.29,19.29,0.0,2026-08-10,,,,,,,,
PQJA,2026-08-07,32.02,32.02,0.0,2026-08-10,,,,,,,,
PQJL,2026-08-07,31.03,31.03,0.0,2026-08-10,,,,,,,,
PQNT,2026-08-07,23.8,23.8,0.0,2026-08-10,,,,,,,,
PQOC,2026-08-07,31.67,31.67,0.0,2026-08-10,,,,,,,,
PQUS,2026-08-07,28.83,28.83,0.0,2026-08-10,,,,,,,,
PQV,2026-08-07,25.61,25.61,0.0,2026-08-10,,,,,,,,
PQX,2026-08-07,25.42,25.42,0.0,2026-08-10,,,,,,,,
PQXV,2026-08-07,25.34,25.34,0.0,2026-08-10,,,,,,,,
PQXX,2026-08-07,25.28,25.28,0.0,2026-08-10,,,,,,,,
PR,2026-08-07,20.15,20.26,0.0054590570719603715,2026-08-10,,,,,,,,
PRAA,2026-08-07,19.79,19.54,-0.01263264274886311,2026-08-10,,,,,,,,
PRAB,2026-08-07,24.88,24.88,0.0,2026-08-10,,,,,,,,
PRAE,2026-08-07,40.82,40.82,0.0,2026-08-10,,,,,,,,
PRAX,2026-08-07,360.76,354.63,-0.016991905976272315,2026-08-10,,,,,,,,
PRAY,2026-08-07,35.84,35.84,0.0,2026-08-10,,,,,,,,
PRCH,2026-08-07,15.85,16.15,0.018927444794952564,2026-08-10,,,,,,,,
PRCS,2026-08-07,29.83,29.83,0.0,2026-08-10,,,,,,,,
PRCT,2026-08-07,20.41,21.11,0.03429691327780504,2026-08-10,,,,,,,,
PRDO,2026-08-07,33.85,34.14,0.008567208271787363,2026-08-10,,,,,,,,
PRE,2026-08-07,18.26,18.26,0.0,2026-08-10,,,,,,,,
PREF,2026-08-07,18.86,18.86,0.0,2026-08-10,,,,,,,,
PRF,2026-08-07,55.92,55.92,0.0,2026-08-10,,,,,,,,
PRFD,2026-08-07,50.64,50.64,0.0,2026-08-10,,,,,,,,
PRFX,2026-08-07,1.04,1.05,0.009615384615384581,2026-08-10,,,,,,,,
PRFZ,2026-08-07,56.08,56.08,0.0,2026-08-10,,,,,,,,
PRG,2026-08-07,42.85,42.85,0.0,2026-08-10,,,,,,,,
PRGO,2026-08-07,12.84,12.84,0.0,2026-08-10,,,,,,,,
PRGS,2026-08-07,42.84,42.84,0.0,2026-08-10,,,,,,,,
PRHI,2026-08-07,4.65,4.65,0.0,2026-08-10,,,,,,,,
PRI,2026-08-07,321.38,328.96,0.0235857862965958,2026-08-10,,,,,,,,
PRIM,2026-08-07,82.63,82.24,-0.004719835410867734,2026-08-10,,,,,,,,
PRIV,2026-08-07,24.8,24.8,0.0,2026-08-10,,,,,,,,
PRIZ,2026-08-07,25.15,25.15,0.0,2026-08-10,,,,,,,,
PRK,2026-08-07,203.4,203.4,0.0,2026-08-10,,,,,,,,
PRKS,2026-08-07,45.03,45.45,0.009327115256495766,2026-08-10,,,,,,,,
PRLB,2026-08-07,88.91,88.91,0.0,2026-08-10,,,,,,,,
PRLD,2026-08-07,4.9,4.89,-0.0020408163265307477,2026-08-10,,,,,,,,
PRM,2026-08-07,35.26,35.26,0.0,2026-08-10,,,,,,,,
PRMB,2026-08-07,23.57,23.57,0.0,2026-08-10,,,,,,,,
PRME,2026-08-07,3.08,3.08,0.0,2026-08-10,,,,,,,,
PRMR,2026-08-07,28.8,28.8,0.0,2026-08-10,,,,,,,,
PRN,2026-08-07,221.9,221.9,0.0,2026-08-10,,,,,,,,
PRNT,2026-08-07,25.99,26.0,0.0003847633705271747,2026-08-10,,,,,,,,
PROF,2026-08-07,7.41,7.65,0.03238866396761142,2026-08-10,,,,,,,,
PROK,2026-08-07,1.64,1.65,0.0060975609756097615,2026-08-10,,,,,,,,
PROP,2026-08-07,0.8,0.78,-0.025000000000000022,2026-08-10,,,,,,,,
PROV,2026-08-07,17.92,17.92,0.0,2026-08-10,,,,,,,,
PRPL,2026-08-07,9.58,9.58,0.0,2026-08-10,,,,,,,,
PRPO,2026-08-07,23.97,23.97,0.0,2026-08-10,,,,,,,,
PRQR,2026-08-07,1.88,1.88,0.0,2026-08-10,,,,,,,,
PRSD,2026-08-07,24.94,24.94,0.0,2026-08-10,,,,,,,,
PRSO,2026-08-07,0.75,0.75,0.0,2026-08-10,,,,,,,,
PRSU,2026-08-07,45.67,45.76,0.0019706590759798193,2026-08-10,,,,,,,,
PRT,2026-08-07,2.23,2.22,-0.004484304932735328,2026-08-10,,,,,,,,
PRTA,2026-08-07,8.76,8.88,0.013698630136986356,2026-08-10,,,,,,,,
PRTH,2026-08-07,5.39,5.2,-0.03525046382189234,2026-08-10,,,,,,,,
PRTO,2026-08-07,28.14,28.14,0.0,2026-08-10,,,,,,,,
PRTS,2026-08-07,6.75,6.75,0.0,2026-08-10,,,,,,,,
PRU,2026-08-07,121.28,121.25,-0.00024736147757253857,2026-08-10,,,,,,,,
PRVA,2026-08-07,22.45,22.45,0.0,2026-08-10,,,,,,,,
PRVS,2026-08-07,33.53,33.53,0.0,2026-08-10,,,,,,,,
PRVT,2026-08-07,22.91,22.91,0.0,2026-08-10,,,,,,,,
PRXG,2026-08-07,40.47,40.47,0.0,2026-08-10,,,,,,,,
PRXI,2026-08-07,25.98,25.98,0.0,2026-08-10,,,,,,,,
PRXV,2026-08-07,35.99,35.99,0.0,2026-08-10,,,,,,,,
PRZO,2026-08-07,0.55,0.58,0.05454545454545445,2026-08-10,,,,,,,,
PS,2026-08-07,37.88,38.62,0.019535374868004052,2026-08-10,,,,,,,,
PSA,2026-08-07,328.4,328.3,-0.0003045066991472778,2026-08-10,,,,,,,,
PSAI,2026-08-07,28.3,28.3,0.0,2026-08-10,,,,,,,,
PSBD,2026-08-07,10.45,10.45,0.0,2026-08-10,,,,,,,,
PSC,2026-08-07,69.83,69.83,0.0,2026-08-10,,,,,,,,
PSCC,2026-08-07,37.23,37.23,0.0,2026-08-10,,,,,,,,
PSCD,2026-08-07,122.22,122.22,0.0,2026-08-10,,,,,,,,
PSCE,2026-08-07,57.16,57.16,0.0,2026-08-10,,,,,,,,
PSCF,2026-08-07,66.51,66.51,0.0,2026-08-10,,,,,,,,
PSCH,2026-08-07,54.99,55.11,0.0021822149481722786,2026-08-10,,,,,,,,
PSCI,2026-08-07,185.34,185.34,0.0,2026-08-10,,,,,,,,
PSCJ,2026-08-07,32.28,32.28,0.0,2026-08-10,,,,,,,,
PSCM,2026-08-07,102.79,102.79,0.0,2026-08-10,,,,,,,,
PSCQ,2026-08-07,31.77,31.77,0.0,2026-08-10,,,,,,,,
PSCT,2026-08-07,83.21,83.21,0.0,2026-08-10,,,,,,,,
PSCU,2026-08-07,65.13,65.13,0.0,2026-08-10,,,,,,,,
PSCW,2026-08-07,30.44,30.44,0.0,2026-08-10,,,,,,,,
PSCX,2026-08-07,33.26,33.26,0.0,2026-08-10,,,,,,,,
PSDM,2026-08-07,50.88,50.88,0.0,2026-08-10,,,,,,,,
PSEC,2026-08-07,2.33,2.32,-0.0042918454935623185,2026-08-10,,,,,,,,
PSEP,2026-08-07,46.65,46.65,0.0,2026-08-10,,,,,,,,
PSET,2026-08-07,81.41,81.41,0.0,2026-08-10,,,,,,,,
PSF,2026-08-07,19.65,19.65,0.0,2026-08-10,,,,,,,,
PSFD,2026-08-07,40.63,40.63,0.0,2026-08-10,,,,,,,,
PSFE,2026-08-07,7.32,7.32,0.0,2026-08-10,,,,,,,,
PSFF,2026-08-07,34.89,34.89,0.0,2026-08-10,,,,,,,,
PSFJ,2026-08-07,35.95,35.95,0.0,2026-08-10,,,,,,,,
PSFM,2026-08-07,35.42,35.42,0.0,2026-08-10,,,,,,,,
PSFO,2026-08-07,35.36,35.36,0.0,2026-08-10,,,,,,,,
PSH,2026-08-07,49.79,49.79,0.0,2026-08-10,,,,,,,,
PSHG,2026-08-07,1.75,1.75,0.0,2026-08-10,,,,,,,,
PSI,2026-08-07,148.42,150.5,0.01401428378924674,2026-08-10,,,,,,,,
PSIG,2026-08-07,1.18,1.2,0.016949152542372836,2026-08-10,,,,,,,,
PSIL,2026-08-07,25.41,25.41,0.0,2026-08-10,,,,,,,,
PSIX,2026-08-07,40.82,41.47,0.015923566878980777,2026-08-10,,,,,,,,
PSK,2026-08-07,29.97,29.97,0.0,2026-08-10,,,,,,,,
PSKY,2026-08-07,9.19,9.25,0.006528835690968515,2026-08-10,,,,,,,,
PSL,2026-08-07,115.58,115.58,0.0,2026-08-10,,,,,,,,
PSLV,2026-08-07,20.82,20.97,0.007204610951008661,2026-08-10,,,,,,,,
PSMD,2026-08-07,34.92,34.92,0.0,2026-08-10,,,,,,,,
PSMJ,2026-08-07,34.47,34.47,0.0,2026-08-10,,,,,,,,
PSMO,2026-08-07,33.12,33.12,0.0,2026-08-10,,,,,,,,
PSMR,2026-08-07,32.66,32.66,0.0,2026-08-10,,,,,,,,
PSMT,2026-08-07,177.05,177.05,0.0,2026-08-10,,,,,,,,
PSN,2026-08-07,47.55,47.55,0.0,2026-08-10,,,,,,,,
PSNL,2026-08-07,14.16,14.16,0.0,2026-08-10,,,,,,,,
PSNY,2026-08-07,14.23,14.15,-0.005621925509487036,2026-08-10,,,,,,,,
PSO,2026-08-07,16.46,16.46,0.0,2026-08-10,,,,,,,,
PSP,2026-08-07,63.19,63.19,0.0,2026-08-10,,,,,,,,
PSQ,2026-08-07,25.53,25.47,-0.002350176263219872,2026-08-10,,,,,,,,
PSQA,2026-08-07,20.61,20.61,0.0,2026-08-10,,,,,,,,
PSQH,2026-08-07,4.36,4.36,0.0,2026-08-10,,,,,,,,
PSQO,2026-08-07,20.75,20.75,0.0,2026-08-10,,,,,,,,
PSR,2026-08-07,105.18,105.18,0.0,2026-08-10,,,,,,,,
PST,2026-08-07,23.4,23.4,0.0,2026-08-10,,,,,,,,
PSTL,2026-08-07,23.11,23.11,0.0,2026-08-10,,,,,,,,
PSTP,2026-08-07,37.42,37.42,0.0,2026-08-10,,,,,,,,
PSTR,2026-08-07,31.97,31.97,0.0,2026-08-10,,,,,,,,
PSUS,2026-08-07,39.25,38.88,-0.00942675159235662,2026-08-10,,,,,,,,
PSWD,2026-08-07,45.25,45.25,0.0,2026-08-10,,,,,,,,
PSX,2026-08-07,203.91,206.55,0.012946888333088102,2026-08-10,,,,,,,,
PTA,2026-08-07,19.05,19.05,0.0,2026-08-10,,,,,,,,
PTAC,2026-08-07,9.95,9.95,0.0,2026-08-10,,,,,,,,
PTBD,2026-08-07,19.15,19.15,0.0,2026-08-10,,,,,,,,
PTC,2026-08-07,147.71,147.71,0.0,2026-08-10,,,,,,,,
PTCT,2026-08-07,73.31,73.0,-0.004228618196698952,2026-08-10,,,,,,,,
PTEN,2026-08-07,9.87,9.98,0.011144883485309176,2026-08-10,,,,,,,,
PTEU,2026-08-07,34.5,34.5,0.0,2026-08-10,,,,,,,,
PTF,2026-08-07,108.17,108.17,0.0,2026-08-10,,,,,,,,
PTGX,2026-08-07,145.87,148.5,0.01802975251936645,2026-08-10,,,,,,,,
PTH,2026-08-07,60.36,60.35,-0.00016567263088129724,2026-08-10,,,,,,,,
PTHS,2026-08-07,28.36,28.36,0.0,2026-08-10,,,,,,,,
PTIN,2026-08-07,37.59,37.59,0.0,2026-08-10,,,,,,,,
PTIR,2026-08-07,18.49,18.09,-0.021633315305570555,2026-08-10,,,,,,,,
PTL,2026-08-07,288.62,288.63,3.4647633566642355e-05,2026-08-10,,,,,,,,
PTLC,2026-08-07,60.28,60.28,0.0,2026-08-10,,,,,,,,
PTLE,2026-08-07,9.9,9.9,0.0,2026-08-10,,,,,,,,
PTLO,2026-08-07,4.43,4.43,0.0,2026-08-10,,,,,,,,
PTMC,2026-08-07,42.15,42.15,0.0,2026-08-10,,,,,,,,
PTN,2026-08-07,7.77,7.77,0.0,2026-08-10,,,,,,,,
PTNQ,2026-08-07,87.22,87.22,0.0,2026-08-10,,,,,,,,
PTNT,2026-08-07,25.08,25.08,0.0,2026-08-10,,,,,,,,
PTON,2026-08-07,5.68,5.7,0.0035211267605634866,2026-08-10,,,,,,,,
PTOR,2026-08-07,9.95,9.95,0.0,2026-08-10,,,,,,,,
PTRB,2026-08-07,40.98,40.98,0.0,2026-08-10,,,,,,,,
PTRN,2026-08-07,22.05,22.11,0.0027210884353741083,2026-08-10,,,,,,,,
PTY,2026-08-07,11.84,11.88,0.0033783783783785104,2026-08-10,,,,,,,,
PUBM,2026-08-07,17.78,18.55,0.04330708661417315,2026-08-10,,,,,,,,
PUI,2026-08-07,45.34,45.34,0.0,2026-08-10,,,,,,,,
PUK,2026-08-07,28.28,28.28,0.0,2026-08-10,,,,,,,,
PUL,2026-08-07,31.95,33.99,0.06384976525821595,2026-08-10,,,,,,,,
PULM,2026-08-07,1.66,1.66,0.0,2026-08-10,,,,,,,,
PULS,2026-08-07,49.59,49.59,0.0,2026-08-10,,,,,,,,
PUMP,2026-08-07,10.98,11.2,0.02003642987249532,2026-08-10,,,,,,,,
PUR,2026-08-07,12.74,12.74,0.0,2026-08-10,,,,,,,,
PURR,2026-08-07,6.81,6.81,0.0,2026-08-10,,,,,,,,
PUSA,2026-08-07,3.45,3.46,0.0028985507246375164,2026-08-10,,,,,,,,
PUSH,2026-08-07,50.38,50.38,0.0,2026-08-10,,,,,,,,
PVAL,2026-08-07,54.26,54.26,0.0,2026-08-10,,,,,,,,
PVEX,2026-08-07,31.73,31.73,0.0,2026-08-10,,,,,,,,
PVH,2026-08-07,87.58,87.58,0.0,2026-08-10,,,,,,,,
PVI,2026-08-07,24.85,24.85,0.0,2026-08-10,,,,,,,,
PVL,2026-08-07,1.73,1.73,0.0,2026-08-10,,,,,,,,
PVLA,2026-08-07,157.77,157.77,0.0,2026-08-10,,,,,,,,
PW,2026-08-07,7.74,7.74,0.0,2026-08-10,,,,,,,,
PWB,2026-08-07,159.7,159.75,0.00031308703819665773,2026-08-10,,,,,,,,
PWCM,2026-08-07,1.48,1.48,0.0,2026-08-10,,,,,,,,
PWER,2026-08-07,43.99,43.99,0.0,2026-08-10,,,,,,,,
PWP,2026-08-07,17.5,17.5,0.0,2026-08-10,,,,,,,,
PWR,2026-08-07,671.86,681.26,0.01399101003185188,2026-08-10,,,,,,,,
PWRD,2026-08-07,112.24,112.24,0.0,2026-08-10,,,,,,,,
PWRL,2026-08-07,11.66,11.67,0.0008576329331047017,2026-08-10,,,,,,,,
PWRZ,2026-08-07,30.8,30.8,0.0,2026-08-10,,,,,,,,
PWS,2026-08-07,32.93,32.93,0.0,2026-08-10,,,,,,,,
PWV,2026-08-07,80.0,79.29,-0.008874999999999966,2026-08-10,,,,,,,,
PWZ,2026-08-07,24.17,24.17,0.0,2026-08-10,,,,,,,,
PXE,2026-08-07,36.45,36.45,0.0,2026-08-10,,,,,,,,
PXED,2026-08-07,28.83,28.83,0.0,2026-08-10,,,,,,,,
PXF,2026-08-07,78.89,78.89,0.0,2026-08-10,,,,,,,,
PXH,2026-08-07,29.3,29.3,0.0,2026-08-10,,,,,,,,
PXI,2026-08-07,57.34,57.34,0.0,2026-08-10,,,,,,,,
PXJ,2026-08-07,42.31,42.31,0.0,2026-08-10,,,,,,,,
PXLW,2026-08-07,6.54,6.54,0.0,2026-08-10,,,,,,,,
PXS,2026-08-07,5.03,5.03,0.0,2026-08-10,,,,,,,,
PY,2026-08-07,57.47,57.47,0.0,2026-08-10,,,,,,,,
PYLD,2026-08-07,26.21,26.21,0.0,2026-08-10,,,,,,,,
PYPD,2026-08-07,4.84,4.84,0.0,2026-08-10,,,,,,,,
PYPG,2026-08-07,9.18,9.0,-0.019607843137254832,2026-08-10,,,,,,,,
PYPL,2026-08-07,59.07,58.66,-0.006940917555442794,2026-08-10,,,,,,,,
PYPU,2026-08-07,40.17,40.17,0.0,2026-08-10,,,,,,,,
PYPY,2026-08-07,30.43,30.45,0.0006572461386789019,2026-08-10,,,,,,,,
PYXS,2026-08-07,3.73,3.77,0.01072386058981234,2026-08-10,,,,,,,,
PYZ,2026-08-07,127.56,127.56,0.0,2026-08-10,,,,,,,,
PZA,2026-08-07,23.07,23.07,0.0,2026-08-10,,,,,,,,
PZG,2026-08-07,1.44,1.49,0.03472222222222232,2026-08-10,,,,,,,,
PZIV,2026-08-07,30.45,30.45,0.0,2026-08-10,,,,,,,,
PZLV,2026-08-07,31.26,31.26,0.0,2026-08-10,,,,,,,,
PZT,2026-08-07,22.35,22.35,0.0,2026-08-10,,,,,,,,
PZZA,2026-08-07,24.47,24.5,0.001225991009399241,2026-08-10,,,,,,,,
Q,2026-08-07,138.0,138.99,0.007173913043478253,2026-08-10,,,,,,,,
QABA,2026-08-07,69.01,69.01,0.0,2026-08-10,,,,,,,,
QADR,2026-08-07,9.95,9.95,0.0,2026-08-10,,,,,,,,
QAI,2026-08-07,36.5,36.5,0.0,2026-08-10,,,,,,,,
QALT,2026-08-07,26.48,26.48,0.0,2026-08-10,,,,,,,,
QARP,2026-08-07,68.06,68.06,0.0,2026-08-10,,,,,,,,
QAT,2026-08-07,17.78,17.78,0.0,2026-08-10,,,,,,,,
QAU,2026-08-07,25.5,25.5,0.0,2026-08-10,,,,,,,,
QB,2026-08-07,48.93,48.93,0.0,2026-08-10,,,,,,,,
QBER,2026-08-07,23.83,23.83,0.0,2026-08-10,,,,,,,,
QBF,2026-08-07,15.67,15.67,0.0,2026-08-10,,,,,,,,
QBIF,2026-08-07,26.46,26.46,0.0,2026-08-10,,,,,,,,
QBIG,2026-08-07,42.2,42.2,0.0,2026-08-10,,,,,,,,
QBIV,2026-08-07,27.38,27.38,0.0,2026-08-10,,,,,,,,
QBKF,2026-08-07,26.27,26.27,0.0,2026-08-10,,,,,,,,
QBKV,2026-08-07,27.81,27.81,0.0,2026-08-10,,,,,,,,
QBQF,2026-08-07,26.03,26.03,0.0,2026-08-10,,,,,,,,
QBQV,2026-08-07,26.92,26.92,0.0,2026-08-10,,,,,,,,
QBSF,2026-08-07,27.31,27.31,0.0,2026-08-10,,,,,,,,
QBSV,2026-08-07,27.24,27.24,0.0,2026-08-10,,,,,,,,
QBTS,2026-08-07,20.76,20.82,0.0028901734104045396,2026-08-10,,,,,,,,
QBTX,2026-08-07,9.75,9.89,0.014358974358974486,2026-08-10,,,,,,,,
QBTZ,2026-08-07,2.98,2.95,-0.010067114093959662,2026-08-10,,,,,,,,
QBUF,2026-08-07,30.86,30.86,0.0,2026-08-10,,,,,,,,
QBUL,2026-08-07,24.27,24.27,0.0,2026-08-10,,,,,,,,
QBY,2026-08-07,6.7,6.7,0.0,2026-08-10,,,,,,,,
QCAP,2026-08-07,25.07,25.07,0.0,2026-08-10,,,,,,,,
QCJA,2026-08-07,23.57,23.57,0.0,2026-08-10,,,,,,,,
QCJL,2026-08-07,25.63,25.63,0.0,2026-08-10,,,,,,,,
QCLN,2026-08-07,52.82,52.82,0.0,2026-08-10,,,,,,,,
QCLR,2026-08-07,28.24,28.24,0.0,2026-08-10,,,,,,,,
QCLS,2026-08-07,2.92,3.02,0.03424657534246589,2026-08-10,,,,,,,,
QCMD,2026-08-07,17.84,17.84,0.0,2026-08-10,,,,,,,,
QCML,2026-08-07,15.71,15.87,0.010184595798854224,2026-08-10,,,,,,,,
QCMU,2026-08-07,19.48,19.8,0.01642710472279263,2026-08-10,,,,,,,,
QCOC,2026-08-07,24.17,24.17,0.0,2026-08-10,,,,,,,,
QCOM,2026-08-07,167.86,169.1,0.007387108304539369,2026-08-10,,,,,,,,
QCRH,2026-08-07,103.87,104.35,0.004621161066717949,2026-08-10,,,,,,,,
QDEC,2026-08-07,35.98,35.98,0.0,2026-08-10,,,,,,,,
QDEF,2026-08-07,91.44,91.44,0.0,2026-08-10,,,,,,,,
QDEL,2026-08-07,12.28,12.3,0.0016286644951140072,2026-08-10,,,,,,,,
QDF,2026-08-07,93.27,93.27,0.0,2026-08-10,,,,,,,,
QDIV,2026-08-07,40.2,40.2,0.0,2026-08-10,,,,,,,,
QDPL,2026-08-07,46.73,46.73,0.0,2026-08-10,,,,,,,,
QDTE,2026-08-07,29.69,29.79,0.003368137420006745,2026-08-10,,,,,,,,
QDTY,2026-08-07,39.78,39.78,0.0,2026-08-10,,,,,,,,
QDVO,2026-08-07,30.08,30.12,0.0013297872340425343,2026-08-10,,,,,,,,
QEFA,2026-08-07,101.6,101.6,0.0,2026-08-10,,,,,,,,
QEMM,2026-08-07,80.3,80.3,0.0,2026-08-10,,,,,,,,
QETA,2026-08-07,11.59,11.59,0.0,2026-08-10,,,,,,,,
QETH,2026-08-07,19.08,19.08,0.0,2026-08-10,,,,,,,,
QEW,2026-08-07,30.25,30.25,0.0,2026-08-10,,,,,,,,
QFF,2026-08-07,25.46,25.46,0.0,2026-08-10,,,,,,,,
QFHD,2026-08-07,27.89,27.89,0.0,2026-08-10,,,,,,,,
QFIN,2026-08-07,13.24,13.24,0.0,2026-08-10,,,,,,,,
QFLR,2026-08-07,35.55,35.55,0.0,2026-08-10,,,,,,,,
QFRD,2026-08-07,29.25,29.25,0.0,2026-08-10,,,,,,,,
QGEN,2026-08-07,42.3,43.23,0.021985815602836967,2026-08-10,,,,,,,,
QGRD,2026-08-07,29.65,29.65,0.0,2026-08-10,,,,,,,,
QGRO,2026-08-07,117.87,117.87,0.0,2026-08-10,,,,,,,,
QGRW,2026-08-07,68.34,68.34,0.0,2026-08-10,,,,,,,,
QH,2026-08-07,4.39,4.25,-0.03189066059225509,2026-08-10,,,,,,,,
QHY,2026-08-07,45.85,45.85,0.0,2026-08-10,,,,,,,,
QID,2026-08-07,13.94,13.86,-0.0057388809182209455,2026-08-10,,,,,,,,
QIDX,2026-08-07,11.96,11.96,0.0,2026-08-10,,,,,,,,
QIG,2026-08-07,43.74,43.74,0.0,2026-08-10,,,,,,,,
QINT,2026-08-07,73.1,73.1,0.0,2026-08-10,,,,,,,,
QIS,2026-08-07,9.54,9.54,0.0,2026-08-10,,,,,,,,
QJL,2026-08-07,25.18,25.18,0.0,2026-08-10,,,,,,,,
QJN,2026-08-07,24.8,24.8,0.0,2026-08-10,,,,,,,,
QJUN,2026-08-07,33.57,33.57,0.0,2026-08-10,,,,,,,,
QLC,2026-08-07,93.39,93.39,0.0,2026-08-10,,,,,,,,
QLD,2026-08-07,92.21,92.61,0.004337924303220886,2026-08-10,,,,,,,,
QLDY,2026-08-07,42.72,43.0,0.0065543071161049404,2026-08-10,,,,,,,,
QLEP,2026-08-07,10.0,10.0,0.0,2026-08-10,,,,,,,,
QLTA,2026-08-07,46.6,46.6,0.0,2026-08-10,,,,,,,,
QLTI,2026-08-07,28.14,28.14,0.0,2026-08-10,,,,,,,,
QLTY,2026-08-07,43.15,43.15,0.0,2026-08-10,,,,,,,,
QLV,2026-08-07,79.74,79.74,0.0,2026-08-10,,,,,,,,
QLVD,2026-08-07,34.71,34.71,0.0,2026-08-10,,,,,,,,
QLVE,2026-08-07,33.28,33.28,0.0,2026-08-10,,,,,,,,
QLYS,2026-08-07,183.48,183.0,-0.002616088947024142,2026-08-10,,,,,,,,
QMAG,2026-08-07,25.65,25.65,0.0,2026-08-10,,,,,,,,
QMAR,2026-08-07,37.67,37.67,0.0,2026-08-10,,,,,,,,
QMCO,2026-08-07,12.04,12.25,0.01744186046511631,2026-08-10,,,,,,,,
QMFE,2026-08-07,24.5,24.5,0.0,2026-08-10,,,,,,,,
QMID,2026-08-07,30.65,30.65,0.0,2026-08-10,,,,,,,,
QMLS,2026-08-07,6.2,6.2,0.0,2026-08-10,,,,,,,,
QMMY,2026-08-07,26.48,26.48,0.0,2026-08-10,,,,,,,,
QMNV,2026-08-07,25.38,25.38,0.0,2026-08-10,,,,,,,,
QMOM,2026-08-07,77.1,77.1,0.0,2026-08-10,,,,,,,,
QMY,2026-08-07,25.93,25.93,0.0,2026-08-10,,,,,,,,
QNC,2026-08-07,2.23,2.23,0.0,2026-08-10,,,,,,,,
QNCX,2026-08-07,30.2,30.2,0.0,2026-08-10,,,,,,,,
QNDX,2026-08-07,24.49,24.6,0.004491629236423211,2026-08-10,,,,,,,,
QNME,2026-08-07,0.48,0.44,-0.08333333333333326,2026-08-10,,,,,,,,
QNRX,2026-08-07,4.79,4.79,0.0,2026-08-10,,,,,,,,
QNST,2026-08-07,21.08,20.81,-0.012808349146110065,2026-08-10,,,,,,,,
QNT,2026-08-07,58.71,59.66,0.016181229773462702,2026-08-10,,,,,,,,
QNTM,2026-08-07,3.45,3.39,-0.017391304347826098,2026-08-10,,,,,,,,
QNTU,2026-08-07,11.6,11.6,0.0,2026-08-10,,,,,,,,
QNXT,2026-08-07,31.77,31.77,0.0,2026-08-10,,,,,,,,
QOWZ,2026-08-07,37.31,37.31,0.0,2026-08-10,,,,,,,,
QPUX,2026-08-07,20.02,20.2,0.00899100899100902,2026-08-10,,,,,,,,
QPX,2026-08-07,49.57,49.57,0.0,2026-08-10,,,,,,,,
QQA,2026-08-07,56.63,56.63,0.0,2026-08-10,,,,,,,,
QQAU,2026-08-07,25.45,25.45,0.0,2026-08-10,,,,,,,,
QQDN,2026-08-07,19.87,19.87,0.0,2026-08-10,,,,,,,,
QQEW,2026-08-07,161.99,161.99,0.0,2026-08-10,,,,,,,,
QQH,2026-08-07,85.25,85.25,0.0,2026-08-10,,,,,,,,
QQHG,2026-08-07,66.6,66.6,0.0,2026-08-10,,,,,,,,
QQJL,2026-08-07,25.2,25.2,0.0,2026-08-10,,,,,,,,
QQJN,2026-08-07,24.89,24.89,0.0,2026-08-10,,,,,,,,
QQLV,2026-08-07,25.75,25.75,0.0,2026-08-10,,,,,,,,
QQMG,2026-08-07,50.42,50.42,0.0,2026-08-10,,,,,,,,
QQMY,2026-08-07,25.92,25.92,0.0,2026-08-10,,,,,,,,
QQQ,2026-08-07,723.03,724.65,0.002240570930666763,2026-08-10,,,,,,,,
QQQA,2026-08-07,72.01,72.01,0.0,2026-08-10,,,,,,,,
QQQD,2026-08-07,12.32,12.32,0.0,2026-08-10,,,,,,,,
QQQE,2026-08-07,121.96,121.96,0.0,2026-08-10,,,,,,,,
QQQG,2026-08-07,30.59,30.59,0.0,2026-08-10,,,,,,,,
QQQH,2026-08-07,54.87,54.87,0.0,2026-08-10,,,,,,,,
QQQI,2026-08-07,55.24,55.32,0.0014482259232440065,2026-08-10,,,,,,,,
QQQJ,2026-08-07,46.27,46.35,0.0017289820618111573,2026-08-10,,,,,,,,
QQQM,2026-08-07,297.7,298.4,0.0023513604299629787,2026-08-10,,,,,,,,
QQQP,2026-08-07,223.35,223.35,0.0,2026-08-10,,,,,,,,
QQQS,2026-08-07,44.36,44.36,0.0,2026-08-10,,,,,,,,
QQQT,2026-08-07,18.12,18.12,0.0,2026-08-10,,,,,,,,
QQQU,2026-08-07,58.15,57.81,-0.0058469475494410394,2026-08-10,,,,,,,,
QQQX,2026-08-07,30.51,30.51,0.0,2026-08-10,,,,,,,,
QQQY,2026-08-07,22.91,23.0,0.003928415539065977,2026-08-10,,,,,,,,
QQUP,2026-08-07,65.86,65.86,0.0,2026-08-10,,,,,,,,
QQWZ,2026-08-07,28.42,28.42,0.0,2026-08-10,,,,,,,,
QQXL,2026-08-07,55.86,55.86,0.0,2026-08-10,,,,,,,,
QQXT,2026-08-07,102.55,102.55,0.0,2026-08-10,,,,,,,,
QRED,2026-08-07,10.0,10.0,0.0,2026-08-10,,,,,,,,
QRHC,2026-08-07,1.5,1.5,0.0,2026-08-10,,,,,,,,
QRMI,2026-08-07,15.29,15.29,0.0,2026-08-10,,,,,,,,
QRVO,2026-08-07,99.08,99.21,0.0013120710536940194,2026-08-10,,,,,,,,
QS,2026-08-07,6.08,6.1,0.0032894736842103978,2026-08-10,,,,,,,,
QSEA,2026-08-07,10.65,10.65,0.0,2026-08-10,,,,,,,,
QSI,2026-08-07,0.81,0.81,0.0,2026-08-10,,,,,,,,
QSIG,2026-08-07,48.27,48.27,0.0,2026-08-10,,,,,,,,
QSIX,2026-08-07,42.72,42.72,0.0,2026-08-10,,,,,,,,
QSML,2026-08-07,34.93,34.93,0.0,2026-08-10,,,,,,,,
QSOL,2026-08-07,7.44,7.44,0.0,2026-08-10,,,,,,,,
QSPT,2026-08-07,35.27,35.27,0.0,2026-08-10,,,,,,,,
QSR,2026-08-07,73.89,74.2,0.004195425632697258,2026-08-10,,,,,,,,
QSU,2026-08-07,7.51,7.72,0.02796271637816239,2026-08-10,,,,,,,,
QTAC,2026-08-07,24.61,24.61,0.0,2026-08-10,,,,,,,,
QTAP,2026-08-07,51.95,51.95,0.0,2026-08-10,,,,,,,,
QTEC,2026-08-07,316.59,316.59,0.0,2026-08-10,,,,,,,,
QTEX,2026-08-07,1.05,1.05,0.0,2026-08-10,,,,,,,,
QTI,2026-08-07,2.73,2.73,0.0,2026-08-10,,,,,,,,
QTJA,2026-08-07,33.5,33.5,0.0,2026-08-10,,,,,,,,
QTJL,2026-08-07,41.99,41.99,0.0,2026-08-10,,,,,,,,
QTOC,2026-08-07,38.65,38.65,0.0,2026-08-10,,,,,,,,
QTOP,2026-08-07,37.8,38.09,0.007671957671957941,2026-08-10,,,,,,,,
QTPI,2026-08-07,25.47,25.47,0.0,2026-08-10,,,,,,,,
QTR,2026-08-07,34.35,34.35,0.0,2026-08-10,,,,,,,,
QTRX,2026-08-07,4.03,4.23,0.04962779156327546,2026-08-10,,,,,,,,
QTTB,2026-08-07,15.6,15.6,0.0,2026-08-10,,,,,,,,
QTUM,2026-08-07,153.46,154.23,0.0050175941613448405,2026-08-10,,,,,,,,
QTUP,2026-08-07,18.08,18.08,0.0,2026-08-10,,,,,,,,
QTWO,2026-08-07,62.81,62.75,-0.0009552619009711716,2026-08-10,,,,,,,,
QUA,2026-08-07,21.23,21.23,0.0,2026-08-10,,,,,,,,
QUAD,2026-08-07,10.18,10.18,0.0,2026-08-10,,,,,,,,
QUAL,2026-08-07,225.69,227.38,0.007488147458903693,2026-08-10,,,,,,,,
QUBT,2026-08-07,9.18,9.25,0.007625272331154731,2026-08-10,,,,,,,,
QUBX,2026-08-07,8.88,9.13,0.028153153153153143,2026-08-10,,,,,,,,
QUCY,2026-08-07,1.44,1.43,-0.00694444444444442,2026-08-10,,,,,,,,
QUIK,2026-08-07,14.52,15.0,0.03305785123966953,2026-08-10,,,,,,,,
QUIZ,2026-08-07,29.87,29.87,0.0,2026-08-10,,,,,,,,
QULL,2026-08-07,70.64,70.64,0.0,2026-08-10,,,,,,,,
QUMS,2026-08-07,10.3,10.3,0.0,2026-08-10,,,,,,,,
QURE,2026-08-07,46.42,46.01,-0.008832399827660598,2026-08-10,,,,,,,,
QUS,2026-08-07,194.51,194.51,0.0,2026-08-10,,,,,,,,
QUSA,2026-08-07,18.45,18.45,0.0,2026-08-10,,,,,,,,
QVAL,2026-08-07,60.33,60.33,0.0,2026-08-10,,,,,,,,
QVC,2026-08-07,,,,2026-08-10,,,,,,,,
QVML,2026-08-07,45.87,45.87,0.0,2026-08-10,,,,,,,,
QVMM,2026-08-07,36.41,36.41,0.0,2026-08-10,,,,,,,,
QVMS,2026-08-07,35.04,35.04,0.0,2026-08-10,,,,,,,,
QVMT,2026-08-07,65.19,65.19,0.0,2026-08-10,,,,,,,,
QVOL,2026-08-07,101.53,101.53,0.0,2026-08-10,,,,,,,,
QVOY,2026-08-07,29.8,29.8,0.0,2026-08-10,,,,,,,,
QWLD,2026-08-07,159.35,159.35,0.0,2026-08-10,,,,,,,,
QXL,2026-08-07,4.6,4.6,0.0,2026-08-10,,,,,,,,
QXO,2026-08-07,16.16,16.17,0.0006188118811882859,2026-08-10,,,,,,,,
QXQ,2026-08-07,32.12,32.12,0.0,2026-08-10,,,,,,,,
QYLD,2026-08-07,18.14,18.15,0.0005512679162071876,2026-08-10,,,,,,,,
QYLG,2026-08-07,29.7,29.74,0.0013468013468012074,2026-08-10,,,,,,,,
R,2026-08-07,262.19,262.19,0.0,2026-08-10,,,,,,,,
RA,2026-08-07,12.82,12.82,0.0,2026-08-10,,,,,,,,
RAA,2026-08-07,29.99,29.99,0.0,2026-08-10,,,,,,,,
RAAA,2026-08-07,25.02,25.02,0.0,2026-08-10,,,,,,,,
RAAR,2026-08-07,51.15,51.15,0.0,2026-08-10,,,,,,,,
RAAX,2026-08-07,40.54,41.61,0.026393685249136656,2026-08-10,,,,,,,,
RAC,2026-08-07,10.49,10.49,0.0,2026-08-10,,,,,,,,
RACC,2026-08-07,24.8,24.8,0.0,2026-08-10,,,,,,,,
RACD,2026-08-07,11.63,11.63,0.0,2026-08-10,,,,,,,,
RACE,2026-08-07,412.26,408.88,-0.008198709552224348,2026-08-10,,,,,,,,
RACK,2026-08-07,48.57,48.57,0.0,2026-08-10,,,,,,,,
RADX,2026-08-07,2.8,2.8,0.0,2026-08-10,,,,,,,,
RAFE,2026-08-07,49.78,49.78,0.0,2026-08-10,,,,,,,,
RAIL,2026-08-07,7.94,7.6,-0.04282115869017644,2026-08-10,,,,,,,,
RAIN,2026-08-07,1.18,1.17,-0.008474576271186418,2026-08-10,,,,,,,,
RAL,2026-08-07,67.45,67.68,0.003409933283914146,2026-08-10,,,,,,,,
RAM,2026-08-07,10.38,10.18,-0.019267822736030893,2026-08-10,,,,,,,,
RAML,2026-08-07,10.72,10.72,0.0,2026-08-10,,,,,,,,
RAMP,2026-08-07,37.81,37.81,0.0,2026-08-10,,,,,,,,
RAMZ,2026-08-07,22.8,23.43,0.02763157894736845,2026-08-10,,,,,,,,
RAND,2026-08-07,10.29,10.29,0.0,2026-08-10,,,,,,,,
RANG,2026-08-07,10.73,10.73,0.0,2026-08-10,,,,,,,,
RANI,2026-08-07,0.79,0.82,0.03797468354430378,2026-08-10,,,,,,,,
RANK,2026-08-07,19.66,19.66,0.0,2026-08-10,,,,,,,,
RAPP,2026-08-07,45.49,44.51,-0.02154319630688073,2026-08-10,,,,,,,,
RARE,2026-08-07,25.91,25.94,0.0011578541103820505,2026-08-10,,,,,,,,
RAUS,2026-08-07,30.31,30.31,0.0,2026-08-10,,,,,,,,
RAVE,2026-08-07,3.14,3.14,0.0,2026-08-10,,,,,,,,
RAVI,2026-08-07,75.21,75.21,0.0,2026-08-10,,,,,,,,
RAY,2026-08-07,2.93,2.93,0.0,2026-08-10,,,,,,,,
RAYA,2026-08-07,2.43,2.2,-0.09465020576131689,2026-08-10,,,,,,,,
RAYJ,2026-08-07,37.44,37.44,0.0,2026-08-10,,,,,,,,
RB,2026-08-07,47.28,47.28,0.0,2026-08-10,,,,,,,,
RBA,2026-08-07,94.72,95.0,0.002956081081081141,2026-08-10,,,,,,,,
RBB,2026-08-07,26.8,26.8,0.0,2026-08-10,,,,,,,,
RBBN,2026-08-07,2.14,2.14,0.0,2026-08-10,,,,,,,,
RBC,2026-08-07,567.25,568.0,0.001322168356103992,2026-08-10,,,,,,,,
RBCAA,2026-08-07,99.19,99.19,0.0,2026-08-10,,,,,,,,
RBIL,2026-08-07,49.95,49.95,0.0,2026-08-10,,,,,,,,
RBKB,2026-08-07,12.42,12.42,0.0,2026-08-10,,,,,,,,
RBLD,2026-08-07,88.66,88.66,0.0,2026-08-10,,,,,,,,
RBLU,2026-08-07,3.56,3.57,0.002808988764044784,2026-08-10,,,,,,,,
RBLX,2026-08-07,37.79,37.79,0.0,2026-08-10,,,,,,,,
RBLY,2026-08-07,9.06,9.24,0.01986754966887405,2026-08-10,,,,,,,,
RBNE,2026-08-07,2.38,2.31,-0.02941176470588225,2026-08-10,,,,,,,,
RBRK,2026-08-07,90.07,90.0,-0.0007771733096479938,2026-08-10,,,,,,,,
RBUF,2026-08-07,31.38,31.38,0.0,2026-08-10,,,,,,,,
RC,2026-08-07,1.71,1.73,0.011695906432748648,2026-08-10,,,,,,,,
RCAT,2026-08-07,9.21,9.3,0.009771986970684043,2026-08-10,,,,,,,,
RCAX,2026-08-07,3.92,4.0,0.020408163265306145,2026-08-10,,,,,,,,
RCBC,2026-08-07,47.0,47.0,0.0,2026-08-10,,,,,,,,
RCEL,2026-08-07,7.77,7.55,-0.028314028314028294,2026-08-10,,,,,,,,
RCG,2026-08-07,2.99,2.99,0.0,2026-08-10,,,,,,,,
RCGE,2026-08-07,31.6,31.6,0.0,2026-08-10,,,,,,,,
RCI,2026-08-07,34.47,34.51,0.0011604293588627357,2026-08-10,,,,,,,,
RCKT,2026-08-07,3.61,3.56,-0.013850415512465353,2026-08-10,,,,,,,,
RCKY,2026-08-07,49.23,49.23,0.0,2026-08-10,,,,,,,,
RCL,2026-08-07,320.0,320.0,0.0,2026-08-10,,,,,,,,
RCLO,2026-08-07,24.83,24.83,0.0,2026-08-10,,,,,,,,
RCLR,2026-08-07,50.92,50.92,0.0,2026-08-10,,,,,,,,
RCMT,2026-08-07,29.38,29.38,0.0,2026-08-10,,,,,,,,
RCON,2026-08-07,0.04,0.03,-0.25,2026-08-10,,,,,,,,
RCS,2026-08-07,5.29,5.26,-0.005671077504725952,2026-08-10,,,,,,,,
RCT,2026-08-07,0.21,0.21,0.0,2026-08-10,,,,,,,,
RCTR,2026-08-07,34.33,34.33,0.0,2026-08-10,,,,,,,,
RCUS,2026-08-07,28.62,28.62,0.0,2026-08-10,,,,,,,,
RDAC,2026-08-07,6.31,6.31,0.0,2026-08-10,,,,,,,,
RDAG,2026-08-07,10.37,10.37,0.0,2026-08-10,,,,,,,,
RDCM,2026-08-07,10.1,10.14,0.003960396039603964,2026-08-10,,,,,,,,
RDDC,2026-08-07,14.47,14.47,0.0,2026-08-10,,,,,,,,
RDDT,2026-08-07,161.7,161.75,0.00030921459492905257,2026-08-10,,,,,,,,
RDFI,2026-08-07,23.45,23.45,0.0,2026-08-10,,,,,,,,
RDGT,2026-08-07,0.75,0.75,0.0,2026-08-10,,,,,,,,
RDHL,2026-08-07,0.61,0.6,-0.016393442622950838,2026-08-10,,,,,,,,
RDI,2026-08-07,1.51,1.51,0.0,2026-08-10,,,,,,,,
RDIV,2026-08-07,62.64,62.0,-0.010217113665389577,2026-08-10,,,,,,,,
RDN,2026-08-07,36.91,36.89,-0.0005418585749118465,2026-08-10,,,,,,,,
RDNT,2026-08-07,72.39,75.0,0.03605470368835473,2026-08-10,,,,,,,,
RDNW,2026-08-07,6.8,6.8,0.0,2026-08-10,,,,,,,,
RDOG,2026-08-07,41.13,41.13,0.0,2026-08-10,,,,,,,,
RDTE,2026-08-07,28.92,28.89,-0.0010373443983402453,2026-08-10,,,,,,,,
RDTL,2026-08-07,15.69,15.72,0.0019120458891013214,2026-08-10,,,,,,,,
RDTY,2026-08-07,37.94,37.94,0.0,2026-08-10,,,,,,,,
RDVI,2026-08-07,29.83,29.83,0.0,2026-08-10,,,,,,,,
RDVT,2026-08-07,65.49,66.24,0.011452130096197832,2026-08-10,,,,,,,,
RDVY,2026-08-07,83.32,83.32,0.0,2026-08-10,,,,,,,,
RDW,2026-08-07,13.59,13.77,0.013245033112582849,2026-08-10,,,,,,,,
RDWR,2026-08-07,28.3,28.3,0.0,2026-08-10,,,,,,,,
RDWU,2026-08-07,10.58,10.94,0.03402646502835527,2026-08-10,,,,,,,,
RDY,2026-08-07,12.22,12.22,0.0,2026-08-10,,,,,,,,
RDYY,2026-08-07,16.83,16.83,0.0,2026-08-10,,,,,,,,
RDZN,2026-08-07,1.33,1.34,0.007518796992481258,2026-08-10,,,,,,,,
REA,2026-08-07,13.25,13.26,0.0007547169811321641,2026-08-10,,,,,,,,
REAI,2026-08-07,21.59,21.59,0.0,2026-08-10,,,,,,,,
REAL,2026-08-07,12.3,12.5,0.016260162601625883,2026-08-10,,,,,,,,
REAX,2026-08-07,2.14,2.13,-0.004672897196261738,2026-08-10,,,,,,,,
REBN,2026-08-07,1.51,1.51,0.0,2026-08-10,,,,,,,,
RECI,2026-08-07,20.29,20.29,0.0,2026-08-10,,,,,,,,
RECS,2026-08-07,45.29,45.29,0.0,2026-08-10,,,,,,,,
RECT,2026-08-07,1.24,1.28,0.032258064516129004,2026-08-10,,,,,,,,
REED,2026-08-07,0.85,0.85,0.0,2026-08-10,,,,,,,,
REET,2026-08-07,28.23,28.23,0.0,2026-08-10,,,,,,,,
REF,2026-08-07,15.76,15.76,0.0,2026-08-10,,,,,,,,
REFA,2026-08-07,23.84,23.84,0.0,2026-08-10,,,,,,,,
REFI,2026-08-07,10.27,10.65,0.03700097370983446,2026-08-10,,,,,,,,
REFR,2026-08-07,0.49,0.49,0.0,2026-08-10,,,,,,,,
REG,2026-08-07,77.12,77.27,0.0019450207468878489,2026-08-10,,,,,,,,
REGL,2026-08-07,95.63,95.63,0.0,2026-08-10,,,,,,,,
REGN,2026-08-07,784.36,782.0,-0.0030088224794737606,2026-08-10,,,,,,,,
REGS,2026-08-07,11.67,11.67,0.0,2026-08-10,,,,,,,,
REI,2026-08-07,1.3,1.3,0.0,2026-08-10,,,,,,,,
REIT,2026-08-07,30.73,30.73,0.0,2026-08-10,,,,,,,,
REK,2026-08-07,15.39,15.39,0.0,2026-08-10,,,,,,,,
REKR,2026-08-07,0.67,0.68,0.014925373134328401,2026-08-10,,,,,,,,
RELL,2026-08-07,20.66,20.66,0.0,2026-08-10,,,,,,,,
RELX,2026-08-07,35.52,35.47,-0.0014076576576578237,2026-08-10,,,,,,,,
RELY,2026-08-07,24.42,24.62,0.008190008190008147,2026-08-10,,,,,,,,
REM,2026-08-07,21.99,21.99,0.0,2026-08-10,,,,,,,,
REMC,2026-08-07,23.45,23.45,0.0,2026-08-10,,,,,,,,
REMG,2026-08-07,35.97,35.97,0.0,2026-08-10,,,,,,,,
REMX,2026-08-07,77.04,78.95,0.024792315680166155,2026-08-10,,,,,,,,
RENT,2026-08-07,3.68,3.68,0.0,2026-08-10,,,,,,,,
RENX,2026-08-07,1.95,1.95,0.0,2026-08-10,,,,,,,,
REPL,2026-08-07,12.06,11.95,-0.009121061359867455,2026-08-10,,,,,,,,
REPX,2026-08-07,34.22,34.22,0.0,2026-08-10,,,,,,,,
RERE,2026-08-07,4.55,4.55,0.0,2026-08-10,,,,,,,,
RES,2026-08-07,5.87,5.87,0.0,2026-08-10,,,,,,,,
RESM,2026-08-07,24.64,24.64,0.0,2026-08-10,,,,,,,,
RETL,2026-08-07,9.83,9.83,0.0,2026-08-10,,,,,,,,
RETO,2026-08-07,2.96,3.01,0.016891891891891886,2026-08-10,,,,,,,,
REVB,2026-08-07,1.14,1.13,-0.00877192982456143,2026-08-10,,,,,,,,
REVS,2026-08-07,33.86,33.86,0.0,2026-08-10,,,,,,,,
REW,2026-08-07,11.32,11.32,0.0,2026-08-10,,,,,,,,
REX,2026-08-07,42.8,42.8,0.0,2026-08-10,,,,,,,,
REXC,2026-08-07,18.67,18.95,0.014997321906802252,2026-08-10,,,,,,,,
REXR,2026-08-07,36.74,36.74,0.0,2026-08-10,,,,,,,,
REYN,2026-08-07,26.52,26.51,-0.00037707390648555883,2026-08-10,,,,,,,,
REZ,2026-08-07,96.6,96.6,0.0,2026-08-10,,,,,,,,
REZI,2026-08-07,26.08,26.0,-0.0030674846625766694,2026-08-10,,,,,,,,
REZI-WI,2026-08-07,,,,2026-08-10,,,,,,,,
RF,2026-08-07,31.43,31.43,0.0,2026-08-10,,,,,,,,
RFAI,2026-08-07,11.06,11.06,0.0,2026-08-10,,,,,,,,
RFAM,2026-08-07,9.99,9.99,0.0,2026-08-10,,,,,,,,
RFCI,2026-08-07,22.1,22.1,0.0,2026-08-10,,,,,,,,
RFDA,2026-08-07,72.97,72.97,0.0,2026-08-10,,,,,,,,
RFDI,2026-08-07,92.2,92.2,0.0,2026-08-10,,,,,,,,
RFEM,2026-08-07,96.16,96.16,0.0,2026-08-10,,,,,,,,
RFFC,2026-08-07,77.0,77.0,0.0,2026-08-10,,,,,,,,
RFG,2026-08-07,63.11,63.11,0.0,2026-08-10,,,,,,,,
RFI,2026-08-07,11.6,11.6,0.0,2026-08-10,,,,,,,,
RFIL,2026-08-07,12.81,12.81,0.0,2026-08-10,,,,,,,,
RFIX,2026-08-07,36.81,36.81,0.0,2026-08-10,,,,,,,,
RFL,2026-08-07,2.05,2.05,0.0,2026-08-10,,,,,,,,
RFLR,2026-08-07,33.13,33.13,0.0,2026-08-10,,,,,,,,
RFM,2026-08-07,14.91,14.91,0.0,2026-08-10,,,,,,,,
RFMZ,2026-08-07,13.23,13.23,0.0,2026-08-10,,,,,,,,
RFV,2026-08-07,149.97,149.97,0.0,2026-08-10,,,,,,,,
RGA,2026-08-07,246.33,220.02,-0.1068079405675314,2026-08-10,,,,,,,,
RGC,2026-08-07,5.41,5.64,0.042513863216266046,2026-08-10,,,,,,,,
RGCO,2026-08-07,21.87,21.87,0.0,2026-08-10,,,,,,,,
RGEF,2026-08-07,35.47,35.47,0.0,2026-08-10,,,,,,,,
RGEN,2026-08-07,163.9,163.9,0.0,2026-08-10,,,,,,,,
RGLD,2026-08-07,229.92,230.01,0.0003914405010438937,2026-08-10,,,,,,,,
RGLO,2026-08-07,33.99,33.99,0.0,2026-08-10,,,,,,,,
RGNT,2026-08-07,1.89,1.96,0.03703703703703698,2026-08-10,,,,,,,,
RGNX,2026-08-07,10.72,10.6,-0.011194029850746356,2026-08-10,,,,,,,,
RGP,2026-08-07,4.2,4.2,0.0,2026-08-10,,,,,,,,
RGR,2026-08-07,37.11,38.0,0.02398275397466998,2026-08-10,,,,,,,,
RGS,2026-08-07,28.11,28.11,0.0,2026-08-10,,,,,,,,
RGT,2026-08-07,15.58,15.58,0.0,2026-08-10,,,,,,,,
RGTC,2026-08-07,31.14,31.14,0.0,2026-08-10,,,,,,,,
RGTI,2026-08-07,17.94,17.88,-0.0033444816053512794,2026-08-10,,,,,,,,
RGTU,2026-08-07,14.78,14.92,0.009472259810554773,2026-08-10,,,,,,,,
RGTX,2026-08-07,13.76,13.68,-0.005813953488372103,2026-08-10,,,,,,,,
RGTZ,2026-08-07,3.01,3.03,0.006644518272425293,2026-08-10,,,,,,,,
RGYY,2026-08-07,6.72,6.72,0.0,2026-08-10,,,,,,,,
RH,2026-08-07,196.15,196.15,0.0,2026-08-10,,,,,,,,
RHI,2026-08-07,42.74,42.74,0.0,2026-08-10,,,,,,,,
RHLD,2026-08-07,129.45,129.45,0.0,2026-08-10,,,,,,,,
RHP,2026-08-07,120.84,119.9,-0.0077788811651771095,2026-08-10,,,,,,,,
RHRX,2026-08-07,22.06,22.06,0.0,2026-08-10,,,,,,,,
RHTX,2026-08-07,20.45,20.45,0.0,2026-08-10,,,,,,,,
RIBB,2026-08-07,10.84,10.84,0.0,2026-08-10,,,,,,,,
RICK,2026-08-07,28.07,28.07,0.0,2026-08-10,,,,,,,,
RIET,2026-08-07,9.61,9.61,0.0,2026-08-10,,,,,,,,
RIFR,2026-08-07,28.64,28.64,0.0,2026-08-10,,,,,,,,
RIG,2026-08-07,5.26,5.3,0.0076045627376426506,2026-08-10,,,,,,,,
RIGL,2026-08-07,40.17,40.17,0.0,2026-08-10,,,,,,,,
RIGS,2026-08-07,22.74,23.44,0.030782761653474155,2026-08-10,,,,,,,,
RILA,2026-08-07,12.43,12.43,0.0,2026-08-10,,,,,,,,
RILY,2026-08-07,7.18,7.3,0.01671309192200554,2026-08-10,,,,,,,,
RIME,2026-08-07,0.43,0.44,0.023255813953488413,2026-08-10,,,,,,,,
RINF,2026-08-07,32.62,32.62,0.0,2026-08-10,,,,,,,,
RING,2026-08-07,78.02,78.4,0.004870546013842736,2026-08-10,,,,,,,,
RINT,2026-08-07,33.21,33.21,0.0,2026-08-10,,,,,,,,
RIO,2026-08-07,101.1,101.78,0.0067260138476756826,2026-08-10,,,,,,,,
RIOT,2026-08-07,20.52,20.67,0.007309941520468044,2026-08-10,,,,,,,,
RIOX,2026-08-07,27.47,28.45,0.03567528212595561,2026-08-10,,,,,,,,
RISE,2026-08-07,18.99,18.99,0.0,2026-08-10,,,,,,,,
RISN,2026-08-07,31.58,31.58,0.0,2026-08-10,,,,,,,,
RISR,2026-08-07,36.67,36.67,0.0,2026-08-10,,,,,,,,
RITA,2026-08-07,21.73,21.73,0.0,2026-08-10,,,,,,,,
RITM,2026-08-07,10.19,10.2,0.0009813542688910104,2026-08-10,,,,,,,,
RITR,2026-08-07,0.17,0.16,-0.05882352941176472,2026-08-10,,,,,,,,
RIV,2026-08-07,11.59,11.57,-0.0017256255392579245,2026-08-10,,,,,,,,
RIVC,2026-08-07,20.56,20.56,0.0,2026-08-10,,,,,,,,
RIVN,2026-08-07,16.0,16.07,0.004375000000000018,2026-08-10,,,,,,,,
RIZE,2026-08-07,24.59,24.59,0.0,2026-08-10,,,,,,,,
RJCA,2026-08-07,73.05,73.05,0.0,2026-08-10,,,,,,,,
RJDI,2026-08-07,30.12,30.12,0.0,2026-08-10,,,,,,,,
RJET,2026-08-07,21.39,21.39,0.0,2026-08-10,,,,,,,,
RJF,2026-08-07,176.56,176.56,0.0,2026-08-10,,,,,,,,
RJMI,2026-08-07,25.19,25.19,0.0,2026-08-10,,,,,,,,
RJVI,2026-08-07,24.9,24.9,0.0,2026-08-10,,,,,,,,
RKDA,2026-08-07,0.7,0.68,-0.02857142857142847,2026-08-10,,,,,,,,
RKLB,2026-08-07,82.83,85.35,0.03042375950742482,2026-08-10,,,,,,,,
RKLX,2026-08-07,26.11,27.65,0.05898123324396787,2026-08-10,,,,,,,,
RKLZ,2026-08-07,2.76,2.59,-0.061594202898550665,2026-08-10,,,,,,,,
RKNG,2026-08-07,23.57,23.57,0.0,2026-08-10,,,,,,,,
RKSG,2026-08-07,28.77,28.77,0.0,2026-08-10,,,,,,,,
RKT,2026-08-07,13.72,13.75,0.0021865889212826506,2026-08-10,,,,,,,,
RKTL,2026-08-07,9.3,9.3,0.0,2026-08-10,,,,,,,,
RKTO,2026-08-07,0.76,0.78,0.026315789473684292,2026-08-10,,,,,,,,
RKX,2026-08-07,15.94,15.94,0.0,2026-08-10,,,,,,,,
RL,2026-08-07,395.53,395.53,0.0,2026-08-10,,,,,,,,
RLAY,2026-08-07,19.77,19.76,-0.0005058168942841945,2026-08-10,,,,,,,,
RLGT,2026-08-07,8.44,8.58,0.0165876777251186,2026-08-10,,,,,,,,
RLI,2026-08-07,64.23,64.23,0.0,2026-08-10,,,,,,,,
RLJ,2026-08-07,11.13,11.2,0.0062893081761004055,2026-08-10,,,,,,,,
RLMD,2026-08-07,4.94,5.07,0.026315789473684292,2026-08-10,,,,,,,,
RLTY,2026-08-07,15.84,15.84,0.0,2026-08-10,,,,,,,,
RLX,2026-08-07,2.01,1.99,-0.00995024875621886,2026-08-10,,,,,,,,
RLY,2026-08-07,36.32,36.32,0.0,2026-08-10,,,,,,,,
RLYB,2026-08-07,16.16,16.16,0.0,2026-08-10,,,,,,,,
RM,2026-08-07,32.79,32.79,0.0,2026-08-10,,,,,,,,
RMAX,2026-08-07,11.37,11.37,0.0,2026-08-10,,,,,,,,
RMBC,2026-08-07,14.07,14.07,0.0,2026-08-10,,,,,,,,
RMBI,2026-08-07,15.82,15.82,0.0,2026-08-10,,,,,,,,
RMBS,2026-08-07,101.52,103.0,0.014578408195429438,2026-08-10,,,,,,,,
RMBX,2026-08-07,13.38,13.38,0.0,2026-08-10,,,,,,,,
RMCA,2026-08-07,24.12,24.12,0.0,2026-08-10,,,,,,,,
RMCF,2026-08-07,0.83,0.83,0.0,2026-08-10,,,,,,,,
RMCO,2026-08-07,2.92,3.04,0.041095890410958846,2026-08-10,,,,,,,,
RMD,2026-08-07,211.94,212.48,0.002547890912522277,2026-08-10,,,,,,,,
RMHY,2026-08-07,25.0,25.0,0.0,2026-08-10,,,,,,,,
RMI,2026-08-07,15.77,15.77,0.0,2026-08-10,,,,,,,,
RMIF,2026-08-07,24.11,,,2026-08-10,,,,,,,,
RMIX,2026-08-07,18.98,18.98,0.0,2026-08-10,,,,,,,,
RMM,2026-08-07,14.69,14.69,0.0,2026-08-10,,,,,,,,
RMME,2026-08-07,100.11,100.11,0.0,2026-08-10,,,,,,,,
RMMZ,2026-08-07,14.89,14.89,0.0,2026-08-10,,,,,,,,
RMNI,2026-08-07,5.05,5.05,0.0,2026-08-10,,,,,,,,
RMNY,2026-08-07,24.45,24.45,0.0,2026-08-10,,,,,,,,
RMOP,2026-08-07,25.19,25.19,0.0,2026-08-10,,,,,,,,
RMR,2026-08-07,19.45,19.45,0.0,2026-08-10,,,,,,,,
RMRC,2026-08-07,25.85,25.85,0.0,2026-08-10,,,,,,,,
RMSG,2026-08-07,0.38,0.38,0.0,2026-08-10,,,,,,,,
RMT,2026-08-07,14.23,14.23,0.0,2026-08-10,,,,,,,,
RMTI,2026-08-07,7.14,7.14,0.0,2026-08-10,,,,,,,,
RNA,2026-08-07,12.34,12.34,0.0,2026-08-10,,,,,,,,
RNAC,2026-08-07,8.85,8.4,-0.05084745762711862,2026-08-10,,,,,,,,
RNAZ,2026-08-07,3.96,4.14,0.045454545454545414,2026-08-10,,,,,,,,
RND,2026-08-07,33.52,33.52,0.0,2026-08-10,,,,,,,,
RNEM,2026-08-07,57.32,57.32,0.0,2026-08-10,,,,,,,,
RNG,2026-08-07,63.01,63.0,-0.00015870496746539509,2026-08-10,,,,,,,,
RNGR,2026-08-07,16.1,16.1,0.0,2026-08-10,,,,,,,,
RNGT,2026-08-07,10.14,10.14,0.0,2026-08-10,,,,,,,,
RNIN,2026-08-07,36.8,36.8,0.0,2026-08-10,,,,,,,,
RNMN,2026-08-07,26.08,26.08,0.0,2026-08-10,,,,,,,,
RNP,2026-08-07,20.61,20.61,0.0,2026-08-10,,,,,,,,
RNR,2026-08-07,321.87,321.87,0.0,2026-08-10,,,,,,,,
RNRG,2026-08-07,34.58,34.58,0.0,2026-08-10,,,,,,,,
RNST,2026-08-07,42.73,42.73,0.0,2026-08-10,,,,,,,,
RNTX,2026-08-07,0.82,0.83,0.012195121951219523,2026-08-10,,,,,,,,
RNTY,2026-08-07,49.64,49.64,0.0,2026-08-10,,,,,,,,
RNW,2026-08-07,6.17,6.25,0.01296596434359798,2026-08-10,,,,,,,,
RNXT,2026-08-07,1.12,1.13,0.008928571428571175,2026-08-10,,,,,,,,
ROAD,2026-08-07,119.74,119.8,0.0005010856856522139,2026-08-10,,,,,,,,
ROAM,2026-08-07,35.41,35.41,0.0,2026-08-10,,,,,,,,
ROBN,2026-08-07,24.51,25.14,0.025703794369644983,2026-08-10,,,,,,,,
ROBO,2026-08-07,84.44,85.3,0.010184746565608638,2026-08-10,,,,,,,,
ROBT,2026-08-07,59.09,59.09,0.0,2026-08-10,,,,,,,,
ROC,2026-08-07,4.41,4.41,0.0,2026-08-10,,,,,,,,
ROCK,2026-08-07,50.23,50.23,0.0,2026-08-10,,,,,,,,
ROCQ,2026-08-07,55.76,55.78,0.00035868005738892705,2026-08-10,,,,,,,,
ROCY,2026-08-07,55.45,55.45,0.0,2026-08-10,,,,,,,,
RODM,2026-08-07,42.26,42.26,0.0,2026-08-10,,,,,,,,
ROE,2026-08-07,43.83,43.83,0.0,2026-08-10,,,,,,,,
ROG,2026-08-07,134.49,134.99,0.0037177485314894287,2026-08-10,,,,,,,,
ROIV,2026-08-07,36.34,36.34,0.0,2026-08-10,,,,,,,,
ROK,2026-08-07,441.04,441.92,0.0019952838744785595,2026-08-10,,,,,,,,
ROKT,2026-08-07,120.0,120.0,0.0,2026-08-10,,,,,,,,
ROKU,2026-08-07,153.11,152.98,-0.0008490627653322536,2026-08-10,,,,,,,,
ROL,2026-08-07,37.74,37.7,-0.0010598834128245915,2026-08-10,,,,,,,,
ROLR,2026-08-07,6.19,6.23,0.00646203554119551,2026-08-10,,,,,,,,
ROM,2026-08-07,148.36,152.53,0.028107306551631073,2026-08-10,,,,,,,,
ROMA,2026-08-07,8.9,8.9,0.0,2026-08-10,,,,,,,,
ROMO,2026-08-07,34.96,34.96,0.0,2026-08-10,,,,,,,,
RONB,2026-08-07,23.26,23.26,0.0,2026-08-10,,,,,,,,
ROOT,2026-08-07,51.5,52.6,0.021359223300970953,2026-08-10,,,,,,,,
ROP,2026-08-07,402.25,404.2,0.00484773151025486,2026-08-10,,,,,,,,
ROPE,2026-08-07,30.43,30.43,0.0,2026-08-10,,,,,,,,
ROSC,2026-08-07,56.83,56.83,0.0,2026-08-10,,,,,,,,
ROST,2026-08-07,255.23,256.43,0.004701641656545075,2026-08-10,,,,,,,,
ROUS,2026-08-07,68.29,68.29,0.0,2026-08-10,,,,,,,,
RPAR,2026-08-07,22.25,22.25,0.0,2026-08-10,,,,,,,,
RPAY,2026-08-07,3.95,3.96,0.0025316455696202667,2026-08-10,,,,,,,,
RPC,2026-08-07,8.99,8.79,-0.022246941045606317,2026-08-10,,,,,,,,
RPD,2026-08-07,11.57,11.57,0.0,2026-08-10,,,,,,,,
RPG,2026-08-07,58.42,58.42,0.0,2026-08-10,,,,,,,,
RPGL,2026-08-07,1.95,1.96,0.00512820512820511,2026-08-10,,,,,,,,
RPID,2026-08-07,1.73,1.77,0.023121387283236983,2026-08-10,,,,,,,,
RPM,2026-08-07,117.36,118.57,0.010310156782549429,2026-08-10,,,,,,,,
RPRX,2026-08-07,56.77,56.5,-0.004756033116082525,2026-08-10,,,,,,,,
RPT,2026-08-07,12.06,12.06,0.0,2026-08-10,,,,,,,,
RPV,2026-08-07,120.2,120.2,0.0,2026-08-10,,,,,,,,
RQI,2026-08-07,12.52,12.52,0.0,2026-08-10,,,,,,,,
RR,2026-08-07,1.61,1.64,0.01863354037267073,2026-08-10,,,,,,,,
RRBI,2026-08-07,100.11,100.11,0.0,2026-08-10,,,,,,,,
RRC,2026-08-07,38.28,40.56,0.059561128526645746,2026-08-10,,,,,,,,
RREV,2026-08-07,9.94,9.94,0.0,2026-08-10,,,,,,,,
RRGB,2026-08-07,8.2,8.2,0.0,2026-08-10,,,,,,,,
RRR,2026-08-07,61.88,62.44,0.009049773755656076,2026-08-10,,,,,,,,
RRX,2026-08-07,178.0,180.0,0.011235955056179803,2026-08-10,,,,,,,,
RS,2026-08-07,423.88,424.5,0.0014626781164479574,2026-08-10,,,,,,,,
RSBA,2026-08-07,20.81,20.81,0.0,2026-08-10,,,,,,,,
RSBT,2026-08-07,18.7,18.7,0.0,2026-08-10,,,,,,,,
RSBY,2026-08-07,17.83,17.83,0.0,2026-08-10,,,,,,,,
RSDE,2026-08-07,23.93,23.93,0.0,2026-08-10,,,,,,,,
RSEE,2026-08-07,39.75,39.75,0.0,2026-08-10,,,,,,,,
RSF,2026-08-07,14.58,14.58,0.0,2026-08-10,,,,,,,,
RSG,2026-08-07,214.56,214.56,0.0,2026-08-10,,,,,,,,
RSI,2026-08-07,24.88,25.0,0.004823151125401992,2026-08-10,,,,,,,,
RSIT,2026-08-07,20.89,20.89,0.0,2026-08-10,,,,,,,,
RSJN,2026-08-07,37.98,37.98,0.0,2026-08-10,,,,,,,,
RSKD,2026-08-07,5.35,5.26,-0.016822429906542036,2026-08-10,,,,,,,,
RSMC,2026-08-07,29.24,29.24,0.0,2026-08-10,,,,,,,,
RSMR,2026-08-07,24.15,24.15,0.0,2026-08-10,,,,,,,,
RSMV,2026-08-07,28.98,28.98,0.0,2026-08-10,,,,,,,,
RSP,2026-08-07,220.09,220.22,0.0005906674542233148,2026-08-10,,,,,,,,
RSPA,2026-08-07,54.54,54.57,0.0005500550055006492,2026-08-10,,,,,,,,
RSPC,2026-08-07,36.4,36.4,0.0,2026-08-10,,,,,,,,
RSPD,2026-08-07,58.65,58.65,0.0,2026-08-10,,,,,,,,
RSPE,2026-08-07,34.83,34.83,0.0,2026-08-10,,,,,,,,
RSPF,2026-08-07,84.31,84.31,0.0,2026-08-10,,,,,,,,
RSPG,2026-08-07,102.85,102.85,0.0,2026-08-10,,,,,,,,
RSPH,2026-08-07,35.54,35.54,0.0,2026-08-10,,,,,,,,
RSPM,2026-08-07,40.58,40.58,0.0,2026-08-10,,,,,,,,
RSPN,2026-08-07,64.78,64.78,0.0,2026-08-10,,,,,,,,
RSPR,2026-08-07,36.85,36.85,0.0,2026-08-10,,,,,,,,
RSPS,2026-08-07,31.1,31.1,0.0,2026-08-10,,,,,,,,
RSPT,2026-08-07,64.65,64.71,0.0009280742459394364,2026-08-10,,,,,,,,
RSPU,2026-08-07,77.6,77.6,0.0,2026-08-10,,,,,,,,
RSSB,2026-08-07,31.27,31.27,0.0,2026-08-10,,,,,,,,
RSSE,2026-08-07,23.66,23.66,0.0,2026-08-10,,,,,,,,
RSSL,2026-08-07,118.05,118.0,-0.00042354934349853046,2026-08-10,,,,,,,,
RSSS,2026-08-07,2.16,2.16,0.0,2026-08-10,,,,,,,,
RSST,2026-08-07,33.6,33.6,0.0,2026-08-10,,,,,,,,
RSSX,2026-08-07,25.79,25.79,0.0,2026-08-10,,,,,,,,
RSSY,2026-08-07,25.63,25.63,0.0,2026-08-10,,,,,,,,
RSVR,2026-08-07,10.12,10.21,0.008893280632411127,2026-08-10,,,,,,,,
RTAC,2026-08-07,10.47,10.47,0.0,2026-08-10,,,,,,,,
RTAI,2026-08-07,21.08,21.08,0.0,2026-08-10,,,,,,,,
RTB,2026-08-07,17.0,17.0,0.0,2026-08-10,,,,,,,,
RTH,2026-08-07,273.85,273.85,0.0,2026-08-10,,,,,,,,
RTO,2026-08-07,24.21,24.39,0.0074349442379182396,2026-08-10,,,,,,,,
RTOO,2026-08-07,25.76,25.76,0.0,2026-08-10,,,,,,,,
RTRE,2026-08-07,24.58,24.58,0.0,2026-08-10,,,,,,,,
RTX,2026-08-07,223.03,223.6,0.002555709994171096,2026-08-10,,,,,,,,
RTXG,2026-08-07,30.28,30.36,0.0026420079260236484,2026-08-10,,,,,,,,
RTYY,2026-08-07,9.6,9.6,0.0,2026-08-10,,,,,,,,
RUBI,2026-08-07,2.25,2.2,-0.022222222222222143,2026-08-10,,,,,,,,
RULE,2026-08-07,30.13,30.13,0.0,2026-08-10,,,,,,,,
RUM,2026-08-07,6.39,6.57,0.028169014084507227,2026-08-10,,,,,,,,
RUN,2026-08-07,10.2,10.23,0.002941176470588447,2026-08-10,,,,,,,,
RUNN,2026-08-07,35.32,35.32,0.0,2026-08-10,,,,,,,,
RUSC,2026-08-07,38.92,38.92,0.0,2026-08-10,,,,,,,,
RUSHA,2026-08-07,80.08,80.08,0.0,2026-08-10,,,,,,,,
RVER,2026-08-07,36.78,36.78,0.0,2026-08-10,,,,,,,,
RVI,2026-08-07,28.19,28.5,0.010996807378502949,2026-08-10,,,,,,,,
RVLV,2026-08-07,24.27,24.26,-0.00041203131437983487,2026-08-10,,,,,,,,
RVMD,2026-08-07,205.15,208.88,0.018181818181818077,2026-08-10,,,,,,,,
RVNL,2026-08-07,25.25,25.25,0.0,2026-08-10,,,,,,,,
RVNU,2026-08-07,24.86,24.86,0.0,2026-08-10,,,,,,,,
RVP,2026-08-07,0.67,0.67,0.0,2026-08-10,,,,,,,,
RVSB,2026-08-07,5.36,5.36,0.0,2026-08-10,,,,,,,,
RVSN,2026-08-07,4.76,4.89,0.027310924369747802,2026-08-10,,,,,,,,
RVT,2026-08-07,18.82,18.82,0.0,2026-08-10,,,,,,,,
RVTY,2026-08-07,114.66,114.94,0.0024420024420024333,2026-08-10,,,,,,,,
RW,2026-08-07,26.02,26.02,0.0,2026-08-10,,,,,,,,
RWAY,2026-08-07,6.84,6.88,0.005847953216374213,2026-08-10,,,,,,,,
RWEM,2026-08-07,35.9,35.9,0.0,2026-08-10,,,,,,,,
RWIN,2026-08-07,27.73,27.73,0.0,2026-08-10,,,,,,,,
RWJ,2026-08-07,61.93,61.93,0.0,2026-08-10,,,,,,,,
RWK,2026-08-07,151.55,151.55,0.0,2026-08-10,,,,,,,,
RWL,2026-08-07,134.12,134.12,0.0,2026-08-10,,,,,,,,
RWLC,2026-08-07,38.56,38.56,0.0,2026-08-10,,,,,,,,
RWM,2026-08-07,13.3,13.35,0.003759398496240518,2026-08-10,,,,,,,,
RWO,2026-08-07,50.79,50.79,0.0,2026-08-10,,,,,,,,
RWR,2026-08-07,114.79,114.79,0.0,2026-08-10,,,,,,,,
RWT,2026-08-07,4.73,4.73,0.0,2026-08-10,,,,,,,,
RWX,2026-08-07,28.12,28.12,0.0,2026-08-10,,,,,,,,
RXD,2026-08-07,15.65,15.65,0.0,2026-08-10,,,,,,,,
RXI,2026-08-07,206.01,206.01,0.0,2026-08-10,,,,,,,,
RXL,2026-08-07,56.97,55.7,-0.022292434614709422,2026-08-10,,,,,,,,
RXO,2026-08-07,21.7,21.7,0.0,2026-08-10,,,,,,,,
RXRX,2026-08-07,3.22,3.22,0.0,2026-08-10,,,,,,,,
RXST,2026-08-07,6.26,6.44,0.028753993610223683,2026-08-10,,,,,,,,
RXT,2026-08-07,4.9,4.91,0.0020408163265306367,2026-08-10,,,,,,,,
RY,2026-08-07,211.08,209.88,-0.005685048322910835,2026-08-10,,,,,,,,
RYAAY,2026-08-07,60.19,60.4,0.003488951653098482,2026-08-10,,,,,,,,
RYAM,2026-08-07,9.02,9.3,0.031042128603104402,2026-08-10,,,,,,,,
RYAN,2026-08-07,42.84,42.84,0.0,2026-08-10,,,,,,,,
RYDE,2026-08-07,0.83,0.83,0.0,2026-08-10,,,,,,,,
RYET,2026-08-07,1.05,1.05,0.0,2026-08-10,,,,,,,,
RYLD,2026-08-07,16.34,16.34,0.0,2026-08-10,,,,,,,,
RYLG,2026-08-07,25.01,25.01,0.0,2026-08-10,,,,,,,,
RYM,2026-08-07,22.5,22.5,0.0,2026-08-10,,,,,,,,
RYN,2026-08-07,21.79,21.78,-0.00045892611289577445,2026-08-10,,,,,,,,
RYOJ,2026-08-07,4.94,4.55,-0.07894736842105277,2026-08-10,,,,,,,,
RYTM,2026-08-07,115.63,115.63,0.0,2026-08-10,,,,,,,,
RYZ,2026-08-07,28.08,28.08,0.0,2026-08-10,,,,,,,,
RZG,2026-08-07,70.11,70.11,0.0,2026-08-10,,,,,,,,
RZLT,2026-08-07,4.69,4.69,0.0,2026-08-10,,,,,,,,
RZLV,2026-08-07,2.73,2.72,-0.003663003663003539,2026-08-10,,,,,,,,
RZV,2026-08-07,152.04,152.04,0.0,2026-08-10,,,,,,,,
S,2026-08-07,21.4,21.4,0.0,2026-08-10,,,,,,,,
SA,2026-08-07,31.13,31.0,-0.0041760359781560785,2026-08-10,,,,,,,,
SAA,2026-08-07,37.88,37.88,0.0,2026-08-10,,,,,,,,
SAAQ,2026-08-07,10.15,10.15,0.0,2026-08-10,,,,,,,,
SABA,2026-08-07,8.34,8.34,0.0,2026-08-10,,,,,,,,
SABR,2026-08-07,2.07,2.07,0.0,2026-08-10,,,,,,,,
SABS,2026-08-07,3.9,3.93,0.007692307692307665,2026-08-10,,,,,,,,
SAC,2026-08-07,10.1,10.1,0.0,2026-08-10,,,,,,,,
SACH,2026-08-07,0.83,0.83,0.0,2026-08-10,,,,,,,,
SAFE,2026-08-07,16.29,16.29,0.0,2026-08-10,,,,,,,,
SAFT,2026-08-07,103.5,104.71,0.011690821256038486,2026-08-10,,,,,,,,
SAFX,2026-08-07,0.39,0.44,0.1282051282051282,2026-08-10,,,,,,,,
SAGP,2026-08-07,37.44,37.44,0.0,2026-08-10,,,,,,,,
SAGT,2026-08-07,0.75,0.74,-0.013333333333333308,2026-08-10,,,,,,,,
SAGU,2026-08-07,9.94,9.94,0.0,2026-08-10,,,,,,,,
SAH,2026-08-07,82.44,82.44,0.0,2026-08-10,,,,,,,,
SAIA,2026-08-07,364.21,362.76,-0.003981219626039922,2026-08-10,,,,,,,,
SAIC,2026-08-07,126.54,126.54,0.0,2026-08-10,,,,,,,,
SAIH,2026-08-07,20.82,21.0,0.008645533141210304,2026-08-10,,,,,,,,
SAIL,2026-08-07,18.66,18.48,-0.009646302250803873,2026-08-10,,,,,,,,
SAM,2026-08-07,186.61,187.23,0.0033224371684259513,2026-08-10,,,,,,,,
SAMG,2026-08-07,10.21,10.21,0.0,2026-08-10,,,,,,,,
SAMM,2026-08-07,31.31,31.31,0.0,2026-08-10,,,,,,,,
SAMO-U,2026-08-07,9.94,9.94,0.0,2026-08-10,,,,,,,,
SAMT,2026-08-07,43.64,43.64,0.0,2026-08-10,,,,,,,,
SAN,2026-08-07,14.7,14.81,0.007482993197279075,2026-08-10,,,,,,,,
SANA,2026-08-07,3.52,3.55,0.008522727272727293,2026-08-10,,,,,,,,
SANG,2026-08-07,4.02,4.02,0.0,2026-08-10,,,,,,,,
SANM,2026-08-07,202.73,207.0,0.02106249691708184,2026-08-10,,,,,,,,
SAP,2026-08-07,206.16,205.03,-0.0054811796662785905,2026-08-10,,,,,,,,
SAPH,2026-08-07,37.73,37.73,0.0,2026-08-10,,,,,,,,
SAR,2026-08-07,20.01,20.0,-0.0004997501249376368,2026-08-10,,,,,,,,
SARK,2026-08-07,27.03,27.09,0.002219755826859071,2026-08-10,,,,,,,,
SARO,2026-08-07,29.19,29.69,0.01712915381980129,2026-08-10,,,,,,,,
SASS,2026-08-07,24.82,24.82,0.0,2026-08-10,,,,,,,,
SATA,2026-08-07,99.47,98.8,-0.006735699205790757,2026-08-10,,,,,,,,
SATL,2026-08-07,5.52,5.6,0.01449275362318847,2026-08-10,,,,,,,,
SATO,2026-08-07,15.74,15.75,0.0006353240152476847,2026-08-10,,,,,,,,
SAUG,2026-08-07,28.04,28.04,0.0,2026-08-10,,,,,,,,
SAWG,2026-08-07,24.8,24.8,0.0,2026-08-10,,,,,,,,
SAWS,2026-08-07,24.58,24.58,0.0,2026-08-10,,,,,,,,
SB,2026-08-07,7.6,7.58,-0.002631578947368318,2026-08-10,,,,,,,,
SBAC,2026-08-07,184.03,184.03,0.0,2026-08-10,,,,,,,,
SBAR,2026-08-07,25.75,25.75,0.0,2026-08-10,,,,,,,,
SBB,2026-08-07,22.05,22.05,0.0,2026-08-10,,,,,,,,
SBC,2026-08-07,3.06,3.06,0.0,2026-08-10,,,,,,,,
SBCF,2026-08-07,34.55,34.55,0.0,2026-08-10,,,,,,,,
SBET,2026-08-07,6.43,6.43,0.0,2026-08-10,,,,,,,,
SBEV,2026-08-07,0.43,0.42,-0.023255813953488413,2026-08-10,,,,,,,,
SBFG,2026-08-07,26.97,26.97,0.0,2026-08-10,,,,,,,,
SBFM,2026-08-07,1.23,1.18,-0.04065040650406504,2026-08-10,,,,,,,,
SBGI,2026-08-07,14.2,14.4,0.014084507042253502,2026-08-10,,,,,,,,
SBH,2026-08-07,16.83,16.83,0.0,2026-08-10,,,,,,,,
SBI,2026-08-07,7.67,7.67,0.0,2026-08-10,,,,,,,,
SBIL,2026-08-07,100.13,100.13,0.0,2026-08-10,,,,,,,,
SBIO,2026-08-07,67.61,67.61,0.0,2026-08-10,,,,,,,,
SBIT,2026-08-07,54.8,54.86,0.0010948905109489093,2026-08-10,,,,,,,,
SBLK,2026-08-07,28.9,28.9,0.0,2026-08-10,,,,,,,,
SBMT,2026-08-07,6.9,6.9,0.0,2026-08-10,,,,,,,,
SBND,2026-08-07,18.67,18.67,0.0,2026-08-10,,,,,,,,
SBR,2026-08-07,72.21,72.21,0.0,2026-08-10,,,,,,,,
SBRA,2026-08-07,21.04,21.05,0.00047528517110273505,2026-08-10,,,,,,,,
SBS,2026-08-07,5.31,5.25,-0.011299435028248483,2026-08-10,,,,,,,,
SBSI,2026-08-07,32.44,32.44,0.0,2026-08-10,,,,,,,,
SBSW,2026-08-07,10.64,10.64,0.0,2026-08-10,,,,,,,,
SBTU,2026-08-07,2.52,2.54,0.007936507936507908,2026-08-10,,,,,,,,
SBU,2026-08-07,19.87,,,2026-08-10,,,,,,,,
SBUX,2026-08-07,105.58,105.58,0.0,2026-08-10,,,,,,,,
SBXD,2026-08-07,10.82,10.82,0.0,2026-08-10,,,,,,,,
SBXE,2026-08-07,10.11,10.11,0.0,2026-08-10,,,,,,,,
SCA,2026-08-07,22.36,22.36,0.0,2026-08-10,,,,,,,,
SCAG,2026-08-07,0.37,0.37,0.0,2026-08-10,,,,,,,,
SCAP,2026-08-07,38.89,38.89,0.0,2026-08-10,,,,,,,,
SCAU,2026-08-07,25.26,25.26,0.0,2026-08-10,,,,,,,,
SCC,2026-08-07,13.77,13.77,0.0,2026-08-10,,,,,,,,
SCCO,2026-08-07,199.06,200.08,0.005124083190997775,2026-08-10,,,,,,,,
SCCR,2026-08-07,25.18,25.18,0.0,2026-08-10,,,,,,,,
SCD,2026-08-07,15.64,15.64,0.0,2026-08-10,,,,,,,,
SCDL,2026-08-07,59.52,59.52,0.0,2026-08-10,,,,,,,,
SCDS,2026-08-07,77.45,77.45,0.0,2026-08-10,,,,,,,,
SCDV,2026-08-07,28.37,28.37,0.0,2026-08-10,,,,,,,,
SCEC,2026-08-07,24.58,24.58,0.0,2026-08-10,,,,,,,,
SCEP,2026-08-07,25.65,25.65,0.0,2026-08-10,,,,,,,,
SCHA,2026-08-07,34.83,34.9,0.0020097616996841428,2026-08-10,,,,,,,,
SCHB,2026-08-07,29.9,29.9,0.0,2026-08-10,,,,,,,,
SCHC,2026-08-07,50.68,50.68,0.0,2026-08-10,,,,,,,,
SCHD,2026-08-07,33.9,33.9,0.0,2026-08-10,,,,,,,,
SCHE,2026-08-07,36.99,37.0,0.0002703433360367047,2026-08-10,,,,,,,,
SCHF,2026-08-07,28.23,28.24,0.00035423308537008147,2026-08-10,,,,,,,,
SCHG,2026-08-07,35.78,35.8,0.0005589714924538747,2026-08-10,,,,,,,,
SCHH,2026-08-07,24.11,24.11,0.0,2026-08-10,,,,,,,,
SCHI,2026-08-07,22.31,22.29,-0.0008964589870013029,2026-08-10,,,,,,,,
SCHJ,2026-08-07,24.51,24.51,0.0,2026-08-10,,,,,,,,
SCHK,2026-08-07,37.31,37.3,-0.00026802465826869515,2026-08-10,,,,,,,,
SCHL,2026-08-07,41.98,41.72,-0.006193425440686018,2026-08-10,,,,,,,,
SCHM,2026-08-07,36.09,36.09,0.0,2026-08-10,,,,,,,,
SCHO,2026-08-07,24.06,24.07,0.0004156275976725521,2026-08-10,,,,,,,,
SCHP,2026-08-07,25.96,25.95,-0.00038520801232666546,2026-08-10,,,,,,,,
SCHQ,2026-08-07,30.11,30.11,0.0,2026-08-10,,,,,,,,
SCHR,2026-08-07,24.43,24.41,-0.0008186655751125649,2026-08-10,,,,,,,,
SCHV,2026-08-07,34.86,34.86,0.0,2026-08-10,,,,,,,,
SCHW,2026-08-07,107.6,107.38,-0.0020446096654275214,2026-08-10,,,,,,,,
SCHX,2026-08-07,30.52,30.53,0.000327653997378885,2026-08-10,,,,,,,,
SCHY,2026-08-07,33.64,33.74,0.0029726516052319685,2026-08-10,,,,,,,,
SCHZ,2026-08-07,22.82,22.82,0.0,2026-08-10,,,,,,,,
SCI,2026-08-07,85.01,85.01,0.0,2026-08-10,,,,,,,,
SCII,2026-08-07,10.11,10.11,0.0,2026-08-10,,,,,,,,
SCIO,2026-08-07,20.58,20.58,0.0,2026-08-10,,,,,,,,
SCJ,2026-08-07,109.5,109.5,0.0,2026-08-10,,,,,,,,
SCJL,2026-08-07,25.29,25.29,0.0,2026-08-10,,,,,,,,
SCJN,2026-08-07,25.8,25.8,0.0,2026-08-10,,,,,,,,
SCKT,2026-08-07,0.39,0.36,-0.07692307692307698,2026-08-10,,,,,,,,
SCL,2026-08-07,65.15,65.15,0.0,2026-08-10,,,,,,,,
SCLX,2026-08-07,6.95,6.95,0.0,2026-08-10,,,,,,,,
SCLZ,2026-08-07,56.89,56.89,0.0,2026-08-10,,,,,,,,
SCM,2026-08-07,8.41,8.41,0.0,2026-08-10,,,,,,,,
SCMB,2026-08-07,25.41,25.5,0.0035419126328217754,2026-08-10,,,,,,,,
SCMC,2026-08-07,24.94,24.94,0.0,2026-08-10,,,,,,,,
SCMY,2026-08-07,25.92,25.92,0.0,2026-08-10,,,,,,,,
SCNI,2026-08-07,0.25,0.25,0.0,2026-08-10,,,,,,,,
SCNM,2026-08-07,24.84,24.84,0.0,2026-08-10,,,,,,,,
SCNX,2026-08-07,0.38,0.38,0.0,2026-08-10,,,,,,,,
SCO,2026-08-07,29.41,28.01,-0.04760285617137028,2026-08-10,,,,,,,,
SCOP,2026-08-07,11.55,11.55,0.0,2026-08-10,,,,,,,,
SCOR,2026-08-07,7.2,7.2,0.0,2026-08-10,,,,,,,,
SCOW,2026-08-07,23.53,23.53,0.0,2026-08-10,,,,,,,,
SCPQ,2026-08-07,10.02,10.02,0.0,2026-08-10,,,,,,,,
SCSB,2026-08-07,24.85,24.85,0.0,2026-08-10,,,,,,,,
SCSC,2026-08-07,54.95,54.95,0.0,2026-08-10,,,,,,,,
SCTX,2026-08-07,26.0,27.1,0.04230769230769238,2026-08-10,,,,,,,,
SCUB,2026-08-07,25.02,25.02,0.0,2026-08-10,,,,,,,,
SCUS,2026-08-07,25.14,25.14,0.0,2026-08-10,,,,,,,,
SCWO,2026-08-07,2.15,2.24,0.04186046511627928,2026-08-10,,,,,,,,
SCYB,2026-08-07,26.04,26.05,0.00038402457757302777,2026-08-10,,,,,,,,
SCYX,2026-08-07,5.24,5.44,0.03816793893129766,2026-08-10,,,,,,,,
SCZ,2026-08-07,86.8,86.8,0.0,2026-08-10,,,,,,,,
SCZM,2026-08-07,8.4,8.53,0.015476190476190421,2026-08-10,,,,,,,,
SD,2026-08-07,13.62,13.7,0.005873715124816492,2026-08-10,,,,,,,,
SDA,2026-08-07,0.85,0.77,-0.09411764705882353,2026-08-10,,,,,,,,
SDCI,2026-08-07,28.55,29.25,0.024518388791593626,2026-08-10,,,,,,,,
SDCP,2026-08-07,25.56,25.56,0.0,2026-08-10,,,,,,,,
SDD,2026-08-07,7.96,7.96,0.0,2026-08-10,,,,,,,,
SDEM,2026-08-07,33.12,33.12,0.0,2026-08-10,,,,,,,,
SDEV,2026-08-07,1.03,1.03,0.0,2026-08-10,,,,,,,,
SDFI,2026-08-07,35.38,35.38,0.0,2026-08-10,,,,,,,,
SDG,2026-08-07,92.08,92.08,0.0,2026-08-10,,,,,,,,
SDGR,2026-08-07,18.16,18.18,0.0011013215859030367,2026-08-10,,,,,,,,
SDHC,2026-08-07,13.86,13.86,0.0,2026-08-10,,,,,,,,
SDHI,2026-08-07,10.48,10.48,0.0,2026-08-10,,,,,,,,
SDHY,2026-08-07,16.25,16.25,0.0,2026-08-10,,,,,,,,
SDIV,2026-08-07,24.81,24.81,0.0,2026-08-10,,,,,,,,
SDMF,2026-08-07,25.71,25.71,0.0,2026-08-10,,,,,,,,
SDOG,2026-08-07,72.26,72.26,0.0,2026-08-10,,,,,,,,
SDOT,2026-08-07,12.09,11.83,-0.021505376344086002,2026-08-10,,,,,,,,
SDOW,2026-08-07,22.0,22.09,0.004090909090909145,2026-08-10,,,,,,,,
SDP,2026-08-07,23.3,23.3,0.0,2026-08-10,,,,,,,,
SDRL,2026-08-07,43.24,46.11,0.06637372802960217,2026-08-10,,,,,,,,
SDS,2026-08-07,53.35,53.29,-0.0011246485473289658,2026-08-10,,,,,,,,
SDSI,2026-08-07,51.15,51.15,0.0,2026-08-10,,,,,,,,
SDST,2026-08-07,0.67,0.68,0.014925373134328401,2026-08-10,,,,,,,,
SDTY,2026-08-07,41.92,41.92,0.0,2026-08-10,,,,,,,,
SDUR,2026-08-07,25.09,25.09,0.0,2026-08-10,,,,,,,,
SDVD,2026-08-07,23.83,23.83,0.0,2026-08-10,,,,,,,,
SDVY,2026-08-07,44.6,44.6,0.0,2026-08-10,,,,,,,,
SDY,2026-08-07,157.83,157.83,0.0,2026-08-10,,,,,,,,
SE,2026-08-07,113.43,115.52,0.018425460636515734,2026-08-10,,,,,,,,
SEA,2026-08-07,18.3,18.3,0.0,2026-08-10,,,,,,,,
SEAT,2026-08-07,7.6,7.6,0.0,2026-08-10,,,,,,,,
SEB,2026-08-07,4240.64,4240.64,0.0,2026-08-10,,,,,,,,
SECR,2026-08-07,25.11,25.11,0.0,2026-08-10,,,,,,,,
SECT,2026-08-07,72.93,72.93,0.0,2026-08-10,,,,,,,,
SECU,2026-08-07,49.53,49.53,0.0,2026-08-10,,,,,,,,
SECZ,2026-08-07,7.71,7.91,0.025940337224384047,2026-08-10,,,,,,,,
SEDG,2026-08-07,31.76,31.95,0.00598236775818628,2026-08-10,,,,,,,,
SEED,2026-08-07,1.04,0.95,-0.08653846153846156,2026-08-10,,,,,,,,
SEEM,2026-08-07,38.48,38.48,0.0,2026-08-10,,,,,,,,
SEER,2026-08-07,2.17,2.17,0.0,2026-08-10,,,,,,,,
SEF,2026-08-07,29.37,29.37,0.0,2026-08-10,,,,,,,,
SEG,2026-08-07,28.25,28.25,0.0,2026-08-10,,,,,,,,
SEGG,2026-08-07,2.53,2.55,0.007905138339920903,2026-08-10,,,,,,,,
SEI,2026-08-07,57.96,59.01,0.018115942028985366,2026-08-10,,,,,,,,
SEIC,2026-08-07,104.7,104.9,0.0019102196752627254,2026-08-10,,,,,,,,
SEIE,2026-08-07,37.21,37.21,0.0,2026-08-10,,,,,,,,
SEIM,2026-08-07,55.07,55.07,0.0,2026-08-10,,,,,,,,
SEIQ,2026-08-07,42.48,42.48,0.0,2026-08-10,,,,,,,,
SEIS,2026-08-07,33.33,33.33,0.0,2026-08-10,,,,,,,,
SEIV,2026-08-07,50.61,50.61,0.0,2026-08-10,,,,,,,,
SEIX,2026-08-07,23.26,23.26,0.0,2026-08-10,,,,,,,,
SELF,2026-08-07,5.15,5.15,0.0,2026-08-10,,,,,,,,
SELV,2026-08-07,34.8,34.8,0.0,2026-08-10,,,,,,,,
SEMG,2026-08-07,28.18,28.18,0.0,2026-08-10,,,,,,,,
SEMI,2026-08-07,38.83,38.83,0.0,2026-08-10,,,,,,,,
SEMY,2026-08-07,13.89,13.97,0.005759539236861011,2026-08-10,,,,,,,,
SENEA,2026-08-07,178.82,178.82,0.0,2026-08-10,,,,,,,,
SENS,2026-08-07,7.02,6.9,-0.017094017094017033,2026-08-10,,,,,,,,
SEPI,2026-08-07,28.69,28.69,0.0,2026-08-10,,,,,,,,
SEPM,2026-08-07,33.15,33.15,0.0,2026-08-10,,,,,,,,
SEPN,2026-08-07,38.83,38.01,-0.02111769250579454,2026-08-10,,,,,,,,
SEPP,2026-08-07,33.03,33.03,0.0,2026-08-10,,,,,,,,
SEPT,2026-08-07,38.22,38.22,0.0,2026-08-10,,,,,,,,
SEPU,2026-08-07,32.03,32.03,0.0,2026-08-10,,,,,,,,
SEPW,2026-08-07,33.77,33.77,0.0,2026-08-10,,,,,,,,
SEPZ,2026-08-07,46.75,46.75,0.0,2026-08-10,,,,,,,,
SER,2026-08-07,2.4,2.4,0.0,2026-08-10,,,,,,,,
SERA,2026-08-07,2.07,2.07,0.0,2026-08-10,,,,,,,,
SERV,2026-08-07,5.09,5.11,0.003929273084479545,2026-08-10,,,,,,,,
SES,2026-08-07,0.56,0.57,0.01785714285714257,2026-08-10,,,,,,,,
SETH,2026-08-07,43.68,43.31,-0.00847069597069594,2026-08-10,,,,,,,,
SETM,2026-08-07,32.7,32.84,0.004281345565749328,2026-08-10,,,,,,,,
SEUS,2026-08-07,26.3,26.3,0.0,2026-08-10,,,,,,,,
SEV,2026-08-07,2.23,2.23,0.0,2026-08-10,,,,,,,,
SEVN,2026-08-07,7.69,7.69,0.0,2026-08-10,,,,,,,,
SEZL,2026-08-07,118.02,120.65,0.02228435858329103,2026-08-10,,,,,,,,
SF,2026-08-07,83.09,83.21,0.001444217113972579,2026-08-10,,,,,,,,
SFBC,2026-08-07,46.5,46.5,0.0,2026-08-10,,,,,,,,
SFBS,2026-08-07,88.92,88.92,0.0,2026-08-10,,,,,,,,
SFD,2026-08-07,25.4,25.4,0.0,2026-08-10,,,,,,,,
SFEB,2026-08-07,26.56,26.56,0.0,2026-08-10,,,,,,,,
SFGV,2026-08-07,36.59,36.59,0.0,2026-08-10,,,,,,,,
SFHG,2026-08-07,2.31,2.31,0.0,2026-08-10,,,,,,,,
SFIX,2026-08-07,4.2,4.2,0.0,2026-08-10,,,,,,,,
SFL,2026-08-07,12.07,12.11,0.003314001657000798,2026-08-10,,,,,,,,
SFLO,2026-08-07,38.82,38.82,0.0,2026-08-10,,,,,,,,
SFLR,2026-08-07,39.01,39.01,0.0,2026-08-10,,,,,,,,
SFM,2026-08-07,85.86,85.26,-0.006988120195667302,2026-08-10,,,,,,,,
SFNC,2026-08-07,23.46,23.46,0.0,2026-08-10,,,,,,,,
SFST,2026-08-07,63.33,63.33,0.0,2026-08-10,,,,,,,,
SFTX,2026-08-07,31.17,31.17,0.0,2026-08-10,,,,,,,,
SFTY,2026-08-07,31.96,31.96,0.0,2026-08-10,,,,,,,,
SFWL,2026-08-07,0.89,0.89,0.0,2026-08-10,,,,,,,,
SFY,2026-08-07,153.43,153.43,0.0,2026-08-10,,,,,,,,
SFYF,2026-08-07,62.89,62.89,0.0,2026-08-10,,,,,,,,
SFYI,2026-08-07,24.94,24.94,0.0,2026-08-10,,,,,,,,
SG,2026-08-07,5.4,5.36,-0.007407407407407418,2026-08-10,,,,,,,,
SGA,2026-08-07,10.04,10.04,0.0,2026-08-10,,,,,,,,
SGC,2026-08-07,14.08,14.08,0.0,2026-08-10,,,,,,,,
SGDJ,2026-08-07,91.63,93.49,0.020299028702390087,2026-08-10,,,,,,,,
SGDM,2026-08-07,74.78,74.78,0.0,2026-08-10,,,,,,,,
SGHC,2026-08-07,13.05,13.02,-0.0022988505747126853,2026-08-10,,,,,,,,
SGHT,2026-08-07,7.47,7.47,0.0,2026-08-10,,,,,,,,
SGI,2026-08-07,65.25,65.25,0.0,2026-08-10,,,,,,,,
SGLC,2026-08-07,45.77,45.77,0.0,2026-08-10,,,,,,,,
SGLY,2026-08-07,6.87,6.38,-0.07132459970887917,2026-08-10,,,,,,,,
SGML,2026-08-07,11.38,11.54,0.014059753954305698,2026-08-10,,,,,,,,
SGMT,2026-08-07,9.06,8.97,-0.009933774834437026,2026-08-10,,,,,,,,
SGOL,2026-08-07,41.35,41.29,-0.0014510278113664121,2026-08-10,,,,,,,,
SGOV,2026-08-07,100.48,100.49,9.952229299359239e-05,2026-08-10,,,,,,,,
SGP,2026-08-07,25.31,25.31,0.0,2026-08-10,,,,,,,,
SGRT,2026-08-07,31.36,31.36,0.0,2026-08-10,,,,,,,,
SGRW,2026-08-07,26.47,26.47,0.0,2026-08-10,,,,,,,,
SGRY,2026-08-07,15.53,15.53,0.0,2026-08-10,,,,,,,,
SGU,2026-08-07,12.87,12.87,0.0,2026-08-10,,,,,,,,
SGVA,2026-08-07,100.57,100.57,0.0,2026-08-10,,,,,,,,
SGVT,2026-08-07,100.57,100.57,0.0,2026-08-10,,,,,,,,
SH,2026-08-07,32.07,32.04,-0.00093545369504211,2026-08-10,,,,,,,,
SHAG,2026-08-07,47.26,47.26,0.0,2026-08-10,,,,,,,,
SHAK,2026-08-07,71.13,71.25,0.001687051876845258,2026-08-10,,,,,,,,
SHAZ,2026-08-07,49.79,49.93,0.0028118096003213466,2026-08-10,,,,,,,,
SHBI,2026-08-07,23.84,23.78,-0.00251677852348986,2026-08-10,,,,,,,,
SHC,2026-08-07,18.86,18.75,-0.005832449628844105,2026-08-10,,,,,,,,
SHDG,2026-08-07,33.58,33.58,0.0,2026-08-10,,,,,,,,
SHE,2026-08-07,160.03,160.03,0.0,2026-08-10,,,,,,,,
SHEH,2026-08-07,63.49,63.49,0.0,2026-08-10,,,,,,,,
SHEL,2026-08-07,88.5,88.53,0.0003389830508475633,2026-08-10,,,,,,,,
SHEN,2026-08-07,13.48,13.48,0.0,2026-08-10,,,,,,,,
SHFS,2026-08-07,0.17,0.18,0.0588235294117645,2026-08-10,,,,,,,,
SHG,2026-08-07,75.81,74.98,-0.010948423690805953,2026-08-10,,,,,,,,
SHIM,2026-08-07,4.42,4.42,0.0,2026-08-10,,,,,,,,
SHIP,2026-08-07,16.86,16.86,0.0,2026-08-10,,,,,,,,
SHLD,2026-08-07,69.04,69.21,0.0024623406720740704,2026-08-10,,,,,,,,
SHLS,2026-08-07,8.93,9.12,0.02127659574468077,2026-08-10,,,,,,,,
SHM,2026-08-07,47.75,47.75,0.0,2026-08-10,,,,,,,,
SHMD,2026-08-07,4.72,5.31,0.125,2026-08-10,,,,,,,,
SHNY,2026-08-07,9.66,9.59,-0.007246376811594235,2026-08-10,,,,,,,,
SHO,2026-08-07,11.08,11.08,0.0,2026-08-10,,,,,,,,
SHOC,2026-08-07,108.4,108.4,0.0,2026-08-10,,,,,,,,
SHOE,2026-08-07,15.75,15.75,0.0,2026-08-10,,,,,,,,
SHOO,2026-08-07,48.58,49.55,0.019967064635652454,2026-08-10,,,,,,,,
SHOP,2026-08-07,151.57,150.73,-0.0055419937982450485,2026-08-10,,,,,,,,
SHOT,2026-08-07,9.84,9.84,0.0,2026-08-10,,,,,,,,
SHOTU,2026-08-07,10.01,10.01,0.0,2026-08-10,,,,,,,,
SHPH,2026-08-07,4.36,4.24,-0.02752293577981657,2026-08-10,,,,,,,,
SHPP,2026-08-07,35.07,35.07,0.0,2026-08-10,,,,,,,,
SHPU,2026-08-07,18.39,18.33,-0.0032626427406200476,2026-08-10,,,,,,,,
SHRD,2026-08-07,24.77,24.77,0.0,2026-08-10,,,,,,,,
SHRT,2026-08-07,6.42,6.42,0.0,2026-08-10,,,,,,,,
SHRY,2026-08-07,47.05,47.05,0.0,2026-08-10,,,,,,,,
SHV,2026-08-07,110.15,110.17,0.00018157058556500516,2026-08-10,,,,,,,,
SHW,2026-08-07,369.73,367.55,-0.005896194520325637,2026-08-10,,,,,,,,
SHY,2026-08-07,81.92,81.89,-0.0003662109375,2026-08-10,,,,,,,,
SHYD,2026-08-07,22.73,22.73,0.0,2026-08-10,,,,,,,,
SHYG,2026-08-07,42.15,42.15,0.0,2026-08-10,,,,,,,,
SHYL,2026-08-07,44.1,44.1,0.0,2026-08-10,,,,,,,,
SHYM,2026-08-07,22.14,22.14,0.0,2026-08-10,,,,,,,,
SI,2026-08-07,20.59,20.59,0.0,2026-08-10,,,,,,,,
SIBN,2026-08-07,18.61,18.75,0.007522837184309461,2026-08-10,,,,,,,,
SID,2026-08-07,0.93,0.92,-0.010752688172043001,2026-08-10,,,,,,,,
SIDU,2026-08-07,2.24,2.29,0.02232142857142838,2026-08-10,,,,,,,,
SIEB,2026-08-07,1.67,1.67,0.0,2026-08-10,,,,,,,,
SIF,2026-08-07,28.09,28.09,0.0,2026-08-10,,,,,,,,
SIFI,2026-08-07,43.42,43.42,0.0,2026-08-10,,,,,,,,
SIFY,2026-08-07,15.8,15.8,0.0,2026-08-10,,,,,,,,
SIG,2026-08-07,96.91,96.91,0.0,2026-08-10,,,,,,,,
SIGA,2026-08-07,3.05,3.1,0.016393442622950838,2026-08-10,,,,,,,,
SIGI,2026-08-07,96.23,96.23,0.0,2026-08-10,,,,,,,,
SIHY,2026-08-07,45.4,45.4,0.0,2026-08-10,,,,,,,,
SII,2026-08-07,117.88,118.0,0.001017984390905946,2026-08-10,,,,,,,,
SIJ,2026-08-07,15.51,15.51,0.0,2026-08-10,,,,,,,,
SIL,2026-08-07,88.5,89.18,0.0076836158192090664,2026-08-10,,,,,,,,
SILC,2026-08-07,42.09,42.09,0.0,2026-08-10,,,,,,,,
SILJ,2026-08-07,29.14,29.22,0.0027453671928618917,2026-08-10,,,,,,,,
SILO,2026-08-07,3.73,3.87,0.03753351206434319,2026-08-10,,,,,,,,
SIM,2026-08-07,30.81,30.81,0.0,2026-08-10,,,,,,,,
SIMA,2026-08-07,10.93,10.93,0.0,2026-08-10,,,,,,,,
SIMAU,2026-08-07,10.92,10.92,0.0,2026-08-10,,,,,,,,
SIMO,2026-08-07,256.12,240.0,-0.06293924722786193,2026-08-10,,,,,,,,
SIMS,2026-08-07,46.21,46.21,0.0,2026-08-10,,,,,,,,
SIMX,2026-08-07,13.66,13.66,0.0,2026-08-10,,,,,,,,
SIND,2026-08-07,15.82,15.82,0.0,2026-08-10,,,,,,,,
SINT,2026-08-07,1.66,1.58,-0.04819277108433728,2026-08-10,,,,,,,,
SIO,2026-08-07,25.45,25.45,0.0,2026-08-10,,,,,,,,
SION,2026-08-07,51.04,44.0,-0.13793103448275856,2026-08-10,,,,,,,,
SIOO,2026-08-07,19.91,19.91,0.0,2026-08-10,,,,,,,,
SIRI,2026-08-07,29.91,29.56,-0.011701771982614573,2026-08-10,,,,,,,,
SITC,2026-08-07,3.15,3.17,0.006349206349206327,2026-08-10,,,,,,,,
SITE,2026-08-07,103.86,104.35,0.004717889466589575,2026-08-10,,,,,,,,
SITM,2026-08-07,725.28,738.0,0.017538054268696257,2026-08-10,,,,,,,,
SIVR,2026-08-07,60.46,60.79,0.005458154151505079,2026-08-10,,,,,,,,
SIXA,2026-08-07,57.44,57.44,0.0,2026-08-10,,,,,,,,
SIXD,2026-08-07,31.5,31.5,0.0,2026-08-10,,,,,,,,
SIXF,2026-08-07,35.07,35.07,0.0,2026-08-10,,,,,,,,
SIXH,2026-08-07,43.62,43.63,0.00022925263640538596,2026-08-10,,,,,,,,
SIXJ,2026-08-07,37.25,37.25,0.0,2026-08-10,,,,,,,,
SIXL,2026-08-07,40.05,40.05,0.0,2026-08-10,,,,,,,,
SIXO,2026-08-07,36.29,36.29,0.0,2026-08-10,,,,,,,,
SIXP,2026-08-07,34.31,34.31,0.0,2026-08-10,,,,,,,,
SIXS,2026-08-07,59.16,59.16,0.0,2026-08-10,,,,,,,,
SIXZ,2026-08-07,32.14,32.14,0.0,2026-08-10,,,,,,,,
SIZE,2026-08-07,184.29,184.29,0.0,2026-08-10,,,,,,,,
SJ,2026-08-07,0.9,0.9,0.0,2026-08-10,,,,,,,,
SJB,2026-08-07,15.15,15.15,0.0,2026-08-10,,,,,,,,
SJCP,2026-08-07,25.09,25.09,0.0,2026-08-10,,,,,,,,
SJLD,2026-08-07,25.24,25.24,0.0,2026-08-10,,,,,,,,
SJM,2026-08-07,120.16,120.16,0.0,2026-08-10,,,,,,,,
SJNK,2026-08-07,24.87,24.87,0.0,2026-08-10,,,,,,,,
SJT,2026-08-07,2.53,2.53,0.0,2026-08-10,,,,,,,,
SK,2026-08-07,17.19,16.74,-0.026178010471204383,2026-08-10,,,,,,,,
SKAIU,2026-08-07,,,,2026-08-10,,,,,,,,
SKDD,2026-08-07,15.45,15.89,0.028478964401294604,2026-08-10,,,,,,,,
SKE,2026-08-07,32.54,32.5,-0.0012292562999385304,2026-08-10,,,,,,,,
SKF,2026-08-07,22.67,22.67,0.0,2026-08-10,,,,,,,,
SKHA,2026-08-07,22.05,22.05,0.0,2026-08-10,,,,,,,,
SKHL,2026-08-07,6.65,6.46,-0.02857142857142858,2026-08-10,,,,,,,,
SKHN,2026-08-07,22.61,22.6,-0.0004422821760282636,2026-08-10,,,,,,,,
SKHU,2026-08-07,13.54,13.24,-0.02215657311669117,2026-08-10,,,,,,,,
SKHX,2026-08-07,10.33,10.03,-0.029041626331074655,2026-08-10,,,,,,,,
SKHY,2026-08-07,137.91,136.22,-0.012254368791240644,2026-08-10,,,,,,,,
SKHZ,2026-08-07,13.68,13.84,0.011695906432748648,2026-08-10,,,,,,,,
SKIL,2026-08-07,9.1,9.1,0.0,2026-08-10,,,,,,,,
SKIN,2026-08-07,0.66,0.7,0.06060606060606055,2026-08-10,,,,,,,,
SKK,2026-08-07,4.8,4.8,0.0,2026-08-10,,,,,,,,
SKM,2026-08-07,34.26,33.44,-0.023934617629889132,2026-08-10,,,,,,,,
SKOR,2026-08-07,48.03,48.03,0.0,2026-08-10,,,,,,,,
SKRE,2026-08-07,6.04,6.04,0.0,2026-08-10,,,,,,,,
SKT,2026-08-07,39.31,39.31,0.0,2026-08-10,,,,,,,,
SKUU,2026-08-07,17.15,16.73,-0.024489795918367196,2026-08-10,,,,,,,,
SKWD,2026-08-07,63.67,63.67,0.0,2026-08-10,,,,,,,,
SKY,2026-08-07,94.66,94.66,0.0,2026-08-10,,,,,,,,
SKYA,2026-08-07,1.21,1.22,0.008264462809917328,2026-08-10,,,,,,,,
SKYE,2026-08-07,0.52,0.51,-0.019230769230769273,2026-08-10,,,,,,,,
SKYH,2026-08-07,11.2,11.2,0.0,2026-08-10,,,,,,,,
SKYQ,2026-08-07,3.5,3.65,0.04285714285714293,2026-08-10,,,,,,,,
SKYT,2026-08-07,32.46,32.46,0.0,2026-08-10,,,,,,,,
SKYU,2026-08-07,47.92,47.92,0.0,2026-08-10,,,,,,,,
SKYW,2026-08-07,111.84,111.84,0.0,2026-08-10,,,,,,,,
SKYX,2026-08-07,1.22,1.24,0.016393442622950838,2026-08-10,,,,,,,,
SKYY,2026-08-07,156.17,156.5,0.002113081897931801,2026-08-10,,,,,,,,
SLAB,2026-08-07,219.21,218.11,-0.0050180192509465815,2026-08-10,,,,,,,,
SLB,2026-08-07,50.53,51.0,0.009301405105877736,2026-08-10,,,,,,,,
SLBT,2026-08-07,2.67,2.75,0.029962546816479474,2026-08-10,,,,,,,,
SLDB,2026-08-07,8.39,8.3,-0.010727056019070313,2026-08-10,,,,,,,,
SLDE,2026-08-07,21.13,20.99,-0.006625650733554256,2026-08-10,,,,,,,,
SLDP,2026-08-07,2.33,2.39,0.025751072961373467,2026-08-10,,,,,,,,
SLDR,2026-08-07,49.63,49.63,0.0,2026-08-10,,,,,,,,
SLE,2026-08-07,2.89,2.89,0.0,2026-08-10,,,,,,,,
SLF,2026-08-07,81.91,81.91,0.0,2026-08-10,,,,,,,,
SLG,2026-08-07,56.36,56.47,0.0019517388218595055,2026-08-10,,,,,,,,
SLGB,2026-08-07,0.56,0.53,-0.0535714285714286,2026-08-10,,,,,,,,
SLGL,2026-08-07,88.0,88.0,0.0,2026-08-10,,,,,,,,
SLGN,2026-08-07,41.71,41.43,-0.006713018460800746,2026-08-10,,,,,,,,
SLI,2026-08-07,2.37,2.7,0.139240506329114,2026-08-10,,,,,,,,
SLJY,2026-08-07,29.9,30.0,0.0033444816053511683,2026-08-10,,,,,,,,
SLM,2026-08-07,27.37,27.37,0.0,2026-08-10,,,,,,,,
SLMT,2026-08-07,4.04,4.04,0.0,2026-08-10,,,,,,,,
SLN,2026-08-07,11.95,14.06,0.1765690376569038,2026-08-10,,,,,,,,
SLND,2026-08-07,0.58,0.6,0.034482758620689724,2026-08-10,,,,,,,,
SLNG,2026-08-07,4.69,4.69,0.0,2026-08-10,,,,,,,,
SLNH,2026-08-07,1.17,1.2,0.025641025641025772,2026-08-10,,,,,,,,
SLNZ,2026-08-07,45.65,45.65,0.0,2026-08-10,,,,,,,,
SLON,2026-08-07,17.64,18.99,0.07653061224489788,2026-08-10,,,,,,,,
SLP,2026-08-07,18.32,18.32,0.0,2026-08-10,,,,,,,,
SLQD,2026-08-07,50.11,52.0,0.03771702255038911,2026-08-10,,,,,,,,
SLQT,2026-08-07,0.69,0.69,0.0,2026-08-10,,,,,,,,
SLRC,2026-08-07,13.1,13.1,0.0,2026-08-10,,,,,,,,
SLS,2026-08-07,12.01,12.26,0.020815986677768628,2026-08-10,,,,,,,,
SLSN,2026-08-07,1.07,1.07,0.0,2026-08-10,,,,,,,,
SLSR,2026-08-07,8.02,8.02,0.0,2026-08-10,,,,,,,,
SLTY,2026-08-07,21.38,21.38,0.0,2026-08-10,,,,,,,,
SLV,2026-08-07,57.5,57.81,0.005391304347826198,2026-08-10,,,,,,,,
SLVM,2026-08-07,41.07,41.07,0.0,2026-08-10,,,,,,,,
SLVO,2026-08-07,67.78,68.1,0.004721156683387351,2026-08-10,,,,,,,,
SLVP,2026-08-07,36.16,36.49,0.009126106194690342,2026-08-10,,,,,,,,
SLVR,2026-08-07,57.94,58.3,0.006213324128408582,2026-08-10,,,,,,,,
SLVX,2026-08-07,15.21,15.3,0.00591715976331364,2026-08-10,,,,,,,,
SLVY,2026-08-07,21.64,21.64,0.0,2026-08-10,,,,,,,,
SLWS,2026-08-07,101.17,101.17,0.0,2026-08-10,,,,,,,,
SLX,2026-08-07,110.02,110.02,0.0,2026-08-10,,,,,,,,
SLXN,2026-08-07,1.87,1.87,0.0,2026-08-10,,,,,,,,
SLYG,2026-08-07,118.08,118.08,0.0,2026-08-10,,,,,,,,
SLYV,2026-08-07,111.0,111.0,0.0,2026-08-10,,,,,,,,
SM,2026-08-07,28.88,29.55,0.02319944598337953,2026-08-10,,,,,,,,
SMA,2026-08-07,34.31,34.22,-0.0026231419411251178,2026-08-10,,,,,,,,
SMAX,2026-08-07,28.15,28.15,0.0,2026-08-10,,,,,,,,
SMAY,2026-08-07,28.65,28.65,0.0,2026-08-10,,,,,,,,
SMB,2026-08-07,17.24,17.24,0.0,2026-08-10,,,,,,,,
SMBC,2026-08-07,77.15,77.15,0.0,2026-08-10,,,,,,,,
SMBK,2026-08-07,51.93,51.93,0.0,2026-08-10,,,,,,,,
SMBS,2026-08-07,25.0,25.0,0.0,2026-08-10,,,,,,,,
SMC,2026-08-07,30.35,30.35,0.0,2026-08-10,,,,,,,,
SMCC,2026-08-07,27.18,27.18,0.0,2026-08-10,,,,,,,,
SMCF,2026-08-07,39.92,39.92,0.0,2026-08-10,,,,,,,,
SMCI,2026-08-07,31.13,32.4,0.04079665917121744,2026-08-10,,,,,,,,
SMCL,2026-08-07,12.31,13.29,0.07961007311129142,2026-08-10,,,,,,,,
SMCO,2026-08-07,30.58,30.58,0.0,2026-08-10,,,,,,,,
SMCP,2026-08-07,26.17,26.17,0.0,2026-08-10,,,,,,,,
SMCX,2026-08-07,8.89,9.61,0.08098987626546661,2026-08-10,,,,,,,,
SMCY,2026-08-07,4.72,4.86,0.029661016949152685,2026-08-10,,,,,,,,
SMCZ,2026-08-07,5.66,5.25,-0.07243816254416968,2026-08-10,,,,,,,,
SMDD,2026-08-07,7.32,7.16,-0.021857923497267784,2026-08-10,,,,,,,,
SMDV,2026-08-07,78.78,78.78,0.0,2026-08-10,,,,,,,,
SMDX,2026-08-07,27.45,27.45,0.0,2026-08-10,,,,,,,,
SMFG,2026-08-07,25.74,25.4,-0.013209013209013243,2026-08-10,,,,,,,,
SMG,2026-08-07,62.91,62.91,0.0,2026-08-10,,,,,,,,
SMH,2026-08-07,582.7,586.62,0.00672730392998111,2026-08-10,,,,,,,,
SMHB,2026-08-07,4.07,4.07,0.0,2026-08-10,,,,,,,,
SMHC,2026-08-07,50.37,50.37,0.0,2026-08-10,,,,,,,,
SMHD,2026-08-07,40.21,40.21,0.0,2026-08-10,,,,,,,,
SMHI,2026-08-07,9.52,9.52,0.0,2026-08-10,,,,,,,,
SMHU,2026-08-07,29.97,30.65,0.02268935602268929,2026-08-10,,,,,,,,
SMHX,2026-08-07,59.88,60.99,0.01853707414829664,2026-08-10,,,,,,,,
SMID,2026-08-07,28.66,28.66,0.0,2026-08-10,,,,,,,,
SMIG,2026-08-07,33.4,33.4,0.0,2026-08-10,,,,,,,,
SMIN,2026-08-07,71.89,71.89,0.0,2026-08-10,,,,,,,,
SMIZ,2026-08-07,43.19,43.19,0.0,2026-08-10,,,,,,,,
SMJF,2026-08-07,8.35,8.35,0.0,2026-08-10,,,,,,,,
SMLF,2026-08-07,89.87,89.87,0.0,2026-08-10,,,,,,,,
SMLL,2026-08-07,22.26,22.26,0.0,2026-08-10,,,,,,,,
SMLV,2026-08-07,160.99,160.99,0.0,2026-08-10,,,,,,,,
SMMD,2026-08-07,92.55,92.55,0.0,2026-08-10,,,,,,,,
SMMT,2026-08-07,13.96,14.2,0.017191977077363862,2026-08-10,,,,,,,,
SMMU,2026-08-07,50.28,50.28,0.0,2026-08-10,,,,,,,,
SMMV,2026-08-07,47.42,47.42,0.0,2026-08-10,,,,,,,,
SMN,2026-08-07,18.73,18.73,0.0,2026-08-10,,,,,,,,
SMOG,2026-08-07,140.25,140.25,0.0,2026-08-10,,,,,,,,
SMOM,2026-08-07,28.75,28.75,0.0,2026-08-10,,,,,,,,
SMOT,2026-08-07,40.77,40.77,0.0,2026-08-10,,,,,,,,
SMOX,2026-08-07,30.87,30.87,0.0,2026-08-10,,,,,,,,
SMP,2026-08-07,40.76,40.76,0.0,2026-08-10,,,,,,,,
SMPL,2026-08-07,11.1,11.14,0.003603603603603789,2026-08-10,,,,,,,,
SMR,2026-08-07,9.82,9.84,0.0020366598778003286,2026-08-10,,,,,,,,
SMRF,2026-08-07,25.4,25.4,0.0,2026-08-10,,,,,,,,
SMRI,2026-08-07,45.67,45.67,0.0,2026-08-10,,,,,,,,
SMRT,2026-08-07,1.42,1.42,0.0,2026-08-10,,,,,,,,
SMRX,2026-08-07,27.44,27.44,0.0,2026-08-10,,,,,,,,
SMSI,2026-08-07,2.9,2.9,0.0,2026-08-10,,,,,,,,
SMST,2026-08-07,51.6,50.49,-0.021511627906976694,2026-08-10,,,,,,,,
SMTC,2026-08-07,139.42,141.97,0.01829005881509116,2026-08-10,,,,,,,,
SMTG,2026-08-07,8.27,8.27,0.0,2026-08-10,,,,,,,,
SMTH,2026-08-07,25.44,25.35,-0.003537735849056589,2026-08-10,,,,,,,,
SMTI,2026-08-07,34.1,34.25,0.004398826979472137,2026-08-10,,,,,,,,
SMTK,2026-08-07,0.15,0.15,0.0,2026-08-10,,,,,,,,
SMU,2026-08-07,7.28,7.27,-0.0013736263736264798,2026-08-10,,,,,,,,
SMUP,2026-08-07,5.76,5.76,0.0,2026-08-10,,,,,,,,
SMWB,2026-08-07,7.51,7.51,0.0,2026-08-10,,,,,,,,
SMX,2026-08-07,15.99,16.0,0.0006253908692932519,2026-08-10,,,,,,,,
SMXT,2026-08-07,0.38,0.38,0.0,2026-08-10,,,,,,,,
SMYY,2026-08-07,6.16,6.16,0.0,2026-08-10,,,,,,,,
SMZ,2026-08-07,18.36,18.34,-0.0010893246187363426,2026-08-10,,,,,,,,
SN,2026-08-07,185.52,185.45,-0.00037731780940075677,2026-08-10,,,,,,,,
SNA,2026-08-07,416.35,417.03,0.0016332412633599525,2026-08-10,,,,,,,,
SNAG,2026-08-07,5.4,5.4,0.0,2026-08-10,,,,,,,,
SNAL,2026-08-07,4.75,4.56,-0.040000000000000036,2026-08-10,,,,,,,,
SNAP,2026-08-07,5.33,5.31,-0.0037523452157599557,2026-08-10,,,,,,,,
SNAV,2026-08-07,39.08,39.08,0.0,2026-08-10,,,,,,,,
SND,2026-08-07,4.52,4.52,0.0,2026-08-10,,,,,,,,
SNDA,2026-08-07,40.3,40.3,0.0,2026-08-10,,,,,,,,
SNDC,2026-08-07,4.86,4.97,0.02263374485596703,2026-08-10,,,,,,,,
SNDG,2026-08-07,5.63,5.61,-0.003552397868561208,2026-08-10,,,,,,,,
SNDK,2026-08-07,1212.21,1209.0,-0.002648056029895818,2026-08-10,,,,,,,,
SNDL,2026-08-07,1.23,1.24,0.008130081300812941,2026-08-10,,,,,,,,
SNDQ,2026-08-07,29.82,30.0,0.006036217303822866,2026-08-10,,,,,,,,
SNDR,2026-08-07,35.63,35.63,0.0,2026-08-10,,,,,,,,
SNDU,2026-08-07,14.16,14.1,-0.004237288135593209,2026-08-10,,,,,,,,
SNDX,2026-08-07,20.4,20.32,-0.0039215686274508554,2026-08-10,,,,,,,,
SNES,2026-08-07,1.29,1.25,-0.03100775193798455,2026-08-10,,,,,,,,
SNEX,2026-08-07,65.84,66.5,0.010024301336573505,2026-08-10,,,,,,,,
SNFCA,2026-08-07,9.64,9.64,0.0,2026-08-10,,,,,,,,
SNGX,2026-08-07,0.39,0.39,0.0,2026-08-10,,,,,,,,
SNK,2026-08-07,21.0,20.05,-0.04523809523809519,2026-08-10,,,,,,,,
SNN,2026-08-07,30.11,29.79,-0.010627698439056754,2026-08-10,,,,,,,,
SNOA,2026-08-07,1.44,1.45,0.00694444444444442,2026-08-10,,,,,,,,
SNOU,2026-08-07,67.37,67.62,0.0037108505269407566,2026-08-10,,,,,,,,
SNOV,2026-08-07,27.44,27.44,0.0,2026-08-10,,,,,,,,
SNOW,2026-08-07,330.49,328.0,-0.007534267300069675,2026-08-10,,,,,,,,
SNOY,2026-08-07,11.71,11.79,0.0068317677198974636,2026-08-10,,,,,,,,
SNPD,2026-08-07,31.02,31.02,0.0,2026-08-10,,,,,,,,
SNPE,2026-08-07,71.21,71.21,0.0,2026-08-10,,,,,,,,
SNPG,2026-08-07,60.12,60.93,0.013473053892215647,2026-08-10,,,,,,,,
SNPS,2026-08-07,415.99,415.98,-2.4039039399958995e-05,2026-08-10,,,,,,,,
SNSR,2026-08-07,49.52,49.52,0.0,2026-08-10,,,,,,,,
SNT,2026-08-07,1.85,1.85,0.0,2026-08-10,,,,,,,,
SNTG,2026-08-07,1.93,1.93,0.0,2026-08-10,,,,,,,,
SNTH,2026-08-07,30.6,30.6,0.0,2026-08-10,,,,,,,,
SNTI,2026-08-07,0.35,0.34,-0.02857142857142847,2026-08-10,,,,,,,,
SNTQ,2026-08-07,24.93,24.93,0.0,2026-08-10,,,,,,,,
SNWV,2026-08-07,5.88,5.88,0.0,2026-08-10,,,,,,,,
SNX,2026-08-07,252.42,252.32,-0.00039616512162266027,2026-08-10,,,,,,,,
SNXX,2026-08-07,9.11,9.04,-0.007683863885839748,2026-08-10,,,,,,,,
SNY,2026-08-07,43.46,43.68,0.005062126092959085,2026-08-10,,,,,,,,
SNYR,2026-08-07,0.17,0.16,-0.05882352941176472,2026-08-10,,,,,,,,
SO,2026-08-07,92.69,92.7,0.00010788650339854655,2026-08-10,,,,,,,,
SOAR,2026-08-07,0.14,0.17,0.2142857142857142,2026-08-10,,,,,,,,
SOBO,2026-08-07,35.62,35.62,0.0,2026-08-10,,,,,,,,
SOBR,2026-08-07,0.58,0.58,0.0,2026-08-10,,,,,,,,
SOC,2026-08-07,4.75,4.88,0.027368421052631486,2026-08-10,,,,,,,,
SOCA,2026-08-07,10.31,10.31,0.0,2026-08-10,,,,,,,,
SOCL,2026-08-07,46.92,46.92,0.0,2026-08-10,,,,,,,,
SOEZ,2026-08-07,12.8,12.8,0.0,2026-08-10,,,,,,,,
SOFA,2026-08-07,14.94,14.94,0.0,2026-08-10,,,,,,,,
SOFC,2026-08-07,23.13,23.13,0.0,2026-08-10,,,,,,,,
SOFI,2026-08-07,18.38,18.3,-0.0043525571273121955,2026-08-10,,,,,,,,
SOFR,2026-08-07,100.2,100.54,0.00339321357285427,2026-08-10,,,,,,,,
SOFX,2026-08-07,10.09,9.98,-0.01090188305252715,2026-08-10,,,,,,,,
SOGP,2026-08-07,12.62,12.62,0.0,2026-08-10,,,,,,,,
SOHU,2026-08-07,13.71,13.71,0.0,2026-08-10,,,,,,,,
SOLC,2026-08-07,14.85,14.85,0.0,2026-08-10,,,,,,,,
SOLM,2026-08-07,8.02,8.02,0.0,2026-08-10,,,,,,,,
SOLS,2026-08-07,60.96,61.47,0.008366141732283339,2026-08-10,,,,,,,,
SOLT,2026-08-07,31.9,34.27,0.07429467084639518,2026-08-10,,,,,,,,
SOLV,2026-08-07,82.98,82.98,0.0,2026-08-10,,,,,,,,
SOLZ,2026-08-07,7.39,7.67,0.03788903924221931,2026-08-10,,,,,,,,
SON,2026-08-07,58.02,58.0,-0.00034470872113068207,2026-08-10,,,,,,,,
SONM,2026-08-07,3.78,3.78,0.0,2026-08-10,,,,,,,,
SONO,2026-08-07,15.64,15.64,0.0,2026-08-10,,,,,,,,
SONY,2026-08-07,23.46,23.7,0.010230179028132946,2026-08-10,,,,,,,,
SOPH,2026-08-07,7.71,7.56,-0.01945525291828798,2026-08-10,,,,,,,,
SOR,2026-08-07,46.79,46.79,0.0,2026-08-10,,,,,,,,
SORA,2026-08-07,2.56,2.56,0.0,2026-08-10,,,,,,,,
SORN,2026-08-07,10.06,10.06,0.0,2026-08-10,,,,,,,,
SOS,2026-08-07,0.81,0.81,0.0,2026-08-10,,,,,,,,
SOTK,2026-08-07,5.27,5.27,0.0,2026-08-10,,,,,,,,
SOUL,2026-08-07,10.4,10.4,0.0,2026-08-10,,,,,,,,
SOUN,2026-08-07,8.02,7.9,-0.014962593516209433,2026-08-10,,,,,,,,
SOUX,2026-08-07,16.11,15.69,-0.02607076350093107,2026-08-10,,,,,,,,
SOVF,2026-08-07,32.11,32.11,0.0,2026-08-10,,,,,,,,
SOWG,2026-08-07,2.73,2.65,-0.02930402930402931,2026-08-10,,,,,,,,
SOXL,2026-08-07,140.25,144.32,0.029019607843137285,2026-08-10,,,,,,,,
SOXQ,2026-08-07,97.2,98.07,0.008950617283950413,2026-08-10,,,,,,,,
SOXS,2026-08-07,42.08,40.93,-0.027328897338403046,2026-08-10,,,,,,,,
SOXX,2026-08-07,543.27,548.55,0.009718924291788555,2026-08-10,,,,,,,,
SOXY,2026-08-07,93.55,95.37,0.01945483698556938,2026-08-10,,,,,,,,
SOYB,2026-08-07,25.05,25.05,0.0,2026-08-10,,,,,,,,
SPAB,2026-08-07,25.16,25.2,0.0015898251192367763,2026-08-10,,,,,,,,
SPAI,2026-08-07,4.57,4.6,0.006564551422319376,2026-08-10,,,,,,,,
SPAL,2026-08-07,13.97,14.63,0.04724409448818889,2026-08-10,,,,,,,,
SPAM,2026-08-07,44.48,44.48,0.0,2026-08-10,,,,,,,,
SPAQ,2026-08-07,94.0,94.0,0.0,2026-08-10,,,,,,,,
SPAX,2026-08-07,8.39,8.74,0.04171632896305111,2026-08-10,,,,,,,,
SPB,2026-08-07,90.13,89.44,-0.007655608565405481,2026-08-10,,,,,,,,
SPBC,2026-08-07,49.3,49.3,0.0,2026-08-10,,,,,,,,
SPBO,2026-08-07,28.51,28.51,0.0,2026-08-10,,,,,,,,
SPBU,2026-08-07,31.04,31.04,0.0,2026-08-10,,,,,,,,
SPBW,2026-08-07,29.16,29.16,0.0,2026-08-10,,,,,,,,
SPBX,2026-08-07,29.75,29.75,0.0,2026-08-10,,,,,,,,
SPCB,2026-08-07,11.4,11.4,0.0,2026-08-10,,,,,,,,
SPCE,2026-08-07,3.1,3.09,-0.003225806451612967,2026-08-10,,,,,,,,
SPCF,2026-08-07,13.86,14.45,0.04256854256854248,2026-08-10,,,,,,,,
SPCG,2026-08-07,21.37,20.55,-0.03837154890032757,2026-08-10,,,,,,,,
SPCH,2026-08-07,8.28,8.63,0.04227053140096637,2026-08-10,,,,,,,,
SPCI,2026-08-07,24.59,24.59,0.0,2026-08-10,,,,,,,,
SPCK,2026-08-07,22.02,22.02,0.0,2026-08-10,,,,,,,,
SPCL,2026-08-07,30.36,31.36,0.03293807641633739,2026-08-10,,,,,,,,
SPCM,2026-08-07,14.18,14.87,0.04866008462623417,2026-08-10,,,,,,,,
SPCQ,2026-08-07,15.8,15.26,-0.03417721518987349,2026-08-10,,,,,,,,
SPCT,2026-08-07,28.29,28.29,0.0,2026-08-10,,,,,,,,
SPCU,2026-08-07,11.11,11.52,0.03690369036903696,2026-08-10,,,,,,,,
SPCX,2026-08-07,133.11,135.9,0.02096010818120342,2026-08-10,,,,,,,,
SPD,2026-08-07,43.17,43.17,0.0,2026-08-10,,,,,,,,
SPDF,2026-08-07,28.4,28.4,0.0,2026-08-10,,,,,,,,
SPDG,2026-08-07,47.49,47.49,0.0,2026-08-10,,,,,,,,
SPDN,2026-08-07,8.43,8.42,-0.0011862396204033177,2026-08-10,,,,,,,,
SPDV,2026-08-07,40.8,40.79,-0.0002450980392156854,2026-08-10,,,,,,,,
SPDW,2026-08-07,51.65,51.65,0.0,2026-08-10,,,,,,,,
SPE,2026-08-07,13.51,13.51,0.0,2026-08-10,,,,,,,,
SPEG,2026-08-07,10.33,10.33,0.0,2026-08-10,,,,,,,,
SPEM,2026-08-07,52.42,52.42,0.0,2026-08-10,,,,,,,,
SPEU,2026-08-07,57.33,57.56,0.00401186115471841,2026-08-10,,,,,,,,
SPFF,2026-08-07,9.44,9.31,-0.013771186440677874,2026-08-10,,,,,,,,
SPFI,2026-08-07,44.65,44.58,-0.0015677491601343574,2026-08-10,,,,,,,,
SPG,2026-08-07,222.91,222.9,-4.486115472612795e-05,2026-08-10,,,,,,,,
SPGI,2026-08-07,408.19,408.33,0.0003429775349714781,2026-08-10,,,,,,,,
SPGM,2026-08-07,88.04,88.04,0.0,2026-08-10,,,,,,,,
SPGP,2026-08-07,128.31,127.5,-0.006312836100070163,2026-08-10,,,,,,,,
SPH,2026-08-07,17.71,17.71,0.0,2026-08-10,,,,,,,,
SPHB,2026-08-07,147.9,148.83,0.006288032454361048,2026-08-10,,,,,,,,
SPHD,2026-08-07,52.6,52.98,0.007224334600760329,2026-08-10,,,,,,,,
SPHL,2026-08-07,2.74,2.82,0.029197080291970767,2026-08-10,,,,,,,,
SPHQ,2026-08-07,85.97,86.27,0.003489589391648229,2026-08-10,,,,,,,,
SPHR,2026-08-07,159.54,161.86,0.014541807697129316,2026-08-10,,,,,,,,
SPHY,2026-08-07,23.28,23.29,0.00042955326460480947,2026-08-10,,,,,,,,
SPIB,2026-08-07,33.16,33.16,0.0,2026-08-10,,,,,,,,
SPIN,2026-08-07,33.61,33.61,0.0,2026-08-10,,,,,,,,
SPIP,2026-08-07,25.09,25.09,0.0,2026-08-10,,,,,,,,
SPIR,2026-08-07,14.33,14.44,0.007676203768318235,2026-08-10,,,,,,,,
SPIT,2026-08-07,34.18,34.18,0.0,2026-08-10,,,,,,,,
SPKL,2026-08-07,11.68,11.68,0.0,2026-08-10,,,,,,,,
SPLB,2026-08-07,21.53,21.53,0.0,2026-08-10,,,,,,,,
SPLS,2026-08-07,55.97,55.97,0.0,2026-08-10,,,,,,,,
SPLV,2026-08-07,76.21,76.47,0.003411625770896265,2026-08-10,,,,,,,,
SPMB,2026-08-07,22.03,22.1,0.003177485247390033,2026-08-10,,,,,,,,
SPMC,2026-08-07,10.69,10.69,0.0,2026-08-10,,,,,,,,
SPMD,2026-08-07,68.17,68.27,0.001466920932961635,2026-08-10,,,,,,,,
SPMO,2026-08-07,149.69,150.0,0.002070946623020875,2026-08-10,,,,,,,,
SPNT,2026-08-07,23.03,23.03,0.0,2026-08-10,,,,,,,,
SPOG,2026-08-07,6.91,6.91,0.0,2026-08-10,,,,,,,,
SPOK,2026-08-07,11.52,11.52,0.0,2026-08-10,,,,,,,,
SPOT,2026-08-07,488.14,488.27,0.00026631704019330904,2026-08-10,,,,,,,,
SPPL,2026-08-07,2.54,2.31,-0.09055118110236215,2026-08-10,,,,,,,,
SPPP,2026-08-07,14.24,14.14,-0.0070224719101122934,2026-08-10,,,,,,,,
SPRB,2026-08-07,46.87,46.87,0.0,2026-08-10,,,,,,,,
SPRC,2026-08-07,6.93,6.65,-0.04040404040404033,2026-08-10,,,,,,,,
SPRE,2026-08-07,21.49,21.66,0.007910656119125337,2026-08-10,,,,,,,,
SPRO,2026-08-07,1.26,1.24,-0.015873015873015928,2026-08-10,,,,,,,,
SPRU,2026-08-07,2.17,2.17,0.0,2026-08-10,,,,,,,,
SPRX,2026-08-07,48.82,49.34,0.010651372388365443,2026-08-10,,,,,,,,
SPRY,2026-08-07,6.16,6.16,0.0,2026-08-10,,,,,,,,
SPSB,2026-08-07,29.91,29.65,-0.008692744901370841,2026-08-10,,,,,,,,
SPSC,2026-08-07,73.38,73.38,0.0,2026-08-10,,,,,,,,
SPSK,2026-08-07,17.92,17.93,0.0005580357142855874,2026-08-10,,,,,,,,
SPSM,2026-08-07,57.91,58.0,0.0015541357278536783,2026-08-10,,,,,,,,
SPT,2026-08-07,10.34,10.38,0.003868471953578423,2026-08-10,,,,,,,,
SPTB,2026-08-07,29.66,29.66,0.0,2026-08-10,,,,,,,,
SPTE,2026-08-07,47.74,47.95,0.004398826979472137,2026-08-10,,,,,,,,
SPTI,2026-08-07,28.12,28.48,0.012802275960170695,2026-08-10,,,,,,,,
SPTL,2026-08-07,25.25,25.21,-0.0015841584158415856,2026-08-10,,,,,,,,
SPTM,2026-08-07,93.89,93.89,0.0,2026-08-10,,,,,,,,
SPTS,2026-08-07,28.92,28.92,0.0,2026-08-10,,,,,,,,
SPTU,2026-08-07,25.03,25.03,0.0,2026-08-10,,,,,,,,
SPTX,2026-08-07,23.62,23.62,0.0,2026-08-10,,,,,,,,
SPUC,2026-08-07,50.44,51.0,0.011102299762093537,2026-08-10,,,,,,,,
SPUS,2026-08-07,59.16,59.27,0.0018593644354294447,2026-08-10,,,,,,,,
SPUT,2026-08-07,28.79,28.79,0.0,2026-08-10,,,,,,,,
SPUU,2026-08-07,229.05,229.05,0.0,2026-08-10,,,,,,,,
SPVM,2026-08-07,77.35,77.35,0.0,2026-08-10,,,,,,,,
SPWH,2026-08-07,1.18,1.23,0.04237288135593231,2026-08-10,,,,,,,,
SPWO,2026-08-07,33.19,33.19,0.0,2026-08-10,,,,,,,,
SPWR,2026-08-07,0.27,0.28,0.03703703703703698,2026-08-10,,,,,,,,
SPXC,2026-08-07,215.68,215.68,0.0,2026-08-10,,,,,,,,
SPXD,2026-08-07,29.64,29.64,0.0,2026-08-10,,,,,,,,
SPXE,2026-08-07,83.39,83.39,0.0,2026-08-10,,,,,,,,
SPXL,2026-08-07,296.33,296.98,0.002193500489319433,2026-08-10,,,,,,,,
SPXN,2026-08-07,84.71,84.71,0.0,2026-08-10,,,,,,,,
SPXS,2026-08-07,23.96,23.91,-0.002086811352253748,2026-08-10,,,,,,,,
SPXT,2026-08-07,111.96,111.96,0.0,2026-08-10,,,,,,,,
SPXU,2026-08-07,33.58,33.53,-0.0014889815366289083,2026-08-10,,,,,,,,
SPXV,2026-08-07,84.91,84.91,0.0,2026-08-10,,,,,,,,
SPXX,2026-08-07,19.15,19.15,0.0,2026-08-10,,,,,,,,
SPY,2026-08-07,773.26,773.58,0.0004138323461708726,2026-08-10,,,,,,,,
SPYA,2026-08-07,31.04,31.04,0.0,2026-08-10,,,,,,,,
SPYC,2026-08-07,47.7,47.7,0.0,2026-08-10,,,,,,,,
SPYD,2026-08-07,49.9,49.94,0.0008016032064128709,2026-08-10,,,,,,,,
SPYG,2026-08-07,123.02,123.54,0.004226954966672247,2026-08-10,,,,,,,,
SPYH,2026-08-07,56.85,56.85,0.0,2026-08-10,,,,,,,,
SPYI,2026-08-07,54.18,54.2,0.00036913990402376307,2026-08-10,,,,,,,,
SPYM,2026-08-07,91.01,91.07,0.0006592682122841254,2026-08-10,,,,,,,,
SPYQ,2026-08-07,198.38,198.38,0.0,2026-08-10,,,,,,,,
SPYT,2026-08-07,17.54,17.6,0.003420752565564511,2026-08-10,,,,,,,,
SPYU,2026-08-07,36.77,36.85,0.0021756867011148984,2026-08-10,,,,,,,,
SPYV,2026-08-07,63.14,62.83,-0.0049097244219196146,2026-08-10,,,,,,,,
SPYX,2026-08-07,63.55,63.55,0.0,2026-08-10,,,,,,,,
SQFT,2026-08-07,2.39,2.08,-0.12970711297071136,2026-08-10,,,,,,,,
SQLT,2026-08-07,29.48,29.48,0.0,2026-08-10,,,,,,,,
SQLV,2026-08-07,54.89,54.89,0.0,2026-08-10,,,,,,,,
SQM,2026-08-07,71.95,73.23,0.01779013203613622,2026-08-10,,,,,,,,
SQMX,2026-08-07,34.67,34.67,0.0,2026-08-10,,,,,,,,
SQNS,2026-08-07,2.76,2.76,0.0,2026-08-10,,,,,,,,
SQQQ,2026-08-07,37.4,37.16,-0.0064171122994652885,2026-08-10,,,,,,,,
SQS,2026-08-07,28.67,28.67,0.0,2026-08-10,,,,,,,,
SR,2026-08-07,81.97,83.6,0.01988532389898734,2026-08-10,,,,,,,,
SRAD,2026-08-07,13.02,13.02,0.0,2026-08-10,,,,,,,,
SRBK,2026-08-07,20.0,20.0,0.0,2026-08-10,,,,,,,,
SRCE,2026-08-07,88.01,88.01,0.0,2026-08-10,,,,,,,,
SRE,2026-08-07,83.88,84.14,0.0030996661897950695,2026-08-10,,,,,,,,
SRET,2026-08-07,22.45,22.45,0.0,2026-08-10,,,,,,,,
SRFM,2026-08-07,0.86,0.9,0.04651162790697683,2026-08-10,,,,,,,,
SRG,2026-08-07,2.42,2.42,0.0,2026-08-10,,,,,,,,
SRHQ,2026-08-07,49.8,49.8,0.0,2026-08-10,,,,,,,,
SRHR,2026-08-07,59.71,59.71,0.0,2026-08-10,,,,,,,,
SRI,2026-08-07,7.46,7.31,-0.020107238605898137,2026-08-10,,,,,,,,
SRL,2026-08-07,5.72,5.72,0.0,2026-08-10,,,,,,,,
SRLN,2026-08-07,40.44,40.44,0.0,2026-08-10,,,,,,,,
SROI,2026-08-07,38.39,38.39,0.0,2026-08-10,,,,,,,,
SRPT,2026-08-07,16.78,16.83,0.0029797377830749205,2026-08-10,,,,,,,,
SRRK,2026-08-07,52.92,52.92,0.0,2026-08-10,,,,,,,,
SRS,2026-08-07,38.77,38.77,0.0,2026-08-10,,,,,,,,
SRTA,2026-08-07,5.79,5.96,0.029360967184801412,2026-08-10,,,,,,,,
SRTS,2026-08-07,3.07,3.07,0.0,2026-08-10,,,,,,,,
SRTY,2026-08-07,21.2,21.39,0.008962264150943478,2026-08-10,,,,,,,,
SRV,2026-08-07,46.37,46.37,0.0,2026-08-10,,,,,,,,
SRVR,2026-08-07,31.79,31.79,0.0,2026-08-10,,,,,,,,
SRXH,2026-08-07,1.59,1.63,0.025157232704402288,2026-08-10,,,,,,,,
SRZN,2026-08-07,25.62,25.7,0.0031225604996096834,2026-08-10,,,,,,,,
SSAC,2026-08-07,10.04,10.04,0.0,2026-08-10,,,,,,,,
SSB,2026-08-07,108.12,108.12,0.0,2026-08-10,,,,,,,,
SSBI,2026-08-07,13.42,13.42,0.0,2026-08-10,,,,,,,,
SSCP,2026-08-07,26.64,26.64,0.0,2026-08-10,,,,,,,,
SSD,2026-08-07,198.29,199.87,0.007968127490039834,2026-08-10,,,,,,,,
SSEA,2026-08-07,10.31,10.31,0.0,2026-08-10,,,,,,,,
SSFI,2026-08-07,21.09,21.09,0.0,2026-08-10,,,,,,,,
SSG,2026-08-07,11.48,11.41,-0.0060975609756097615,2026-08-10,,,,,,,,
SSII,2026-08-07,3.77,3.95,0.04774535809018565,2026-08-10,,,,,,,,
SSK,2026-08-07,9.97,10.39,0.04212637913741224,2026-08-10,,,,,,,,
SSL,2026-08-07,11.07,11.07,0.0,2026-08-10,,,,,,,,
SSM,2026-08-07,3.59,2.93,-0.18384401114206117,2026-08-10,,,,,,,,
SSMG,2026-08-07,27.39,27.39,0.0,2026-08-10,,,,,,,,
SSMR,2026-08-07,16.07,16.07,0.0,2026-08-10,,,,,,,,
SSNC,2026-08-07,79.23,79.23,0.0,2026-08-10,,,,,,,,
SSO,2026-08-07,71.68,71.82,0.001953124999999778,2026-08-10,,,,,,,,
SSP,2026-08-07,3.32,3.31,-0.0030120481927710108,2026-08-10,,,,,,,,
SSPC,2026-08-07,12.81,12.2,-0.04761904761904767,2026-08-10,,,,,,,,
SSPY,2026-08-07,100.41,100.41,0.0,2026-08-10,,,,,,,,
SSRM,2026-08-07,31.78,31.93,0.004719949653870348,2026-08-10,,,,,,,,
SSS,2026-08-07,20.69,20.69,0.0,2026-08-10,,,,,,,,
SST,2026-08-07,1.67,1.73,0.03592814371257491,2026-08-10,,,,,,,,
SSTI,2026-08-07,7.92,7.92,0.0,2026-08-10,,,,,,,,
SSTK,2026-08-07,5.96,5.93,-0.005033557046979942,2026-08-10,,,,,,,,
SSUS,2026-08-07,56.49,56.49,0.0,2026-08-10,,,,,,,,
SSXU,2026-08-07,36.52,36.52,0.0,2026-08-10,,,,,,,,
SSYS,2026-08-07,8.91,9.0,0.010101010101010166,2026-08-10,,,,,,,,
ST,2026-08-07,46.67,46.67,0.0,2026-08-10,,,,,,,,
STAA,2026-08-07,24.21,24.89,0.028087567121024337,2026-08-10,,,,,,,,
STAG,2026-08-07,37.3,37.49,0.005093833780160928,2026-08-10,,,,,,,,
STAK,2026-08-07,1.7,1.68,-0.0117647058823529,2026-08-10,,,,,,,,
STAX,2026-08-07,25.35,25.35,0.0,2026-08-10,,,,,,,,
STBA,2026-08-07,50.87,50.87,0.0,2026-08-10,,,,,,,,
STBF,2026-08-07,25.23,25.23,0.0,2026-08-10,,,,,,,,
STBQ,2026-08-07,20.71,20.71,0.0,2026-08-10,,,,,,,,
STC,2026-08-07,68.19,68.19,0.0,2026-08-10,,,,,,,,
STCE,2026-08-07,62.53,64.49,0.03134495442187735,2026-08-10,,,,,,,,
STDN,2026-08-07,8.44,8.69,0.029620853080568832,2026-08-10,,,,,,,,
STE,2026-08-07,237.47,237.51,0.00016844232955737226,2026-08-10,,,,,,,,
STEM,2026-08-07,5.88,5.85,-0.005102040816326592,2026-08-10,,,,,,,,
STEN,2026-08-07,28.32,28.32,0.0,2026-08-10,,,,,,,,
STEP,2026-08-07,46.41,46.41,0.0,2026-08-10,,,,,,,,
STEW,2026-08-07,18.76,18.76,0.0,2026-08-10,,,,,,,,
STEX,2026-08-07,0.8,0.79,-0.012499999999999956,2026-08-10,,,,,,,,
STFS,2026-08-07,3.51,3.76,0.07122507122507127,2026-08-10,,,,,,,,
STG,2026-08-07,3.4,3.4,0.0,2026-08-10,,,,,,,,
STGW,2026-08-07,9.17,9.01,-0.017448200654307522,2026-08-10,,,,,,,,
STHH,2026-08-07,11.3,11.86,0.04955752212389375,2026-08-10,,,,,,,,
STHO,2026-08-07,9.64,9.64,0.0,2026-08-10,,,,,,,,
STI,2026-08-07,7.21,8.15,0.13037447988904316,2026-08-10,,,,,,,,
STIM,2026-08-07,2.38,2.37,-0.004201680672268782,2026-08-10,,,,,,,,
STIP,2026-08-07,100.69,100.69,0.0,2026-08-10,,,,,,,,
STK,2026-08-07,52.42,53.0,0.011064479206409628,2026-08-10,,,,,,,,
STKE,2026-08-07,1.06,1.09,0.028301886792452935,2026-08-10,,,,,,,,
STKH,2026-08-07,1.88,4.61,1.4521276595744683,2026-08-10,,,,,,,,
STKS,2026-08-07,1.68,1.68,0.0,2026-08-10,,,,,,,,
STLA,2026-08-07,5.52,5.54,0.0036231884057971175,2026-08-10,,,,,,,,
STLD,2026-08-07,262.45,262.45,0.0,2026-08-10,,,,,,,,
STLN,2026-08-07,6.41,6.84,0.06708268330733236,2026-08-10,,,,,,,,
STLR,2026-08-07,19.06,19.06,0.0,2026-08-10,,,,,,,,
STLU,2026-08-07,14.08,14.08,0.0,2026-08-10,,,,,,,,
STM,2026-08-07,56.1,56.84,0.013190730837789655,2026-08-10,,,,,,,,
STN,2026-08-07,73.51,73.51,0.0,2026-08-10,,,,,,,,
STNC,2026-08-07,37.11,37.11,0.0,2026-08-10,,,,,,,,
STNE,2026-08-07,10.6,10.71,0.010377358490566202,2026-08-10,,,,,,,,
STNG,2026-08-07,76.08,76.08,0.0,2026-08-10,,,,,,,,
STOK,2026-08-07,32.71,32.71,0.0,2026-08-10,,,,,,,,
STOT,2026-08-07,46.81,46.81,0.0,2026-08-10,,,,,,,,
STOX,2026-08-07,32.28,32.28,0.0,2026-08-10,,,,,,,,
STPZ,2026-08-07,52.59,52.59,0.0,2026-08-10,,,,,,,,
STRA,2026-08-07,84.88,85.25,0.00435909519321398,2026-08-10,,,,,,,,
STRC,2026-08-07,95.01,95.35,0.003578570676770809,2026-08-10,,,,,,,,
STRL,2026-08-07,547.06,550.17,0.005684934010894649,2026-08-10,,,,,,,,
STRN,2026-08-07,26.42,26.42,0.0,2026-08-10,,,,,,,,
STRO,2026-08-07,25.38,25.38,0.0,2026-08-10,,,,,,,,
STRR,2026-08-07,11.3,11.3,0.0,2026-08-10,,,,,,,,
STRS,2026-08-07,19.32,19.32,0.0,2026-08-10,,,,,,,,
STRT,2026-08-07,86.39,86.39,0.0,2026-08-10,,,,,,,,
STRW,2026-08-07,14.17,14.17,0.0,2026-08-10,,,,,,,,
STRZ,2026-08-07,26.22,26.22,0.0,2026-08-10,,,,,,,,
STSM,2026-08-07,18.01,18.01,0.0,2026-08-10,,,,,,,,
STT,2026-08-07,184.68,184.5,-0.0009746588693957392,2026-08-10,,,,,,,,
STTK,2026-08-07,7.27,7.38,0.015130674002751032,2026-08-10,,,,,,,,
STUB,2026-08-07,8.95,8.99,0.004469273743016755,2026-08-10,,,,,,,,
STVN,2026-08-07,20.27,20.27,0.0,2026-08-10,,,,,,,,
STWD,2026-08-07,16.45,16.44,-0.0006079027355622157,2026-08-10,,,,,,,,
STX,2026-08-07,812.76,810.45,-0.002842167429499387,2026-08-10,,,,,,,,
STXD,2026-08-07,41.11,41.11,0.0,2026-08-10,,,,,,,,
STXE,2026-08-07,48.03,48.03,0.0,2026-08-10,,,,,,,,
STXF,2026-08-07,49.9,49.9,0.0,2026-08-10,,,,,,,,
STXG,2026-08-07,56.99,56.99,0.0,2026-08-10,,,,,,,,
STXK,2026-08-07,39.2,39.2,0.0,2026-08-10,,,,,,,,
STXL,2026-08-07,30.73,30.24,-0.015945330296127658,2026-08-10,,,,,,,,
STXS,2026-08-07,1.42,1.43,0.007042253521126751,2026-08-10,,,,,,,,
STXT,2026-08-07,19.53,19.53,0.0,2026-08-10,,,,,,,,
STXU,2026-08-07,11.69,11.69,0.0,2026-08-10,,,,,,,,
STXV,2026-08-07,39.2,39.2,0.0,2026-08-10,,,,,,,,
STXX,2026-08-07,38.5,38.81,0.008051948051948088,2026-08-10,,,,,,,,
STYL,2026-08-07,27.54,27.54,0.0,2026-08-10,,,,,,,,
STZ,2026-08-07,135.76,135.75,-7.365939893921869e-05,2026-08-10,,,,,,,,
SU,2026-08-07,60.1,61.37,0.0211314475873543,2026-08-10,,,,,,,,
SUB,2026-08-07,106.26,106.0,-0.0024468285337850837,2026-08-10,,,,,,,,
SUGP,2026-08-07,2.08,2.09,0.004807692307692291,2026-08-10,,,,,,,,
SUI,2026-08-07,120.44,120.44,0.0,2026-08-10,,,,,,,,
SUIG,2026-08-07,0.85,0.85,0.0,2026-08-10,,,,,,,,
SUIL,2026-08-07,5.41,5.41,0.0,2026-08-10,,,,,,,,
SUIS,2026-08-07,17.48,17.48,0.0,2026-08-10,,,,,,,,
SUJA,2026-08-07,6.26,6.35,0.01437699680511173,2026-08-10,,,,,,,,
SUMA,2026-08-07,9.9,9.9,0.0,2026-08-10,,,,,,,,
SUN,2026-08-07,70.57,71.13,0.007935383307354327,2026-08-10,,,,,,,,
SUNB,2026-08-07,81.08,80.88,-0.0024666995559941007,2026-08-10,,,,,,,,
SUNC,2026-08-07,70.61,70.61,0.0,2026-08-10,,,,,,,,
SUNE,2026-08-07,2.62,2.59,-0.011450381679389388,2026-08-10,,,,,,,,
SUNS,2026-08-07,7.8,7.8,0.0,2026-08-10,,,,,,,,
SUPL,2026-08-07,47.0,47.0,0.0,2026-08-10,,,,,,,,
SUPN,2026-08-07,47.64,48.42,0.016372795969773257,2026-08-10,,,,,,,,
SUPP,2026-08-07,83.48,83.48,0.0,2026-08-10,,,,,,,,
SUPV,2026-08-07,8.6,8.6,0.0,2026-08-10,,,,,,,,
SUPX,2026-08-07,6.65,6.5,-0.022556390977443663,2026-08-10,,,,,,,,
SURE,2026-08-07,151.54,151.54,0.0,2026-08-10,,,,,,,,
SURG,2026-08-07,0.29,0.27,-0.06896551724137923,2026-08-10,,,,,,,,
SURI,2026-08-07,18.36,18.36,0.0,2026-08-10,,,,,,,,
SUSA,2026-08-07,158.79,158.79,0.0,2026-08-10,,,,,,,,
SUSB,2026-08-07,24.86,24.86,0.0,2026-08-10,,,,,,,,
SUSC,2026-08-07,22.73,22.73,0.0,2026-08-10,,,,,,,,
SUSL,2026-08-07,137.93,137.93,0.0,2026-08-10,,,,,,,,
SUZ,2026-08-07,8.22,8.22,0.0,2026-08-10,,,,,,,,
SVAL,2026-08-07,44.0,44.0,0.0,2026-08-10,,,,,,,,
SVAQ,2026-08-07,10.02,10.02,0.0,2026-08-10,,,,,,,,
SVC,2026-08-07,8.23,8.48,0.03037667071688932,2026-08-10,,,,,,,,
SVCC,2026-08-07,10.62,10.62,0.0,2026-08-10,,,,,,,,
SVCO,2026-08-07,7.65,7.79,0.018300653594771177,2026-08-10,,,,,,,,
SVIV,2026-08-07,10.2,10.2,0.0,2026-08-10,,,,,,,,
SVIX,2026-08-07,25.25,25.36,0.00435643564356436,2026-08-10,,,,,,,,
SVM,2026-08-07,11.45,11.6,0.013100436681222849,2026-08-10,,,,,,,,
SVOL,2026-08-07,16.0,16.0,0.0,2026-08-10,,,,,,,,
SVRA,2026-08-07,5.83,6.0,0.029159519725557415,2026-08-10,,,,,,,,
SVRE,2026-08-07,3.7,3.67,-0.008108108108108136,2026-08-10,,,,,,,,
SVRN,2026-08-07,6.25,6.25,0.0,2026-08-10,,,,,,,,
SVV,2026-08-07,12.22,12.3,0.00654664484451728,2026-08-10,,,,,,,,
SVXY,2026-08-07,59.36,59.52,0.0026954177897575704,2026-08-10,,,,,,,,
SW,2026-08-07,48.28,48.28,0.0,2026-08-10,,,,,,,,
SWAG,2026-08-07,1.96,1.96,0.0,2026-08-10,,,,,,,,
SWAN,2026-08-07,33.7,33.7,0.0,2026-08-10,,,,,,,,
SWBI,2026-08-07,14.25,14.28,0.00210526315789461,2026-08-10,,,,,,,,
SWIM,2026-08-07,7.48,7.48,0.0,2026-08-10,,,,,,,,
SWK,2026-08-07,103.89,103.3,-0.005679083646164207,2026-08-10,,,,,,,,
SWKS,2026-08-07,70.62,70.88,0.00368167657887275,2026-08-10,,,,,,,,
SWMR,2026-08-07,36.6,37.4,0.021857923497267784,2026-08-10,,,,,,,,
SWP,2026-08-07,29.26,29.26,0.0,2026-08-10,,,,,,,,
SWVL,2026-08-07,1.37,1.44,0.05109489051094873,2026-08-10,,,,,,,,
SWX,2026-08-07,92.09,91.72,-0.004017808665435996,2026-08-10,,,,,,,,
SWZ,2026-08-07,5.97,5.97,0.0,2026-08-10,,,,,,,,
SXC,2026-08-07,9.39,9.18,-0.022364217252396235,2026-08-10,,,,,,,,
SXI,2026-08-07,340.12,340.12,0.0,2026-08-10,,,,,,,,
SXQG,2026-08-07,33.44,33.44,0.0,2026-08-10,,,,,,,,
SXT,2026-08-07,129.87,130.86,0.007623007623007716,2026-08-10,,,,,,,,
SXTC,2026-08-07,0.05,3.64,71.8,2026-08-10,,,,,,,,
SXTP,2026-08-07,1.12,1.12,0.0,2026-08-10,,,,,,,,
SY,2026-08-07,2.18,2.19,0.004587155963302614,2026-08-10,,,,,,,,
SYBT,2026-08-07,83.58,83.58,0.0,2026-08-10,,,,,,,,
SYF,2026-08-07,78.59,78.59,0.0,2026-08-10,,,,,,,,
SYFI,2026-08-07,35.66,35.66,0.0,2026-08-10,,,,,,,,
SYK,2026-08-07,339.03,339.52,0.001445299825974189,2026-08-10,,,,,,,,
SYLD,2026-08-07,84.82,84.82,0.0,2026-08-10,,,,,,,,
SYM,2026-08-07,40.18,40.63,0.011199601791936464,2026-08-10,,,,,,,,
SYNA,2026-08-07,106.19,106.79,0.005650249552688669,2026-08-10,,,,,,,,
SYNX,2026-08-07,1.02,1.02,0.0,2026-08-10,,,,,,,,
SYPR,2026-08-07,2.03,2.03,0.0,2026-08-10,,,,,,,,
SYRE,2026-08-07,104.91,103.95,-0.009150700600514705,2026-08-10,,,,,,,,
SYSB,2026-08-07,87.36,87.36,0.0,2026-08-10,,,,,,,,
SYY,2026-08-07,84.29,84.29,0.0,2026-08-10,,,,,,,,
SYZ,2026-08-07,31.06,31.06,0.0,2026-08-10,,,,,,,,
SZK,2026-08-07,21.01,21.01,0.0,2026-08-10,,,,,,,,
SZZL,2026-08-07,10.39,10.39,0.0,2026-08-10,,,,,,,,
T,2026-08-07,23.79,23.78,-0.00042034468263962843,2026-08-10,,,,,,,,
TABD,2026-08-07,24.7,24.7,0.0,2026-08-10,,,,,,,,
TAC,2026-08-07,12.43,12.43,0.0,2026-08-10,,,,,,,,
TACH,2026-08-07,10.45,10.45,0.0,2026-08-10,,,,,,,,
TACK,2026-08-07,32.29,32.29,0.0,2026-08-10,,,,,,,,
TACN,2026-08-07,29.58,29.58,0.0,2026-08-10,,,,,,,,
TACO,2026-08-07,10.44,10.44,0.0,2026-08-10,,,,,,,,
TACT,2026-08-07,5.7,5.7,0.0,2026-08-10,,,,,,,,
TACU,2026-08-07,28.31,28.31,0.0,2026-08-10,,,,,,,,
TAFI,2026-08-07,25.08,25.08,0.0,2026-08-10,,,,,,,,
TAFL,2026-08-07,24.83,24.83,0.0,2026-08-10,,,,,,,,
TAFM,2026-08-07,25.26,25.26,0.0,2026-08-10,,,,,,,,
TAGG,2026-08-07,41.97,41.97,0.0,2026-08-10,,,,,,,,
TAGS,2026-08-07,25.4,25.4,0.0,2026-08-10,,,,,,,,
TAIL,2026-08-07,10.36,10.59,0.022200772200772212,2026-08-10,,,,,,,,
TAJX,2026-08-07,26.79,26.79,0.0,2026-08-10,,,,,,,,
TAK,2026-08-07,17.45,17.76,0.017765042979942747,2026-08-10,,,,,,,,
TAL,2026-08-07,12.38,12.38,0.0,2026-08-10,,,,,,,,
TALK,2026-08-07,5.22,5.22,0.0,2026-08-10,,,,,,,,
TALO,2026-08-07,14.38,14.38,0.0,2026-08-10,,,,,,,,
TALV,2026-08-07,29.45,29.45,0.0,2026-08-10,,,,,,,,
TAN,2026-08-07,52.75,52.7,-0.0009478672985780978,2026-08-10,,,,,,,,
TANH,2026-08-07,0.42,0.44,0.04761904761904767,2026-08-10,,,,,,,,
TAOP,2026-08-07,0.72,0.66,-0.08333333333333326,2026-08-10,,,,,,,,
TAOX,2026-08-07,3.37,3.4,0.008902077151335286,2026-08-10,,,,,,,,
TAOZ,2026-08-07,92.19,92.19,0.0,2026-08-10,,,,,,,,
TAP,2026-08-07,43.37,43.37,0.0,2026-08-10,,,,,,,,
TAPR,2026-08-07,26.68,26.68,0.0,2026-08-10,,,,,,,,
TARA,2026-08-07,4.12,4.1,-0.004854368932038944,2026-08-10,,,,,,,,
TARK,2026-08-07,45.28,45.28,0.0,2026-08-10,,,,,,,,
TARS,2026-08-07,64.79,64.77,-0.0003086896125946703,2026-08-10,,,,,,,,
TASK,2026-08-07,7.3,7.35,0.006849315068493178,2026-08-10,,,,,,,,
TATT,2026-08-07,39.64,39.38,-0.006559031281533789,2026-08-10,,,,,,,,
TAVI,2026-08-07,10.68,10.68,0.0,2026-08-10,,,,,,,,
TAX,2026-08-07,32.04,32.04,0.0,2026-08-10,,,,,,,,
TAXE,2026-08-07,50.62,50.62,0.0,2026-08-10,,,,,,,,
TAXF,2026-08-07,50.02,52.42,0.04798080767692925,2026-08-10,,,,,,,,
TAXI,2026-08-07,50.76,50.76,0.0,2026-08-10,,,,,,,,
TAXM,2026-08-07,49.71,49.71,0.0,2026-08-10,,,,,,,,
TAXS,2026-08-07,50.21,50.21,0.0,2026-08-10,,,,,,,,
TAXT,2026-08-07,50.96,50.96,0.0,2026-08-10,,,,,,,,
TAXX,2026-08-07,50.48,50.48,0.0,2026-08-10,,,,,,,,
TAYD,2026-08-07,54.24,54.24,0.0,2026-08-10,,,,,,,,
TBBB,2026-08-07,40.8,40.74,-0.0014705882352940014,2026-08-10,,,,,,,,
TBBK,2026-08-07,69.64,69.35,-0.004164273406088492,2026-08-10,,,,,,,,
TBCH,2026-08-07,13.95,14.0,0.0035842293906811484,2026-08-10,,,,,,,,
TBF,2026-08-07,25.24,25.4,0.006339144215530945,2026-08-10,,,,,,,,
TBFC,2026-08-07,29.52,29.52,0.0,2026-08-10,,,,,,,,
TBFG,2026-08-07,33.1,33.1,0.0,2026-08-10,,,,,,,,
TBG,2026-08-07,38.53,38.53,0.0,2026-08-10,,,,,,,,
TBI,2026-08-07,10.2,9.93,-0.026470588235294024,2026-08-10,,,,,,,,
TBIL,2026-08-07,49.91,49.93,0.00040072129833701453,2026-08-10,,,,,,,,
TBJL,2026-08-07,19.05,19.05,0.0,2026-08-10,,,,,,,,
TBLA,2026-08-07,4.1,4.1,0.0,2026-08-10,,,,,,,,
TBLD,2026-08-07,22.32,22.32,0.0,2026-08-10,,,,,,,,
TBLL,2026-08-07,105.7,105.31,-0.0036896877956480445,2026-08-10,,,,,,,,
TBLU,2026-08-07,52.97,52.97,0.0,2026-08-10,,,,,,,,
TBN,2026-08-07,33.61,33.61,0.0,2026-08-10,,,,,,,,
TBPH,2026-08-07,16.93,17.0,0.0041346721795629815,2026-08-10,,,,,,,,
TBT,2026-08-07,37.83,37.99,0.004229447528416808,2026-08-10,,,,,,,,
TBUX,2026-08-07,49.85,50.02,0.0034102306920762437,2026-08-10,,,,,,,,
TBX,2026-08-07,28.73,28.73,0.0,2026-08-10,,,,,,,,
TBXU,2026-08-07,36.58,37.0,0.011481683980317126,2026-08-10,,,,,,,,
TC,2026-08-07,1.91,1.89,-0.010471204188481686,2026-08-10,,,,,,,,
TCAF,2026-08-07,42.85,42.85,0.0,2026-08-10,,,,,,,,
TCAI,2026-08-07,47.25,47.25,0.0,2026-08-10,,,,,,,,
TCAL,2026-08-07,23.1,23.1,0.0,2026-08-10,,,,,,,,
TCAN,2026-08-07,15.58,15.58,0.0,2026-08-10,,,,,,,,
TCBI,2026-08-07,99.33,99.33,0.0,2026-08-10,,,,,,,,
TCBK,2026-08-07,57.27,57.4,0.002269949362667889,2026-08-10,,,,,,,,
TCBS,2026-08-07,17.43,17.43,0.0,2026-08-10,,,,,,,,
TCBX,2026-08-07,44.31,44.31,0.0,2026-08-10,,,,,,,,
TCGX,2026-08-07,12.7,12.7,0.0,2026-08-10,,,,,,,,
TCHI,2026-08-07,24.58,24.58,0.0,2026-08-10,,,,,,,,
TCHP,2026-08-07,51.54,51.54,0.0,2026-08-10,,,,,,,,
TCI,2026-08-07,36.77,36.77,0.0,2026-08-10,,,,,,,,
TCMD,2026-08-07,29.5,29.5,0.0,2026-08-10,,,,,,,,
TCOM,2026-08-07,46.14,46.27,0.00281751192024271,2026-08-10,,,,,,,,
TCPB,2026-08-07,50.13,50.13,0.0,2026-08-10,,,,,,,,
TCPC,2026-08-07,4.11,4.12,0.0024330900243307862,2026-08-10,,,,,,,,
TCRT,2026-08-07,1.99,1.83,-0.08040201005025127,2026-08-10,,,,,,,,
TCRX,2026-08-07,0.8,0.8,0.0,2026-08-10,,,,,,,,
TCV,2026-08-07,33.39,33.39,0.0,2026-08-10,,,,,,,,
TCX,2026-08-07,15.68,15.68,0.0,2026-08-10,,,,,,,,
TD,2026-08-07,121.31,121.51,0.0016486687000247802,2026-08-10,,,,,,,,
TDAC,2026-08-07,10.86,10.9,0.0036832412523020164,2026-08-10,,,,,,,,
TDAQ,2026-08-07,27.44,27.54,0.0036443148688045657,2026-08-10,,,,,,,,
TDAX,2026-08-07,24.36,24.5,0.005747126436781658,2026-08-10,,,,,,,,
TDAY,2026-08-07,7.25,7.3,0.006896551724137945,2026-08-10,,,,,,,,
TDC,2026-08-07,27.39,26.75,-0.023366192040890854,2026-08-10,,,,,,,,
TDCL,2026-08-07,14.11,14.11,0.0,2026-08-10,,,,,,,,
TDEC,2026-08-07,26.53,26.53,0.0,2026-08-10,,,,,,,,
TDF,2026-08-07,11.13,11.13,0.0,2026-08-10,,,,,,,,
TDG,2026-08-07,1225.25,1225.25,0.0,2026-08-10,,,,,,,,
TDI,2026-08-07,46.48,46.48,0.0,2026-08-10,,,,,,,,
TDIC,2026-08-07,2.72,2.73,0.003676470588235281,2026-08-10,,,,,,,,
TDIV,2026-08-07,117.04,117.04,0.0,2026-08-10,,,,,,,,
TDOC,2026-08-07,7.13,7.1,-0.004207573632538653,2026-08-10,,,,,,,,
TDOG,2026-08-07,14.04,14.04,0.0,2026-08-10,,,,,,,,
TDOT,2026-08-07,9.77,9.77,0.0,2026-08-10,,,,,,,,
TDS,2026-08-07,32.98,32.98,0.0,2026-08-10,,,,,,,,
TDSB,2026-08-07,24.74,24.74,0.0,2026-08-10,,,,,,,,
TDSC,2026-08-07,28.24,29.37,0.04001416430594906,2026-08-10,,,,,,,,
TDTF,2026-08-07,23.33,23.33,0.0,2026-08-10,,,,,,,,
TDTH,2026-08-07,2.35,2.32,-0.01276595744680864,2026-08-10,,,,,,,,
TDTT,2026-08-07,23.54,23.54,0.0,2026-08-10,,,,,,,,
TDUP,2026-08-07,3.21,3.2,-0.0031152647975076775,2026-08-10,,,,,,,,
TDV,2026-08-07,104.0,104.0,0.0,2026-08-10,,,,,,,,
TDVG,2026-08-07,50.64,50.64,0.0,2026-08-10,,,,,,,,
TDVI,2026-08-07,32.01,32.01,0.0,2026-08-10,,,,,,,,
TDW,2026-08-07,82.84,82.53,-0.0037421535490101965,2026-08-10,,,,,,,,
TDWD,2026-08-07,10.06,10.06,0.0,2026-08-10,,,,,,,,
TDY,2026-08-07,691.3,691.3,0.0,2026-08-10,,,,,,,,
TE,2026-08-07,5.85,5.86,0.0017094017094019254,2026-08-10,,,,,,,,
TEAD,2026-08-07,0.69,0.71,0.02898550724637694,2026-08-10,,,,,,,,
TEAM,2026-08-07,149.07,148.8,-0.0018112296236666436,2026-08-10,,,,,,,,
TEC,2026-08-07,33.81,33.81,0.0,2026-08-10,,,,,,,,
TECB,2026-08-07,74.05,74.05,0.0,2026-08-10,,,,,,,,
TECH,2026-08-07,72.29,72.37,0.0011066537557060663,2026-08-10,,,,,,,,
TECK,2026-08-07,66.47,66.99,0.007823078080336998,2026-08-10,,,,,,,,
TECL,2026-08-07,211.64,213.77,0.0100642600642602,2026-08-10,,,,,,,,
TECS,2026-08-07,60.22,59.6,-0.010295582862836272,2026-08-10,,,,,,,,
TECX,2026-08-07,30.98,30.98,0.0,2026-08-10,,,,,,,,
TECY,2026-08-07,22.21,22.21,0.0,2026-08-10,,,,,,,,
TEI,2026-08-07,6.8,6.8,0.0,2026-08-10,,,,,,,,
TEK,2026-08-07,38.6,38.6,0.0,2026-08-10,,,,,,,,
TEKX,2026-08-07,65.0,65.0,0.0,2026-08-10,,,,,,,,
TEKY,2026-08-07,45.27,45.27,0.0,2026-08-10,,,,,,,,
TEL,2026-08-07,216.33,209.69,-0.030693847362825433,2026-08-10,,,,,,,,
TELA,2026-08-07,0.87,0.87,0.0,2026-08-10,,,,,,,,
TELG,2026-08-07,14.47,14.47,0.0,2026-08-10,,,,,,,,
TELO,2026-08-07,1.16,1.16,0.0,2026-08-10,,,,,,,,
TEM,2026-08-07,52.05,51.91,-0.0026897214217098675,2026-08-10,,,,,,,,
TEMC,2026-08-07,16.93,16.93,0.0,2026-08-10,,,,,,,,
TEMD,2026-08-07,24.85,24.85,0.0,2026-08-10,,,,,,,,
TEMT,2026-08-07,18.41,18.2,-0.011406844106463976,2026-08-10,,,,,,,,
TEMX,2026-08-07,35.77,35.77,0.0,2026-08-10,,,,,,,,
TEN,2026-08-07,39.14,39.14,0.0,2026-08-10,,,,,,,,
TENB,2026-08-07,36.38,36.54,0.0043980208905991525,2026-08-10,,,,,,,,
TEND,2026-08-07,27.87,27.87,0.0,2026-08-10,,,,,,,,
TENJ,2026-08-07,28.31,28.31,0.0,2026-08-10,,,,,,,,
TENM,2026-08-07,27.55,27.55,0.0,2026-08-10,,,,,,,,
TENX,2026-08-07,13.44,2.34,-0.8258928571428572,2026-08-10,,,,,,,,
TEO,2026-08-07,13.83,13.95,0.00867678958785234,2026-08-10,,,,,,,,
TEQI,2026-08-07,52.85,52.85,0.0,2026-08-10,,,,,,,,
TER,2026-08-07,379.31,384.8,0.014473649521499654,2026-08-10,,,,,,,,
TERC,2026-08-07,22.96,22.96,0.0,2026-08-10,,,,,,,,
TERG,2026-08-07,42.76,43.84,0.025257249766136747,2026-08-10,,,,,,,,
TESC,2026-08-07,17.83,17.83,0.0,2026-08-10,,,,,,,,
TESL,2026-08-07,12.89,12.89,0.0,2026-08-10,,,,,,,,
TEST,2026-08-07,36.07,36.07,0.0,2026-08-10,,,,,,,,
TETH,2026-08-07,9.56,9.56,0.0,2026-08-10,,,,,,,,
TEUP,2026-08-07,4.78,4.8,0.004184100418409997,2026-08-10,,,,,,,,
TEVA,2026-08-07,35.36,35.03,-0.009332579185520329,2026-08-10,,,,,,,,
TEX,2026-08-07,67.73,68.03,0.00442935183818105,2026-08-10,,,,,,,,
TEXN,2026-08-07,32.37,32.37,0.0,2026-08-10,,,,,,,,
TEXU,2026-08-07,36.66,36.66,0.0,2026-08-10,,,,,,,,
TEXX,2026-08-07,29.31,29.31,0.0,2026-08-10,,,,,,,,
TFC,2026-08-07,52.35,52.3,-0.0009551098376313627,2026-08-10,,,,,,,,
TFFI,2026-08-07,20.09,20.09,0.0,2026-08-10,,,,,,,,
TFGZ,2026-08-07,37.59,37.59,0.0,2026-08-10,,,,,,,,
TFI,2026-08-07,45.06,45.06,0.0,2026-08-10,,,,,,,,
TFII,2026-08-07,140.46,140.46,0.0,2026-08-10,,,,,,,,
TFIN,2026-08-07,76.01,76.72,0.009340876200499837,2026-08-10,,,,,,,,
TFJL,2026-08-07,18.86,18.86,0.0,2026-08-10,,,,,,,,
TFLO,2026-08-07,50.55,50.55,0.0,2026-08-10,,,,,,,,
TFLR,2026-08-07,50.65,50.65,0.0,2026-08-10,,,,,,,,
TFNS,2026-08-07,29.59,29.59,0.0,2026-08-10,,,,,,,,
TFPM,2026-08-07,32.62,32.81,0.0058246474555487815,2026-08-10,,,,,,,,
TFPN,2026-08-07,29.59,29.59,0.0,2026-08-10,,,,,,,,
TFSL,2026-08-07,17.59,17.59,0.0,2026-08-10,,,,,,,,
TFX,2026-08-07,134.98,135.48,0.003704252481849135,2026-08-10,,,,,,,,
TG,2026-08-07,8.89,8.89,0.0,2026-08-10,,,,,,,,
TGB,2026-08-07,8.32,8.4,0.009615384615384581,2026-08-10,,,,,,,,
TGE,2026-08-07,0.95,0.95,0.0,2026-08-10,,,,,,,,
TGEN,2026-08-07,3.89,3.89,0.0,2026-08-10,,,,,,,,
TGHL,2026-08-07,0.82,0.81,-0.012195121951219412,2026-08-10,,,,,,,,
TGL,2026-08-07,3.09,3.4,0.10032362459546929,2026-08-10,,,,,,,,
TGLB,2026-08-07,30.57,30.57,0.0,2026-08-10,,,,,,,,
TGLR,2026-08-07,41.4,41.4,0.0,2026-08-10,,,,,,,,
TGLS,2026-08-07,44.14,44.14,0.0,2026-08-10,,,,,,,,
TGRT,2026-08-07,47.18,47.18,0.0,2026-08-10,,,,,,,,
TGRW,2026-08-07,48.18,48.18,0.0,2026-08-10,,,,,,,,
TGS,2026-08-07,28.79,28.79,0.0,2026-08-10,,,,,,,,
TGT,2026-08-07,149.7,148.84,-0.005744822979291797,2026-08-10,,,,,,,,
TGTX,2026-08-07,49.76,49.99,0.004622186495176983,2026-08-10,,,,,,,,
TH,2026-08-07,16.51,18.54,0.12295578437310706,2026-08-10,,,,,,,,
THC,2026-08-07,262.13,262.13,0.0,2026-08-10,,,,,,,,
THCH,2026-08-07,1.77,1.77,0.0,2026-08-10,,,,,,,,
THD,2026-08-07,73.63,73.63,0.0,2026-08-10,,,,,,,,
THEOU,2026-08-07,10.1,10.1,0.0,2026-08-10,,,,,,,,
THEQ,2026-08-07,30.51,30.51,0.0,2026-08-10,,,,,,,,
THFF,2026-08-07,81.49,81.49,0.0,2026-08-10,,,,,,,,
THG,2026-08-07,229.08,230.0,0.004016064257028162,2026-08-10,,,,,,,,
THH,2026-08-07,0.23,2.29,8.956521739130434,2026-08-10,,,,,,,,
THIR,2026-08-07,34.62,34.62,0.0,2026-08-10,,,,,,,,
THLV,2026-08-07,32.81,32.81,0.0,2026-08-10,,,,,,,,
THM,2026-08-07,2.31,2.31,0.0,2026-08-10,,,,,,,,
THMR,2026-08-07,25.27,25.27,0.0,2026-08-10,,,,,,,,
THMZ,2026-08-07,35.13,35.13,0.0,2026-08-10,,,,,,,,
THNQ,2026-08-07,90.54,91.18,0.0070686989176054205,2026-08-10,,,,,,,,
THNR,2026-08-07,26.43,26.43,0.0,2026-08-10,,,,,,,,
THO,2026-08-07,79.55,79.55,0.0,2026-08-10,,,,,,,,
THOR,2026-08-07,26.31,26.31,0.0,2026-08-10,,,,,,,,
THQ,2026-08-07,19.22,19.22,0.0,2026-08-10,,,,,,,,
THRM,2026-08-07,41.26,41.26,0.0,2026-08-10,,,,,,,,
THRO,2026-08-07,44.25,44.25,0.0,2026-08-10,,,,,,,,
THRV,2026-08-07,24.17,24.17,0.0,2026-08-10,,,,,,,,
THRY,2026-08-07,2.44,2.44,0.0,2026-08-10,,,,,,,,
THTA,2026-08-07,15.67,15.67,0.0,2026-08-10,,,,,,,,
THW,2026-08-07,13.66,13.5,-0.01171303074670571,2026-08-10,,,,,,,,
THY,2026-08-07,21.64,21.64,0.0,2026-08-10,,,,,,,,
THYF,2026-08-07,51.46,51.46,0.0,2026-08-10,,,,,,,,
THYM,2026-08-07,50.26,50.26,0.0,2026-08-10,,,,,,,,
THYP,2026-08-07,31.64,31.64,0.0,2026-08-10,,,,,,,,
TIC,2026-08-07,10.06,9.8,-0.025844930417495027,2026-08-10,,,,,,,,
TIER,2026-08-07,32.89,32.89,0.0,2026-08-10,,,,,,,,
TIGO,2026-08-07,97.1,97.5,0.004119464469618972,2026-08-10,,,,,,,,
TIGR,2026-08-07,4.82,4.84,0.004149377593360981,2026-08-10,,,,,,,,
TIH,2026-08-07,25.06,25.06,0.0,2026-08-10,,,,,,,,
TII,2026-08-07,2.39,2.39,0.0,2026-08-10,,,,,,,,
TIIV,2026-08-07,31.03,31.03,0.0,2026-08-10,,,,,,,,
TIL,2026-08-07,7.41,7.41,0.0,2026-08-10,,,,,,,,
TILC,2026-08-07,26.15,26.15,0.0,2026-08-10,,,,,,,,
TILE,2026-08-07,38.29,38.55,0.00679028466962639,2026-08-10,,,,,,,,
TILL,2026-08-07,18.48,18.48,0.0,2026-08-10,,,,,,,,
TILT,2026-08-07,285.62,285.62,0.0,2026-08-10,,,,,,,,
TIMB,2026-08-07,18.43,18.43,0.0,2026-08-10,,,,,,,,
TIME,2026-08-07,27.08,27.08,0.0,2026-08-10,,,,,,,,
TINS,2026-08-07,29.72,29.72,0.0,2026-08-10,,,,,,,,
TINT,2026-08-07,41.76,41.76,0.0,2026-08-10,,,,,,,,
TINY,2026-08-07,80.32,79.75,-0.007096613545816699,2026-08-10,,,,,,,,
TIP,2026-08-07,107.08,107.08,0.0,2026-08-10,,,,,,,,
TIPA,2026-08-07,98.67,98.67,0.0,2026-08-10,,,,,,,,
TIPB,2026-08-07,97.58,97.58,0.0,2026-08-10,,,,,,,,
TIPC,2026-08-07,96.17,96.17,0.0,2026-08-10,,,,,,,,
TIPD,2026-08-07,94.54,94.54,0.0,2026-08-10,,,,,,,,
TIPT,2026-08-07,18.12,18.12,0.0,2026-08-10,,,,,,,,
TIPX,2026-08-07,18.61,18.61,0.0,2026-08-10,,,,,,,,
TIPZ,2026-08-07,51.08,51.08,0.0,2026-08-10,,,,,,,,
TISC,2026-08-07,24.03,24.03,0.0,2026-08-10,,,,,,,,
TISI,2026-08-07,17.0,17.0,0.0,2026-08-10,,,,,,,,
TITN,2026-08-07,19.09,18.97,-0.0062860136196962735,2026-08-10,,,,,,,,
TJAN,2026-08-07,28.4,28.4,0.0,2026-08-10,,,,,,,,
TJGC,2026-08-07,3.65,3.7,0.013698630136986356,2026-08-10,,,,,,,,
TJUL,2026-08-07,30.49,30.49,0.0,2026-08-10,,,,,,,,
TJUN,2026-08-07,22.61,22.61,0.0,2026-08-10,,,,,,,,
TJX,2026-08-07,161.36,161.36,0.0,2026-08-10,,,,,,,,
TK,2026-08-07,11.32,11.0,-0.028268551236749095,2026-08-10,,,,,,,,
TKC,2026-08-07,5.5,5.5,0.0,2026-08-10,,,,,,,,
TKLF,2026-08-07,2.01,2.0,-0.004975124378109319,2026-08-10,,,,,,,,
TKNO,2026-08-07,6.46,6.64,0.02786377708978316,2026-08-10,,,,,,,,
TKNQ,2026-08-07,22.89,22.89,0.0,2026-08-10,,,,,,,,
TKNS,2026-08-07,21.67,21.67,0.0,2026-08-10,,,,,,,,
TKNZ,2026-08-07,24.28,24.28,0.0,2026-08-10,,,,,,,,
TKO,2026-08-07,186.56,187.45,0.004770583190394362,2026-08-10,,,,,,,,
TKR,2026-08-07,130.33,131.0,0.005140796439806472,2026-08-10,,,,,,,,
TKVA,2026-08-07,,,,2026-08-10,,,,,,,,
TLA,2026-08-07,23.36,23.36,0.0,2026-08-10,,,,,,,,
TLCI,2026-08-07,27.98,27.98,0.0,2026-08-10,,,,,,,,
TLDR,2026-08-07,25.03,25.03,0.0,2026-08-10,,,,,,,,
TLF,2026-08-07,2.45,2.45,0.0,2026-08-10,,,,,,,,
TLG,2026-08-07,28.38,28.38,0.0,2026-08-10,,,,,,,,
TLH,2026-08-07,97.05,96.93,-0.0012364760432765909,2026-08-10,,,,,,,,
TLIH,2026-08-07,5.71,5.71,0.0,2026-08-10,,,,,,,,
TLK,2026-08-07,15.1,14.97,-0.008609271523178696,2026-08-10,,,,,,,,
TLN,2026-08-07,347.71,351.0,0.00946190791176571,2026-08-10,,,,,,,,
TLNC,2026-08-07,10.23,10.23,0.0,2026-08-10,,,,,,,,
TLPH,2026-08-07,1.43,1.43,0.0,2026-08-10,,,,,,,,
TLRY,2026-08-07,4.57,4.58,0.002188183807439792,2026-08-10,,,,,,,,
TLS,2026-08-07,4.78,4.85,0.01464435146443499,2026-08-10,,,,,,,,
TLSA,2026-08-07,1.0,1.0,0.0,2026-08-10,,,,,,,,
TLSI,2026-08-07,5.61,5.61,0.0,2026-08-10,,,,,,,,
TLT,2026-08-07,82.76,82.53,-0.002779120347994213,2026-08-10,,,,,,,,
TLTD,2026-08-07,104.44,104.44,0.0,2026-08-10,,,,,,,,
TLTE,2026-08-07,75.37,75.37,0.0,2026-08-10,,,,,,,,
TLTI,2026-08-07,43.98,43.98,0.0,2026-08-10,,,,,,,,
TLTP,2026-08-07,20.1,20.1,0.0,2026-08-10,,,,,,,,
TLTW,2026-08-07,21.36,21.34,-0.000936329588014928,2026-08-10,,,,,,,,
TLTX,2026-08-07,21.6,21.6,0.0,2026-08-10,,,,,,,,
TLX,2026-08-07,11.52,11.52,0.0,2026-08-10,,,,,,,,
TLYS,2026-08-07,4.19,4.19,0.0,2026-08-10,,,,,,,,
TM,2026-08-07,190.09,188.73,-0.007154505760429308,2026-08-10,,,,,,,,
TMAR,2026-08-07,25.98,25.98,0.0,2026-08-10,,,,,,,,
TMAT,2026-08-07,29.62,29.62,0.0,2026-08-10,,,,,,,,
TMB,2026-08-07,25.24,25.24,0.0,2026-08-10,,,,,,,,
TMC,2026-08-07,4.57,4.62,0.010940919037199182,2026-08-10,,,,,,,,
TMCI,2026-08-07,4.76,4.77,0.0021008403361344463,2026-08-10,,,,,,,,
TMCR,2026-08-07,5.9,5.9,0.0,2026-08-10,,,,,,,,
TMDE,2026-08-07,0.72,0.71,-0.01388888888888895,2026-08-10,,,,,,,,
TMDV,2026-08-07,53.87,53.87,0.0,2026-08-10,,,,,,,,
TMDX,2026-08-07,83.89,83.91,0.00023840743831193834,2026-08-10,,,,,,,,
TME,2026-08-07,9.53,9.56,0.0031479538300105414,2026-08-10,,,,,,,,
TMED,2026-08-07,34.89,34.89,0.0,2026-08-10,,,,,,,,
TMF,2026-08-07,31.43,31.19,-0.007636016544702473,2026-08-10,,,,,,,,
TMFC,2026-08-07,80.34,80.34,0.0,2026-08-10,,,,,,,,
TMFE,2026-08-07,30.97,30.97,0.0,2026-08-10,,,,,,,,
TMFG,2026-08-07,32.07,32.07,0.0,2026-08-10,,,,,,,,
TMFM,2026-08-07,23.0,23.0,0.0,2026-08-10,,,,,,,,
TMFS,2026-08-07,37.01,37.01,0.0,2026-08-10,,,,,,,,
TMFX,2026-08-07,24.19,24.19,0.0,2026-08-10,,,,,,,,
TMGN,2026-08-07,25.24,25.24,0.0,2026-08-10,,,,,,,,
TMH,2026-08-07,49.91,49.91,0.0,2026-08-10,,,,,,,,
TMHC,2026-08-07,72.45,,,2026-08-10,,,,,,,,
TMLP,2026-08-07,29.32,29.32,0.0,2026-08-10,,,,,,,,
TMNL,2026-08-07,49.83,49.83,0.0,2026-08-10,,,,,,,,
TMNS,2026-08-07,49.88,49.88,0.0,2026-08-10,,,,,,,,
TMO,2026-08-07,594.0,592.0,-0.0033670033670033517,2026-08-10,,,,,,,,
TMP,2026-08-07,98.73,98.73,0.0,2026-08-10,,,,,,,,
TMQ,2026-08-07,3.8,3.81,0.0026315789473685403,2026-08-10,,,,,,,,
TMS,2026-08-07,7.24,7.24,0.0,2026-08-10,,,,,,,,
TMSF,2026-08-07,50.21,50.21,0.0,2026-08-10,,,,,,,,
TMSL,2026-08-07,44.41,44.41,0.0,2026-08-10,,,,,,,,
TMTS,2026-08-07,10.06,10.06,0.0,2026-08-10,,,,,,,,
TMUS,2026-08-07,177.19,177.85,0.003724815170156326,2026-08-10,,,,,,,,
TMV,2026-08-07,41.79,42.1,0.007418042593922092,2026-08-10,,,,,,,,
TMVE,2026-08-07,18.14,18.14,0.0,2026-08-10,,,,,,,,
TMYY,2026-08-07,23.08,23.08,0.0,2026-08-10,,,,,,,,
TNA,2026-08-07,74.68,73.96,-0.009641135511516019,2026-08-10,,,,,,,,
TNC,2026-08-07,73.89,74.48,0.007984842333198072,2026-08-10,,,,,,,,
TNDM,2026-08-07,22.38,22.27,-0.004915102770330582,2026-08-10,,,,,,,,
TNET,2026-08-07,68.5,68.1,-0.00583941605839422,2026-08-10,,,,,,,,
TNGX,2026-08-07,27.07,27.4,0.012190616919098618,2026-08-10,,,,,,,,
TNGY,2026-08-07,10.13,10.13,0.0,2026-08-10,,,,,,,,
TNK,2026-08-07,77.25,77.25,0.0,2026-08-10,,,,,,,,
TNL,2026-08-07,76.7,76.7,0.0,2026-08-10,,,,,,,,
TNMG,2026-08-07,0.53,0.5,-0.05660377358490576,2026-08-10,,,,,,,,
TNON,2026-08-07,0.13,4.59,34.30769230769231,2026-08-10,,,,,,,,
TNUK,2026-08-07,24.55,24.55,0.0,2026-08-10,,,,,,,,
TNXP,2026-08-07,12.03,12.66,0.052369077306733125,2026-08-10,,,,,,,,
TNXT,2026-08-07,28.4,28.4,0.0,2026-08-10,,,,,,,,
TNYA,2026-08-07,0.73,0.74,0.013698630136986356,2026-08-10,,,,,,,,
TOAK,2026-08-07,28.98,28.98,0.0,2026-08-10,,,,,,,,
TOAO,2026-08-07,27.3,27.3,0.0,2026-08-10,,,,,,,,
TOCT,2026-08-07,27.28,27.28,0.0,2026-08-10,,,,,,,,
TOGA,2026-08-07,31.05,31.05,0.0,2026-08-10,,,,,,,,
TOK,2026-08-07,155.9,155.9,0.0,2026-08-10,,,,,,,,
TOL,2026-08-07,155.09,155.0,-0.000580308208137259,2026-08-10,,,,,,,,
TOLL,2026-08-07,40.04,40.04,0.0,2026-08-10,,,,,,,,
TOLZ,2026-08-07,58.96,58.96,0.0,2026-08-10,,,,,,,,
TOMZ,2026-08-07,1.82,1.82,0.0,2026-08-10,,,,,,,,
TONT,2026-08-07,10.84,10.84,0.0,2026-08-10,,,,,,,,
TONX,2026-08-07,2.99,2.99,0.0,2026-08-10,,,,,,,,
TOON,2026-08-07,0.59,0.58,-0.016949152542372947,2026-08-10,,,,,,,,
TOP,2026-08-07,11.29,11.29,0.0,2026-08-10,,,,,,,,
TOPC,2026-08-07,35.25,35.25,0.0,2026-08-10,,,,,,,,
TOPP,2026-08-07,0.46,0.47,0.021739130434782483,2026-08-10,,,,,,,,
TOPS,2026-08-07,0.76,0.74,-0.02631578947368418,2026-08-10,,,,,,,,
TOPT,2026-08-07,34.06,34.32,0.007633587786259444,2026-08-10,,,,,,,,
TOPW,2026-08-07,35.26,35.37,0.00311968235961424,2026-08-10,,,,,,,,
TORO,2026-08-07,5.52,5.67,0.02717391304347827,2026-08-10,,,,,,,,
TOS,2026-08-07,29.61,29.61,0.0,2026-08-10,,,,,,,,
TOST,2026-08-07,34.48,34.5,0.0005800464037124531,2026-08-10,,,,,,,,
TOT,2026-08-07,24.41,24.41,0.0,2026-08-10,,,,,,,,
TOTL,2026-08-07,38.83,38.83,0.0,2026-08-10,,,,,,,,
TOTR,2026-08-07,39.6,39.6,0.0,2026-08-10,,,,,,,,
TOUR,2026-08-07,5.12,5.12,0.0,2026-08-10,,,,,,,,
TOUS,2026-08-07,40.12,40.12,0.0,2026-08-10,,,,,,,,
TOV,2026-08-07,32.58,32.58,0.0,2026-08-10,,,,,,,,
TOVX,2026-08-07,0.22,0.23,0.045454545454545414,2026-08-10,,,,,,,,
TOWN,2026-08-07,37.46,37.46,0.0,2026-08-10,,,,,,,,
TOXR,2026-08-07,9.95,9.95,0.0,2026-08-10,,,,,,,,
TOYO,2026-08-07,5.8,5.82,0.0034482758620690834,2026-08-10,,,,,,,,
TP,2026-08-07,7.0,7.0,0.0,2026-08-10,,,,,,,,
TPAY,2026-08-07,55.06,55.06,0.0,2026-08-10,,,,,,,,
TPB,2026-08-07,86.86,87.0,0.001611789085885329,2026-08-10,,,,,,,,
TPC,2026-08-07,99.11,99.11,0.0,2026-08-10,,,,,,,,
TPCS,2026-08-07,4.96,4.96,0.0,2026-08-10,,,,,,,,
TPET,2026-08-07,0.23,0.23,0.0,2026-08-10,,,,,,,,
TPFC,2026-08-07,27.21,27.21,0.0,2026-08-10,,,,,,,,
TPFG,2026-08-07,26.15,26.15,0.0,2026-08-10,,,,,,,,
TPFI,2026-08-07,24.65,24.65,0.0,2026-08-10,,,,,,,,
TPG,2026-08-07,48.99,49.5,0.010410287813839458,2026-08-10,,,,,,,,
TPHD,2026-08-07,43.46,43.46,0.0,2026-08-10,,,,,,,,
TPIF,2026-08-07,38.92,38.94,0.0005138746145938455,2026-08-10,,,,,,,,
TPL,2026-08-07,340.65,344.99,0.012740349332159173,2026-08-10,,,,,,,,
TPLC,2026-08-07,51.24,51.24,0.0,2026-08-10,,,,,,,,
TPLS,2026-08-07,24.75,24.75,0.0,2026-08-10,,,,,,,,
TPLX,2026-08-07,20.4,20.4,0.0,2026-08-10,,,,,,,,
TPOR,2026-08-07,42.16,42.16,0.0,2026-08-10,,,,,,,,
TPR,2026-08-07,162.36,162.04,-0.0019709288001972247,2026-08-10,,,,,,,,
TPRY,2026-08-07,19.07,19.07,0.0,2026-08-10,,,,,,,,
TPSC,2026-08-07,48.77,48.76,-0.0002050440844783008,2026-08-10,,,,,,,,
TPST,2026-08-07,0.92,0.98,0.06521739130434767,2026-08-10,,,,,,,,
TPUT,2026-08-07,25.17,25.17,0.0,2026-08-10,,,,,,,,
TPVG,2026-08-07,5.2,5.2,0.0,2026-08-10,,,,,,,,
TPYP,2026-08-07,41.65,41.65,0.0,2026-08-10,,,,,,,,
TPZ,2026-08-07,21.08,21.08,0.0,2026-08-10,,,,,,,,
TQQQ,2026-08-07,74.47,74.95,0.0064455485430374715,2026-08-10,,,,,,,,
TQQY,2026-08-07,12.32,12.32,0.0,2026-08-10,,,,,,,,
TR,2026-08-07,39.63,39.63,0.0,2026-08-10,,,,,,,,
TRAD,2026-08-07,10.04,10.04,0.0,2026-08-10,,,,,,,,
TRAK,2026-08-07,8.74,8.74,0.0,2026-08-10,,,,,,,,
TRAW,2026-08-07,0.53,0.53,0.0,2026-08-10,,,,,,,,
TRAX,2026-08-07,45.33,45.0,-0.007279947054930513,2026-08-10,,,,,,,,
TRBF,2026-08-07,48.82,48.82,0.0,2026-08-10,,,,,,,,
TRC,2026-08-07,16.69,16.69,0.0,2026-08-10,,,,,,,,
TRDA,2026-08-07,6.87,6.87,0.0,2026-08-10,,,,,,,,
TREE,2026-08-07,32.13,32.13,0.0,2026-08-10,,,,,,,,
TREX,2026-08-07,49.17,49.17,0.0,2026-08-10,,,,,,,,
TRFK,2026-08-07,94.71,94.71,0.0,2026-08-10,,,,,,,,
TRFM,2026-08-07,61.18,61.18,0.0,2026-08-10,,,,,,,,
TRGP,2026-08-07,256.87,257.0,0.0005060925760111967,2026-08-10,,,,,,,,
TRGS,2026-08-07,9.92,9.92,0.0,2026-08-10,,,,,,,,
TRI,2026-08-07,101.83,102.07,0.002356869291957109,2026-08-10,,,,,,,,
TRIB,2026-08-07,12.43,12.45,0.0016090104585679832,2026-08-10,,,,,,,,
TRIN,2026-08-07,18.05,18.04,-0.0005540166204986985,2026-08-10,,,,,,,,
TRIO,2026-08-07,66.07,66.07,0.0,2026-08-10,,,,,,,,
TRIP,2026-08-07,10.78,10.79,0.0009276437847867136,2026-08-10,,,,,,,,
TRLV,2026-08-07,8.75,9.0,0.02857142857142847,2026-08-10,,,,,,,,
TRMB,2026-08-07,59.51,59.57,0.0010082339102672755,2026-08-10,,,,,,,,
TRMD,2026-08-07,29.49,29.49,0.0,2026-08-10,,,,,,,,
TRMK,2026-08-07,47.42,47.44,0.000421762969211148,2026-08-10,,,,,,,,
TRN,2026-08-07,29.9,30.0,0.0033444816053511683,2026-08-10,,,,,,,,
TRND,2026-08-07,37.51,37.51,0.0,2026-08-10,,,,,,,,
TRNO,2026-08-07,68.76,68.76,0.0,2026-08-10,,,,,,,,
TRNR,2026-08-07,3.58,3.32,-0.07262569832402244,2026-08-10,,,,,,,,
TRNS,2026-08-07,93.11,93.11,0.0,2026-08-10,,,,,,,,
TRON,2026-08-07,1.52,1.51,-0.006578947368421018,2026-08-10,,,,,,,,
TROO,2026-08-07,1.95,2.02,0.03589743589743599,2026-08-10,,,,,,,,
TROW,2026-08-07,114.02,113.5,-0.004560603402911756,2026-08-10,,,,,,,,
TROX,2026-08-07,6.51,6.32,-0.029185867895545226,2026-08-10,,,,,,,,
TRP,2026-08-07,63.23,63.78,0.008698402656966753,2026-08-10,,,,,,,,
TRPA,2026-08-07,38.9,38.9,0.0,2026-08-10,,,,,,,,
TRS,2026-08-07,40.24,40.24,0.0,2026-08-10,,,,,,,,
TRSG,2026-08-07,1.46,1.46,0.0,2026-08-10,,,,,,,,
TRST,2026-08-07,55.09,55.09,0.0,2026-08-10,,,,,,,,
TRSY,2026-08-07,30.15,30.15,0.0,2026-08-10,,,,,,,,
TRT,2026-08-07,11.15,11.18,0.0026905829596413078,2026-08-10,,,,,,,,
TRTX,2026-08-07,8.05,8.2,0.01863354037267073,2026-08-10,,,,,,,,
TRTY,2026-08-07,31.22,31.22,0.0,2026-08-10,,,,,,,,
TRU,2026-08-07,80.02,80.4,0.00474881279680095,2026-08-10,,,,,,,,
TRUC,2026-08-07,25.49,25.49,0.0,2026-08-10,,,,,,,,
TRUD,2026-08-07,26.86,26.86,0.0,2026-08-10,,,,,,,,
TRUF,2026-08-07,30.01,30.01,0.0,2026-08-10,,,,,,,,
TRUG,2026-08-07,0.91,0.91,0.0,2026-08-10,,,,,,,,
TRUH,2026-08-07,28.87,28.87,0.0,2026-08-10,,,,,,,,
TRUI,2026-08-07,26.5,26.5,0.0,2026-08-10,,,,,,,,
TRUM,2026-08-07,25.92,25.92,0.0,2026-08-10,,,,,,,,
TRUN,2026-08-07,27.09,27.09,0.0,2026-08-10,,,,,,,,
TRUO,2026-08-07,25.67,25.67,0.0,2026-08-10,,,,,,,,
TRUP,2026-08-07,26.99,27.0,0.0003705075954056891,2026-08-10,,,,,,,,
TRUR,2026-08-07,25.39,25.39,0.0,2026-08-10,,,,,,,,
TRUT,2026-08-07,32.35,32.35,0.0,2026-08-10,,,,,,,,
TRUU,2026-08-07,23.84,23.84,0.0,2026-08-10,,,,,,,,
TRV,2026-08-07,384.31,383.28,-0.0026801280216492973,2026-08-10,,,,,,,,
TRVG,2026-08-07,5.62,5.62,0.0,2026-08-10,,,,,,,,
TRVI,2026-08-07,18.51,18.41,-0.0054024851431658805,2026-08-10,,,,,,,,
TRX,2026-08-07,1.05,1.06,0.00952380952380949,2026-08-10,,,,,,,,
TS,2026-08-07,53.04,53.07,0.0005656108597285048,2026-08-10,,,,,,,,
TSAT,2026-08-07,58.92,58.97,0.0008486082824168406,2026-08-10,,,,,,,,
TSBK,2026-08-07,45.22,45.22,0.0,2026-08-10,,,,,,,,
TSCM,2026-08-07,21.1,21.1,0.0,2026-08-10,,,,,,,,
TSCO,2026-08-07,34.56,34.52,-0.0011574074074073293,2026-08-10,,,,,,,,
TSCV,2026-08-07,32.48,32.48,0.0,2026-08-10,,,,,,,,
TSDD,2026-08-07,10.18,10.04,-0.013752455795677854,2026-08-10,,,,,,,,
TSEC,2026-08-07,25.59,25.59,0.0,2026-08-10,,,,,,,,
TSEG,2026-08-07,9.52,9.64,0.0126050420168069,2026-08-10,,,,,,,,
TSEL,2026-08-07,28.92,28.92,0.0,2026-08-10,,,,,,,,
TSEM,2026-08-07,252.49,253.44,0.0037625252485247174,2026-08-10,,,,,,,,
TSEP,2026-08-07,26.39,26.39,0.0,2026-08-10,,,,,,,,
TSES,2026-08-07,30.33,29.85,-0.015825914935707064,2026-08-10,,,,,,,,
TSEU,2026-08-07,20.22,20.22,0.0,2026-08-10,,,,,,,,
TSHA,2026-08-07,6.56,6.43,-0.01981707317073167,2026-08-10,,,,,,,,
TSI,2026-08-07,4.4,4.4,0.0,2026-08-10,,,,,,,,
TSIB,2026-08-07,26.9,26.9,0.0,2026-08-10,,,,,,,,
TSIC,2026-08-07,25.62,25.62,0.0,2026-08-10,,,,,,,,
TSII,2026-08-07,12.46,12.46,0.0,2026-08-10,,,,,,,,
TSL,2026-08-07,12.13,12.24,0.00906842539159114,2026-08-10,,,,,,,,
TSLA,2026-08-07,328.58,330.91,0.007091119362103715,2026-08-10,,,,,,,,
TSLG,2026-08-07,4.02,4.09,0.017412935323383172,2026-08-10,,,,,,,,
TSLI,2026-08-07,15.09,15.47,0.025182239893969616,2026-08-10,,,,,,,,
TSLL,2026-08-07,8.11,8.22,0.01356350184956856,2026-08-10,,,,,,,,
TSLP,2026-08-07,13.78,13.78,0.0,2026-08-10,,,,,,,,
TSLQ,2026-08-07,24.15,23.78,-0.015320910973084745,2026-08-10,,,,,,,,
TSLR,2026-08-07,13.95,14.16,0.01505376344086029,2026-08-10,,,,,,,,
TSLS,2026-08-07,63.2,62.71,-0.007753164556962067,2026-08-10,,,,,,,,
TSLT,2026-08-07,11.32,11.47,0.013250883392226243,2026-08-10,,,,,,,,
TSLW,2026-08-07,16.86,16.84,-0.0011862396204033177,2026-08-10,,,,,,,,
TSLX,2026-08-07,19.1,19.1,0.0,2026-08-10,,,,,,,,
TSLY,2026-08-07,21.55,21.7,0.006960556844547439,2026-08-10,,,,,,,,
TSLZ,2026-08-07,15.34,15.09,-0.01629726205997395,2026-08-10,,,,,,,,
TSM,2026-08-07,420.04,420.32,0.0006666031806494832,2026-08-10,,,,,,,,
TSME,2026-08-07,50.39,50.39,0.0,2026-08-10,,,,,,,,
TSMG,2026-08-07,37.87,37.87,0.0,2026-08-10,,,,,,,,
TSMU,2026-08-07,68.21,68.41,0.0029321213898256815,2026-08-10,,,,,,,,
TSMX,2026-08-07,78.33,78.7,0.004723605259798314,2026-08-10,,,,,,,,
TSMY,2026-08-07,15.42,15.52,0.006485084306095956,2026-08-10,,,,,,,,
TSMZ,2026-08-07,7.89,7.89,0.0,2026-08-10,,,,,,,,
TSN,2026-08-07,58.04,58.04,0.0,2026-08-10,,,,,,,,
TSNF,2026-08-07,31.6,31.35,-0.007911392405063333,2026-08-10,,,,,,,,
TSOL,2026-08-07,7.17,7.47,0.04184100418410042,2026-08-10,,,,,,,,
TSPA,2026-08-07,48.74,47.71,-0.021132540008206857,2026-08-10,,,,,,,,
TSPX,2026-08-07,30.68,30.68,0.0,2026-08-10,,,,,,,,
TSPY,2026-08-07,25.8,25.5,-0.011627906976744207,2026-08-10,,,,,,,,
TSQ,2026-08-07,6.48,6.48,0.0,2026-08-10,,,,,,,,
TSRS,2026-08-07,27.52,27.52,0.0,2026-08-10,,,,,,,,
TSSD,2026-08-07,31.06,31.06,0.0,2026-08-10,,,,,,,,
TSSI,2026-08-07,11.26,11.89,0.055950266429840134,2026-08-10,,,,,,,,
TSUI,2026-08-07,13.47,13.47,0.0,2026-08-10,,,,,,,,
TSXD,2026-08-07,5.4,5.4,0.0,2026-08-10,,,,,,,,
TSXU,2026-08-07,57.5,57.5,0.0,2026-08-10,,,,,,,,
TSYW,2026-08-07,41.76,41.76,0.0,2026-08-10,,,,,,,,
TSYX,2026-08-07,23.82,24.0,0.007556675062972307,2026-08-10,,,,,,,,
TSYY,2026-08-07,20.33,20.34,0.0004918839153960075,2026-08-10,,,,,,,,
TT,2026-08-07,482.31,483.05,0.0015342829300657446,2026-08-10,,,,,,,,
TTAM,2026-08-07,16.01,16.01,0.0,2026-08-10,,,,,,,,
TTAN,2026-08-07,85.83,86.0,0.00198065944308512,2026-08-10,,,,,,,,
TTC,2026-08-07,99.64,99.64,0.0,2026-08-10,,,,,,,,
TTD,2026-08-07,13.8,13.61,-0.013768115942029091,2026-08-10,,,,,,,,
TTDU,2026-08-07,1.38,1.34,-0.02898550724637672,2026-08-10,,,,,,,,
TTE,2026-08-07,85.83,86.14,0.003611790749155297,2026-08-10,,,,,,,,
TTEC,2026-08-07,2.55,2.55,0.0,2026-08-10,,,,,,,,
TTEK,2026-08-07,35.44,35.44,0.0,2026-08-10,,,,,,,,
TTEQ,2026-08-07,42.0,42.0,0.0,2026-08-10,,,,,,,,
TTGT,2026-08-07,3.84,3.84,0.0,2026-08-10,,,,,,,,
TTI,2026-08-07,8.51,8.79,0.03290246768507621,2026-08-10,,,,,,,,
TTMI,2026-08-07,137.21,138.5,0.009401647110268918,2026-08-10,,,,,,,,
TTMX,2026-08-07,11.76,11.76,0.0,2026-08-10,,,,,,,,
TTOP,2026-08-07,15.19,15.19,0.0,2026-08-10,,,,,,,,
TTRX,2026-08-07,10.41,10.41,0.0,2026-08-10,,,,,,,,
TTT,2026-08-07,74.63,74.63,0.0,2026-08-10,,,,,,,,
TTWO,2026-08-07,246.5,246.15,-0.0014198782961459822,2026-08-10,,,,,,,,
TTXD,2026-08-07,12.64,12.64,0.0,2026-08-10,,,,,,,,
TTXU,2026-08-07,35.32,35.32,0.0,2026-08-10,,,,,,,,
TU,2026-08-07,9.72,9.8,0.008230452674897082,2026-08-10,,,,,,,,
TUA,2026-08-07,20.39,20.39,0.0,2026-08-10,,,,,,,,
TUG,2026-08-07,47.01,47.01,0.0,2026-08-10,,,,,,,,
TUGN,2026-08-07,27.91,27.39,-0.018631314940881438,2026-08-10,,,,,,,,
TULP,2026-08-07,3.41,3.41,0.0,2026-08-10,,,,,,,,
TUR,2026-08-07,38.75,38.75,0.0,2026-08-10,,,,,,,,
TURB,2026-08-07,1.43,1.48,0.034965034965035,2026-08-10,,,,,,,,
TURF,2026-08-07,33.37,33.37,0.0,2026-08-10,,,,,,,,
TUSB,2026-08-07,50.46,50.46,0.0,2026-08-10,,,,,,,,
TUSI,2026-08-07,25.31,25.31,0.0,2026-08-10,,,,,,,,
TUSK,2026-08-07,3.39,3.39,0.0,2026-08-10,,,,,,,,
TUYA,2026-08-07,1.8,1.78,-0.011111111111111072,2026-08-10,,,,,,,,
TV,2026-08-07,2.83,2.84,0.0035335689045936647,2026-08-10,,,,,,,,
TVA,2026-08-07,10.53,10.53,0.0,2026-08-10,,,,,,,,
TVAI,2026-08-07,10.39,10.39,0.0,2026-08-10,,,,,,,,
TVAL,2026-08-07,43.42,43.42,0.0,2026-08-10,,,,,,,,
TVGN,2026-08-07,6.47,6.79,0.04945904173106652,2026-08-10,,,,,,,,
TVIV,2026-08-07,9.9,9.9,0.0,2026-08-10,,,,,,,,
TVRD,2026-08-07,1.87,1.88,0.0053475935828875,2026-08-10,,,,,,,,
TVTX,2026-08-07,61.32,61.62,0.004892367906066397,2026-08-10,,,,,,,,
TW,2026-08-07,102.62,103.33,0.006918729292535453,2026-08-10,,,,,,,,
TWAV,2026-08-07,1.28,1.3,0.015625,2026-08-10,,,,,,,,
TWFG,2026-08-07,29.07,29.07,0.0,2026-08-10,,,,,,,,
TWG,2026-08-07,1.39,1.39,0.0,2026-08-10,,,,,,,,
TWI,2026-08-07,7.36,7.34,-0.0027173913043478937,2026-08-10,,,,,,,,
TWIN,2026-08-07,24.14,24.14,0.0,2026-08-10,,,,,,,,
TWLO,2026-08-07,241.28,242.78,0.006216843501326341,2026-08-10,,,,,,,,
TWLV,2026-08-07,10.02,10.02,0.0,2026-08-10,,,,,,,,
TWM,2026-08-07,20.63,20.63,0.0,2026-08-10,,,,,,,,
TWN,2026-08-07,91.81,91.81,0.0,2026-08-10,,,,,,,,
TWO,2026-08-07,12.12,12.1,-0.0016501650165016146,2026-08-10,,,,,,,,
TWOX,2026-08-07,29.98,29.98,0.0,2026-08-10,,,,,,,,
TWSC,2026-08-07,22.23,22.23,0.0,2026-08-10,,,,,,,,
TWST,2026-08-07,115.67,118.47,0.024206795193222108,2026-08-10,,,,,,,,
TX,2026-08-07,53.9,53.9,0.0,2026-08-10,,,,,,,,
TXBC,2026-08-07,13.22,13.22,0.0,2026-08-10,,,,,,,,
TXG,2026-08-07,52.03,51.34,-0.01326157985777432,2026-08-10,,,,,,,,
TXMD,2026-08-07,2.07,2.07,0.0,2026-08-10,,,,,,,,
TXN,2026-08-07,286.08,287.5,0.004963646532438526,2026-08-10,,,,,,,,
TXNM,2026-08-07,57.6,57.6,0.0,2026-08-10,,,,,,,,
TXNU,2026-08-07,47.32,47.32,0.0,2026-08-10,,,,,,,,
TXO,2026-08-07,13.75,13.75,0.0,2026-08-10,,,,,,,,
TXRH,2026-08-07,208.0,208.61,0.0029326923076924416,2026-08-10,,,,,,,,
TXS,2026-08-07,41.74,41.74,0.0,2026-08-10,,,,,,,,
TXT,2026-08-07,89.43,89.85,0.004696410600469436,2026-08-10,,,,,,,,
TXUE,2026-08-07,36.67,36.67,0.0,2026-08-10,,,,,,,,
TXUG,2026-08-07,27.84,27.84,0.0,2026-08-10,,,,,,,,
TXXD,2026-08-07,2.94,2.94,0.0,2026-08-10,,,,,,,,
TXXH,2026-08-07,31.84,31.84,0.0,2026-08-10,,,,,,,,
TXXI,2026-08-07,50.18,50.18,0.0,2026-08-10,,,,,,,,
TXXS,2026-08-07,19.02,19.02,0.0,2026-08-10,,,,,,,,
TY,2026-08-07,35.73,35.73,0.0,2026-08-10,,,,,,,,
TYA,2026-08-07,12.4,12.4,0.0,2026-08-10,,,,,,,,
TYD,2026-08-07,22.91,23.25,0.014840680925360061,2026-08-10,,,,,,,,
TYG,2026-08-07,42.59,42.59,0.0,2026-08-10,,,,,,,,
TYGO,2026-08-07,1.22,1.23,0.008196721311475308,2026-08-10,,,,,,,,
TYL,2026-08-07,312.45,314.52,0.006625060009601613,2026-08-10,,,,,,,,
TYLD,2026-08-07,25.38,25.38,0.0,2026-08-10,,,,,,,,
TYLG,2026-08-07,41.82,41.82,0.0,2026-08-10,,,,,,,,
TYO,2026-08-07,14.53,14.53,0.0,2026-08-10,,,,,,,,
TYRA,2026-08-07,26.51,26.86,0.0132025650697849,2026-08-10,,,,,,,,
TYYY,2026-08-07,35.24,35.24,0.0,2026-08-10,,,,,,,,
TZA,2026-08-07,37.6,37.93,0.008776595744680815,2026-08-10,,,,,,,,
TZOO,2026-08-07,7.33,7.54,0.028649386084584005,2026-08-10,,,,,,,,
U,2026-08-07,43.0,42.62,-0.008837209302325677,2026-08-10,,,,,,,,
UA,2026-08-07,5.93,5.97,0.006745362563237878,2026-08-10,,,,,,,,
UAA,2026-08-07,6.11,6.09,-0.00327332242225864,2026-08-10,,,,,,,,
UAC,2026-08-07,9.94,9.94,0.0,2026-08-10,,,,,,,,
UAE,2026-08-07,19.74,19.74,0.0,2026-08-10,,,,,,,,
UAL,2026-08-07,129.56,129.17,-0.0030101883297315446,2026-08-10,,,,,,,,
UAMY,2026-08-07,6.85,6.96,0.016058394160584077,2026-08-10,,,,,,,,
UAN,2026-08-07,126.57,122.19,-0.03460535671960174,2026-08-10,,,,,,,,
UAPR,2026-08-07,35.66,35.66,0.0,2026-08-10,,,,,,,,
UAUG,2026-08-07,43.01,43.01,0.0,2026-08-10,,,,,,,,
UAVS,2026-08-07,0.92,0.97,0.05434782608695654,2026-08-10,,,,,,,,
UBCP,2026-08-07,16.15,16.15,0.0,2026-08-10,,,,,,,,
UBER,2026-08-07,75.02,75.27,0.003332444681418245,2026-08-10,,,,,,,,
UBEW,2026-08-07,27.59,27.4,-0.006886553098948922,2026-08-10,,,,,,,,
UBND,2026-08-07,21.41,21.41,0.0,2026-08-10,,,,,,,,
UBOT,2026-08-07,25.12,25.12,0.0,2026-08-10,,,,,,,,
UBR,2026-08-07,30.21,30.21,0.0,2026-08-10,,,,,,,,
UBRL,2026-08-07,15.76,15.78,0.0012690355329949554,2026-08-10,,,,,,,,
UBS,2026-08-07,53.76,53.6,-0.0029761904761904656,2026-08-10,,,,,,,,
UBSI,2026-08-07,48.32,48.53,0.004346026490066324,2026-08-10,,,,,,,,
UBT,2026-08-07,15.13,15.13,0.0,2026-08-10,,,,,,,,
UCAR,2026-08-07,0.87,0.88,0.011494252873563315,2026-08-10,,,,,,,,
UCB,2026-08-07,35.51,35.34,-0.004787383835539116,2026-08-10,,,,,,,,
UCC,2026-08-07,49.51,49.51,0.0,2026-08-10,,,,,,,,
UCIB,2026-08-07,35.29,35.29,0.0,2026-08-10,,,,,,,,
UCL,2026-08-07,0.72,0.72,0.0,2026-08-10,,,,,,,,
UCO,2026-08-07,37.0,38.88,0.05081081081081096,2026-08-10,,,,,,,,
UCON,2026-08-07,24.7,24.7,0.0,2026-08-10,,,,,,,,
UCOP,2026-08-07,43.22,43.22,0.0,2026-08-10,,,,,,,,
UCRD,2026-08-07,21.18,21.18,0.0,2026-08-10,,,,,,,,
UCTT,2026-08-07,87.25,88.6,0.015472779369627432,2026-08-10,,,,,,,,
UCTX,2026-08-07,10.09,10.09,0.0,2026-08-10,,,,,,,,
UCYB,2026-08-07,89.12,89.12,0.0,2026-08-10,,,,,,,,
UDEC,2026-08-07,42.5,42.5,0.0,2026-08-10,,,,,,,,
UDI,2026-08-07,36.93,36.93,0.0,2026-08-10,,,,,,,,
UDIV,2026-08-07,62.04,62.04,0.0,2026-08-10,,,,,,,,
UDN,2026-08-07,18.2,18.2,0.0,2026-08-10,,,,,,,,
UDOW,2026-08-07,76.14,75.88,-0.003414762280010586,2026-08-10,,,,,,,,
UDR,2026-08-07,38.41,38.41,0.0,2026-08-10,,,,,,,,
UE,2026-08-07,21.63,21.63,0.0,2026-08-10,,,,,,,,
UEC,2026-08-07,11.26,11.35,0.00799289520426294,2026-08-10,,,,,,,,
UECG,2026-08-07,4.34,4.34,0.0,2026-08-10,,,,,,,,
UEIC,2026-08-07,4.76,4.76,0.0,2026-08-10,,,,,,,,
UEVM,2026-08-07,60.28,60.28,0.0,2026-08-10,,,,,,,,
UFCS,2026-08-07,54.47,54.22,-0.004589682393978389,2026-08-10,,,,,,,,
UFEB,2026-08-07,39.31,39.31,0.0,2026-08-10,,,,,,,,
UFG,2026-08-07,0.5,0.48,-0.040000000000000036,2026-08-10,,,,,,,,
UFI,2026-08-07,7.19,7.21,0.0027816411682892728,2026-08-10,,,,,,,,
UFIV,2026-08-07,48.0,48.0,0.0,2026-08-10,,,,,,,,
UFO,2026-08-07,48.13,48.49,0.00747974236442972,2026-08-10,,,,,,,,
UFOD,2026-08-07,25.96,25.96,0.0,2026-08-10,,,,,,,,
UFOX,2026-08-07,86.79,86.79,0.0,2026-08-10,,,,,,,,
UFPI,2026-08-07,94.04,94.92,0.00935772011909819,2026-08-10,,,,,,,,
UFPT,2026-08-07,314.01,314.01,0.0,2026-08-10,,,,,,,,
UG,2026-08-07,7.29,7.29,0.0,2026-08-10,,,,,,,,
UGA,2026-08-07,111.65,113.07,0.012718316166592025,2026-08-10,,,,,,,,
UGE,2026-08-07,19.36,19.36,0.0,2026-08-10,,,,,,,,
UGI,2026-08-07,34.18,34.18,0.0,2026-08-10,,,,,,,,
UGL,2026-08-07,50.69,50.51,-0.0035509962517261684,2026-08-10,,,,,,,,
UGLD,2026-08-07,22.3,22.41,0.004932735426008916,2026-08-10,,,,,,,,
UGP,2026-08-07,6.12,6.12,0.0,2026-08-10,,,,,,,,
UHAL,2026-08-07,75.27,75.27,0.0,2026-08-10,,,,,,,,
UHAL-B,2026-08-07,66.02,66.02,0.0,2026-08-10,,,,,,,,
UHS,2026-08-07,173.54,173.2,-0.001959202489339673,2026-08-10,,,,,,,,
UHT,2026-08-07,42.72,43.45,0.017088014981273547,2026-08-10,,,,,,,,
UI,2026-08-07,566.27,568.0,0.00305507973228325,2026-08-10,,,,,,,,
UIS,2026-08-07,2.97,2.99,0.006734006734006703,2026-08-10,,,,,,,,
UITB,2026-08-07,46.16,46.16,0.0,2026-08-10,,,,,,,,
UIVM,2026-08-07,77.38,77.38,0.0,2026-08-10,,,,,,,,
UJAN,2026-08-07,46.09,46.09,0.0,2026-08-10,,,,,,,,
UJB,2026-08-07,78.84,78.84,0.0,2026-08-10,,,,,,,,
UJUL,2026-08-07,41.47,41.47,0.0,2026-08-10,,,,,,,,
UJUN,2026-08-07,39.24,39.24,0.0,2026-08-10,,,,,,,,
UK,2026-08-07,2.12,2.11,-0.004716981132075526,2026-08-10,,,,,,,,
UL,2026-08-07,62.96,62.58,-0.0060355781448538925,2026-08-10,,,,,,,,
ULBI,2026-08-07,6.35,6.35,0.0,2026-08-10,,,,,,,,
ULCC,2026-08-07,7.38,7.7,0.04336043360433606,2026-08-10,,,,,,,,
ULE,2026-08-07,12.65,12.65,0.0,2026-08-10,,,,,,,,
ULH,2026-08-07,20.07,19.9,-0.008470353761833693,2026-08-10,,,,,,,,
ULS,2026-08-07,78.21,78.21,0.0,2026-08-10,,,,,,,,
ULST,2026-08-07,40.32,40.32,0.0,2026-08-10,,,,,,,,
ULTA,2026-08-07,565.15,561.0,-0.0073431832256922736,2026-08-10,,,,,,,,
ULTI,2026-08-07,7.57,7.61,0.005284015852047519,2026-08-10,,,,,,,,
ULTY,2026-08-07,27.31,27.35,0.0014646649578908821,2026-08-10,,,,,,,,
ULVM,2026-08-07,109.64,109.64,0.0,2026-08-10,,,,,,,,
UMAC,2026-08-07,26.11,26.34,0.008808885484488771,2026-08-10,,,,,,,,
UMAL,2026-08-07,17.13,17.13,0.0,2026-08-10,,,,,,,,
UMAR,2026-08-07,42.88,42.88,0.0,2026-08-10,,,,,,,,
UMAY,2026-08-07,38.66,38.66,0.0,2026-08-10,,,,,,,,
UMBF,2026-08-07,145.6,144.9,-0.00480769230769218,2026-08-10,,,,,,,,
UMC,2026-08-07,18.72,19.25,0.028311965811965933,2026-08-10,,,,,,,,
UMCX,2026-08-07,11.47,11.47,0.0,2026-08-10,,,,,,,,
UMDD,2026-08-07,37.99,37.99,0.0,2026-08-10,,,,,,,,
UMH,2026-08-07,15.9,15.9,0.0,2026-08-10,,,,,,,,
UMI,2026-08-07,59.05,59.05,0.0,2026-08-10,,,,,,,,
UMMA,2026-08-07,37.04,36.06,-0.026457883369330415,2026-08-10,,,,,,,,
UN,2026-08-07,23.3,23.3,0.0,2026-08-10,,,,,,,,
UNB,2026-08-07,23.55,23.55,0.0,2026-08-10,,,,,,,,
UNCY,2026-08-07,5.07,5.07,0.0,2026-08-10,,,,,,,,
UNF,2026-08-07,290.37,290.37,0.0,2026-08-10,,,,,,,,
UNFI,2026-08-07,47.06,47.06,0.0,2026-08-10,,,,,,,,
UNG,2026-08-07,9.74,10.06,0.03285420944558526,2026-08-10,,,,,,,,
UNH,2026-08-07,407.08,405.94,-0.002800432347450088,2026-08-10,,,,,,,,
UNHG,2026-08-07,21.4,21.4,0.0,2026-08-10,,,,,,,,
UNHU,2026-08-07,52.11,52.11,0.0,2026-08-10,,,,,,,,
UNHW,2026-08-07,50.39,50.39,0.0,2026-08-10,,,,,,,,
UNIT,2026-08-07,9.54,9.54,0.0,2026-08-10,,,,,,,,
UNIY,2026-08-07,47.8,47.8,0.0,2026-08-10,,,,,,,,
UNL,2026-08-07,5.89,5.89,0.0,2026-08-10,,,,,,,,
UNM,2026-08-07,90.56,90.56,0.0,2026-08-10,,,,,,,,
UNOV,2026-08-07,40.97,40.97,0.0,2026-08-10,,,,,,,,
UNP,2026-08-07,293.13,292.31,-0.0027973936478695727,2026-08-10,,,,,,,,
UNTY,2026-08-07,59.66,59.34,-0.00536372779081451,2026-08-10,,,,,,,,
UNX,2026-08-07,99.73,99.73,0.0,2026-08-10,,,,,,,,
UOCT,2026-08-07,41.84,41.84,0.0,2026-08-10,,,,,,,,
UONE,2026-08-07,5.16,5.16,0.0,2026-08-10,,,,,,,,
UP,2026-08-07,5.45,5.45,0.0,2026-08-10,,,,,,,,
UPAL,2026-08-07,27.74,27.74,0.0,2026-08-10,,,,,,,,
UPAR,2026-08-07,16.11,16.11,0.0,2026-08-10,,,,,,,,
UPB,2026-08-07,7.25,7.29,0.0055172413793103114,2026-08-10,,,,,,,,
UPBD,2026-08-07,19.83,19.89,0.00302571860816947,2026-08-10,,,,,,,,
UPC,2026-08-07,5.56,5.4,-0.028776978417266008,2026-08-10,,,,,,,,
UPGD,2026-08-07,84.2,84.2,0.0,2026-08-10,,,,,,,,
UPGR,2026-08-07,25.18,25.18,0.0,2026-08-10,,,,,,,,
UPLD,2026-08-07,5.25,5.25,0.0,2026-08-10,,,,,,,,
UPLT,2026-08-07,25.11,25.11,0.0,2026-08-10,,,,,,,,
UPRO,2026-08-07,155.06,155.31,0.0016122791177608509,2026-08-10,,,,,,,,
UPS,2026-08-07,104.5,104.83,0.0031578947368420263,2026-08-10,,,,,,,,
UPSC,2026-08-07,21.19,21.19,0.0,2026-08-10,,,,,,,,
UPSD,2026-08-07,30.17,30.17,0.0,2026-08-10,,,,,,,,
UPSG,2026-08-07,15.8,,,2026-08-10,,,,,,,,
UPST,2026-08-07,31.09,30.72,-0.011900932775812167,2026-08-10,,,,,,,,
UPSX,2026-08-07,16.87,16.9,0.0017783046828687699,2026-08-10,,,,,,,,
UPV,2026-08-07,107.15,107.15,0.0,2026-08-10,,,,,,,,
UPW,2026-08-07,21.88,21.88,0.0,2026-08-10,,,,,,,,
UPWK,2026-08-07,9.67,9.75,0.008273009307135482,2026-08-10,,,,,,,,
UPXI,2026-08-07,0.85,0.83,-0.02352941176470591,2026-08-10,,,,,,,,
URA,2026-08-07,44.91,45.2,0.0064573591627701266,2026-08-10,,,,,,,,
URAA,2026-08-07,25.82,25.46,-0.013942680092951187,2026-08-10,,,,,,,,
URAN,2026-08-07,38.91,38.91,0.0,2026-08-10,,,,,,,,
URBN,2026-08-07,76.92,76.11,-0.010530421216848662,2026-08-10,,,,,,,,
URE,2026-08-07,71.16,71.16,0.0,2026-08-10,,,,,,,,
URG,2026-08-07,1.4,1.41,0.0071428571428571175,2026-08-10,,,,,,,,
URGN,2026-08-07,46.96,48.23,0.027044293015332066,2026-08-10,,,,,,,,
URI,2026-08-07,1162.84,1169.5,0.0057273571600564566,2026-08-10,,,,,,,,
URNJ,2026-08-07,24.31,24.5,0.007815713698066773,2026-08-10,,,,,,,,
URNM,2026-08-07,54.53,55.25,0.013203741059967022,2026-08-10,,,,,,,,
UROY,2026-08-07,4.15,4.14,-0.002409638554217053,2026-08-10,,,,,,,,
URSP,2026-08-07,52.05,53.21,0.022286263208453505,2026-08-10,,,,,,,,
URTH,2026-08-07,210.47,210.47,0.0,2026-08-10,,,,,,,,
URTY,2026-08-07,86.88,87.19,0.003568139963167516,2026-08-10,,,,,,,,
USA,2026-08-07,6.01,6.02,0.0016638935108153063,2026-08-10,,,,,,,,
USAC,2026-08-07,25.82,25.82,0.0,2026-08-10,,,,,,,,
USAF,2026-08-07,28.05,28.05,0.0,2026-08-10,,,,,,,,
USAI,2026-08-07,45.42,45.42,0.0,2026-08-10,,,,,,,,
USAR,2026-08-07,19.33,19.54,0.010863942058975784,2026-08-10,,,,,,,,
USAS,2026-08-07,5.01,5.04,0.005988023952095967,2026-08-10,,,,,,,,
USAU,2026-08-07,15.62,15.64,0.001280409731114096,2026-08-10,,,,,,,,
USAX,2026-08-07,13.89,14.16,0.01943844492440605,2026-08-10,,,,,,,,
USB,2026-08-07,63.94,64.0,0.0009383797309978625,2026-08-10,,,,,,,,
USBC,2026-08-07,0.34,0.35,0.02941176470588225,2026-08-10,,,,,,,,
USCA,2026-08-07,45.92,45.92,0.0,2026-08-10,,,,,,,,
USCB,2026-08-07,22.34,22.34,0.0,2026-08-10,,,,,,,,
USCI,2026-08-07,99.89,99.89,0.0,2026-08-10,,,,,,,,
USCL,2026-08-07,87.27,87.27,0.0,2026-08-10,,,,,,,,
USD,2026-08-07,93.67,94.8,0.01206362762890989,2026-08-10,,,,,,,,
USDE,2026-08-07,2.07,2.08,0.004830917874396157,2026-08-10,,,,,,,,
USDU,2026-08-07,26.35,26.35,0.0,2026-08-10,,,,,,,,
USDX,2026-08-07,25.5,25.5,0.0,2026-08-10,,,,,,,,
USE,2026-08-07,30.86,30.86,0.0,2026-08-10,,,,,,,,
USEA,2026-08-07,2.71,2.71,0.0,2026-08-10,,,,,,,,
USEP,2026-08-07,41.88,41.88,0.0,2026-08-10,,,,,,,,
USEW,2026-08-07,56.97,56.97,0.0,2026-08-10,,,,,,,,
USFD,2026-08-07,108.88,107.88,-0.009184423218221882,2026-08-10,,,,,,,,
USFE,2026-08-07,36.85,36.85,0.0,2026-08-10,,,,,,,,
USFR,2026-08-07,50.41,50.42,0.00019837333862349205,2026-08-10,,,,,,,,
USG,2026-08-07,33.98,34.3,0.009417304296645002,2026-08-10,,,,,,,,
USGG,2026-08-07,8.33,8.5,0.020408163265306145,2026-08-10,,,,,,,,
USGO,2026-08-07,8.64,8.64,0.0,2026-08-10,,,,,,,,
USHY,2026-08-07,36.82,36.75,-0.0019011406844106071,2026-08-10,,,,,,,,
USIG,2026-08-07,50.4,50.34,-0.0011904761904760752,2026-08-10,,,,,,,,
USIN,2026-08-07,49.02,49.02,0.0,2026-08-10,,,,,,,,
USIO,2026-08-07,2.32,2.32,0.0,2026-08-10,,,,,,,,
USL,2026-08-07,48.11,48.11,0.0,2026-08-10,,,,,,,,
USLM,2026-08-07,120.07,120.07,0.0,2026-08-10,,,,,,,,
USLN,2026-08-07,50.49,50.49,0.0,2026-08-10,,,,,,,,
USLV,2026-08-07,15.82,16.0,0.011378002528444897,2026-08-10,,,,,,,,
USMC,2026-08-07,76.3,76.3,0.0,2026-08-10,,,,,,,,
USMD,2026-08-07,31.88,31.88,0.0,2026-08-10,,,,,,,,
USMF,2026-08-07,53.84,53.84,0.0,2026-08-10,,,,,,,,
USML,2026-08-07,46.77,46.77,0.0,2026-08-10,,,,,,,,
USMV,2026-08-07,100.62,101.68,0.010534684953289686,2026-08-10,,,,,,,,
USNA,2026-08-07,15.47,15.47,0.0,2026-08-10,,,,,,,,
USNG,2026-08-07,34.07,34.07,0.0,2026-08-10,,,,,,,,
USNZ,2026-08-07,49.07,49.07,0.0,2026-08-10,,,,,,,,
USO,2026-08-07,117.98,121.47,0.029581284963553056,2026-08-10,,,,,,,,
USOI,2026-08-07,45.05,45.35,0.006659267480577213,2026-08-10,,,,,,,,
USOY,2026-08-07,6.75,6.89,0.020740740740740726,2026-08-10,,,,,,,,
USPH,2026-08-07,80.05,80.05,0.0,2026-08-10,,,,,,,,
USPX,2026-08-07,67.6,67.6,0.0,2026-08-10,,,,,,,,
USRD,2026-08-07,37.24,,,2026-08-10,,,,,,,,
USRT,2026-08-07,67.38,67.38,0.0,2026-08-10,,,,,,,,
USSE,2026-08-07,41.48,41.48,0.0,2026-08-10,,,,,,,,
USSG,2026-08-07,72.19,72.19,0.0,2026-08-10,,,,,,,,
USSH,2026-08-07,50.26,50.26,0.0,2026-08-10,,,,,,,,
UST,2026-08-07,41.44,41.44,0.0,2026-08-10,,,,,,,,
USTB,2026-08-07,50.42,50.91,0.009718365727885647,2026-08-10,,,,,,,,
USVM,2026-08-07,110.63,110.63,0.0,2026-08-10,,,,,,,,
USVN,2026-08-07,47.16,47.16,0.0,2026-08-10,,,,,,,,
USX,2026-08-07,25.61,25.61,0.0,2026-08-10,,,,,,,,
USXF,2026-08-07,69.58,69.58,0.0,2026-08-10,,,,,,,,
UTEN,2026-08-07,42.55,42.55,0.0,2026-08-10,,,,,,,,
UTES,2026-08-07,76.54,76.54,0.0,2026-08-10,,,,,,,,
UTF,2026-08-07,27.23,27.45,0.008079324274697042,2026-08-10,,,,,,,,
UTG,2026-08-07,39.24,39.35,0.0028032619775739676,2026-08-10,,,,,,,,
UTHR,2026-08-07,538.84,538.84,0.0,2026-08-10,,,,,,,,
UTHY,2026-08-07,39.1,39.1,0.0,2026-08-10,,,,,,,,
UTI,2026-08-07,28.95,29.36,0.014162348877374775,2026-08-10,,,,,,,,
UTL,2026-08-07,53.73,53.73,0.0,2026-08-10,,,,,,,,
UTMD,2026-08-07,70.83,70.83,0.0,2026-08-10,,,,,,,,
UTRE,2026-08-07,48.96,48.96,0.0,2026-08-10,,,,,,,,
UTSI,2026-08-07,2.5,2.5,0.0,2026-08-10,,,,,,,,
UTSL,2026-08-07,39.94,40.45,0.012769153730596061,2026-08-10,,,,,,,,
UTWO,2026-08-07,47.95,47.95,0.0,2026-08-10,,,,,,,,
UTWY,2026-08-07,41.35,41.35,0.0,2026-08-10,,,,,,,,
UTZ,2026-08-07,14.11,14.12,0.0007087172218285254,2026-08-10,,,,,,,,
UUP,2026-08-07,28.07,28.07,0.0,2026-08-10,,,,,,,,
UUPP,2026-08-07,25.1,25.1,0.0,2026-08-10,,,,,,,,
UUU,2026-08-07,3.5,3.5,0.0,2026-08-10,,,,,,,,
UUUC,2026-08-07,25.87,25.87,0.0,2026-08-10,,,,,,,,
UUUG,2026-08-07,4.61,4.85,0.05206073752711471,2026-08-10,,,,,,,,
UUUU,2026-08-07,14.14,14.46,0.022630834512022746,2026-08-10,,,,,,,,
UVE,2026-08-07,44.15,44.15,0.0,2026-08-10,,,,,,,,
UVIX,2026-08-07,50.55,50.04,-0.010089020771513302,2026-08-10,,,,,,,,
UVSP,2026-08-07,42.84,42.84,0.0,2026-08-10,,,,,,,,
UVV,2026-08-07,50.84,51.25,0.008064516129032251,2026-08-10,,,,,,,,
UVXY,2026-08-07,21.62,21.5,-0.005550416281221104,2026-08-10,,,,,,,,
UWM,2026-08-07,67.25,67.25,0.0,2026-08-10,,,,,,,,
UWMC,2026-08-07,1.28,1.3,0.015625,2026-08-10,,,,,,,,
UX,2026-08-07,28.9,28.9,0.0,2026-08-10,,,,,,,,
UXAP,2026-08-07,44.49,44.49,0.0,2026-08-10,,,,,,,,
UXI,2026-08-07,62.86,62.86,0.0,2026-08-10,,,,,,,,
UXIN,2026-08-07,1.28,1.21,-0.0546875,2026-08-10,,,,,,,,
UXJA,2026-08-07,39.43,39.43,0.0,2026-08-10,,,,,,,,
UXJL,2026-08-07,37.63,37.63,0.0,2026-08-10,,,,,,,,
UXOC,2026-08-07,40.63,40.63,0.0,2026-08-10,,,,,,,,
UXRP,2026-08-07,9.22,9.38,0.017353579175704903,2026-08-10,,,,,,,,
UYG,2026-08-07,97.87,97.87,0.0,2026-08-10,,,,,,,,
UYLD,2026-08-07,51.03,51.14,0.002155594748187273,2026-08-10,,,,,,,,
UYM,2026-08-07,31.84,31.84,0.0,2026-08-10,,,,,,,,
UYSC,2026-08-07,10.74,10.74,0.0,2026-08-10,,,,,,,,
UZX,2026-08-07,0.23,0.23,0.0,2026-08-10,,,,,,,,
V,2026-08-07,362.5,362.3,-0.0005517241379310311,2026-08-10,,,,,,,,
VABK,2026-08-07,47.91,47.91,0.0,2026-08-10,,,,,,,,
VABS,2026-08-07,24.2,24.2,0.0,2026-08-10,,,,,,,,
VAC,2026-08-07,123.47,124.06,0.004778488701709049,2026-08-10,,,,,,,,
VACI,2026-08-07,10.14,10.14,0.0,2026-08-10,,,,,,,,
VAIE,2026-08-07,25.12,25.12,0.0,2026-08-10,,,,,,,,
VAL,2026-08-07,78.78,78.78,0.0,2026-08-10,,,,,,,,
VALE,2026-08-07,14.71,14.75,0.002719238613188235,2026-08-10,,,,,,,,
VALG,2026-08-07,16.89,16.89,0.0,2026-08-10,,,,,,,,
VALN,2026-08-07,5.3,5.47,0.03207547169811309,2026-08-10,,,,,,,,
VALQ,2026-08-07,71.93,71.93,0.0,2026-08-10,,,,,,,,
VALU,2026-08-07,38.47,38.47,0.0,2026-08-10,,,,,,,,
VAMO,2026-08-07,36.37,36.37,0.0,2026-08-10,,,,,,,,
VANI,2026-08-07,1.41,1.41,0.0,2026-08-10,,,,,,,,
VATE,2026-08-07,12.11,11.95,-0.013212221304706895,2026-08-10,,,,,,,,
VAVX,2026-08-07,13.38,13.38,0.0,2026-08-10,,,,,,,,
VAW,2026-08-07,236.41,236.03,-0.0016073770145086375,2026-08-10,,,,,,,,
VB,2026-08-07,306.09,306.1,3.267012970065153e-05,2026-08-10,,,,,,,,
VBCA,2026-08-07,75.51,75.51,0.0,2026-08-10,,,,,,,,
VBCB,2026-08-07,75.42,75.42,0.0,2026-08-10,,,,,,,,
VBCC,2026-08-07,75.24,75.24,0.0,2026-08-10,,,,,,,,
VBCD,2026-08-07,75.0,75.0,0.0,2026-08-10,,,,,,,,
VBCE,2026-08-07,74.95,74.95,0.0,2026-08-10,,,,,,,,
VBCF,2026-08-07,74.85,74.85,0.0,2026-08-10,,,,,,,,
VBCG,2026-08-07,74.42,74.42,0.0,2026-08-10,,,,,,,,
VBCH,2026-08-07,74.44,74.44,0.0,2026-08-10,,,,,,,,
VBCI,2026-08-07,74.3,74.3,0.0,2026-08-10,,,,,,,,
VBCJ,2026-08-07,74.09,74.09,0.0,2026-08-10,,,,,,,,
VBF,2026-08-07,14.78,14.78,0.0,2026-08-10,,,,,,,,
VBIL,2026-08-07,75.54,75.55,0.00013238019592254346,2026-08-10,,,,,,,,
VBIO,2026-08-07,0.29,0.3,0.034482758620689724,2026-08-10,,,,,,,,
VBK,2026-08-07,360.61,360.61,0.0,2026-08-10,,,,,,,,
VBNB,2026-08-07,23.0,23.0,0.0,2026-08-10,,,,,,,,
VBND,2026-08-07,43.15,43.15,0.0,2026-08-10,,,,,,,,
VBNK,2026-08-07,19.09,19.05,-0.002095337873232017,2026-08-10,,,,,,,,
VBR,2026-08-07,249.9,249.9,0.0,2026-08-10,,,,,,,,
VBX,2026-08-07,26.23,26.23,0.0,2026-08-10,,,,,,,,
VC,2026-08-07,104.13,104.13,0.0,2026-08-10,,,,,,,,
VCEB,2026-08-07,61.63,61.63,0.0,2026-08-10,,,,,,,,
VCEL,2026-08-07,45.09,45.35,0.005766245287203375,2026-08-10,,,,,,,,
VCHY,2026-08-07,75.04,75.04,0.0,2026-08-10,,,,,,,,
VCIG,2026-08-07,0.29,0.3,0.034482758620689724,2026-08-10,,,,,,,,
VCIT,2026-08-07,81.42,81.41,-0.00012281994595930712,2026-08-10,,,,,,,,
VCLN,2026-08-07,28.35,28.35,0.0,2026-08-10,,,,,,,,
VCLT,2026-08-07,72.36,72.36,0.0,2026-08-10,,,,,,,,
VCOB,2026-08-07,48.91,48.91,0.0,2026-08-10,,,,,,,,
VCR,2026-08-07,403.04,403.04,0.0,2026-08-10,,,,,,,,
VCRB,2026-08-07,76.08,76.08,0.0,2026-08-10,,,,,,,,
VCRE,2026-08-07,11.82,11.86,0.0033840947546530664,2026-08-10,,,,,,,,
VCRM,2026-08-07,75.18,75.18,0.0,2026-08-10,,,,,,,,
VCSH,2026-08-07,78.61,78.61,0.0,2026-08-10,,,,,,,,
VCTR,2026-08-07,108.16,108.0,-0.0014792899408283544,2026-08-10,,,,,,,,
VCV,2026-08-07,10.63,10.63,0.0,2026-08-10,,,,,,,,
VCX,2026-08-07,34.45,34.97,0.015094339622641284,2026-08-10,,,,,,,,
VCYT,2026-08-07,47.22,47.3,0.0016941973739941218,2026-08-10,,,,,,,,
VDC,2026-08-07,231.22,231.22,0.0,2026-08-10,,,,,,,,
VDE,2026-08-07,162.37,163.3,0.005727659050317246,2026-08-10,,,,,,,,
VDG,2026-08-07,81.85,81.85,0.0,2026-08-10,,,,,,,,
VDI,2026-08-07,36.89,36.89,0.0,2026-08-10,,,,,,,,
VDIG,2026-08-07,64.98,64.98,0.0,2026-08-10,,,,,,,,
VDV,2026-08-07,78.77,78.77,0.0,2026-08-10,,,,,,,,
VEA,2026-08-07,72.89,72.92,0.0004115790917822437,2026-08-10,,,,,,,,
VECA,2026-08-07,9.98,9.98,0.0,2026-08-10,,,,,,,,
VECO,2026-08-07,52.78,54.0,0.02311481621826439,2026-08-10,,,,,,,,
VEEA,2026-08-07,0.16,0.16,0.0,2026-08-10,,,,,,,,
VEEE,2026-08-07,8.5,8.45,-0.005882352941176561,2026-08-10,,,,,,,,
VEEV,2026-08-07,230.47,229.98,-0.0021260901635787866,2026-08-10,,,,,,,,
VEFA,2026-08-07,84.21,84.21,0.0,2026-08-10,,,,,,,,
VEGA,2026-08-07,53.32,53.32,0.0,2026-08-10,,,,,,,,
VEGI,2026-08-07,44.48,44.48,0.0,2026-08-10,,,,,,,,
VEGN,2026-08-07,77.75,77.75,0.0,2026-08-10,,,,,,,,
VEL,2026-08-07,18.46,18.46,0.0,2026-08-10,,,,,,,,
VELL,2026-08-07,5.63,5.96,0.05861456483126104,2026-08-10,,,,,,,,
VELO,2026-08-07,14.16,14.61,0.03177966101694918,2026-08-10,,,,,,,,
VEM,2026-08-07,26.82,26.82,0.0,2026-08-10,,,,,,,,
VEMY,2026-08-07,28.72,28.72,0.0,2026-08-10,,,,,,,,
VENU,2026-08-07,2.02,2.02,0.0,2026-08-10,,,,,,,,
VEON,2026-08-07,57.1,57.5,0.007005253940455258,2026-08-10,,,,,,,,
VERA,2026-08-07,32.89,32.85,-0.0012161751292185663,2026-08-10,,,,,,,,
VERI,2026-08-07,1.31,1.37,0.04580152671755733,2026-08-10,,,,,,,,
VERS,2026-08-07,73.45,73.45,0.0,2026-08-10,,,,,,,,
VERU,2026-08-07,2.33,2.35,0.008583690987124415,2026-08-10,,,,,,,,
VERX,2026-08-07,11.94,11.94,0.0,2026-08-10,,,,,,,,
VET,2026-08-07,10.86,10.79,-0.006445672191528584,2026-08-10,,,,,,,,
VETZ,2026-08-07,19.42,19.42,0.0,2026-08-10,,,,,,,,
VEU,2026-08-07,85.22,85.2,-0.0002346866932644298,2026-08-10,,,,,,,,
VEXC,2026-08-07,95.19,95.19,0.0,2026-08-10,,,,,,,,
VFC,2026-08-07,14.99,15.04,0.0033355570380253496,2026-08-10,,,,,,,,
VFF,2026-08-07,2.08,2.23,0.07211538461538458,2026-08-10,,,,,,,,
VFH,2026-08-07,140.9,141.0,0.0007097232079489313,2026-08-10,,,,,,,,
VFLO,2026-08-07,51.46,51.46,0.0,2026-08-10,,,,,,,,
VFMF,2026-08-07,184.76,184.7,-0.0003247456159342077,2026-08-10,,,,,,,,
VFMO,2026-08-07,232.7,234.0,0.005586592178770999,2026-08-10,,,,,,,,
VFMV,2026-08-07,146.58,146.58,0.0,2026-08-10,,,,,,,,
VFQY,2026-08-07,176.95,176.95,0.0,2026-08-10,,,,,,,,
VFS,2026-08-07,3.35,3.39,0.011940298507462588,2026-08-10,,,,,,,,
VFVA,2026-08-07,160.39,160.39,0.0,2026-08-10,,,,,,,,
VG,2026-08-07,13.26,13.54,0.02111613876319751,2026-08-10,,,,,,,,
VGAS,2026-08-07,1.34,1.33,-0.007462686567164201,2026-08-10,,,,,,,,
VGHY,2026-08-07,74.47,74.47,0.0,2026-08-10,,,,,,,,
VGI,2026-08-07,7.4,7.4,0.0,2026-08-10,,,,,,,,
VGIT,2026-08-07,58.42,58.4,-0.000342348510784074,2026-08-10,,,,,,,,
VGK,2026-08-07,92.6,92.6,0.0,2026-08-10,,,,,,,,
VGLT,2026-08-07,53.08,52.97,-0.0020723436322531708,2026-08-10,,,,,,,,
VGM,2026-08-07,10.4,10.4,0.0,2026-08-10,,,,,,,,
VGMS,2026-08-07,50.94,50.94,0.0,2026-08-10,,,,,,,,
VGNT,2026-08-07,44.1,44.0,-0.0022675736961451642,2026-08-10,,,,,,,,
VGRO,2026-08-07,26.12,26.12,0.0,2026-08-10,,,,,,,,
VGSH,2026-08-07,58.07,58.06,-0.0001722059583261215,2026-08-10,,,,,,,,
VGSR,2026-08-07,11.59,11.59,0.0,2026-08-10,,,,,,,,
VGT,2026-08-07,121.45,121.94,0.00403458213256469,2026-08-10,,,,,,,,
VGUS,2026-08-07,75.53,75.53,0.0,2026-08-10,,,,,,,,
VGVT,2026-08-07,74.24,74.24,0.0,2026-08-10,,,,,,,,
VGZ,2026-08-07,2.11,2.2,0.042654028436019065,2026-08-10,,,,,,,,
VHC,2026-08-07,15.08,15.08,0.0,2026-08-10,,,,,,,,
VHCP,2026-08-07,10.01,10.01,0.0,2026-08-10,,,,,,,,
VHI,2026-08-07,15.89,15.89,0.0,2026-08-10,,,,,,,,
VHT,2026-08-07,312.12,312.05,-0.00022427271562219797,2026-08-10,,,,,,,,
VHUB,2026-08-07,0.69,0.69,0.0,2026-08-10,,,,,,,,
VIA,2026-08-07,22.21,22.82,0.0274651058081945,2026-08-10,,,,,,,,
VIAG,2026-08-07,11.73,11.73,0.0,2026-08-10,,,,,,,,
VIAV,2026-08-07,39.14,39.75,0.015585079202861563,2026-08-10,,,,,,,,
VICE,2026-08-07,33.54,33.54,0.0,2026-08-10,,,,,,,,
VICI,2026-08-07,26.74,26.77,0.0011219147344803115,2026-08-10,,,,,,,,
VICR,2026-08-07,221.2,226.0,0.02169981916817365,2026-08-10,,,,,,,,
VIDA,2026-08-07,2.44,2.44,0.0,2026-08-10,,,,,,,,
VIDI,2026-08-07,39.9,39.9,0.0,2026-08-10,,,,,,,,
VIG,2026-08-07,245.23,245.27,0.00016311218040221398,2026-08-10,,,,,,,,
VIGI,2026-08-07,99.6,98.2,-0.014056224899598346,2026-08-10,,,,,,,,
VII,2026-08-07,9.81,9.81,0.0,2026-08-10,,,,,,,,
VIK,2026-08-07,105.79,107.0,0.01143775404102465,2026-08-10,,,,,,,,
VINP,2026-08-07,10.07,10.07,0.0,2026-08-10,,,,,,,,
VIOG,2026-08-07,152.15,152.15,0.0,2026-08-10,,,,,,,,
VIOO,2026-08-07,137.99,137.99,0.0,2026-08-10,,,,,,,,
VIOT,2026-08-07,0.73,0.74,0.013698630136986356,2026-08-10,,,,,,,,
VIOV,2026-08-07,119.48,119.48,0.0,2026-08-10,,,,,,,,
VIP,2026-08-07,2.05,2.05,0.0,2026-08-10,,,,,,,,
VIPS,2026-08-07,15.68,15.68,0.0,2026-08-10,,,,,,,,
VIR,2026-08-07,8.82,8.76,-0.006802721088435382,2026-08-10,,,,,,,,
VIRC,2026-08-07,6.12,6.12,0.0,2026-08-10,,,,,,,,
VIRT,2026-08-07,55.85,55.85,0.0,2026-08-10,,,,,,,,
VIS,2026-08-07,356.83,356.83,0.0,2026-08-10,,,,,,,,
VISN,2026-08-07,10.94,11.0,0.005484460694698434,2026-08-10,,,,,,,,
VIST,2026-08-07,65.96,66.3,0.005154639175257714,2026-08-10,,,,,,,,
VITL,2026-08-07,12.24,12.24,0.0,2026-08-10,,,,,,,,
VIV,2026-08-07,12.01,12.14,0.010824313072439695,2026-08-10,,,,,,,,
VIVK,2026-08-07,1.26,1.23,-0.023809523809523836,2026-08-10,,,,,,,,
VIVO,2026-08-07,4.04,4.13,0.022277227722772297,2026-08-10,,,,,,,,
VIVS,2026-08-07,0.47,0.4,-0.14893617021276584,2026-08-10,,,,,,,,
VIXM,2026-08-07,14.35,14.35,0.0,2026-08-10,,,,,,,,
VIXY,2026-08-07,19.56,19.45,-0.005623721881390598,2026-08-10,,,,,,,,
VKI,2026-08-07,9.02,9.02,0.0,2026-08-10,,,,,,,,
VKQ,2026-08-07,9.95,9.95,0.0,2026-08-10,,,,,,,,
VKTX,2026-08-07,34.26,34.12,-0.004086398131932345,2026-08-10,,,,,,,,
VLGEA,2026-08-07,43.17,43.17,0.0,2026-08-10,,,,,,,,
VLLU,2026-08-07,26.95,26.95,0.0,2026-08-10,,,,,,,,
VLN,2026-08-07,1.74,1.81,0.04022988505747138,2026-08-10,,,,,,,,
VLO,2026-08-07,298.31,301.18,0.009620864201669521,2026-08-10,,,,,,,,
VLOS,2026-08-07,10.74,10.74,0.0,2026-08-10,,,,,,,,
VLRS,2026-08-07,8.17,7.44,-0.08935128518971847,2026-08-10,,,,,,,,
VLT,2026-08-07,10.09,10.09,0.0,2026-08-10,,,,,,,,
VLTO,2026-08-07,98.34,99.32,0.009965426072808592,2026-08-10,,,,,,,,
VLU,2026-08-07,247.81,247.81,0.0,2026-08-10,,,,,,,,
VLUE,2026-08-07,197.63,197.63,0.0,2026-08-10,,,,,,,,
VLY,2026-08-07,14.55,14.52,-0.0020618556701031965,2026-08-10,,,,,,,,
VMAR,2026-08-07,0.66,0.63,-0.045454545454545525,2026-08-10,,,,,,,,
VMAX,2026-08-07,64.08,64.08,0.0,2026-08-10,,,,,,,,
VMBS,2026-08-07,46.24,46.39,0.0032439446366780977,2026-08-10,,,,,,,,
VMC,2026-08-07,284.69,284.89,0.0007025185289262215,2026-08-10,,,,,,,,
VMD,2026-08-07,9.73,9.73,0.0,2026-08-10,,,,,,,,
VMET,2026-08-07,10.25,10.25,0.0,2026-08-10,,,,,,,,
VMI,2026-08-07,493.64,493.64,0.0,2026-08-10,,,,,,,,
VMO,2026-08-07,9.83,9.83,0.0,2026-08-10,,,,,,,,
VMSB,2026-08-07,49.59,49.59,0.0,2026-08-10,,,,,,,,
VNAM,2026-08-07,24.01,24.01,0.0,2026-08-10,,,,,,,,
VNCE,2026-08-07,6.76,6.76,0.0,2026-08-10,,,,,,,,
VNDA,2026-08-07,5.0,5.26,0.052000000000000046,2026-08-10,,,,,,,,
VNET,2026-08-07,7.33,7.3,-0.004092769440654842,2026-08-10,,,,,,,,
VNIE,2026-08-07,25.46,25.46,0.0,2026-08-10,,,,,,,,
VNLA,2026-08-07,48.89,48.89,0.0,2026-08-10,,,,,,,,
VNM,2026-08-07,17.44,17.49,0.0028669724770640226,2026-08-10,,,,,,,,
VNME,2026-08-07,10.25,10.25,0.0,2026-08-10,,,,,,,,
VNO,2026-08-07,39.5,40.5,0.025316455696202445,2026-08-10,,,,,,,,
VNOM,2026-08-07,40.82,40.93,0.002694757471827458,2026-08-10,,,,,,,,
VNQ,2026-08-07,98.43,98.43,0.0,2026-08-10,,,,,,,,
VNQI,2026-08-07,46.23,46.23,0.0,2026-08-10,,,,,,,,
VNRX,2026-08-07,0.78,0.81,0.03846153846153855,2026-08-10,,,,,,,,
VNSE,2026-08-07,42.81,42.81,0.0,2026-08-10,,,,,,,,
VNT,2026-08-07,35.09,34.95,-0.003989740666856645,2026-08-10,,,,,,,,
VNTG,2026-08-07,0.66,0.66,0.0,2026-08-10,,,,,,,,
VO,2026-08-07,82.69,82.5,-0.002297738541540695,2026-08-10,,,,,,,,
VOC,2026-08-07,3.05,3.05,0.0,2026-08-10,,,,,,,,
VOD,2026-08-07,16.19,16.0,-0.011735639283508403,2026-08-10,,,,,,,,
VOE,2026-08-07,207.1,207.1,0.0,2026-08-10,,,,,,,,
VOLT,2026-08-07,38.09,37.84,-0.006563402467839374,2026-08-10,,,,,,,,
VONE,2026-08-07,350.17,350.21,0.00011423023103063201,2026-08-10,,,,,,,,
VONG,2026-08-07,128.28,128.67,0.0030402245088867463,2026-08-10,,,,,,,,
VONV,2026-08-07,112.97,112.97,0.0,2026-08-10,,,,,,,,
VOO,2026-08-07,710.71,711.12,0.0005768879008314354,2026-08-10,,,,,,,,
VOOG,2026-08-07,85.42,85.68,0.0030437836572232424,2026-08-10,,,,,,,,
VOOV,2026-08-07,227.6,228.51,0.003998242530755647,2026-08-10,,,,,,,,
VOOX,2026-08-07,25.54,25.54,0.0,2026-08-10,,,,,,,,
VOR,2026-08-07,23.67,23.8,0.005492184199408445,2026-08-10,,,,,,,,
VOT,2026-08-07,306.28,303.26,-0.009860258586913861,2026-08-10,,,,,,,,
VOTE,2026-08-07,91.22,91.22,0.0,2026-08-10,,,,,,,,
VOX,2026-08-07,187.52,190.29,0.01477175767918082,2026-08-10,,,,,,,,
VOXP,2026-08-07,40.13,40.13,0.0,2026-08-10,,,,,,,,
VOXR,2026-08-07,5.04,5.18,0.02777777777777768,2026-08-10,,,,,,,,
VOYA,2026-08-07,101.4,100.0,-0.013806706114398493,2026-08-10,,,,,,,,
VOYG,2026-08-07,41.85,42.19,0.008124253285543448,2026-08-10,,,,,,,,
VPC,2026-08-07,15.74,15.74,0.0,2026-08-10,,,,,,,,
VPFF,2026-08-07,25.24,25.24,0.0,2026-08-10,,,,,,,,
VPG,2026-08-07,68.59,69.95,0.01982796325995051,2026-08-10,,,,,,,,
VPL,2026-08-07,113.75,113.75,0.0,2026-08-10,,,,,,,,
VPLS,2026-08-07,76.49,76.49,0.0,2026-08-10,,,,,,,,
VPU,2026-08-07,188.86,188.86,0.0,2026-08-10,,,,,,,,
VPV,2026-08-07,11.16,11.16,0.0,2026-08-10,,,,,,,,
VRA,2026-08-07,3.47,3.47,0.0,2026-08-10,,,,,,,,
VRAI,2026-08-07,28.12,28.12,0.0,2026-08-10,,,,,,,,
VRAX,2026-08-07,2.98,3.0,0.006711409395973256,2026-08-10,,,,,,,,
VRC,2026-08-07,18.48,18.48,0.0,2026-08-10,,,,,,,,
VRCA,2026-08-07,5.08,5.08,0.0,2026-08-10,,,,,,,,
VRDN,2026-08-07,23.59,23.42,-0.007206443408223739,2026-08-10,,,,,,,,
VREX,2026-08-07,12.41,18.33,0.47703464947622876,2026-08-10,,,,,,,,
VRIG,2026-08-07,25.09,25.09,0.0,2026-08-10,,,,,,,,
VRM,2026-08-07,9.2,10.43,0.133695652173913,2026-08-10,,,,,,,,
VRME,2026-08-07,0.7,0.7,0.0,2026-08-10,,,,,,,,
VRNS,2026-08-07,43.52,43.65,0.0029871323529411242,2026-08-10,,,,,,,,
VRP,2026-08-07,24.27,24.27,0.0,2026-08-10,,,,,,,,
VRRM,2026-08-07,4.9,5.01,0.02244897959183656,2026-08-10,,,,,,,,
VRSK,2026-08-07,191.82,179.8,-0.06266291314774264,2026-08-10,,,,,,,,
VRSN,2026-08-07,294.56,294.56,0.0,2026-08-10,,,,,,,,
VRT,2026-08-07,272.4,276.2,0.013950073421439058,2026-08-10,,,,,,,,
VRTL,2026-08-07,31.26,32.32,0.03390914907229692,2026-08-10,,,,,,,,
VRTS,2026-08-07,165.16,165.16,0.0,2026-08-10,,,,,,,,
VRTX,2026-08-07,496.07,498.0,0.003890579958473639,2026-08-10,,,,,,,,
VRXA,2026-08-07,1.99,1.99,0.0,2026-08-10,,,,,,,,
VS,2026-08-07,1.31,1.31,0.0,2026-08-10,,,,,,,,
VSA,2026-08-07,3.8,3.28,-0.13684210526315788,2026-08-10,,,,,,,,
VSAT,2026-08-07,80.38,81.69,0.01629758646429469,2026-08-10,,,,,,,,
VSDA,2026-08-07,60.44,60.44,0.0,2026-08-10,,,,,,,,
VSDB,2026-08-07,75.94,75.94,0.0,2026-08-10,,,,,,,,
VSDM,2026-08-07,76.16,76.16,0.0,2026-08-10,,,,,,,,
VSEC,2026-08-07,218.18,218.18,0.0,2026-08-10,,,,,,,,
VSEE,2026-08-07,0.05,,,2026-08-10,,,,,,,,
VSGX,2026-08-07,82.79,82.79,0.0,2026-08-10,,,,,,,,
VSH,2026-08-07,35.41,35.72,0.008754589099124521,2026-08-10,,,,,,,,
VSHY,2026-08-07,21.73,21.73,0.0,2026-08-10,,,,,,,,
VSLU,2026-08-07,49.19,49.19,0.0,2026-08-10,,,,,,,,
VSME,2026-08-07,1.2,1.22,0.016666666666666607,2026-08-10,,,,,,,,
VSMV,2026-08-07,60.78,60.78,0.0,2026-08-10,,,,,,,,
VSNT,2026-08-07,38.67,38.67,0.0,2026-08-10,,,,,,,,
VSOL,2026-08-07,9.9,9.9,0.0,2026-08-10,,,,,,,,
VSS,2026-08-07,158.68,158.68,0.0,2026-08-10,,,,,,,,
VST,2026-08-07,140.59,141.78,0.00846432889963733,2026-08-10,,,,,,,,
VSTL,2026-08-07,21.45,21.9,0.020979020979021046,2026-08-10,,,,,,,,
VSTM,2026-08-07,6.74,6.57,-0.02522255192878342,2026-08-10,,,,,,,,
VSTS,2026-08-07,14.21,14.21,0.0,2026-08-10,,,,,,,,
VSXY,2026-08-07,98.54,99.0,0.004668155063933366,2026-08-10,,,,,,,,
VT,2026-08-07,161.3,161.5,0.001239925604463732,2026-08-10,,,,,,,,
VTAK,2026-08-07,0.28,0.28,0.0,2026-08-10,,,,,,,,
VTC,2026-08-07,75.4,75.58,0.0023872679045091605,2026-08-10,,,,,,,,
VTEB,2026-08-07,49.81,49.81,0.0,2026-08-10,,,,,,,,
VTEC,2026-08-07,99.14,99.44,0.0030260238047206123,2026-08-10,,,,,,,,
VTEI,2026-08-07,99.59,99.59,0.0,2026-08-10,,,,,,,,
VTEL,2026-08-07,102.56,102.56,0.0,2026-08-10,,,,,,,,
VTES,2026-08-07,100.81,100.81,0.0,2026-08-10,,,,,,,,
VTEX,2026-08-07,4.18,4.06,-0.028708133971291905,2026-08-10,,,,,,,,
VTG,2026-08-07,74.29,74.56,0.003634405707362953,2026-08-10,,,,,,,,
VTGN,2026-08-07,0.29,0.28,-0.0344827586206895,2026-08-10,,,,,,,,
VTHR,2026-08-07,341.99,341.99,0.0,2026-08-10,,,,,,,,
VTI,2026-08-07,381.78,382.05,0.0007072135785008982,2026-08-10,,,,,,,,
VTIP,2026-08-07,49.67,49.67,0.0,2026-08-10,,,,,,,,
VTIX,2026-08-07,1.75,1.79,0.02285714285714291,2026-08-10,,,,,,,,
VTMX,2026-08-07,34.23,34.23,0.0,2026-08-10,,,,,,,,
VTN,2026-08-07,11.43,11.43,0.0,2026-08-10,,,,,,,,
VTOL,2026-08-07,45.76,45.76,0.0,2026-08-10,,,,,,,,
VTP,2026-08-07,75.29,75.29,0.0,2026-08-10,,,,,,,,
VTR,2026-08-07,93.36,96.09,0.029241645244215908,2026-08-10,,,,,,,,
VTRS,2026-08-07,16.43,16.31,-0.0073037127206330155,2026-08-10,,,,,,,,
VTS,2026-08-07,15.8,15.8,0.0,2026-08-10,,,,,,,,
VTSI,2026-08-07,3.05,3.05,0.0,2026-08-10,,,,,,,,
VTV,2026-08-07,224.31,224.32,4.45811600018331e-05,2026-08-10,,,,,,,,
VTVT,2026-08-07,35.37,35.37,0.0,2026-08-10,,,,,,,,
VTWG,2026-08-07,284.64,284.64,0.0,2026-08-10,,,,,,,,
VTWO,2026-08-07,121.85,121.6,-0.002051702913418163,2026-08-10,,,,,,,,
VTWV,2026-08-07,198.93,210.0,0.055647715276730514,2026-08-10,,,,,,,,
VUG,2026-08-07,89.4,89.39,-0.00011185682326630975,2026-08-10,,,,,,,,
VUS,2026-08-07,30.52,30.52,0.0,2026-08-10,,,,,,,,
VUSB,2026-08-07,49.66,49.77,0.002215062424486547,2026-08-10,,,,,,,,
VUSE,2026-08-07,73.47,73.47,0.0,2026-08-10,,,,,,,,
VUSG,2026-08-07,66.35,66.35,0.0,2026-08-10,,,,,,,,
VUSI,2026-08-07,50.22,50.22,0.0,2026-08-10,,,,,,,,
VUSV,2026-08-07,72.31,72.31,0.0,2026-08-10,,,,,,,,
VUZI,2026-08-07,2.69,2.78,0.03345724907063197,2026-08-10,,,,,,,,
VV,2026-08-07,356.06,356.05,-2.8085154187507122e-05,2026-08-10,,,,,,,,
VVOS,2026-08-07,0.32,0.32,0.0,2026-08-10,,,,,,,,
VVR,2026-08-07,2.95,2.95,0.0,2026-08-10,,,,,,,,
VVV,2026-08-07,35.34,35.34,0.0,2026-08-10,,,,,,,,
VVX,2026-08-07,84.41,84.41,0.0,2026-08-10,,,,,,,,
VWAV,2026-08-07,1.4,1.4,0.0,2026-08-10,,,,,,,,
VWO,2026-08-07,60.47,60.47,0.0,2026-08-10,,,,,,,,
VWOB,2026-08-07,66.21,66.21,0.0,2026-08-10,,,,,,,,
VXF,2026-08-07,247.31,247.07,-0.0009704419554406041,2026-08-10,,,,,,,,
VXUS,2026-08-07,87.21,87.19,-0.00022933149868131775,2026-08-10,,,,,,,,
VXX,2026-08-07,20.32,20.23,-0.004429133858267709,2026-08-10,,,,,,,,
VXZ,2026-08-07,50.3,50.3,0.0,2026-08-10,,,,,,,,
VYGR,2026-08-07,3.27,3.26,-0.003058103975535187,2026-08-10,,,,,,,,
VYLD,2026-08-07,30.21,30.21,0.0,2026-08-10,,,,,,,,
VYM,2026-08-07,165.63,165.91,0.001690515003320625,2026-08-10,,,,,,,,
VYMI,2026-08-07,105.05,105.23,0.0017134697762970497,2026-08-10,,,,,,,,
VYX,2026-08-07,8.25,8.25,0.0,2026-08-10,,,,,,,,
VZ,2026-08-07,47.06,46.99,-0.0014874628134297074,2026-08-10,,,,,,,,
VZLA,2026-08-07,3.74,3.8,0.016042780748662944,2026-08-10,,,,,,,,
W,2026-08-07,106.6,106.6,0.0,2026-08-10,,,,,,,,
WAB,2026-08-07,291.81,291.81,0.0,2026-08-10,,,,,,,,
WABC,2026-08-07,59.13,58.9,-0.0038897344833418446,2026-08-10,,,,,,,,
WABF,2026-08-07,24.53,24.53,0.0,2026-08-10,,,,,,,,
WAFD,2026-08-07,37.16,37.1,-0.0016146393972011897,2026-08-10,,,,,,,,
WAFU,2026-08-07,1.44,1.28,-0.11111111111111105,2026-08-10,,,,,,,,
WAGN,2026-08-07,14.8,14.99,0.012837837837837762,2026-08-10,,,,,,,,
WAL,2026-08-07,81.33,81.01,-0.003934587483093499,2026-08-10,,,,,,,,
WALD,2026-08-07,1.39,1.39,0.0,2026-08-10,,,,,,,,
WAMA,2026-08-07,27.13,27.13,0.0,2026-08-10,,,,,,,,
WANT,2026-08-07,44.45,44.45,0.0,2026-08-10,,,,,,,,
WAR,2026-08-07,32.27,32.27,0.0,2026-08-10,,,,,,,,
WARP,2026-08-07,22.22,22.46,0.010801080108010952,2026-08-10,,,,,,,,
WASH,2026-08-07,38.85,38.99,0.003603603603603567,2026-08-10,,,,,,,,
WAT,2026-08-07,406.86,408.15,0.0031706238017989996,2026-08-10,,,,,,,,
WATS,2026-08-07,21.27,21.27,0.0,2026-08-10,,,,,,,,
WATT,2026-08-07,18.49,18.49,0.0,2026-08-10,,,,,,,,
WAVE,2026-08-07,6.94,6.94,0.0,2026-08-10,,,,,,,,
WAY,2026-08-07,24.23,24.23,0.0,2026-08-10,,,,,,,,
WB,2026-08-07,7.94,7.96,0.0025188916876572875,2026-08-10,,,,,,,,
WBD,2026-08-07,26.78,26.67,-0.00410754294249438,2026-08-10,,,,,,,,
WBI,2026-08-07,32.0,32.2,0.006250000000000089,2026-08-10,,,,,,,,
WBIF,2026-08-07,36.7,36.7,0.0,2026-08-10,,,,,,,,
WBIG,2026-08-07,26.67,26.67,0.0,2026-08-10,,,,,,,,
WBIL,2026-08-07,41.1,41.1,0.0,2026-08-10,,,,,,,,
WBIY,2026-08-07,38.0,38.0,0.0,2026-08-10,,,,,,,,
WBS,2026-08-07,79.03,78.5,-0.006706314057952745,2026-08-10,,,,,,,,
WBTN,2026-08-07,8.93,8.94,0.0011198208286673506,2026-08-10,,,,,,,,
WBUY,2026-08-07,0.9,0.9,0.0,2026-08-10,,,,,,,,
WBX,2026-08-07,3.38,3.38,0.0,2026-08-10,,,,,,,,
WCAP,2026-08-07,9.46,9.46,0.0,2026-08-10,,,,,,,,
WCBR,2026-08-07,40.35,40.35,0.0,2026-08-10,,,,,,,,
WCC,2026-08-07,363.74,364.41,0.0018419750371143628,2026-08-10,,,,,,,,
WCEO,2026-08-07,39.54,39.54,0.0,2026-08-10,,,,,,,,
WCLD,2026-08-07,39.01,39.01,0.0,2026-08-10,,,,,,,,
WCME,2026-08-07,18.77,18.77,0.0,2026-08-10,,,,,,,,
WCMG,2026-08-07,21.72,21.72,0.0,2026-08-10,,,,,,,,
WCMI,2026-08-07,19.64,19.64,0.0,2026-08-10,,,,,,,,
WCN,2026-08-07,166.71,165.31,-0.008397816567692451,2026-08-10,,,,,,,,
WCPB,2026-08-07,25.14,25.14,0.0,2026-08-10,,,,,,,,
WCT,2026-08-07,0.84,0.84,0.0,2026-08-10,,,,,,,,
WD,2026-08-07,44.43,44.79,0.008102633355840716,2026-08-10,,,,,,,,
WDAF,2026-08-07,31.81,31.81,0.0,2026-08-10,,,,,,,,
WDAI,2026-08-07,28.75,28.75,0.0,2026-08-10,,,,,,,,
WDAY,2026-08-07,179.64,178.92,-0.004008016032064132,2026-08-10,,,,,,,,
WDC,2026-08-07,434.3,432.58,-0.003960396039604075,2026-08-10,,,,,,,,
WDCC,2026-08-07,12.63,12.63,0.0,2026-08-10,,,,,,,,
WDCX,2026-08-07,16.91,16.76,-0.008870490833826072,2026-08-10,,,,,,,,
WDE,2026-08-07,25.05,25.05,0.0,2026-08-10,,,,,,,,
WDEF,2026-08-07,32.19,32.19,0.0,2026-08-10,,,,,,,,
WDFC,2026-08-07,234.93,234.93,0.0,2026-08-10,,,,,,,,
WDGF,2026-08-07,33.99,33.99,0.0,2026-08-10,,,,,,,,
WDH,2026-08-07,1.0,1.01,0.010000000000000009,2026-08-10,,,,,,,,
WDI,2026-08-07,13.12,13.12,0.0,2026-08-10,,,,,,,,
WDIG,2026-08-07,45.85,45.85,0.0,2026-08-10,,,,,,,,
WDIV,2026-08-07,84.45,84.45,0.0,2026-08-10,,,,,,,,
WDNA,2026-08-07,20.87,20.87,0.0,2026-08-10,,,,,,,,
WDRN,2026-08-07,28.43,28.43,0.0,2026-08-10,,,,,,,,
WDS,2026-08-07,22.42,22.42,0.0,2026-08-10,,,,,,,,
WDTE,2026-08-07,29.99,30.0,0.0003334444814939719,2026-08-10,,,,,,,,
WEA,2026-08-07,10.49,10.49,0.0,2026-08-10,,,,,,,,
WEAT,2026-08-07,23.91,24.66,0.031367628607277265,2026-08-10,,,,,,,,
WEAV,2026-08-07,5.29,5.37,0.01512287334593565,2026-08-10,,,,,,,,
WEBL,2026-08-07,29.37,29.44,0.0023833844058562814,2026-08-10,,,,,,,,
WEBS,2026-08-07,14.56,14.56,0.0,2026-08-10,,,,,,,,
WEBX,2026-08-07,24.69,24.69,0.0,2026-08-10,,,,,,,,
WEC,2026-08-07,107.63,107.63,0.0,2026-08-10,,,,,,,,
WEED,2026-08-07,19.23,19.23,0.0,2026-08-10,,,,,,,,
WEEI,2026-08-07,23.59,23.59,0.0,2026-08-10,,,,,,,,
WEEK,2026-08-07,100.04,100.02,-0.00019992003198732178,2026-08-10,,,,,,,,
WEEL,2026-08-07,20.52,20.52,0.0,2026-08-10,,,,,,,,
WELD,2026-08-07,58.68,58.68,0.0,2026-08-10,,,,,,,,
WELL,2026-08-07,236.92,236.92,0.0,2026-08-10,,,,,,,,
WEN,2026-08-07,7.69,7.66,-0.0039011703511053764,2026-08-10,,,,,,,,
WENC,2026-08-07,9.96,9.96,0.0,2026-08-10,,,,,,,,
WENN,2026-08-07,10.39,10.39,0.0,2026-08-10,,,,,,,,
WEPN,2026-08-07,45.89,46.87,0.021355415123120336,2026-08-10,,,,,,,,
WERN,2026-08-07,37.51,37.95,0.011730205278592587,2026-08-10,,,,,,,,
WES,2026-08-07,46.62,46.62,0.0,2026-08-10,,,,,,,,
WEST,2026-08-07,8.23,8.35,0.014580801944106936,2026-08-10,,,,,,,,
WETH,2026-08-07,1.06,1.04,-0.018867924528301883,2026-08-10,,,,,,,,
WETO,2026-08-07,4.96,5.16,0.040322580645161255,2026-08-10,,,,,,,,
WEX,2026-08-07,185.22,185.22,0.0,2026-08-10,,,,,,,,
WEYS,2026-08-07,46.17,46.17,0.0,2026-08-10,,,,,,,,
WF,2026-08-07,72.62,71.72,-0.01239328008813012,2026-08-10,,,,,,,,
WFC,2026-08-07,87.25,87.36,0.001260744985673412,2026-08-10,,,,,,,,
WFCF,2026-08-07,12.99,12.99,0.0,2026-08-10,,,,,,,,
WFF,2026-08-07,2.3,2.14,-0.06956521739130417,2026-08-10,,,,,,,,
WFG,2026-08-07,72.14,72.7,0.007762683670640369,2026-08-10,,,,,,,,
WFRD,2026-08-07,86.82,86.82,0.0,2026-08-10,,,,,,,,
WGMI,2026-08-07,48.4,48.55,0.0030991735537189147,2026-08-10,,,,,,,,
WGO,2026-08-07,32.16,32.16,0.0,2026-08-10,,,,,,,,
WGS,2026-08-07,77.08,77.84,0.009859885832900872,2026-08-10,,,,,,,,
WH,2026-08-07,73.81,73.81,0.0,2026-08-10,,,,,,,,
WHD,2026-08-07,67.9,67.9,0.0,2026-08-10,,,,,,,,
WHF,2026-08-07,6.78,6.78,0.0,2026-08-10,,,,,,,,
WHG,2026-08-07,19.88,19.88,0.0,2026-08-10,,,,,,,,
WHK,2026-08-07,26.09,26.09,0.0,2026-08-10,,,,,,,,
WHLR,2026-08-07,0.44,0.44,0.0,2026-08-10,,,,,,,,
WHR,2026-08-07,43.28,43.2,-0.001848428835489746,2026-08-10,,,,,,,,
WHWK,2026-08-07,4.76,4.75,-0.0021008403361344463,2026-08-10,,,,,,,,
WIA,2026-08-07,7.98,7.98,0.0,2026-08-10,,,,,,,,
WILC,2026-08-07,28.99,28.99,0.0,2026-08-10,,,,,,,,
WIMA,2026-08-07,44.23,44.23,0.0,2026-08-10,,,,,,,,
WIMI,2026-08-07,1.33,1.33,0.0,2026-08-10,,,,,,,,
WINA,2026-08-07,368.12,366.55,-0.004264913615125487,2026-08-10,,,,,,,,
WING,2026-08-07,116.82,117.6,0.00667693888032872,2026-08-10,,,,,,,,
WINN,2026-08-07,34.06,34.06,0.0,2026-08-10,,,,,,,,
WIP,2026-08-07,39.63,39.63,0.0,2026-08-10,,,,,,,,
WISE,2026-08-07,38.12,38.12,0.0,2026-08-10,,,,,,,,
WIT,2026-08-07,2.02,1.98,-0.01980198019801982,2026-08-10,,,,,,,,
WIW,2026-08-07,8.38,8.38,0.0,2026-08-10,,,,,,,,
WIX,2026-08-07,60.2,60.1,-0.0016611295681063787,2026-08-10,,,,,,,,
WK,2026-08-07,65.14,64.61,-0.008136321768498656,2026-08-10,,,,,,,,
WKC,2026-08-07,36.43,36.43,0.0,2026-08-10,,,,,,,,
WKEY,2026-08-07,6.47,6.73,0.040185471406491535,2026-08-10,,,,,,,,
WKHS,2026-08-07,3.33,3.33,0.0,2026-08-10,,,,,,,,
WKSP,2026-08-07,0.69,0.71,0.02898550724637694,2026-08-10,,,,,,,,
WLCOU,2026-08-07,9.99,9.99,0.0,2026-08-10,,,,,,,,
WLDN,2026-08-07,86.24,87.0,0.008812615955473113,2026-08-10,,,,,,,,
WLDR,2026-08-07,47.02,47.02,0.0,2026-08-10,,,,,,,,
WLDS,2026-08-07,4.19,3.97,-0.05250596658711226,2026-08-10,,,,,,,,
WLDU,2026-08-07,18.1,18.1,0.0,2026-08-10,,,,,,,,
WLFC,2026-08-07,61.05,61.05,0.0,2026-08-10,,,,,,,,
WLII,2026-08-07,10.28,10.28,0.0,2026-08-10,,,,,,,,
WLK,2026-08-07,77.47,77.47,0.0,2026-08-10,,,,,,,,
WLKP,2026-08-07,21.66,21.66,0.0,2026-08-10,,,,,,,,
WLTG,2026-08-07,38.82,38.82,0.0,2026-08-10,,,,,,,,
WLTH,2026-08-07,9.7,9.4,-0.030927835051546282,2026-08-10,,,,,,,,
WLY,2026-08-07,52.33,52.44,0.002102044716223883,2026-08-10,,,,,,,,
WM,2026-08-07,227.68,227.1,-0.002547434996486353,2026-08-10,,,,,,,,
WMB,2026-08-07,70.4,70.4,0.0,2026-08-10,,,,,,,,
WMG,2026-08-07,26.39,26.39,0.0,2026-08-10,,,,,,,,
WMK,2026-08-07,75.25,75.25,0.0,2026-08-10,,,,,,,,
WMS,2026-08-07,143.95,143.95,0.0,2026-08-10,,,,,,,,
WMSB,2026-08-07,24.97,24.97,0.0,2026-08-10,,,,,,,,
WMT,2026-08-07,111.85,111.46,-0.0034868126955743817,2026-08-10,,,,,,,,
WMTI,2026-08-07,21.02,21.02,0.0,2026-08-10,,,,,,,,
WNC,2026-08-07,12.93,12.93,0.0,2026-08-10,,,,,,,,
WNDR,2026-08-07,28.44,28.44,0.0,2026-08-10,,,,,,,,
WNEB,2026-08-07,13.72,13.72,0.0,2026-08-10,,,,,,,,
WNTR,2026-08-07,25.37,25.4,0.0011824990145841152,2026-08-10,,,,,,,,
WNW,2026-08-07,2.6,2.58,-0.007692307692307665,2026-08-10,,,,,,,,
WOK,2026-08-07,2.12,2.1,-0.009433962264150941,2026-08-10,,,,,,,,
WOLF,2026-08-07,32.87,33.5,0.019166413142683414,2026-08-10,,,,,,,,
WOMN,2026-08-07,45.35,45.35,0.0,2026-08-10,,,,,,,,
WOOD,2026-08-07,73.54,73.54,0.0,2026-08-10,,,,,,,,
WOOF,2026-08-07,2.78,2.77,-0.003597122302158251,2026-08-10,,,,,,,,
WOR,2026-08-07,58.42,58.42,0.0,2026-08-10,,,,,,,,
WPAC,2026-08-07,10.02,10.02,0.0,2026-08-10,,,,,,,,
WPC,2026-08-07,71.81,72.0,0.002645871048600368,2026-08-10,,,,,,,,
WPM,2026-08-07,134.2,134.27,0.000521609538003176,2026-08-10,,,,,,,,
WPP,2026-08-07,27.55,26.91,-0.02323049001814881,2026-08-10,,,,,,,,
WPRT,2026-08-07,1.88,1.88,0.0,2026-08-10,,,,,,,,
WQTM,2026-08-07,34.6,34.85,0.007225433526011571,2026-08-10,,,,,,,,
WR,2026-08-07,26.33,26.33,0.0,2026-08-10,,,,,,,,
WRAP,2026-08-07,1.87,1.87,0.0,2026-08-10,,,,,,,,
WRB,2026-08-07,71.6,71.6,0.0,2026-08-10,,,,,,,,
WRBY,2026-08-07,26.46,26.5,0.0015117157974300355,2026-08-10,,,,,,,,
WRD,2026-08-07,6.3,6.29,-0.0015873015873015817,2026-08-10,,,,,,,,
WRLD,2026-08-07,187.13,187.13,0.0,2026-08-10,,,,,,,,
WRN,2026-08-07,2.41,2.41,0.0,2026-08-10,,,,,,,,
WRND,2026-08-07,43.31,43.31,0.0,2026-08-10,,,,,,,,
WRTH,2026-08-07,25.65,25.65,0.0,2026-08-10,,,,,,,,
WS,2026-08-07,38.26,38.26,0.0,2026-08-10,,,,,,,,
WSBC,2026-08-07,41.69,41.49,-0.0047973135044374615,2026-08-10,,,,,,,,
WSBF,2026-08-07,20.84,20.76,-0.0038387715930900956,2026-08-10,,,,,,,,
WSBK,2026-08-07,13.0,13.0,0.0,2026-08-10,,,,,,,,
WSC,2026-08-07,24.37,24.43,0.0024620434961017956,2026-08-10,,,,,,,,
WSDB,2026-08-07,24.91,24.91,0.0,2026-08-10,,,,,,,,
WSE,2026-08-07,12.36,12.41,0.004045307443365731,2026-08-10,,,,,,,,
WSFS,2026-08-07,81.27,81.27,0.0,2026-08-10,,,,,,,,
WSGE,2026-08-07,28.79,28.79,0.0,2026-08-10,,,,,,,,
WSHP,2026-08-07,5.5,5.5,0.0,2026-08-10,,,,,,,,
WSM,2026-08-07,251.78,251.78,0.0,2026-08-10,,,,,,,,
WSMD,2026-08-07,25.89,25.89,0.0,2026-08-10,,,,,,,,
WSML,2026-08-07,35.8,35.8,0.0,2026-08-10,,,,,,,,
WSO,2026-08-07,330.1,330.1,0.0,2026-08-10,,,,,,,,
WSPC,2026-08-07,29.82,29.82,0.0,2026-08-10,,,,,,,,
WST,2026-08-07,354.07,354.07,0.0,2026-08-10,,,,,,,,
WSTN,2026-08-07,10.15,10.15,0.0,2026-08-10,,,,,,,,
WT,2026-08-07,21.25,21.17,-0.0037647058823528923,2026-08-10,,,,,,,,
WTAI,2026-08-07,41.16,41.78,0.015063168124392678,2026-08-10,,,,,,,,
WTBA,2026-08-07,28.43,28.32,-0.0038691523039042774,2026-08-10,,,,,,,,
WTBN,2026-08-07,24.81,24.81,0.0,2026-08-10,,,,,,,,
WTF,2026-08-07,2.88,2.88,0.0,2026-08-10,,,,,,,,
WTFC,2026-08-07,158.75,158.6,-0.0009448818897638267,2026-08-10,,,,,,,,
WTG,2026-08-07,10.49,10.49,0.0,2026-08-10,,,,,,,,
WTI,2026-08-07,3.43,3.42,-0.00291545189504383,2026-08-10,,,,,,,,
WTIB,2026-08-07,23.07,23.07,0.0,2026-08-10,,,,,,,,
WTID,2026-08-07,4.08,4.08,0.0,2026-08-10,,,,,,,,
WTIP,2026-08-07,35.51,35.51,0.0,2026-08-10,,,,,,,,
WTIU,2026-08-07,17.0,17.0,0.0,2026-08-10,,,,,,,,
WTLS,2026-08-07,62.64,62.64,0.0,2026-08-10,,,,,,,,
WTM,2026-08-07,2149.44,2149.44,0.0,2026-08-10,,,,,,,,
WTMF,2026-08-07,41.29,41.29,0.0,2026-08-10,,,,,,,,
WTMU,2026-08-07,25.4,25.4,0.0,2026-08-10,,,,,,,,
WTMY,2026-08-07,25.17,25.17,0.0,2026-08-10,,,,,,,,
WTPI,2026-08-07,33.38,34.0,0.018573996405032878,2026-08-10,,,,,,,,
WTRE,2026-08-07,24.26,24.26,0.0,2026-08-10,,,,,,,,
WTRG,2026-08-07,40.04,40.04,0.0,2026-08-10,,,,,,,,
WTS,2026-08-07,392.23,392.0,-0.0005863906381460282,2026-08-10,,,,,,,,
WTTR,2026-08-07,20.23,20.23,0.0,2026-08-10,,,,,,,,
WTV,2026-08-07,107.42,107.42,0.0,2026-08-10,,,,,,,,
WTW,2026-08-07,344.82,338.63,-0.017951394930688425,2026-08-10,,,,,,,,
WU,2026-08-07,7.08,7.09,0.0014124293785311437,2026-08-10,,,,,,,,
WUGI,2026-08-07,85.32,85.32,0.0,2026-08-10,,,,,,,,
WULF,2026-08-07,17.08,17.2,0.007025761124121788,2026-08-10,,,,,,,,
WULX,2026-08-07,19.11,19.74,0.03296703296703285,2026-08-10,,,,,,,,
WVE,2026-08-07,6.1,6.1,0.0,2026-08-10,,,,,,,,
WVVI,2026-08-07,2.39,2.39,0.0,2026-08-10,,,,,,,,
WW,2026-08-07,18.12,18.12,0.0,2026-08-10,,,,,,,,
WWD,2026-08-07,362.89,362.9,2.7556559839103656e-05,2026-08-10,,,,,,,,
WWJD,2026-08-07,40.65,40.65,0.0,2026-08-10,,,,,,,,
WWR,2026-08-07,0.77,0.69,-0.10389610389610393,2026-08-10,,,,,,,,
WWW,2026-08-07,18.93,18.93,0.0,2026-08-10,,,,,,,,
WX,2026-08-07,25.26,25.26,0.0,2026-08-10,,,,,,,,
WXET,2026-08-07,19.77,20.99,0.061709661102680835,2026-08-10,,,,,,,,
WXM,2026-08-07,4.14,3.74,-0.09661835748792258,2026-08-10,,,,,,,,
WY,2026-08-07,25.58,25.69,0.004300234558248794,2026-08-10,,,,,,,,
WYFI,2026-08-07,24.63,25.49,0.03491676816889977,2026-08-10,,,,,,,,
WYFL,2026-08-07,9.25,9.5,0.027027027027026973,2026-08-10,,,,,,,,
WYHG,2026-08-07,4.43,5.05,0.13995485327313784,2026-08-10,,,,,,,,
WYNN,2026-08-07,102.54,103.1,0.005461283401599237,2026-08-10,,,,,,,,
WYY,2026-08-07,11.56,11.7,0.012110726643598468,2026-08-10,,,,,,,,
WZRD,2026-08-07,0.61,0.61,0.0,2026-08-10,,,,,,,,
XA,2026-08-07,39.57,39.57,0.0,2026-08-10,,,,,,,,
XAGG,2026-08-07,49.85,49.85,0.0,2026-08-10,,,,,,,,
XAGI,2026-08-07,19.92,19.92,0.0,2026-08-10,,,,,,,,
XAIR,2026-08-07,5.36,5.4,0.00746268656716409,2026-08-10,,,,,,,,
XAIX,2026-08-07,56.11,56.11,0.0,2026-08-10,,,,,,,,
XAPR,2026-08-07,38.31,38.31,0.0,2026-08-10,,,,,,,,
XAR,2026-08-07,286.83,285.56,-0.00442770979325724,2026-08-10,,,,,,,,
XAUG,2026-08-07,39.42,39.42,0.0,2026-08-10,,,,,,,,
XB,2026-08-07,39.02,39.02,0.0,2026-08-10,,,,,,,,
XBAP,2026-08-07,42.58,42.58,0.0,2026-08-10,,,,,,,,
XBB,2026-08-07,40.75,40.75,0.0,2026-08-10,,,,,,,,
XBCI,2026-08-07,31.89,32.02,0.0040765130134838845,2026-08-10,,,,,,,,
XBFR,2026-08-07,26.89,26.89,0.0,2026-08-10,,,,,,,,
XBI,2026-08-07,157.37,156.9,-0.002986592107771524,2026-08-10,,,,,,,,
XBIL,2026-08-07,50.07,50.16,0.0017974835230676334,2026-08-10,,,,,,,,
XBIO,2026-08-07,3.17,3.17,0.0,2026-08-10,,,,,,,,
XBIT,2026-08-07,2.27,2.27,0.0,2026-08-10,,,,,,,,
XBIX,2026-08-07,36.61,36.61,0.0,2026-08-10,,,,,,,,
XBJA,2026-08-07,34.37,34.37,0.0,2026-08-10,,,,,,,,
XBJL,2026-08-07,40.81,40.81,0.0,2026-08-10,,,,,,,,
XBNB,2026-08-07,20.13,20.13,0.0,2026-08-10,,,,,,,,
XBOC,2026-08-07,36.05,36.05,0.0,2026-08-10,,,,,,,,
XBOX,2026-08-07,100.52,100.52,0.0,2026-08-10,,,,,,,,
XBP,2026-08-07,3.09,3.09,0.0,2026-08-10,,,,,,,,
XBTY,2026-08-07,5.53,5.53,0.0,2026-08-10,,,,,,,,
XC,2026-08-07,32.67,32.67,0.0,2026-08-10,,,,,,,,
XCBE,2026-08-07,9.96,9.96,0.0,2026-08-10,,,,,,,,
XCCC,2026-08-07,36.05,36.01,-0.0011095700416088317,2026-08-10,,,,,,,,
XCEM,2026-08-07,49.56,49.56,0.0,2026-08-10,,,,,,,,
XCH,2026-08-07,0.28,0.3,0.0714285714285714,2026-08-10,,,,,,,,
XCHG,2026-08-07,27.96,27.96,0.0,2026-08-10,,,,,,,,
XCLR,2026-08-07,28.25,28.25,0.0,2026-08-10,,,,,,,,
XCNY,2026-08-07,33.22,33.22,0.0,2026-08-10,,,,,,,,
XCOM,2026-08-07,22.22,22.22,0.0,2026-08-10,,,,,,,,
XCOR,2026-08-07,89.47,89.47,0.0,2026-08-10,,,,,,,,
XCUR,2026-08-07,1.35,1.42,0.051851851851851816,2026-08-10,,,,,,,,
XDAT,2026-08-07,26.34,26.34,0.0,2026-08-10,,,,,,,,
XDEC,2026-08-07,43.44,43.44,0.0,2026-08-10,,,,,,,,
XDEF,2026-08-07,24.04,24.04,0.0,2026-08-10,,,,,,,,
XDIV,2026-08-07,31.54,31.54,0.0,2026-08-10,,,,,,,,
XDQQ,2026-08-07,40.33,40.33,0.0,2026-08-10,,,,,,,,
XDSQ,2026-08-07,44.4,44.4,0.0,2026-08-10,,,,,,,,
XDTE,2026-08-07,39.46,39.5,0.0010136847440445074,2026-08-10,,,,,,,,
XE,2026-08-07,22.65,22.5,-0.0066225165562913135,2026-08-10,,,,,,,,
XEL,2026-08-07,78.07,77.96,-0.001408991930318959,2026-08-10,,,,,,,,
XELB,2026-08-07,1.1,1.1,0.0,2026-08-10,,,,,,,,
XEMD,2026-08-07,44.56,44.56,0.0,2026-08-10,,,,,,,,
XEML,2026-08-07,26.86,26.86,0.0,2026-08-10,,,,,,,,
XENE,2026-08-07,63.36,63.7,0.005366161616161769,2026-08-10,,,,,,,,
XERS,2026-08-07,7.93,7.93,0.0,2026-08-10,,,,,,,,
XES,2026-08-07,113.33,113.33,0.0,2026-08-10,,,,,,,,
XEUR,2026-08-07,27.11,27.11,0.0,2026-08-10,,,,,,,,
XEY,2026-08-07,19.67,19.67,0.0,2026-08-10,,,,,,,,
XFEB,2026-08-07,37.91,37.91,0.0,2026-08-10,,,,,,,,
XFIV,2026-08-07,48.19,48.19,0.0,2026-08-10,,,,,,,,
XFLH,2026-08-07,10.03,10.03,0.0,2026-08-10,,,,,,,,
XFLT,2026-08-07,18.95,18.95,0.0,2026-08-10,,,,,,,,
XFLX,2026-08-07,22.74,22.74,0.0,2026-08-10,,,,,,,,
XFOR,2026-08-07,4.64,4.6,-0.008620689655172376,2026-08-10,,,,,,,,
XGN,2026-08-07,6.87,6.87,0.0,2026-08-10,,,,,,,,
XHB,2026-08-07,110.8,110.8,0.0,2026-08-10,,,,,,,,
XHE,2026-08-07,92.89,92.89,0.0,2026-08-10,,,,,,,,
XHG,2026-08-07,0.97,0.97,0.0,2026-08-10,,,,,,,,
XHLD,2026-08-07,2.02,2.8,0.38613861386138604,2026-08-10,,,,,,,,
XHLF,2026-08-07,50.21,50.39,0.0035849432383987523,2026-08-10,,,,,,,,
XHOA,2026-08-07,26.49,26.49,0.0,2026-08-10,,,,,,,,
XHR,2026-08-07,19.41,19.41,0.0,2026-08-10,,,,,,,,
XHS,2026-08-07,135.36,135.36,0.0,2026-08-10,,,,,,,,
XIDE,2026-08-07,30.35,30.35,0.0,2026-08-10,,,,,,,,
XIDV,2026-08-07,39.23,39.23,0.0,2026-08-10,,,,,,,,
XIFR,2026-08-07,11.44,11.44,0.0,2026-08-10,,,,,,,,
XIGV,2026-08-07,23.64,23.64,0.0,2026-08-10,,,,,,,,
XIIIU,2026-08-07,10.45,10.45,0.0,2026-08-10,,,,,,,,
XIJN,2026-08-07,30.81,30.81,0.0,2026-08-10,,,,,,,,
XIMR,2026-08-07,31.4,31.4,0.0,2026-08-10,,,,,,,,
XISE,2026-08-07,30.38,30.38,0.0,2026-08-10,,,,,,,,
XITK,2026-08-07,205.4,205.4,0.0,2026-08-10,,,,,,,,
XIWC,2026-08-07,26.29,26.29,0.0,2026-08-10,,,,,,,,
XJAN,2026-08-07,38.96,38.96,0.0,2026-08-10,,,,,,,,
XJH,2026-08-07,52.76,52.76,0.0,2026-08-10,,,,,,,,
XJR,2026-08-07,52.78,52.78,0.0,2026-08-10,,,,,,,,
XJUL,2026-08-07,41.49,41.49,0.0,2026-08-10,,,,,,,,
XJUN,2026-08-07,45.15,45.15,0.0,2026-08-10,,,,,,,,
XKRE,2026-08-07,29.56,29.56,0.0,2026-08-10,,,,,,,,
XLB,2026-08-07,52.86,53.0,0.0026485054861900004,2026-08-10,,,,,,,,
XLBI,2026-08-07,24.23,24.23,0.0,2026-08-10,,,,,,,,
XLBX,2026-08-07,25.73,25.73,0.0,2026-08-10,,,,,,,,
XLC,2026-08-07,111.25,111.25,0.0,2026-08-10,,,,,,,,
XLCI,2026-08-07,23.58,23.58,0.0,2026-08-10,,,,,,,,
XLE,2026-08-07,57.5,57.8,0.00521739130434784,2026-08-10,,,,,,,,
XLEI,2026-08-07,26.25,26.25,0.0,2026-08-10,,,,,,,,
XLEX,2026-08-07,24.14,24.14,0.0,2026-08-10,,,,,,,,
XLF,2026-08-07,57.6,57.64,0.000694444444444331,2026-08-10,,,,,,,,
XLFI,2026-08-07,24.28,24.28,0.0,2026-08-10,,,,,,,,
XLFX,2026-08-07,30.73,30.73,0.0,2026-08-10,,,,,,,,
XLG,2026-08-07,63.3,63.3,0.0,2026-08-10,,,,,,,,
XLI,2026-08-07,185.18,185.3,0.0006480181445081001,2026-08-10,,,,,,,,
XLII,2026-08-07,26.25,26.25,0.0,2026-08-10,,,,,,,,
XLIX,2026-08-07,27.59,27.59,0.0,2026-08-10,,,,,,,,
XLK,2026-08-07,187.97,188.5,0.0028195988721604337,2026-08-10,,,,,,,,
XLKI,2026-08-07,26.68,26.99,0.01161919040479753,2026-08-10,,,,,,,,
XLKX,2026-08-07,21.55,21.55,0.0,2026-08-10,,,,,,,,
XLO,2026-08-07,9.17,9.17,0.0,2026-08-10,,,,,,,,
XLP,2026-08-07,85.12,84.96,-0.001879699248120481,2026-08-10,,,,,,,,
XLPX,2026-08-07,26.82,26.82,0.0,2026-08-10,,,,,,,,
XLRE,2026-08-07,44.98,44.98,0.0,2026-08-10,,,,,,,,
XLRI,2026-08-07,23.72,23.72,0.0,2026-08-10,,,,,,,,
XLSI,2026-08-07,23.47,23.47,0.0,2026-08-10,,,,,,,,
XLSR,2026-08-07,66.66,66.66,0.0,2026-08-10,,,,,,,,
XLU,2026-08-07,43.61,43.69,0.001834441641825224,2026-08-10,,,,,,,,
XLUI,2026-08-07,23.5,23.5,0.0,2026-08-10,,,,,,,,
XLUX,2026-08-07,24.5,24.5,0.0,2026-08-10,,,,,,,,
XLV,2026-08-07,165.68,165.15,-0.0031989377112505712,2026-08-10,,,,,,,,
XLVI,2026-08-07,26.74,26.74,0.0,2026-08-10,,,,,,,,
XLVX,2026-08-07,31.54,31.54,0.0,2026-08-10,,,,,,,,
XLY,2026-08-07,119.86,119.86,0.0,2026-08-10,,,,,,,,
XLYI,2026-08-07,23.17,23.17,0.0,2026-08-10,,,,,,,,
XLYX,2026-08-07,25.37,25.37,0.0,2026-08-10,,,,,,,,
XMAG,2026-08-07,26.17,25.81,-0.013756209400076491,2026-08-10,,,,,,,,
XMAR,2026-08-07,43.24,43.24,0.0,2026-08-10,,,,,,,,
XMAX,2026-08-07,9.09,9.09,0.0,2026-08-10,,,,,,,,
XMAY,2026-08-07,36.71,36.71,0.0,2026-08-10,,,,,,,,
XME,2026-08-07,115.74,116.22,0.004147226542249971,2026-08-10,,,,,,,,
XMHQ,2026-08-07,118.49,118.35,-0.0011815343066925443,2026-08-10,,,,,,,,
XMLV,2026-08-07,68.55,68.55,0.0,2026-08-10,,,,,,,,
XMMO,2026-08-07,161.98,161.98,0.0,2026-08-10,,,,,,,,
XMPT,2026-08-07,21.72,21.72,0.0,2026-08-10,,,,,,,,
XMTR,2026-08-07,93.14,93.14,0.0,2026-08-10,,,,,,,,
XMVM,2026-08-07,74.34,74.34,0.0,2026-08-10,,,,,,,,
XNAV,2026-08-07,92.86,92.86,0.0,2026-08-10,,,,,,,,
XNCR,2026-08-07,20.81,20.8,-0.00048053820278703974,2026-08-10,,,,,,,,
XNDU,2026-08-07,11.0,11.15,0.013636363636363669,2026-08-10,,,,,,,,
XNDX,2026-08-07,9.76,9.76,0.0,2026-08-10,,,,,,,,
XNET,2026-08-07,5.12,5.12,0.0,2026-08-10,,,,,,,,
XNOV,2026-08-07,40.12,40.12,0.0,2026-08-10,,,,,,,,
XNTK,2026-08-07,362.45,362.45,0.0,2026-08-10,,,,,,,,
XOCT,2026-08-07,40.01,40.01,0.0,2026-08-10,,,,,,,,
XOEF,2026-08-07,30.26,30.26,0.0,2026-08-10,,,,,,,,
XOEX,2026-08-07,41.37,41.37,0.0,2026-08-10,,,,,,,,
XOM,2026-08-07,153.04,153.49,0.0029404077365395853,2026-08-10,,,,,,,,
XOMO,2026-08-07,11.03,11.05,0.0018132366273799772,2026-08-10,,,,,,,,
XOMX,2026-08-07,42.67,42.67,0.0,2026-08-10,,,,,,,,
XONE,2026-08-07,49.29,49.29,0.0,2026-08-10,,,,,,,,
XOP,2026-08-07,166.4,167.4,0.006009615384615419,2026-08-10,,,,,,,,
XOS,2026-08-07,2.75,2.75,0.0,2026-08-10,,,,,,,,
XOVL,2026-08-07,20.06,20.06,0.0,2026-08-10,,,,,,,,
XOVR,2026-08-07,20.13,20.21,0.003974167908594284,2026-08-10,,,,,,,,
XP,2026-08-07,16.24,16.23,-0.0006157635467979317,2026-08-10,,,,,,,,
XPAV,2026-08-07,25.95,25.95,0.0,2026-08-10,,,,,,,,
XPAY,2026-08-07,54.35,54.5,0.002759889604415866,2026-08-10,,,,,,,,
XPEG,2026-08-07,4.21,4.17,-0.009501187648456089,2026-08-10,,,,,,,,
XPEL,2026-08-07,50.07,50.07,0.0,2026-08-10,,,,,,,,
XPER,2026-08-07,7.14,7.0,-0.019607843137254832,2026-08-10,,,,,,,,
XPEV,2026-08-07,12.13,12.05,-0.0065952184666117075,2026-08-10,,,,,,,,
XPH,2026-08-07,70.52,70.52,0.0,2026-08-10,,,,,,,,
XPL,2026-08-07,0.77,0.77,0.0,2026-08-10,,,,,,,,
XPND,2026-08-07,40.09,40.09,0.0,2026-08-10,,,,,,,,
XPO,2026-08-07,202.58,202.58,0.0,2026-08-10,,,,,,,,
XPOF,2026-08-07,5.03,5.08,0.00994035785288272,2026-08-10,,,,,,,,
XPON,2026-08-07,3.47,3.6,0.03746397694524495,2026-08-10,,,,,,,,
XPP,2026-08-07,22.05,22.05,0.0,2026-08-10,,,,,,,,
XPRO,2026-08-07,16.96,16.96,0.0,2026-08-10,,,,,,,,
XQQI,2026-08-07,49.5,49.66,0.003232323232323253,2026-08-10,,,,,,,,
XQTM,2026-08-07,16.59,16.59,0.0,2026-08-10,,,,,,,,
XRAY,2026-08-07,12.12,12.17,0.004125412541254203,2026-08-10,,,,,,,,
XRLX,2026-08-07,49.23,49.23,0.0,2026-08-10,,,,,,,,
XRMI,2026-08-07,17.39,17.39,0.0,2026-08-10,,,,,,,,
XRN,2026-08-07,36.07,37.82,0.048516772941502584,2026-08-10,,,,,,,,
XRP,2026-08-07,11.42,11.51,0.007880910683012221,2026-08-10,,,,,,,,
XRPC,2026-08-07,10.85,10.94,0.008294930875575979,2026-08-10,,,,,,,,
XRPI,2026-08-07,5.59,5.65,0.01073345259391778,2026-08-10,,,,,,,,
XRPM,2026-08-07,9.96,9.96,0.0,2026-08-10,,,,,,,,
XRPN,2026-08-07,10.47,10.4,-0.006685768863419317,2026-08-10,,,,,,,,
XRPR,2026-08-07,8.36,8.37,0.0011961722488038617,2026-08-10,,,,,,,,
XRPT,2026-08-07,20.26,20.55,0.014313919052319823,2026-08-10,,,,,,,,
XRPZ,2026-08-07,11.1,11.2,0.009009009009008917,2026-08-10,,,,,,,,
XRT,2026-08-07,90.82,90.82,0.0,2026-08-10,,,,,,,,
XRTX,2026-08-07,2.13,2.13,0.0,2026-08-10,,,,,,,,
XRX,2026-08-07,3.24,3.43,0.058641975308642014,2026-08-10,,,,,,,,
XSD,2026-08-07,544.67,551.8,0.013090495162208393,2026-08-10,,,,,,,,
XSEM,2026-08-07,19.5,19.5,0.0,2026-08-10,,,,,,,,
XSEP,2026-08-07,44.92,44.92,0.0,2026-08-10,,,,,,,,
XSHD,2026-08-07,14.44,14.44,0.0,2026-08-10,,,,,,,,
XSHP,2026-08-07,16.05,16.93,0.05482866043613699,2026-08-10,,,,,,,,
XSHQ,2026-08-07,49.4,49.4,0.0,2026-08-10,,,,,,,,
XSLL,2026-08-07,9.93,9.93,0.0,2026-08-10,,,,,,,,
XSLV,2026-08-07,53.6,53.6,0.0,2026-08-10,,,,,,,,
XSMO,2026-08-07,88.7,88.7,0.0,2026-08-10,,,,,,,,
XSOE,2026-08-07,46.7,46.7,0.0,2026-08-10,,,,,,,,
XSPC,2026-08-07,23.32,23.32,0.0,2026-08-10,,,,,,,,
XSPI,2026-08-07,50.21,50.98,0.0153355905198167,2026-08-10,,,,,,,,
XSVM,2026-08-07,70.72,70.72,0.0,2026-08-10,,,,,,,,
XSVN,2026-08-07,46.58,46.58,0.0,2026-08-10,,,,,,,,
XSW,2026-08-07,195.76,196.0,0.001225991009399241,2026-08-10,,,,,,,,
XT,2026-08-07,82.84,82.84,0.0,2026-08-10,,,,,,,,
XTAI,2026-08-07,21.68,21.68,0.0,2026-08-10,,,,,,,,
XTAP,2026-08-07,46.25,46.25,0.0,2026-08-10,,,,,,,,
XTEN,2026-08-07,44.43,44.43,0.0,2026-08-10,,,,,,,,
XTIA,2026-08-07,1.53,1.58,0.03267973856209161,2026-08-10,,,,,,,,
XTJA,2026-08-07,34.81,34.81,0.0,2026-08-10,,,,,,,,
XTJL,2026-08-07,42.26,42.26,0.0,2026-08-10,,,,,,,,
XTL,2026-08-07,215.19,215.19,0.0,2026-08-10,,,,,,,,
XTLB,2026-08-07,2.94,2.94,0.0,2026-08-10,,,,,,,,
XTN,2026-08-07,112.42,112.42,0.0,2026-08-10,,,,,,,,
XTNT,2026-08-07,0.44,0.44,0.0,2026-08-10,,,,,,,,
XTOC,2026-08-07,36.83,36.83,0.0,2026-08-10,,,,,,,,
XTR,2026-08-07,29.22,29.22,0.0,2026-08-10,,,,,,,,
XTRE,2026-08-07,48.77,48.77,0.0,2026-08-10,,,,,,,,
XTWO,2026-08-07,48.81,48.81,0.0,2026-08-10,,,,,,,,
XTWY,2026-08-07,35.5,35.5,0.0,2026-08-10,,,,,,,,
XUDV,2026-08-07,32.98,32.98,0.0,2026-08-10,,,,,,,,
XUSP,2026-08-07,54.88,54.88,0.0,2026-08-10,,,,,,,,
XV,2026-08-07,24.86,24.86,0.0,2026-08-10,,,,,,,,
XVO,2026-08-07,26.39,26.39,0.0,2026-08-10,,,,,,,,
XVUG,2026-08-07,24.09,24.09,0.0,2026-08-10,,,,,,,,
XVV,2026-08-07,59.35,59.35,0.0,2026-08-10,,,,,,,,
XW,2026-08-07,24.61,24.61,0.0,2026-08-10,,,,,,,,
XWEL,2026-08-07,1.02,1.0,-0.019607843137254943,2026-08-10,,,,,,,,
XXI,2026-08-07,4.55,4.59,0.00879120879120876,2026-08-10,,,,,,,,
XXII,2026-08-07,4.29,4.2,-0.020979020979020935,2026-08-10,,,,,,,,
XXRP,2026-08-07,19.0,19.4,0.021052631578947212,2026-08-10,,,,,,,,
XXV,2026-08-07,23.51,23.51,0.0,2026-08-10,,,,,,,,
XXX,2026-08-07,20.04,20.04,0.0,2026-08-10,,,,,,,,
XYF,2026-08-07,5.3,5.3,0.0,2026-08-10,,,,,,,,
XYL,2026-08-07,120.32,120.0,-0.0026595744680850686,2026-08-10,,,,,,,,
XYLD,2026-08-07,41.57,41.61,0.0009622323791196319,2026-08-10,,,,,,,,
XYLG,2026-08-07,29.66,29.66,0.0,2026-08-10,,,,,,,,
XYZ,2026-08-07,79.0,79.04,0.000506329113924231,2026-08-10,,,,,,,,
XYZG,2026-08-07,17.18,17.18,0.0,2026-08-10,,,,,,,,
XYZY,2026-08-07,25.28,25.6,0.012658227848101333,2026-08-10,,,,,,,,
XZO,2026-08-07,15.5,15.5,0.0,2026-08-10,,,,,,,,
YAAS,2026-08-07,2.66,2.58,-0.03007518796992481,2026-08-10,,,,,,,,
YALA,2026-08-07,5.48,5.48,0.0,2026-08-10,,,,,,,,
YALL,2026-08-07,44.21,44.21,0.0,2026-08-10,,,,,,,,
YANG,2026-08-07,26.96,26.78,-0.00667655786350152,2026-08-10,,,,,,,,
YARW,2026-08-07,41.43,41.43,0.0,2026-08-10,,,,,,,,
YB,2026-08-07,13.94,13.94,0.0,2026-08-10,,,,,,,,
YBIT,2026-08-07,18.47,18.75,0.015159718462371519,2026-08-10,,,,,,,,
YBMN,2026-08-07,12.97,12.97,0.0,2026-08-10,,,,,,,,
YBST,2026-08-07,12.73,12.73,0.0,2026-08-10,,,,,,,,
YBTC,2026-08-07,17.89,17.92,0.001676914477361624,2026-08-10,,,,,,,,
YBTY,2026-08-07,11.15,11.15,0.0,2026-08-10,,,,,,,,
YCBD,2026-08-07,0.56,0.56,0.0,2026-08-10,,,,,,,,
YCL,2026-08-07,18.36,18.36,0.0,2026-08-10,,,,,,,,
YCLO,2026-08-07,25.18,25.18,0.0,2026-08-10,,,,,,,,
YCS,2026-08-07,53.55,53.55,0.0,2026-08-10,,,,,,,,
YCY,2026-08-07,10.2,10.2,0.0,2026-08-10,,,,,,,,
YDDL,2026-08-07,1.8,1.8,0.0,2026-08-10,,,,,,,,
YDEC,2026-08-07,28.19,28.19,0.0,2026-08-10,,,,,,,,
YDES,2026-08-07,2.3,2.37,0.0304347826086957,2026-08-10,,,,,,,,
YDKG,2026-08-07,1.08,1.08,0.0,2026-08-10,,,,,,,,
YEAR,2026-08-07,50.24,50.24,0.0,2026-08-10,,,,,,,,
YELP,2026-08-07,25.56,25.56,0.0,2026-08-10,,,,,,,,
YETH,2026-08-07,9.07,9.1,0.00330760749724357,2026-08-10,,,,,,,,
YETI,2026-08-07,52.2,52.43,0.004406130268199249,2026-08-10,,,,,,,,
YEXT,2026-08-07,5.73,5.47,-0.04537521815008738,2026-08-10,,,,,,,,
YFFI,2026-08-07,9.9,9.9,0.0,2026-08-10,,,,,,,,
YFYA,2026-08-07,9.79,9.79,0.0,2026-08-10,,,,,,,,
YGLD,2026-08-07,35.04,35.04,0.0,2026-08-10,,,,,,,,
YHC,2026-08-07,1.79,1.73,-0.033519553072625774,2026-08-10,,,,,,,,
YHGJ,2026-08-07,3.0,3.0,0.0,2026-08-10,,,,,,,,
YHNA,2026-08-07,10.95,10.95,0.0,2026-08-10,,,,,,,,
YI,2026-08-07,3.91,3.91,0.0,2026-08-10,,,,,,,,
YIBO,2026-08-07,1.19,1.19,0.0,2026-08-10,,,,,,,,
YICC,2026-08-07,9.93,9.93,0.0,2026-08-10,,,,,,,,
YINN,2026-08-07,31.5,31.75,0.007936507936507908,2026-08-10,,,,,,,,
YJ,2026-08-07,3.4,2.42,-0.28823529411764703,2026-08-10,,,,,,,,
YJUN,2026-08-07,27.55,27.55,0.0,2026-08-10,,,,,,,,
YLD,2026-08-07,18.97,18.97,0.0,2026-08-10,,,,,,,,
YLDE,2026-08-07,57.39,57.39,0.0,2026-08-10,,,,,,,,
YLDW,2026-08-07,25.8,25.8,0.0,2026-08-10,,,,,,,,
YMAG,2026-08-07,11.58,11.64,0.005181347150259086,2026-08-10,,,,,,,,
YMAR,2026-08-07,29.29,29.29,0.0,2026-08-10,,,,,,,,
YMAT,2026-08-07,1.92,1.9,-0.01041666666666663,2026-08-10,,,,,,,,
YMAX,2026-08-07,7.7,7.73,0.003896103896103842,2026-08-10,,,,,,,,
YMM,2026-08-07,9.63,9.8,0.017653167185877505,2026-08-10,,,,,,,,
YMT,2026-08-07,0.35,0.65,0.8571428571428574,2026-08-10,,,,,,,,
YNOT,2026-08-07,32.8,32.8,0.0,2026-08-10,,,,,,,,
YOKE,2026-08-07,32.19,32.19,0.0,2026-08-10,,,,,,,,
YOLO,2026-08-07,2.65,2.65,0.0,2026-08-10,,,,,,,,
YORW,2026-08-07,31.7,31.7,0.0,2026-08-10,,,,,,,,
YOU,2026-08-07,51.29,51.01,-0.005459153831156138,2026-08-10,,,,,,,,
YOUL,2026-08-07,0.42,0.41,-0.023809523809523836,2026-08-10,,,,,,,,
YPF,2026-08-07,49.16,49.99,0.01688364524003272,2026-08-10,,,,,,,,
YQ,2026-08-07,2.4,2.33,-0.029166666666666563,2026-08-10,,,,,,,,
YQQQ,2026-08-07,9.71,9.71,0.0,2026-08-10,,,,,,,,
YRD,2026-08-07,1.26,1.26,0.0,2026-08-10,,,,,,,,
YSAG,2026-08-07,63.39,63.39,0.0,2026-08-10,,,,,,,,
YSAU,2026-08-07,43.46,43.46,0.0,2026-08-10,,,,,,,,
YSEP,2026-08-07,28.19,28.19,0.0,2026-08-10,,,,,,,,
YSG,2026-08-07,3.4,3.04,-0.10588235294117643,2026-08-10,,,,,,,,
YSPC,2026-08-07,47.72,47.72,0.0,2026-08-10,,,,,,,,
YSPY,2026-08-07,14.98,14.98,0.0,2026-08-10,,,,,,,,
YSS,2026-08-07,11.41,11.39,-0.0017528483786152238,2026-08-10,,,,,,,,
YSWY,2026-08-07,21.61,21.61,0.0,2026-08-10,,,,,,,,
YSXT,2026-08-07,1.03,1.03,0.0,2026-08-10,,,,,,,,
YTRA,2026-08-07,0.85,0.85,0.0,2026-08-10,,,,,,,,
YUM,2026-08-07,150.76,151.28,0.00344919076678174,2026-08-10,,,,,,,,
YUMC,2026-08-07,47.72,47.96,0.005029337803855949,2026-08-10,,,,,,,,
YUNG,2026-08-07,29.15,29.15,0.0,2026-08-10,,,,,,,,
YXI,2026-08-07,21.4,21.4,0.0,2026-08-10,,,,,,,,
YXT,2026-08-07,5.98,5.31,-0.11204013377926436,2026-08-10,,,,,,,,
YYAI,2026-08-07,0.08,0.08,0.0,2026-08-10,,,,,,,,
YYGH,2026-08-07,1.12,1.14,0.01785714285714257,2026-08-10,,,,,,,,
YYY,2026-08-07,11.42,11.42,0.0,2026-08-10,,,,,,,,
YYYM,2026-08-07,19.71,19.71,0.0,2026-08-10,,,,,,,,
Z,2026-08-07,33.61,33.8,0.005653079440642639,2026-08-10,,,,,,,,
ZALT,2026-08-07,34.43,34.43,0.0,2026-08-10,,,,,,,,
ZAP,2026-08-07,32.6,32.84,0.007361963190184007,2026-08-10,,,,,,,,
ZAPR,2026-08-07,26.87,26.87,0.0,2026-08-10,,,,,,,,
ZAUG,2026-08-07,27.88,27.88,0.0,2026-08-10,,,,,,,,
ZBAO,2026-08-07,0.19,0.19,0.0,2026-08-10,,,,,,,,
ZBH,2026-08-07,96.55,96.98,0.004453650958052835,2026-08-10,,,,,,,,
ZBIO,2026-08-07,32.43,32.89,0.014184397163120588,2026-08-10,,,,,,,,
ZBRA,2026-08-07,376.49,378.3,0.00480756460994991,2026-08-10,,,,,,,,
ZCBA,2026-08-07,48.87,48.87,0.0,2026-08-10,,,,,,,,
ZCBB,2026-08-07,48.76,48.76,0.0,2026-08-10,,,,,,,,
ZCBC,2026-08-07,48.72,48.72,0.0,2026-08-10,,,,,,,,
ZCBE,2026-08-07,48.65,48.65,0.0,2026-08-10,,,,,,,,
ZCBF,2026-08-07,48.56,48.56,0.0,2026-08-10,,,,,,,,
ZCBG,2026-08-07,48.53,48.53,0.0,2026-08-10,,,,,,,,
ZCMD,2026-08-07,1.08,1.09,0.0092592592592593,2026-08-10,,,,,,,,
ZD,2026-08-07,53.87,54.69,0.015221830332281527,2026-08-10,,,,,,,,
ZDAI,2026-08-07,1.84,1.8,-0.021739130434782594,2026-08-10,,,,,,,,
ZDEK,2026-08-07,26.68,26.68,0.0,2026-08-10,,,,,,,,
ZDGE,2026-08-07,2.98,2.98,0.0,2026-08-10,,,,,,,,
ZECP,2026-08-07,38.66,38.66,0.0,2026-08-10,,,,,,,,
ZENA,2026-08-07,1.65,1.7,0.030303030303030276,2026-08-10,,,,,,,,
ZEO,2026-08-07,0.58,0.58,0.0,2026-08-10,,,,,,,,
ZEPP,2026-08-07,4.75,4.84,0.0189473684210526,2026-08-10,,,,,,,,
ZETA,2026-08-07,26.64,26.5,-0.005255255255255276,2026-08-10,,,,,,,,
ZETX,2026-08-07,31.27,32.48,0.03869523504956818,2026-08-10,,,,,,,,
ZFEB,2026-08-07,26.21,26.21,0.0,2026-08-10,,,,,,,,
ZG,2026-08-07,33.95,34.0,0.0014727540500736325,2026-08-10,,,,,,,,
ZGN,2026-08-07,14.91,14.91,0.0,2026-08-10,,,,,,,,
ZH,2026-08-07,3.25,3.25,0.0,2026-08-10,,,,,,,,
ZHDG,2026-08-07,24.17,24.17,0.0,2026-08-10,,,,,,,,
ZHOG,2026-08-07,51.1,51.1,0.0,2026-08-10,,,,,,,,
ZIG,2026-08-07,40.88,40.88,0.0,2026-08-10,,,,,,,,
ZIM,2026-08-07,26.9,26.18,-0.026765799256505574,2026-08-10,,,,,,,,
ZINC,2026-08-07,26.19,26.19,0.0,2026-08-10,,,,,,,,
ZION,2026-08-07,70.32,70.32,0.0,2026-08-10,,,,,,,,
ZIP,2026-08-07,5.14,5.4,0.05058365758754868,2026-08-10,,,,,,,,
ZJAN,2026-08-07,28.26,28.26,0.0,2026-08-10,,,,,,,,
ZJK,2026-08-07,1.78,1.77,-0.005617977528089901,2026-08-10,,,,,,,,
ZJUL,2026-08-07,30.24,30.24,0.0,2026-08-10,,,,,,,,
ZJUN,2026-08-07,27.7,27.7,0.0,2026-08-10,,,,,,,,
ZJYL,2026-08-07,2.15,4.37,1.032558139534884,2026-08-10,,,,,,,,
ZKH,2026-08-07,2.85,2.85,0.0,2026-08-10,,,,,,,,
ZKIN,2026-08-07,1.08,1.08,0.0,2026-08-10,,,,,,,,
ZKP,2026-08-07,9.98,9.98,0.0,2026-08-10,,,,,,,,
ZLAB,2026-08-07,23.32,22.88,-0.018867924528301994,2026-08-10,,,,,,,,
ZM,2026-08-07,104.5,104.3,-0.001913875598086201,2026-08-10,,,,,,,,
ZMAR,2026-08-07,28.49,28.49,0.0,2026-08-10,,,,,,,,
ZMAY,2026-08-07,26.23,26.23,0.0,2026-08-10,,,,,,,,
ZMUN,2026-08-07,50.03,50.03,0.0,2026-08-10,,,,,,,,
ZNB,2026-08-07,2.47,2.51,0.0161943319838056,2026-08-10,,,,,,,,
ZNOV,2026-08-07,27.74,27.74,0.0,2026-08-10,,,,,,,,
ZNTL,2026-08-07,4.22,4.15,-0.016587677725118377,2026-08-10,,,,,,,,
ZOCT,2026-08-07,27.86,27.86,0.0,2026-08-10,,,,,,,,
ZONE,2026-08-07,0.37,0.38,0.027027027027026973,2026-08-10,,,,,,,,
ZOOZ,2026-08-07,5.5,5.5,0.0,2026-08-10,,,,,,,,
ZROZ,2026-08-07,59.02,59.0,-0.0003388681802779514,2026-08-10,,,,,,,,
ZS,2026-08-07,168.68,168.14,-0.003201327958264333,2026-08-10,,,,,,,,
ZSB,2026-08-07,21.75,21.75,0.0,2026-08-10,,,,,,,,
ZSC,2026-08-07,30.07,30.07,0.0,2026-08-10,,,,,,,,
ZSEP,2026-08-07,27.77,27.77,0.0,2026-08-10,,,,,,,,
ZSL,2026-08-07,25.64,25.45,-0.007410296411856532,2026-08-10,,,,,,,,
ZSQR,2026-08-07,4.04,4.04,0.0,2026-08-10,,,,,,,,
ZSTK,2026-08-07,1.65,1.65,0.0,2026-08-10,,,,,,,,
ZTAX,2026-08-07,25.52,25.52,0.0,2026-08-10,,,,,,,,
ZTEK,2026-08-07,0.67,0.67,0.0,2026-08-10,,,,,,,,
ZTEN,2026-08-07,49.73,49.73,0.0,2026-08-10,,,,,,,,
ZTG,2026-08-07,9.2,9.01,-0.020652173913043415,2026-08-10,,,,,,,,
ZTO,2026-08-07,23.6,23.9,0.012711864406779627,2026-08-10,,,,,,,,
ZTOP,2026-08-07,51.62,51.62,0.0,2026-08-10,,,,,,,,
ZTR,2026-08-07,6.78,6.78,0.0,2026-08-10,,,,,,,,
ZTRE,2026-08-07,50.47,50.47,0.0,2026-08-10,,,,,,,,
ZTS,2026-08-07,72.66,73.03,0.005092210294522559,2026-08-10,,,,,,,,
ZTWO,2026-08-07,50.35,50.35,0.0,2026-08-10,,,,,,,,
ZUMZ,2026-08-07,20.11,20.3,0.009448035803083066,2026-08-10,,,,,,,,
ZURA,2026-08-07,5.97,6.1,0.021775544388609624,2026-08-10,,,,,,,,
ZVIA,2026-08-07,1.44,1.44,0.0,2026-08-10,,,,,,,,
ZVOL,2026-08-07,7.87,8.06,0.02414231257941557,2026-08-10,,,,,,,,
ZVRA,2026-08-07,11.56,11.76,0.01730103806228378,2026-08-10,,,,,,,,
ZWS,2026-08-07,51.42,51.42,0.0,2026-08-10,,,,,,,,
ZYBT,2026-08-07,1.89,1.83,-0.03174603174603163,2026-08-10,,,,,,,,
ZYME,2026-08-07,23.54,24.54,0.042480883602378894,2026-08-10,,,,,,,,
