Ticker,scan_date,price_T,price_T1,fwd_1d,label_date_1,price_T2,fwd_2d,label_date_2,price_T3,fwd_3d,label_date_3,up_3d,down_3d
A,2026-08-06,141.34,145.97,0.032757888778831123,2026-08-07,,,,,,,,
AA,2026-08-06,47.48,50.17,0.056655433866891425,2026-08-07,,,,,,,,
AAA,2026-08-06,24.97,24.98,0.00040048057669217485,2026-08-07,,,,,,,,
AAAA,2026-08-06,30.7,30.9,0.006514657980456029,2026-08-07,,,,,,,,
AAAC,2026-08-06,20.07,20.08,0.0004982561036370736,2026-08-07,,,,,,,,
AAAD,2026-08-06,49.51,49.56,0.0010098969905070199,2026-08-07,,,,,,,,
AAAP,2026-08-06,25.31,25.33,0.000790201501382759,2026-08-07,,,,,,,,
AAAU,2026-08-06,41.89,42.81,0.02196228216758178,2026-08-07,,,,,,,,
AAC-U,2026-08-06,10.19,10.19,0.0,2026-08-07,,,,,,,,
AACB,2026-08-06,10.52,10.56,0.0038022813688214363,2026-08-07,,,,,,,,
AACG,2026-08-06,0.9,0.86,-0.04444444444444451,2026-08-07,,,,,,,,
AACI,2026-08-06,10.02,9.99,-0.0029940119760478723,2026-08-07,,,,,,,,
AACO,2026-08-06,9.95,9.94,-0.0010050251256281673,2026-08-07,,,,,,,,
AACP,2026-08-06,10.01,10.0,-0.0009990009990009652,2026-08-07,,,,,,,,
AADR,2026-08-06,84.57,84.35,-0.0026013952938394036,2026-08-07,,,,,,,,
AADX,2026-08-06,21.26,21.54,0.013170272812793815,2026-08-07,,,,,,,,
AAEQ,2026-08-06,54.87,55.22,0.006378713322398477,2026-08-07,,,,,,,,
AAL,2026-08-06,16.03,15.94,-0.005614472863381237,2026-08-07,,,,,,,,
AALG,2026-08-06,15.45,15.27,-0.011650485436893177,2026-08-07,,,,,,,,
AAME,2026-08-06,1.6,1.53,-0.04375000000000007,2026-08-07,,,,,,,,
AAMI,2026-08-06,91.56,89.85,-0.018676277850589895,2026-08-07,,,,,,,,
AAOG,2026-08-06,3.77,4.51,0.1962864721485411,2026-08-07,,,,,,,,
AAOI,2026-08-06,124.22,135.63,0.09185316374174857,2026-08-07,,,,,,,,
AAON,2026-08-06,90.28,94.83,0.05039875941515293,2026-08-07,,,,,,,,
AAOX,2026-08-06,17.29,20.18,0.1671486408328513,2026-08-07,,,,,,,,
AAOZ,2026-08-06,13.57,10.91,-0.19602063375092116,2026-08-07,,,,,,,,
AAP,2026-08-06,57.92,57.8,-0.002071823204420009,2026-08-07,,,,,,,,
AAPB,2026-08-06,38.7,39.05,0.009043927648578753,2026-08-07,,,,,,,,
AAPD,2026-08-06,11.12,11.09,-0.0026978417266186883,2026-08-07,,,,,,,,
AAPE,2026-08-06,14.65,14.77,0.008191126279863514,2026-08-07,,,,,,,,
AAPG,2026-08-06,17.09,18.99,0.11117612638970154,2026-08-07,,,,,,,,
AAPL,2026-08-06,312.41,313.33,0.0029448481162572815,2026-08-07,,,,,,,,
AAPR,2026-08-06,29.69,29.74,0.0016840687100032614,2026-08-07,,,,,,,,
AAPU,2026-08-06,39.85,40.03,0.0045169385194478995,2026-08-07,,,,,,,,
AAPW,2026-08-06,39.4,39.63,0.005837563451776662,2026-08-07,,,,,,,,
AAPX,2026-08-06,36.09,35.98,-0.003047935716265049,2026-08-07,,,,,,,,
AAPY,2026-08-06,26.13,26.31,0.006888633754305484,2026-08-07,,,,,,,,
AARD,2026-08-06,7.3,7.9,0.08219178082191791,2026-08-07,,,,,,,,
AAT,2026-08-06,22.52,22.83,0.013765541740674792,2026-08-07,,,,,,,,
AAUA,2026-08-06,58.74,59.09,0.005958461014640815,2026-08-07,,,,,,,,
AAUB,2026-08-06,51.04,51.49,0.008816614420062763,2026-08-07,,,,,,,,
AAUC,2026-08-06,20.67,21.78,0.053701015965166965,2026-08-07,,,,,,,,
AAUS,2026-08-06,61.63,62.02,0.006328086970631253,2026-08-07,,,,,,,,
AAVM,2026-08-06,34.15,34.54,0.011420204978038084,2026-08-07,,,,,,,,
AAXJ,2026-08-06,112.6,113.53,0.008259325044404964,2026-08-07,,,,,,,,
AB,2026-08-06,37.13,37.12,-0.000269323996768267,2026-08-07,,,,,,,,
ABAT,2026-08-06,2.39,2.61,0.09205020920502083,2026-08-07,,,,,,,,
ABBV,2026-08-06,243.87,246.04,0.008898183458399878,2026-08-07,,,,,,,,
ABCB,2026-08-06,88.19,87.73,-0.005216010885587874,2026-08-07,,,,,,,,
ABCL,2026-08-06,6.53,6.93,0.06125574272588041,2026-08-07,,,,,,,,
ABCS,2026-08-06,35.81,36.0,0.005305780508237934,2026-08-07,,,,,,,,
ABEO,2026-08-06,6.9,7.24,0.049275362318840665,2026-08-07,,,,,,,,
ABEQ,2026-08-06,38.44,38.67,0.005983350676378896,2026-08-07,,,,,,,,
ABEV,2026-08-06,3.01,3.0,-0.0033222591362125353,2026-08-07,,,,,,,,
ABFL,2026-08-06,83.04,83.56,0.00626204238920991,2026-08-07,,,,,,,,
ABG,2026-08-06,215.99,214.32,-0.007731839437011057,2026-08-07,,,,,,,,
ABI,2026-08-06,24.85,24.75,-0.004024144869215318,2026-08-07,,,,,,,,
ABIG,2026-08-06,36.04,36.19,0.004162042175360758,2026-08-07,,,,,,,,
ABLD,2026-08-06,31.62,32.01,0.012333965844402162,2026-08-07,,,,,,,,
ABLG,2026-08-06,31.43,31.73,0.009545020680878258,2026-08-07,,,,,,,,
ABLS,2026-08-06,23.11,23.23,0.005192557334487313,2026-08-07,,,,,,,,
ABLV,2026-08-06,0.77,0.82,0.06493506493506485,2026-08-07,,,,,,,,
ABM,2026-08-06,48.55,48.54,-0.0002059732234809264,2026-08-07,,,,,,,,
ABNB,2026-08-06,151.64,178.07,0.174294381429702,2026-08-07,,,,,,,,
ABNG,2026-08-06,20.21,20.21,0.0,2026-08-07,,,,,,,,
ABOS,2026-08-06,2.28,2.44,0.07017543859649122,2026-08-07,,,,,,,,
ABOT,2026-08-06,41.31,42.82,0.0365528927620431,2026-08-07,,,,,,,,
ABR,2026-08-06,5.13,5.35,0.04288499025341119,2026-08-07,,,,,,,,
ABSI,2026-08-06,8.3,8.93,0.07590361445783111,2026-08-07,,,,,,,,
ABT,2026-08-06,107.96,107.81,-0.0013894034827712787,2026-08-07,,,,,,,,
ABTC,2026-08-06,6.19,6.47,0.045234248788368125,2026-08-07,,,,,,,,
ABTS,2026-08-06,1.48,1.38,-0.06756756756756765,2026-08-07,,,,,,,,
ABUF,2026-08-06,27.54,27.59,0.0018155410312272746,2026-08-07,,,,,,,,
ABUS,2026-08-06,4.54,4.63,0.01982378854625555,2026-08-07,,,,,,,,
ABVC,2026-08-06,1.02,1.02,0.0,2026-08-07,,,,,,,,
ABVX,2026-08-06,130.0,130.93,0.007153846153846288,2026-08-07,,,,,,,,
ABX,2026-08-06,10.4,9.52,-0.08461538461538465,2026-08-07,,,,,,,,
ABXB,2026-08-06,19.14,19.17,0.0015673981191222097,2026-08-07,,,,,,,,
ACA,2026-08-06,144.89,144.84,-0.0003450893781488107,2026-08-07,,,,,,,,
ACAA,2026-08-06,10.02,9.99,-0.0029940119760478723,2026-08-07,,,,,,,,
ACAD,2026-08-06,28.45,29.21,0.026713532513181093,2026-08-07,,,,,,,,
ACB,2026-08-06,2.98,2.99,0.003355704697986628,2026-08-07,,,,,,,,
ACCL,2026-08-06,2.84,2.89,0.01760563380281699,2026-08-07,,,,,,,,
ACCO,2026-08-06,4.41,4.41,0.0,2026-08-07,,,,,,,,
ACCS,2026-08-06,6.73,6.76,0.004457652303120341,2026-08-07,,,,,,,,
ACDC,2026-08-06,4.47,4.32,-0.03355704697986561,2026-08-07,,,,,,,,
ACEI,2026-08-06,23.51,23.52,0.00042535091450446316,2026-08-07,,,,,,,,
ACEL,2026-08-06,12.29,12.16,-0.010577705451586539,2026-08-07,,,,,,,,
ACEP,2026-08-06,20.43,20.56,0.006363191385217792,2026-08-07,,,,,,,,
ACES,2026-08-06,31.43,32.43,0.03181673560292708,2026-08-07,,,,,,,,
ACET,2026-08-06,7.93,7.98,0.006305170239596647,2026-08-07,,,,,,,,
ACFN,2026-08-06,18.95,19.0,0.0026385224274407815,2026-08-07,,,,,,,,
ACGC,2026-08-06,9.98,9.98,0.0,2026-08-07,,,,,,,,
ACGL,2026-08-06,99.29,98.48,-0.008157921240809718,2026-08-07,,,,,,,,
ACGO,2026-08-06,38.28,38.61,0.008620689655172376,2026-08-07,,,,,,,,
ACGR,2026-08-06,70.56,70.83,0.003826530612244916,2026-08-07,,,,,,,,
ACH,2026-08-06,2.92,2.8,-0.04109589041095896,2026-08-07,,,,,,,,
ACHC,2026-08-06,30.72,31.53,0.0263671875,2026-08-07,,,,,,,,
ACHR,2026-08-06,5.23,5.59,0.06883365200764802,2026-08-07,,,,,,,,
ACHV,2026-08-06,6.55,6.65,0.01526717557251911,2026-08-07,,,,,,,,
ACHX,2026-08-06,28.14,32.11,0.14108031272210364,2026-08-07,,,,,,,,
ACI,2026-08-06,12.08,12.01,-0.005794701986755024,2026-08-07,,,,,,,,
ACIC,2026-08-06,10.28,10.44,0.015564202334630295,2026-08-07,,,,,,,,
ACII,2026-08-06,25.52,25.6,0.0031347962382446415,2026-08-07,,,,,,,,
ACIO,2026-08-06,47.28,47.47,0.004018612521150544,2026-08-07,,,,,,,,
ACIU,2026-08-06,2.32,2.36,0.01724137931034475,2026-08-07,,,,,,,,
ACIW,2026-08-06,55.22,53.67,-0.028069540021731232,2026-08-07,,,,,,,,
ACKY,2026-08-06,18.04,18.36,0.017738359201773912,2026-08-07,,,,,,,,
ACLC,2026-08-06,86.93,87.59,0.0075923156562751615,2026-08-07,,,,,,,,
ACLO,2026-08-06,50.37,50.41,0.000794123486202114,2026-08-07,,,,,,,,
ACLS,2026-08-06,136.66,140.27,0.026415922727938135,2026-08-07,,,,,,,,
ACLZ,2026-08-06,13.81,14.43,0.044895003620564644,2026-08-07,,,,,,,,
ACM,2026-08-06,74.93,75.84,0.012144668357133348,2026-08-07,,,,,,,,
ACMM,2026-08-06,13.07,14.5,0.10941086457536331,2026-08-07,,,,,,,,
ACMR,2026-08-06,78.98,83.8,0.06102810838186867,2026-08-07,,,,,,,,
ACN,2026-08-06,171.11,175.72,0.026941733387878974,2026-08-07,,,,,,,,
ACNB,2026-08-06,65.01,64.38,-0.009690816797415902,2026-08-07,,,,,,,,
ACNT,2026-08-06,15.25,15.61,0.023606557377049198,2026-08-07,,,,,,,,
ACOG,2026-08-06,8.67,9.13,0.053056516724336866,2026-08-07,,,,,,,,
ACOM,2026-08-06,21.68,21.84,0.007380073800737907,2026-08-07,,,,,,,,
ACON,2026-08-06,2.35,2.29,-0.025531914893617058,2026-08-07,,,,,,,,
ACP,2026-08-06,5.06,5.08,0.0039525691699606735,2026-08-07,,,,,,,,
ACR,2026-08-06,14.6,15.13,0.03630136986301369,2026-08-07,,,,,,,,
ACRE,2026-08-06,4.71,4.87,0.03397027600849256,2026-08-07,,,,,,,,
ACRS,2026-08-06,6.09,5.91,-0.029556650246305383,2026-08-07,,,,,,,,
ACRV,2026-08-06,1.69,1.73,0.02366863905325456,2026-08-07,,,,,,,,
ACSG,2026-08-06,49.69,50.32,0.012678607365667283,2026-08-07,,,,,,,,
ACSI,2026-08-06,77.25,77.68,0.0055663430420713755,2026-08-07,,,,,,,,
ACSV,2026-08-06,50.16,50.58,0.00837320574162681,2026-08-07,,,,,,,,
ACT,2026-08-06,48.67,48.96,0.005958495993425128,2026-08-07,,,,,,,,
ACTG,2026-08-06,4.67,4.82,0.032119914346895095,2026-08-07,,,,,,,,
ACTU,2026-08-06,1.23,1.11,-0.09756097560975596,2026-08-07,,,,,,,,
ACU,2026-08-06,56.17,55.99,-0.0032045575930211845,2026-08-07,,,,,,,,
ACV,2026-08-06,26.7,27.16,0.017228464419475786,2026-08-07,,,,,,,,
ACVA,2026-08-06,7.45,7.46,0.0013422818791946067,2026-08-07,,,,,,,,
ACVF,2026-08-06,55.76,56.28,0.009325681492108995,2026-08-07,,,,,,,,
ACVT,2026-08-06,28.39,28.65,0.009158154279675923,2026-08-07,,,,,,,,
ACVU,2026-08-06,32.32,32.49,0.005259900990099098,2026-08-07,,,,,,,,
ACWI,2026-08-06,160.1,161.44,0.008369768894441076,2026-08-07,,,,,,,,
ACWV,2026-08-06,125.9,126.7,0.006354249404289192,2026-08-07,,,,,,,,
ACWX,2026-08-06,76.64,77.41,0.010046972860125125,2026-08-07,,,,,,,,
ACXP,2026-08-06,1.46,1.54,0.0547945205479452,2026-08-07,,,,,,,,
ACYN,2026-08-06,20.59,20.7,0.005342399222923788,2026-08-07,,,,,,,,
ACYQ,2026-08-06,20.32,20.43,0.005413385826771533,2026-08-07,,,,,,,,
ACYS,2026-08-06,20.4,20.46,0.002941176470588447,2026-08-07,,,,,,,,
AD,2026-08-06,35.65,35.24,-0.011500701262271984,2026-08-07,,,,,,,,
ADAC,2026-08-06,10.08,10.08,0.0,2026-08-07,,,,,,,,
ADAG,2026-08-06,4.14,4.11,-0.007246376811594013,2026-08-07,,,,,,,,
ADAM,2026-08-06,9.52,9.82,0.03151260504201692,2026-08-07,,,,,,,,
ADBE,2026-08-06,260.24,265.21,0.019097755917614423,2026-08-07,,,,,,,,
ADBG,2026-08-06,4.63,4.8,0.036717062634989084,2026-08-07,,,,,,,,
ADBU,2026-08-06,26.06,26.9,0.03223330775134303,2026-08-07,,,,,,,,
ADC,2026-08-06,76.35,75.63,-0.009430255402750443,2026-08-07,,,,,,,,
ADCT,2026-08-06,1.13,1.13,0.0,2026-08-07,,,,,,,,
ADDS,2026-08-06,24.42,25.14,0.029484029484029506,2026-08-07,,,,,,,,
ADEA,2026-08-06,28.31,28.23,-0.0028258565877781194,2026-08-07,,,,,,,,
ADFI,2026-08-06,8.38,8.38,0.0,2026-08-07,,,,,,,,
ADGM,2026-08-06,0.73,0.68,-0.06849315068493145,2026-08-07,,,,,,,,
ADI,2026-08-06,377.31,389.93,0.033447297977790225,2026-08-07,,,,,,,,
ADIG,2026-08-06,26.3,27.03,0.027756653992395464,2026-08-07,,,,,,,,
ADIL,2026-08-06,4.8,3.98,-0.17083333333333328,2026-08-07,,,,,,,,
ADIU,2026-08-06,11.14,11.77,0.05655296229802498,2026-08-07,,,,,,,,
ADIV,2026-08-06,19.69,19.78,0.004570848146267181,2026-08-07,,,,,,,,
ADM,2026-08-06,77.51,76.59,-0.011869436201780381,2026-08-07,,,,,,,,
ADMA,2026-08-06,10.06,9.9,-0.015904572564612307,2026-08-07,,,,,,,,
ADME,2026-08-06,56.72,57.01,0.005112834978843406,2026-08-07,,,,,,,,
ADNT,2026-08-06,18.85,19.42,0.03023872679045092,2026-08-07,,,,,,,,
ADP,2026-08-06,273.51,271.32,-0.008007019853021768,2026-08-07,,,,,,,,
ADPT,2026-08-06,23.6,24.93,0.05635593220338975,2026-08-07,,,,,,,,
ADPV,2026-08-06,45.14,45.19,0.0011076650420911438,2026-08-07,,,,,,,,
ADSE,2026-08-06,11.7,11.83,0.011111111111111072,2026-08-07,,,,,,,,
ADSK,2026-08-06,242.47,249.08,0.02726110446653207,2026-08-07,,,,,,,,
ADT,2026-08-06,7.65,7.64,-0.0013071895424837665,2026-08-07,,,,,,,,
ADTN,2026-08-06,7.49,7.56,0.009345794392523255,2026-08-07,,,,,,,,
ADUR,2026-08-06,15.35,16.1,0.04885993485342022,2026-08-07,,,,,,,,
ADUS,2026-08-06,118.78,119.68,0.007577033170567571,2026-08-07,,,,,,,,
ADV,2026-08-06,25.34,28.17,0.11168113654301504,2026-08-07,,,,,,,,
ADVB,2026-08-06,7.44,6.37,-0.14381720430107525,2026-08-07,,,,,,,,
ADVE,2026-08-06,46.05,46.37,0.0069489685124863865,2026-08-07,,,,,,,,
ADX,2026-08-06,25.89,26.12,0.008883738895326454,2026-08-07,,,,,,,,
ADXN,2026-08-06,5.8,5.4,-0.06896551724137923,2026-08-07,,,,,,,,
AEAQ,2026-08-06,10.04,10.04,0.0,2026-08-07,,,,,,,,
AEBI,2026-08-06,12.93,13.11,0.0139211136890951,2026-08-07,,,,,,,,
AEC,2026-08-06,4.11,4.13,0.0048661800486617945,2026-08-07,,,,,,,,
AEE,2026-08-06,108.27,108.84,0.005264616237184994,2026-08-07,,,,,,,,
AEF,2026-08-06,8.86,9.05,0.021444695259593916,2026-08-07,,,,,,,,
AEG,2026-08-06,9.46,9.53,0.007399577167018778,2026-08-07,,,,,,,,
AEHG,2026-08-06,10.87,11.56,0.06347746090156403,2026-08-07,,,,,,,,
AEHL,2026-08-06,0.31,0.3,-0.032258064516129115,2026-08-07,,,,,,,,
AEHR,2026-08-06,99.74,103.07,0.033386805694806565,2026-08-07,,,,,,,,
AEI,2026-08-06,1.24,1.18,-0.048387096774193616,2026-08-07,,,,,,,,
AEIS,2026-08-06,323.91,325.02,0.0034268778364359154,2026-08-07,,,,,,,,
AEM,2026-08-06,167.92,178.82,0.06491186279180572,2026-08-07,,,,,,,,
AEMD,2026-08-06,3.02,3.15,0.043046357615893927,2026-08-07,,,,,,,,
AENT,2026-08-06,5.69,5.66,-0.005272407732864748,2026-08-07,,,,,,,,
AEO,2026-08-06,17.72,17.97,0.014108352144469594,2026-08-07,,,,,,,,
AEON,2026-08-06,0.28,0.28,0.0,2026-08-07,,,,,,,,
AEP,2026-08-06,125.26,125.73,0.003752195433498251,2026-08-07,,,,,,,,
AER,2026-08-06,155.24,151.72,-0.022674568410203655,2026-08-07,,,,,,,,
AERO,2026-08-06,15.75,15.9,0.00952380952380949,2026-08-07,,,,,,,,
AERT,2026-08-06,6.95,7.04,0.012949640287769792,2026-08-07,,,,,,,,
AES,2026-08-06,14.7,14.73,0.0020408163265306367,2026-08-07,,,,,,,,
AESI,2026-08-06,11.07,11.27,0.01806684733513997,2026-08-07,,,,,,,,
AESP,2026-08-06,9.92,9.93,0.0010080645161290036,2026-08-07,,,,,,,,
AESR,2026-08-06,19.95,20.19,0.012030075187970057,2026-08-07,,,,,,,,
AETH,2026-08-06,30.42,30.42,0.0,2026-08-07,,,,,,,,
AEVA,2026-08-06,25.26,26.62,0.05384006334125102,2026-08-07,,,,,,,,
AEXA,2026-08-06,11.58,11.59,0.0008635578583764403,2026-08-07,,,,,,,,
AEYE,2026-08-06,5.78,6.0,0.03806228373702414,2026-08-07,,,,,,,,
AFB,2026-08-06,10.93,11.02,0.008234217749313766,2026-08-07,,,,,,,,
AFBI,2026-08-06,23.0,23.0,0.0,2026-08-07,,,,,,,,
AFCG,2026-08-06,2.76,2.78,0.007246376811594235,2026-08-07,,,,,,,,
AFG,2026-08-06,146.73,145.59,-0.007769372316499545,2026-08-07,,,,,,,,
AFGR,2026-08-06,37.52,37.78,0.006929637526652321,2026-08-07,,,,,,,,
AFIF,2026-08-06,9.42,9.41,-0.0010615711252653925,2026-08-07,,,,,,,,
AFIX,2026-08-06,24.44,24.49,0.0020458265139116083,2026-08-07,,,,,,,,
AFJK,2026-08-06,11.95,12.2,0.02092050209205021,2026-08-07,,,,,,,,
AFK,2026-08-06,27.3,28.4,0.04029304029304015,2026-08-07,,,,,,,,
AFL,2026-08-06,126.66,124.61,-0.016185062371703807,2026-08-07,,,,,,,,
AFLG,2026-08-06,44.84,45.08,0.005352363960749118,2026-08-07,,,,,,,,
AFMC,2026-08-06,41.33,41.76,0.010404064843938965,2026-08-07,,,,,,,,
AFOS,2026-08-06,44.9,45.41,0.01135857461024492,2026-08-07,,,,,,,,
AFRI,2026-08-06,10.52,11.18,0.06273764258555126,2026-08-07,,,,,,,,
AFRM,2026-08-06,76.58,75.25,-0.017367458866544783,2026-08-07,,,,,,,,
AFRU,2026-08-06,11.2,10.71,-0.043749999999999845,2026-08-07,,,,,,,,
AFSC,2026-08-06,39.39,39.47,0.0020309723280020897,2026-08-07,,,,,,,,
AFSM,2026-08-06,40.62,41.03,0.010093549975381588,2026-08-07,,,,,,,,
AFYA,2026-08-06,13.91,13.9,-0.0007189072609633529,2026-08-07,,,,,,,,
AG,2026-08-06,17.28,18.4,0.06481481481481466,2026-08-07,,,,,,,,
AGBK,2026-08-06,6.36,6.2,-0.02515723270440251,2026-08-07,,,,,,,,
AGCC,2026-08-06,14.93,15.22,0.01942397856664435,2026-08-07,,,,,,,,
AGCO,2026-08-06,101.63,102.83,0.011807537144543856,2026-08-07,,,,,,,,
AGD,2026-08-06,12.14,12.22,0.006589785831960571,2026-08-07,,,,,,,,
AGEM,2026-08-06,48.06,48.27,0.004369538077403368,2026-08-07,,,,,,,,
AGEN,2026-08-06,7.49,6.96,-0.0707610146862484,2026-08-07,,,,,,,,
AGG,2026-08-06,97.43,97.6,0.0017448424509902694,2026-08-07,,,,,,,,
AGGA,2026-08-06,24.86,24.9,0.0016090104585679832,2026-08-07,,,,,,,,
AGGH,2026-08-06,19.88,19.92,0.00201207243460777,2026-08-07,,,,,,,,
AGGS,2026-08-06,40.27,40.33,0.0014899428855226216,2026-08-07,,,,,,,,
AGGY,2026-08-06,42.81,42.86,0.0011679514132212354,2026-08-07,,,,,,,,
AGI,2026-08-06,31.1,33.15,0.06591639871382626,2026-08-07,,,,,,,,
AGIG,2026-08-06,0.89,0.83,-0.0674157303370787,2026-08-07,,,,,,,,
AGIO,2026-08-06,31.95,32.27,0.010015649452269182,2026-08-07,,,,,,,,
AGIQ,2026-08-06,24.7,25.23,0.021457489878542457,2026-08-07,,,,,,,,
AGIX,2026-08-06,44.14,45.34,0.027186225645672968,2026-08-07,,,,,,,,
AGL,2026-08-06,86.83,95.51,0.09996544972935628,2026-08-07,,,,,,,,
AGM,2026-08-06,236.92,235.54,-0.0058247509707918255,2026-08-07,,,,,,,,
AGMB,2026-08-06,13.5,14.5,0.07407407407407418,2026-08-07,,,,,,,,
AGMH,2026-08-06,1.03,1.08,0.04854368932038833,2026-08-07,,,,,,,,
AGMI,2026-08-06,68.03,71.74,0.05453476407467295,2026-08-07,,,,,,,,
AGNC,2026-08-06,10.61,10.84,0.021677662582469504,2026-08-07,,,,,,,,
AGNG,2026-08-06,37.28,37.92,0.017167381974249052,2026-08-07,,,,,,,,
AGNT,2026-08-06,4.13,4.39,0.06295399515738498,2026-08-07,,,,,,,,
AGO,2026-08-06,82.57,75.43,-0.08647208429211561,2026-08-07,,,,,,,,
AGOX,2026-08-06,34.47,34.46,-0.0002901073397156839,2026-08-07,,,,,,,,
AGPU,2026-08-06,8.38,8.4,0.0023866348448686736,2026-08-07,,,,,,,,
AGQ,2026-08-06,72.53,76.86,0.05969943471666883,2026-08-07,,,,,,,,
AGQI,2026-08-06,18.69,18.78,0.0048154093097914075,2026-08-07,,,,,,,,
AGRH,2026-08-06,26.22,26.23,0.00038138825324196546,2026-08-07,,,,,,,,
AGRO,2026-08-06,9.36,9.45,0.009615384615384581,2026-08-07,,,,,,,,
AGRW,2026-08-06,32.73,33.04,0.009471432936144275,2026-08-07,,,,,,,,
AGRZ,2026-08-06,0.32,0.32,0.0,2026-08-07,,,,,,,,
AGX,2026-08-06,590.87,597.33,0.010933030954355605,2026-08-07,,,,,,,,
AGYS,2026-08-06,107.58,108.58,0.009295408068414224,2026-08-07,,,,,,,,
AGZ,2026-08-06,108.49,108.66,0.001566964697207185,2026-08-07,,,,,,,,
AGZD,2026-08-06,22.59,22.58,-0.00044267374944673143,2026-08-07,,,,,,,,
AHCO,2026-08-06,6.05,5.69,-0.05950413223140483,2026-08-07,,,,,,,,
AHD,2026-08-06,26.09,26.41,0.012265235722499046,2026-08-07,,,,,,,,
AHG,2026-08-06,1.32,1.35,0.022727272727272707,2026-08-07,,,,,,,,
AHLT,2026-08-06,28.92,28.99,0.0024204702627939056,2026-08-07,,,,,,,,
AHMA,2026-08-06,1.68,1.74,0.03571428571428581,2026-08-07,,,,,,,,
AHR,2026-08-06,54.71,56.74,0.037104734052275656,2026-08-07,,,,,,,,
AHRT,2026-08-06,6.9,6.93,0.004347826086956497,2026-08-07,,,,,,,,
AHT,2026-08-06,3.24,3.24,0.0,2026-08-07,,,,,,,,
AHYB,2026-08-06,45.78,45.9,0.002621231979030192,2026-08-07,,,,,,,,
AI,2026-08-06,9.86,10.22,0.036511156186612714,2026-08-07,,,,,,,,
AIA,2026-08-06,134.18,135.24,0.007899836041138864,2026-08-07,,,,,,,,
AIAI,2026-08-06,4.02,4.0,-0.004975124378109319,2026-08-07,,,,,,,,
AIB,2026-08-06,1.92,1.89,-0.015625,2026-08-07,,,,,,,,
AIBD,2026-08-06,49.3,47.1,-0.04462474645030412,2026-08-07,,,,,,,,
AIBU,2026-08-06,64.9,67.64,0.04221879815100138,2026-08-07,,,,,,,,
AIBZ,2026-08-06,7.11,6.69,-0.05907172995780585,2026-08-07,,,,,,,,
AIDX,2026-08-06,0.45,0.46,0.022222222222222143,2026-08-07,,,,,,,,
AIEQ,2026-08-06,50.28,50.52,0.004773269689737569,2026-08-07,,,,,,,,
AIFA,2026-08-06,1.6,2.01,0.25624999999999987,2026-08-07,,,,,,,,
AIFC,2026-08-06,0.41,0.44,0.07317073170731714,2026-08-07,,,,,,,,
AIFD,2026-08-06,51.79,52.44,0.012550685460513522,2026-08-07,,,,,,,,
AIFF,2026-08-06,1.12,1.2,0.0714285714285714,2026-08-07,,,,,,,,
AIFU,2026-08-06,36.2,37.35,0.03176795580110503,2026-08-07,,,,,,,,
AIG,2026-08-06,79.97,78.78,-0.01488058021758154,2026-08-07,,,,,,,,
AIHS,2026-08-06,1.43,1.55,0.08391608391608396,2026-08-07,,,,,,,,
AIHY,2026-08-06,21.03,21.43,0.01902044698050398,2026-08-07,,,,,,,,
AII,2026-08-06,21.2,21.0,-0.009433962264150941,2026-08-07,,,,,,,,
AIIA,2026-08-06,10.19,10.25,0.0058881256133465065,2026-08-07,,,,,,,,
AIIO,2026-08-06,3.05,2.98,-0.022950819672131084,2026-08-07,,,,,,,,
AIIR,2026-08-06,6.09,6.2,0.01806239737274229,2026-08-07,,,,,,,,
AIM,2026-08-06,0.27,0.29,0.07407407407407396,2026-08-07,,,,,,,,
AIMD,2026-08-06,1.53,1.49,-0.02614379084967322,2026-08-07,,,,,,,,
AIMS,2026-08-06,28.72,28.92,0.0069637883008357715,2026-08-07,,,,,,,,
AIN,2026-08-06,61.27,62.71,0.02350252978619216,2026-08-07,,,,,,,,
AINP,2026-08-06,24.82,24.87,0.0020145044319097583,2026-08-07,,,,,,,,
AINT,2026-08-06,30.94,30.78,-0.005171299288946329,2026-08-07,,,,,,,,
AIO,2026-08-06,26.07,26.23,0.006137322593018801,2026-08-07,,,,,,,,
AIOO,2026-08-06,26.46,26.48,0.0007558578987150177,2026-08-07,,,,,,,,
AIOS,2026-08-06,12.44,12.05,-0.031350482315112393,2026-08-07,,,,,,,,
AIOT,2026-08-06,4.13,4.41,0.06779661016949157,2026-08-07,,,,,,,,
AIP,2026-08-06,31.62,29.78,-0.05819101834282103,2026-08-07,,,,,,,,
AIPI,2026-08-06,36.78,37.34,0.015225666122892889,2026-08-07,,,,,,,,
AIPO,2026-08-06,29.85,30.14,0.009715242881072061,2026-08-07,,,,,,,,
AIQ,2026-08-06,61.95,63.35,0.02259887005649719,2026-08-07,,,,,,,,
AIQD,2026-08-06,54.86,50.46,-0.08020415603353992,2026-08-07,,,,,,,,
AIQU,2026-08-06,17.35,18.61,0.07262247838616709,2026-08-07,,,,,,,,
AIR,2026-08-06,146.4,143.06,-0.0228142076502732,2026-08-07,,,,,,,,
AIRE,2026-08-06,1.43,1.46,0.020979020979021046,2026-08-07,,,,,,,,
AIRG,2026-08-06,5.7,5.53,-0.029824561403508754,2026-08-07,,,,,,,,
AIRI,2026-08-06,2.62,2.63,0.003816793893129722,2026-08-07,,,,,,,,
AIRJ,2026-08-06,5.59,5.92,0.05903398926654746,2026-08-07,,,,,,,,
AIRO,2026-08-06,7.86,8.52,0.08396946564885477,2026-08-07,,,,,,,,
AIRR,2026-08-06,121.14,123.54,0.019811788013868403,2026-08-07,,,,,,,,
AIRS,2026-08-06,4.77,5.01,0.05031446540880502,2026-08-07,,,,,,,,
AIRT,2026-08-06,34.26,32.0,-0.06596614127262113,2026-08-07,,,,,,,,
AIS,2026-08-06,68.43,68.93,0.0073067368113399755,2026-08-07,,,,,,,,
AISP,2026-08-06,1.92,2.07,0.078125,2026-08-07,,,,,,,,
AIT,2026-08-06,358.91,359.9,0.0027583516759075444,2026-08-07,,,,,,,,
AIUP,2026-08-06,29.14,29.11,-0.0010295126973233204,2026-08-07,,,,,,,,
AIV,2026-08-06,2.65,2.66,0.0037735849056603765,2026-08-07,,,,,,,,
AIVC,2026-08-06,108.19,111.04,0.026342545521767402,2026-08-07,,,,,,,,
AIVI,2026-08-06,60.35,60.83,0.007953603976802004,2026-08-07,,,,,,,,
AIVL,2026-08-06,134.26,135.05,0.0058841054670044635,2026-08-07,,,,,,,,
AIX,2026-08-06,23.35,23.86,0.021841541755888594,2026-08-07,,,,,,,,
AIXC,2026-08-06,0.83,0.82,-0.012048192771084376,2026-08-07,,,,,,,,
AIXI,2026-08-06,1.06,1.12,0.05660377358490565,2026-08-07,,,,,,,,
AIYY,2026-08-06,7.91,7.84,-0.008849557522123908,2026-08-07,,,,,,,,
AIZ,2026-08-06,296.4,289.55,-0.023110661268555877,2026-08-07,,,,,,,,
AJAN,2026-08-06,28.56,28.59,0.0010504201680672232,2026-08-07,,,,,,,,
AJG,2026-08-06,251.74,248.12,-0.014379915786128517,2026-08-07,,,,,,,,
AJUL,2026-08-06,30.3,30.4,0.0033003300330032292,2026-08-07,,,,,,,,
AKA,2026-08-06,10.86,10.99,0.011970534069981609,2026-08-07,,,,,,,,
AKAF,2026-08-06,32.78,33.18,0.01220256253813301,2026-08-07,,,,,,,,
AKAL,2026-08-06,23.49,20.36,-0.13324819071945504,2026-08-07,,,,,,,,
AKAM,2026-08-06,118.55,110.54,-0.06756642766765075,2026-08-07,,,,,,,,
AKAN,2026-08-06,5.36,5.13,-0.042910447761194126,2026-08-07,,,,,,,,
AKBA,2026-08-06,0.95,0.91,-0.042105263157894646,2026-08-07,,,,,,,,
AKO-A,2026-08-06,23.12,23.99,0.037629757785466955,2026-08-07,,,,,,,,
AKO-B,2026-08-06,31.31,31.4,0.0028744809964866835,2026-08-07,,,,,,,,
AKR,2026-08-06,20.71,20.65,-0.002897151134717668,2026-08-07,,,,,,,,
AKRE,2026-08-06,58.18,58.89,0.01220350635957379,2026-08-07,,,,,,,,
AKTS,2026-08-06,23.44,24.13,0.029436860068259296,2026-08-07,,,,,,,,
AKTX,2026-08-06,8.08,7.0,-0.13366336633663367,2026-08-07,,,,,,,,
ALA,2026-08-06,14.02,13.91,-0.007845934379457908,2026-08-07,,,,,,,,
ALAB,2026-08-06,331.5,334.17,0.008054298642534041,2026-08-07,,,,,,,,
ALAI,2026-08-06,44.3,44.88,0.01309255079006788,2026-08-07,,,,,,,,
ALAR,2026-08-06,1.96,1.95,-0.005102040816326481,2026-08-07,,,,,,,,
ALB,2026-08-06,125.42,131.11,0.04536756498166161,2026-08-07,,,,,,,,
ALBG,2026-08-06,6.28,6.88,0.09554140127388533,2026-08-07,,,,,,,,
ALC,2026-08-06,69.54,71.81,0.03264308311763009,2026-08-07,,,,,,,,
ALCO,2026-08-06,38.31,38.2,-0.0028713129731140485,2026-08-07,,,,,,,,
ALDB,2026-08-06,25.67,25.73,0.002337358784573418,2026-08-07,,,,,,,,
ALDF,2026-08-06,10.77,10.79,0.0018570102135562205,2026-08-07,,,,,,,,
ALDX,2026-08-06,1.59,1.55,-0.02515723270440251,2026-08-07,,,,,,,,
ALEC,2026-08-06,1.83,1.78,-0.02732240437158473,2026-08-07,,,,,,,,
ALF,2026-08-06,10.81,10.81,0.0,2026-08-07,,,,,,,,
ALG,2026-08-06,166.17,168.74,0.015466088945056411,2026-08-07,,,,,,,,
ALGM,2026-08-06,42.46,43.77,0.030852567121997243,2026-08-07,,,,,,,,
ALGN,2026-08-06,169.08,173.66,0.02708776910338284,2026-08-07,,,,,,,,
ALGS,2026-08-06,5.51,5.59,0.014519056261343088,2026-08-07,,,,,,,,
ALGT,2026-08-06,97.17,95.61,-0.01605433775856746,2026-08-07,,,,,,,,
ALH,2026-08-06,27.54,27.77,0.008351488743645552,2026-08-07,,,,,,,,
ALHC,2026-08-06,13.38,14.37,0.07399103139013441,2026-08-07,,,,,,,,
ALIL,2026-08-06,32.29,32.29,0.0,2026-08-07,,,,,,,,
ALIS,2026-08-06,10.18,10.19,0.0009823182711197198,2026-08-07,,,,,,,,
ALIT,2026-08-06,15.59,15.12,-0.030147530468248918,2026-08-07,,,,,,,,
ALK,2026-08-06,50.69,49.96,-0.014401262576445029,2026-08-07,,,,,,,,
ALKS,2026-08-06,48.37,49.17,0.01653917717593556,2026-08-07,,,,,,,,
ALKT,2026-08-06,19.69,19.73,0.002031488065007636,2026-08-07,,,,,,,,
ALL,2026-08-06,275.11,267.0,-0.029479117443931613,2026-08-07,,,,,,,,
ALLE,2026-08-06,168.7,168.94,0.0014226437462951935,2026-08-07,,,,,,,,
ALLO,2026-08-06,1.97,2.01,0.02030456852791862,2026-08-07,,,,,,,,
ALLR,2026-08-06,1.4,1.39,-0.0071428571428571175,2026-08-07,,,,,,,,
ALLT,2026-08-06,7.61,7.82,0.02759526938239154,2026-08-07,,,,,,,,
ALLW,2026-08-06,29.56,29.81,0.008457374830852515,2026-08-07,,,,,,,,
ALLY,2026-08-06,44.06,43.72,-0.0077167498865184925,2026-08-07,,,,,,,,
ALM,2026-08-06,13.42,14.18,0.05663189269746649,2026-08-07,,,,,,,,
ALMR,2026-08-06,28.1,28.46,0.012811387900355742,2026-08-07,,,,,,,,
ALMS,2026-08-06,27.8,27.6,-0.007194244604316502,2026-08-07,,,,,,,,
ALMU,2026-08-06,17.09,18.3,0.07080163838502052,2026-08-07,,,,,,,,
ALNT,2026-08-06,111.21,112.81,0.014387195396097452,2026-08-07,,,,,,,,
ALNY,2026-08-06,216.12,219.2,0.014251341847121957,2026-08-07,,,,,,,,
ALOT,2026-08-06,28.89,28.94,0.001730702665282191,2026-08-07,,,,,,,,
ALOV,2026-08-06,10.0,10.0,0.0,2026-08-07,,,,,,,,
ALOY,2026-08-06,10.69,12.27,0.14780168381665115,2026-08-07,,,,,,,,
ALP,2026-08-06,0.18,0.19,0.05555555555555558,2026-08-07,,,,,,,,
ALPS,2026-08-06,0.41,0.42,0.024390243902439046,2026-08-07,,,,,,,,
ALPX,2026-08-06,9.89,9.9,0.0010111223458038054,2026-08-07,,,,,,,,
ALRG,2026-08-06,31.54,31.69,0.004755865567533268,2026-08-07,,,,,,,,
ALRM,2026-08-06,56.29,57.53,0.02202877953455329,2026-08-07,,,,,,,,
ALRS,2026-08-06,33.59,33.23,-0.01071747543911894,2026-08-07,,,,,,,,
ALSN,2026-08-06,116.24,118.88,0.02271163110805241,2026-08-07,,,,,,,,
ALT,2026-08-06,3.01,3.08,0.023255813953488413,2026-08-07,,,,,,,,
ALTG,2026-08-06,7.37,7.5,0.01763907734056991,2026-08-07,,,,,,,,
ALTI,2026-08-06,4.34,4.45,0.025345622119815836,2026-08-07,,,,,,,,
ALTL,2026-08-06,47.17,47.18,0.0002119991520033171,2026-08-07,,,,,,,,
ALTO,2026-08-06,4.51,4.39,-0.026607538802660757,2026-08-07,,,,,,,,
ALTY,2026-08-06,12.26,12.3,0.0032626427406199365,2026-08-07,,,,,,,,
ALUB,2026-08-06,10.11,10.11,0.0,2026-08-07,,,,,,,,
ALV,2026-08-06,120.57,122.86,0.018993116032180568,2026-08-07,,,,,,,,
ALVO,2026-08-06,3.8,3.81,0.0026315789473685403,2026-08-07,,,,,,,,
ALX,2026-08-06,272.74,276.89,0.015215956588692459,2026-08-07,,,,,,,,
ALXO,2026-08-06,2.11,2.1,-0.004739336492890933,2026-08-07,,,,,,,,
ALZN,2026-08-06,1.38,1.37,-0.007246376811594013,2026-08-07,,,,,,,,
AM,2026-08-06,21.49,21.27,-0.010237319683573665,2026-08-07,,,,,,,,
AMA,2026-08-06,28.67,29.85,0.04115800488315302,2026-08-07,,,,,,,,
AMAA,2026-08-06,34.5,35.17,0.019420289855072603,2026-08-07,,,,,,,,
AMACU,2026-08-06,9.95,9.94,-0.0010050251256281673,2026-08-07,,,,,,,,
AMAL,2026-08-06,50.15,49.8,-0.006979062811565351,2026-08-07,,,,,,,,
AMAN,2026-08-06,10.33,10.5,0.01645692158760892,2026-08-07,,,,,,,,
AMAT,2026-08-06,527.48,539.14,0.022105103511033564,2026-08-07,,,,,,,,
AMAU,2026-08-06,17.26,17.99,0.04229432213209705,2026-08-07,,,,,,,,
AMAX,2026-08-06,7.44,7.58,0.018817204301075252,2026-08-07,,,,,,,,
AMBA,2026-08-06,83.79,86.78,0.03568444921828373,2026-08-07,,,,,,,,
AMBO,2026-08-06,2.05,1.8,-0.12195121951219501,2026-08-07,,,,,,,,
AMBP,2026-08-06,5.02,5.04,0.003984063745019917,2026-08-07,,,,,,,,
AMBQ,2026-08-06,65.24,67.49,0.03448804414469642,2026-08-07,,,,,,,,
AMBR,2026-08-06,1.36,1.38,0.014705882352941124,2026-08-07,,,,,,,,
AMC,2026-08-06,2.57,2.59,0.0077821011673151474,2026-08-07,,,,,,,,
AMCI,2026-08-06,4.6,4.87,0.05869565217391304,2026-08-07,,,,,,,,
AMCR,2026-08-06,47.06,47.86,0.016999575010624657,2026-08-07,,,,,,,,
AMCX,2026-08-06,11.87,11.86,-0.0008424599831508006,2026-08-07,,,,,,,,
AMD,2026-08-06,489.28,483.36,-0.012099411379986824,2026-08-07,,,,,,,,
AMDC,2026-08-06,19.25,18.7,-0.02857142857142858,2026-08-07,,,,,,,,
AMDD,2026-08-06,29.32,29.71,0.013301500682128209,2026-08-07,,,,,,,,
AMDG,2026-08-06,91.62,88.8,-0.03077930582842181,2026-08-07,,,,,,,,
AMDL,2026-08-06,53.67,52.29,-0.02571268865287879,2026-08-07,,,,,,,,
AMDW,2026-08-06,86.7,85.16,-0.017762399077278057,2026-08-07,,,,,,,,
AMDY,2026-08-06,46.04,45.61,-0.009339704604691579,2026-08-07,,,,,,,,
AME,2026-08-06,251.38,253.66,0.009069933964515942,2026-08-07,,,,,,,,
AMEI,2026-08-06,26.63,26.72,0.003379647014645215,2026-08-07,,,,,,,,
AMEM,2026-08-06,53.0,24.82,-0.5316981132075471,2026-08-07,,,,,,,,
AMG,2026-08-06,372.18,369.7,-0.006663442420334342,2026-08-07,,,,,,,,
AMGN,2026-08-06,404.85,410.95,0.015067308879831876,2026-08-07,,,,,,,,
AMGR,2026-08-06,25.76,25.97,0.008152173913043459,2026-08-07,,,,,,,,
AMH,2026-08-06,34.55,34.63,0.002315484804631174,2026-08-07,,,,,,,,
AMHI,2026-08-06,24.66,24.73,0.0028386050283859543,2026-08-07,,,,,,,,
AMID,2026-08-06,36.48,36.91,0.011787280701754277,2026-08-07,,,,,,,,
AMIX,2026-08-06,12.17,10.04,-0.17502054231717346,2026-08-07,,,,,,,,
AMJB,2026-08-06,36.78,36.29,-0.013322457857531278,2026-08-07,,,,,,,,
AMKL,2026-08-06,7.92,8.23,0.039141414141414144,2026-08-07,,,,,,,,
AMKR,2026-08-06,54.16,55.27,0.020494830132939512,2026-08-07,,,,,,,,
AMKX,2026-08-06,12.6,12.95,0.02777777777777768,2026-08-07,,,,,,,,
AMLP,2026-08-06,55.03,54.36,-0.01217517717608585,2026-08-07,,,,,,,,
AMLX,2026-08-06,24.19,22.82,-0.05663497312939236,2026-08-07,,,,,,,,
AMMO,2026-08-06,27.16,27.61,0.016568483063328365,2026-08-07,,,,,,,,
AMN,2026-08-06,30.8,36.0,0.16883116883116878,2026-08-07,,,,,,,,
AMOD,2026-08-06,4.41,4.54,0.02947845804988658,2026-08-07,,,,,,,,
AMOM,2026-08-06,57.52,57.6,0.0013908205841446364,2026-08-07,,,,,,,,
AMP,2026-08-06,559.82,551.98,-0.014004501446893691,2026-08-07,,,,,,,,
AMPG,2026-08-06,5.43,5.8,0.06813996316758741,2026-08-07,,,,,,,,
AMPH,2026-08-06,19.81,20.78,0.04896516910651205,2026-08-07,,,,,,,,
AMPL,2026-08-06,10.77,11.26,0.045496750232126404,2026-08-07,,,,,,,,
AMPU,2026-08-06,3.12,3.48,0.11538461538461542,2026-08-07,,,,,,,,
AMPX,2026-08-06,11.19,11.85,0.05898123324396787,2026-08-07,,,,,,,,
AMPY,2026-08-06,4.08,4.03,-0.01225490196078427,2026-08-07,,,,,,,,
AMR,2026-08-06,152.12,151.95,-0.001117538785169736,2026-08-07,,,,,,,,
AMRC,2026-08-06,25.55,25.65,0.003913894324853118,2026-08-07,,,,,,,,
AMRN,2026-08-06,14.26,14.36,0.007012622720897532,2026-08-07,,,,,,,,
AMRX,2026-08-06,18.07,18.14,0.003873824017708971,2026-08-07,,,,,,,,
AMRZ,2026-08-06,51.22,46.64,-0.0894181960171807,2026-08-07,,,,,,,,
AMS,2026-08-06,1.46,1.49,0.020547945205479534,2026-08-07,,,,,,,,
AMSC,2026-08-06,32.9,32.76,-0.004255319148936176,2026-08-07,,,,,,,,
AMSF,2026-08-06,29.73,29.12,-0.020517995290951885,2026-08-07,,,,,,,,
AMSS,2026-08-06,1.13,1.15,0.017699115044247815,2026-08-07,,,,,,,,
AMST,2026-08-06,1.0,1.05,0.050000000000000044,2026-08-07,,,,,,,,
AMT,2026-08-06,171.2,172.54,0.00782710280373844,2026-08-07,,,,,,,,
AMTB,2026-08-06,29.19,28.91,-0.00959232613908878,2026-08-07,,,,,,,,
AMTD,2026-08-06,0.75,0.77,0.026666666666666616,2026-08-07,,,,,,,,
AMTM,2026-08-06,23.84,24.77,0.03901006711409405,2026-08-07,,,,,,,,
AMTX,2026-08-06,1.63,1.72,0.05521472392638049,2026-08-07,,,,,,,,
AMUB,2026-08-06,23.07,22.87,-0.008669267446900664,2026-08-07,,,,,,,,
AMUN,2026-08-06,26.0,26.02,0.0007692307692308553,2026-08-07,,,,,,,,
AMUU,2026-08-06,189.74,184.81,-0.025982924001264895,2026-08-07,,,,,,,,
AMWL,2026-08-06,12.93,13.52,0.04563031709203402,2026-08-07,,,,,,,,
AMX,2026-08-06,23.92,23.75,-0.0071070234113712605,2026-08-07,,,,,,,,
AMYY,2026-08-06,14.57,14.36,-0.01441317776252582,2026-08-07,,,,,,,,
AMZA,2026-08-06,48.91,47.94,-0.019832345123696582,2026-08-07,,,,,,,,
AMZD,2026-08-06,8.05,7.99,-0.007453416149068359,2026-08-07,,,,,,,,
AMZE,2026-08-06,0.2,0.2,0.0,2026-08-07,,,,,,,,
AMZG,2026-08-06,17.92,18.2,0.015624999999999778,2026-08-07,,,,,,,,
AMZN,2026-08-06,272.26,274.48,0.008153970469404248,2026-08-07,,,,,,,,
AMZO,2026-08-06,12.55,12.32,-0.018326693227091684,2026-08-07,,,,,,,,
AMZP,2026-08-06,28.5,28.69,0.006666666666666821,2026-08-07,,,,,,,,
AMZU,2026-08-06,41.77,42.43,0.015800813981326156,2026-08-07,,,,,,,,
AMZW,2026-08-06,40.31,40.91,0.014884644008930747,2026-08-07,,,,,,,,
AMZY,2026-08-06,11.44,11.54,0.00874125874125875,2026-08-07,,,,,,,,
AMZZ,2026-08-06,38.77,39.5,0.018828991488264002,2026-08-07,,,,,,,,
AN,2026-08-06,211.33,209.23,-0.009937065253395216,2026-08-07,,,,,,,,
ANAB,2026-08-06,54.77,56.61,0.03359503377761541,2026-08-07,,,,,,,,
ANDE,2026-08-06,67.95,65.39,-0.0376747608535688,2026-08-07,,,,,,,,
ANDG,2026-08-06,49.0,49.68,0.013877551020408108,2026-08-07,,,,,,,,
ANEL,2026-08-06,25.69,24.69,-0.03892565200467113,2026-08-07,,,,,,,,
ANET,2026-08-06,192.32,188.67,-0.018978785357737116,2026-08-07,,,,,,,,
ANEW,2026-08-06,53.03,53.7,0.012634357910616734,2026-08-07,,,,,,,,
ANF,2026-08-06,110.48,112.62,0.019370021723388753,2026-08-07,,,,,,,,
ANGH,2026-08-06,3.42,3.55,0.03801169590643272,2026-08-07,,,,,,,,
ANGI,2026-08-06,4.96,4.84,-0.024193548387096753,2026-08-07,,,,,,,,
ANGL,2026-08-06,28.95,29.02,0.0024179620034543436,2026-08-07,,,,,,,,
ANGO,2026-08-06,15.11,15.69,0.03838517538054265,2026-08-07,,,,,,,,
ANGU,2026-08-06,25.38,25.49,0.004334121355398013,2026-08-07,,,,,,,,
ANGX,2026-08-06,4.3,4.29,-0.0023255813953487747,2026-08-07,,,,,,,,
ANIK,2026-08-06,20.16,21.42,0.0625,2026-08-07,,,,,,,,
ANIP,2026-08-06,82.63,78.25,-0.05300738230666824,2026-08-07,,,,,,,,
ANIX,2026-08-06,3.43,3.42,-0.00291545189504383,2026-08-07,,,,,,,,
ANL,2026-08-06,13.84,13.28,-0.040462427745664775,2026-08-07,,,,,,,,
ANNA,2026-08-06,2.54,2.57,0.011811023622047223,2026-08-07,,,,,,,,
ANNX,2026-08-06,5.6,5.41,-0.03392857142857131,2026-08-07,,,,,,,,
ANPA,2026-08-06,4.8,4.62,-0.03749999999999998,2026-08-07,,,,,,,,
ANRO,2026-08-06,28.47,28.67,0.007024938531787983,2026-08-07,,,,,,,,
ANSC,2026-08-06,11.46,11.45,-0.0008726003490402423,2026-08-07,,,,,,,,
ANTA,2026-08-06,4.02,3.69,-0.08208955223880587,2026-08-07,,,,,,,,
ANTX,2026-08-06,6.08,5.93,-0.024671052631578982,2026-08-07,,,,,,,,
ANV,2026-08-06,25.57,25.7,0.005084082909659671,2026-08-07,,,,,,,,
ANVS,2026-08-06,1.86,1.88,0.010752688172043001,2026-08-07,,,,,,,,
ANY,2026-08-06,2.24,2.1,-0.0625,2026-08-07,,,,,,,,
AOA,2026-08-06,98.72,99.39,0.00678687196110217,2026-08-07,,,,,,,,
AOCT,2026-08-06,27.51,27.55,0.001454016721192275,2026-08-07,,,,,,,,
AOD,2026-08-06,10.64,10.66,0.001879699248120259,2026-08-07,,,,,,,,
AOHY,2026-08-06,11.02,11.04,0.001814882032667775,2026-08-07,,,,,,,,
AOK,2026-08-06,41.28,41.43,0.00363372093023262,2026-08-07,,,,,,,,
AOM,2026-08-06,49.72,49.93,0.0042236524537409,2026-08-07,,,,,,,,
AOMR,2026-08-06,8.88,9.0,0.013513513513513375,2026-08-07,,,,,,,,
AON,2026-08-06,360.75,358.3,-0.006791406791406773,2026-08-07,,,,,,,,
AOR,2026-08-06,69.72,70.12,0.005737234652897438,2026-08-07,,,,,,,,
AORT,2026-08-06,26.57,27.12,0.020700037636432134,2026-08-07,,,,,,,,
AOS,2026-08-06,62.99,63.98,0.01571678044133984,2026-08-07,,,,,,,,
AOSL,2026-08-06,33.33,36.08,0.08250825082508251,2026-08-07,,,,,,,,
AOTG,2026-08-06,63.3,63.58,0.004423380726698234,2026-08-07,,,,,,,,
AOTS,2026-08-06,23.22,23.23,0.00043066322136087187,2026-08-07,,,,,,,,
AOUT,2026-08-06,12.54,12.59,0.003987240829346206,2026-08-07,,,,,,,,
AP,2026-08-06,9.49,9.51,0.0021074815595363283,2026-08-07,,,,,,,,
APA,2026-08-06,36.53,37.63,0.03011223651793049,2026-08-07,,,,,,,,
APAC,2026-08-06,10.19,10.21,0.001962708537782243,2026-08-07,,,,,,,,
APAM,2026-08-06,43.05,42.55,-0.011614401858304313,2026-08-07,,,,,,,,
APC,2026-08-06,19.81,19.44,-0.018677435638566275,2026-08-07,,,,,,,,
APCB,2026-08-06,28.99,29.0,0.00034494653328742686,2026-08-07,,,,,,,,
APD,2026-08-06,299.92,303.44,0.011736463056815083,2026-08-07,,,,,,,,
APDB,2026-08-06,26.08,26.14,0.0023006134969325576,2026-08-07,,,,,,,,
APEI,2026-08-06,50.78,51.24,0.009058684521465077,2026-08-07,,,,,,,,
APG,2026-08-06,41.25,41.72,0.01139393939393929,2026-08-07,,,,,,,,
APGE,2026-08-06,134.49,134.84,0.002602423972042578,2026-08-07,,,,,,,,
APH,2026-08-06,170.61,169.18,-0.008381689232753065,2026-08-07,,,,,,,,
APHG,2026-08-06,16.5,16.21,-0.017575757575757578,2026-08-07,,,,,,,,
APHU,2026-08-06,28.02,27.61,-0.014632405424696682,2026-08-07,,,,,,,,
API,2026-08-06,4.15,4.46,0.07469879518072275,2026-08-07,,,,,,,,
APIE,2026-08-06,39.56,40.0,0.011122345803842304,2026-08-07,,,,,,,,
APLD,2026-08-06,28.86,29.22,0.012474012474012364,2026-08-07,,,,,,,,
APLE,2026-08-06,15.99,16.18,0.011882426516572897,2026-08-07,,,,,,,,
APLM,2026-08-06,17.0,16.9,-0.005882352941176561,2026-08-07,,,,,,,,
APLU,2026-08-06,24.27,24.3,0.0012360939431397266,2026-08-07,,,,,,,,
APLX,2026-08-06,10.67,10.93,0.024367385192127333,2026-08-07,,,,,,,,
APLY,2026-08-06,11.63,11.7,0.006018916595012858,2026-08-07,,,,,,,,
APLZ,2026-08-06,21.17,20.7,-0.022201228153046926,2026-08-07,,,,,,,,
APMC,2026-08-06,9.92,9.91,-0.0010080645161290036,2026-08-07,,,,,,,,
APMD,2026-08-06,27.88,27.0,-0.031563845050215145,2026-08-07,,,,,,,,
APMI,2026-08-06,18.52,19.13,0.032937365010799136,2026-08-07,,,,,,,,
APMU,2026-08-06,24.7,24.74,0.0016194331983805377,2026-08-07,,,,,,,,
APNAU,2026-08-06,,,,2026-08-07,,,,,,,,
APO,2026-08-06,127.99,127.44,-0.004297210719587441,2026-08-07,,,,,,,,
APOC,2026-08-06,26.44,26.45,0.0003782148260211837,2026-08-07,,,,,,,,
APOG,2026-08-06,43.13,43.52,0.00904242986320436,2026-08-07,,,,,,,,
APP,2026-08-06,335.67,346.8,0.03315756546608273,2026-08-07,,,,,,,,
APPC,2026-08-06,13.01,13.33,0.024596464258263007,2026-08-07,,,,,,,,
APPF,2026-08-06,194.11,198.74,0.023852454793673594,2026-08-07,,,,,,,,
APPN,2026-08-06,30.41,34.64,0.13909898059848724,2026-08-07,,,,,,,,
APPS,2026-08-06,14.27,14.34,0.004905395935529189,2026-08-07,,,,,,,,
APPX,2026-08-06,15.2,16.14,0.06184210526315792,2026-08-07,,,,,,,,
APRB,2026-08-06,27.25,27.28,0.0011009174311926717,2026-08-07,,,,,,,,
APRE,2026-08-06,0.63,0.65,0.031746031746031855,2026-08-07,,,,,,,,
APRH,2026-08-06,25.17,25.18,0.00039729837107649324,2026-08-07,,,,,,,,
APRJ,2026-08-06,24.91,24.89,-0.0008028904054596664,2026-08-07,,,,,,,,
APRP,2026-08-06,33.07,33.12,0.001511944360447437,2026-08-07,,,,,,,,
APRT,2026-08-06,46.57,46.66,0.0019325746188532111,2026-08-07,,,,,,,,
APRW,2026-08-06,37.54,37.6,0.0015982951518380695,2026-08-07,,,,,,,,
APRZ,2026-08-06,40.77,40.97,0.004905567819474932,2026-08-07,,,,,,,,
APT,2026-08-06,5.22,5.25,0.005747126436781658,2026-08-07,,,,,,,,
APTV,2026-08-06,46.3,49.55,0.07019438444924408,2026-08-07,,,,,,,,
APUE,2026-08-06,47.47,47.8,0.006951759005687785,2026-08-07,,,,,,,,
APUR,2026-08-06,9.96,9.93,-0.003012048192771233,2026-08-07,,,,,,,,
APUS,2026-08-06,4.83,4.23,-0.12422360248447195,2026-08-07,,,,,,,,
APVO,2026-08-06,4.07,4.18,0.027027027027026973,2026-08-07,,,,,,,,
APWC,2026-08-06,1.6,1.57,-0.018750000000000044,2026-08-07,,,,,,,,
APXM,2026-08-06,31.98,32.0,0.0006253908692932519,2026-08-07,,,,,,,,
APXT,2026-08-06,10.11,10.1,-0.0009891196834816984,2026-08-07,,,,,,,,
APYX,2026-08-06,4.16,4.05,-0.02644230769230782,2026-08-07,,,,,,,,
AQB,2026-08-06,1.07,1.17,0.09345794392523343,2026-08-07,,,,,,,,
AQEC,2026-08-06,25.92,26.11,0.007330246913580085,2026-08-07,,,,,,,,
AQLG,2026-08-06,26.59,26.66,0.002632568634825194,2026-08-07,,,,,,,,
AQLT,2026-08-06,32.07,32.34,0.00841908325537899,2026-08-07,,,,,,,,
AQMS,2026-08-06,2.68,2.86,0.06716417910447747,2026-08-07,,,,,,,,
AQN,2026-08-06,5.75,5.74,-0.0017391304347825765,2026-08-07,,,,,,,,
AQST,2026-08-06,3.92,3.94,0.005102040816326481,2026-08-07,,,,,,,,
AQWA,2026-08-06,19.77,19.83,0.003034901365705611,2026-08-07,,,,,,,,
AR,2026-08-06,34.9,34.71,-0.005444126074498512,2026-08-07,,,,,,,,
ARAI,2026-08-06,0.25,0.27,0.08000000000000007,2026-08-07,,,,,,,,
ARAY,2026-08-06,0.28,0.28,0.0,2026-08-07,,,,,,,,
ARB,2026-08-06,29.67,29.69,0.0006740815638692776,2026-08-07,,,,,,,,
ARBB,2026-08-06,4.28,4.1,-0.04205607476635531,2026-08-07,,,,,,,,
ARBE,2026-08-06,0.76,0.77,0.013157894736842035,2026-08-07,,,,,,,,
ARBK,2026-08-06,2.83,2.88,0.0176678445229681,2026-08-07,,,,,,,,
ARCB,2026-08-06,135.25,137.76,0.01855822550831787,2026-08-07,,,,,,,,
ARCC,2026-08-06,19.62,20.01,0.01987767584097866,2026-08-07,,,,,,,,
ARCI,2026-08-06,10.16,10.16,0.0,2026-08-07,,,,,,,,
ARCL,2026-08-06,9.91,9.95,0.004036326942482349,2026-08-07,,,,,,,,
ARCM,2026-08-06,100.1,100.14,0.0003996003996005193,2026-08-07,,,,,,,,
ARCO,2026-08-06,8.34,8.24,-0.011990407673860837,2026-08-07,,,,,,,,
ARCP,2026-08-06,25.08,25.11,0.0011961722488038617,2026-08-07,,,,,,,,
ARCT,2026-08-06,6.08,7.41,0.21875,2026-08-07,,,,,,,,
ARCX,2026-08-06,11.8,13.51,0.14491525423728802,2026-08-07,,,,,,,,
ARDC,2026-08-06,12.38,12.42,0.003231017770597644,2026-08-07,,,,,,,,
ARDT,2026-08-06,11.59,11.55,-0.003451251078515849,2026-08-07,,,,,,,,
ARDX,2026-08-06,4.87,4.0,-0.17864476386036965,2026-08-07,,,,,,,,
ARE,2026-08-06,48.48,49.74,0.025990099009901124,2026-08-07,,,,,,,,
AREC,2026-08-06,2.27,2.74,0.2070484581497798,2026-08-07,,,,,,,,
AREN,2026-08-06,1.58,1.76,0.11392405063291133,2026-08-07,,,,,,,,
ARES,2026-08-06,138.17,136.85,-0.009553448650213459,2026-08-07,,,,,,,,
ARGT,2026-08-06,92.56,92.96,0.004321521175453702,2026-08-07,,,,,,,,
ARGX,2026-08-06,875.3,865.04,-0.011721695418713596,2026-08-07,,,,,,,,
ARHS,2026-08-06,9.68,9.6,-0.008264462809917328,2026-08-07,,,,,,,,
ARI,2026-08-06,6.69,6.76,0.010463378176382543,2026-08-07,,,,,,,,
ARIS,2026-08-06,15.72,17.4,0.10687022900763354,2026-08-07,,,,,,,,
ARKB,2026-08-06,21.35,21.54,0.008899297423887509,2026-08-07,,,,,,,,
ARKD,2026-08-06,19.64,20.12,0.024439918533604832,2026-08-07,,,,,,,,
ARKE,2026-08-06,19.31,19.8,0.025375453133091863,2026-08-07,,,,,,,,
ARKF,2026-08-06,41.92,42.98,0.025286259541984712,2026-08-07,,,,,,,,
ARKG,2026-08-06,40.55,43.04,0.061405672009864354,2026-08-07,,,,,,,,
ARKI,2026-08-06,21.33,21.97,0.030004688232536436,2026-08-07,,,,,,,,
ARKK,2026-08-06,75.73,79.43,0.04885778423346099,2026-08-07,,,,,,,,
ARKO,2026-08-06,7.29,5.66,-0.22359396433470502,2026-08-07,,,,,,,,
ARKQ,2026-08-06,123.2,127.85,0.03774350649350633,2026-08-07,,,,,,,,
ARKR,2026-08-06,5.82,5.61,-0.03608247422680411,2026-08-07,,,,,,,,
ARKT,2026-08-06,18.67,18.97,0.016068559185859588,2026-08-07,,,,,,,,
ARKW,2026-08-06,143.46,147.92,0.03108880524187918,2026-08-07,,,,,,,,
ARKX,2026-08-06,33.01,34.27,0.038170251438958136,2026-08-07,,,,,,,,
ARL,2026-08-06,14.99,15.36,0.024683122081387454,2026-08-07,,,,,,,,
ARLI,2026-08-06,26.84,27.08,0.008941877794336861,2026-08-07,,,,,,,,
ARLO,2026-08-06,15.47,15.23,-0.0155138978668391,2026-08-07,,,,,,,,
ARLP,2026-08-06,25.32,24.62,-0.027646129541864073,2026-08-07,,,,,,,,
ARLU,2026-08-06,32.65,32.84,0.005819295558958881,2026-08-07,,,,,,,,
ARM,2026-08-06,286.68,282.57,-0.014336542486396042,2026-08-07,,,,,,,,
ARMA,2026-08-06,15.77,15.17,-0.03804692454026626,2026-08-07,,,,,,,,
ARMG,2026-08-06,23.01,22.35,-0.028683181225554133,2026-08-07,,,,,,,,
ARMH,2026-08-06,12.11,11.89,-0.018166804293971883,2026-08-07,,,,,,,,
ARMK,2026-08-06,56.31,55.95,-0.006393180607352167,2026-08-07,,,,,,,,
ARMP,2026-08-06,4.7,4.71,0.0021276595744681437,2026-08-07,,,,,,,,
ARMS,2026-08-06,25.1,25.13,0.0011952191235058418,2026-08-07,,,,,,,,
ARMW,2026-08-06,50.57,49.6,-0.01918133280601142,2026-08-07,,,,,,,,
ARMY,2026-08-06,27.04,27.37,0.012204142011834396,2026-08-07,,,,,,,,
AROC,2026-08-06,33.35,33.08,-0.008095952023988051,2026-08-07,,,,,,,,
AROW,2026-08-06,39.97,39.4,-0.01426069552164122,2026-08-07,,,,,,,,
ARP,2026-08-06,33.2,33.46,0.007831325301204783,2026-08-07,,,,,,,,
ARQ,2026-08-06,2.11,2.08,-0.01421800947867291,2026-08-07,,,,,,,,
ARQQ,2026-08-06,21.47,22.9,0.06660456450861663,2026-08-07,,,,,,,,
ARQT,2026-08-06,26.43,25.29,-0.04313280363223615,2026-08-07,,,,,,,,
ARR,2026-08-06,16.55,16.68,0.007854984894259731,2026-08-07,,,,,,,,
ARRY,2026-08-06,5.25,5.55,0.05714285714285716,2026-08-07,,,,,,,,
ARTC,2026-08-06,9.96,9.96,0.0,2026-08-07,,,,,,,,
ARTL,2026-08-06,0.75,0.72,-0.040000000000000036,2026-08-07,,,,,,,,
ARTNA,2026-08-06,34.4,34.66,0.007558139534883601,2026-08-07,,,,,,,,
ARTV,2026-08-06,11.58,11.27,-0.02677029360967187,2026-08-07,,,,,,,,
ARTW,2026-08-06,2.14,2.19,0.023364485981308247,2026-08-07,,,,,,,,
ARTY,2026-08-06,71.58,72.78,0.0167644593461862,2026-08-07,,,,,,,,
ARVN,2026-08-06,8.68,8.75,0.008064516129032251,2026-08-07,,,,,,,,
ARVR,2026-08-06,55.97,57.21,0.022154725745935355,2026-08-07,,,,,,,,
ARW,2026-08-06,222.29,203.51,-0.0844842323091457,2026-08-07,,,,,,,,
ARWG,2026-08-06,26.29,26.62,0.012552301255230214,2026-08-07,,,,,,,,
ARWR,2026-08-06,85.83,87.65,0.021204706978911858,2026-08-07,,,,,,,,
ARX,2026-08-06,12.29,12.46,0.013832384052075097,2026-08-07,,,,,,,,
ARXS,2026-08-06,57.59,59.99,0.04167390171904839,2026-08-07,,,,,,,,
AS,2026-08-06,36.11,36.84,0.020216006646358364,2026-08-07,,,,,,,,
ASA,2026-08-06,54.63,57.79,0.05784367563609738,2026-08-07,,,,,,,,
ASAN,2026-08-06,8.68,9.26,0.06682027649769595,2026-08-07,,,,,,,,
ASB,2026-08-06,31.16,31.28,0.0038510911424904926,2026-08-07,,,,,,,,
ASBP,2026-08-06,7.06,7.73,0.094900849858357,2026-08-07,,,,,,,,
ASC,2026-08-06,17.02,16.71,-0.018213866039952897,2026-08-07,,,,,,,,
ASCE,2026-08-06,34.65,35.23,0.01673881673881672,2026-08-07,,,,,,,,
ASCI,2026-08-06,37.09,37.22,0.0035049878673496515,2026-08-07,,,,,,,,
ASD,2026-08-06,27.49,27.83,0.012368133866860642,2026-08-07,,,,,,,,
ASEA,2026-08-06,21.23,21.53,0.01413094677343385,2026-08-07,,,,,,,,
ASEC,2026-08-06,49.89,49.83,-0.00120264582080587,2026-08-07,,,,,,,,
ASG,2026-08-06,5.32,5.35,0.005639097744360777,2026-08-07,,,,,,,,
ASGI,2026-08-06,23.86,24.21,0.014668901927912925,2026-08-07,,,,,,,,
ASGM,2026-08-06,31.66,31.71,0.0015792798483891257,2026-08-07,,,,,,,,
ASH,2026-08-06,72.46,76.45,0.05506486337289562,2026-08-07,,,,,,,,
ASHR,2026-08-06,34.71,35.12,0.01181215787957357,2026-08-07,,,,,,,,
ASHS,2026-08-06,42.61,43.79,0.027693029805210045,2026-08-07,,,,,,,,
ASIA,2026-08-06,40.59,40.85,0.006405518600640425,2026-08-07,,,,,,,,
ASIC,2026-08-06,25.38,24.78,-0.023640661938534202,2026-08-07,,,,,,,,
ASIX,2026-08-06,20.14,16.48,-0.1817279046673287,2026-08-07,,,,,,,,
ASLE,2026-08-06,6.3,5.9,-0.06349206349206338,2026-08-07,,,,,,,,
ASLV,2026-08-06,31.14,31.28,0.004495825305073975,2026-08-07,,,,,,,,
ASM,2026-08-06,6.38,6.88,0.07836990595611293,2026-08-07,,,,,,,,
ASMB,2026-08-06,26.45,26.68,0.008695652173912993,2026-08-07,,,,,,,,
ASMF,2026-08-06,25.84,25.72,-0.004643962848297267,2026-08-07,,,,,,,,
ASMG,2026-08-06,46.06,47.74,0.036474164133738496,2026-08-07,,,,,,,,
ASMH,2026-08-06,11.66,11.84,0.015437392795883298,2026-08-07,,,,,,,,
ASML,2026-08-06,1704.37,1740.99,0.021485944953267166,2026-08-07,,,,,,,,
ASMU,2026-08-06,30.06,31.36,0.043246839654025315,2026-08-07,,,,,,,,
ASMZ,2026-08-06,19.73,20.36,0.03193106943740487,2026-08-07,,,,,,,,
ASND,2026-08-06,249.85,255.41,0.022253352011206706,2026-08-07,,,,,,,,
ASO,2026-08-06,47.35,48.13,0.016473072861668436,2026-08-07,,,,,,,,
ASPC,2026-08-06,10.64,10.59,-0.00469924812030087,2026-08-07,,,,,,,,
ASPI,2026-08-06,4.1,4.43,0.08048780487804885,2026-08-07,,,,,,,,
ASPN,2026-08-06,6.89,6.25,-0.09288824383163996,2026-08-07,,,,,,,,
ASPS,2026-08-06,5.78,5.76,-0.0034602076124568004,2026-08-07,,,,,,,,
ASR,2026-08-06,277.63,276.68,-0.003421820408457288,2026-08-07,,,,,,,,
ASRV,2026-08-06,4.79,4.92,0.02713987473903967,2026-08-07,,,,,,,,
ASST,2026-08-06,12.31,12.48,0.01380991064175463,2026-08-07,,,,,,,,
ASTC,2026-08-06,9.01,8.88,-0.01442841287458374,2026-08-07,,,,,,,,
ASTE,2026-08-06,44.18,44.25,0.0015844273426890432,2026-08-07,,,,,,,,
ASTG,2026-08-06,10.37,11.77,0.13500482160077154,2026-08-07,,,,,,,,
ASTH,2026-08-06,34.13,35.76,0.04775857017286822,2026-08-07,,,,,,,,
ASTI,2026-08-06,3.22,3.58,0.11180124223602483,2026-08-07,,,,,,,,
ASTL,2026-08-06,3.97,4.07,0.02518891687657443,2026-08-07,,,,,,,,
ASTN,2026-08-06,4.65,4.03,-0.1333333333333333,2026-08-07,,,,,,,,
ASTS,2026-08-06,67.36,71.94,0.06799287410926369,2026-08-07,,,,,,,,
ASTT,2026-08-06,22.32,25.27,0.13216845878136207,2026-08-07,,,,,,,,
ASTX,2026-08-06,13.93,15.73,0.12921751615218957,2026-08-07,,,,,,,,
ASTY,2026-08-06,7.54,8.53,0.1312997347480105,2026-08-07,,,,,,,,
ASUP,2026-08-06,9.51,10.77,0.13249211356466883,2026-08-07,,,,,,,,
ASUR,2026-08-06,8.71,8.67,-0.004592422502870397,2026-08-07,,,,,,,,
ASX,2026-08-06,37.25,37.39,0.0037583892617449877,2026-08-07,,,,,,,,
ASYS,2026-08-06,14.95,15.53,0.03879598662207351,2026-08-07,,,,,,,,
ATAI,2026-08-06,7.18,7.25,0.009749303621169991,2026-08-07,,,,,,,,
ATAT,2026-08-06,35.44,35.31,-0.003668171557561939,2026-08-07,,,,,,,,
ATC,2026-08-06,20.65,21.65,0.04842615012106544,2026-08-07,,,,,,,,
ATCH,2026-08-06,0.18,0.18,0.0,2026-08-07,,,,,,,,
ATCL,2026-08-06,24.83,24.84,0.000402738622633958,2026-08-07,,,,,,,,
ATCX,2026-08-06,2.57,2.74,0.0661478599221792,2026-08-07,,,,,,,,
ATEC,2026-08-06,9.21,9.31,0.010857763300760048,2026-08-07,,,,,,,,
ATEN,2026-08-06,27.6,26.84,-0.02753623188405807,2026-08-07,,,,,,,,
ATER,2026-08-06,0.46,0.49,0.06521739130434767,2026-08-07,,,,,,,,
ATEX,2026-08-06,100.32,99.26,-0.010566188197767001,2026-08-07,,,,,,,,
ATFV,2026-08-06,38.82,39.66,0.021638330757341562,2026-08-07,,,,,,,,
ATGL,2026-08-06,7.5,8.35,0.11333333333333329,2026-08-07,,,,,,,,
ATHE,2026-08-06,4.56,4.45,-0.024122807017543768,2026-08-07,,,,,,,,
ATHM,2026-08-06,22.71,22.72,0.0004403346543371267,2026-08-07,,,,,,,,
ATHR,2026-08-06,4.21,4.07,-0.03325415676959609,2026-08-07,,,,,,,,
ATI,2026-08-06,223.43,227.84,0.019737725462113387,2026-08-07,,,,,,,,
ATII,2026-08-06,10.72,10.69,-0.002798507462686728,2026-08-07,,,,,,,,
ATKR,2026-08-06,93.66,93.71,0.0005338458253256739,2026-08-07,,,,,,,,
ATLC,2026-08-06,111.79,100.01,-0.10537615171303338,2026-08-07,,,,,,,,
ATLO,2026-08-06,31.42,31.25,-0.005410566518141313,2026-08-07,,,,,,,,
ATLX,2026-08-06,2.97,3.11,0.047138047138046923,2026-08-07,,,,,,,,
ATMP,2026-08-06,35.82,35.29,-0.014796203238414352,2026-08-07,,,,,,,,
ATMU,2026-08-06,54.51,51.17,-0.06127316088791046,2026-08-07,,,,,,,,
ATNI,2026-08-06,30.63,31.97,0.04374795951681354,2026-08-07,,,,,,,,
ATNM,2026-08-06,0.79,0.8,0.012658227848101333,2026-08-07,,,,,,,,
ATO,2026-08-06,171.98,170.19,-0.010408186998488111,2026-08-07,,,,,,,,
ATOM,2026-08-06,5.32,5.48,0.03007518796992481,2026-08-07,,,,,,,,
ATOS,2026-08-06,2.42,2.36,-0.024793388429752095,2026-08-07,,,,,,,,
ATPC,2026-08-06,2.49,2.63,0.056224899598393385,2026-08-07,,,,,,,,
ATR,2026-08-06,135.78,135.42,-0.0026513477684491082,2026-08-07,,,,,,,,
ATRA,2026-08-06,8.25,8.45,0.024242424242424176,2026-08-07,,,,,,,,
ATRC,2026-08-06,39.49,41.39,0.04811344644213711,2026-08-07,,,,,,,,
ATRO,2026-08-06,76.04,77.75,0.022488164124145005,2026-08-07,,,,,,,,
ATS,2026-08-06,20.53,21.13,0.02922552362396491,2026-08-07,,,,,,,,
ATTO,2026-08-06,20.38,20.17,-0.010304219823356053,2026-08-07,,,,,,,,
ATTR,2026-08-06,95.19,95.28,0.0009454774661203924,2026-08-07,,,,,,,,
ATXG,2026-08-06,3.64,3.95,0.08516483516483508,2026-08-07,,,,,,,,
ATYR,2026-08-06,0.5,0.51,0.020000000000000018,2026-08-07,,,,,,,,
AU,2026-08-06,87.59,96.22,0.09852722913574596,2026-08-07,,,,,,,,
AUAU,2026-08-06,36.16,38.66,0.06913716814159288,2026-08-07,,,,,,,,
AUB,2026-08-06,42.44,41.78,-0.015551366635249697,2026-08-07,,,,,,,,
AUBN,2026-08-06,26.4,26.35,-0.0018939393939393367,2026-08-07,,,,,,,,
AUC,2026-08-06,7.06,7.0,-0.008498583569405027,2026-08-07,,,,,,,,
AUDC,2026-08-06,9.9,9.94,0.004040404040403844,2026-08-07,,,,,,,,
AUGC,2026-08-06,25.33,25.39,0.0023687327279906523,2026-08-07,,,,,,,,
AUGM,2026-08-06,35.31,35.31,0.0,2026-08-07,,,,,,,,
AUGO,2026-08-06,65.63,74.13,0.12951394179491094,2026-08-07,,,,,,,,
AUGP,2026-08-06,33.9,33.99,0.0026548672566373277,2026-08-07,,,,,,,,
AUGT,2026-08-06,39.13,39.25,0.003066700741119366,2026-08-07,,,,,,,,
AUGU,2026-08-06,32.31,32.46,0.00464252553389044,2026-08-07,,,,,,,,
AUGW,2026-08-06,34.62,34.71,0.0025996533795495935,2026-08-07,,,,,,,,
AUGZ,2026-08-06,46.21,46.42,0.004544470893745878,2026-08-07,,,,,,,,
AUID,2026-08-06,0.71,0.63,-0.11267605633802813,2026-08-07,,,,,,,,
AUMI,2026-08-06,87.19,94.49,0.0837251978437894,2026-08-07,,,,,,,,
AUNA,2026-08-06,5.2,5.32,0.023076923076922995,2026-08-07,,,,,,,,
AUPH,2026-08-06,16.13,15.85,-0.017358958462492247,2026-08-07,,,,,,,,
AUR,2026-08-06,6.78,7.06,0.041297935103244754,2026-08-07,,,,,,,,
AURA,2026-08-06,7.72,7.99,0.03497409326424883,2026-08-07,,,,,,,,
AURE,2026-08-06,1.75,1.66,-0.05142857142857149,2026-08-07,,,,,,,,
AUSF,2026-08-06,51.73,51.87,0.0027063599458727605,2026-08-07,,,,,,,,
AUSM,2026-08-06,25.05,25.07,0.0007984031936127955,2026-08-07,,,,,,,,
AUST,2026-08-06,1.22,1.19,-0.024590163934426257,2026-08-07,,,,,,,,
AUTL,2026-08-06,2.0,2.11,0.05499999999999994,2026-08-07,,,,,,,,
AUUD,2026-08-06,0.95,0.82,-0.13684210526315788,2026-08-07,,,,,,,,
AV,2026-08-06,29.47,29.42,-0.001696640651509873,2026-08-07,,,,,,,,
AVA,2026-08-06,38.42,38.73,0.008068714211348027,2026-08-07,,,,,,,,
AVAH,2026-08-06,9.31,9.49,0.01933404940923733,2026-08-07,,,,,,,,
AVAL,2026-08-06,5.11,5.06,-0.009784735812133238,2026-08-07,,,,,,,,
AVAT,2026-08-06,0.34,0.32,-0.05882352941176472,2026-08-07,,,,,,,,
AVAV,2026-08-06,171.12,186.73,0.0912225338943431,2026-08-07,,,,,,,,
AVAZ,2026-08-06,7.31,7.3,-0.001367989056087482,2026-08-07,,,,,,,,
AVB,2026-08-06,186.55,187.55,0.005360493165371238,2026-08-07,,,,,,,,
AVBC,2026-08-06,21.74,21.5,-0.011039558417663242,2026-08-07,,,,,,,,
AVBH,2026-08-06,32.6,32.6,0.0,2026-08-07,,,,,,,,
AVBP,2026-08-06,31.01,30.84,-0.005482102547565315,2026-08-07,,,,,,,,
AVD,2026-08-06,2.57,2.41,-0.06225680933852129,2026-08-07,,,,,,,,
AVDE,2026-08-06,92.92,93.95,0.011084804132587278,2026-08-07,,,,,,,,
AVDS,2026-08-06,78.69,79.63,0.011945609353158027,2026-08-07,,,,,,,,
AVDV,2026-08-06,108.18,109.63,0.01340358661490093,2026-08-07,,,,,,,,
AVEE,2026-08-06,67.37,67.74,0.005492058779872133,2026-08-07,,,,,,,,
AVEM,2026-08-06,91.67,92.27,0.006545216537580334,2026-08-07,,,,,,,,
AVES,2026-08-06,64.9,65.49,0.009090909090908816,2026-08-07,,,,,,,,
AVEX,2026-08-06,21.49,22.17,0.0316426244765009,2026-08-07,,,,,,,,
AVGB,2026-08-06,51.01,51.06,0.0009801999607921275,2026-08-07,,,,,,,,
AVGC,2026-08-06,30.89,31.78,0.028811913240530895,2026-08-07,,,,,,,,
AVGE,2026-08-06,100.94,101.49,0.0054487814543293656,2026-08-07,,,,,,,,
AVGG,2026-08-06,32.67,33.72,0.03213957759412289,2026-08-07,,,,,,,,
AVGO,2026-08-06,420.57,427.76,0.017095846113607704,2026-08-07,,,,,,,,
AVGU,2026-08-06,41.85,43.19,0.03201911589008355,2026-08-07,,,,,,,,
AVGV,2026-08-06,87.45,87.82,0.004230989136649432,2026-08-07,,,,,,,,
AVGW,2026-08-06,42.92,43.7,0.01817334575955276,2026-08-07,,,,,,,,
AVGX,2026-08-06,56.02,57.82,0.03213138164941087,2026-08-07,,,,,,,,
AVIE,2026-08-06,77.71,77.8,0.0011581521039762954,2026-08-07,,,,,,,,
AVIG,2026-08-06,40.77,40.86,0.002207505518763808,2026-08-07,,,,,,,,
AVIR,2026-08-06,4.99,5.25,0.05210420841683372,2026-08-07,,,,,,,,
AVIV,2026-08-06,82.02,82.87,0.01036332601804446,2026-08-07,,,,,,,,
AVK,2026-08-06,12.69,12.75,0.004728132387706863,2026-08-07,,,,,,,,
AVL,2026-08-06,53.14,54.78,0.03086187429431697,2026-08-07,,,,,,,,
AVLC,2026-08-06,91.53,92.04,0.005571943625040987,2026-08-07,,,,,,,,
AVLN,2026-08-06,32.7,33.92,0.037308868501529036,2026-08-07,,,,,,,,
AVLV,2026-08-06,93.63,93.79,0.001708853999786486,2026-08-07,,,,,,,,
AVMA,2026-08-06,73.64,73.92,0.0038022813688212143,2026-08-07,,,,,,,,
AVMC,2026-08-06,80.57,81.2,0.007819287576021017,2026-08-07,,,,,,,,
AVMU,2026-08-06,45.34,45.53,0.004190560211733585,2026-08-07,,,,,,,,
AVMV,2026-08-06,82.72,83.07,0.004231141199226185,2026-08-07,,,,,,,,
AVNM,2026-08-06,83.96,84.88,0.010957598856598416,2026-08-07,,,,,,,,
AVNS,2026-08-06,24.99,24.99,0.0,2026-08-07,,,,,,,,
AVNT,2026-08-06,42.65,45.69,0.0712778429073857,2026-08-07,,,,,,,,
AVNV,2026-08-06,85.42,86.2,0.009131350971669505,2026-08-07,,,,,,,,
AVNW,2026-08-06,21.05,21.12,0.003325415676959542,2026-08-07,,,,,,,,
AVO,2026-08-06,12.56,13.2,0.05095541401273884,2026-08-07,,,,,,,,
AVOS,2026-08-06,27.67,27.81,0.005059631369714435,2026-08-07,,,,,,,,
AVPT,2026-08-06,12.79,12.79,0.0,2026-08-07,,,,,,,,
AVR,2026-08-06,8.36,8.91,0.06578947368421062,2026-08-07,,,,,,,,
AVRE,2026-08-06,48.41,48.58,0.0035116711423259783,2026-08-07,,,,,,,,
AVRY,2026-08-06,25.05,25.67,0.024750499001995996,2026-08-07,,,,,,,,
AVS,2026-08-06,6.97,6.86,-0.015781922525107572,2026-08-07,,,,,,,,
AVSC,2026-08-06,73.82,74.4,0.007856949336223495,2026-08-07,,,,,,,,
AVSD,2026-08-06,82.82,83.71,0.01074619657087661,2026-08-07,,,,,,,,
AVSE,2026-08-06,77.12,77.36,0.003112033195020736,2026-08-07,,,,,,,,
AVSF,2026-08-06,46.3,46.35,0.001079913606911509,2026-08-07,,,,,,,,
AVSU,2026-08-06,89.91,90.4,0.00544989433878329,2026-08-07,,,,,,,,
AVT,2026-08-06,96.8,96.53,-0.002789256198347023,2026-08-07,,,,,,,,
AVTM,2026-08-06,55.5,56.02,0.009369369369369496,2026-08-07,,,,,,,,
AVTR,2026-08-06,13.18,13.59,0.031107738998482626,2026-08-07,,,,,,,,
AVTX,2026-08-06,18.7,18.32,-0.02032085561497321,2026-08-07,,,,,,,,
AVUQ,2026-08-06,67.56,67.93,0.005476613380698714,2026-08-07,,,,,,,,
AVUS,2026-08-06,130.62,131.18,0.004287245444801746,2026-08-07,,,,,,,,
AVUV,2026-08-06,126.42,126.88,0.0036386647682329354,2026-08-07,,,,,,,,
AVX,2026-08-06,3.17,3.54,0.11671924290220814,2026-08-07,,,,,,,,
AVXC,2026-08-06,79.79,80.21,0.005263817520992475,2026-08-07,,,,,,,,
AVXL,2026-08-06,3.28,3.34,0.018292682926829285,2026-08-07,,,,,,,,
AVXX,2026-08-06,6.66,7.87,0.18168168168168175,2026-08-07,,,,,,,,
AVY,2026-08-06,173.99,177.18,0.018334387033737576,2026-08-07,,,,,,,,
AWAY,2026-08-06,19.77,19.99,0.011127971674253834,2026-08-07,,,,,,,,
AWF,2026-08-06,10.11,10.11,0.0,2026-08-07,,,,,,,,
AWI,2026-08-06,183.97,185.52,0.008425286731532422,2026-08-07,,,,,,,,
AWK,2026-08-06,134.82,135.31,0.0036344755970925124,2026-08-07,,,,,,,,
AWP,2026-08-06,11.89,11.9,0.000841042893187538,2026-08-07,,,,,,,,
AWR,2026-08-06,85.67,87.39,0.020077039803898744,2026-08-07,,,,,,,,
AWRE,2026-08-06,1.23,1.27,0.03252032520325199,2026-08-07,,,,,,,,
AWX,2026-08-06,2.56,2.6,0.015625,2026-08-07,,,,,,,,
AX,2026-08-06,101.88,100.04,-0.018060463290145212,2026-08-07,,,,,,,,
AXG,2026-08-06,2.76,2.6,-0.05797101449275355,2026-08-07,,,,,,,,
AXGN,2026-08-06,44.35,46.43,0.04689966178128513,2026-08-07,,,,,,,,
AXIA,2026-08-06,10.22,10.22,0.0,2026-08-07,,,,,,,,
AXIL,2026-08-06,5.71,5.87,0.028021015761821477,2026-08-07,,,,,,,,
AXIN,2026-08-06,10.27,10.27,0.0,2026-08-07,,,,,,,,
AXON,2026-08-06,522.46,571.01,0.09292577422194981,2026-08-07,,,,,,,,
AXP,2026-08-06,342.6,340.91,-0.004932866316403994,2026-08-07,,,,,,,,
AXPG,2026-08-06,13.01,13.01,0.0,2026-08-07,,,,,,,,
AXR,2026-08-06,22.08,22.35,0.01222826086956541,2026-08-07,,,,,,,,
AXS,2026-08-06,104.45,103.49,-0.00919100047869803,2026-08-07,,,,,,,,
AXSM,2026-08-06,210.13,212.74,0.012420882310950399,2026-08-07,,,,,,,,
AXTA,2026-08-06,37.54,38.19,0.017314864144912123,2026-08-07,,,,,,,,
AXTC,2026-08-06,25.89,35.08,0.35496330629586703,2026-08-07,,,,,,,,
AXTI,2026-08-06,75.17,88.58,0.17839563655713708,2026-08-07,,,,,,,,
AXTL,2026-08-06,4.23,5.77,0.36406619385342776,2026-08-07,,,,,,,,
AXTU,2026-08-06,5.93,8.06,0.3591905564924116,2026-08-07,,,,,,,,
AXTX,2026-08-06,11.01,14.88,0.35149863760218003,2026-08-07,,,,,,,,
AYA,2026-08-06,25.2,27.19,0.07896825396825413,2026-08-07,,,,,,,,
AYI,2026-08-06,357.0,359.58,0.007226890756302451,2026-08-07,,,,,,,,
AYTU,2026-08-06,2.33,2.36,0.012875536480686511,2026-08-07,,,,,,,,
AZ,2026-08-06,5.98,6.22,0.04013377926421402,2026-08-07,,,,,,,,
AZI,2026-08-06,1.6,1.5,-0.0625,2026-08-07,,,,,,,,
AZIO,2026-08-06,1.47,1.45,-0.013605442176870763,2026-08-07,,,,,,,,
AZN,2026-08-06,161.07,161.42,0.0021729682746631784,2026-08-07,,,,,,,,
AZO,2026-08-06,3069.62,3127.29,0.018787341755656994,2026-08-07,,,,,,,,
AZTA,2026-08-06,30.74,32.04,0.042290175666883645,2026-08-07,,,,,,,,
AZTD,2026-08-06,32.71,33.01,0.009171507184347227,2026-08-07,,,,,,,,
AZTR,2026-08-06,0.13,0.14,0.0769230769230771,2026-08-07,,,,,,,,
AZUL,2026-08-06,8.65,8.51,-0.016184971098266,2026-08-07,,,,,,,,
AZYY,2026-08-06,14.47,14.43,-0.0027643400138217533,2026-08-07,,,,,,,,
AZZ,2026-08-06,150.85,150.92,0.00046403712296982924,2026-08-07,,,,,,,,
B,2026-08-06,41.37,43.68,0.055837563451776706,2026-08-07,,,,,,,,
BA,2026-08-06,232.19,234.42,0.009604203454067761,2026-08-07,,,,,,,,
BAB,2026-08-06,26.41,26.43,0.0007572889057174681,2026-08-07,,,,,,,,
BABA,2026-08-06,126.81,128.41,0.012617301474647125,2026-08-07,,,,,,,,
BABC,2026-08-06,31.87,32.63,0.023846877941637867,2026-08-07,,,,,,,,
BABO,2026-08-06,8.56,8.66,0.011682242990654235,2026-08-07,,,,,,,,
BABU,2026-08-06,12.67,12.98,0.024467245461720744,2026-08-07,,,,,,,,
BABW,2026-08-06,25.11,25.56,0.017921146953405076,2026-08-07,,,,,,,,
BABX,2026-08-06,23.41,24.02,0.02605724049551461,2026-08-07,,,,,,,,
BAC,2026-08-06,63.0,63.17,0.0026984126984126444,2026-08-07,,,,,,,,
BACC,2026-08-06,10.49,10.48,-0.0009532888465204614,2026-08-07,,,,,,,,
BAER,2026-08-06,1.69,1.26,-0.2544378698224852,2026-08-07,,,,,,,,
BAFE,2026-08-06,30.26,30.38,0.003965631196298558,2026-08-07,,,,,,,,
BAFN,2026-08-06,6.8,6.34,-0.0676470588235294,2026-08-07,,,,,,,,
BAGX,2026-08-06,101.11,102.21,0.010879240431213466,2026-08-07,,,,,,,,
BAGY,2026-08-06,22.95,23.2,0.01089324618736387,2026-08-07,,,,,,,,
BAH,2026-08-06,73.93,76.05,0.028675774381171193,2026-08-07,,,,,,,,
BAI,2026-08-06,43.92,44.57,0.01479963570127496,2026-08-07,,,,,,,,
BAIG,2026-08-06,16.14,18.98,0.17596034696406448,2026-08-07,,,,,,,,
BAIV,2026-08-06,28.54,28.89,0.01226348983882275,2026-08-07,,,,,,,,
BAK,2026-08-06,2.33,2.29,-0.01716738197424894,2026-08-07,,,,,,,,
BALI,2026-08-06,34.76,34.97,0.006041426927502869,2026-08-07,,,,,,,,
BALL,2026-08-06,63.13,63.45,0.005068905433232906,2026-08-07,,,,,,,,
BALQ,2026-08-06,55.7,56.2,0.008976660682226134,2026-08-07,,,,,,,,
BALT,2026-08-06,34.63,34.67,0.0011550678602367803,2026-08-07,,,,,,,,
BALY,2026-08-06,13.15,13.45,0.02281368821292773,2026-08-07,,,,,,,,
BAM,2026-08-06,53.17,52.49,-0.012789166823396592,2026-08-07,,,,,,,,
BAMA,2026-08-06,36.95,37.15,0.005412719891745521,2026-08-07,,,,,,,,
BAMB,2026-08-06,25.82,25.89,0.0027110766847404655,2026-08-07,,,,,,,,
BAMD,2026-08-06,34.29,34.38,0.002624671916010568,2026-08-07,,,,,,,,
BAMG,2026-08-06,44.64,44.84,0.0044802867383513245,2026-08-07,,,,,,,,
BAMO,2026-08-06,35.16,35.27,0.0031285551763369224,2026-08-07,,,,,,,,
BAMU,2026-08-06,25.3,25.32,0.0007905138339920903,2026-08-07,,,,,,,,
BAMV,2026-08-06,37.54,37.81,0.007192328183271313,2026-08-07,,,,,,,,
BAMY,2026-08-06,27.54,27.59,0.0018155410312272746,2026-08-07,,,,,,,,
BANC,2026-08-06,19.0,18.73,-0.014210526315789451,2026-08-07,,,,,,,,
BAND,2026-08-06,44.69,49.96,0.11792347281270987,2026-08-07,,,,,,,,
BANF,2026-08-06,113.33,113.01,-0.002823612459189939,2026-08-07,,,,,,,,
BANL,2026-08-06,3.96,3.75,-0.05303030303030298,2026-08-07,,,,,,,,
BANR,2026-08-06,70.49,70.67,0.0025535536955596516,2026-08-07,,,,,,,,
BANX,2026-08-06,20.39,20.52,0.006375674350171501,2026-08-07,,,,,,,,
BAOS,2026-08-06,0.6,0.65,0.08333333333333348,2026-08-07,,,,,,,,
BAP,2026-08-06,392.57,386.93,-0.01436686450824054,2026-08-07,,,,,,,,
BAPR,2026-08-06,54.14,54.29,0.002770594754340605,2026-08-07,,,,,,,,
BAR,2026-08-06,41.82,42.78,0.022955523672883782,2026-08-07,,,,,,,,
BARK,2026-08-06,9.16,11.22,0.22489082969432328,2026-08-07,,,,,,,,
BASG,2026-08-06,28.37,28.82,0.01586182587240037,2026-08-07,,,,,,,,
BASV,2026-08-06,31.79,31.99,0.006291286568103072,2026-08-07,,,,,,,,
BATL,2026-08-06,1.35,1.31,-0.029629629629629672,2026-08-07,,,,,,,,
BATRA,2026-08-06,52.6,53.46,0.0163498098859316,2026-08-07,,,,,,,,
BATRK,2026-08-06,48.81,50.06,0.025609506248719605,2026-08-07,,,,,,,,
BATT,2026-08-06,15.07,15.42,0.023224950232249464,2026-08-07,,,,,,,,
BAUG,2026-08-06,55.2,55.41,0.0038043478260867403,2026-08-07,,,,,,,,
BAVA,2026-08-06,17.45,17.39,-0.0034383954154727503,2026-08-07,,,,,,,,
BAX,2026-08-06,27.01,27.55,0.019992595335061036,2026-08-07,,,,,,,,
BAY,2026-08-06,28.87,29.37,0.01731901627987531,2026-08-07,,,,,,,,
BB,2026-08-06,8.78,8.98,0.02277904328018243,2026-08-07,,,,,,,,
BBAG,2026-08-06,45.19,45.24,0.001106439477760679,2026-08-07,,,,,,,,
BBAI,2026-08-06,3.01,3.27,0.08637873754152836,2026-08-07,,,,,,,,
BBAR,2026-08-06,17.41,17.11,-0.017231476163124704,2026-08-07,,,,,,,,
BBAX,2026-08-06,64.68,65.39,0.010977118119975149,2026-08-07,,,,,,,,
BBB,2026-08-06,30.17,30.37,0.0066291017567119415,2026-08-07,,,,,,,,
BBBI,2026-08-06,50.6,50.71,0.0021739130434783593,2026-08-07,,,,,,,,
BBBL,2026-08-06,46.1,46.18,0.0017353579175705125,2026-08-07,,,,,,,,
BBBS,2026-08-06,50.69,50.76,0.0013809429867823741,2026-08-07,,,,,,,,
BBBY,2026-08-06,4.5,4.64,0.03111111111111109,2026-08-07,,,,,,,,
BBC,2026-08-06,52.04,52.52,0.009223674096848544,2026-08-07,,,,,,,,
BBCA,2026-08-06,104.75,105.77,0.0097374701670645,2026-08-07,,,,,,,,
BBCB,2026-08-06,44.42,44.49,0.0015758667266996262,2026-08-07,,,,,,,,
BBCP,2026-08-06,9.68,9.75,0.00723140495867769,2026-08-07,,,,,,,,
BBCQ,2026-08-06,10.17,10.17,0.0,2026-08-07,,,,,,,,
BBD,2026-08-06,3.41,3.37,-0.011730205278592365,2026-08-07,,,,,,,,
BBDC,2026-08-06,9.2,9.22,0.0021739130434783593,2026-08-07,,,,,,,,
BBEM,2026-08-06,75.0,75.48,0.006399999999999961,2026-08-07,,,,,,,,
BBEU,2026-08-06,80.17,80.78,0.0076088312336284325,2026-08-07,,,,,,,,
BBGI,2026-08-06,23.62,22.11,-0.06392887383573254,2026-08-07,,,,,,,,
BBH,2026-08-06,210.67,216.58,0.028053353586177554,2026-08-07,,,,,,,,
BBHL,2026-08-06,17.63,17.7,0.003970504821327214,2026-08-07,,,,,,,,
BBHM,2026-08-06,12.13,12.19,0.004946413849958642,2026-08-07,,,,,,,,
BBHY,2026-08-06,45.71,45.81,0.0021877050973528878,2026-08-07,,,,,,,,
BBIB,2026-08-06,96.64,96.83,0.0019660596026489507,2026-08-07,,,,,,,,
BBIN,2026-08-06,80.64,81.56,0.01140873015873023,2026-08-07,,,,,,,,
BBIO,2026-08-06,82.8,84.48,0.020289855072463947,2026-08-07,,,,,,,,
BBJP,2026-08-06,76.83,78.2,0.017831576207210764,2026-08-07,,,,,,,,
BBLB,2026-08-06,77.95,78.22,0.0034637588197561353,2026-08-07,,,,,,,,
BBLG,2026-08-06,0.92,0.93,0.010869565217391353,2026-08-07,,,,,,,,
BBLU,2026-08-06,17.29,17.4,0.0063620589936379535,2026-08-07,,,,,,,,
BBMC,2026-08-06,126.79,128.77,0.01561637353103551,2026-08-07,,,,,,,,
BBN,2026-08-06,15.91,15.96,0.00314267756128217,2026-08-07,,,,,,,,
BBNX,2026-08-06,14.11,15.9,0.12686038270729982,2026-08-07,,,,,,,,
BBOT,2026-08-06,8.78,9.33,0.06264236902050113,2026-08-07,,,,,,,,
BBP,2026-08-06,98.31,100.36,0.02085240565557922,2026-08-07,,,,,,,,
BBRE,2026-08-06,108.43,108.85,0.0038734667527435818,2026-08-07,,,,,,,,
BBSB,2026-08-06,97.93,98.03,0.0010211375472275463,2026-08-07,,,,,,,,
BBSC,2026-08-06,91.48,92.37,0.009728902492348146,2026-08-07,,,,,,,,
BBSI,2026-08-06,33.09,33.18,0.0027198549410696327,2026-08-07,,,,,,,,
BBT,2026-08-06,31.6,31.51,-0.0028481012658228,2026-08-07,,,,,,,,
BBUC,2026-08-06,29.67,29.38,-0.00977418267610386,2026-08-07,,,,,,,,
BBUL,2026-08-06,13.98,14.58,0.0429184549356223,2026-08-07,,,,,,,,
BBUS,2026-08-06,138.62,139.5,0.0063482902900013904,2026-08-07,,,,,,,,
BBVA,2026-08-06,28.14,28.35,0.007462686567164312,2026-08-07,,,,,,,,
BBW,2026-08-06,34.71,36.86,0.061941803514837135,2026-08-07,,,,,,,,
BBWI,2026-08-06,20.14,20.36,0.010923535253227312,2026-08-07,,,,,,,,
BBY,2026-08-06,80.02,82.0,0.0247438140464884,2026-08-07,,,,,,,,
BBYY,2026-08-06,9.85,9.77,-0.008121827411167515,2026-08-07,,,,,,,,
BC,2026-08-06,81.25,81.55,0.0036923076923076614,2026-08-07,,,,,,,,
BCAB,2026-08-06,3.33,3.46,0.039039039039038936,2026-08-07,,,,,,,,
BCACU,2026-08-06,,,,2026-08-07,,,,,,,,
BCAL,2026-08-06,21.37,21.25,-0.005615348619560145,2026-08-07,,,,,,,,
BCAR,2026-08-06,4.75,4.62,-0.027368421052631597,2026-08-07,,,,,,,,
BCAT,2026-08-06,15.96,16.04,0.005012531328320691,2026-08-07,,,,,,,,
BCAX,2026-08-06,27.51,28.06,0.019992729916394003,2026-08-07,,,,,,,,
BCBP,2026-08-06,8.8,8.91,0.012499999999999956,2026-08-07,,,,,,,,
BCC,2026-08-06,84.26,86.6,0.02777118442914772,2026-08-07,,,,,,,,
BCCC,2026-08-06,11.93,12.01,0.0067057837384745245,2026-08-07,,,,,,,,
BCCQ,2026-08-06,9.9,9.93,0.003030303030302939,2026-08-07,,,,,,,,
BCCQU,2026-08-06,10.05,10.05,0.0,2026-08-07,,,,,,,,
BCD,2026-08-06,36.0,36.22,0.006111111111111178,2026-08-07,,,,,,,,
BCDA,2026-08-06,0.95,0.98,0.03157894736842115,2026-08-07,,,,,,,,
BCDF,2026-08-06,32.81,32.83,0.0006095702529715918,2026-08-07,,,,,,,,
BCE,2026-08-06,22.77,22.75,-0.0008783487044355942,2026-08-07,,,,,,,,
BCEM,2026-08-06,26.32,26.4,0.003039513677811412,2026-08-07,,,,,,,,
BCFN,2026-08-06,22.96,22.94,-0.0008710801393727596,2026-08-07,,,,,,,,
BCG,2026-08-06,1.41,1.35,-0.04255319148936154,2026-08-07,,,,,,,,
BCGD,2026-08-06,26.96,26.98,0.0007418397626113293,2026-08-07,,,,,,,,
BCGS,2026-08-06,27.96,28.2,0.008583690987124415,2026-08-07,,,,,,,,
BCH,2026-08-06,42.16,41.42,-0.01755218216318777,2026-08-07,,,,,,,,
BCHI,2026-08-06,31.26,31.29,0.0009596928982724684,2026-08-07,,,,,,,,
BCHP,2026-08-06,39.11,39.23,0.003068268984914191,2026-08-07,,,,,,,,
BCHT,2026-08-06,1.39,1.39,0.0,2026-08-07,,,,,,,,
BCI,2026-08-06,23.73,23.83,0.004214075010535057,2026-08-07,,,,,,,,
BCIC,2026-08-06,7.39,7.5,0.014884979702300516,2026-08-07,,,,,,,,
BCIL,2026-08-06,29.6,30.01,0.013851351351351404,2026-08-07,,,,,,,,
BCKT,2026-08-06,40.23,40.28,0.0012428535918469485,2026-08-07,,,,,,,,
BCLO,2026-08-06,49.49,49.53,0.0008082440897150267,2026-08-07,,,,,,,,
BCML,2026-08-06,30.7,30.52,-0.005863192182410382,2026-08-07,,,,,,,,
BCO,2026-08-06,112.85,112.19,-0.005848471422241874,2026-08-07,,,,,,,,
BCOR,2026-08-06,21.25,21.68,0.02023529411764713,2026-08-07,,,,,,,,
BCPC,2026-08-06,180.42,179.43,-0.005487196541403283,2026-08-07,,,,,,,,
BCPL,2026-08-06,24.47,24.54,0.002860645688598229,2026-08-07,,,,,,,,
BCRX,2026-08-06,9.3,9.38,0.008602150537634357,2026-08-07,,,,,,,,
BCS,2026-08-06,28.18,27.93,-0.008871540099361197,2026-08-07,,,,,,,,
BCSF,2026-08-06,12.94,13.11,0.013137557959814528,2026-08-07,,,,,,,,
BCSM,2026-08-06,24.95,25.54,0.023647294589178358,2026-08-07,,,,,,,,
BCSS,2026-08-06,10.21,10.21,0.0,2026-08-07,,,,,,,,
BCTK,2026-08-06,29.71,30.62,0.03062941770447658,2026-08-07,,,,,,,,
BCTX,2026-08-06,3.45,3.64,0.05507246376811592,2026-08-07,,,,,,,,
BCUS,2026-08-06,35.86,35.95,0.0025097601784718204,2026-08-07,,,,,,,,
BCV,2026-08-06,24.27,24.67,0.016481252575195837,2026-08-07,,,,,,,,
BCX,2026-08-06,12.03,12.11,0.006650041562759723,2026-08-07,,,,,,,,
BCYC,2026-08-06,3.97,4.17,0.05037783375314864,2026-08-07,,,,,,,,
BD,2026-08-06,24.74,24.79,0.0020210185933711156,2026-08-07,,,,,,,,
BDBT,2026-08-06,24.84,24.88,0.0016103059581320522,2026-08-07,,,,,,,,
BDC,2026-08-06,129.19,132.82,0.028098150011610867,2026-08-07,,,,,,,,
BDCI,2026-08-06,10.09,10.09,0.0,2026-08-07,,,,,,,,
BDCX,2026-08-06,20.5,21.14,0.03121951219512198,2026-08-07,,,,,,,,
BDCZ,2026-08-06,15.27,15.57,0.01964636542239684,2026-08-07,,,,,,,,
BDEC,2026-08-06,54.38,54.59,0.0038617138653918026,2026-08-07,,,,,,,,
BDGS,2026-08-06,36.87,36.97,0.002712232167073614,2026-08-07,,,,,,,,
BDIV,2026-08-06,25.23,25.27,0.0015854141894569018,2026-08-07,,,,,,,,
BDJ,2026-08-06,9.77,9.76,-0.0010235414534288667,2026-08-07,,,,,,,,
BDL,2026-08-06,46.29,46.12,-0.003672499459926537,2026-08-07,,,,,,,,
BDMD,2026-08-06,1.18,1.22,0.033898305084745894,2026-08-07,,,,,,,,
BDN,2026-08-06,3.22,3.22,0.0,2026-08-07,,,,,,,,
BDRX,2026-08-06,1.47,1.54,0.04761904761904767,2026-08-07,,,,,,,,
BDRY,2026-08-06,13.94,13.76,-0.012912482065997155,2026-08-07,,,,,,,,
BDSX,2026-08-06,22.1,23.5,0.06334841628959276,2026-08-07,,,,,,,,
BDTX,2026-08-06,1.92,1.95,0.015625,2026-08-07,,,,,,,,
BDVG,2026-08-06,15.04,15.17,0.008643617021276695,2026-08-07,,,,,,,,
BDVL,2026-08-06,26.76,26.9,0.00523168908819116,2026-08-07,,,,,,,,
BDX,2026-08-06,177.07,176.86,-0.0011859716496299688,2026-08-07,,,,,,,,
BDYN,2026-08-06,28.24,28.44,0.00708215297450443,2026-08-07,,,,,,,,
BE,2026-08-06,228.96,219.34,-0.04201607267645002,2026-08-07,,,,,,,,
BEAG,2026-08-06,10.7,10.7,0.0,2026-08-07,,,,,,,,
BEAM,2026-08-06,27.25,27.48,0.008440366972477076,2026-08-07,,,,,,,,
BEAT,2026-08-06,0.51,0.52,0.019607843137254832,2026-08-07,,,,,,,,
BEBE,2026-08-06,9.98,9.98,0.0,2026-08-07,,,,,,,,
BEC,2026-08-06,13.95,12.91,-0.07455197132616487,2026-08-07,,,,,,,,
BEDY,2026-08-06,29.83,29.99,0.005363727790814732,2026-08-07,,,,,,,,
BEDZ,2026-08-06,37.13,37.11,-0.000538647993536312,2026-08-07,,,,,,,,
BEEM,2026-08-06,1.12,1.14,0.01785714285714257,2026-08-07,,,,,,,,
BEEP,2026-08-06,2.04,2.48,0.21568627450980382,2026-08-07,,,,,,,,
BEEX,2026-08-06,27.9,28.11,0.007526881720430145,2026-08-07,,,,,,,,
BEEZ,2026-08-06,35.26,35.63,0.010493477027793574,2026-08-07,,,,,,,,
BEG,2026-08-06,38.88,35.79,-0.07947530864197538,2026-08-07,,,,,,,,
BEGS,2026-08-06,14.39,14.83,0.030576789437109175,2026-08-07,,,,,,,,
BEKE,2026-08-06,16.92,17.04,0.007092198581560183,2026-08-07,,,,,,,,
BELFA,2026-08-06,232.65,233.55,0.003868471953578423,2026-08-07,,,,,,,,
BELFB,2026-08-06,289.4,291.59,0.007567380787836919,2026-08-07,,,,,,,,
BELT,2026-08-06,39.84,39.91,0.00175702811244971,2026-08-07,,,,,,,,
BEMB,2026-08-06,52.81,52.81,0.0,2026-08-07,,,,,,,,
BEN,2026-08-06,34.0,33.77,-0.006764705882352895,2026-08-07,,,,,,,,
BENF,2026-08-06,3.14,3.0,-0.04458598726114649,2026-08-07,,,,,,,,
BENJ,2026-08-06,52.99,53.01,0.0003774297037175689,2026-08-07,,,,,,,,
BEP,2026-08-06,32.73,33.2,0.014359914451573585,2026-08-07,,,,,,,,
BEPC,2026-08-06,33.35,33.74,0.011694152923538148,2026-08-07,,,,,,,,
BERZ,2026-08-06,22.21,21.43,-0.03511931562359305,2026-08-07,,,,,,,,
BESF,2026-08-06,38.72,38.34,-0.009814049586776785,2026-08-07,,,,,,,,
BESO,2026-08-06,25.39,25.6,0.00827097282394651,2026-08-07,,,,,,,,
BESS,2026-08-06,2.95,2.88,-0.023728813559322104,2026-08-07,,,,,,,,
BETA,2026-08-06,22.72,23.51,0.03477112676056349,2026-08-07,,,,,,,,
BETE,2026-08-06,30.7,30.93,0.007491856677524389,2026-08-07,,,,,,,,
BETH,2026-08-06,35.65,35.95,0.008415147265077305,2026-08-07,,,,,,,,
BETR,2026-08-06,16.64,15.46,-0.07091346153846156,2026-08-07,,,,,,,,
BETZ,2026-08-06,18.76,19.06,0.015991471215351716,2026-08-07,,,,,,,,
BEX,2026-08-06,27.87,25.59,-0.08180839612486546,2026-08-07,,,,,,,,
BEZ,2026-08-06,10.1,10.96,0.08514851485148522,2026-08-07,,,,,,,,
BF-A,2026-08-06,28.62,29.06,0.015373864430468176,2026-08-07,,,,,,,,
BF-B,2026-08-06,28.27,28.52,0.0088432967810399,2026-08-07,,,,,,,,
BFAM,2026-08-06,73.97,73.38,-0.007976206570231237,2026-08-07,,,,,,,,
BFAP,2026-08-06,14.3,14.34,0.002797202797202747,2026-08-07,,,,,,,,
BFC,2026-08-06,154.95,153.42,-0.00987415295256533,2026-08-07,,,,,,,,
BFEB,2026-08-06,53.72,53.87,0.002792256142963412,2026-08-07,,,,,,,,
BFEW,2026-08-06,21.66,21.73,0.003231763619575334,2026-08-07,,,,,,,,
BFH,2026-08-06,109.95,108.32,-0.014824920418372023,2026-08-07,,,,,,,,
BFIX,2026-08-06,25.01,24.98,-0.0011995201919232645,2026-08-07,,,,,,,,
BFJA,2026-08-06,17.34,17.37,0.0017301038062285112,2026-08-07,,,,,,,,
BFJL,2026-08-06,17.35,17.42,0.004034582132564912,2026-08-07,,,,,,,,
BFLB,2026-08-06,55.35,55.49,0.00252935862691972,2026-08-07,,,,,,,,
BFLX,2026-08-06,26.25,26.4,0.005714285714285561,2026-08-07,,,,,,,,
BFLY,2026-08-06,8.3,8.83,0.06385542168674685,2026-08-07,,,,,,,,
BFOC,2026-08-06,16.97,17.0,0.001767825574543469,2026-08-07,,,,,,,,
BFOR,2026-08-06,24.2,24.34,0.005785123966942196,2026-08-07,,,,,,,,
BFRG,2026-08-06,0.59,0.59,0.0,2026-08-07,,,,,,,,
BFRI,2026-08-06,1.25,1.27,0.016000000000000014,2026-08-07,,,,,,,,
BFRZ,2026-08-06,27.18,27.15,-0.001103752759381904,2026-08-07,,,,,,,,
BFS,2026-08-06,33.8,34.01,0.006213017751479422,2026-08-07,,,,,,,,
BFST,2026-08-06,31.71,31.66,-0.0015767896562598471,2026-08-07,,,,,,,,
BFXU,2026-08-06,23.84,24.0,0.006711409395973256,2026-08-07,,,,,,,,
BG,2026-08-06,109.0,108.38,-0.0056880733944955075,2026-08-07,,,,,,,,
BGB,2026-08-06,11.24,11.26,0.001779359430605032,2026-08-07,,,,,,,,
BGC,2026-08-06,10.51,10.35,-0.015223596574690745,2026-08-07,,,,,,,,
BGCG,2026-08-06,27.06,27.35,0.010716925351071716,2026-08-07,,,,,,,,
BGDE,2026-08-06,5.65,5.8,0.0265486725663715,2026-08-07,,,,,,,,
BGDV,2026-08-06,31.67,31.67,0.0,2026-08-07,,,,,,,,
BGEG,2026-08-06,23.06,23.14,0.003469210754553309,2026-08-07,,,,,,,,
BGFI,2026-08-06,25.12,25.23,0.004378980891719619,2026-08-07,,,,,,,,
BGGG,2026-08-06,35.51,36.51,0.02816108138552531,2026-08-07,,,,,,,,
BGH,2026-08-06,14.2,14.29,0.006338028169013965,2026-08-07,,,,,,,,
BGI,2026-08-06,0.35,0.35,0.0,2026-08-07,,,,,,,,
BGIA,2026-08-06,25.21,25.51,0.011900039666798978,2026-08-07,,,,,,,,
BGIG,2026-08-06,37.14,37.29,0.0040387722132471104,2026-08-07,,,,,,,,
BGIN,2026-08-06,1.73,1.7,-0.017341040462427793,2026-08-07,,,,,,,,
BGL,2026-08-06,0.18,0.19,0.05555555555555558,2026-08-07,,,,,,,,
BGLC,2026-08-06,1.58,1.64,0.03797468354430378,2026-08-07,,,,,,,,
BGLD,2026-08-06,16.72,16.89,0.010167464114832603,2026-08-07,,,,,,,,
BGM,2026-08-06,0.3,0.3,0.0,2026-08-07,,,,,,,,
BGMS,2026-08-06,0.97,0.95,-0.020618556701030966,2026-08-07,,,,,,,,
BGR,2026-08-06,16.0,15.92,-0.0050000000000000044,2026-08-07,,,,,,,,
BGRN,2026-08-06,46.87,46.93,0.0012801365478984916,2026-08-07,,,,,,,,
BGRO,2026-08-06,43.33,43.79,0.010616201246249624,2026-08-07,,,,,,,,
BGS,2026-08-06,3.42,3.52,0.029239766081871288,2026-08-07,,,,,,,,
BGSF,2026-08-06,5.66,5.62,-0.007067137809187329,2026-08-07,,,,,,,,
BGSI,2026-08-06,104.24,102.34,-0.01822716807367608,2026-08-07,,,,,,,,
BGT,2026-08-06,10.85,10.89,0.0036866359447005337,2026-08-07,,,,,,,,
BGUS,2026-08-06,26.04,26.68,0.02457757296466978,2026-08-07,,,,,,,,
BGX,2026-08-06,10.79,10.83,0.003707136237256714,2026-08-07,,,,,,,,
BGY,2026-08-06,5.8,5.84,0.006896551724137945,2026-08-07,,,,,,,,
BH,2026-08-06,390.23,386.55,-0.009430335955718405,2026-08-07,,,,,,,,
BHAV,2026-08-06,9.99,9.99,0.0,2026-08-07,,,,,,,,
BHB,2026-08-06,40.19,39.74,-0.011196815128141191,2026-08-07,,,,,,,,
BHC,2026-08-06,5.91,6.25,0.05752961082910324,2026-08-07,,,,,,,,
BHDG,2026-08-06,23.85,23.58,-0.01132075471698124,2026-08-07,,,,,,,,
BHE,2026-08-06,82.37,82.36,-0.00012140342357658263,2026-08-07,,,,,,,,
BHF,2026-08-06,62.17,60.8,-0.022036351938233945,2026-08-07,,,,,,,,
BHK,2026-08-06,9.14,9.23,0.009846827133479286,2026-08-07,,,,,,,,
BHM,2026-08-06,8.22,8.5,0.03406326034063256,2026-08-07,,,,,,,,
BHP,2026-08-06,87.9,90.41,0.028555176336746202,2026-08-07,,,,,,,,
BHR,2026-08-06,2.12,2.07,-0.02358490566037752,2026-08-07,,,,,,,,
BHRB,2026-08-06,73.76,73.42,-0.004609544468546667,2026-08-07,,,,,,,,
BHST,2026-08-06,2.51,2.56,0.019920318725099806,2026-08-07,,,,,,,,
BHV,2026-08-06,12.66,12.8,0.011058451816745807,2026-08-07,,,,,,,,
BHVN,2026-08-06,14.42,14.66,0.01664355062413314,2026-08-07,,,,,,,,
BHYB,2026-08-06,53.86,53.98,0.002227998514667595,2026-08-07,,,,,,,,
BHYP,2026-08-06,31.47,30.67,-0.02542103590721312,2026-08-07,,,,,,,,
BIAF,2026-08-06,0.53,0.51,-0.037735849056603765,2026-08-07,,,,,,,,
BIB,2026-08-06,102.7,106.44,0.03641674780915283,2026-08-07,,,,,,,,
BIBL,2026-08-06,56.08,56.23,0.0026747503566333375,2026-08-07,,,,,,,,
BID,2026-08-06,9.85,9.86,0.0010152284263960087,2026-08-07,,,,,,,,
BIDD,2026-08-06,30.45,30.72,0.008866995073891548,2026-08-07,,,,,,,,
BIDG,2026-08-06,10.1,10.16,0.005940594059405946,2026-08-07,,,,,,,,
BIDU,2026-08-06,109.33,109.71,0.0034757157230402846,2026-08-07,,,,,,,,
BIGY,2026-08-06,52.39,52.65,0.00496277915632759,2026-08-07,,,,,,,,
BIIB,2026-08-06,206.28,207.94,0.008047314330036803,2026-08-07,,,,,,,,
BIII,2026-08-06,9.95,9.95,0.0,2026-08-07,,,,,,,,
BIL,2026-08-06,91.45,91.48,0.00032804811372333376,2026-08-07,,,,,,,,
BILD,2026-08-06,29.76,29.86,0.0033602150537632713,2026-08-07,,,,,,,,
BILI,2026-08-06,18.65,18.74,0.004825737265415464,2026-08-07,,,,,,,,
BILL,2026-08-06,47.0,47.99,0.02106382978723409,2026-08-07,,,,,,,,
BILS,2026-08-06,99.18,99.21,0.0003024803387778885,2026-08-07,,,,,,,,
BILT,2026-08-06,27.8,27.88,0.0028776978417266452,2026-08-07,,,,,,,,
BILZ,2026-08-06,100.7,100.73,0.000297914597815252,2026-08-07,,,,,,,,
BINC,2026-08-06,51.96,52.06,0.0019245573518091863,2026-08-07,,,,,,,,
BINT,2026-08-06,32.62,32.92,0.009196811771919222,2026-08-07,,,,,,,,
BINV,2026-08-06,45.49,45.95,0.01011211255220923,2026-08-07,,,,,,,,
BIO,2026-08-06,342.43,352.47,0.029319860993487712,2026-08-07,,,,,,,,
BIOA,2026-08-06,11.27,11.72,0.03992901508429458,2026-08-07,,,,,,,,
BIOT,2026-08-06,0.41,0.4,-0.024390243902438935,2026-08-07,,,,,,,,
BIOX,2026-08-06,0.36,0.34,-0.05555555555555547,2026-08-07,,,,,,,,
BIOY,2026-08-06,21.31,21.08,-0.010793054903801003,2026-08-07,,,,,,,,
BIP,2026-08-06,38.94,39.04,0.002568053415511029,2026-08-07,,,,,,,,
BIPC,2026-08-06,39.63,39.46,-0.00428967953570536,2026-08-07,,,,,,,,
BIRD,2026-08-06,2.4,2.53,0.054166666666666696,2026-08-07,,,,,,,,
BIRK,2026-08-06,37.2,38.45,0.03360215053763449,2026-08-07,,,,,,,,
BIS,2026-08-06,13.19,12.7,-0.0371493555724034,2026-08-07,,,,,,,,
BIT,2026-08-06,12.3,12.31,0.0008130081300812275,2026-08-07,,,,,,,,
BITA,2026-08-06,51.52,52.01,0.009510869565217295,2026-08-07,,,,,,,,
BITB,2026-08-06,34.95,35.24,0.00829756795422032,2026-08-07,,,,,,,,
BITC,2026-08-06,35.83,35.84,0.0002790957298355323,2026-08-07,,,,,,,,
BITI,2026-08-06,23.78,23.55,-0.009671993271656909,2026-08-07,,,,,,,,
BITO,2026-08-06,8.7,8.79,0.010344827586206806,2026-08-07,,,,,,,,
BITQ,2026-08-06,22.56,22.88,0.014184397163120588,2026-08-07,,,,,,,,
BITS,2026-08-06,55.79,56.23,0.007886718049829655,2026-08-07,,,,,,,,
BITU,2026-08-06,9.48,9.64,0.016877637130801704,2026-08-07,,,,,,,,
BITW,2026-08-06,41.37,41.7,0.007976794778825402,2026-08-07,,,,,,,,
BITX,2026-08-06,12.21,12.41,0.016380016380016293,2026-08-07,,,,,,,,
BITY,2026-08-06,25.68,25.93,0.009735202492211936,2026-08-07,,,,,,,,
BIV,2026-08-06,75.54,75.69,0.0019857029388401504,2026-08-07,,,,,,,,
BIVI,2026-08-06,1.35,1.0,-0.2592592592592593,2026-08-07,,,,,,,,
BIXI,2026-08-06,10.02,10.03,0.0009980039920158834,2026-08-07,,,,,,,,
BIYA,2026-08-06,2.83,2.78,-0.017667844522968323,2026-08-07,,,,,,,,
BIZD,2026-08-06,13.12,13.41,0.02210365853658547,2026-08-07,,,,,,,,
BJ,2026-08-06,97.18,96.48,-0.007203128215682253,2026-08-07,,,,,,,,
BJAN,2026-08-06,60.14,60.26,0.0019953441968738606,2026-08-07,,,,,,,,
BJDX,2026-08-06,1.15,1.07,-0.06956521739130417,2026-08-07,,,,,,,,
BJRI,2026-08-06,69.89,69.55,-0.004864787523250924,2026-08-07,,,,,,,,
BJUL,2026-08-06,55.4,55.61,0.003790613718411606,2026-08-07,,,,,,,,
BJUN,2026-08-06,49.68,49.89,0.004227053140096526,2026-08-07,,,,,,,,
BKAG,2026-08-06,41.29,41.38,0.002179704528941784,2026-08-07,,,,,,,,
BKCG,2026-08-06,39.57,39.84,0.006823351023502733,2026-08-07,,,,,,,,
BKCH,2026-08-06,64.15,65.23,0.016835541699142587,2026-08-07,,,,,,,,
BKCI,2026-08-06,54.59,55.11,0.009525554130793035,2026-08-07,,,,,,,,
BKD,2026-08-06,14.36,14.22,-0.00974930362116988,2026-08-07,,,,,,,,
BKDV,2026-08-06,34.67,34.88,0.006057109893279566,2026-08-07,,,,,,,,
BKE,2026-08-06,45.72,45.94,0.00481189851268593,2026-08-07,,,,,,,,
BKEM,2026-08-06,29.95,30.04,0.003005008347245486,2026-08-07,,,,,,,,
BKF,2026-08-06,41.1,41.39,0.007055961070559613,2026-08-07,,,,,,,,
BKFI,2026-08-06,23.51,23.56,0.002126754572522316,2026-08-07,,,,,,,,
BKGI,2026-08-06,44.7,44.71,0.00022371364653239745,2026-08-07,,,,,,,,
BKH,2026-08-06,72.75,74.65,0.026116838487972638,2026-08-07,,,,,,,,
BKHA,2026-08-06,12.59,11.78,-0.0643367752184274,2026-08-07,,,,,,,,
BKHY,2026-08-06,47.22,47.32,0.0021177467174926523,2026-08-07,,,,,,,,
BKIE,2026-08-06,34.5,34.91,0.011884057971014439,2026-08-07,,,,,,,,
BKKT,2026-08-06,7.12,7.53,0.057584269662921406,2026-08-07,,,,,,,,
BKLC,2026-08-06,49.06,49.41,0.007134121483897138,2026-08-07,,,,,,,,
BKLG,2026-08-06,25.73,25.93,0.007773027594248028,2026-08-07,,,,,,,,
BKLN,2026-08-06,20.5,20.5,0.0,2026-08-07,,,,,,,,
BKMC,2026-08-06,41.19,41.63,0.010682204418548391,2026-08-07,,,,,,,,
BKMI,2026-08-06,25.98,26.01,0.0011547344110856006,2026-08-07,,,,,,,,
BKMS,2026-08-06,25.41,25.42,0.00039354584809125903,2026-08-07,,,,,,,,
BKNG,2026-08-06,207.39,214.42,0.03389748782487101,2026-08-07,,,,,,,,
BKR,2026-08-06,62.75,61.55,-0.01912350597609569,2026-08-07,,,,,,,,
BKSE,2026-08-06,44.97,45.45,0.010673782521681163,2026-08-07,,,,,,,,
BKSY,2026-08-06,27.79,29.16,0.04929830874415253,2026-08-07,,,,,,,,
BKT,2026-08-06,10.46,10.52,0.005736137667303964,2026-08-07,,,,,,,,
BKTI,2026-08-06,78.01,77.72,-0.003717472118959231,2026-08-07,,,,,,,,
BKU,2026-08-06,46.63,46.46,-0.0036457216384302438,2026-08-07,,,,,,,,
BKUI,2026-08-06,49.6,49.62,0.0004032258064514682,2026-08-07,,,,,,,,
BKV,2026-08-06,24.0,24.46,0.019166666666666776,2026-08-07,,,,,,,,
BKYI,2026-08-06,3.98,4.03,0.012562814070351758,2026-08-07,,,,,,,,
BL,2026-08-06,30.0,29.55,-0.015000000000000013,2026-08-07,,,,,,,,
BLBD,2026-08-06,66.01,68.76,0.04166035449174377,2026-08-07,,,,,,,,
BLCK,2026-08-06,22.05,22.17,0.005442176870748439,2026-08-07,,,,,,,,
BLCO,2026-08-06,16.35,16.78,0.02629969418960232,2026-08-07,,,,,,,,
BLCR,2026-08-06,50.18,50.25,0.001394978078915976,2026-08-07,,,,,,,,
BLCV,2026-08-06,43.12,43.32,0.004638218923933346,2026-08-07,,,,,,,,
BLDG,2026-08-06,26.92,27.12,0.007429420505200568,2026-08-07,,,,,,,,
BLDP,2026-08-06,2.55,2.62,0.027450980392156987,2026-08-07,,,,,,,,
BLDR,2026-08-06,72.51,74.69,0.030064818645703983,2026-08-07,,,,,,,,
BLDX,2026-08-06,26.39,26.54,0.0056839712012124455,2026-08-07,,,,,,,,
BLES,2026-08-06,49.45,49.77,0.0064711830131445325,2026-08-07,,,,,,,,
BLFS,2026-08-06,33.93,34.66,0.02151488358384901,2026-08-07,,,,,,,,
BLGR,2026-08-06,32.59,32.83,0.007364222154034872,2026-08-07,,,,,,,,
BLIN,2026-08-06,1.08,1.14,0.05555555555555536,2026-08-07,,,,,,,,
BLIV,2026-08-06,2.38,2.6,0.09243697478991608,2026-08-07,,,,,,,,
BLK,2026-08-06,1129.3,1136.39,0.006278225449393604,2026-08-07,,,,,,,,
BLKB,2026-08-06,46.36,45.87,-0.010569456427955148,2026-08-07,,,,,,,,
BLLN,2026-08-06,91.65,93.39,0.01898527004909978,2026-08-07,,,,,,,,
BLMN,2026-08-06,10.88,10.95,0.006433823529411686,2026-08-07,,,,,,,,
BLND,2026-08-06,1.95,1.63,-0.16410256410256419,2026-08-07,,,,,,,,
BLNE,2026-08-06,1.01,1.01,0.0,2026-08-07,,,,,,,,
BLNK,2026-08-06,0.54,0.61,0.12962962962962954,2026-08-07,,,,,,,,
BLOK,2026-08-06,59.65,59.89,0.0040234702430848035,2026-08-07,,,,,,,,
BLOX,2026-08-06,13.23,13.05,-0.013605442176870763,2026-08-07,,,,,,,,
BLRK,2026-08-06,10.06,10.08,0.001988071570576455,2026-08-07,,,,,,,,
BLRX,2026-08-06,2.79,2.71,-0.028673835125448077,2026-08-07,,,,,,,,
BLSG,2026-08-06,1.57,1.64,0.04458598726114649,2026-08-07,,,,,,,,
BLSH,2026-08-06,23.04,23.62,0.02517361111111116,2026-08-07,,,,,,,,
BLST,2026-08-06,24.86,24.89,0.0012067578439260984,2026-08-07,,,,,,,,
BLTD,2026-08-06,24.46,24.53,0.002861815208503593,2026-08-07,,,,,,,,
BLTE,2026-08-06,160.67,163.05,0.014812970685255555,2026-08-07,,,,,,,,
BLUC,2026-08-06,31.99,32.23,0.007502344482650747,2026-08-07,,,,,,,,
BLUI,2026-08-06,25.7,25.72,0.0007782101167315147,2026-08-07,,,,,,,,
BLUW,2026-08-06,10.37,10.38,0.0009643201542912649,2026-08-07,,,,,,,,
BLUX,2026-08-06,32.62,32.88,0.007970570202330052,2026-08-07,,,,,,,,
BLV,2026-08-06,66.21,66.35,0.002114484216885648,2026-08-07,,,,,,,,
BLW,2026-08-06,12.54,12.62,0.006379585326953707,2026-08-07,,,,,,,,
BLX,2026-08-06,57.79,56.99,-0.013843225471534826,2026-08-07,,,,,,,,
BLZE,2026-08-06,18.11,18.82,0.039204859193815667,2026-08-07,,,,,,,,
BLZR,2026-08-06,10.15,10.16,0.0009852216748769127,2026-08-07,,,,,,,,
BMA,2026-08-06,86.2,83.65,-0.029582366589327114,2026-08-07,,,,,,,,
BMAR,2026-08-06,58.77,58.88,0.001871703249957557,2026-08-07,,,,,,,,
BMAY,2026-08-06,48.36,48.52,0.003308519437551727,2026-08-07,,,,,,,,
BMBL,2026-08-06,2.85,2.83,-0.007017543859649145,2026-08-07,,,,,,,,
BME,2026-08-06,43.5,44.11,0.014022988505747014,2026-08-07,,,,,,,,
BMEA,2026-08-06,1.25,1.26,0.008000000000000007,2026-08-07,,,,,,,,
BMED,2026-08-06,31.31,31.86,0.017566272756307955,2026-08-07,,,,,,,,
BMEZ,2026-08-06,15.71,15.97,0.01654996817313803,2026-08-07,,,,,,,,
BMGL,2026-08-06,5.7,5.78,0.01403508771929829,2026-08-07,,,,,,,,
BMHL,2026-08-06,5.64,5.79,0.02659574468085113,2026-08-07,,,,,,,,
BMI,2026-08-06,137.17,138.86,0.012320478238682098,2026-08-07,,,,,,,,
BMM,2026-08-06,5.96,5.8,-0.02684563758389269,2026-08-07,,,,,,,,
BMN,2026-08-06,25.24,25.33,0.0035657686212360318,2026-08-07,,,,,,,,
BMNG,2026-08-06,15.59,16.45,0.05516356638871067,2026-08-07,,,,,,,,
BMNR,2026-08-06,18.3,18.82,0.02841530054644803,2026-08-07,,,,,,,,
BMNU,2026-08-06,11.38,11.97,0.05184534270650265,2026-08-07,,,,,,,,
BMNZ,2026-08-06,12.61,11.92,-0.05471847739888969,2026-08-07,,,,,,,,
BMO,2026-08-06,180.82,181.55,0.0040371640305276735,2026-08-07,,,,,,,,
BMOP,2026-08-06,24.66,24.78,0.0048661800486617945,2026-08-07,,,,,,,,
BMR,2026-08-06,1.32,1.3,-0.015151515151515138,2026-08-07,,,,,,,,
BMRA,2026-08-06,1.6,1.61,0.006250000000000089,2026-08-07,,,,,,,,
BMRC,2026-08-06,28.73,28.37,-0.012530455969369969,2026-08-07,,,,,,,,
BMRN,2026-08-06,61.46,63.81,0.03823625122030583,2026-08-07,,,,,,,,
BMSI,2026-08-06,25.23,25.27,0.0015854141894569018,2026-08-07,,,,,,,,
BMVP,2026-08-06,54.14,54.26,0.0022164758034723953,2026-08-07,,,,,,,,
BMY,2026-08-06,64.15,64.72,0.008885424785658458,2026-08-07,,,,,,,,
BN,2026-08-06,43.98,44.08,0.002273760800363789,2026-08-07,,,,,,,,
BNAI,2026-08-06,13.8,14.07,0.019565217391304346,2026-08-07,,,,,,,,
BNAV,2026-08-06,25.19,25.34,0.005954743946010366,2026-08-07,,,,,,,,
BNC,2026-08-06,2.3,2.35,0.021739130434782705,2026-08-07,,,,,,,,
BND,2026-08-06,72.25,72.4,0.0020761245674740803,2026-08-07,,,,,,,,
BNDC,2026-08-06,21.81,21.77,-0.0018340210912425325,2026-08-07,,,,,,,,
BNDD,2026-08-06,96.29,95.58,-0.007373559040398825,2026-08-07,,,,,,,,
BNDI,2026-08-06,46.47,46.6,0.0027975037658705126,2026-08-07,,,,,,,,
BNDP,2026-08-06,73.15,73.25,0.0013670539986327945,2026-08-07,,,,,,,,
BNDS,2026-08-06,50.17,50.23,0.0011959338249949436,2026-08-07,,,,,,,,
BNDW,2026-08-06,67.58,67.69,0.0016277005031073433,2026-08-07,,,,,,,,
BNDX,2026-08-06,47.89,47.95,0.0012528711630821476,2026-08-07,,,,,,,,
BNDY,2026-08-06,24.74,24.8,0.0024252223120453387,2026-08-07,,,,,,,,
BNED,2026-08-06,12.64,12.8,0.012658227848101333,2026-08-07,,,,,,,,
BNGE,2026-08-06,31.78,32.5,0.02265575833857758,2026-08-07,,,,,,,,
BNGO,2026-08-06,1.1,1.16,0.05454545454545445,2026-08-07,,,,,,,,
BNKD,2026-08-06,27.27,27.06,-0.007700770077007757,2026-08-07,,,,,,,,
BNKK,2026-08-06,1.06,1.05,-0.009433962264150941,2026-08-07,,,,,,,,
BNKU,2026-08-06,45.18,45.63,0.009960159362549792,2026-08-07,,,,,,,,
BNL,2026-08-06,21.16,20.93,-0.010869565217391353,2026-08-07,,,,,,,,
BNMC,2026-08-06,36.31,38.26,0.05370421371522993,2026-08-07,,,,,,,,
BNO,2026-08-06,47.37,46.93,-0.009288579269579822,2026-08-07,,,,,,,,
BNOV,2026-08-06,48.88,49.12,0.004909983633387682,2026-08-07,,,,,,,,
BNR,2026-08-06,8.88,8.81,-0.007882882882882969,2026-08-07,,,,,,,,
BNRG,2026-08-06,0.39,0.38,-0.02564102564102566,2026-08-07,,,,,,,,
BNS,2026-08-06,88.32,88.85,0.006000905797101552,2026-08-07,,,,,,,,
BNT,2026-08-06,44.67,44.56,-0.002462502798298627,2026-08-07,,,,,,,,
BNTC,2026-08-06,13.13,13.63,0.03808073115003818,2026-08-07,,,,,,,,
BNTX,2026-08-06,91.19,93.67,0.027195964469788336,2026-08-07,,,,,,,,
BNY,2026-08-06,158.82,157.61,-0.0076186878226922605,2026-08-07,,,,,,,,
BNZI,2026-08-06,1.91,,,2026-08-07,,,,,,,,
BOAT,2026-08-06,43.65,44.39,0.01695303550973648,2026-08-07,,,,,,,,
BOBP,2026-08-06,29.82,29.99,0.0057008718980549045,2026-08-07,,,,,,,,
BOBS,2026-08-06,18.06,17.87,-0.01052048726467314,2026-08-07,,,,,,,,
BOC,2026-08-06,14.3,14.44,0.009790209790209614,2026-08-07,,,,,,,,
BOCT,2026-08-06,54.14,54.29,0.002770594754340605,2026-08-07,,,,,,,,
BODI,2026-08-06,9.99,10.33,0.03403403403403393,2026-08-07,,,,,,,,
BOE,2026-08-06,12.28,12.3,0.0016286644951140072,2026-08-07,,,,,,,,
BOEG,2026-08-06,15.03,15.3,0.017964071856287456,2026-08-07,,,,,,,,
BOEU,2026-08-06,37.93,38.6,0.017664118112312277,2026-08-07,,,,,,,,
BOF,2026-08-06,4.12,4.15,0.00728155339805836,2026-08-07,,,,,,,,
BOH,2026-08-06,79.02,79.28,0.003290306251581887,2026-08-07,,,,,,,,
BOIL,2026-08-06,18.74,19.12,0.020277481323372593,2026-08-07,,,,,,,,
BOKF,2026-08-06,144.47,143.8,-0.004637641032740225,2026-08-07,,,,,,,,
BOLD,2026-08-06,2.84,2.89,0.01760563380281699,2026-08-07,,,,,,,,
BOLT,2026-08-06,3.87,4.05,0.046511627906976605,2026-08-07,,,,,,,,
BON,2026-08-06,1.09,1.07,-0.01834862385321101,2026-08-07,,,,,,,,
BOND,2026-08-06,90.56,90.78,0.0024293286219081445,2026-08-07,,,,,,,,
BOOM,2026-08-06,7.52,7.66,0.018617021276595924,2026-08-07,,,,,,,,
BOOT,2026-08-06,164.04,163.6,-0.002682272616435055,2026-08-07,,,,,,,,
BORR,2026-08-06,3.88,3.86,-0.005154639175257714,2026-08-07,,,,,,,,
BOSC,2026-08-06,4.53,4.42,-0.02428256070640189,2026-08-07,,,,,,,,
BOT,2026-08-06,28.19,28.65,0.016317843206810734,2026-08-07,,,,,,,,
BOTJ,2026-08-06,27.09,27.25,0.005906238464377989,2026-08-07,,,,,,,,
BOTT,2026-08-06,45.16,45.18,0.0004428697962799433,2026-08-07,,,,,,,,
BOTZ,2026-08-06,36.94,37.61,0.018137520303194377,2026-08-07,,,,,,,,
BOUT,2026-08-06,46.17,46.42,0.005414771496642823,2026-08-07,,,,,,,,
BOW,2026-08-06,33.87,33.45,-0.012400354295836857,2026-08-07,,,,,,,,
BOX,2026-08-06,31.85,33.24,0.04364207221350069,2026-08-07,,,,,,,,
BOXA,2026-08-06,104.67,105.11,0.00420368778064395,2026-08-07,,,,,,,,
BOXL,2026-08-06,3.3,3.19,-0.033333333333333326,2026-08-07,,,,,,,,
BOXX,2026-08-06,117.72,117.75,0.00025484199796133034,2026-08-07,,,,,,,,
BP,2026-08-06,42.23,41.63,-0.014207909069381852,2026-08-07,,,,,,,,
BPAC,2026-08-06,10.17,10.15,-0.001966568338249708,2026-08-07,,,,,,,,
BPAY,2026-08-06,27.3,26.76,-0.01978021978021971,2026-08-07,,,,,,,,
BPH,2026-08-06,65.49,64.36,-0.017254542678271423,2026-08-07,,,,,,,,
BPI,2026-08-06,20.73,20.98,0.012059816690786374,2026-08-07,,,,,,,,
BPOP,2026-08-06,176.14,174.04,-0.011922334506642374,2026-08-07,,,,,,,,
BPRE,2026-08-06,12.77,13.02,0.019577133907595856,2026-08-07,,,,,,,,
BPRN,2026-08-06,42.24,42.12,-0.0028409090909091717,2026-08-07,,,,,,,,
BPRO,2026-08-06,20.06,20.67,0.03040877367896333,2026-08-07,,,,,,,,
BQ,2026-08-06,0.81,0.86,0.061728395061728225,2026-08-07,,,,,,,,
BR,2026-08-06,164.75,166.5,0.01062215477996964,2026-08-07,,,,,,,,
BRAG,2026-08-06,1.63,1.68,0.030674846625766916,2026-08-07,,,,,,,,
BRAI,2026-08-06,5.65,5.67,0.003539823008849474,2026-08-07,,,,,,,,
BRAZ,2026-08-06,30.7,30.43,-0.008794788273615572,2026-08-07,,,,,,,,
BRBI,2026-08-06,11.43,10.21,-0.10673665791776021,2026-08-07,,,,,,,,
BRBR,2026-08-06,12.11,11.56,-0.045417010734929764,2026-08-07,,,,,,,,
BRBS,2026-08-06,3.69,3.7,0.0027100271002711285,2026-08-07,,,,,,,,
BRC,2026-08-06,98.24,97.02,-0.012418566775244333,2026-08-07,,,,,,,,
BRCB,2026-08-06,7.51,7.35,-0.02130492676431428,2026-08-07,,,,,,,,
BRCC,2026-08-06,0.96,1.0,0.04166666666666674,2026-08-07,,,,,,,,
BRCE,2026-08-06,30.15,30.33,0.005970149253731405,2026-08-07,,,,,,,,
BREE,2026-08-06,26.58,26.63,0.0018811136192626865,2026-08-07,,,,,,,,
BREM,2026-08-06,50.75,50.87,0.002364532019704324,2026-08-07,,,,,,,,
BRES,2026-08-06,27.36,27.46,0.003654970760234022,2026-08-07,,,,,,,,
BREW,2026-08-06,26.71,26.91,0.007487832272557116,2026-08-07,,,,,,,,
BREZ,2026-08-06,9.97,9.95,-0.0020060180541626726,2026-08-07,,,,,,,,
BRF,2026-08-06,15.9,15.86,-0.002515723270440362,2026-08-07,,,,,,,,
BRFH,2026-08-06,1.77,1.84,0.039548022598870025,2026-08-07,,,,,,,,
BRHY,2026-08-06,50.85,50.92,0.0013765978367747955,2026-08-07,,,,,,,,
BRIA,2026-08-06,1.3,1.38,0.06153846153846132,2026-08-07,,,,,,,,
BRID,2026-08-06,6.29,6.22,-0.011128775834658211,2026-08-07,,,,,,,,
BRIE,2026-08-06,30.64,30.94,0.009791122715404832,2026-08-07,,,,,,,,
BRIF,2026-08-06,37.71,37.93,0.005833996287456955,2026-08-07,,,,,,,,
BRK-A,2026-08-06,786000.0,780086.0,-0.0075241730279898,2026-08-07,,,,,,,,
BRK-B,2026-08-06,524.61,521.8,-0.005356359962639057,2026-08-07,,,,,,,,
BRKC,2026-08-06,41.35,41.21,-0.0033857315598548876,2026-08-07,,,,,,,,
BRKH,2026-08-06,9.97,9.95,-0.0020060180541626726,2026-08-07,,,,,,,,
BRKL,2026-08-06,26.45,25.98,-0.01776937618147445,2026-08-07,,,,,,,,
BRKR,2026-08-06,51.27,53.41,0.041739808855080884,2026-08-07,,,,,,,,
BRKU,2026-08-06,25.01,24.63,-0.015193922431027684,2026-08-07,,,,,,,,
BRKW,2026-08-06,41.32,40.88,-0.010648596321393922,2026-08-07,,,,,,,,
BRLN,2026-08-06,50.74,50.49,-0.004927079227433961,2026-08-07,,,,,,,,
BRLS,2026-08-06,0.82,0.92,0.12195121951219523,2026-08-07,,,,,,,,
BRLT,2026-08-06,1.21,1.28,0.05785123966942152,2026-08-07,,,,,,,,
BRN,2026-08-06,1.01,0.98,-0.02970297029702973,2026-08-07,,,,,,,,
BRNS,2026-08-06,0.56,0.6,0.0714285714285714,2026-08-07,,,,,,,,
BRNY,2026-08-06,58.61,58.89,0.0047773417505545535,2026-08-07,,,,,,,,
BRO,2026-08-06,71.18,71.43,0.00351222253441974,2026-08-07,,,,,,,,
BROL,2026-08-06,25.88,26.23,0.013523956723338504,2026-08-07,,,,,,,,
BROS,2026-08-06,53.33,53.01,-0.006000375023438975,2026-08-07,,,,,,,,
BRR,2026-08-06,1.71,1.77,0.03508771929824572,2026-08-07,,,,,,,,
BRRR,2026-08-06,18.15,18.31,0.008815426997245135,2026-08-07,,,,,,,,
BRSL,2026-08-06,11.07,11.05,-0.0018066847335139746,2026-08-07,,,,,,,,
BRSM,2026-08-06,25.89,26.24,0.01351873310158358,2026-08-07,,,,,,,,
BRSP,2026-08-06,5.05,5.12,0.013861386138613874,2026-08-07,,,,,,,,
BRSV,2026-08-06,45.02,45.31,0.006441581519324835,2026-08-07,,,,,,,,
BRT,2026-08-06,14.42,14.41,-0.0006934812760055475,2026-08-07,,,,,,,,
BRTMU,2026-08-06,9.96,9.98,0.002008032128514081,2026-08-07,,,,,,,,
BRTR,2026-08-06,49.47,49.53,0.0012128562765312267,2026-08-07,,,,,,,,
BRTX,2026-08-06,0.21,0.2,-0.04761904761904756,2026-08-07,,,,,,,,
BRUN,2026-08-06,17.19,18.2,0.05875509016870262,2026-08-07,,,,,,,,
BRVE,2026-08-06,29.8,30.0,0.006711409395973034,2026-08-07,,,,,,,,
BRW,2026-08-06,6.69,6.67,-0.002989536621823663,2026-08-07,,,,,,,,
BRX,2026-08-06,30.15,30.37,0.007296849087893964,2026-08-07,,,,,,,,
BRZE,2026-08-06,25.71,26.54,0.03228315830416184,2026-08-07,,,,,,,,
BRZU,2026-08-06,94.72,92.26,-0.025971283783783772,2026-08-07,,,,,,,,
BRZX,2026-08-06,24.83,24.13,-0.02819170358437373,2026-08-07,,,,,,,,
BSAA,2026-08-06,11.16,11.51,0.03136200716845883,2026-08-07,,,,,,,,
BSAC,2026-08-06,35.7,35.16,-0.015126050420168236,2026-08-07,,,,,,,,
BSBK,2026-08-06,8.93,8.95,0.002239641657334701,2026-08-07,,,,,,,,
BSBR,2026-08-06,5.79,5.81,0.003454231433505983,2026-08-07,,,,,,,,
BSCA,2026-08-06,19.81,19.84,0.0015143866733973166,2026-08-07,,,,,,,,
BSCQ,2026-08-06,19.53,19.55,0.0010240655401945187,2026-08-07,,,,,,,,
BSCR,2026-08-06,19.62,19.64,0.0010193679918450993,2026-08-07,,,,,,,,
BSCS,2026-08-06,20.34,20.36,0.000983284169124854,2026-08-07,,,,,,,,
BSCT,2026-08-06,18.52,18.56,0.002159827213822796,2026-08-07,,,,,,,,
BSCU,2026-08-06,16.55,16.58,0.0018126888217522286,2026-08-07,,,,,,,,
BSCV,2026-08-06,16.26,16.31,0.0030750307503073504,2026-08-07,,,,,,,,
BSCW,2026-08-06,20.32,20.34,0.0009842519685039353,2026-08-07,,,,,,,,
BSCX,2026-08-06,20.81,20.83,0.0009610764055743015,2026-08-07,,,,,,,,
BSCY,2026-08-06,20.38,20.41,0.0014720314033367377,2026-08-07,,,,,,,,
BSCZ,2026-08-06,20.14,20.17,0.001489572989076482,2026-08-07,,,,,,,,
BSEP,2026-08-06,53.72,53.8,0.0014892032762472418,2026-08-07,,,,,,,,
BSET,2026-08-06,20.28,20.35,0.0034516765285996787,2026-08-07,,,,,,,,
BSGR,2026-08-06,25.03,25.06,0.001198561725928693,2026-08-07,,,,,,,,
BSGT,2026-08-06,25.0,25.04,0.0016000000000000458,2026-08-07,,,,,,,,
BSIN,2026-08-06,1.2,1.21,0.008333333333333304,2026-08-07,,,,,,,,
BSJQ,2026-08-06,22.91,22.92,0.00043649061545192325,2026-08-07,,,,,,,,
BSJR,2026-08-06,22.37,22.4,0.0013410818059900187,2026-08-07,,,,,,,,
BSJS,2026-08-06,21.77,21.78,0.0004593477262289092,2026-08-07,,,,,,,,
BSJT,2026-08-06,21.15,21.17,0.0009456264775415946,2026-08-07,,,,,,,,
BSJU,2026-08-06,25.75,25.8,0.001941747572815622,2026-08-07,,,,,,,,
BSJV,2026-08-06,26.09,26.15,0.002299731697968488,2026-08-07,,,,,,,,
BSJW,2026-08-06,25.28,25.32,0.0015822784810126667,2026-08-07,,,,,,,,
BSJX,2026-08-06,25.1,25.18,0.0031872509960158,2026-08-07,,,,,,,,
BSJY,2026-08-06,24.94,25.01,0.002806736166800272,2026-08-07,,,,,,,,
BSL,2026-08-06,13.02,13.05,0.0023041474654379446,2026-08-07,,,,,,,,
BSM,2026-08-06,14.18,14.1,-0.005641748942172065,2026-08-07,,,,,,,,
BSMC,2026-08-06,40.77,40.75,-0.0004905567819475376,2026-08-07,,,,,,,,
BSMQ,2026-08-06,23.55,23.57,0.000849256900212314,2026-08-07,,,,,,,,
BSMR,2026-08-06,23.66,23.69,0.001267962806424494,2026-08-07,,,,,,,,
BSMS,2026-08-06,23.37,23.41,0.001711596063328935,2026-08-07,,,,,,,,
BSMT,2026-08-06,23.01,23.02,0.0004345936549325913,2026-08-07,,,,,,,,
BSMU,2026-08-06,21.73,21.74,0.00046019328117807845,2026-08-07,,,,,,,,
BSMV,2026-08-06,20.81,20.85,0.001922152811148603,2026-08-07,,,,,,,,
BSMW,2026-08-06,24.78,24.86,0.0032284100080710587,2026-08-07,,,,,,,,
BSMY,2026-08-06,24.08,24.18,0.004152823920265947,2026-08-07,,,,,,,,
BSMZ,2026-08-06,25.03,25.1,0.0027966440271673942,2026-08-07,,,,,,,,
BSOL,2026-08-06,9.94,10.11,0.017102615694164935,2026-08-07,,,,,,,,
BSP,2026-08-06,45.15,44.45,-0.015503875968992165,2026-08-07,,,,,,,,
BSR,2026-08-06,30.59,30.81,0.007191892775416875,2026-08-07,,,,,,,,
BSRR,2026-08-06,40.87,40.5,-0.009053095179838433,2026-08-07,,,,,,,,
BSSX,2026-08-06,25.45,25.53,0.003143418467583592,2026-08-07,,,,,,,,
BST,2026-08-06,48.31,48.75,0.009107845166632211,2026-08-07,,,,,,,,
BSTP,2026-08-06,40.09,40.22,0.0032427039161884164,2026-08-07,,,,,,,,
BSTS,2026-08-06,25.02,25.06,0.0015987210231813709,2026-08-07,,,,,,,,
BSTU,2026-08-06,24.98,25.03,0.0020016012810248895,2026-08-07,,,,,,,,
BSTV,2026-08-06,24.96,25.01,0.0020032051282050656,2026-08-07,,,,,,,,
BSTZ,2026-08-06,29.56,30.08,0.017591339648173276,2026-08-07,,,,,,,,
BSV,2026-08-06,77.46,77.56,0.0012909888974956818,2026-08-07,,,,,,,,
BSVN,2026-08-06,50.35,50.57,0.0043694141012908805,2026-08-07,,,,,,,,
BSVO,2026-08-06,29.66,29.73,0.002360080917060081,2026-08-07,,,,,,,,
BSX,2026-08-06,49.3,49.31,0.00020283975659229903,2026-08-07,,,,,,,,
BSY,2026-08-06,35.36,35.21,-0.004242081447963786,2026-08-07,,,,,,,,
BTAI,2026-08-06,0.83,0.9,0.08433734939759052,2026-08-07,,,,,,,,
BTAL,2026-08-06,12.17,11.92,-0.020542317173377178,2026-08-07,,,,,,,,
BTBD,2026-08-06,1.22,1.22,0.0,2026-08-07,,,,,,,,
BTBT,2026-08-06,1.37,1.38,0.007299270072992581,2026-08-07,,,,,,,,
BTC,2026-08-06,28.47,28.73,0.009132420091324311,2026-08-07,,,,,,,,
BTCC,2026-08-06,13.15,13.2,0.0038022813688212143,2026-08-07,,,,,,,,
BTCI,2026-08-06,28.61,28.82,0.007340090877315575,2026-08-07,,,,,,,,
BTCK,2026-08-06,24.44,24.51,0.002864157119476296,2026-08-07,,,,,,,,
BTCL,2026-08-06,12.46,12.68,0.017656500802568198,2026-08-07,,,,,,,,
BTCO,2026-08-06,64.05,64.6,0.00858704137392663,2026-08-07,,,,,,,,
BTCS,2026-08-06,1.07,1.11,0.03738317757009346,2026-08-07,,,,,,,,
BTCT,2026-08-06,0.5,0.49,-0.020000000000000018,2026-08-07,,,,,,,,
BTCU,2026-08-06,16.99,17.26,0.015891701000588787,2026-08-07,,,,,,,,
BTCW,2026-08-06,68.09,68.66,0.00837127331473031,2026-08-07,,,,,,,,
BTCZ,2026-08-06,5.4,5.32,-0.014814814814814836,2026-08-07,,,,,,,,
BTDL,2026-08-06,16.42,17.47,0.06394640682094987,2026-08-07,,,,,,,,
BTDR,2026-08-06,10.52,10.88,0.034220532319391817,2026-08-07,,,,,,,,
BTE,2026-08-06,4.14,4.18,0.009661835748792313,2026-08-07,,,,,,,,
BTF,2026-08-06,17.56,17.34,-0.01252847380410016,2026-08-07,,,,,,,,
BTG,2026-08-06,4.09,5.03,0.22982885085574578,2026-08-07,,,,,,,,
BTGD,2026-08-06,22.01,22.67,0.02998636983189451,2026-08-07,,,,,,,,
BTGO,2026-08-06,4.99,5.06,0.014028056112224352,2026-08-07,,,,,,,,
BTI,2026-08-06,58.73,59.33,0.010216243827686045,2026-08-07,,,,,,,,
BTMD,2026-08-06,1.63,1.48,-0.09202453987730053,2026-08-07,,,,,,,,
BTO,2026-08-06,40.38,40.54,0.003962357602773636,2026-08-07,,,,,,,,
BTOC,2026-08-06,0.28,0.29,0.03571428571428559,2026-08-07,,,,,,,,
BTOG,2026-08-06,0.8,0.82,0.02499999999999991,2026-08-07,,,,,,,,
BTOT,2026-08-06,48.84,48.94,0.0020475020475019257,2026-08-07,,,,,,,,
BTQ,2026-08-06,4.0,4.1,0.02499999999999991,2026-08-07,,,,,,,,
BTR,2026-08-06,28.13,28.3,0.006043370067543519,2026-08-07,,,,,,,,
BTRN,2026-08-06,24.69,24.72,0.0012150668286754485,2026-08-07,,,,,,,,
BTSG,2026-08-06,60.6,62.43,0.030198019801980225,2026-08-07,,,,,,,,
BTT,2026-08-06,22.52,22.6,0.00355239786856143,2026-08-07,,,,,,,,
BTTC,2026-08-06,0.76,0.8,0.05263157894736836,2026-08-07,,,,,,,,
BTU,2026-08-06,23.52,23.81,0.012329931972788977,2026-08-07,,,,,,,,
BTX,2026-08-06,8.41,8.58,0.02021403091557672,2026-08-07,,,,,,,,
BTZ,2026-08-06,10.15,10.24,0.008866995073891548,2026-08-07,,,,,,,,
BUCK,2026-08-06,23.33,23.4,0.0030004286326619223,2026-08-07,,,,,,,,
BUD,2026-08-06,83.97,83.76,-0.0025008931761342224,2026-08-07,,,,,,,,
BUDA,2026-08-06,8.0,8.1,0.012499999999999956,2026-08-07,,,,,,,,
BUFB,2026-08-06,40.14,40.2,0.001494768310911887,2026-08-07,,,,,,,,
BUFC,2026-08-06,43.15,43.19,0.0009269988412514696,2026-08-07,,,,,,,,
BUFD,2026-08-06,30.19,30.24,0.001656177542232351,2026-08-07,,,,,,,,
BUFE,2026-08-06,21.26,21.4,0.0065851364063969076,2026-08-07,,,,,,,,
BUFF,2026-08-06,53.52,53.57,0.0009342301943198184,2026-08-07,,,,,,,,
BUFG,2026-08-06,29.82,29.92,0.0033534540576793948,2026-08-07,,,,,,,,
BUFH,2026-08-06,21.57,21.58,0.00046360686138147145,2026-08-07,,,,,,,,
BUFI,2026-08-06,43.14,43.33,0.004404265183124645,2026-08-07,,,,,,,,
BUFM,2026-08-06,41.14,41.24,0.002430724355858116,2026-08-07,,,,,,,,
BUFP,2026-08-06,32.66,32.71,0.0015309246785060182,2026-08-07,,,,,,,,
BUFQ,2026-08-06,39.29,39.53,0.006108424535505197,2026-08-07,,,,,,,,
BUFR,2026-08-06,37.24,37.33,0.0024167561761545553,2026-08-07,,,,,,,,
BUFS,2026-08-06,25.28,25.36,0.0031645569620253333,2026-08-07,,,,,,,,
BUFT,2026-08-06,26.23,26.23,0.0,2026-08-07,,,,,,,,
BUFX,2026-08-06,22.46,22.48,0.0008904719501334757,2026-08-07,,,,,,,,
BUFY,2026-08-06,23.85,23.95,0.00419287211740027,2026-08-07,,,,,,,,
BUFZ,2026-08-06,28.35,28.42,0.0024691358024691024,2026-08-07,,,,,,,,
BUG,2026-08-06,40.72,41.68,0.023575638506876162,2026-08-07,,,,,,,,
BUI,2026-08-06,26.99,26.95,-0.0014820303816227565,2026-08-07,,,,,,,,
BUL,2026-08-06,62.96,64.63,0.026524777636594665,2026-08-07,,,,,,,,
BULD,2026-08-06,36.31,36.92,0.016799779675020554,2026-08-07,,,,,,,,
BULG,2026-08-06,37.71,38.49,0.020684168655529023,2026-08-07,,,,,,,,
BULL,2026-08-06,7.22,7.32,0.013850415512465464,2026-08-07,,,,,,,,
BULZ,2026-08-06,35.44,36.64,0.033860045146727025,2026-08-07,,,,,,,,
BUR,2026-08-06,4.3,4.42,0.027906976744185963,2026-08-07,,,,,,,,
BURL,2026-08-06,371.15,368.96,-0.005900579280614271,2026-08-07,,,,,,,,
BUSA,2026-08-06,41.39,41.51,0.002899251026817984,2026-08-07,,,,,,,,
BUSE,2026-08-06,31.09,30.98,-0.0035381151495658125,2026-08-07,,,,,,,,
BUSM,2026-08-06,17.18,17.51,0.019208381839348254,2026-08-07,,,,,,,,
BUUU,2026-08-06,26.05,26.49,0.016890595009596776,2026-08-07,,,,,,,,
BUXX,2026-08-06,20.21,20.22,0.0004948045522017441,2026-08-07,,,,,,,,
BUYB,2026-08-06,43.93,44.07,0.0031868882312771074,2026-08-07,,,,,,,,
BUYO,2026-08-06,33.7,34.18,0.014243323442136413,2026-08-07,,,,,,,,
BUYW,2026-08-06,14.57,14.52,-0.0034317089910775866,2026-08-07,,,,,,,,
BUYZ,2026-08-06,36.17,36.86,0.019076582803428277,2026-08-07,,,,,,,,
BUZZ,2026-08-06,34.86,35.75,0.025530694205393,2026-08-07,,,,,,,,
BV,2026-08-06,10.94,11.45,0.046617915904936025,2026-08-07,,,,,,,,
BVAL,2026-08-06,32.01,32.18,0.005310840362386715,2026-08-07,,,,,,,,
BVC,2026-08-06,10.74,12.55,0.16852886405959033,2026-08-07,,,,,,,,
BVFL,2026-08-06,21.31,21.43,0.00563115908024403,2026-08-07,,,,,,,,
BVN,2026-08-06,32.56,34.15,0.0488329238329237,2026-08-07,,,,,,,,
BVS,2026-08-06,13.98,14.12,0.010014306151645114,2026-08-07,,,,,,,,
BW,2026-08-06,9.38,9.37,-0.0010660980810236476,2026-08-07,,,,,,,,
BWA,2026-08-06,65.8,68.42,0.03981762917933129,2026-08-07,,,,,,,,
BWAY,2026-08-06,15.65,15.5,-0.009584664536741228,2026-08-07,,,,,,,,
BWB,2026-08-06,21.24,21.64,0.018832391713747842,2026-08-07,,,,,,,,
BWEN,2026-08-06,4.47,4.66,0.04250559284116351,2026-08-07,,,,,,,,
BWET,2026-08-06,268.0,287.2,0.07164179104477597,2026-08-07,,,,,,,,
BWFG,2026-08-06,66.87,66.9,0.0004486316733962603,2026-08-07,,,,,,,,
BWG,2026-08-06,7.76,7.79,0.0038659793814432852,2026-08-07,,,,,,,,
BWIN,2026-08-06,28.6,29.54,0.03286713286713283,2026-08-07,,,,,,,,
BWIV,2026-08-06,9.92,9.92,0.0,2026-08-07,,,,,,,,
BWLP,2026-08-06,21.58,21.75,0.007877664504170712,2026-08-07,,,,,,,,
BWMN,2026-08-06,26.95,27.23,0.010389610389610393,2026-08-07,,,,,,,,
BWMX,2026-08-06,16.69,16.72,0.0017974835230676334,2026-08-07,,,,,,,,
BWOW,2026-08-06,11.28,11.45,0.01507092198581561,2026-08-07,,,,,,,,
BWQG,2026-08-06,25.3,25.57,0.010671936758893219,2026-08-07,,,,,,,,
BWTG,2026-08-06,42.79,42.95,0.003739191399859898,2026-08-07,,,,,,,,
BWX,2026-08-06,21.86,21.99,0.005946935041170942,2026-08-07,,,,,,,,
BWXT,2026-08-06,166.7,169.9,0.019196160767846582,2026-08-07,,,,,,,,
BWZ,2026-08-06,27.15,27.27,0.0044198895027625085,2026-08-07,,,,,,,,
BX,2026-08-06,133.45,137.13,0.027575871112776484,2026-08-07,,,,,,,,
BXBL,2026-08-06,4.27,4.57,0.07025761124121788,2026-08-07,,,,,,,,
BXC,2026-08-06,85.4,89.88,0.052459016393442415,2026-08-07,,,,,,,,
BXDC,2026-08-06,19.79,20.0,0.010611419909045017,2026-08-07,,,,,,,,
BXMT,2026-08-06,13.84,14.15,0.02239884393063596,2026-08-07,,,,,,,,
BXP,2026-08-06,68.81,69.71,0.013079494259555124,2026-08-07,,,,,,,,
BXSL,2026-08-06,24.15,24.54,0.016149068322981464,2026-08-07,,,,,,,,
BY,2026-08-06,39.31,38.83,-0.012210633426609108,2026-08-07,,,,,,,,
BYAH,2026-08-06,3.22,3.14,-0.024844720496894457,2026-08-07,,,,,,,,
BYD,2026-08-06,84.12,83.42,-0.008321445553970519,2026-08-07,,,,,,,,
BYFC,2026-08-06,10.63,11.13,0.0470366886171214,2026-08-07,,,,,,,,
BYLD,2026-08-06,22.31,22.35,0.0017929179740028278,2026-08-07,,,,,,,,
BYND,2026-08-06,0.53,0.54,0.018867924528301883,2026-08-07,,,,,,,,
BYRE,2026-08-06,27.48,27.65,0.006186317321688506,2026-08-07,,,,,,,,
BYRN,2026-08-06,4.36,4.45,0.020642201834862428,2026-08-07,,,,,,,,
BYSI,2026-08-06,0.87,0.87,0.0,2026-08-07,,,,,,,,
BZ,2026-08-06,16.09,16.47,0.023617153511497735,2026-08-07,,,,,,,,
BZAI,2026-08-06,0.97,1.1,0.13402061855670122,2026-08-07,,,,,,,,
BZFD,2026-08-06,1.13,1.16,0.026548672566371723,2026-08-07,,,,,,,,
BZH,2026-08-06,33.46,33.18,-0.008368200836820106,2026-08-07,,,,,,,,
BZQ,2026-08-06,21.45,21.92,0.021911421911422035,2026-08-07,,,,,,,,
BZUN,2026-08-06,2.9,2.96,0.020689655172413834,2026-08-07,,,,,,,,
BZZ,2026-08-06,25.67,26.44,0.029996104402025603,2026-08-07,,,,,,,,
C,2026-08-06,133.82,135.0,0.008817814975339955,2026-08-07,,,,,,,,
CAAA,2026-08-06,20.17,20.2,0.0014873574615765772,2026-08-07,,,,,,,,
CAAP,2026-08-06,26.14,25.08,-0.040550879877582324,2026-08-07,,,,,,,,
CAAS,2026-08-06,4.52,4.42,-0.022123893805309658,2026-08-07,,,,,,,,
CABA,2026-08-06,2.76,2.79,0.010869565217391353,2026-08-07,,,,,,,,
CABO,2026-08-06,44.48,37.32,-0.16097122302158262,2026-08-07,,,,,,,,
CABR,2026-08-06,1.61,1.34,-0.16770186335403725,2026-08-07,,,,,,,,
CABZ,2026-08-06,22.48,23.16,0.030249110320284656,2026-08-07,,,,,,,,
CAC,2026-08-06,58.71,57.79,-0.01567024357009028,2026-08-07,,,,,,,,
CACC,2026-08-06,581.3,585.58,0.0073628075004301685,2026-08-07,,,,,,,,
CACI,2026-08-06,628.79,644.43,0.024873169102562098,2026-08-07,,,,,,,,
CADL,2026-08-06,10.58,10.59,0.000945179584120881,2026-08-07,,,,,,,,
CAE,2026-08-06,26.78,27.19,0.015309932785660951,2026-08-07,,,,,,,,
CAES,2026-08-06,10.08,10.07,-0.0009920634920634885,2026-08-07,,,,,,,,
CAF,2026-08-06,19.25,19.46,0.01090909090909098,2026-08-07,,,,,,,,
CAFG,2026-08-06,33.93,34.41,0.014146772767462235,2026-08-07,,,,,,,,
CAFX,2026-08-06,24.52,24.55,0.0012234910277324484,2026-08-07,,,,,,,,
CAG,2026-08-06,14.85,15.11,0.017508417508417473,2026-08-07,,,,,,,,
CAGE,2026-08-06,29.08,29.29,0.007221458046767548,2026-08-07,,,,,,,,
CAH,2026-08-06,237.66,236.4,-0.0053016914920474,2026-08-07,,,,,,,,
CAI,2026-08-06,20.0,22.74,0.137,2026-08-07,,,,,,,,
CAIE,2026-08-06,27.21,27.36,0.005512679162072764,2026-08-07,,,,,,,,
CAII,2026-08-06,9.96,9.96,0.0,2026-08-07,,,,,,,,
CAIQ,2026-08-06,25.78,25.97,0.007370054305663176,2026-08-07,,,,,,,,
CAKE,2026-08-06,107.31,107.05,-0.0024228869630044114,2026-08-07,,,,,,,,
CAL,2026-08-06,14.46,14.5,0.0027662517289073207,2026-08-07,,,,,,,,
CALC,2026-08-06,0.71,0.69,-0.028169014084507116,2026-08-07,,,,,,,,
CALF,2026-08-06,55.1,56.28,0.021415607985481033,2026-08-07,,,,,,,,
CALI,2026-08-06,50.37,50.36,-0.0001985308715505285,2026-08-07,,,,,,,,
CALM,2026-08-06,84.85,85.08,0.0027106658809663564,2026-08-07,,,,,,,,
CALX,2026-08-06,37.48,37.98,0.013340448239060887,2026-08-07,,,,,,,,
CALY,2026-08-06,17.38,17.59,0.012082853855005737,2026-08-07,,,,,,,,
CAM,2026-08-06,24.86,24.9,0.0016090104585679832,2026-08-07,,,,,,,,
CAMC,2026-08-06,17.89,19.04,0.0642817216321967,2026-08-07,,,,,,,,
CAML,2026-08-06,41.09,41.5,0.009978096860549845,2026-08-07,,,,,,,,
CAMP,2026-08-06,4.5,4.24,-0.057777777777777706,2026-08-07,,,,,,,,
CAMT,2026-08-06,149.67,155.35,0.037950157012093255,2026-08-07,,,,,,,,
CAMX,2026-08-06,35.54,35.93,0.01097355092853114,2026-08-07,,,,,,,,
CAN,2026-08-06,0.19,0.21,0.10526315789473673,2026-08-07,,,,,,,,
CANC,2026-08-06,41.91,42.77,0.020520162252445795,2026-08-07,,,,,,,,
CANE,2026-08-06,10.2,10.65,0.044117647058823595,2026-08-07,,,,,,,,
CANF,2026-08-06,3.56,3.44,-0.03370786516853941,2026-08-07,,,,,,,,
CANG,2026-08-06,1.59,1.67,0.05031446540880502,2026-08-07,,,,,,,,
CANQ,2026-08-06,30.43,30.66,0.007558330594807705,2026-08-07,,,,,,,,
CAOS,2026-08-06,90.37,90.44,0.0007745933384972759,2026-08-07,,,,,,,,
CAPE,2026-08-06,33.11,33.39,0.008456659619450413,2026-08-07,,,,,,,,
CAPL,2026-08-06,21.7,21.41,-0.013364055299539102,2026-08-07,,,,,,,,
CAPN,2026-08-06,11.17,11.12,-0.004476275738585556,2026-08-07,,,,,,,,
CAPR,2026-08-06,4.18,4.09,-0.021531100478468845,2026-08-07,,,,,,,,
CAPS,2026-08-06,0.27,0.28,0.03703703703703698,2026-08-07,,,,,,,,
CAQ,2026-08-06,9.95,9.96,0.0010050251256283893,2026-08-07,,,,,,,,
CAR,2026-08-06,138.35,142.18,0.027683411637152266,2026-08-07,,,,,,,,
CARD,2026-08-06,2.37,2.27,-0.04219409282700426,2026-08-07,,,,,,,,
CARE,2026-08-06,33.9,33.0,-0.02654867256637161,2026-08-07,,,,,,,,
CARG,2026-08-06,36.38,38.99,0.07174271577790003,2026-08-07,,,,,,,,
CARK,2026-08-06,48.48,48.79,0.006394389438943993,2026-08-07,,,,,,,,
CARL,2026-08-06,13.7,13.82,0.008759124087591275,2026-08-07,,,,,,,,
CARR,2026-08-06,63.96,64.01,0.0007817385866166759,2026-08-07,,,,,,,,
CARS,2026-08-06,11.74,12.32,0.049403747870528036,2026-08-07,,,,,,,,
CART,2026-08-06,45.03,50.17,0.1141461248056852,2026-08-07,,,,,,,,
CARU,2026-08-06,23.37,24.42,0.0449293966623876,2026-08-07,,,,,,,,
CARX,2026-08-06,23.18,28.34,0.2226056945642796,2026-08-07,,,,,,,,
CARY,2026-08-06,20.67,20.68,0.0004837929366230398,2026-08-07,,,,,,,,
CARZ,2026-08-06,105.93,107.63,0.016048333805342985,2026-08-07,,,,,,,,
CAS,2026-08-06,26.1,26.68,0.022222222222222143,2026-08-07,,,,,,,,
CASH,2026-08-06,88.63,86.85,-0.020083493173868927,2026-08-07,,,,,,,,
CASS,2026-08-06,58.09,57.99,-0.0017214666896195885,2026-08-07,,,,,,,,
CAST,2026-08-06,1.23,1.24,0.008130081300812941,2026-08-07,,,,,,,,
CASY,2026-08-06,832.42,833.95,0.0018380144638525664,2026-08-07,,,,,,,,
CAT,2026-08-06,856.96,842.19,-0.01723534353995515,2026-08-07,,,,,,,,
CATF,2026-08-06,49.38,49.53,0.0030376670716889542,2026-08-07,,,,,,,,
CATG,2026-08-06,11.9,11.47,-0.03613445378151259,2026-08-07,,,,,,,,
CATH,2026-08-06,91.53,92.13,0.006555227794165841,2026-08-07,,,,,,,,
CATLU,2026-08-06,9.97,9.98,0.0010030090270811698,2026-08-07,,,,,,,,
CATO,2026-08-06,3.3,3.31,0.003030303030303161,2026-08-07,,,,,,,,
CATX,2026-08-06,2.97,3.0,0.010101010101009944,2026-08-07,,,,,,,,
CATY,2026-08-06,63.71,63.41,-0.0047088369172815225,2026-08-07,,,,,,,,
CAUG,2026-08-06,25.26,25.32,0.002375296912114022,2026-08-07,,,,,,,,
CAVA,2026-08-06,62.23,62.42,0.0030531897798489194,2026-08-07,,,,,,,,
CB,2026-08-06,354.03,350.31,-0.010507584103041978,2026-08-07,,,,,,,,
CBAN,2026-08-06,22.03,22.01,-0.0009078529278256919,2026-08-07,,,,,,,,
CBAT,2026-08-06,0.6,0.65,0.08333333333333348,2026-08-07,,,,,,,,
CBC,2026-08-06,33.31,33.51,0.006004202942059278,2026-08-07,,,,,,,,
CBFV,2026-08-06,37.26,37.95,0.0185185185185186,2026-08-07,,,,,,,,
CBIL,2026-08-06,25.04,25.05,0.0003993610223642641,2026-08-07,,,,,,,,
CBIO,2026-08-06,16.43,16.84,0.024954351795495988,2026-08-07,,,,,,,,
CBK,2026-08-06,35.19,35.06,-0.003694231315714558,2026-08-07,,,,,,,,
CBL,2026-08-06,54.31,56.55,0.041244706315595625,2026-08-07,,,,,,,,
CBLL,2026-08-06,18.25,18.81,0.030684931506849145,2026-08-07,,,,,,,,
CBLS,2026-08-06,30.39,30.78,0.012833168805528095,2026-08-07,,,,,,,,
CBNA,2026-08-06,48.01,46.66,-0.028119141845448947,2026-08-07,,,,,,,,
CBNK,2026-08-06,37.82,37.78,-0.0010576414595452333,2026-08-07,,,,,,,,
CBOA,2026-08-06,24.24,24.29,0.0020627062706271015,2026-08-07,,,,,,,,
CBOE,2026-08-06,289.17,286.58,-0.008956669087388125,2026-08-07,,,,,,,,
CBOJ,2026-08-06,23.69,23.7,0.00042211903756861346,2026-08-07,,,,,,,,
CBOL,2026-08-06,23.5,23.52,0.0008510638297871687,2026-08-07,,,,,,,,
CBON,2026-08-06,23.94,23.95,0.0004177109440266502,2026-08-07,,,,,,,,
CBOO,2026-08-06,24.57,24.58,0.0004070004070002575,2026-08-07,,,,,,,,
CBOT,2026-08-06,25.13,25.64,0.020294468762435347,2026-08-07,,,,,,,,
CBOX,2026-08-06,101.16,101.24,0.0007908264136022858,2026-08-07,,,,,,,,
CBOY,2026-08-06,24.55,24.58,0.0012219959266801528,2026-08-07,,,,,,,,
CBRE,2026-08-06,147.45,148.18,0.004950830790098504,2026-08-07,,,,,,,,
CBRG,2026-08-06,4.47,5.13,0.1476510067114094,2026-08-07,,,,,,,,
CBRL,2026-08-06,58.22,57.79,-0.007385778083132899,2026-08-07,,,,,,,,
CBRS,2026-08-06,211.3,226.73,0.07302413629910065,2026-08-07,,,,,,,,
CBRX,2026-08-06,13.19,15.15,0.14859742228961337,2026-08-07,,,,,,,,
CBRZ,2026-08-06,11.09,9.42,-0.15058611361587015,2026-08-07,,,,,,,,
CBSE,2026-08-06,47.4,47.99,0.012447257383966237,2026-08-07,,,,,,,,
CBSH,2026-08-06,59.13,59.08,-0.0008455944529004444,2026-08-07,,,,,,,,
CBT,2026-08-06,87.55,87.62,0.0007995431182181711,2026-08-07,,,,,,,,
CBTA,2026-08-06,21.02,21.17,0.007136060894386453,2026-08-07,,,,,,,,
CBTJ,2026-08-06,17.72,17.81,0.005079006772009009,2026-08-07,,,,,,,,
CBTL,2026-08-06,17.72,17.8,0.004514672686230403,2026-08-07,,,,,,,,
CBTO,2026-08-06,19.74,19.77,0.001519756838905817,2026-08-07,,,,,,,,
CBTY,2026-08-06,19.8,19.92,0.0060606060606061,2026-08-07,,,,,,,,
CBU,2026-08-06,65.32,64.85,-0.007195345988977309,2026-08-07,,,,,,,,
CBUS,2026-08-06,1.87,1.81,-0.03208556149732622,2026-08-07,,,,,,,,
CBXA,2026-08-06,21.47,21.57,0.004657661853749495,2026-08-07,,,,,,,,
CBXJ,2026-08-06,20.02,20.06,0.0019980019980019303,2026-08-07,,,,,,,,
CBXL,2026-08-06,19.96,20.02,0.0030060120240480437,2026-08-07,,,,,,,,
CBXO,2026-08-06,22.13,22.14,0.0004518752824220762,2026-08-07,,,,,,,,
CBXY,2026-08-06,22.19,22.29,0.0045065344749886105,2026-08-07,,,,,,,,
CBZ,2026-08-06,54.49,54.5,0.0001835199119104569,2026-08-07,,,,,,,,
CC,2026-08-06,15.11,15.75,0.04235605559232303,2026-08-07,,,,,,,,
CCAP,2026-08-06,11.77,11.77,0.0,2026-08-07,,,,,,,,
CCAQ,2026-08-06,10.46,10.47,0.0009560229445506607,2026-08-07,,,,,,,,
CCB,2026-08-06,43.93,45.34,0.03209651718643314,2026-08-07,,,,,,,,
CCBG,2026-08-06,52.26,52.01,-0.004783773440489858,2026-08-07,,,,,,,,
CCC,2026-08-06,6.5,6.92,0.06461538461538452,2026-08-07,,,,,,,,
CCCC,2026-08-06,3.64,3.73,0.024725274725274637,2026-08-07,,,,,,,,
CCCT,2026-08-06,9.83,9.83,0.0,2026-08-07,,,,,,,,
CCD,2026-08-06,25.48,25.97,0.019230769230769162,2026-08-07,,,,,,,,
CCEC,2026-08-06,22.75,22.37,-0.016703296703296622,2026-08-07,,,,,,,,
CCEF,2026-08-06,29.52,29.64,0.004065040650406582,2026-08-07,,,,,,,,
CCEL,2026-08-06,3.57,3.6,0.008403361344537785,2026-08-07,,,,,,,,
CCEP,2026-08-06,108.25,108.29,0.00036951501154747213,2026-08-07,,,,,,,,
CCFE,2026-08-06,27.8,28.54,0.02661870503597119,2026-08-07,,,,,,,,
CCG,2026-08-06,13.3,14.04,0.05563909774436082,2026-08-07,,,,,,,,
CCHH,2026-08-06,1.29,1.26,-0.023255813953488413,2026-08-07,,,,,,,,
CCI,2026-08-06,74.92,75.59,0.0089428723972238,2026-08-07,,,,,,,,
CCIF,2026-08-06,2.8,2.84,0.014285714285714235,2026-08-07,,,,,,,,
CCII,2026-08-06,10.32,10.32,0.0,2026-08-07,,,,,,,,
CCIX,2026-08-06,10.88,10.88,0.0,2026-08-07,,,,,,,,
CCJ,2026-08-06,93.62,97.39,0.04026917325357826,2026-08-07,,,,,,,,
CCK,2026-08-06,121.1,120.69,-0.0033856317093311494,2026-08-07,,,,,,,,
CCL,2026-08-06,28.79,28.99,0.006946856547412228,2026-08-07,,,,,,,,
CCLD,2026-08-06,2.32,2.63,0.13362068965517238,2026-08-07,,,,,,,,
CCM,2026-08-06,4.96,4.53,-0.08669354838709675,2026-08-07,,,,,,,,
CCNE,2026-08-06,35.14,34.61,-0.015082527034718352,2026-08-07,,,,,,,,
CCNR,2026-08-06,38.99,39.68,0.017696845344960188,2026-08-07,,,,,,,,
CCO,2026-08-06,2.41,2.42,0.004149377593360981,2026-08-07,,,,,,,,
CCOI,2026-08-06,10.91,9.92,-0.09074243813015581,2026-08-07,,,,,,,,
CCOM,2026-08-06,23.62,23.45,-0.0071972904318374775,2026-08-07,,,,,,,,
CCOR,2026-08-06,26.51,26.46,-0.0018860807242550015,2026-08-07,,,,,,,,
CCPX,2026-08-06,24.24,24.5,0.010726072607260884,2026-08-07,,,,,,,,
CCRP,2026-08-06,19.38,19.42,0.002063983488132193,2026-08-07,,,,,,,,
CCS,2026-08-06,68.91,71.31,0.03482803656943845,2026-08-07,,,,,,,,
CCSB,2026-08-06,19.85,19.89,0.00201511335012583,2026-08-07,,,,,,,,
CCSI,2026-08-06,37.33,35.14,-0.05866595231717109,2026-08-07,,,,,,,,
CCSO,2026-08-06,27.12,27.61,0.01806784660766958,2026-08-07,,,,,,,,
CCTG,2026-08-06,0.7,0.7,0.0,2026-08-07,,,,,,,,
CCU,2026-08-06,11.95,11.95,0.0,2026-08-07,,,,,,,,
CCUP,2026-08-06,1.41,1.57,0.1134751773049647,2026-08-07,,,,,,,,
CCXI,2026-08-06,16.4,16.61,0.01280487804878061,2026-08-07,,,,,,,,
CD,2026-08-06,3.05,2.65,-0.13114754098360648,2026-08-07,,,,,,,,
CDC,2026-08-06,76.25,76.47,0.0028852459016392995,2026-08-07,,,,,,,,
CDE,2026-08-06,15.65,17.39,0.11118210862619815,2026-08-07,,,,,,,,
CDEI,2026-08-06,94.04,94.49,0.004785197788175211,2026-08-07,,,,,,,,
CDIG,2026-08-06,25.68,26.09,0.015965732087227513,2026-08-07,,,,,,,,
CDIO,2026-08-06,1.66,1.79,0.07831325301204828,2026-08-07,,,,,,,,
CDL,2026-08-06,79.56,79.78,0.002765208647561579,2026-08-07,,,,,,,,
CDLR,2026-08-06,23.02,23.64,0.02693310165073859,2026-08-07,,,,,,,,
CDLX,2026-08-06,3.52,3.65,0.03693181818181812,2026-08-07,,,,,,,,
CDNA,2026-08-06,44.81,46.69,0.04195492077661234,2026-08-07,,,,,,,,
CDNG,2026-08-06,10.86,10.94,0.007366482504604033,2026-08-07,,,,,,,,
CDNL,2026-08-06,62.62,64.0,0.022037687639731685,2026-08-07,,,,,,,,
CDNS,2026-08-06,338.42,339.24,0.0024230246439336245,2026-08-07,,,,,,,,
CDP,2026-08-06,37.21,37.14,-0.0018812147272239121,2026-08-07,,,,,,,,
CDPI,2026-08-06,20.13,20.16,0.0014903129657228842,2026-08-07,,,,,,,,
CDRE,2026-08-06,35.02,32.82,-0.06282124500285557,2026-08-07,,,,,,,,
CDRO,2026-08-06,8.91,8.97,0.006734006734006703,2026-08-07,,,,,,,,
CDT,2026-08-06,3.23,3.42,0.05882352941176472,2026-08-07,,,,,,,,
CDTG,2026-08-06,1.56,1.35,-0.13461538461538458,2026-08-07,,,,,,,,
CDW,2026-08-06,141.97,135.81,-0.0433894484750299,2026-08-07,,,,,,,,
CDX,2026-08-06,20.75,20.81,0.0028915662650601526,2026-08-07,,,,,,,,
CDXS,2026-08-06,1.48,1.47,-0.006756756756756799,2026-08-07,,,,,,,,
CDZI,2026-08-06,3.27,3.46,0.05810397553516822,2026-08-07,,,,,,,,
CE,2026-08-06,43.95,43.89,-0.0013651877133106227,2026-08-07,,,,,,,,
CECO,2026-08-06,68.61,70.92,0.03366856143419339,2026-08-07,,,,,,,,
CEE,2026-08-06,21.12,21.26,0.006628787878787845,2026-08-07,,,,,,,,
CEF,2026-08-06,42.33,43.58,0.029529884242853743,2026-08-07,,,,,,,,
CEFA,2026-08-06,41.12,41.64,0.012645914396887337,2026-08-07,,,,,,,,
CEFD,2026-08-06,19.08,19.15,0.0036687631027254586,2026-08-07,,,,,,,,
CEFS,2026-08-06,25.11,25.2,0.0035842293906809264,2026-08-07,,,,,,,,
CEFZ,2026-08-06,8.27,8.36,0.010882708585247869,2026-08-07,,,,,,,,
CEG,2026-08-06,261.1,269.89,0.0336652623515894,2026-08-07,,,,,,,,
CEGX,2026-08-06,12.56,13.4,0.06687898089171984,2026-08-07,,,,,,,,
CELC,2026-08-06,93.25,92.78,-0.005040214477211813,2026-08-07,,,,,,,,
CELH,2026-08-06,23.77,27.77,0.16827934371055964,2026-08-07,,,,,,,,
CELU,2026-08-06,0.68,0.7,0.02941176470588225,2026-08-07,,,,,,,,
CELZ,2026-08-06,1.15,1.42,0.23478260869565215,2026-08-07,,,,,,,,
CEMB,2026-08-06,45.22,45.28,0.0013268465280849018,2026-08-07,,,,,,,,
CENN,2026-08-06,3.41,3.42,0.0029325513196480912,2026-08-07,,,,,,,,
CENT,2026-08-06,46.54,44.74,-0.03867640739149114,2026-08-07,,,,,,,,
CENTA,2026-08-06,40.6,39.06,-0.037931034482758585,2026-08-07,,,,,,,,
CENX,2026-08-06,45.95,51.23,0.11490750816104445,2026-08-07,,,,,,,,
CEPF,2026-08-06,10.39,10.38,-0.0009624639076034613,2026-08-07,,,,,,,,
CEPI,2026-08-06,31.41,31.35,-0.0019102196752626144,2026-08-07,,,,,,,,
CEPL,2026-08-06,8.34,8.59,0.029976019184652314,2026-08-07,,,,,,,,
CEPO,2026-08-06,10.65,10.67,0.001877934272300319,2026-08-07,,,,,,,,
CEPS,2026-08-06,10.4,10.4,0.0,2026-08-07,,,,,,,,
CEPU,2026-08-06,13.82,13.98,0.011577424023154759,2026-08-07,,,,,,,,
CEPV,2026-08-06,10.4,10.43,0.0028846153846153744,2026-08-07,,,,,,,,
CERS,2026-08-06,2.32,2.35,0.012931034482758674,2026-08-07,,,,,,,,
CERT,2026-08-06,8.13,8.2,0.008610086100860892,2026-08-07,,,,,,,,
CERY,2026-08-06,35.74,35.91,0.004756575265808527,2026-08-07,,,,,,,,
CET,2026-08-06,55.34,55.68,0.006143838091796194,2026-08-07,,,,,,,,
CETX,2026-08-06,2.87,2.81,-0.020905923344947785,2026-08-07,,,,,,,,
CETY,2026-08-06,0.9,0.88,-0.022222222222222254,2026-08-07,,,,,,,,
CEV,2026-08-06,10.26,10.47,0.02046783625731008,2026-08-07,,,,,,,,
CEVA,2026-08-06,35.59,38.67,0.08654116324810324,2026-08-07,,,,,,,,
CEW,2026-08-06,19.76,19.92,0.00809716599190291,2026-08-07,,,,,,,,
CF,2026-08-06,116.73,114.35,-0.020388931722779113,2026-08-07,,,,,,,,
CFA,2026-08-06,101.3,101.84,0.005330700888450224,2026-08-07,,,,,,,,
CFBK,2026-08-06,36.2,35.97,-0.00635359116022105,2026-08-07,,,,,,,,
CFFI,2026-08-06,88.64,87.94,-0.007897111913357402,2026-08-07,,,,,,,,
CFFN,2026-08-06,8.99,8.88,-0.012235817575083408,2026-08-07,,,,,,,,
CFG,2026-08-06,72.43,72.67,0.0033135441115559328,2026-08-07,,,,,,,,
CFIT,2026-08-06,25.82,25.92,0.0038729666924866013,2026-08-07,,,,,,,,
CFND,2026-08-06,2.91,2.85,-0.020618556701030966,2026-08-07,,,,,,,,
CFO,2026-08-06,82.11,82.55,0.005358665205212443,2026-08-07,,,,,,,,
CFR,2026-08-06,164.76,164.5,-0.0015780529254673104,2026-08-07,,,,,,,,
CG,2026-08-06,48.88,47.79,-0.022299509001636686,2026-08-07,,,,,,,,
CGAU,2026-08-06,19.81,21.24,0.07218576476527017,2026-08-07,,,,,,,,
CGBD,2026-08-06,10.66,11.02,0.03377110694183849,2026-08-07,,,,,,,,
CGBL,2026-08-06,38.18,38.39,0.005500261917234184,2026-08-07,,,,,,,,
CGC,2026-08-06,0.93,0.97,0.043010752688172005,2026-08-07,,,,,,,,
CGCB,2026-08-06,25.83,25.9,0.0027100271002709064,2026-08-07,,,,,,,,
CGCFU,2026-08-06,10.0,10.0,0.0,2026-08-07,,,,,,,,
CGCP,2026-08-06,22.0,22.04,0.0018181818181817189,2026-08-07,,,,,,,,
CGCV,2026-08-06,33.72,33.85,0.0038552787663108656,2026-08-07,,,,,,,,
CGDG,2026-08-06,38.75,39.0,0.006451612903225712,2026-08-07,,,,,,,,
CGDV,2026-08-06,51.02,51.3,0.005488043904351203,2026-08-07,,,,,,,,
CGEM,2026-08-06,17.95,17.73,-0.012256267409470722,2026-08-07,,,,,,,,
CGEN,2026-08-06,2.3,2.41,0.04782608695652191,2026-08-07,,,,,,,,
CGGE,2026-08-06,35.61,35.78,0.0047739399045212405,2026-08-07,,,,,,,,
CGGG,2026-08-06,29.04,29.21,0.005853994490358172,2026-08-07,,,,,,,,
CGGO,2026-08-06,40.39,40.63,0.005942064867541452,2026-08-07,,,,,,,,
CGGR,2026-08-06,46.56,46.96,0.00859106529209619,2026-08-07,,,,,,,,
CGHM,2026-08-06,25.46,25.52,0.002356637863314859,2026-08-07,,,,,,,,
CGHY,2026-08-06,25.19,25.3,0.004366812227074135,2026-08-07,,,,,,,,
CGIB,2026-08-06,25.42,25.42,0.0,2026-08-07,,,,,,,,
CGIC,2026-08-06,36.53,36.9,0.010128661374212866,2026-08-07,,,,,,,,
CGIE,2026-08-06,37.65,38.19,0.014342629482071656,2026-08-07,,,,,,,,
CGMM,2026-08-06,32.83,33.14,0.009442583003350657,2026-08-07,,,,,,,,
CGMS,2026-08-06,27.14,27.19,0.0018422991893882745,2026-08-07,,,,,,,,
CGMU,2026-08-06,27.11,27.15,0.0014754703061601315,2026-08-07,,,,,,,,
CGNG,2026-08-06,36.39,36.6,0.00577081615828523,2026-08-07,,,,,,,,
CGNT,2026-08-06,9.03,9.2,0.01882613510520481,2026-08-07,,,,,,,,
CGNX,2026-08-06,67.38,66.89,-0.007272187592757384,2026-08-07,,,,,,,,
CGO,2026-08-06,13.05,13.18,0.009961685823754785,2026-08-07,,,,,,,,
CGON,2026-08-06,74.85,75.1,0.0033400133600534065,2026-08-07,,,,,,,,
CGOV,2026-08-06,25.05,25.06,0.0003992015968063978,2026-08-07,,,,,,,,
CGRO,2026-08-06,22.84,23.14,0.013134851138353776,2026-08-07,,,,,,,,
CGSD,2026-08-06,25.67,25.7,0.001168679392286709,2026-08-07,,,,,,,,
CGSM,2026-08-06,26.28,26.31,0.0011415525114153446,2026-08-07,,,,,,,,
CGTL,2026-08-06,3.97,4.07,0.02518891687657443,2026-08-07,,,,,,,,
CGTX,2026-08-06,1.13,1.08,-0.044247787610619316,2026-08-07,,,,,,,,
CGUI,2026-08-06,25.28,25.31,0.0011867088607593335,2026-08-07,,,,,,,,
CGUS,2026-08-06,46.06,46.28,0.004776378636560885,2026-08-07,,,,,,,,
CGV,2026-08-06,15.96,16.06,0.006265664160400863,2026-08-07,,,,,,,,
CGVV,2026-08-06,32.11,32.33,0.006851448146994565,2026-08-07,,,,,,,,
CGW,2026-08-06,66.59,66.74,0.0022525904790506868,2026-08-07,,,,,,,,
CGXU,2026-08-06,34.37,34.81,0.012801862089031335,2026-08-07,,,,,,,,
CHA,2026-08-06,10.16,10.18,0.0019685039370078705,2026-08-07,,,,,,,,
CHAI,2026-08-06,0.35,0.34,-0.02857142857142847,2026-08-07,,,,,,,,
CHAR,2026-08-06,10.91,10.91,0.0,2026-08-07,,,,,,,,
CHAT,2026-08-06,87.99,89.11,0.012728719172633296,2026-08-07,,,,,,,,
CHAU,2026-08-06,22.15,22.68,0.02392776523702045,2026-08-07,,,,,,,,
CHCI,2026-08-06,15.02,14.95,-0.0046604527296937315,2026-08-07,,,,,,,,
CHCO,2026-08-06,145.24,144.94,-0.002065546681355057,2026-08-07,,,,,,,,
CHCT,2026-08-06,15.58,15.85,0.01732991014120655,2026-08-07,,,,,,,,
CHD,2026-08-06,103.36,103.24,-0.0011609907120743168,2026-08-07,,,,,,,,
CHDG,2026-08-06,25.26,25.3,0.0015835312747425334,2026-08-07,,,,,,,,
CHDN,2026-08-06,86.88,87.86,0.01127992633517505,2026-08-07,,,,,,,,
CHE,2026-08-06,549.41,552.72,0.006024644618773056,2026-08-07,,,,,,,,
CHEC,2026-08-06,11.21,10.2,-0.09009812667261385,2026-08-07,,,,,,,,
CHEF,2026-08-06,109.14,110.2,0.009712296133406628,2026-08-07,,,,,,,,
CHGA,2026-08-06,0.2,0.19,-0.050000000000000044,2026-08-07,,,,,,,,
CHGG,2026-08-06,0.88,0.92,0.045454545454545414,2026-08-07,,,,,,,,
CHGX,2026-08-06,33.33,33.74,0.012301230123012319,2026-08-07,,,,,,,,
CHH,2026-08-06,109.73,106.66,-0.027977763601567562,2026-08-07,,,,,,,,
CHI,2026-08-06,12.87,13.04,0.013209013209013243,2026-08-07,,,,,,,,
CHIQ,2026-08-06,18.28,18.33,0.002735229759299518,2026-08-07,,,,,,,,
CHKP,2026-08-06,125.28,127.82,0.0202745849297572,2026-08-07,,,,,,,,
CHMG,2026-08-06,82.86,81.24,-0.01955104996379442,2026-08-07,,,,,,,,
CHMI,2026-08-06,2.39,2.41,0.008368200836819994,2026-08-07,,,,,,,,
CHNL,2026-08-06,18.71,18.74,0.0016034206306787535,2026-08-07,,,,,,,,
CHNR,2026-08-06,3.8,4.1,0.07894736842105265,2026-08-07,,,,,,,,
CHNU,2026-08-06,15.19,15.23,0.0026333113890717463,2026-08-07,,,,,,,,
CHOW,2026-08-06,0.37,0.35,-0.05405405405405406,2026-08-07,,,,,,,,
CHPG,2026-08-06,10.44,10.45,0.0009578544061301653,2026-08-07,,,,,,,,
CHPS,2026-08-06,83.84,85.04,0.014312977099236734,2026-08-07,,,,,,,,
CHPT,2026-08-06,5.88,6.22,0.05782312925170063,2026-08-07,,,,,,,,
CHPX,2026-08-06,93.63,94.28,0.006942219374132197,2026-08-07,,,,,,,,
CHPY,2026-08-06,70.16,71.4,0.01767388825541638,2026-08-07,,,,,,,,
CHR,2026-08-06,1.86,1.84,-0.010752688172043001,2026-08-07,,,,,,,,
CHRD,2026-08-06,132.5,131.35,-0.008679245283018888,2026-08-07,,,,,,,,
CHRI,2026-08-06,91.3,91.88,0.00635268346111717,2026-08-07,,,,,,,,
CHRN,2026-08-06,20.25,20.93,0.03358024691358019,2026-08-07,,,,,,,,
CHRS,2026-08-06,1.26,1.27,0.007936507936507908,2026-08-07,,,,,,,,
CHRW,2026-08-06,146.66,149.35,0.018341742806491146,2026-08-07,,,,,,,,
CHSN,2026-08-06,0.98,0.96,-0.020408163265306145,2026-08-07,,,,,,,,
CHT,2026-08-06,42.28,42.52,0.0056764427625355385,2026-08-07,,,,,,,,
CHTR,2026-08-06,157.44,152.57,-0.03093241869918706,2026-08-07,,,,,,,,
CHW,2026-08-06,8.47,8.53,0.007083825265643329,2026-08-07,,,,,,,,
CHWY,2026-08-06,23.43,23.53,0.004268032437046543,2026-08-07,,,,,,,,
CHY,2026-08-06,12.93,13.14,0.016241299303944468,2026-08-07,,,,,,,,
CHYG,2026-08-06,25.02,25.09,0.0027977617905674546,2026-08-07,,,,,,,,
CHYM,2026-08-06,31.25,29.1,-0.06879999999999997,2026-08-07,,,,,,,,
CI,2026-08-06,275.25,282.49,0.02630336058128968,2026-08-07,,,,,,,,
CIA,2026-08-06,4.57,3.8,-0.16849015317286664,2026-08-07,,,,,,,,
CIB,2026-08-06,90.25,88.85,-0.015512465373961337,2026-08-07,,,,,,,,
CIBR,2026-08-06,96.39,97.85,0.015146799460524996,2026-08-07,,,,,,,,
CIEG,2026-08-06,5.93,6.19,0.04384485666104565,2026-08-07,,,,,,,,
CIEI,2026-08-06,24.91,24.96,0.0020072260136492215,2026-08-07,,,,,,,,
CIEN,2026-08-06,403.76,412.39,0.02137408361402815,2026-08-07,,,,,,,,
CIEX,2026-08-06,15.75,16.25,0.031746031746031855,2026-08-07,,,,,,,,
CIFC,2026-08-06,10.35,9.12,-0.11884057971014494,2026-08-07,,,,,,,,
CIFG,2026-08-06,5.73,5.06,-0.11692844677137881,2026-08-07,,,,,,,,
CIFR,2026-08-06,18.21,17.18,-0.056562328390994066,2026-08-07,,,,,,,,
CIFU,2026-08-06,14.0,12.38,-0.11571428571428566,2026-08-07,,,,,,,,
CIG,2026-08-06,2.14,2.1,-0.01869158878504673,2026-08-07,,,,,,,,
CIGI,2026-08-06,98.74,101.54,0.028357302005266538,2026-08-07,,,,,,,,
CIGL,2026-08-06,0.58,0.59,0.01724137931034475,2026-08-07,,,,,,,,
CII,2026-08-06,24.63,24.77,0.00568412505075111,2026-08-07,,,,,,,,
CIIT,2026-08-06,3.76,3.63,-0.034574468085106336,2026-08-07,,,,,,,,
CIK,2026-08-06,2.43,2.44,0.00411522633744843,2026-08-07,,,,,,,,
CIM,2026-08-06,11.86,11.97,0.00927487352445211,2026-08-07,,,,,,,,
CINF,2026-08-06,179.04,176.86,-0.012176050044682585,2026-08-07,,,,,,,,
CING,2026-08-06,5.05,5.34,0.05742574257425748,2026-08-07,,,,,,,,
CINT,2026-08-06,3.51,3.56,0.014245014245014342,2026-08-07,,,,,,,,
CION,2026-08-06,7.28,7.51,0.03159340659340648,2026-08-07,,,,,,,,
CIR,2026-08-06,20.26,22.27,0.09921026653504428,2026-08-07,,,,,,,,
CIRC,2026-08-06,0.79,0.72,-0.08860759493670889,2026-08-07,,,,,,,,
CISO,2026-08-06,0.27,0.27,0.0,2026-08-07,,,,,,,,
CISS,2026-08-06,0.1,0.09,-0.10000000000000009,2026-08-07,,,,,,,,
CITR,2026-08-06,5.96,5.9,-0.010067114093959662,2026-08-07,,,,,,,,
CIVB,2026-08-06,28.67,28.33,-0.01185908615277309,2026-08-07,,,,,,,,
CIVG,2026-08-06,24.92,24.96,0.0016051364365969878,2026-08-07,,,,,,,,
CIX,2026-08-06,30.0,30.09,0.0029999999999998916,2026-08-07,,,,,,,,
CJMB,2026-08-06,1.66,1.57,-0.054216867469879415,2026-08-07,,,,,,,,
CJUL,2026-08-06,25.58,25.62,0.0015637216575450363,2026-08-07,,,,,,,,
CJUN,2026-08-06,25.38,25.44,0.0023640661938535423,2026-08-07,,,,,,,,
CKX,2026-08-06,10.83,10.57,-0.024007386888273308,2026-08-07,,,,,,,,
CL,2026-08-06,93.0,93.27,0.002903225806451637,2026-08-07,,,,,,,,
CLAR,2026-08-06,3.37,3.71,0.10089020771513346,2026-08-07,,,,,,,,
CLB,2026-08-06,11.18,11.35,0.015205724508050134,2026-08-07,,,,,,,,
CLBK,2026-08-06,10.84,10.84,0.0,2026-08-07,,,,,,,,
CLBR,2026-08-06,10.27,10.26,-0.0009737098344693162,2026-08-07,,,,,,,,
CLBT,2026-08-06,15.46,16.01,0.03557567917205695,2026-08-07,,,,,,,,
CLCG,2026-08-06,28.83,29.1,0.009365244536940764,2026-08-07,,,,,,,,
CLCV,2026-08-06,31.16,31.36,0.006418485237484006,2026-08-07,,,,,,,,
CLDI,2026-08-06,1.79,1.62,-0.0949720670391061,2026-08-07,,,,,,,,
CLDT,2026-08-06,13.03,12.59,-0.033768227168073595,2026-08-07,,,,,,,,
CLDX,2026-08-06,41.56,41.71,0.003609239653513008,2026-08-07,,,,,,,,
CLF,2026-08-06,12.23,12.26,0.002452984464431651,2026-08-07,,,,,,,,
CLFD,2026-08-06,26.66,27.48,0.030757689422355572,2026-08-07,,,,,,,,
CLGN,2026-08-06,0.33,0.34,0.030303030303030276,2026-08-07,,,,,,,,
CLH,2026-08-06,307.64,308.17,0.0017227928747887145,2026-08-07,,,,,,,,
CLIK,2026-08-06,1.42,1.38,-0.028169014084507116,2026-08-07,,,,,,,,
CLIP,2026-08-06,100.11,100.14,0.00029967036260125646,2026-08-07,,,,,,,,
CLIR,2026-08-06,3.84,3.75,-0.0234375,2026-08-07,,,,,,,,
CLIX,2026-08-06,59.83,60.57,0.01236837706836047,2026-08-07,,,,,,,,
CLLS,2026-08-06,2.69,2.84,0.055762081784386686,2026-08-07,,,,,,,,
CLM,2026-08-06,7.45,7.55,0.01342281879194629,2026-08-07,,,,,,,,
CLMB,2026-08-06,27.47,27.81,0.01237713869676016,2026-08-07,,,,,,,,
CLMT,2026-08-06,41.88,39.48,-0.057306590257879764,2026-08-07,,,,,,,,
CLNE,2026-08-06,1.86,1.58,-0.15053763440860213,2026-08-07,,,,,,,,
CLNK,2026-08-06,14.92,14.92,0.0,2026-08-07,,,,,,,,
CLNN,2026-08-06,5.34,5.28,-0.011235955056179692,2026-08-07,,,,,,,,
CLOA,2026-08-06,51.82,51.81,-0.00019297568506360108,2026-08-07,,,,,,,,
CLOB,2026-08-06,50.23,50.29,0.0011945052757316166,2026-08-07,,,,,,,,
CLOC,2026-08-06,24.95,24.98,0.0012024048096193063,2026-08-07,,,,,,,,
CLOD,2026-08-06,33.29,34.18,0.02673475518173629,2026-08-07,,,,,,,,
CLOI,2026-08-06,52.79,52.84,0.0009471490812653638,2026-08-07,,,,,,,,
CLOO,2026-08-06,25.15,25.16,0.00039761431411533543,2026-08-07,,,,,,,,
CLOU,2026-08-06,26.26,27.28,0.03884234577303891,2026-08-07,,,,,,,,
CLOV,2026-08-06,4.66,4.76,0.02145922746781115,2026-08-07,,,,,,,,
CLOX,2026-08-06,25.49,25.54,0.001961553550412054,2026-08-07,,,,,,,,
CLOZ,2026-08-06,26.28,26.31,0.0011415525114153446,2026-08-07,,,,,,,,
CLPR,2026-08-06,2.8,2.86,0.021428571428571352,2026-08-07,,,,,,,,
CLPS,2026-08-06,0.87,0.86,-0.011494252873563204,2026-08-07,,,,,,,,
CLPT,2026-08-06,13.39,14.21,0.061239731142643805,2026-08-07,,,,,,,,
CLRB,2026-08-06,2.52,2.57,0.01984126984126977,2026-08-07,,,,,,,,
CLRO,2026-08-06,9.8,10.17,0.037755102040816224,2026-08-07,,,,,,,,
CLRS,2026-08-06,,,,2026-08-07,,,,,,,,
CLS,2026-08-06,314.53,317.83,0.010491844975042186,2026-08-07,,,,,,,,
CLSE,2026-08-06,33.77,33.53,-0.007106899615042961,2026-08-07,,,,,,,,
CLSK,2026-08-06,12.75,12.3,-0.03529411764705881,2026-08-07,,,,,,,,
CLSM,2026-08-06,27.31,27.58,0.009886488465763454,2026-08-07,,,,,,,,
CLST,2026-08-06,16.95,17.34,0.02300884955752225,2026-08-07,,,,,,,,
CLSX,2026-08-06,13.54,12.7,-0.06203840472673561,2026-08-07,,,,,,,,
CLUB,2026-08-06,25.86,26.15,0.011214230471771058,2026-08-07,,,,,,,,
CLVT,2026-08-06,1.85,1.82,-0.016216216216216273,2026-08-07,,,,,,,,
CLW,2026-08-06,22.86,23.31,0.019685039370078705,2026-08-07,,,,,,,,
CLWT,2026-08-06,1.51,1.59,0.052980132450331174,2026-08-07,,,,,,,,
CLX,2026-08-06,105.6,105.15,-0.0042613636363635354,2026-08-07,,,,,,,,
CLYM,2026-08-06,14.0,14.0,0.0,2026-08-07,,,,,,,,
CM,2026-08-06,118.44,118.7,0.0021952043228639084,2026-08-07,,,,,,,,
CMAG,2026-08-06,26.2,26.38,0.006870229007633677,2026-08-07,,,,,,,,
CMAY,2026-08-06,25.91,25.9,-0.0003859513701274242,2026-08-07,,,,,,,,
CMBO,2026-08-06,103.13,103.16,0.00029089498690981763,2026-08-07,,,,,,,,
CMBS,2026-08-06,48.33,48.19,-0.0028967515001034894,2026-08-07,,,,,,,,
CMBT,2026-08-06,16.41,16.29,-0.007312614259597838,2026-08-07,,,,,,,,
CMC,2026-08-06,73.69,75.13,0.019541321753290708,2026-08-07,,,,,,,,
CMCI,2026-08-06,29.28,29.43,0.0051229508196721785,2026-08-07,,,,,,,,
CMCL,2026-08-06,20.32,21.75,0.07037401574803148,2026-08-07,,,,,,,,
CMCM,2026-08-06,3.25,3.11,-0.043076923076923124,2026-08-07,,,,,,,,
CMCO,2026-08-06,20.76,20.22,-0.026011560693641744,2026-08-07,,,,,,,,
CMCSA,2026-08-06,25.17,25.36,0.007548669050456702,2026-08-07,,,,,,,,
CMCT,2026-08-06,4.34,4.41,0.016129032258064502,2026-08-07,,,,,,,,
CMDB,2026-08-06,18.56,17.8,-0.04094827586206884,2026-08-07,,,,,,,,
CMDT,2026-08-06,32.46,32.44,-0.0006161429451633227,2026-08-07,,,,,,,,
CMDY,2026-08-06,58.65,59.02,0.00630861040068198,2026-08-07,,,,,,,,
CME,2026-08-06,264.32,263.66,-0.002496973365617272,2026-08-07,,,,,,,,
CMF,2026-08-06,56.66,56.83,0.0030003529827038466,2026-08-07,,,,,,,,
CMG,2026-08-06,33.71,32.79,-0.027291604865025243,2026-08-07,,,,,,,,
CMGG,2026-08-06,14.31,14.31,0.0,2026-08-07,,,,,,,,
CMI,2026-08-06,643.98,644.26,0.0004347961116804022,2026-08-07,,,,,,,,
CMII,2026-08-06,10.02,10.02,0.0,2026-08-07,,,,,,,,
CMMB,2026-08-06,1.8,1.93,0.07222222222222219,2026-08-07,,,,,,,,
CMND,2026-08-06,1.75,1.63,-0.06857142857142862,2026-08-07,,,,,,,,
CMP,2026-08-06,25.66,27.35,0.06586126266562742,2026-08-07,,,,,,,,
CMPR,2026-08-06,96.51,95.35,-0.012019479846648085,2026-08-07,,,,,,,,
CMPS,2026-08-06,13.55,13.54,-0.0007380073800739018,2026-08-07,,,,,,,,
CMPX,2026-08-06,1.99,2.15,0.08040201005025116,2026-08-07,,,,,,,,
CMRC,2026-08-06,2.32,2.22,-0.04310344827586188,2026-08-07,,,,,,,,
CMRE,2026-08-06,14.91,14.66,-0.016767270288397085,2026-08-07,,,,,,,,
CMS,2026-08-06,71.2,71.03,-0.0023876404494381775,2026-08-07,,,,,,,,
CMT,2026-08-06,24.43,26.47,0.08350388866148184,2026-08-07,,,,,,,,
CMTG,2026-08-06,1.75,1.94,0.10857142857142854,2026-08-07,,,,,,,,
CMTL,2026-08-06,1.72,1.73,0.005813953488372103,2026-08-07,,,,,,,,
CMTV,2026-08-06,40.04,39.85,-0.004745254745254668,2026-08-07,,,,,,,,
CNA,2026-08-06,52.62,52.02,-0.011402508551881296,2026-08-07,,,,,,,,
CNAV,2026-08-06,38.74,38.84,0.0025813113061434745,2026-08-07,,,,,,,,
CNBS,2026-08-06,25.45,25.62,0.0066797642436149385,2026-08-07,,,,,,,,
CNC,2026-08-06,64.2,65.77,0.024454828660436023,2026-08-07,,,,,,,,
CNCG,2026-08-06,32.28,32.28,0.0,2026-08-07,,,,,,,,
CNCK,2026-08-06,2.1,2.14,0.01904761904761898,2026-08-07,,,,,,,,
CNDT,2026-08-06,1.75,1.7,-0.02857142857142858,2026-08-07,,,,,,,,
CNEQ,2026-08-06,39.39,39.94,0.013962934755013867,2026-08-07,,,,,,,,
CNET,2026-08-06,1.38,1.39,0.007246376811594235,2026-08-07,,,,,,,,
CNEY,2026-08-06,0.65,0.67,0.030769230769230882,2026-08-07,,,,,,,,
CNF,2026-08-06,2.26,2.21,-0.022123893805309658,2026-08-07,,,,,,,,
CNH,2026-08-06,10.85,10.91,0.0055299539170508005,2026-08-07,,,,,,,,
CNI,2026-08-06,126.4,126.6,0.0015822784810126667,2026-08-07,,,,,,,,
CNK,2026-08-06,37.95,37.24,-0.018708827404479544,2026-08-07,,,,,,,,
CNL,2026-08-06,13.38,14.13,0.056053811659192876,2026-08-07,,,,,,,,
CNM,2026-08-06,45.49,46.55,0.023301824576829944,2026-08-07,,,,,,,,
CNMD,2026-08-06,49.77,49.12,-0.013060076351215755,2026-08-07,,,,,,,,
CNNE,2026-08-06,14.84,14.78,-0.0040431266846361336,2026-08-07,,,,,,,,
CNO,2026-08-06,55.48,55.16,-0.005767844268204758,2026-08-07,,,,,,,,
CNOB,2026-08-06,33.09,32.82,-0.008159564823209564,2026-08-07,,,,,,,,
CNP,2026-08-06,40.67,40.68,0.0002458814851240554,2026-08-07,,,,,,,,
CNQ,2026-08-06,45.45,45.51,0.0013201320132012473,2026-08-07,,,,,,,,
CNQQ,2026-08-06,24.23,24.69,0.018984729673958034,2026-08-07,,,,,,,,
CNR,2026-08-06,89.98,89.6,-0.004223160702378381,2026-08-07,,,,,,,,
CNRG,2026-08-06,93.37,95.67,0.02463317982221258,2026-08-07,,,,,,,,
CNS,2026-08-06,84.48,83.6,-0.01041666666666674,2026-08-07,,,,,,,,
CNSP,2026-08-06,5.24,5.38,0.026717557251908275,2026-08-07,,,,,,,,
CNSY,2026-08-06,3.86,3.83,-0.007772020725388518,2026-08-07,,,,,,,,
CNTB,2026-08-06,2.19,2.2,0.004566210045662267,2026-08-07,,,,,,,,
CNTN,2026-08-06,1.86,1.87,0.005376344086021501,2026-08-07,,,,,,,,
CNTX,2026-08-06,0.5,0.48,-0.040000000000000036,2026-08-07,,,,,,,,
CNTY,2026-08-06,1.19,1.21,0.01680672268907557,2026-08-07,,,,,,,,
CNVS,2026-08-06,2.66,2.8,0.05263157894736836,2026-08-07,,,,,,,,
CNX,2026-08-06,35.13,35.14,0.000284656988329024,2026-08-07,,,,,,,,
CNXC,2026-08-06,26.34,25.72,-0.023538344722854987,2026-08-07,,,,,,,,
CNXN,2026-08-06,86.6,84.14,-0.028406466512701956,2026-08-07,,,,,,,,
CNXT,2026-08-06,50.64,51.38,0.014612954186413951,2026-08-07,,,,,,,,
CNXU,2026-08-06,8.47,8.07,-0.0472255017709563,2026-08-07,,,,,,,,
CNYA,2026-08-06,36.07,36.48,0.011366786803437723,2026-08-07,,,,,,,,
COAG,2026-08-06,52.16,49.66,-0.047929447852760765,2026-08-07,,,,,,,,
COAL,2026-08-06,23.97,24.2,0.009595327492699202,2026-08-07,,,,,,,,
COCH,2026-08-06,0.68,0.67,-0.014705882352941235,2026-08-07,,,,,,,,
COCO,2026-08-06,64.12,62.25,-0.029164067373674385,2026-08-07,,,,,,,,
COCP,2026-08-06,1.03,1.06,0.029126213592232997,2026-08-07,,,,,,,,
CODA,2026-08-06,10.53,10.64,0.010446343779677125,2026-08-07,,,,,,,,
CODI,2026-08-06,10.77,11.0,0.02135561745589598,2026-08-07,,,,,,,,
CODX,2026-08-06,1.42,1.52,0.07042253521126773,2026-08-07,,,,,,,,
COE,2026-08-06,19.18,19.5,0.016684045881126153,2026-08-07,,,,,,,,
COF,2026-08-06,220.0,217.76,-0.01018181818181818,2026-08-07,,,,,,,,
COFS,2026-08-06,34.36,34.08,-0.008149010477299212,2026-08-07,,,,,,,,
COGT,2026-08-06,41.8,42.39,0.014114832535885302,2026-08-07,,,,,,,,
COHC,2026-08-06,22.52,28.48,0.2646536412078153,2026-08-07,,,,,,,,
COHH,2026-08-06,8.86,11.23,0.26749435665914234,2026-08-07,,,,,,,,
COHN,2026-08-06,11.26,11.26,0.0,2026-08-07,,,,,,,,
COHR,2026-08-06,334.22,379.13,0.13437256896654892,2026-08-07,,,,,,,,
COHU,2026-08-06,51.79,52.88,0.021046534079938173,2026-08-07,,,,,,,,
COHX,2026-08-06,35.38,45.11,0.2750141322781232,2026-08-07,,,,,,,,
COIA,2026-08-06,5.99,6.67,0.11352253756260433,2026-08-07,,,,,,,,
COIG,2026-08-06,3.86,4.29,0.1113989637305699,2026-08-07,,,,,,,,
COIN,2026-08-06,145.41,153.6,0.05632349907159062,2026-08-07,,,,,,,,
COIW,2026-08-06,7.43,7.91,0.06460296096904439,2026-08-07,,,,,,,,
COIX,2026-08-06,24.51,27.1,0.10567115463076293,2026-08-07,,,,,,,,
COKE,2026-08-06,188.23,192.99,0.025288211230940938,2026-08-07,,,,,,,,
COLA,2026-08-06,10.67,10.7,0.002811621368322248,2026-08-07,,,,,,,,
COLB,2026-08-06,31.03,31.24,0.006767644215275537,2026-08-07,,,,,,,,
COLD,2026-08-06,14.42,14.96,0.03744798890429957,2026-08-07,,,,,,,,
COLL,2026-08-06,29.11,29.47,0.012366884232222652,2026-08-07,,,,,,,,
COLM,2026-08-06,57.28,57.36,0.0013966480446927498,2026-08-07,,,,,,,,
COLO,2026-08-06,47.03,46.84,-0.004039974484371656,2026-08-07,,,,,,,,
COM,2026-08-06,33.76,33.75,-0.0002962085308055862,2026-08-07,,,,,,,,
COMB,2026-08-06,25.6,25.69,0.003515624999999911,2026-08-07,,,,,,,,
COMD,2026-08-06,27.43,27.59,0.005833029529711986,2026-08-07,,,,,,,,
COMP,2026-08-06,12.58,12.58,0.0,2026-08-07,,,,,,,,
COMT,2026-08-06,32.48,32.55,0.0021551724137931494,2026-08-07,,,,,,,,
CON,2026-08-06,30.54,34.06,0.11525867714472837,2026-08-07,,,,,,,,
CONI,2026-08-06,54.98,48.91,-0.11040378319388866,2026-08-07,,,,,,,,
CONL,2026-08-06,3.93,4.38,0.11450381679389299,2026-08-07,,,,,,,,
CONX,2026-08-06,4.78,5.31,0.11087866108786604,2026-08-07,,,,,,,,
CONY,2026-08-06,17.8,18.51,0.039887640449438155,2026-08-07,,,,,,,,
COO,2026-08-06,73.32,74.23,0.012411347517730542,2026-08-07,,,,,,,,
COOK,2026-08-06,59.43,61.34,0.032138650513208855,2026-08-07,,,,,,,,
COOT,2026-08-06,0.4,0.41,0.02499999999999991,2026-08-07,,,,,,,,
COP,2026-08-06,116.76,117.61,0.007279890373415476,2026-08-07,,,,,,,,
COPA,2026-08-06,52.6,54.01,0.026806083650189994,2026-08-07,,,,,,,,
COPJ,2026-08-06,43.55,45.05,0.03444316877152698,2026-08-07,,,,,,,,
COPL,2026-08-06,10.48,10.48,0.0,2026-08-07,,,,,,,,
COPP,2026-08-06,41.99,42.82,0.01976661109788047,2026-08-07,,,,,,,,
COPR,2026-08-06,2.55,2.6,0.019607843137255054,2026-08-07,,,,,,,,
COPX,2026-08-06,86.09,88.03,0.022534556859100885,2026-08-07,,,,,,,,
COPY,2026-08-06,15.76,15.81,0.0031725888324873885,2026-08-07,,,,,,,,
COPZ,2026-08-06,16.5,17.3,0.048484848484848575,2026-08-07,,,,,,,,
COR,2026-08-06,325.01,320.46,-0.013999569244023347,2026-08-07,,,,,,,,
CORB,2026-08-06,29.05,29.12,0.002409638554216942,2026-08-07,,,,,,,,
CORD,2026-08-06,4.24,3.73,-0.12028301886792458,2026-08-07,,,,,,,,
CORN,2026-08-06,17.61,17.64,0.0017035775127769437,2026-08-07,,,,,,,,
CORO,2026-08-06,36.44,36.82,0.01042810098792546,2026-08-07,,,,,,,,
CORP,2026-08-06,95.1,95.22,0.0012618296529969264,2026-08-07,,,,,,,,
CORT,2026-08-06,107.95,110.77,0.026123205187586818,2026-08-07,,,,,,,,
CORZ,2026-08-06,21.05,21.01,-0.0019002375296911511,2026-08-07,,,,,,,,
COSM,2026-08-06,0.22,0.23,0.045454545454545414,2026-08-07,,,,,,,,
COSO,2026-08-06,27.67,28.04,0.013371882905673926,2026-08-07,,,,,,,,
COST,2026-08-06,949.15,947.82,-0.0014012537533582003,2026-08-07,,,,,,,,
COSW,2026-08-06,39.95,39.83,-0.003003754693366778,2026-08-07,,,,,,,,
COTG,2026-08-06,12.9,12.85,-0.003875968992248069,2026-08-07,,,,,,,,
COTY,2026-08-06,2.72,2.82,0.03676470588235281,2026-08-07,,,,,,,,
COUR,2026-08-06,5.56,5.81,0.04496402877697836,2026-08-07,,,,,,,,
COWG,2026-08-06,38.38,38.99,0.015893694632621136,2026-08-07,,,,,,,,
COWS,2026-08-06,39.57,39.8,0.005812484205205859,2026-08-07,,,,,,,,
COWZ,2026-08-06,68.13,69.24,0.016292382210479905,2026-08-07,,,,,,,,
COYA,2026-08-06,4.58,4.81,0.05021834061135366,2026-08-07,,,,,,,,
COYY,2026-08-06,16.71,16.68,-0.0017953321364453378,2026-08-07,,,,,,,,
COZX,2026-08-06,13.1,13.05,-0.003816793893129722,2026-08-07,,,,,,,,
CP,2026-08-06,90.25,91.62,0.015180055401662118,2026-08-07,,,,,,,,
CPA,2026-08-06,142.05,142.13,0.000563181978176619,2026-08-07,,,,,,,,
CPAC,2026-08-06,11.93,11.76,-0.014249790444258115,2026-08-07,,,,,,,,
CPAG,2026-08-06,101.6,101.77,0.0016732283464566677,2026-08-07,,,,,,,,
CPAI,2026-08-06,50.16,51.07,0.018141945773524792,2026-08-07,,,,,,,,
CPAY,2026-08-06,398.28,392.94,-0.013407652907502232,2026-08-07,,,,,,,,
CPB,2026-08-06,22.56,23.05,0.021719858156028504,2026-08-07,,,,,,,,
CPBI,2026-08-06,21.0,20.6,-0.01904761904761898,2026-08-07,,,,,,,,
CPER,2026-08-06,40.76,39.9,-0.021099116781157945,2026-08-07,,,,,,,,
CPF,2026-08-06,39.27,38.9,-0.009421950598421325,2026-08-07,,,,,,,,
CPHC,2026-08-06,15.26,15.55,0.01900393184796867,2026-08-07,,,,,,,,
CPHI,2026-08-06,1.21,1.13,-0.06611570247933896,2026-08-07,,,,,,,,
CPHY,2026-08-06,51.7,51.74,0.000773694390715729,2026-08-07,,,,,,,,
CPII,2026-08-06,18.9,18.9,0.0,2026-08-07,,,,,,,,
CPIX,2026-08-06,7.68,7.8,0.015625,2026-08-07,,,,,,,,
CPK,2026-08-06,133.5,133.85,0.0026217228464417985,2026-08-07,,,,,,,,
CPLB,2026-08-06,20.68,20.73,0.0024177949709864865,2026-08-07,,,,,,,,
CPLS,2026-08-06,34.55,34.63,0.002315484804631174,2026-08-07,,,,,,,,
CPNG,2026-08-06,16.35,16.23,-0.007339449541284515,2026-08-07,,,,,,,,
CPNJ,2026-08-06,27.6,27.65,0.0018115942028984477,2026-08-07,,,,,,,,
CPNM,2026-08-06,26.91,26.91,0.0,2026-08-07,,,,,,,,
CPNQ,2026-08-06,27.54,27.56,0.000726216412490821,2026-08-07,,,,,,,,
CPNS,2026-08-06,28.29,28.31,0.0007069635913750094,2026-08-07,,,,,,,,
CPNX,2026-08-06,13.69,13.53,-0.011687363038714427,2026-08-07,,,,,,,,
CPOP,2026-08-06,0.36,0.38,0.05555555555555558,2026-08-07,,,,,,,,
CPRA,2026-08-06,27.83,27.86,0.0010779734099892746,2026-08-07,,,,,,,,
CPRI,2026-08-06,15.0,15.31,0.02066666666666661,2026-08-07,,,,,,,,
CPRJ,2026-08-06,27.73,27.8,0.0025243418680129803,2026-08-07,,,,,,,,
CPRO,2026-08-06,28.38,28.37,-0.0003523608174770265,2026-08-07,,,,,,,,
CPRT,2026-08-06,29.01,29.66,0.02240606687349178,2026-08-07,,,,,,,,
CPRY,2026-08-06,28.17,28.17,0.0,2026-08-07,,,,,,,,
CPS,2026-08-06,27.63,31.4,0.13644589214621794,2026-08-07,,,,,,,,
CPSA,2026-08-06,28.07,28.12,0.0017812611328820172,2026-08-07,,,,,,,,
CPSD,2026-08-06,26.94,26.97,0.00111358574610243,2026-08-07,,,,,,,,
CPSF,2026-08-06,26.44,26.47,0.0011346444780635512,2026-08-07,,,,,,,,
CPSH,2026-08-06,4.36,4.47,0.025229357798165042,2026-08-07,,,,,,,,
CPSJ,2026-08-06,27.89,27.97,0.0028684116170669682,2026-08-07,,,,,,,,
CPSL,2026-08-06,28.19,28.21,0.0007094714437743121,2026-08-07,,,,,,,,
CPSM,2026-08-06,29.47,29.48,0.00033932813030213005,2026-08-07,,,,,,,,
CPSN,2026-08-06,27.96,27.97,0.0003576537911300637,2026-08-07,,,,,,,,
CPSO,2026-08-06,28.1,28.12,0.000711743772241924,2026-08-07,,,,,,,,
CPSP,2026-08-06,27.09,27.08,-0.00036913990402365204,2026-08-07,,,,,,,,
CPSR,2026-08-06,26.03,26.05,0.0007683442182098155,2026-08-07,,,,,,,,
CPSS,2026-08-06,9.57,9.48,-0.00940438871473348,2026-08-07,,,,,,,,
CPST,2026-08-06,28.02,28.02,0.0,2026-08-07,,,,,,,,
CPSU,2026-08-06,27.87,27.92,0.0017940437746681859,2026-08-07,,,,,,,,
CPSY,2026-08-06,25.91,25.93,0.0007719027402546264,2026-08-07,,,,,,,,
CPT,2026-08-06,110.74,111.93,0.01074589127686476,2026-08-07,,,,,,,,
CPTL,2026-08-06,49.25,49.52,0.005482233502538181,2026-08-07,,,,,,,,
CPXR,2026-08-06,33.75,32.29,-0.04325925925925933,2026-08-07,,,,,,,,
CPZ,2026-08-06,13.6,13.64,0.002941176470588225,2026-08-07,,,,,,,,
CQP,2026-08-06,66.04,64.71,-0.02013930950938847,2026-08-07,,,,,,,,
CQQQ,2026-08-06,52.18,53.08,0.017247987734764214,2026-08-07,,,,,,,,
CQTM,2026-08-06,24.87,26.09,0.0490550864495376,2026-08-07,,,,,,,,
CR,2026-08-06,218.55,219.88,0.0060855639441774745,2026-08-07,,,,,,,,
CRAC,2026-08-06,10.17,10.18,0.000983284169124854,2026-08-07,,,,,,,,
CRAI,2026-08-06,176.46,169.31,-0.04051909781253549,2026-08-07,,,,,,,,
CRAK,2026-08-06,54.04,54.78,0.013693560325684695,2026-08-07,,,,,,,,
CRAN,2026-08-06,10.14,10.14,0.0,2026-08-07,,,,,,,,
CRAQ,2026-08-06,10.31,10.31,0.0,2026-08-07,,,,,,,,
CRBG,2026-08-06,34.01,33.68,-0.009703028521023227,2026-08-07,,,,,,,,
CRBN,2026-08-06,258.03,259.59,0.006045808626903959,2026-08-07,,,,,,,,
CRBP,2026-08-06,9.74,10.17,0.04414784394250515,2026-08-07,,,,,,,,
CRBU,2026-08-06,1.64,1.65,0.0060975609756097615,2026-08-07,,,,,,,,
CRC,2026-08-06,52.58,52.08,-0.009509319132750105,2026-08-07,,,,,,,,
CRCA,2026-08-06,12.0,13.33,0.11083333333333334,2026-08-07,,,,,,,,
CRCD,2026-08-06,5.77,5.13,-0.1109185441941074,2026-08-07,,,,,,,,
CRCG,2026-08-06,8.13,9.0,0.10701107011070099,2026-08-07,,,,,,,,
CRCL,2026-08-06,63.28,66.67,0.0535714285714286,2026-08-07,,,,,,,,
CRCO,2026-08-06,12.3,12.72,0.034146341463414664,2026-08-07,,,,,,,,
CRCT,2026-08-06,6.07,5.84,-0.03789126853377267,2026-08-07,,,,,,,,
CRD,2026-08-06,22.09,25.3,0.1453146220009054,2026-08-07,,,,,,,,
CRD-A,2026-08-06,12.86,13.77,0.07076205287713844,2026-08-07,,,,,,,,
CRD-B,2026-08-06,11.59,12.43,0.07247627264883527,2026-08-07,,,,,,,,
CRDD,2026-08-06,15.52,15.46,-0.003865979381443174,2026-08-07,,,,,,,,
CRDF,2026-08-06,0.96,0.99,0.03125,2026-08-07,,,,,,,,
CRDL,2026-08-06,1.36,1.42,0.04411764705882337,2026-08-07,,,,,,,,
CRDO,2026-08-06,230.43,249.89,0.08445080935642046,2026-08-07,,,,,,,,
CRDT,2026-08-06,23.3,23.68,0.016309012875536544,2026-08-07,,,,,,,,
CRDU,2026-08-06,15.13,17.67,0.16787838730998028,2026-08-07,,,,,,,,
CRDX,2026-08-06,10.27,10.19,-0.007789678675754641,2026-08-07,,,,,,,,
CRE,2026-08-06,2.71,2.65,-0.022140221402214055,2026-08-07,,,,,,,,
CRED,2026-08-06,19.74,19.74,0.0,2026-08-07,,,,,,,,
CRESY,2026-08-06,10.8,10.9,0.0092592592592593,2026-08-07,,,,,,,,
CREX,2026-08-06,2.91,3.02,0.03780068728522323,2026-08-07,,,,,,,,
CRF,2026-08-06,7.17,7.2,0.004184100418409997,2026-08-07,,,,,,,,
CRGO,2026-08-06,1.25,1.27,0.016000000000000014,2026-08-07,,,,,,,,
CRGY,2026-08-06,11.33,11.57,0.02118270079435125,2026-08-07,,,,,,,,
CRH,2026-08-06,97.66,100.48,0.028875691173459117,2026-08-07,,,,,,,,
CRI,2026-08-06,40.29,39.96,-0.008190618019359608,2026-08-07,,,,,,,,
CRIB,2026-08-06,25.57,25.69,0.00469299960891667,2026-08-07,,,,,,,,
CRIS,2026-08-06,4.41,4.02,-0.08843537414965996,2026-08-07,,,,,,,,
CRK,2026-08-06,13.21,13.41,0.01514004542013625,2026-08-07,,,,,,,,
CRL,2026-08-06,265.51,267.49,0.007457346239313045,2026-08-07,,,,,,,,
CRM,2026-08-06,186.77,192.74,0.03196444825186062,2026-08-07,,,,,,,,
CRMD,2026-08-06,7.51,7.44,-0.009320905459387352,2026-08-07,,,,,,,,
CRMG,2026-08-06,5.59,5.94,0.06261180679785339,2026-08-07,,,,,,,,
CRML,2026-08-06,6.55,7.25,0.10687022900763354,2026-08-07,,,,,,,,
CRMT,2026-08-06,3.3,3.23,-0.021212121212121127,2026-08-07,,,,,,,,
CRMU,2026-08-06,2.15,2.62,0.21860465116279082,2026-08-07,,,,,,,,
CRMX,2026-08-06,5.02,6.12,0.21912350597609564,2026-08-07,,,,,,,,
CRNC,2026-08-06,9.02,9.15,0.014412416851441234,2026-08-07,,,,,,,,
CRNT,2026-08-06,2.22,2.21,-0.0045045045045045695,2026-08-07,,,,,,,,
CRNX,2026-08-06,83.92,84.08,0.0019065776930409228,2026-08-07,,,,,,,,
CRON,2026-08-06,3.07,3.1,0.009771986970684043,2026-08-07,,,,,,,,
CROX,2026-08-06,134.18,136.62,0.018184528245640097,2026-08-07,,,,,,,,
CRPT,2026-08-06,11.32,11.5,0.01590106007067127,2026-08-07,,,,,,,,
CRS,2026-08-06,557.24,570.66,0.02408298040341683,2026-08-07,,,,,,,,
CRSH,2026-08-06,22.63,22.12,-0.022536456031816088,2026-08-07,,,,,,,,
CRSP,2026-08-06,51.64,53.52,0.03640588690937263,2026-08-07,,,,,,,,
CRSR,2026-08-06,10.61,14.35,0.35249764373232795,2026-08-07,,,,,,,,
CRT,2026-08-06,10.12,10.04,-0.007905138339920903,2026-08-07,,,,,,,,
CRTC,2026-08-06,40.54,40.91,0.00912678835717795,2026-08-07,,,,,,,,
CRTO,2026-08-06,17.58,18.38,0.04550625711035261,2026-08-07,,,,,,,,
CRUC,2026-08-06,14.83,15.12,0.019554956169925752,2026-08-07,,,,,,,,
CRUS,2026-08-06,123.51,124.92,0.011416079669662293,2026-08-07,,,,,,,,
CRUX,2026-08-06,29.49,29.5,0.0003390979993218579,2026-08-07,,,,,,,,
CRVL,2026-08-06,62.45,62.56,0.0017614091273019383,2026-08-07,,,,,,,,
CRVO,2026-08-06,2.76,2.87,0.03985507246376829,2026-08-07,,,,,,,,
CRVS,2026-08-06,13.86,13.92,0.0043290043290042934,2026-08-07,,,,,,,,
CRWC,2026-08-06,29.47,31.46,0.06752629793009857,2026-08-07,,,,,,,,
CRWD,2026-08-06,207.39,214.42,0.03389748782487101,2026-08-07,,,,,,,,
CRWG,2026-08-06,19.63,22.14,0.12786551197147222,2026-08-07,,,,,,,,
CRWL,2026-08-06,71.63,76.32,0.06547535948624872,2026-08-07,,,,,,,,
CRWS,2026-08-06,3.0,3.0,0.0,2026-08-07,,,,,,,,
CRWU,2026-08-06,3.76,4.25,0.13031914893617036,2026-08-07,,,,,,,,
CRWV,2026-08-06,85.33,90.67,0.06258056955349822,2026-08-07,,,,,,,,
CRWX,2026-08-06,21.36,24.08,0.12734082397003732,2026-08-07,,,,,,,,
CRXP,2026-08-06,19.58,19.61,0.001532175689479054,2026-08-07,,,,,,,,
CRY,2026-08-06,17.52,17.33,-0.01084474885844755,2026-08-07,,,,,,,,
CSAI,2026-08-06,5.72,7.12,0.2447552447552448,2026-08-07,,,,,,,,
CSAN,2026-08-06,2.97,2.88,-0.030303030303030387,2026-08-07,,,,,,,,
CSB,2026-08-06,67.02,67.38,0.005371530886302489,2026-08-07,,,,,,,,
CSBR,2026-08-06,5.19,5.19,0.0,2026-08-07,,,,,,,,
CSCL,2026-08-06,64.64,65.34,0.010829207920792117,2026-08-07,,,,,,,,
CSCO,2026-08-06,120.88,121.43,0.004549966909331626,2026-08-07,,,,,,,,
CSCS,2026-08-06,12.73,12.66,-0.005498821681068411,2026-08-07,,,,,,,,
CSD,2026-08-06,133.28,134.12,0.006302521008403339,2026-08-07,,,,,,,,
CSEN,2026-08-06,24.59,24.65,0.002440016266775036,2026-08-07,,,,,,,,
CSEX,2026-08-06,12.6,12.82,0.01746031746031762,2026-08-07,,,,,,,,
CSGP,2026-08-06,29.58,30.24,0.022312373225152227,2026-08-07,,,,,,,,
CSHI,2026-08-06,49.84,49.85,0.00020064205457459572,2026-08-07,,,,,,,,
CSHP,2026-08-06,99.27,99.37,0.001007353681877765,2026-08-07,,,,,,,,
CSHR,2026-08-06,4.88,4.86,-0.004098360655737654,2026-08-07,,,,,,,,
CSIO,2026-08-06,28.49,28.45,-0.0014040014040013205,2026-08-07,,,,,,,,
CSIQ,2026-08-06,15.47,15.91,0.02844214608920481,2026-08-07,,,,,,,,
CSL,2026-08-06,382.83,387.49,0.012172504767129055,2026-08-07,,,,,,,,
CSM,2026-08-06,88.87,89.51,0.007201530325194216,2026-08-07,,,,,,,,
CSMD,2026-08-06,35.09,35.91,0.02336848104873157,2026-08-07,,,,,,,,
CSNR,2026-08-06,35.93,36.25,0.008906206512663495,2026-08-07,,,,,,,,
CSPF,2026-08-06,25.98,26.02,0.0015396458814471714,2026-08-07,,,,,,,,
CSPI,2026-08-06,8.26,8.15,-0.013317191283292895,2026-08-07,,,,,,,,
CSQ,2026-08-06,20.74,20.92,0.008678881388621162,2026-08-07,,,,,,,,
CSQR,2026-08-06,20.07,21.52,0.0722471350274041,2026-08-07,,,,,,,,
CSR,2026-08-06,56.0,56.68,0.012142857142857233,2026-08-07,,,,,,,,
CSRE,2026-08-06,28.97,29.02,0.0017259233690023468,2026-08-07,,,,,,,,
CSSD,2026-08-06,25.12,25.16,0.0015923566878981443,2026-08-07,,,,,,,,
CSTE,2026-08-06,2.2,2.3,0.04545454545454519,2026-08-07,,,,,,,,
CSTK,2026-08-06,33.7,33.76,0.0017804154302669684,2026-08-07,,,,,,,,
CSTL,2026-08-06,30.47,32.03,0.05119789957335086,2026-08-07,,,,,,,,
CSTM,2026-08-06,28.61,29.44,0.02901083537224758,2026-08-07,,,,,,,,
CSV,2026-08-06,37.0,35.87,-0.03054054054054056,2026-08-07,,,,,,,,
CSW,2026-08-06,347.72,350.68,0.008512596341884171,2026-08-07,,,,,,,,
CSWC,2026-08-06,24.75,25.13,0.01535353535353523,2026-08-07,,,,,,,,
CSX,2026-08-06,50.7,50.27,-0.008481262327416195,2026-08-07,,,,,,,,
CTA,2026-08-06,26.06,25.87,-0.007290867229470366,2026-08-07,,,,,,,,
CTAA,2026-08-06,9.95,9.95,0.0,2026-08-07,,,,,,,,
CTAP,2026-08-06,27.02,26.99,-0.0011102886750555818,2026-08-07,,,,,,,,
CTAS,2026-08-06,202.15,203.05,0.004452139500370933,2026-08-07,,,,,,,,
CTAU,2026-08-06,25.27,25.32,0.0019786307874951614,2026-08-07,,,,,,,,
CTBI,2026-08-06,78.37,77.76,-0.007783590659691253,2026-08-07,,,,,,,,
CTEC,2026-08-06,57.2,58.4,0.020979020979020824,2026-08-07,,,,,,,,
CTEF,2026-08-06,90.6,89.65,-0.010485651214127922,2026-08-07,,,,,,,,
CTEV,2026-08-06,26.84,32.59,0.214232488822653,2026-08-07,,,,,,,,
CTEX,2026-08-06,34.73,35.6,0.02505038871292853,2026-08-07,,,,,,,,
CTGO,2026-08-06,18.26,19.46,0.0657174151150055,2026-08-07,,,,,,,,
CTIF,2026-08-06,55.65,55.93,0.005031446540880502,2026-08-07,,,,,,,,
CTJL,2026-08-06,25.54,25.59,0.0019577133907595634,2026-08-07,,,,,,,,
CTJN,2026-08-06,25.3,25.36,0.002371541501976271,2026-08-07,,,,,,,,
CTKB,2026-08-06,4.16,4.2,0.009615384615384581,2026-08-07,,,,,,,,
CTM,2026-08-06,0.8,0.62,-0.2250000000000001,2026-08-07,,,,,,,,
CTMA,2026-08-06,25.7,25.74,0.0015564202334630295,2026-08-07,,,,,,,,
CTMX,2026-08-06,3.37,3.46,0.026706231454005858,2026-08-07,,,,,,,,
CTNM,2026-08-06,15.35,15.04,-0.020195439739413734,2026-08-07,,,,,,,,
CTNT,2026-08-06,1.85,1.93,0.043243243243243246,2026-08-07,,,,,,,,
CTO,2026-08-06,21.8,21.75,-0.002293577981651418,2026-08-07,,,,,,,,
CTOR,2026-08-06,0.76,0.75,-0.013157894736842146,2026-08-07,,,,,,,,
CTOS,2026-08-06,11.06,10.42,-0.05786618444846303,2026-08-07,,,,,,,,
CTRE,2026-08-06,41.13,41.22,0.002188183807439792,2026-08-07,,,,,,,,
CTRI,2026-08-06,22.35,23.85,0.06711409395973145,2026-08-07,,,,,,,,
CTRM,2026-08-06,2.09,2.04,-0.023923444976076458,2026-08-07,,,,,,,,
CTRN,2026-08-06,72.05,72.69,0.008882720333102112,2026-08-07,,,,,,,,
CTS,2026-08-06,66.26,66.23,-0.0004527618472683903,2026-08-07,,,,,,,,
CTSH,2026-08-06,56.89,57.67,0.013710669713482115,2026-08-07,,,,,,,,
CTSO,2026-08-06,0.4,0.36,-0.10000000000000009,2026-08-07,,,,,,,,
CTVA,2026-08-06,76.86,76.83,-0.0003903200624512104,2026-08-07,,,,,,,,
CTW,2026-08-06,2.44,2.48,0.016393442622950838,2026-08-07,,,,,,,,
CTWO,2026-08-06,18.33,18.33,0.0,2026-08-07,,,,,,,,
CTXR,2026-08-06,0.64,0.68,0.0625,2026-08-07,,,,,,,,
CUB,2026-08-06,10.87,10.87,0.0,2026-08-07,,,,,,,,
CUBE,2026-08-06,41.85,41.77,-0.0019115890083631903,2026-08-07,,,,,,,,
CUBI,2026-08-06,82.05,82.07,0.00024375380865326868,2026-08-07,,,,,,,,
CUE,2026-08-06,27.01,27.12,0.004072565716401355,2026-08-07,,,,,,,,
CULP,2026-08-06,3.54,3.48,-0.016949152542372947,2026-08-07,,,,,,,,
CUPR,2026-08-06,3.35,3.32,-0.008955223880597107,2026-08-07,,,,,,,,
CURB,2026-08-06,29.59,29.62,0.0010138560324435275,2026-08-07,,,,,,,,
CURE,2026-08-06,122.23,125.18,0.024134827783686585,2026-08-07,,,,,,,,
CURI,2026-08-06,2.68,2.71,0.011194029850746245,2026-08-07,,,,,,,,
CURR,2026-08-06,3.04,3.11,0.023026315789473673,2026-08-07,,,,,,,,
CURV,2026-08-06,2.56,2.61,0.01953125,2026-08-07,,,,,,,,
CURX,2026-08-06,0.19,0.19,0.0,2026-08-07,,,,,,,,
CUST,2026-08-06,25.0,25.01,0.00039999999999995595,2026-08-07,,,,,,,,
CUT,2026-08-06,30.2,30.75,0.01821192052980125,2026-08-07,,,,,,,,
CUVL,2026-08-06,6.72,6.68,-0.005952380952380931,2026-08-07,,,,,,,,
CUZ,2026-08-06,29.83,29.62,-0.007039892725444141,2026-08-07,,,,,,,,
CV,2026-08-06,6.9,7.1,0.02898550724637672,2026-08-07,,,,,,,,
CVAR,2026-08-06,30.69,30.92,0.007494297816878381,2026-08-07,,,,,,,,
CVBF,2026-08-06,22.71,22.66,-0.0022016732716865217,2026-08-07,,,,,,,,
CVCO,2026-08-06,578.17,592.23,0.024318107131120703,2026-08-07,,,,,,,,
CVE,2026-08-06,28.25,28.25,0.0,2026-08-07,,,,,,,,
CVEO,2026-08-06,31.45,30.76,-0.02193958664546891,2026-08-07,,,,,,,,
CVGD,2026-08-06,26.65,26.85,0.0075046904315199114,2026-08-07,,,,,,,,
CVGI,2026-08-06,3.64,3.63,-0.0027472527472528485,2026-08-07,,,,,,,,
CVI,2026-08-06,31.37,31.15,-0.00701306981192229,2026-08-07,,,,,,,,
CVIE,2026-08-06,84.34,85.24,0.010671093194213777,2026-08-07,,,,,,,,
CVKD,2026-08-06,1.87,1.95,0.04278074866310155,2026-08-07,,,,,,,,
CVLC,2026-08-06,96.65,97.28,0.006518365235385293,2026-08-07,,,,,,,,
CVLG,2026-08-06,34.94,34.65,-0.008299942759015466,2026-08-07,,,,,,,,
CVLT,2026-08-06,133.36,135.27,0.014322135572885308,2026-08-07,,,,,,,,
CVM,2026-08-06,1.61,1.72,0.06832298136645965,2026-08-07,,,,,,,,
CVMC,2026-08-06,77.22,78.05,0.010748510748510798,2026-08-07,,,,,,,,
CVNA,2026-08-06,68.34,70.85,0.036728124085454894,2026-08-07,,,,,,,,
CVNY,2026-08-06,20.81,21.49,0.03267659778952425,2026-08-07,,,,,,,,
CVR,2026-08-06,10.38,10.61,0.02215799614643532,2026-08-07,,,,,,,,
CVRD,2026-08-06,18.55,18.67,0.006469002695417947,2026-08-07,,,,,,,,
CVRT,2026-08-06,47.94,48.31,0.007717980809345049,2026-08-07,,,,,,,,
CVRX,2026-08-06,5.94,2.39,-0.5976430976430976,2026-08-07,,,,,,,,
CVS,2026-08-06,96.22,95.7,-0.0054042818540843696,2026-08-07,,,,,,,,
CVSA,2026-08-06,124.26,140.98,0.13455657492354733,2026-08-07,,,,,,,,
CVSB,2026-08-06,50.66,50.68,0.00039478878799847905,2026-08-07,,,,,,,,
CVSM,2026-08-06,26.48,26.66,0.006797583081570968,2026-08-07,,,,,,,,
CVU,2026-08-06,5.15,5.17,0.003883495145631022,2026-08-07,,,,,,,,
CVV,2026-08-06,8.34,8.18,-0.01918465227817745,2026-08-07,,,,,,,,
CVX,2026-08-06,189.23,186.56,-0.014109813454526221,2026-08-07,,,,,,,,
CVY,2026-08-06,30.24,30.21,-0.0009920634920633775,2026-08-07,,,,,,,,
CW,2026-08-06,714.04,691.52,-0.031538849364181276,2026-08-07,,,,,,,,
CWB,2026-08-06,102.88,103.86,0.009525660964230243,2026-08-07,,,,,,,,
CWBC,2026-08-06,25.39,25.2,-0.0074832611264278315,2026-08-07,,,,,,,,
CWCO,2026-08-06,29.92,30.49,0.019050802139037426,2026-08-07,,,,,,,,
CWD,2026-08-06,0.47,0.52,0.1063829787234043,2026-08-07,,,,,,,,
CWEB,2026-08-06,25.11,25.53,0.016726403823178027,2026-08-07,,,,,,,,
CWEN,2026-08-06,32.85,32.65,-0.006088280060882911,2026-08-07,,,,,,,,
CWH,2026-08-06,6.23,6.32,0.014446227929374,2026-08-07,,,,,,,,
CWI,2026-08-06,40.96,41.27,0.007568359375,2026-08-07,,,,,,,,
CWK,2026-08-06,13.66,13.83,0.012445095168374776,2026-08-07,,,,,,,,
CWS,2026-08-06,72.42,72.64,0.0030378348522508425,2026-08-07,,,,,,,,
CWST,2026-08-06,90.46,89.41,-0.011607340260888721,2026-08-07,,,,,,,,
CWT,2026-08-06,49.43,50.53,0.022253692089823973,2026-08-07,,,,,,,,
CWVX,2026-08-06,16.32,18.34,0.12377450980392157,2026-08-07,,,,,,,,
CWY,2026-08-06,16.9,16.87,-0.0017751479289939143,2026-08-07,,,,,,,,
CX,2026-08-06,11.3,11.33,0.0026548672566371057,2026-08-07,,,,,,,,
CXAI,2026-08-06,0.14,0.16,0.1428571428571428,2026-08-07,,,,,,,,
CXDO,2026-08-06,6.49,6.67,0.027734976887519247,2026-08-07,,,,,,,,
CXII,2026-08-06,10.73,10.72,-0.0009319664492077884,2026-08-07,,,,,,,,
CXM,2026-08-06,6.61,6.86,0.03782148260211793,2026-08-07,,,,,,,,
CXRN,2026-08-06,16.45,16.42,-0.0018237082066867583,2026-08-07,,,,,,,,
CXSE,2026-08-06,38.86,39.43,0.014668039114770881,2026-08-07,,,,,,,,
CXT,2026-08-06,54.35,53.33,-0.0187672493100276,2026-08-07,,,,,,,,
CXW,2026-08-06,32.24,32.27,0.0009305210918113538,2026-08-07,,,,,,,,
CYAB,2026-08-06,0.33,0.33,0.0,2026-08-07,,,,,,,,
CYCN,2026-08-06,3.56,3.57,0.002808988764044784,2026-08-07,,,,,,,,
CYCU,2026-08-06,0.67,0.61,-0.08955223880597019,2026-08-07,,,,,,,,
CYD,2026-08-06,48.73,47.32,-0.02893494767083926,2026-08-07,,,,,,,,
CYH,2026-08-06,2.95,3.0,0.016949152542372836,2026-08-07,,,,,,,,
CYN,2026-08-06,1.11,1.23,0.10810810810810789,2026-08-07,,,,,,,,
CYPH,2026-08-06,0.67,0.69,0.02985074626865658,2026-08-07,,,,,,,,
CYRX,2026-08-06,14.71,15.12,0.027872195785179965,2026-08-07,,,,,,,,
CYTK,2026-08-06,81.37,76.76,-0.05665478677645319,2026-08-07,,,,,,,,
CZA,2026-08-06,127.26,127.16,-0.0007857928650008006,2026-08-07,,,,,,,,
CZAR,2026-08-06,33.01,33.01,0.0,2026-08-07,,,,,,,,
CZFS,2026-08-06,82.27,80.4,-0.022730035249787117,2026-08-07,,,,,,,,
CZNC,2026-08-06,25.27,25.36,0.0035615354174911573,2026-08-07,,,,,,,,
CZR,2026-08-06,30.05,30.15,0.0033277870216306127,2026-08-07,,,,,,,,
CZWI,2026-08-06,21.67,20.91,-0.035071527457314344,2026-08-07,,,,,,,,
D,2026-08-06,66.8,67.39,0.008832335329341356,2026-08-07,,,,,,,,
DAAQ,2026-08-06,8.66,8.14,-0.06004618937644335,2026-08-07,,,,,,,,
DABS,2026-08-06,50.24,50.36,0.0023885350318471055,2026-08-07,,,,,,,,
DAC,2026-08-06,143.15,140.72,-0.016975200838281523,2026-08-07,,,,,,,,
DADS,2026-08-06,19.8,19.82,0.0010101010101009056,2026-08-07,,,,,,,,
DAIC,2026-08-06,0.8,0.77,-0.03749999999999998,2026-08-07,,,,,,,,
DAIO,2026-08-06,2.99,2.98,-0.0033444816053512794,2026-08-07,,,,,,,,
DAK,2026-08-06,29.98,30.1,0.004002668445630464,2026-08-07,,,,,,,,
DAKT,2026-08-06,21.74,21.43,-0.014259429622815012,2026-08-07,,,,,,,,
DAL,2026-08-06,91.98,91.34,-0.006958034355294629,2026-08-07,,,,,,,,
DALI,2026-08-06,28.96,29.08,0.004143646408839796,2026-08-07,,,,,,,,
DAMD,2026-08-06,1.58,1.63,0.03164556962025311,2026-08-07,,,,,,,,
DAN,2026-08-06,27.32,28.44,0.0409956076134701,2026-08-07,,,,,,,,
DANA,2026-08-06,25.0,25.05,0.0020000000000000018,2026-08-07,,,,,,,,
DAO,2026-08-06,17.54,18.14,0.03420752565564422,2026-08-07,,,,,,,,
DAPP,2026-08-06,17.43,17.69,0.014916810097532984,2026-08-07,,,,,,,,
DAPR,2026-08-06,41.49,41.57,0.0019281754639672855,2026-08-07,,,,,,,,
DAR,2026-08-06,60.51,59.41,-0.018178813419269524,2026-08-07,,,,,,,,
DARE,2026-08-06,1.33,1.4,0.05263157894736836,2026-08-07,,,,,,,,
DARP,2026-08-06,57.3,58.13,0.014485165794066335,2026-08-07,,,,,,,,
DASH,2026-08-06,213.26,216.26,0.014067335646628543,2026-08-07,,,,,,,,
DAT,2026-08-06,47.01,48.67,0.03531163582216568,2026-08-07,,,,,,,,
DAUG,2026-08-06,47.43,47.46,0.0006325110689437974,2026-08-07,,,,,,,,
DAVA,2026-08-06,2.91,2.95,0.013745704467353903,2026-08-07,,,,,,,,
DAVE,2026-08-06,365.26,317.93,-0.12957893007720522,2026-08-07,,,,,,,,
DAX,2026-08-06,46.63,47.15,0.011151619129315726,2026-08-07,,,,,,,,
DB,2026-08-06,37.63,38.06,0.011427052883337785,2026-08-07,,,,,,,,
DBA,2026-08-06,27.43,27.62,0.006926722566533039,2026-08-07,,,,,,,,
DBAW,2026-08-06,48.2,48.46,0.0053941908713692754,2026-08-07,,,,,,,,
DBB,2026-08-06,25.54,25.37,-0.006656225528582582,2026-08-07,,,,,,,,
DBC,2026-08-06,28.86,28.91,0.0017325017325018344,2026-08-07,,,,,,,,
DBCA,2026-08-06,10.01,10.01,0.0,2026-08-07,,,,,,,,
DBD,2026-08-06,74.56,75.38,0.010997854077253066,2026-08-07,,,,,,,,
DBE,2026-08-06,29.54,29.43,-0.003723764387271511,2026-08-07,,,,,,,,
DBEF,2026-08-06,55.9,56.26,0.006440071556350624,2026-08-07,,,,,,,,
DBEM,2026-08-06,38.36,38.56,0.005213764337852034,2026-08-07,,,,,,,,
DBEU,2026-08-06,55.1,55.32,0.0039927404718693715,2026-08-07,,,,,,,,
DBEZ,2026-08-06,63.89,64.14,0.003912975426514365,2026-08-07,,,,,,,,
DBGI,2026-08-06,14.63,15.35,0.04921394395078593,2026-08-07,,,,,,,,
DBI,2026-08-06,6.62,6.55,-0.010574018126888296,2026-08-07,,,,,,,,
DBJP,2026-08-06,114.21,115.58,0.011995446983626756,2026-08-07,,,,,,,,
DBL,2026-08-06,14.15,14.16,0.0007067137809186885,2026-08-07,,,,,,,,
DBMF,2026-08-06,30.94,30.93,-0.0003232062055591456,2026-08-07,,,,,,,,
DBND,2026-08-06,44.92,45.01,0.002003561887800487,2026-08-07,,,,,,,,
DBO,2026-08-06,19.67,19.59,-0.004067107269954295,2026-08-07,,,,,,,,
DBP,2026-08-06,97.65,100.0,0.02406554019457241,2026-08-07,,,,,,,,
DBRG,2026-08-06,15.94,15.94,0.0,2026-08-07,,,,,,,,
DBVT,2026-08-06,13.74,13.48,-0.018922852983988325,2026-08-07,,,,,,,,
DBX,2026-08-06,34.54,34.81,0.00781702374059079,2026-08-07,,,,,,,,
DC,2026-08-06,5.52,6.0,0.0869565217391306,2026-08-07,,,,,,,,
DCBO,2026-08-06,20.48,22.3,0.0888671875,2026-08-07,,,,,,,,
DCGO,2026-08-06,0.62,0.63,0.016129032258064502,2026-08-07,,,,,,,,
DCH,2026-08-06,5.67,6.35,0.11992945326278659,2026-08-07,,,,,,,,
DCI,2026-08-06,98.34,98.61,0.0027455765710799884,2026-08-07,,,,,,,,
DCMT,2026-08-06,33.03,33.14,0.003330305782621945,2026-08-07,,,,,,,,
DCO,2026-08-06,201.46,197.07,-0.02179092623845935,2026-08-07,,,,,,,,
DCOM,2026-08-06,41.09,40.32,-0.01873935264054527,2026-08-07,,,,,,,,
DCOR,2026-08-06,84.63,85.19,0.006617038875103454,2026-08-07,,,,,,,,
DCOY,2026-08-06,4.06,3.93,-0.03201970443349744,2026-08-07,,,,,,,,
DCRE,2026-08-06,51.53,51.53,0.0,2026-08-07,,,,,,,,
DCTH,2026-08-06,15.47,15.11,-0.023270846800258593,2026-08-07,,,,,,,,
DCX,2026-08-06,1.0,0.97,-0.030000000000000027,2026-08-07,,,,,,,,
DD,2026-08-06,144.05,142.47,-0.01096841374522739,2026-08-07,,,,,,,,
DDC,2026-08-06,0.42,0.43,0.023809523809523725,2026-08-07,,,,,,,,
DDD,2026-08-06,3.54,3.69,0.04237288135593209,2026-08-07,,,,,,,,
DDDD,2026-08-06,33.06,33.29,0.006957047791893434,2026-08-07,,,,,,,,
DDEC,2026-08-06,48.16,48.23,0.0014534883720931369,2026-08-07,,,,,,,,
DDFA,2026-08-06,20.42,20.42,0.0,2026-08-07,,,,,,,,
DDFD,2026-08-06,20.22,20.23,0.0004945598417409602,2026-08-07,,,,,,,,
DDFF,2026-08-06,20.18,20.21,0.0014866204162538033,2026-08-07,,,,,,,,
DDFG,2026-08-06,19.36,19.4,0.0020661157024792765,2026-08-07,,,,,,,,
DDFJ,2026-08-06,19.95,20.0,0.0025062656641603454,2026-08-07,,,,,,,,
DDFL,2026-08-06,21.53,21.57,0.0018578727357174696,2026-08-07,,,,,,,,
DDFM,2026-08-06,19.97,20.0,0.001502253380070151,2026-08-07,,,,,,,,
DDFN,2026-08-06,20.34,20.36,0.000983284169124854,2026-08-07,,,,,,,,
DDFO,2026-08-06,22.73,22.72,-0.0004399472063353338,2026-08-07,,,,,,,,
DDFS,2026-08-06,22.17,22.17,0.0,2026-08-07,,,,,,,,
DDFY,2026-08-06,20.32,20.36,0.0019685039370078705,2026-08-07,,,,,,,,
DDFZ,2026-08-06,19.63,19.67,0.002037697401936045,2026-08-07,,,,,,,,
DDI,2026-08-06,11.9,11.86,-0.003361344537815225,2026-08-07,,,,,,,,
DDIV,2026-08-06,46.96,47.16,0.004258943781942026,2026-08-07,,,,,,,,
DDL,2026-08-06,2.24,2.3,0.02678571428571419,2026-08-07,,,,,,,,
DDLS,2026-08-06,45.73,45.87,0.0030614476273780333,2026-08-07,,,,,,,,
DDM,2026-08-06,69.05,69.42,0.005358435916003046,2026-08-07,,,,,,,,
DDNQ,2026-08-06,20.64,20.79,0.007267441860465018,2026-08-07,,,,,,,,
DDOG,2026-08-06,229.29,233.93,0.02023638187448218,2026-08-07,,,,,,,,
DDS,2026-08-06,617.07,612.14,-0.007989369115335432,2026-08-07,,,,,,,,
DDSQ,2026-08-06,21.39,21.38,-0.00046750818139329464,2026-08-07,,,,,,,,
DDTA,2026-08-06,20.74,20.74,0.0,2026-08-07,,,,,,,,
DDTD,2026-08-06,20.7,20.73,0.0014492753623189802,2026-08-07,,,,,,,,
DDTF,2026-08-06,20.55,20.61,0.0029197080291969435,2026-08-07,,,,,,,,
DDTG,2026-08-06,19.35,19.51,0.008268733850129273,2026-08-07,,,,,,,,
DDTJ,2026-08-06,20.42,20.47,0.0024485798237021683,2026-08-07,,,,,,,,
DDTL,2026-08-06,22.4,22.41,0.0004464285714287364,2026-08-07,,,,,,,,
DDTM,2026-08-06,20.39,20.42,0.0014713094654241754,2026-08-07,,,,,,,,
DDTN,2026-08-06,20.78,20.83,0.002406159769008598,2026-08-07,,,,,,,,
DDTO,2026-08-06,23.33,23.33,0.0,2026-08-07,,,,,,,,
DDTS,2026-08-06,22.86,22.89,0.001312335958005395,2026-08-07,,,,,,,,
DDTY,2026-08-06,20.56,20.62,0.0029182879377434023,2026-08-07,,,,,,,,
DDTZ,2026-08-06,19.72,19.82,0.005070993914807476,2026-08-07,,,,,,,,
DDV,2026-08-06,25.41,25.45,0.0015741833923652582,2026-08-07,,,,,,,,
DDWM,2026-08-06,47.52,47.73,0.004419191919191823,2026-08-07,,,,,,,,
DDX,2026-08-06,25.27,25.36,0.0035615354174911573,2026-08-07,,,,,,,,
DDXX,2026-08-06,28.46,28.7,0.008432888264230387,2026-08-07,,,,,,,,
DE,2026-08-06,614.84,620.83,0.009742371999219346,2026-08-07,,,,,,,,
DEA,2026-08-06,24.89,24.96,0.0028123744475692103,2026-08-07,,,,,,,,
DEC,2026-08-06,13.49,13.85,0.026686434395848835,2026-08-07,,,,,,,,
DECK,2026-08-06,97.87,97.46,-0.004189230612036465,2026-08-07,,,,,,,,
DECM,2026-08-06,34.03,34.06,0.0008815750808111034,2026-08-07,,,,,,,,
DECO,2026-08-06,73.81,73.56,-0.003387074922097222,2026-08-07,,,,,,,,
DECP,2026-08-06,33.13,33.24,0.003320253546634344,2026-08-07,,,,,,,,
DECT,2026-08-06,40.11,40.24,0.003241087010720678,2026-08-07,,,,,,,,
DECU,2026-08-06,29.83,30.0,0.00569896077774068,2026-08-07,,,,,,,,
DECW,2026-08-06,36.18,36.24,0.0016583747927032544,2026-08-07,,,,,,,,
DECZ,2026-08-06,44.15,44.43,0.006342015855039573,2026-08-07,,,,,,,,
DEED,2026-08-06,21.12,21.14,0.0009469696969697239,2026-08-07,,,,,,,,
DEEF,2026-08-06,40.22,40.67,0.011188463451019537,2026-08-07,,,,,,,,
DEEP,2026-08-06,43.43,43.93,0.011512779184895239,2026-08-07,,,,,,,,
DEFI,2026-08-06,72.86,73.46,0.008234971177600858,2026-08-07,,,,,,,,
DEFR,2026-08-06,26.62,26.68,0.002253944402704766,2026-08-07,,,,,,,,
DEFT,2026-08-06,0.43,0.47,0.09302325581395343,2026-08-07,,,,,,,,
DEHP,2026-08-06,40.07,40.33,0.006488644871474936,2026-08-07,,,,,,,,
DEI,2026-08-06,11.5,11.69,0.016521739130434643,2026-08-07,,,,,,,,
DELL,2026-08-06,437.65,453.77,0.036833085799154563,2026-08-07,,,,,,,,
DEM,2026-08-06,54.5,54.69,0.003486238532109942,2026-08-07,,,,,,,,
DEMZ,2026-08-06,48.24,48.49,0.005182421227197365,2026-08-07,,,,,,,,
DEO,2026-08-06,92.8,96.35,0.038254310344827624,2026-08-07,,,,,,,,
DERM,2026-08-06,6.53,6.43,-0.015313935681470214,2026-08-07,,,,,,,,
DES,2026-08-06,41.05,41.26,0.005115712545675999,2026-08-07,,,,,,,,
DESK,2026-08-06,41.25,41.63,0.009212121212121227,2026-08-07,,,,,,,,
DETX,2026-08-06,3.01,3.02,0.0033222591362127574,2026-08-07,,,,,,,,
DEUS,2026-08-06,67.41,67.76,0.005192107995846351,2026-08-07,,,,,,,,
DEW,2026-08-06,71.72,71.99,0.0037646402677076196,2026-08-07,,,,,,,,
DEXC,2026-08-06,76.2,76.66,0.006036745406823973,2026-08-07,,,,,,,,
DFAC,2026-08-06,45.62,45.93,0.0067952652345462106,2026-08-07,,,,,,,,
DFAE,2026-08-06,38.49,38.83,0.008833463237204464,2026-08-07,,,,,,,,
DFAI,2026-08-06,42.83,43.31,0.011207097828624946,2026-08-07,,,,,,,,
DFAL,2026-08-06,51.72,52.07,0.006767208043310102,2026-08-07,,,,,,,,
DFAR,2026-08-06,26.47,26.59,0.004533434076312792,2026-08-07,,,,,,,,
DFAS,2026-08-06,82.72,83.49,0.00930851063829774,2026-08-07,,,,,,,,
DFAT,2026-08-06,71.66,71.97,0.004325983812447642,2026-08-07,,,,,,,,
DFAU,2026-08-06,53.19,53.53,0.00639217898101152,2026-08-07,,,,,,,,
DFAW,2026-08-06,84.98,85.58,0.00706048481995758,2026-08-07,,,,,,,,
DFAX,2026-08-06,37.48,37.85,0.009871931696905145,2026-08-07,,,,,,,,
DFCA,2026-08-06,49.61,49.74,0.002620439427534871,2026-08-07,,,,,,,,
DFCF,2026-08-06,41.68,41.75,0.0016794625719769307,2026-08-07,,,,,,,,
DFDV,2026-08-06,2.72,2.89,0.0625,2026-08-07,,,,,,,,
DFE,2026-08-06,76.27,76.82,0.007211223285695567,2026-08-07,,,,,,,,
DFEB,2026-08-06,51.24,51.33,0.0017564402810303914,2026-08-07,,,,,,,,
DFEM,2026-08-06,38.96,39.26,0.007700205338808885,2026-08-07,,,,,,,,
DFEN,2026-08-06,85.21,85.94,0.00856706959277087,2026-08-07,,,,,,,,
DFEV,2026-08-06,40.94,41.29,0.008549096238397613,2026-08-07,,,,,,,,
DFGP,2026-08-06,53.54,53.65,0.002054538662682015,2026-08-07,,,,,,,,
DFGR,2026-08-06,29.51,29.66,0.00508302270416805,2026-08-07,,,,,,,,
DFGX,2026-08-06,52.47,52.58,0.002096436058700135,2026-08-07,,,,,,,,
DFH,2026-08-06,14.02,15.03,0.07203994293865912,2026-08-07,,,,,,,,
DFIC,2026-08-06,38.82,39.23,0.010561566202988093,2026-08-07,,,,,,,,
DFII,2026-08-06,11.77,11.88,0.009345794392523477,2026-08-07,,,,,,,,
DFIN,2026-08-06,48.38,47.38,-0.02066969822240594,2026-08-07,,,,,,,,
DFIP,2026-08-06,40.53,40.61,0.001973846533432022,2026-08-07,,,,,,,,
DFIS,2026-08-06,36.82,37.24,0.011406844106463865,2026-08-07,,,,,,,,
DFIV,2026-08-06,57.65,57.98,0.005724197745012871,2026-08-07,,,,,,,,
DFJ,2026-08-06,111.99,112.64,0.005804089650861766,2026-08-07,,,,,,,,
DFLI,2026-08-06,1.17,1.32,0.12820512820512842,2026-08-07,,,,,,,,
DFLV,2026-08-06,41.34,41.51,0.004112239961296504,2026-08-07,,,,,,,,
DFMC,2026-08-06,61.42,61.79,0.0060240963855420215,2026-08-07,,,,,,,,
DFNL,2026-08-06,52.36,52.32,-0.0007639419404125158,2026-08-07,,,,,,,,
DFNM,2026-08-06,47.79,47.85,0.0012554927809165228,2026-08-07,,,,,,,,
DFNS,2026-08-06,46.0,37.95,-0.17499999999999993,2026-08-07,,,,,,,,
DFP,2026-08-06,20.68,20.81,0.006286266924564687,2026-08-07,,,,,,,,
DFSB,2026-08-06,50.98,51.06,0.0015692428403295544,2026-08-07,,,,,,,,
DFSC,2026-08-06,1.23,1.26,0.024390243902439046,2026-08-07,,,,,,,,
DFSD,2026-08-06,47.38,47.45,0.0014774166314901471,2026-08-07,,,,,,,,
DFSE,2026-08-06,47.53,47.93,0.008415737428992154,2026-08-07,,,,,,,,
DFSI,2026-08-06,46.9,47.24,0.0072494669509595155,2026-08-07,,,,,,,,
DFSU,2026-08-06,48.48,48.86,0.007838283828382808,2026-08-07,,,,,,,,
DFSV,2026-08-06,40.11,40.29,0.004487658937920802,2026-08-07,,,,,,,,
DFTT,2026-08-06,30.39,30.59,0.006581112207963091,2026-08-07,,,,,,,,
DFTX,2026-08-06,46.14,46.14,0.0,2026-08-07,,,,,,,,
DFUS,2026-08-06,83.98,84.55,0.006787330316742057,2026-08-07,,,,,,,,
DFUV,2026-08-06,56.52,56.89,0.006546355272469828,2026-08-07,,,,,,,,
DFVE,2026-08-06,37.05,37.21,0.004318488529014841,2026-08-07,,,,,,,,
DFVX,2026-08-06,85.51,85.73,0.002572798503098994,2026-08-07,,,,,,,,
DG,2026-08-06,127.45,126.59,-0.006747744213417062,2026-08-07,,,,,,,,
DGAC,2026-08-06,9.96,9.95,-0.0010040160642571516,2026-08-07,,,,,,,,
DGAP,2026-08-06,30.87,30.9,0.0009718172983477213,2026-08-07,,,,,,,,
DGCB,2026-08-06,53.51,53.58,0.0013081666978134177,2026-08-07,,,,,,,,
DGICA,2026-08-06,19.53,19.24,-0.014848950332821409,2026-08-07,,,,,,,,
DGII,2026-08-06,83.01,81.7,-0.015781231176966615,2026-08-07,,,,,,,,
DGIN,2026-08-06,36.66,36.91,0.006819421713038842,2026-08-07,,,,,,,,
DGJA,2026-08-06,31.93,31.96,0.0009395552771689353,2026-08-07,,,,,,,,
DGJL,2026-08-06,30.14,30.15,0.00033178500331776384,2026-08-07,,,,,,,,
DGLO,2026-08-06,24.35,24.41,0.002464065708418728,2026-08-07,,,,,,,,
DGNX,2026-08-06,1.47,1.52,0.03401360544217691,2026-08-07,,,,,,,,
DGOC,2026-08-06,32.74,32.75,0.00030543677458760854,2026-08-07,,,,,,,,
DGP,2026-08-06,143.98,150.13,0.04271426587025973,2026-08-07,,,,,,,,
DGRE,2026-08-06,39.45,39.57,0.003041825095057016,2026-08-07,,,,,,,,
DGRO,2026-08-06,79.15,79.47,0.00404295641187602,2026-08-07,,,,,,,,
DGRS,2026-08-06,60.92,61.19,0.0044320420223242785,2026-08-07,,,,,,,,
DGRW,2026-08-06,99.45,100.02,0.005731523378582182,2026-08-07,,,,,,,,
DGS,2026-08-06,63.51,63.86,0.005510943158557824,2026-08-07,,,,,,,,
DGT,2026-08-06,190.53,191.87,0.0070330131737783574,2026-08-07,,,,,,,,
DGX,2026-08-06,238.5,238.35,-0.0006289308176100628,2026-08-07,,,,,,,,
DGXX,2026-08-06,3.75,3.91,0.04266666666666663,2026-08-07,,,,,,,,
DGZ,2026-08-06,5.6,5.38,-0.03928571428571426,2026-08-07,,,,,,,,
DH,2026-08-06,0.69,0.71,0.02898550724637694,2026-08-07,,,,,,,,
DHC,2026-08-06,8.72,8.82,0.011467889908256756,2026-08-07,,,,,,,,
DHDG,2026-08-06,37.45,37.52,0.0018691588785046953,2026-08-07,,,,,,,,
DHF,2026-08-06,2.37,2.37,0.0,2026-08-07,,,,,,,,
DHI,2026-08-06,146.01,151.08,0.03472364906513259,2026-08-07,,,,,,,,
DHLX,2026-08-06,13.91,13.92,0.0007189072609632419,2026-08-07,,,,,,,,
DHR,2026-08-06,199.98,204.76,0.023902390239023852,2026-08-07,,,,,,,,
DHS,2026-08-06,116.66,117.28,0.005314589405108983,2026-08-07,,,,,,,,
DHSB,2026-08-06,27.44,27.48,0.001457725947521915,2026-08-07,,,,,,,,
DHT,2026-08-06,18.35,18.76,0.022343324250681196,2026-08-07,,,,,,,,
DHX,2026-08-06,4.13,3.98,-0.036319612590798966,2026-08-07,,,,,,,,
DHY,2026-08-06,1.72,1.74,0.011627906976744207,2026-08-07,,,,,,,,
DIA,2026-08-06,538.19,539.62,0.002657054200189357,2026-08-07,,,,,,,,
DIAL,2026-08-06,17.93,17.98,0.002788622420524245,2026-08-07,,,,,,,,
DIBS,2026-08-06,4.96,5.08,0.024193548387096753,2026-08-07,,,,,,,,
DIEM,2026-08-06,41.26,41.61,0.008482792050412025,2026-08-07,,,,,,,,
DIG,2026-08-06,58.29,56.83,-0.02504717790358557,2026-08-07,,,,,,,,
DIHP,2026-08-06,35.1,35.62,0.014814814814814614,2026-08-07,,,,,,,,
DIM,2026-08-06,88.84,89.49,0.007316524088248455,2026-08-07,,,,,,,,
DIME,2026-08-06,7.46,7.38,-0.01072386058981234,2026-08-07,,,,,,,,
DIN,2026-08-06,35.5,35.69,0.0053521126760562865,2026-08-07,,,,,,,,
DINE,2026-08-06,25.08,25.16,0.0031897926634769647,2026-08-07,,,,,,,,
DINO,2026-08-06,82.92,81.41,-0.018210323203087353,2026-08-07,,,,,,,,
DINT,2026-08-06,30.08,30.49,0.013630319148936199,2026-08-07,,,,,,,,
DIOD,2026-08-06,98.72,105.17,0.06533630470016205,2026-08-07,,,,,,,,
DIPR,2026-08-06,23.71,24.97,0.053142134120624185,2026-08-07,,,,,,,,
DIPS,2026-08-06,34.6,34.07,-0.01531791907514457,2026-08-07,,,,,,,,
DIS,2026-08-06,104.68,104.91,0.0021971723347342653,2026-08-07,,,,,,,,
DISK,2026-08-06,34.11,33.0,-0.03254177660510116,2026-08-07,,,,,,,,
DISV,2026-08-06,43.36,43.87,0.011761992619926165,2026-08-07,,,,,,,,
DIT,2026-08-06,68.86,68.74,-0.0017426662794075565,2026-08-07,,,,,,,,
DIV,2026-08-06,19.64,19.68,0.0020366598778003286,2026-08-07,,,,,,,,
DIVB,2026-08-06,66.83,67.3,0.007032769714200082,2026-08-07,,,,,,,,
DIVD,2026-08-06,44.64,44.88,0.005376344086021501,2026-08-07,,,,,,,,
DIVE,2026-08-06,27.36,27.52,0.005847953216374213,2026-08-07,,,,,,,,
DIVG,2026-08-06,37.92,38.05,0.003428270042193926,2026-08-07,,,,,,,,
DIVI,2026-08-06,44.31,44.75,0.009930038366057214,2026-08-07,,,,,,,,
DIVL,2026-08-06,25.26,25.38,0.004750593824227822,2026-08-07,,,,,,,,
DIVN,2026-08-06,29.98,30.17,0.006337558372248253,2026-08-07,,,,,,,,
DIVO,2026-08-06,47.89,48.0,0.002296930465650382,2026-08-07,,,,,,,,
DIVP,2026-08-06,27.32,27.52,0.007320644216691097,2026-08-07,,,,,,,,
DIVS,2026-08-06,34.92,35.08,0.004581901489117968,2026-08-07,,,,,,,,
DIVY,2026-08-06,30.63,30.72,0.002938295788442735,2026-08-07,,,,,,,,
DIVZ,2026-08-06,38.21,38.31,0.002617115938235992,2026-08-07,,,,,,,,
DJAN,2026-08-06,46.25,46.33,0.0017297297297296232,2026-08-07,,,,,,,,
DJCO,2026-08-06,576.85,564.69,-0.021080003467105812,2026-08-07,,,,,,,,
DJD,2026-08-06,65.6,65.78,0.002743902439024559,2026-08-07,,,,,,,,
DJIA,2026-08-06,22.81,22.85,0.0017536168347216385,2026-08-07,,,,,,,,
DJP,2026-08-06,46.75,47.02,0.005775401069518793,2026-08-07,,,,,,,,
DJT,2026-08-06,9.89,10.21,0.032355915065722884,2026-08-07,,,,,,,,
DJTU,2026-08-06,14.59,15.55,0.06579849211788913,2026-08-07,,,,,,,,
DJUL,2026-08-06,51.14,51.25,0.002150958154086835,2026-08-07,,,,,,,,
DJUN,2026-08-06,50.06,50.22,0.0031961646024769585,2026-08-07,,,,,,,,
DK,2026-08-06,58.69,58.46,-0.003918895893678553,2026-08-07,,,,,,,,
DKI,2026-08-06,3.6,3.67,0.019444444444444375,2026-08-07,,,,,,,,
DKL,2026-08-06,58.9,56.75,-0.03650254668930386,2026-08-07,,,,,,,,
DKNG,2026-08-06,22.17,24.03,0.08389715832205691,2026-08-07,,,,,,,,
DKNX,2026-08-06,14.45,16.86,0.16678200692041534,2026-08-07,,,,,,,,
DKS,2026-08-06,198.62,208.84,0.051455039774443545,2026-08-07,,,,,,,,
DLAG,2026-08-06,33.5,33.52,0.0005970149253731183,2026-08-07,,,,,,,,
DLB,2026-08-06,60.92,61.77,0.013952724885095247,2026-08-07,,,,,,,,
DLCU,2026-08-06,49.83,50.15,0.006421834236403745,2026-08-07,,,,,,,,
DLFE,2026-08-06,32.19,32.24,0.00155327741534661,2026-08-07,,,,,,,,
DLHC,2026-08-06,4.86,4.82,-0.008230452674897082,2026-08-07,,,,,,,,
DLLL,2026-08-06,23.7,25.4,0.07172995780590719,2026-08-07,,,,,,,,
DLMY,2026-08-06,30.43,30.51,0.0026289845547158297,2026-08-07,,,,,,,,
DLN,2026-08-06,100.27,100.64,0.0036900369003689537,2026-08-07,,,,,,,,
DLNG,2026-08-06,3.9,3.76,-0.03589743589743588,2026-08-07,,,,,,,,
DLNV,2026-08-06,33.42,33.45,0.0008976660682227244,2026-08-07,,,,,,,,
DLO,2026-08-06,14.77,14.4,-0.025050778605280932,2026-08-07,,,,,,,,
DLPN,2026-08-06,1.08,1.1,0.0185185185185186,2026-08-07,,,,,,,,
DLR,2026-08-06,192.56,193.8,0.006439551308683011,2026-08-07,,,,,,,,
DLS,2026-08-06,87.42,88.24,0.009380004575611833,2026-08-07,,,,,,,,
DLTH,2026-08-06,4.16,4.18,0.004807692307692291,2026-08-07,,,,,,,,
DLTR,2026-08-06,129.68,130.9,0.009407772979642237,2026-08-07,,,,,,,,
DLUX,2026-08-06,50.28,50.27,-0.00019888623707231545,2026-08-07,,,,,,,,
DLX,2026-08-06,26.09,25.01,-0.041395170563434225,2026-08-07,,,,,,,,
DLXY,2026-08-06,0.37,0.38,0.027027027027026973,2026-08-07,,,,,,,,
DLY,2026-08-06,14.07,14.21,0.00995024875621886,2026-08-07,,,,,,,,
DMA,2026-08-06,7.64,7.61,-0.003926701570680535,2026-08-07,,,,,,,,
DMAA,2026-08-06,10.71,10.7,-0.0009337068160598649,2026-08-07,,,,,,,,
DMAC,2026-08-06,6.77,6.75,-0.002954209748892156,2026-08-07,,,,,,,,
DMAR,2026-08-06,45.31,45.31,0.0,2026-08-07,,,,,,,,
DMAX,2026-08-06,27.59,27.61,0.0007249003262050913,2026-08-07,,,,,,,,
DMAY,2026-08-06,47.83,47.98,0.003136107045787151,2026-08-07,,,,,,,,
DMB,2026-08-06,10.59,10.66,0.006610009442870712,2026-08-07,,,,,,,,
DMBS,2026-08-06,48.25,48.35,0.002072538860103723,2026-08-07,,,,,,,,
DMC,2026-08-06,29.9,30.75,0.028428093645485042,2026-08-07,,,,,,,,
DMII,2026-08-06,10.12,10.14,0.001976284584980448,2026-08-07,,,,,,,,
DMLP,2026-08-06,25.82,26.08,0.010069713400464586,2026-08-07,,,,,,,,
DMO,2026-08-06,10.39,10.48,0.008662175168431263,2026-08-07,,,,,,,,
DMRA,2026-08-06,29.88,29.92,0.0013386880856760541,2026-08-07,,,,,,,,
DMRC,2026-08-06,7.63,7.95,0.041939711664482404,2026-08-07,,,,,,,,
DMX,2026-08-06,49.98,50.03,0.0010004001600640855,2026-08-07,,,,,,,,
DMXF,2026-08-06,86.19,87.09,0.010442046641141678,2026-08-07,,,,,,,,
DNA,2026-08-06,8.5,7.97,-0.06235294117647061,2026-08-07,,,,,,,,
DNL,2026-08-06,46.16,46.8,0.013864818024263537,2026-08-07,,,,,,,,
DNLI,2026-08-06,24.73,24.83,0.004043671653861658,2026-08-07,,,,,,,,
DNMX,2026-08-06,10.04,10.03,-0.0009960159362549792,2026-08-07,,,,,,,,
DNN,2026-08-06,3.13,3.22,0.028753993610223683,2026-08-07,,,,,,,,
DNNG,2026-08-06,5.52,5.52,0.0,2026-08-07,,,,,,,,
DNOV,2026-08-06,52.11,52.19,0.0015352139704472023,2026-08-07,,,,,,,,
DNOW,2026-08-06,15.39,16.52,0.07342430149447687,2026-08-07,,,,,,,,
DNP,2026-08-06,10.74,10.85,0.010242085661080091,2026-08-07,,,,,,,,
DNTH,2026-08-06,109.92,108.92,-0.0090975254730713,2026-08-07,,,,,,,,
DNUT,2026-08-06,3.23,3.34,0.034055727554179516,2026-08-07,,,,,,,,
DOC,2026-08-06,21.1,21.41,0.01469194312796196,2026-08-07,,,,,,,,
DOCK,2026-08-06,27.02,27.19,0.006291635825314668,2026-08-07,,,,,,,,
DOCN,2026-08-06,122.23,124.15,0.01570809130328077,2026-08-07,,,,,,,,
DOCS,2026-08-06,20.66,27.4,0.3262342691190705,2026-08-07,,,,,,,,
DOCT,2026-08-06,47.38,47.47,0.0018995356690585385,2026-08-07,,,,,,,,
DOCU,2026-08-06,56.9,60.26,0.05905096660808429,2026-08-07,,,,,,,,
DOG,2026-08-06,21.09,21.05,-0.0018966334755807779,2026-08-07,,,,,,,,
DOGG,2026-08-06,22.03,22.08,0.002269632319564119,2026-08-07,,,,,,,,
DOGZ,2026-08-06,0.93,0.93,0.0,2026-08-07,,,,,,,,
DOJE,2026-08-06,6.36,6.46,0.015723270440251458,2026-08-07,,,,,,,,
DOL,2026-08-06,76.17,76.83,0.008664828672705793,2026-08-07,,,,,,,,
DOLE,2026-08-06,13.77,13.83,0.004357298474945592,2026-08-07,,,,,,,,
DOMH,2026-08-06,2.48,2.45,-0.012096774193548265,2026-08-07,,,,,,,,
DOMO,2026-08-06,3.8,3.91,0.02894736842105261,2026-08-07,,,,,,,,
DON,2026-08-06,57.99,58.28,0.005000862217623636,2026-08-07,,,,,,,,
DOO,2026-08-06,63.85,65.01,0.018167580266249095,2026-08-07,,,,,,,,
DORM,2026-08-06,137.58,140.91,0.024204099433057014,2026-08-07,,,,,,,,
DOUG,2026-08-06,1.79,1.78,-0.005586592178770999,2026-08-07,,,,,,,,
DOV,2026-08-06,210.84,211.13,0.0013754505786378601,2026-08-07,,,,,,,,
DOW,2026-08-06,30.3,29.34,-0.03168316831683171,2026-08-07,,,,,,,,
DOX,2026-08-06,59.12,58.55,-0.00964140730717189,2026-08-07,,,,,,,,
DOYU,2026-08-06,4.55,4.7,0.03296703296703307,2026-08-07,,,,,,,,
DPC,2026-08-06,56.84,52.44,-0.07741027445460957,2026-08-07,,,,,,,,
DPG,2026-08-06,14.48,14.57,0.006215469613259694,2026-08-07,,,,,,,,
DPRE,2026-08-06,26.3,26.38,0.003041825095057016,2026-08-07,,,,,,,,
DPRO,2026-08-06,4.45,4.65,0.04494382022471921,2026-08-07,,,,,,,,
DPST,2026-08-06,148.09,146.17,-0.01296508879735303,2026-08-07,,,,,,,,
DPU,2026-08-06,1.9,2.0,0.05263157894736836,2026-08-07,,,,,,,,
DPZ,2026-08-06,358.43,350.95,-0.02086878888485899,2026-08-07,,,,,,,,
DQ,2026-08-06,13.55,14.72,0.08634686346863463,2026-08-07,,,,,,,,
DQJN,2026-08-06,29.31,29.53,0.007505970658478356,2026-08-07,,,,,,,,
DRAI,2026-08-06,33.57,33.92,0.010425975573428614,2026-08-07,,,,,,,,
DRAL,2026-08-06,9.09,8.8,-0.03190319031903177,2026-08-07,,,,,,,,
DRAM,2026-08-06,51.44,50.6,-0.016329704510108844,2026-08-07,,,,,,,,
DRAY,2026-08-06,13.67,15.37,0.12435991221653242,2026-08-07,,,,,,,,
DRCT,2026-08-06,2.62,2.58,-0.01526717557251911,2026-08-07,,,,,,,,
DRD,2026-08-06,22.48,23.63,0.05115658362989328,2026-08-07,,,,,,,,
DRDB,2026-08-06,10.64,10.65,0.0009398496240602405,2026-08-07,,,,,,,,
DRES,2026-08-06,31.53,31.7,0.005391690453536269,2026-08-07,,,,,,,,
DRGN,2026-08-06,37.1,37.35,0.006738544474393482,2026-08-07,,,,,,,,
DRH,2026-08-06,12.64,12.53,-0.008702531645569667,2026-08-07,,,,,,,,
DRI,2026-08-06,210.94,213.76,0.013368730444676125,2026-08-07,,,,,,,,
DRIO,2026-08-06,7.75,7.3,-0.058064516129032295,2026-08-07,,,,,,,,
DRIP,2026-08-06,44.66,45.1,0.009852216748768683,2026-08-07,,,,,,,,
DRIV,2026-08-06,34.89,35.78,0.025508741759816544,2026-08-07,,,,,,,,
DRKY,2026-08-06,20.38,21.4,0.05004906771344464,2026-08-07,,,,,,,,
DRLL,2026-08-06,37.16,36.85,-0.008342303552206554,2026-08-07,,,,,,,,
DRMA,2026-08-06,1.11,1.1,-0.009009009009009028,2026-08-07,,,,,,,,
DRMP,2026-08-06,21.21,21.18,-0.0014144271570014633,2026-08-07,,,,,,,,
DRMY,2026-08-06,44.42,43.76,-0.014858171994597158,2026-08-07,,,,,,,,
DRN,2026-08-06,10.94,11.07,0.01188299817184646,2026-08-07,,,,,,,,
DRNL,2026-08-06,6.23,7.02,0.12680577849117158,2026-08-07,,,,,,,,
DRNZ,2026-08-06,22.6,23.56,0.04247787610619458,2026-08-07,,,,,,,,
DRS,2026-08-06,45.3,44.8,-0.01103752759381893,2026-08-07,,,,,,,,
DRSK,2026-08-06,28.92,29.02,0.003457814661134151,2026-08-07,,,,,,,,
DRTS,2026-08-06,12.99,13.14,0.011547344110854452,2026-08-07,,,,,,,,
DRUG,2026-08-06,80.8,79.33,-0.018193069306930654,2026-08-07,,,,,,,,
DRUP,2026-08-06,67.56,68.82,0.018650088809946563,2026-08-07,,,,,,,,
DRV,2026-08-06,18.17,17.95,-0.012107870115575237,2026-08-07,,,,,,,,
DRVN,2026-08-06,12.96,13.33,0.028549382716049232,2026-08-07,,,,,,,,
DRVR,2026-08-06,25.62,25.77,0.005854800936768045,2026-08-07,,,,,,,,
DSAC,2026-08-06,10.18,10.18,0.0,2026-08-07,,,,,,,,
DSC,2026-08-06,6.0,6.3,0.050000000000000044,2026-08-07,,,,,,,,
DSCO,2026-08-06,24.78,24.79,0.0004035512510087713,2026-08-07,,,,,,,,
DSEP,2026-08-06,48.2,48.3,0.0020746887966804906,2026-08-07,,,,,,,,
DSGN,2026-08-06,13.77,13.99,0.015976761074800283,2026-08-07,,,,,,,,
DSGR,2026-08-06,34.82,34.88,0.001723147616312426,2026-08-07,,,,,,,,
DSGX,2026-08-06,77.78,79.57,0.023013628182051882,2026-08-07,,,,,,,,
DSI,2026-08-06,146.41,147.32,0.006215422443822227,2026-08-07,,,,,,,,
DSL,2026-08-06,10.7,10.84,0.013084112149532867,2026-08-07,,,,,,,,
DSM,2026-08-06,5.88,5.92,0.006802721088435382,2026-08-07,,,,,,,,
DSMC,2026-08-06,43.26,43.73,0.010864539990753652,2026-08-07,,,,,,,,
DSP,2026-08-06,12.32,13.24,0.07467532467532467,2026-08-07,,,,,,,,
DSPY,2026-08-06,66.81,67.2,0.005837449483610202,2026-08-07,,,,,,,,
DSS,2026-08-06,0.5,0.51,0.020000000000000018,2026-08-07,,,,,,,,
DSTL,2026-08-06,66.62,67.35,0.010957670369258432,2026-08-07,,,,,,,,
DSTX,2026-08-06,35.57,36.22,0.018273826258082604,2026-08-07,,,,,,,,
DSU,2026-08-06,9.46,9.49,0.003171247357293794,2026-08-07,,,,,,,,
DSWL,2026-08-06,3.29,3.28,-0.003039513677811634,2026-08-07,,,,,,,,
DSX,2026-08-06,2.51,2.42,-0.03585657370517925,2026-08-07,,,,,,,,
DSY,2026-08-06,3.45,4.6,0.33333333333333326,2026-08-07,,,,,,,,
DT,2026-08-06,48.87,48.97,0.002046245140167713,2026-08-07,,,,,,,,
DTAN,2026-08-06,33.48,34.08,0.017921146953405076,2026-08-07,,,,,,,,
DTCR,2026-08-06,27.98,28.31,0.01179413867047896,2026-08-07,,,,,,,,
DTCX,2026-08-06,1.92,2.05,0.06770833333333326,2026-08-07,,,,,,,,
DTD,2026-08-06,96.81,97.21,0.004131804565643993,2026-08-07,,,,,,,,
DTE,2026-08-06,139.97,139.87,-0.0007144388083160091,2026-08-07,,,,,,,,
DTEC,2026-08-06,51.29,52.24,0.018522129069994175,2026-08-07,,,,,,,,
DTF,2026-08-06,11.47,11.55,0.006974716652136115,2026-08-07,,,,,,,,
DTH,2026-08-06,57.96,58.38,0.007246376811594235,2026-08-07,,,,,,,,
DTI,2026-08-06,2.35,2.28,-0.029787234042553346,2026-08-07,,,,,,,,
DTIL,2026-08-06,7.42,7.49,0.009433962264151052,2026-08-07,,,,,,,,
DTM,2026-08-06,132.92,131.44,-0.011134517002708288,2026-08-07,,,,,,,,
DTRE,2026-08-06,42.52,42.77,0.00587958607714012,2026-08-07,,,,,,,,
DTSQ,2026-08-06,11.24,11.26,0.001779359430605032,2026-08-07,,,,,,,,
DTSS,2026-08-06,0.79,0.79,0.0,2026-08-07,,,,,,,,
DTST,2026-08-06,3.32,3.34,0.006024096385542244,2026-08-07,,,,,,,,
DUBS,2026-08-06,42.97,43.26,0.006748894577612186,2026-08-07,,,,,,,,
DUG,2026-08-06,17.73,18.17,0.024816694867456413,2026-08-07,,,,,,,,
DUHP,2026-08-06,42.41,42.52,0.002593727894364628,2026-08-07,,,,,,,,
DUK,2026-08-06,123.9,124.85,0.007667473769168653,2026-08-07,,,,,,,,
DUKH,2026-08-06,23.73,23.78,0.0021070375052676393,2026-08-07,,,,,,,,
DUKQ,2026-08-06,31.73,32.06,0.010400252127324316,2026-08-07,,,,,,,,
DUKR,2026-08-06,5.65,5.38,-0.04778761061946912,2026-08-07,,,,,,,,
DUKX,2026-08-06,28.62,28.91,0.010132774283717616,2026-08-07,,,,,,,,
DUKZ,2026-08-06,25.22,25.27,0.0019825535289452745,2026-08-07,,,,,,,,
DULL,2026-08-06,63.44,59.12,-0.0680958385876419,2026-08-07,,,,,,,,
DUNK,2026-08-06,27.67,28.19,0.01879291651608228,2026-08-07,,,,,,,,
DUO,2026-08-06,0.59,0.63,0.06779661016949157,2026-08-07,,,,,,,,
DUOG,2026-08-06,41.32,47.14,0.14085188770571144,2026-08-07,,,,,,,,
DUOL,2026-08-06,122.58,130.9,0.06787404144232334,2026-08-07,,,,,,,,
DUOT,2026-08-06,8.69,9.24,0.06329113924050644,2026-08-07,,,,,,,,
DURA,2026-08-06,38.62,38.85,0.0059554634904195325,2026-08-07,,,,,,,,
DUSA,2026-08-06,57.32,57.5,0.003140265177948409,2026-08-07,,,,,,,,
DUSB,2026-08-06,50.78,50.83,0.000984639621898431,2026-08-07,,,,,,,,
DUSG,2026-08-06,53.09,53.68,0.011113203993218912,2026-08-07,,,,,,,,
DUSL,2026-08-06,102.04,102.41,0.0036260290082319457,2026-08-07,,,,,,,,
DUST,2026-08-06,48.55,41.75,-0.14006179196704427,2026-08-07,,,,,,,,
DUTY,2026-08-06,27.62,28.32,0.025343953656770335,2026-08-07,,,,,,,,
DV,2026-08-06,11.71,13.21,0.12809564474807855,2026-08-07,,,,,,,,
DVA,2026-08-06,180.67,183.77,0.017158355011900328,2026-08-07,,,,,,,,
DVAL,2026-08-06,16.56,16.64,0.004830917874396157,2026-08-07,,,,,,,,
DVDN,2026-08-06,15.43,15.72,0.0187945560596241,2026-08-07,,,,,,,,
DVGR,2026-08-06,27.45,27.59,0.0051001821493625865,2026-08-07,,,,,,,,
DVIN,2026-08-06,30.94,31.04,0.003232062055591456,2026-08-07,,,,,,,,
DVLT,2026-08-06,0.32,0.31,-0.03125,2026-08-07,,,,,,,,
DVLU,2026-08-06,41.52,41.69,0.004094412331406394,2026-08-07,,,,,,,,
DVN,2026-08-06,43.11,42.98,-0.0030155416376711486,2026-08-07,,,,,,,,
DVND,2026-08-06,39.67,39.89,0.005545752457776665,2026-08-07,,,,,,,,
DVOL,2026-08-06,37.89,37.82,-0.001847453153866474,2026-08-07,,,,,,,,
DVQQ,2026-08-06,31.46,31.77,0.009853782581055182,2026-08-07,,,,,,,,
DVRE,2026-08-06,24.84,25.03,0.007648953301127248,2026-08-07,,,,,,,,
DVSP,2026-08-06,30.08,30.33,0.008311170212766061,2026-08-07,,,,,,,,
DVUT,2026-08-06,25.3,25.59,0.01146245059288531,2026-08-07,,,,,,,,
DVVY,2026-08-06,27.51,27.62,0.003998545983278756,2026-08-07,,,,,,,,
DVXB,2026-08-06,28.54,29.16,0.021723896285914535,2026-08-07,,,,,,,,
DVXC,2026-08-06,23.69,23.73,0.0016884761502742318,2026-08-07,,,,,,,,
DVXE,2026-08-06,38.86,38.23,-0.016212043232115336,2026-08-07,,,,,,,,
DVXF,2026-08-06,28.8,28.59,-0.007291666666666696,2026-08-07,,,,,,,,
DVXK,2026-08-06,37.38,37.8,0.01123595505617958,2026-08-07,,,,,,,,
DVXP,2026-08-06,25.83,25.85,0.0007742934572203541,2026-08-07,,,,,,,,
DVXV,2026-08-06,33.0,33.27,0.00818181818181829,2026-08-07,,,,,,,,
DVXY,2026-08-06,22.61,22.94,0.014595311808934142,2026-08-07,,,,,,,,
DVY,2026-08-06,161.07,161.91,0.0052151238591917615,2026-08-07,,,,,,,,
DVYA,2026-08-06,51.05,51.56,0.0099902056807053,2026-08-07,,,,,,,,
DVYE,2026-08-06,34.16,34.24,0.0023419203747074846,2026-08-07,,,,,,,,
DWAS,2026-08-06,117.2,118.03,0.007081911262798668,2026-08-07,,,,,,,,
DWAW,2026-08-06,50.74,51.16,0.008277493102089029,2026-08-07,,,,,,,,
DWLD,2026-08-06,47.96,48.48,0.010842368640533673,2026-08-07,,,,,,,,
DWM,2026-08-06,76.31,76.98,0.008779976412003787,2026-08-07,,,,,,,,
DWMF,2026-08-06,34.22,34.26,0.0011689070718876593,2026-08-07,,,,,,,,
DWSH,2026-08-06,5.61,5.55,-0.010695187165775444,2026-08-07,,,,,,,,
DWSN,2026-08-06,4.78,4.35,-0.08995815899581605,2026-08-07,,,,,,,,
DWTX,2026-08-06,1.75,1.8,0.028571428571428692,2026-08-07,,,,,,,,
DWUS,2026-08-06,59.92,60.37,0.00751001335113477,2026-08-07,,,,,,,,
DWWN,2026-08-06,24.32,24.4,0.0032894736842103978,2026-08-07,,,,,,,,
DWX,2026-08-06,47.77,48.23,0.009629474565626905,2026-08-07,,,,,,,,
DX,2026-08-06,12.81,12.95,0.010928961748633892,2026-08-07,,,,,,,,
DXC,2026-08-06,11.09,10.84,-0.02254283137962132,2026-08-07,,,,,,,,
DXCM,2026-08-06,83.02,84.75,0.02083835220428809,2026-08-07,,,,,,,,
DXD,2026-08-06,16.27,16.17,-0.006146281499692541,2026-08-07,,,,,,,,
DXF,2026-08-06,0.47,0.48,0.02127659574468077,2026-08-07,,,,,,,,
DXIV,2026-08-06,73.45,74.37,0.012525527569775319,2026-08-07,,,,,,,,
DXJ,2026-08-06,177.63,179.38,0.009851939424646794,2026-08-07,,,,,,,,
DXLG,2026-08-06,0.59,0.64,0.0847457627118644,2026-08-07,,,,,,,,
DXPE,2026-08-06,198.21,192.36,-0.029514151657333065,2026-08-07,,,,,,,,
DXR,2026-08-06,10.36,10.11,-0.02413127413127414,2026-08-07,,,,,,,,
DXST,2026-08-06,2.64,2.67,0.011363636363636243,2026-08-07,,,,,,,,
DXUV,2026-08-06,69.7,70.06,0.005164992826398818,2026-08-07,,,,,,,,
DXYZ,2026-08-06,25.21,25.89,0.026973423244744055,2026-08-07,,,,,,,,
DY,2026-08-06,399.57,407.99,0.021072653102084837,2026-08-07,,,,,,,,
DYAI,2026-08-06,1.02,1.0,-0.019607843137254943,2026-08-07,,,,,,,,
DYFI,2026-08-06,22.63,22.66,0.001325673884224443,2026-08-07,,,,,,,,
DYLD,2026-08-06,22.32,22.33,0.00044802867383508804,2026-08-07,,,,,,,,
DYLG,2026-08-06,28.75,28.79,0.0013913043478259723,2026-08-07,,,,,,,,
DYN,2026-08-06,25.88,26.25,0.014296754250386456,2026-08-07,,,,,,,,
DYNB,2026-08-06,38.93,38.99,0.0015412278448498906,2026-08-07,,,,,,,,
DYNC,2026-08-06,10.84,10.86,0.0018450184501843658,2026-08-07,,,,,,,,
DYNF,2026-08-06,69.54,69.99,0.006471095772217161,2026-08-07,,,,,,,,
DYOR,2026-08-06,10.08,10.08,0.0,2026-08-07,,,,,,,,
DYTA,2026-08-06,31.78,31.94,0.005034612964128327,2026-08-07,,,,,,,,
DZZ,2026-08-06,1.83,1.82,-0.005464480874316946,2026-08-07,,,,,,,,
E,2026-08-06,54.27,53.61,-0.012161415146489829,2026-08-07,,,,,,,,
EA,2026-08-06,209.7,209.7,0.0,2026-08-07,,,,,,,,
EAD,2026-08-06,6.38,6.41,0.004702194357366851,2026-08-07,,,,,,,,
EAF,2026-08-06,7.64,8.13,0.06413612565445037,2026-08-07,,,,,,,,
EAFG,2026-08-06,25.69,25.98,0.011288439081354573,2026-08-07,,,,,,,,
EAGG,2026-08-06,46.66,46.74,0.0017145306472354793,2026-08-07,,,,,,,,
EAGL,2026-08-06,34.48,34.84,0.010440835266821491,2026-08-07,,,,,,,,
EALT,2026-08-06,36.61,36.74,0.0035509423654740413,2026-08-07,,,,,,,,
EAOA,2026-08-06,45.72,46.01,0.006342957130358595,2026-08-07,,,,,,,,
EAOK,2026-08-06,28.15,28.25,0.00355239786856143,2026-08-07,,,,,,,,
EAOM,2026-08-06,31.28,31.41,0.004156010230178975,2026-08-07,,,,,,,,
EAOR,2026-08-06,37.94,38.13,0.005007907221929564,2026-08-07,,,,,,,,
EAPR,2026-08-06,32.77,32.97,0.006103143118705967,2026-08-07,,,,,,,,
EARN,2026-08-06,4.35,4.4,0.011494252873563315,2026-08-07,,,,,,,,
EART,2026-08-06,29.3,30.35,0.03583617747440271,2026-08-07,,,,,,,,
EASG,2026-08-06,39.05,39.46,0.01049935979513461,2026-08-07,,,,,,,,
EASY,2026-08-06,27.45,27.45,0.0,2026-08-07,,,,,,,,
EAT,2026-08-06,227.27,225.2,-0.00910810929731165,2026-08-07,,,,,,,,
EBAY,2026-08-06,110.14,111.98,0.01670601053205023,2026-08-07,,,,,,,,
EBC,2026-08-06,23.01,22.84,-0.00738809213385494,2026-08-07,,,,,,,,
EBF,2026-08-06,22.21,22.3,0.004052228725799134,2026-08-07,,,,,,,,
EBI,2026-08-06,67.08,67.35,0.004025044722719029,2026-08-07,,,,,,,,
EBIT,2026-08-06,40.26,40.51,0.006209637357178277,2026-08-07,,,,,,,,
EBIZ,2026-08-06,30.85,31.35,0.01620745542949753,2026-08-07,,,,,,,,
EBMT,2026-08-06,23.94,23.82,-0.005012531328320802,2026-08-07,,,,,,,,
EBND,2026-08-06,21.03,21.19,0.007608178792201548,2026-08-07,,,,,,,,
EBON,2026-08-06,1.91,1.96,0.02617801047120416,2026-08-07,,,,,,,,
EBS,2026-08-06,5.31,4.84,-0.08851224105461386,2026-08-07,,,,,,,,
EBUF,2026-08-06,31.52,31.68,0.0050761421319796,2026-08-07,,,,,,,,
EC,2026-08-06,17.4,16.78,-0.03563218390804579,2026-08-07,,,,,,,,
ECAT,2026-08-06,15.52,15.72,0.012886597938144506,2026-08-07,,,,,,,,
ECBK,2026-08-06,20.58,20.68,0.004859086491739717,2026-08-07,,,,,,,,
ECC,2026-08-06,3.9,3.88,-0.00512820512820511,2026-08-07,,,,,,,,
ECF,2026-08-06,12.45,12.6,0.012048192771084265,2026-08-07,,,,,,,,
ECG,2026-08-06,139.53,136.89,-0.018920662223177898,2026-08-07,,,,,,,,
ECH,2026-08-06,41.32,41.25,-0.0016940948693127122,2026-08-07,,,,,,,,
ECHO,2026-08-06,87.03,90.04,0.034585775020107956,2026-08-07,,,,,,,,
ECHX,2026-08-06,7.73,8.28,0.07115135834411368,2026-08-07,,,,,,,,
ECL,2026-08-06,283.46,285.17,0.0060325971918437915,2026-08-07,,,,,,,,
ECML,2026-08-06,40.47,41.0,0.01309612058314813,2026-08-07,,,,,,,,
ECNS,2026-08-06,29.1,29.49,0.013402061855670055,2026-08-07,,,,,,,,
ECO,2026-08-06,63.78,61.86,-0.03010348071495772,2026-08-07,,,,,,,,
ECON,2026-08-06,34.03,34.37,0.009991184249191765,2026-08-07,,,,,,,,
ECOR,2026-08-06,6.7,8.09,0.20746268656716405,2026-08-07,,,,,,,,
ECOW,2026-08-06,27.53,27.75,0.007991282237558961,2026-08-07,,,,,,,,
ECPG,2026-08-06,97.88,100.2,0.02370249284838577,2026-08-07,,,,,,,,
ECVT,2026-08-06,11.0,10.38,-0.05636363636363628,2026-08-07,,,,,,,,
ECX,2026-08-06,1.1,1.1,0.0,2026-08-07,,,,,,,,
ED,2026-08-06,108.95,107.98,-0.00890316659017898,2026-08-07,,,,,,,,
EDBL,2026-08-06,1.96,1.88,-0.04081632653061229,2026-08-07,,,,,,,,
EDC,2026-08-06,73.27,75.4,0.029070560938992962,2026-08-07,,,,,,,,
EDD,2026-08-06,5.99,5.98,-0.0016694490818029983,2026-08-07,,,,,,,,
EDEN,2026-08-06,112.23,114.41,0.01942439632896731,2026-08-07,,,,,,,,
EDF,2026-08-06,5.24,5.33,0.01717557251908386,2026-08-07,,,,,,,,
EDGE,2026-08-06,51.42,51.65,0.0044729677168415805,2026-08-07,,,,,,,,
EDGF,2026-08-06,24.64,24.61,-0.0012175324675325339,2026-08-07,,,,,,,,
EDGH,2026-08-06,33.64,34.01,0.010998810939357728,2026-08-07,,,,,,,,
EDGI,2026-08-06,31.49,31.9,0.01302000635122269,2026-08-07,,,,,,,,
EDGQ,2026-08-06,27.55,27.8,0.00907441016333932,2026-08-07,,,,,,,,
EDGU,2026-08-06,32.03,32.24,0.006556353418670113,2026-08-07,,,,,,,,
EDGX,2026-08-06,27.07,27.19,0.0044329516069450126,2026-08-07,,,,,,,,
EDHL,2026-08-06,4.02,4.16,0.034825870646766344,2026-08-07,,,,,,,,
EDIT,2026-08-06,2.9,2.88,-0.006896551724137945,2026-08-07,,,,,,,,
EDIV,2026-08-06,41.53,41.85,0.007705273296412241,2026-08-07,,,,,,,,
EDN,2026-08-06,24.89,24.3,-0.023704298915226962,2026-08-07,,,,,,,,
EDOG,2026-08-06,24.63,24.83,0.00812017864393022,2026-08-07,,,,,,,,
EDOW,2026-08-06,46.37,46.56,0.00409747681690753,2026-08-07,,,,,,,,
EDRY,2026-08-06,29.82,34.72,0.164319248826291,2026-08-07,,,,,,,,
EDSA,2026-08-06,5.05,5.27,0.0435643564356436,2026-08-07,,,,,,,,
EDTK,2026-08-06,0.9,1.0,0.11111111111111116,2026-08-07,,,,,,,,
EDU,2026-08-06,56.83,56.43,-0.007038535984515204,2026-08-07,,,,,,,,
EDUC,2026-08-06,1.38,1.39,0.007246376811594235,2026-08-07,,,,,,,,
EDV,2026-08-06,60.12,60.35,0.003825681969394701,2026-08-07,,,,,,,,
EDZ,2026-08-06,16.18,15.7,-0.02966625463535233,2026-08-07,,,,,,,,
EE,2026-08-06,37.86,34.87,-0.07897517168515589,2026-08-07,,,,,,,,
EEA,2026-08-06,11.16,11.23,0.006272401433691677,2026-08-07,,,,,,,,
EEE,2026-08-06,21.06,21.15,0.004273504273504258,2026-08-07,,,,,,,,
EEFT,2026-08-06,73.07,72.08,-0.013548651977555726,2026-08-07,,,,,,,,
EEIQ,2026-08-06,2.34,2.34,0.0,2026-08-07,,,,,,,,
EELV,2026-08-06,28.71,28.81,0.0034831069313827623,2026-08-07,,,,,,,,
EEM,2026-08-06,65.02,65.64,0.009535527529990873,2026-08-07,,,,,,,,
EEMA,2026-08-06,113.56,114.66,0.00968650933427262,2026-08-07,,,,,,,,
EEMO,2026-08-06,20.65,20.89,0.011622276029055856,2026-08-07,,,,,,,,
EEMS,2026-08-06,74.14,74.56,0.005664958187213465,2026-08-07,,,,,,,,
EEMV,2026-08-06,73.08,73.8,0.009852216748768461,2026-08-07,,,,,,,,
EEMX,2026-08-06,51.66,52.06,0.007742934572202875,2026-08-07,,,,,,,,
EES,2026-08-06,68.52,68.97,0.006567425569176999,2026-08-07,,,,,,,,
EET,2026-08-06,104.21,106.07,0.017848574992803012,2026-08-07,,,,,,,,
EETH,2026-08-06,23.21,23.33,0.005170185264971927,2026-08-07,,,,,,,,
EEV,2026-08-06,11.48,11.25,-0.020034843205574915,2026-08-07,,,,,,,,
EFA,2026-08-06,107.36,108.55,0.011084202682563271,2026-08-07,,,,,,,,
EFAA,2026-08-06,56.81,57.25,0.0077451152966026005,2026-08-07,,,,,,,,
EFAD,2026-08-06,44.66,45.11,0.010076130765785951,2026-08-07,,,,,,,,
EFAS,2026-08-06,22.91,23.0,0.003928415539065977,2026-08-07,,,,,,,,
EFAV,2026-08-06,93.25,94.25,0.01072386058981234,2026-08-07,,,,,,,,
EFAX,2026-08-06,55.74,56.34,0.010764262648008671,2026-08-07,,,,,,,,
EFC,2026-08-06,13.14,13.6,0.035007610350076046,2026-08-07,,,,,,,,
EFFE,2026-08-06,27.25,27.63,0.013944954128440434,2026-08-07,,,,,,,,
EFFI,2026-08-06,26.97,27.31,0.012606599925843565,2026-08-07,,,,,,,,
EFG,2026-08-06,124.37,126.2,0.014714159363190538,2026-08-07,,,,,,,,
EFIV,2026-08-06,75.04,75.41,0.004930703624733246,2026-08-07,,,,,,,,
EFNL,2026-08-06,52.61,52.76,0.0028511689792813932,2026-08-07,,,,,,,,
EFO,2026-08-06,78.21,79.02,0.010356731875719172,2026-08-07,,,,,,,,
EFOI,2026-08-06,3.09,3.19,0.032362459546925626,2026-08-07,,,,,,,,
EFOR,2026-08-06,31.57,32.22,0.020589166930630398,2026-08-07,,,,,,,,
EFR,2026-08-06,10.68,10.73,0.004681647940074862,2026-08-07,,,,,,,,
EFRA,2026-08-06,36.41,36.64,0.0063169458939853484,2026-08-07,,,,,,,,
EFSC,2026-08-06,66.38,65.91,-0.007080445917444944,2026-08-07,,,,,,,,
EFSI,2026-08-06,41.95,41.72,-0.005482717520858271,2026-08-07,,,,,,,,
EFT,2026-08-06,10.85,10.84,-0.0009216589861751334,2026-08-07,,,,,,,,
EFU,2026-08-06,6.84,6.7,-0.020467836257309857,2026-08-07,,,,,,,,
EFV,2026-08-06,81.64,82.26,0.007594316511513988,2026-08-07,,,,,,,,
EFX,2026-08-06,175.79,182.56,0.038511860742932,2026-08-07,,,,,,,,
EFXT,2026-08-06,20.68,19.96,-0.03481624758220503,2026-08-07,,,,,,,,
EFZ,2026-08-06,22.31,22.05,-0.011653966831017382,2026-08-07,,,,,,,,
EG,2026-08-06,370.35,374.96,0.01244768462265422,2026-08-07,,,,,,,,
EGAN,2026-08-06,7.36,7.33,-0.0040760869565217295,2026-08-07,,,,,,,,
EGBN,2026-08-06,27.86,27.71,-0.00538406317300788,2026-08-07,,,,,,,,
EGG,2026-08-06,3.45,3.57,0.03478260869565197,2026-08-07,,,,,,,,
EGGQ,2026-08-06,51.89,51.58,-0.005974176141838594,2026-08-07,,,,,,,,
EGGS,2026-08-06,37.6,38.02,0.011170212765957421,2026-08-07,,,,,,,,
EGGY,2026-08-06,34.1,33.97,-0.0038123167155426074,2026-08-07,,,,,,,,
EGHA,2026-08-06,10.34,10.34,0.0,2026-08-07,,,,,,,,
EGHT,2026-08-06,2.28,2.3,0.00877192982456143,2026-08-07,,,,,,,,
EGLE,2026-08-06,32.32,32.57,0.007735148514851575,2026-08-07,,,,,,,,
EGO,2026-08-06,35.93,37.92,0.05538547175062636,2026-08-07,,,,,,,,
EGP,2026-08-06,200.62,202.74,0.010567241551191264,2026-08-07,,,,,,,,
EGUS,2026-08-06,58.91,59.48,0.0096757766083857,2026-08-07,,,,,,,,
EGY,2026-08-06,5.16,5.55,0.07558139534883712,2026-08-07,,,,,,,,
EH,2026-08-06,5.33,5.74,0.07692307692307687,2026-08-07,,,,,,,,
EHC,2026-08-06,124.82,125.23,0.003284730011216208,2026-08-07,,,,,,,,
EHCC,2026-08-06,19.96,20.03,0.003507014028056199,2026-08-07,,,,,,,,
EHGO,2026-08-06,1.93,1.91,-0.010362694300518172,2026-08-07,,,,,,,,
EHI,2026-08-06,5.83,5.86,0.005145797598627766,2026-08-07,,,,,,,,
EHLD,2026-08-06,8.3,8.35,0.0060240963855420215,2026-08-07,,,,,,,,
EHLS,2026-08-06,26.12,26.1,-0.0007656967840734552,2026-08-07,,,,,,,,
EHTH,2026-08-06,1.35,1.37,0.014814814814814836,2026-08-07,,,,,,,,
EHY,2026-08-06,7.7,7.76,0.007792207792207684,2026-08-07,,,,,,,,
EIC,2026-08-06,10.07,9.99,-0.00794438927507446,2026-08-07,,,,,,,,
EIDO,2026-08-06,12.61,12.91,0.023790642347343516,2026-08-07,,,,,,,,
EIG,2026-08-06,50.58,49.49,-0.02155001977066029,2026-08-07,,,,,,,,
EIKN,2026-08-06,9.21,9.29,0.008686210640607817,2026-08-07,,,,,,,,
EIM,2026-08-06,9.63,9.72,0.009345794392523255,2026-08-07,,,,,,,,
EINC,2026-08-06,118.18,116.46,-0.014554070062616442,2026-08-07,,,,,,,,
EIPI,2026-08-06,22.22,22.14,-0.0036003600360035026,2026-08-07,,,,,,,,
EIPX,2026-08-06,32.3,32.13,-0.005263157894736636,2026-08-07,,,,,,,,
EIRL,2026-08-06,81.39,82.68,0.015849612974566885,2026-08-07,,,,,,,,
EIS,2026-08-06,120.82,123.64,0.023340506538652495,2026-08-07,,,,,,,,
EIX,2026-08-06,67.23,68.62,0.020675293767663305,2026-08-07,,,,,,,,
EJAN,2026-08-06,36.14,36.3,0.004427227448810189,2026-08-07,,,,,,,,
EJH,2026-08-06,1.28,1.25,-0.0234375,2026-08-07,,,,,,,,
EJUL,2026-08-06,30.53,30.81,0.009171306911234689,2026-08-07,,,,,,,,
EKG,2026-08-06,19.78,20.64,0.04347826086956519,2026-08-07,,,,,,,,
EL,2026-08-06,85.49,88.35,0.03345420517019537,2026-08-07,,,,,,,,
ELA,2026-08-06,18.03,17.18,-0.04714364947310046,2026-08-07,,,,,,,,
ELAB,2026-08-06,0.96,0.92,-0.04166666666666663,2026-08-07,,,,,,,,
ELAN,2026-08-06,24.2,22.12,-0.08595041322314045,2026-08-07,,,,,,,,
ELBM,2026-08-06,0.63,0.6,-0.04761904761904767,2026-08-07,,,,,,,,
ELCV,2026-08-06,31.46,31.57,0.0034965034965035446,2026-08-07,,,,,,,,
ELD,2026-08-06,28.76,28.93,0.005910987482614649,2026-08-07,,,,,,,,
ELDN,2026-08-06,3.46,3.69,0.06647398843930641,2026-08-07,,,,,,,,
ELE,2026-08-06,17.83,19.17,0.07515423443634339,2026-08-07,,,,,,,,
ELF,2026-08-06,92.31,98.49,0.06694832629184266,2026-08-07,,,,,,,,
ELFY,2026-08-06,41.58,42.23,0.015632515632515664,2026-08-07,,,,,,,,
ELIL,2026-08-06,30.04,29.73,-0.010319573901464651,2026-08-07,,,,,,,,
ELLO,2026-08-06,20.3,19.65,-0.032019704433497664,2026-08-07,,,,,,,,
ELM,2026-08-06,29.61,29.69,0.002701789935832588,2026-08-07,,,,,,,,
ELMD,2026-08-06,42.04,42.19,0.0035680304471930047,2026-08-07,,,,,,,,
ELME,2026-08-06,1.63,1.62,-0.006134969325153228,2026-08-07,,,,,,,,
ELMT,2026-08-06,16.31,16.86,0.033721643163703297,2026-08-07,,,,,,,,
ELOG,2026-08-06,0.73,0.81,0.1095890410958904,2026-08-07,,,,,,,,
ELOL,2026-08-06,16.18,19.27,0.19097651421508033,2026-08-07,,,,,,,,
ELOX,2026-08-06,17.71,17.57,-0.007905138339921014,2026-08-07,,,,,,,,
ELPC,2026-08-06,11.69,11.55,-0.011976047904191489,2026-08-07,,,,,,,,
ELPW,2026-08-06,0.11,0.1,-0.09090909090909083,2026-08-07,,,,,,,,
ELS,2026-08-06,64.66,65.17,0.007887411073306705,2026-08-07,,,,,,,,
ELSE,2026-08-06,7.74,7.74,0.0,2026-08-07,,,,,,,,
ELTK,2026-08-06,8.85,8.85,0.0,2026-08-07,,,,,,,,
ELTX,2026-08-06,3.14,3.19,0.015923566878980777,2026-08-07,,,,,,,,
ELUT,2026-08-06,0.88,0.85,-0.03409090909090917,2026-08-07,,,,,,,,
ELV,2026-08-06,391.4,394.2,0.007153806847215227,2026-08-07,,,,,,,,
ELVA,2026-08-06,9.28,9.71,0.046336206896551824,2026-08-07,,,,,,,,
ELVN,2026-08-06,60.27,60.46,0.0031524805043967596,2026-08-07,,,,,,,,
ELVR,2026-08-06,55.81,60.34,0.0811682494176671,2026-08-07,,,,,,,,
ELWT,2026-08-06,8.34,8.13,-0.025179856115107757,2026-08-07,,,,,,,,
EMA,2026-08-06,51.59,50.82,-0.014925373134328401,2026-08-07,,,,,,,,
EMAT,2026-08-06,2.69,2.81,0.04460966542750944,2026-08-07,,,,,,,,
EMAU,2026-08-06,25.0,25.04,0.0016000000000000458,2026-08-07,,,,,,,,
EMB,2026-08-06,94.95,95.24,0.003054239073196241,2026-08-07,,,,,,,,
EMBC,2026-08-06,3.5,4.42,0.2628571428571429,2026-08-07,,,,,,,,
EMBD,2026-08-06,23.6,23.65,0.0021186440677964935,2026-08-07,,,,,,,,
EMBJ,2026-08-06,71.93,73.01,0.015014597525371931,2026-08-07,,,,,,,,
EMBX,2026-08-06,51.19,51.32,0.002539558507520967,2026-08-07,,,,,,,,
EMC,2026-08-06,36.27,36.49,0.0060656189688448325,2026-08-07,,,,,,,,
EMCB,2026-08-06,65.89,65.87,-0.00030353619669143406,2026-08-07,,,,,,,,
EMCR,2026-08-06,42.67,43.09,0.009842981017108121,2026-08-07,,,,,,,,
EMCS,2026-08-06,44.17,44.48,0.007018338238623301,2026-08-07,,,,,,,,
EMD,2026-08-06,10.59,10.6,0.0009442870632672129,2026-08-07,,,,,,,,
EMDM,2026-08-06,40.46,40.84,0.009391992090953982,2026-08-07,,,,,,,,
EMDV,2026-08-06,47.59,47.69,0.0021012817818868434,2026-08-07,,,,,,,,
EME,2026-08-06,808.43,816.9,0.010477097584206563,2026-08-07,,,,,,,,
EMEM,2026-08-06,25.18,25.36,0.007148530579825341,2026-08-07,,,,,,,,
EMEQ,2026-08-06,62.37,62.42,0.0008016674683342107,2026-08-07,,,,,,,,
EMES,2026-08-06,27.68,27.7,0.0007225433526012459,2026-08-07,,,,,,,,
EMET,2026-08-06,42.27,43.55,0.03028152353915292,2026-08-07,,,,,,,,
EMF,2026-08-06,21.68,21.83,0.006918819188191927,2026-08-07,,,,,,,,
EMFI,2026-08-06,50.08,50.22,0.0027955271565496265,2026-08-07,,,,,,,,
EMGF,2026-08-06,69.65,70.21,0.008040201005024894,2026-08-07,,,,,,,,
EMHC,2026-08-06,24.97,25.06,0.0036043251902282414,2026-08-07,,,,,,,,
EMHY,2026-08-06,40.27,40.34,0.0017382666997765028,2026-08-07,,,,,,,,
EMIF,2026-08-06,26.3,26.17,-0.004942965779467623,2026-08-07,,,,,,,,
EMIS,2026-08-06,10.22,10.22,0.0,2026-08-07,,,,,,,,
EMJL,2026-08-06,24.42,24.22,-0.008190008190008258,2026-08-07,,,,,,,,
EMJN,2026-08-06,22.53,22.63,0.004438526409232146,2026-08-07,,,,,,,,
EMKT,2026-08-06,30.96,31.09,0.004198966408268667,2026-08-07,,,,,,,,
EML,2026-08-06,25.08,24.9,-0.0071770334928229484,2026-08-07,,,,,,,,
EMLC,2026-08-06,25.55,25.72,0.006653620352250478,2026-08-07,,,,,,,,
EMLP,2026-08-06,43.63,43.43,-0.004584001833600748,2026-08-07,,,,,,,,
EMM,2026-08-06,42.53,42.79,0.006113331765812413,2026-08-07,,,,,,,,
EMMF,2026-08-06,37.16,37.35,0.005113024757804174,2026-08-07,,,,,,,,
EMMY,2026-08-06,24.02,24.23,0.008742714404662788,2026-08-07,,,,,,,,
EMN,2026-08-06,73.5,73.64,0.0019047619047618536,2026-08-07,,,,,,,,
EMNT,2026-08-06,98.81,98.88,0.0007084303208175768,2026-08-07,,,,,,,,
EMO,2026-08-06,51.16,51.0,-0.0031274433150898506,2026-08-07,,,,,,,,
EMOP,2026-08-06,49.82,49.56,-0.005218787635487665,2026-08-07,,,,,,,,
EMOT,2026-08-06,27.33,27.47,0.005122575923893091,2026-08-07,,,,,,,,
EMPB,2026-08-06,33.71,34.44,0.021655295164639377,2026-08-07,,,,,,,,
EMPD,2026-08-06,2.83,2.84,0.0035335689045936647,2026-08-07,,,,,,,,
EMQQ,2026-08-06,34.67,34.76,0.0025959042399767984,2026-08-07,,,,,,,,
EMR,2026-08-06,156.91,158.26,0.008603658147982918,2026-08-07,,,,,,,,
EMSC,2026-08-06,25.48,25.55,0.0027472527472527375,2026-08-07,,,,,,,,
EMSF,2026-08-06,38.04,38.39,0.009200841219768607,2026-08-07,,,,,,,,
EMTY,2026-08-06,22.91,22.67,-0.010475774770842383,2026-08-07,,,,,,,,
EMXC,2026-08-06,93.94,94.72,0.008303172237598577,2026-08-07,,,,,,,,
EMXF,2026-08-06,56.16,56.62,0.008190883190883236,2026-08-07,,,,,,,,
EMXX,2026-08-06,23.46,23.84,0.01619778346121059,2026-08-07,,,,,,,,
ENB,2026-08-06,51.7,51.28,-0.008123791102514488,2026-08-07,,,,,,,,
ENDW,2026-08-06,34.6,34.83,0.006647398843930619,2026-08-07,,,,,,,,
ENFR,2026-08-06,39.07,38.5,-0.014589198873816267,2026-08-07,,,,,,,,
ENGN,2026-08-06,1.8,1.8,0.0,2026-08-07,,,,,,,,
ENGS,2026-08-06,2.76,2.72,-0.014492753623188248,2026-08-07,,,,,,,,
ENHA,2026-08-06,2.64,2.65,0.0037878787878786735,2026-08-07,,,,,,,,
ENHI,2026-08-06,27.55,27.83,0.010163339382940118,2026-08-07,,,,,,,,
ENHU,2026-08-06,28.66,28.87,0.007327285415212881,2026-08-07,,,,,,,,
ENIC,2026-08-06,4.57,4.54,-0.006564551422319487,2026-08-07,,,,,,,,
ENLT,2026-08-06,84.39,84.82,0.0050953904491053414,2026-08-07,,,,,,,,
ENLV,2026-08-06,1.98,2.08,0.05050505050505061,2026-08-07,,,,,,,,
ENOR,2026-08-06,34.47,34.92,0.013054830287206443,2026-08-07,,,,,,,,
ENOV,2026-08-06,26.31,26.61,0.011402508551881407,2026-08-07,,,,,,,,
ENPH,2026-08-06,39.67,41.87,0.055457524577766426,2026-08-07,,,,,,,,
ENR,2026-08-06,21.54,22.57,0.04781801299907151,2026-08-07,,,,,,,,
ENRD,2026-08-06,5.24,5.35,0.02099236641221358,2026-08-07,,,,,,,,
ENS,2026-08-06,187.45,191.72,0.022779407842091315,2026-08-07,,,,,,,,
ENSC,2026-08-06,0.52,0.52,0.0,2026-08-07,,,,,,,,
ENSG,2026-08-06,181.66,182.97,0.00721127380821307,2026-08-07,,,,,,,,
ENTA,2026-08-06,13.34,13.77,0.03223388305847075,2026-08-07,,,,,,,,
ENTG,2026-08-06,142.65,152.08,0.06610585348755693,2026-08-07,,,,,,,,
ENTL,2026-08-06,7.94,8.85,0.11460957178841302,2026-08-07,,,,,,,,
ENTX,2026-08-06,2.82,2.87,0.0177304964539009,2026-08-07,,,,,,,,
ENVA,2026-08-06,255.96,252.64,-0.012970776683856933,2026-08-07,,,,,,,,
ENVB,2026-08-06,1.56,1.55,-0.0064102564102563875,2026-08-07,,,,,,,,
ENVX,2026-08-06,4.26,4.7,0.10328638497652598,2026-08-07,,,,,,,,
ENZL,2026-08-06,47.7,47.36,-0.007127882599580748,2026-08-07,,,,,,,,
EO,2026-08-06,9.07,10.31,0.13671444321940474,2026-08-07,,,,,,,,
EOCT,2026-08-06,34.39,34.58,0.0055248618784529135,2026-08-07,,,,,,,,
EOD,2026-08-06,6.56,6.64,0.012195121951219523,2026-08-07,,,,,,,,
EOG,2026-08-06,136.2,134.74,-0.01071953010278992,2026-08-07,,,,,,,,
EOI,2026-08-06,20.02,20.15,0.006493506493506551,2026-08-07,,,,,,,,
EOLS,2026-08-06,7.41,7.59,0.02429149797570851,2026-08-07,,,,,,,,
EONR,2026-08-06,0.48,0.48,0.0,2026-08-07,,,,,,,,
EOS,2026-08-06,21.86,22.05,0.00869167429094242,2026-08-07,,,,,,,,
EOSE,2026-08-06,3.94,4.15,0.05329949238578702,2026-08-07,,,,,,,,
EOSU,2026-08-06,8.78,9.67,0.101366742596811,2026-08-07,,,,,,,,
EOT,2026-08-06,17.5,17.52,0.0011428571428571122,2026-08-07,,,,,,,,
EP,2026-08-06,2.65,2.8,0.05660377358490565,2026-08-07,,,,,,,,
EPAC,2026-08-06,37.46,37.72,0.0069407367859049,2026-08-07,,,,,,,,
EPAI,2026-08-06,27.48,27.91,0.015647743813682613,2026-08-07,,,,,,,,
EPAM,2026-08-06,93.07,97.43,0.0468464596540239,2026-08-07,,,,,,,,
EPC,2026-08-06,28.12,28.38,0.009246088193456625,2026-08-07,,,,,,,,
EPD,2026-08-06,38.05,37.75,-0.007884362680683266,2026-08-07,,,,,,,,
EPEM,2026-08-06,29.48,29.66,0.006105834464043447,2026-08-07,,,,,,,,
EPHE,2026-08-06,25.77,25.97,0.007760962359332435,2026-08-07,,,,,,,,
EPI,2026-08-06,43.4,43.68,0.006451612903225934,2026-08-07,,,,,,,,
EPIN,2026-08-06,28.7,28.89,0.0066202090592335505,2026-08-07,,,,,,,,
EPM,2026-08-06,3.55,3.65,0.028169014084507005,2026-08-07,,,,,,,,
EPMB,2026-08-06,26.62,26.95,0.01239669421487588,2026-08-07,,,,,,,,
EPMV,2026-08-06,27.1,27.25,0.005535055350553542,2026-08-07,,,,,,,,
EPOL,2026-08-06,44.06,44.19,0.0029505220154333323,2026-08-07,,,,,,,,
EPOW,2026-08-06,0.41,0.49,0.19512195121951215,2026-08-07,,,,,,,,
EPP,2026-08-06,57.41,58.01,0.010451140916216684,2026-08-07,,,,,,,,
EPR,2026-08-06,61.34,62.2,0.01402021519400054,2026-08-07,,,,,,,,
EPRF,2026-08-06,16.62,16.63,0.0006016847172081174,2026-08-07,,,,,,,,
EPRT,2026-08-06,30.63,30.63,0.0,2026-08-07,,,,,,,,
EPRX,2026-08-06,6.66,6.77,0.016516516516516422,2026-08-07,,,,,,,,
EPS,2026-08-06,80.64,81.14,0.006200396825396748,2026-08-07,,,,,,,,
EPSB,2026-08-06,27.71,27.8,0.003247924936846003,2026-08-07,,,,,,,,
EPSM,2026-08-06,1.47,1.5,0.020408163265306145,2026-08-07,,,,,,,,
EPSN,2026-08-06,5.63,5.71,0.014209591474245054,2026-08-07,,,,,,,,
EPSV,2026-08-06,31.22,31.36,0.004484304932735439,2026-08-07,,,,,,,,
EPU,2026-08-06,89.44,90.74,0.014534883720930258,2026-08-07,,,,,,,,
EPV,2026-08-06,16.98,16.7,-0.016489988221437102,2026-08-07,,,,,,,,
EQ,2026-08-06,2.12,2.11,-0.004716981132075526,2026-08-07,,,,,,,,
EQAL,2026-08-06,60.33,60.93,0.009945300845350502,2026-08-07,,,,,,,,
EQBK,2026-08-06,51.22,50.94,-0.005466614603670483,2026-08-07,,,,,,,,
EQH,2026-08-06,52.17,51.52,-0.01245926777841666,2026-08-07,,,,,,,,
EQIN,2026-08-06,53.69,53.86,0.003166325200223641,2026-08-07,,,,,,,,
EQIX,2026-08-06,1052.86,1042.62,-0.009725889481982386,2026-08-07,,,,,,,,
EQL,2026-08-06,51.76,51.98,0.004250386398763517,2026-08-07,,,,,,,,
EQLT,2026-08-06,38.68,39.1,0.01085832471561532,2026-08-07,,,,,,,,
EQNR,2026-08-06,39.46,38.92,-0.01368474404460207,2026-08-07,,,,,,,,
EQPT,2026-08-06,20.12,20.46,0.016898608349900535,2026-08-07,,,,,,,,
EQQQ,2026-08-06,41.19,42.49,0.031561058509347095,2026-08-07,,,,,,,,
EQR,2026-08-06,66.7,67.07,0.005547226386806381,2026-08-07,,,,,,,,
EQRR,2026-08-06,83.83,84.07,0.0028629368960992885,2026-08-07,,,,,,,,
EQS,2026-08-06,1.16,1.2,0.034482758620689724,2026-08-07,,,,,,,,
EQT,2026-08-06,51.6,51.69,0.0017441860465114978,2026-08-07,,,,,,,,
EQTY,2026-08-06,29.75,29.88,0.0043697478991595595,2026-08-07,,,,,,,,
EQWL,2026-08-06,132.83,133.93,0.0082812617631558,2026-08-07,,,,,,,,
EQX,2026-08-06,10.74,11.58,0.07821229050279332,2026-08-07,,,,,,,,
ERAS,2026-08-06,18.27,18.41,0.00766283524904221,2026-08-07,,,,,,,,
ERC,2026-08-06,9.18,9.23,0.005446623093682046,2026-08-07,,,,,,,,
ERET,2026-08-06,29.35,29.48,0.004429301533219743,2026-08-07,,,,,,,,
ERH,2026-08-06,11.67,11.71,0.003427592116538314,2026-08-07,,,,,,,,
ERIC,2026-08-06,10.16,10.15,-0.0009842519685039353,2026-08-07,,,,,,,,
ERIE,2026-08-06,254.06,252.58,-0.005825395575848158,2026-08-07,,,,,,,,
ERII,2026-08-06,8.73,8.68,-0.005727376861397571,2026-08-07,,,,,,,,
ERNA,2026-08-06,4.36,4.21,-0.034403669724770714,2026-08-07,,,,,,,,
ERO,2026-08-06,31.1,34.31,0.10321543408360134,2026-08-07,,,,,,,,
EROC,2026-08-06,10.41,10.59,0.01729106628242083,2026-08-07,,,,,,,,
EROK,2026-08-06,23.1,22.97,-0.005627705627705759,2026-08-07,,,,,,,,
ERTH,2026-08-06,46.54,47.47,0.019982810485603686,2026-08-07,,,,,,,,
ERX,2026-08-06,90.28,88.24,-0.022596366858662065,2026-08-07,,,,,,,,
ERY,2026-08-06,10.86,11.12,0.023941068139963217,2026-08-07,,,,,,,,
ES,2026-08-06,72.06,72.33,0.003746877601998211,2026-08-07,,,,,,,,
ESAB,2026-08-06,94.51,91.86,-0.028039360914189015,2026-08-07,,,,,,,,
ESBA,2026-08-06,4.88,4.79,-0.018442622950819665,2026-08-07,,,,,,,,
ESBG,2026-08-06,21.46,21.85,0.01817334575955276,2026-08-07,,,,,,,,
ESCA,2026-08-06,22.24,22.6,0.01618705035971235,2026-08-07,,,,,,,,
ESE,2026-08-06,328.03,305.72,-0.06801207206657911,2026-08-07,,,,,,,,
ESEA,2026-08-06,76.89,75.29,-0.020808947847574366,2026-08-07,,,,,,,,
ESG,2026-08-06,181.29,182.08,0.004357658999393443,2026-08-07,,,,,,,,
ESGD,2026-08-06,106.46,107.68,0.011459703174901525,2026-08-07,,,,,,,,
ESGE,2026-08-06,52.18,52.68,0.009582215408202366,2026-08-07,,,,,,,,
ESGG,2026-08-06,239.66,241.14,0.006175415171493004,2026-08-07,,,,,,,,
ESGU,2026-08-06,168.48,169.54,0.006291547958214627,2026-08-07,,,,,,,,
ESGV,2026-08-06,136.01,137.11,0.00808764061466083,2026-08-07,,,,,,,,
ESI,2026-08-06,38.43,37.88,-0.014311735623210975,2026-08-07,,,,,,,,
ESIM,2026-08-06,29.39,29.64,0.008506294658046976,2026-08-07,,,,,,,,
ESLA,2026-08-06,0.75,0.72,-0.040000000000000036,2026-08-07,,,,,,,,
ESLG,2026-08-06,28.8,29.01,0.007291666666666696,2026-08-07,,,,,,,,
ESLT,2026-08-06,857.0,859.14,0.002497082847141119,2026-08-07,,,,,,,,
ESLV,2026-08-06,29.05,29.18,0.00447504302925994,2026-08-07,,,,,,,,
ESML,2026-08-06,54.99,55.58,0.010729223495180795,2026-08-07,,,,,,,,
ESMV,2026-08-06,31.39,31.58,0.006052883083784488,2026-08-07,,,,,,,,
ESN,2026-08-06,20.42,20.51,0.004407443682663992,2026-08-07,,,,,,,,
ESNT,2026-08-06,65.51,68.72,0.04900015264845048,2026-08-07,,,,,,,,
ESOA,2026-08-06,15.68,15.65,-0.001913265306122458,2026-08-07,,,,,,,,
ESP,2026-08-06,62.16,62.54,0.0061132561132561936,2026-08-07,,,,,,,,
ESPO,2026-08-06,96.3,99.33,0.03146417445482874,2026-08-07,,,,,,,,
ESQ,2026-08-06,131.32,131.38,0.00045689917758151566,2026-08-07,,,,,,,,
ESRT,2026-08-06,4.88,4.84,-0.008196721311475419,2026-08-07,,,,,,,,
ESS,2026-08-06,285.12,288.1,0.010451739618406286,2026-08-07,,,,,,,,
ESSC,2026-08-06,30.91,31.31,0.012940795858945364,2026-08-07,,,,,,,,
ESTA,2026-08-06,79.05,77.42,-0.02061986084756473,2026-08-07,,,,,,,,
ESTC,2026-08-06,69.95,75.11,0.07376697641172258,2026-08-07,,,,,,,,
ESUM,2026-08-06,30.82,31.19,0.0120051914341337,2026-08-07,,,,,,,,
ET,2026-08-06,20.67,20.13,-0.026124818577648923,2026-08-07,,,,,,,,
ETB,2026-08-06,15.52,15.58,0.0038659793814432852,2026-08-07,,,,,,,,
ETCO,2026-08-06,8.47,8.49,0.0023612750885477762,2026-08-07,,,,,,,,
ETD,2026-08-06,23.51,23.71,0.008507018290089263,2026-08-07,,,,,,,,
ETEC,2026-08-06,27.21,27.61,0.014700477765527298,2026-08-07,,,,,,,,
ETFT,2026-08-06,10.07,10.15,0.00794438927507457,2026-08-07,,,,,,,,
ETG,2026-08-06,24.1,24.29,0.007883817427385864,2026-08-07,,,,,,,,
ETH,2026-08-06,18.2,18.29,0.0049450549450549275,2026-08-07,,,,,,,,
ETHA,2026-08-06,14.4,14.47,0.004861111111111205,2026-08-07,,,,,,,,
ETHB,2026-08-06,24.57,24.71,0.005698005698005826,2026-08-07,,,,,,,,
ETHD,2026-08-06,57.04,56.4,-0.011220196353436185,2026-08-07,,,,,,,,
ETHE,2026-08-06,15.38,15.46,0.005201560468140354,2026-08-07,,,,,,,,
ETHO,2026-08-06,81.96,83.0,0.012689116642264686,2026-08-07,,,,,,,,
ETHT,2026-08-06,10.52,10.6,0.0076045627376426506,2026-08-07,,,,,,,,
ETHU,2026-08-06,16.29,16.43,0.008594229588704705,2026-08-07,,,,,,,,
ETHV,2026-08-06,27.88,28.06,0.0064562410329984665,2026-08-07,,,,,,,,
ETHW,2026-08-06,13.66,13.72,0.004392386530014614,2026-08-07,,,,,,,,
ETJ,2026-08-06,8.5,8.54,0.004705882352941115,2026-08-07,,,,,,,,
ETN,2026-08-06,448.19,448.68,0.0010932863294585982,2026-08-07,,,,,,,,
ETNG,2026-08-06,15.47,15.64,0.01098901098901095,2026-08-07,,,,,,,,
ETO,2026-08-06,31.43,31.74,0.009863188036907333,2026-08-07,,,,,,,,
ETON,2026-08-06,46.18,44.6,-0.03421394543092249,2026-08-07,,,,,,,,
ETOR,2026-08-06,35.48,35.24,-0.006764374295377573,2026-08-07,,,,,,,,
ETR,2026-08-06,106.49,107.18,0.006479481641468832,2026-08-07,,,,,,,,
ETS,2026-08-06,1.25,1.16,-0.07200000000000006,2026-08-07,,,,,,,,
ETSS,2026-08-06,9.87,9.87,0.0,2026-08-07,,,,,,,,
ETSY,2026-08-06,82.26,85.55,0.03999513736931659,2026-08-07,,,,,,,,
ETTY,2026-08-06,8.49,8.56,0.008244994110718551,2026-08-07,,,,,,,,
ETU,2026-08-06,4.28,4.33,0.011682242990654235,2026-08-07,,,,,,,,
ETV,2026-08-06,14.97,15.1,0.008684034736138768,2026-08-07,,,,,,,,
ETW,2026-08-06,9.63,9.73,0.01038421599169248,2026-08-07,,,,,,,,
ETX,2026-08-06,18.27,18.28,0.0005473453749316182,2026-08-07,,,,,,,,
ETY,2026-08-06,14.55,14.65,0.0068728522336769515,2026-08-07,,,,,,,,
EU,2026-08-06,1.15,1.25,0.0869565217391306,2026-08-07,,,,,,,,
EUAD,2026-08-06,46.83,46.97,0.002989536621823552,2026-08-07,,,,,,,,
EUDA,2026-08-06,16.29,15.9,-0.023941068139963106,2026-08-07,,,,,,,,
EUDG,2026-08-06,40.15,40.37,0.005479452054794498,2026-08-07,,,,,,,,
EUDV,2026-08-06,55.0,55.76,0.01381818181818173,2026-08-07,,,,,,,,
EUFN,2026-08-06,42.2,42.46,0.006161137440758191,2026-08-07,,,,,,,,
EUHY,2026-08-06,53.37,53.43,0.0011242270938729426,2026-08-07,,,,,,,,
EUIG,2026-08-06,49.95,49.94,-0.0002002002002002845,2026-08-07,,,,,,,,
EUM,2026-08-06,16.24,16.08,-0.009852216748768461,2026-08-07,,,,,,,,
EUO,2026-08-06,30.23,30.09,-0.004631161098246794,2026-08-07,,,,,,,,
EURK,2026-08-06,11.98,11.51,-0.03923205342237068,2026-08-07,,,,,,,,
EURL,2026-08-06,50.75,52.06,0.025812807881773425,2026-08-07,,,,,,,,
EUSA,2026-08-06,116.76,117.99,0.010534429599177608,2026-08-07,,,,,,,,
EUSB,2026-08-06,42.83,42.88,0.001167406023815154,2026-08-07,,,,,,,,
EUV,2026-08-06,25.45,26.32,0.034184675834970646,2026-08-07,,,,,,,,
EUVX,2026-08-06,16.36,17.48,0.06845965770171158,2026-08-07,,,,,,,,
EVAC,2026-08-06,10.26,10.25,-0.0009746588693957392,2026-08-07,,,,,,,,
EVAX,2026-08-06,2.99,3.1,0.03678929765886285,2026-08-07,,,,,,,,
EVC,2026-08-06,11.41,11.97,0.04907975460122693,2026-08-07,,,,,,,,
EVCM,2026-08-06,10.61,10.92,0.029217719132893505,2026-08-07,,,,,,,,
EVER,2026-08-06,23.82,25.71,0.079345088161209,2026-08-07,,,,,,,,
EVEX,2026-08-06,2.62,2.76,0.05343511450381677,2026-08-07,,,,,,,,
EVF,2026-08-06,4.98,4.98,0.0,2026-08-07,,,,,,,,
EVG,2026-08-06,10.55,10.61,0.005687203791469031,2026-08-07,,,,,,,,
EVGN,2026-08-06,0.69,0.6,-0.13043478260869557,2026-08-07,,,,,,,,
EVGO,2026-08-06,1.52,1.62,0.06578947368421062,2026-08-07,,,,,,,,
EVH,2026-08-06,3.59,3.95,0.10027855153203347,2026-08-07,,,,,,,,
EVHY,2026-08-06,52.12,52.21,0.0017267843438220076,2026-08-07,,,,,,,,
EVI,2026-08-06,14.0,13.99,-0.0007142857142856673,2026-08-07,,,,,,,,
EVIM,2026-08-06,52.56,52.62,0.0011415525114153446,2026-08-07,,,,,,,,
EVLN,2026-08-06,48.58,48.75,0.0034993824619184988,2026-08-07,,,,,,,,
EVLU,2026-08-06,40.93,41.2,0.006596628389934134,2026-08-07,,,,,,,,
EVLV,2026-08-06,5.95,6.13,0.030252100840336027,2026-08-07,,,,,,,,
EVMN,2026-08-06,13.38,14.08,0.05231689088191316,2026-08-07,,,,,,,,
EVMO,2026-08-06,49.78,49.87,0.0018079550020086987,2026-08-07,,,,,,,,
EVMT,2026-08-06,17.76,17.84,0.0045045045045044585,2026-08-07,,,,,,,,
EVMU,2026-08-06,19.25,19.4,0.007792207792207684,2026-08-07,,,,,,,,
EVN,2026-08-06,10.56,10.68,0.011363636363636243,2026-08-07,,,,,,,,
EVNT,2026-08-06,12.32,12.36,0.0032467532467532756,2026-08-07,,,,,,,,
EVO,2026-08-06,1.95,2.0,0.025641025641025772,2026-08-07,,,,,,,,
EVOX,2026-08-06,10.07,10.09,0.0019860973187686426,2026-08-07,,,,,,,,
EVPF,2026-08-06,49.91,50.03,0.002404327790022087,2026-08-07,,,,,,,,
EVR,2026-08-06,310.33,305.94,-0.014146231431057199,2026-08-07,,,,,,,,
EVRG,2026-08-06,83.02,83.38,0.004336304504938493,2026-08-07,,,,,,,,
EVSB,2026-08-06,50.8,50.83,0.0005905511811024056,2026-08-07,,,,,,,,
EVSD,2026-08-06,50.76,50.81,0.0009850275807723463,2026-08-07,,,,,,,,
EVSM,2026-08-06,50.15,50.22,0.0013958125623130258,2026-08-07,,,,,,,,
EVT,2026-08-06,28.74,28.94,0.00695894224077942,2026-08-07,,,,,,,,
EVTC,2026-08-06,30.94,29.85,-0.03522947640594698,2026-08-07,,,,,,,,
EVTL,2026-08-06,1.26,1.36,0.07936507936507953,2026-08-07,,,,,,,,
EVTR,2026-08-06,50.12,50.24,0.002394253790901857,2026-08-07,,,,,,,,
EVUS,2026-08-06,36.86,37.04,0.004883342376559963,2026-08-07,,,,,,,,
EVV,2026-08-06,9.2,9.25,0.005434782608695787,2026-08-07,,,,,,,,
EVX,2026-08-06,41.38,41.44,0.0014499758337360724,2026-08-07,,,,,,,,
EVYM,2026-08-06,50.03,50.26,0.004597241655006856,2026-08-07,,,,,,,,
EW,2026-08-06,89.32,89.72,0.004478280340349361,2026-08-07,,,,,,,,
EWA,2026-08-06,30.16,30.41,0.008289124668435122,2026-08-07,,,,,,,,
EWAVU,2026-08-06,9.95,9.94,-0.0010050251256281673,2026-08-07,,,,,,,,
EWBC,2026-08-06,131.88,131.7,-0.0013648771610555999,2026-08-07,,,,,,,,
EWC,2026-08-06,60.7,61.3,0.009884678747940523,2026-08-07,,,,,,,,
EWD,2026-08-06,53.31,53.61,0.005627462014631268,2026-08-07,,,,,,,,
EWG,2026-08-06,43.52,44.02,0.011488970588235281,2026-08-07,,,,,,,,
EWH,2026-08-06,22.49,22.71,0.00978212538906198,2026-08-07,,,,,,,,
EWI,2026-08-06,63.16,63.35,0.00300823305889808,2026-08-07,,,,,,,,
EWJ,2026-08-06,95.15,96.9,0.018392012611665898,2026-08-07,,,,,,,,
EWJV,2026-08-06,47.58,48.14,0.01176965111391337,2026-08-07,,,,,,,,
EWK,2026-08-06,27.12,27.21,0.0033185840707965486,2026-08-07,,,,,,,,
EWL,2026-08-06,63.72,64.5,0.012241054613935987,2026-08-07,,,,,,,,
EWM,2026-08-06,28.1,28.18,0.002846975088967918,2026-08-07,,,,,,,,
EWN,2026-08-06,68.53,69.21,0.009922661608054772,2026-08-07,,,,,,,,
EWO,2026-08-06,44.26,43.96,-0.006778129236330699,2026-08-07,,,,,,,,
EWP,2026-08-06,62.3,62.66,0.005778491171749556,2026-08-07,,,,,,,,
EWQ,2026-08-06,47.6,47.9,0.006302521008403339,2026-08-07,,,,,,,,
EWS,2026-08-06,32.55,33.25,0.021505376344086002,2026-08-07,,,,,,,,
EWT,2026-08-06,101.98,103.09,0.010884487154344091,2026-08-07,,,,,,,,
EWTX,2026-08-06,44.42,43.52,-0.020261143628995892,2026-08-07,,,,,,,,
EWU,2026-08-06,48.3,48.64,0.007039337474120222,2026-08-07,,,,,,,,
EWUS,2026-08-06,45.24,45.79,0.012157382847038045,2026-08-07,,,,,,,,
EWV,2026-08-06,16.92,16.33,-0.034869976359338306,2026-08-07,,,,,,,,
EWW,2026-08-06,76.63,77.52,0.011614250293618733,2026-08-07,,,,,,,,
EWX,2026-08-06,70.93,71.46,0.007472155646411682,2026-08-07,,,,,,,,
EWY,2026-08-06,164.12,166.09,0.012003412137460368,2026-08-07,,,,,,,,
EWZ,2026-08-06,35.81,35.34,-0.013124825467746404,2026-08-07,,,,,,,,
EWZS,2026-08-06,12.95,12.8,-0.011583011583011449,2026-08-07,,,,,,,,
EXC,2026-08-06,45.32,45.61,0.00639894086496029,2026-08-07,,,,,,,,
EXE,2026-08-06,91.96,92.84,0.009569377990430672,2026-08-07,,,,,,,,
EXEL,2026-08-06,52.2,54.07,0.03582375478927191,2026-08-07,,,,,,,,
EXFY,2026-08-06,1.98,2.69,0.35858585858585856,2026-08-07,,,,,,,,
EXG,2026-08-06,9.94,10.0,0.006036217303823088,2026-08-07,,,,,,,,
EXI,2026-08-06,203.44,205.24,0.00884781753834063,2026-08-07,,,,,,,,
EXK,2026-08-06,8.83,9.54,0.08040770101925254,2026-08-07,,,,,,,,
EXLS,2026-08-06,34.66,34.89,0.00663589151759969,2026-08-07,,,,,,,,
EXOD,2026-08-06,5.33,5.49,0.030018761726078758,2026-08-07,,,,,,,,
EXOZ,2026-08-06,5.17,5.11,-0.011605415860734936,2026-08-07,,,,,,,,
EXP,2026-08-06,211.34,214.29,0.013958550203463593,2026-08-07,,,,,,,,
EXPD,2026-08-06,178.56,178.71,0.0008400537634409844,2026-08-07,,,,,,,,
EXPE,2026-08-06,306.57,310.68,0.013406399843429062,2026-08-07,,,,,,,,
EXPO,2026-08-06,66.21,66.79,0.008760006041383717,2026-08-07,,,,,,,,
EXR,2026-08-06,149.54,149.54,0.0,2026-08-07,,,,,,,,
EXTR,2026-08-06,24.32,23.97,-0.014391447368421129,2026-08-07,,,,,,,,
EXUS,2026-08-06,28.57,28.73,0.0056002800140007025,2026-08-07,,,,,,,,
EXYN,2026-08-06,1.76,1.94,0.10227272727272729,2026-08-07,,,,,,,,
EYE,2026-08-06,22.47,22.55,0.003560302625723377,2026-08-07,,,,,,,,
EYEG,2026-08-06,34.58,34.63,0.0014459224985541308,2026-08-07,,,,,,,,
EYES,2026-08-06,28.55,29.6,0.03677758318739066,2026-08-07,,,,,,,,
EYLD,2026-08-06,46.82,46.97,0.003203759077317292,2026-08-07,,,,,,,,
EYPT,2026-08-06,12.83,13.89,0.0826188620420889,2026-08-07,,,,,,,,
EZA,2026-08-06,66.88,69.65,0.0414174641148326,2026-08-07,,,,,,,,
EZBC,2026-08-06,37.23,37.53,0.008058017727639033,2026-08-07,,,,,,,,
EZET,2026-08-06,14.45,14.53,0.005536332179930881,2026-08-07,,,,,,,,
EZGO,2026-08-06,1.0,1.06,0.06000000000000005,2026-08-07,,,,,,,,
EZJ,2026-08-06,66.88,69.12,0.03349282296650724,2026-08-07,,,,,,,,
EZM,2026-08-06,76.58,77.06,0.006267955079655385,2026-08-07,,,,,,,,
EZMO,2026-08-06,26.28,26.52,0.00913242009132409,2026-08-07,,,,,,,,
EZPW,2026-08-06,29.18,27.9,-0.04386566141192605,2026-08-07,,,,,,,,
EZPZ,2026-08-06,16.0,16.11,0.0068749999999999645,2026-08-07,,,,,,,,
EZRA,2026-08-06,2.57,2.55,-0.0077821011673151474,2026-08-07,,,,,,,,
EZRO,2026-08-06,24.78,25.0,0.00887812752219519,2026-08-07,,,,,,,,
EZU,2026-08-06,71.03,71.57,0.007602421512037161,2026-08-07,,,,,,,,
F,2026-08-06,13.79,13.98,0.013778100072516342,2026-08-07,,,,,,,,
FA,2026-08-06,24.12,24.01,-0.004560530679933672,2026-08-07,,,,,,,,
FAAA,2026-08-06,50.24,50.28,0.0007961783439489611,2026-08-07,,,,,,,,
FAAR,2026-08-06,30.91,30.74,-0.005499838240051846,2026-08-07,,,,,,,,
FAB,2026-08-06,106.14,106.62,0.0045223289994347216,2026-08-07,,,,,,,,
FABC,2026-08-06,2.69,2.77,0.029739776951672958,2026-08-07,,,,,,,,
FAC,2026-08-06,5.95,5.93,-0.003361344537815225,2026-08-07,,,,,,,,
FACT,2026-08-06,10.67,10.67,0.0,2026-08-07,,,,,,,,
FAD,2026-08-06,189.19,191.69,0.013214229081875306,2026-08-07,,,,,,,,
FAF,2026-08-06,75.15,74.22,-0.012375249500998109,2026-08-07,,,,,,,,
FAI,2026-08-06,53.51,54.6,0.02037002429452439,2026-08-07,,,,,,,,
FALN,2026-08-06,26.93,26.99,0.002227998514667595,2026-08-07,,,,,,,,
FAMI,2026-08-06,0.16,0.16,0.0,2026-08-07,,,,,,,,
FAN,2026-08-06,23.67,24.0,0.0139416983523446,2026-08-07,,,,,,,,
FANG,2026-08-06,189.63,188.04,-0.008384749248536605,2026-08-07,,,,,,,,
FAPR,2026-08-06,47.56,47.69,0.0027333894028593875,2026-08-07,,,,,,,,
FARX,2026-08-06,29.21,29.3,0.003081136597055778,2026-08-07,,,,,,,,
FAS,2026-08-06,181.44,179.57,-0.010306437389770773,2026-08-07,,,,,,,,
FAST,2026-08-06,50.8,51.84,0.020472440944881987,2026-08-07,,,,,,,,
FATE,2026-08-06,2.49,2.8,0.12449799196787126,2026-08-07,,,,,,,,
FATN,2026-08-06,6.34,6.37,0.004731861198738141,2026-08-07,,,,,,,,
FAUG,2026-08-06,57.38,57.43,0.0008713837574068073,2026-08-07,,,,,,,,
FAX,2026-08-06,14.42,14.53,0.007628294036061023,2026-08-07,,,,,,,,
FAZ,2026-08-06,31.41,31.77,0.011461318051575908,2026-08-07,,,,,,,,
FB,2026-08-06,45.12,45.16,0.0008865248226950229,2026-08-07,,,,,,,,
FBCG,2026-08-06,62.13,62.74,0.009818123289875968,2026-08-07,,,,,,,,
FBCV,2026-08-06,42.4,42.53,0.0030660377358491253,2026-08-07,,,,,,,,
FBDC,2026-08-06,17.64,17.96,0.018140589569161092,2026-08-07,,,,,,,,
FBGL,2026-08-06,0.41,0.42,0.024390243902439046,2026-08-07,,,,,,,,
FBIN,2026-08-06,50.35,50.78,0.008540218470705074,2026-08-07,,,,,,,,
FBIO,2026-08-06,2.77,2.67,-0.036101083032491044,2026-08-07,,,,,,,,
FBIZ,2026-08-06,72.01,71.12,-0.012359394528537737,2026-08-07,,,,,,,,
FBK,2026-08-06,60.82,60.84,0.0003288391976323801,2026-08-07,,,,,,,,
FBL,2026-08-06,22.01,22.14,0.005906406179009505,2026-08-07,,,,,,,,
FBLA,2026-08-06,15.52,15.62,0.006443298969072142,2026-08-07,,,,,,,,
FBLG,2026-08-06,1.02,0.98,-0.03921568627450989,2026-08-07,,,,,,,,
FBNC,2026-08-06,64.2,64.67,0.007320872274143353,2026-08-07,,,,,,,,
FBND,2026-08-06,44.92,45.0,0.0017809439002671734,2026-08-07,,,,,,,,
FBOT,2026-08-06,39.5,40.29,0.020000000000000018,2026-08-07,,,,,,,,
FBP,2026-08-06,29.06,28.67,-0.013420509291121707,2026-08-07,,,,,,,,
FBRT,2026-08-06,7.65,7.91,0.03398692810457504,2026-08-07,,,,,,,,
FBRX,2026-08-06,76.83,76.79,-0.0005206299622542154,2026-08-07,,,,,,,,
FBT,2026-08-06,248.24,255.93,0.030978085723493365,2026-08-07,,,,,,,,
FBTC,2026-08-06,56.06,56.53,0.008383874420264004,2026-08-07,,,,,,,,
FBUF,2026-08-06,33.33,33.44,0.0033003300330032292,2026-08-07,,,,,,,,
FBX,2026-08-06,28.16,28.49,0.01171875,2026-08-07,,,,,,,,
FBY,2026-08-06,8.65,8.74,0.010404624277456698,2026-08-07,,,,,,,,
FBYD,2026-08-06,9.83,10.07,0.024415055951169995,2026-08-07,,,,,,,,
FBYY,2026-08-06,11.05,11.01,-0.0036199095022625416,2026-08-07,,,,,,,,
FC,2026-08-06,21.42,21.81,0.0182072829131652,2026-08-07,,,,,,,,
FCA,2026-08-06,27.4,27.73,0.012043795620438003,2026-08-07,,,,,,,,
FCAL,2026-08-06,48.79,48.91,0.0024595203935231513,2026-08-07,,,,,,,,
FCAP,2026-08-06,64.0,64.09,0.0014062500000000533,2026-08-07,,,,,,,,
FCBC,2026-08-06,48.53,48.21,-0.0065938594683701,2026-08-07,,,,,,,,
FCBD,2026-08-06,25.18,25.2,0.000794281175536149,2026-08-07,,,,,,,,
FCBM,2026-08-06,12.5,12.49,-0.0008000000000000229,2026-08-07,,,,,,,,
FCCO,2026-08-06,34.26,34.21,-0.0014594279042614566,2026-08-07,,,,,,,,
FCEF,2026-08-06,24.0,24.13,0.005416666666666625,2026-08-07,,,,,,,,
FCEL,2026-08-06,20.32,20.43,0.005413385826771533,2026-08-07,,,,,,,,
FCF,2026-08-06,21.45,21.51,0.002797202797202969,2026-08-07,,,,,,,,
FCFS,2026-08-06,205.66,202.54,-0.015170670037926715,2026-08-07,,,,,,,,
FCFY,2026-08-06,29.51,29.9,0.013215859030836885,2026-08-07,,,,,,,,
FCG,2026-08-06,28.28,28.37,0.0031824611032531536,2026-08-07,,,,,,,,
FCHL,2026-08-06,1.23,1.21,-0.016260162601625994,2026-08-07,,,,,,,,
FCLD,2026-08-06,40.58,42.02,0.03548546081813719,2026-08-07,,,,,,,,
FCLO,2026-08-06,50.22,50.28,0.0011947431302270495,2026-08-07,,,,,,,,
FCN,2026-08-06,150.87,151.43,0.0037118048651156865,2026-08-07,,,,,,,,
FCNCA,2026-08-06,2237.51,2218.49,-0.008500520668064282,2026-08-07,,,,,,,,
FCOM,2026-08-06,70.33,70.77,0.006256220673965585,2026-08-07,,,,,,,,
FCOR,2026-08-06,46.35,46.49,0.0030204962243798317,2026-08-07,,,,,,,,
FCPI,2026-08-06,55.8,56.51,0.01272401433691761,2026-08-07,,,,,,,,
FCPT,2026-08-06,25.06,25.1,0.0015961691939345712,2026-08-07,,,,,,,,
FCRS,2026-08-06,10.24,10.23,-0.0009765625,2026-08-07,,,,,,,,
FCSH,2026-08-06,24.05,24.08,0.001247401247401081,2026-08-07,,,,,,,,
FCT,2026-08-06,9.65,9.67,0.002072538860103501,2026-08-07,,,,,,,,
FCTE,2026-08-06,30.14,30.32,0.005972130059721303,2026-08-07,,,,,,,,
FCTR,2026-08-06,39.64,39.8,0.004036326942482349,2026-08-07,,,,,,,,
FCUS,2026-08-06,36.74,36.97,0.0062602068590091875,2026-08-07,,,,,,,,
FCUV,2026-08-06,8.21,5.2,-0.36662606577344703,2026-08-07,,,,,,,,
FCVT,2026-08-06,49.93,50.49,0.011215701982775883,2026-08-07,,,,,,,,
FCX,2026-08-06,68.18,69.62,0.021120563215019095,2026-08-07,,,,,,,,
FCXG,2026-08-06,14.63,15.29,0.045112781954887105,2026-08-07,,,,,,,,
FDAT,2026-08-06,22.53,22.73,0.008877052818464293,2026-08-07,,,,,,,,
FDBC,2026-08-06,53.9,54.52,0.011502782931354538,2026-08-07,,,,,,,,
FDCF,2026-08-06,49.96,51.03,0.02141713370696552,2026-08-07,,,,,,,,
FDD,2026-08-06,20.34,20.49,0.007374631268436405,2026-08-07,,,,,,,,
FDEC,2026-08-06,55.43,55.61,0.0032473389861085167,2026-08-07,,,,,,,,
FDEM,2026-08-06,35.27,35.6,0.009356393535582708,2026-08-07,,,,,,,,
FDEV,2026-08-06,37.51,37.87,0.009597440682484581,2026-08-07,,,,,,,,
FDFF,2026-08-06,36.64,36.6,-0.0010917030567685337,2026-08-07,,,,,,,,
FDG,2026-08-06,133.43,135.51,0.01558869819380937,2026-08-07,,,,,,,,
FDHY,2026-08-06,48.95,49.08,0.0026557711950969676,2026-08-07,,,,,,,,
FDIF,2026-08-06,40.36,41.05,0.017096134786917627,2026-08-07,,,,,,,,
FDIG,2026-08-06,41.37,41.24,-0.0031423737007492125,2026-08-07,,,,,,,,
FDIQ,2026-08-06,71.57,72.28,0.009920357691770354,2026-08-07,,,,,,,,
FDIS,2026-08-06,103.22,104.68,0.014144545630691896,2026-08-07,,,,,,,,
FDIV,2026-08-06,28.08,28.2,0.004273504273504258,2026-08-07,,,,,,,,
FDL,2026-08-06,51.57,51.89,0.006205158037618785,2026-08-07,,,,,,,,
FDLO,2026-08-06,73.24,73.45,0.0028672856362643717,2026-08-07,,,,,,,,
FDLS,2026-08-06,42.81,43.09,0.006540527914038696,2026-08-07,,,,,,,,
FDM,2026-08-06,94.4,94.93,0.005614406779661074,2026-08-07,,,,,,,,
FDMM,2026-08-06,9.83,9.88,0.0050864699898272026,2026-08-07,,,,,,,,
FDMMU,2026-08-06,9.95,9.95,0.0,2026-08-07,,,,,,,,
FDMO,2026-08-06,95.01,95.76,0.007893905904641674,2026-08-07,,,,,,,,
FDMT,2026-08-06,10.55,10.75,0.018957345971563955,2026-08-07,,,,,,,,
FDN,2026-08-06,283.46,289.38,0.020884780921470503,2026-08-07,,,,,,,,
FDND,2026-08-06,22.29,22.75,0.020637056976222645,2026-08-07,,,,,,,,
FDNI,2026-08-06,28.84,29.37,0.01837725381414712,2026-08-07,,,,,,,,
FDRR,2026-08-06,69.4,69.86,0.006628242074927959,2026-08-07,,,,,,,,
FDRS,2026-08-06,23.66,24.4,0.03127641589180041,2026-08-07,,,,,,,,
FDRV,2026-08-06,17.58,18.25,0.03811149032992045,2026-08-07,,,,,,,,
FDRX,2026-08-06,21.39,22.65,0.058906030855539804,2026-08-07,,,,,,,,
FDS,2026-08-06,274.58,285.57,0.04002476509578279,2026-08-07,,,,,,,,
FDSB,2026-08-06,17.9,17.86,-0.0022346368715083775,2026-08-07,,,,,,,,
FDT,2026-08-06,92.58,93.97,0.015014041909699793,2026-08-07,,,,,,,,
FDTS,2026-08-06,68.17,68.25,0.0011735367463694413,2026-08-07,,,,,,,,
FDTX,2026-08-06,53.8,55.09,0.023977695167286317,2026-08-07,,,,,,,,
FDUS,2026-08-06,20.58,20.35,-0.011175898931000794,2026-08-07,,,,,,,,
FDV,2026-08-06,33.05,33.18,0.003933434190620311,2026-08-07,,,,,,,,
FDVV,2026-08-06,63.67,64.2,0.008324171509345168,2026-08-07,,,,,,,,
FDX,2026-08-06,315.87,318.57,0.008547820305822018,2026-08-07,,,,,,,,
FDXF,2026-08-06,146.42,144.76,-0.011337249009698125,2026-08-07,,,,,,,,
FE,2026-08-06,47.37,47.47,0.002111040743086434,2026-08-07,,,,,,,,
FEAC,2026-08-06,33.39,33.66,0.008086253369272045,2026-08-07,,,,,,,,
FEAM,2026-08-06,1.74,1.5,-0.13793103448275856,2026-08-07,,,,,,,,
FEBM,2026-08-06,31.53,31.55,0.0006343165239455217,2026-08-07,,,,,,,,
FEBO,2026-08-06,0.79,0.8,0.012658227848101333,2026-08-07,,,,,,,,
FEBP,2026-08-06,34.65,34.73,0.0023088023088022602,2026-08-07,,,,,,,,
FEBT,2026-08-06,41.92,42.03,0.002624045801526753,2026-08-07,,,,,,,,
FEBU,2026-08-06,30.31,30.47,0.005278785879247794,2026-08-07,,,,,,,,
FEBW,2026-08-06,36.08,36.11,0.0008314855875832805,2026-08-07,,,,,,,,
FEBZ,2026-08-06,41.16,41.36,0.004859086491739717,2026-08-07,,,,,,,,
FECM,2026-08-06,24.76,24.82,0.0024232633279481774,2026-08-07,,,,,,,,
FEDM,2026-08-06,65.43,66.29,0.013143817820571613,2026-08-07,,,,,,,,
FEDU,2026-08-06,8.2,8.2,0.0,2026-08-07,,,,,,,,
FEED,2026-08-06,0.4,0.4,0.0,2026-08-07,,,,,,,,
FEGE,2026-08-06,52.13,52.52,0.007481296758104827,2026-08-07,,,,,,,,
FEIG,2026-08-06,40.02,40.12,0.002498750624687407,2026-08-07,,,,,,,,
FEIM,2026-08-06,74.4,74.43,0.00040322580645169026,2026-08-07,,,,,,,,
FELC,2026-08-06,43.72,43.96,0.0054894784995425105,2026-08-07,,,,,,,,
FELE,2026-08-06,109.33,109.46,0.0011890606420927874,2026-08-07,,,,,,,,
FELG,2026-08-06,44.26,44.64,0.008585630366019004,2026-08-07,,,,,,,,
FELV,2026-08-06,42.62,42.92,0.007038948850305093,2026-08-07,,,,,,,,
FEM,2026-08-06,32.15,32.21,0.0018662519440124647,2026-08-07,,,,,,,,
FEMB,2026-08-06,29.59,29.83,0.00811084825954711,2026-08-07,,,,,,,,
FEMD,2026-08-06,36.99,37.32,0.008921330089213253,2026-08-07,,,,,,,,
FEMG,2026-08-06,26.1,26.81,0.027203065134099536,2026-08-07,,,,,,,,
FEMR,2026-08-06,40.04,40.37,0.008241758241758212,2026-08-07,,,,,,,,
FEMS,2026-08-06,45.11,45.3,0.0042119264021280856,2026-08-07,,,,,,,,
FEMV,2026-08-06,27.54,27.79,0.009077705156136595,2026-08-07,,,,,,,,
FEMY,2026-08-06,2.95,2.66,-0.09830508474576272,2026-08-07,,,,,,,,
FENC,2026-08-06,10.84,11.57,0.06734317343173446,2026-08-07,,,,,,,,
FENG,2026-08-06,1.48,1.5,0.013513513513513598,2026-08-07,,,,,,,,
FENI,2026-08-06,41.31,41.76,0.010893246187363648,2026-08-07,,,,,,,,
FENY,2026-08-06,32.3,31.95,-0.010835913312693402,2026-08-07,,,,,,,,
FEOE,2026-08-06,56.21,56.66,0.00800569293719966,2026-08-07,,,,,,,,
FEP,2026-08-06,59.68,60.03,0.005864611260053554,2026-08-07,,,,,,,,
FEPI,2026-08-06,41.45,41.78,0.007961399276236403,2026-08-07,,,,,,,,
FER,2026-08-06,65.39,66.51,0.017128001223428724,2026-08-07,,,,,,,,
FERA,2026-08-06,10.46,10.46,0.0,2026-08-07,,,,,,,,
FERG,2026-08-06,253.37,256.69,0.013103366617989387,2026-08-07,,,,,,,,
FESC,2026-08-06,24.07,24.42,0.014540922309929538,2026-08-07,,,,,,,,
FESM,2026-08-06,47.83,48.32,0.010244616349571523,2026-08-07,,,,,,,,
FET,2026-08-06,75.23,74.23,-0.013292569453675407,2026-08-07,,,,,,,,
FETH,2026-08-06,19.02,19.1,0.004206098843323014,2026-08-07,,,,,,,,
FEUS,2026-08-06,83.78,84.39,0.00728097397947014,2026-08-07,,,,,,,,
FEUZ,2026-08-06,68.5,68.78,0.004087591240875987,2026-08-07,,,,,,,,
FEX,2026-08-06,138.76,139.86,0.007927356586912904,2026-08-07,,,,,,,,
FEZ,2026-08-06,71.22,71.86,0.008986239820275133,2026-08-07,,,,,,,,
FF,2026-08-06,5.21,5.09,-0.02303262955854124,2026-08-07,,,,,,,,
FFA,2026-08-06,23.21,23.35,0.006031882809133915,2026-08-07,,,,,,,,
FFAI,2026-08-06,4.38,4.1,-0.06392694063926951,2026-08-07,,,,,,,,
FFBC,2026-08-06,33.78,33.66,-0.00355239786856143,2026-08-07,,,,,,,,
FFC,2026-08-06,16.13,16.23,0.0061996280223186595,2026-08-07,,,,,,,,
FFDI,2026-08-06,33.04,33.34,0.009079903147699797,2026-08-07,,,,,,,,
FFEB,2026-08-06,62.12,62.27,0.002414681262073559,2026-08-07,,,,,,,,
FFEM,2026-08-06,41.25,41.57,0.007757575757575852,2026-08-07,,,,,,,,
FFF,2026-08-06,25.33,26.01,0.0268456375838928,2026-08-07,,,,,,,,
FFGX,2026-08-06,34.41,34.71,0.008718395815170199,2026-08-07,,,,,,,,
FFIN,2026-08-06,34.71,34.67,-0.0011524056467876465,2026-08-07,,,,,,,,
FFIU,2026-08-06,21.47,21.49,0.0009315323707499434,2026-08-07,,,,,,,,
FFIV,2026-08-06,413.07,400.23,-0.031084319848936004,2026-08-07,,,,,,,,
FFLC,2026-08-06,60.11,60.4,0.004824488437863872,2026-08-07,,,,,,,,
FFLG,2026-08-06,33.22,33.54,0.009632751354605729,2026-08-07,,,,,,,,
FFLS,2026-08-06,23.49,24.08,0.025117071094082677,2026-08-07,,,,,,,,
FFLV,2026-08-06,28.99,29.08,0.0031045187995859536,2026-08-07,,,,,,,,
FFND,2026-08-06,33.41,33.89,0.014366956001197417,2026-08-07,,,,,,,,
FFOG,2026-08-06,49.49,49.95,0.009294807031723584,2026-08-07,,,,,,,,
FFOX,2026-08-06,30.06,30.75,0.022954091816367317,2026-08-07,,,,,,,,
FFSM,2026-08-06,37.68,38.07,0.010350318471337605,2026-08-07,,,,,,,,
FFTY,2026-08-06,36.98,36.67,-0.00838290968090849,2026-08-07,,,,,,,,
FFUT,2026-08-06,60.1,60.28,0.0029950083194676402,2026-08-07,,,,,,,,
FG,2026-08-06,29.18,27.67,-0.051747772446881335,2026-08-07,,,,,,,,
FGBI,2026-08-06,9.56,9.6,0.004184100418409997,2026-08-07,,,,,,,,
FGD,2026-08-06,34.75,35.01,0.0074820143884890555,2026-08-07,,,,,,,,
FGDL,2026-08-06,56.54,57.86,0.023346303501945442,2026-08-07,,,,,,,,
FGI,2026-08-06,4.73,4.57,-0.03382663847780132,2026-08-07,,,,,,,,
FGII,2026-08-06,9.98,9.97,-0.0010020040080159776,2026-08-07,,,,,,,,
FGL,2026-08-06,0.88,0.85,-0.03409090909090917,2026-08-07,,,,,,,,
FGM,2026-08-06,63.7,63.93,0.0036106750392463915,2026-08-07,,,,,,,,
FGNX,2026-08-06,7.0,6.74,-0.037142857142857144,2026-08-07,,,,,,,,
FGRU,2026-08-06,8.49,8.47,-0.002355712603062332,2026-08-07,,,,,,,,
FGSI,2026-08-06,21.2,21.33,0.006132075471698029,2026-08-07,,,,,,,,
FGSM,2026-08-06,35.52,35.87,0.009853603603603434,2026-08-07,,,,,,,,
FHB,2026-08-06,27.57,27.49,-0.0029017047515416117,2026-08-07,,,,,,,,
FHDG,2026-08-06,36.92,37.04,0.003250270855904569,2026-08-07,,,,,,,,
FHEQ,2026-08-06,34.21,34.43,0.006430868167202508,2026-08-07,,,,,,,,
FHI,2026-08-06,63.25,63.16,-0.0014229249011857847,2026-08-07,,,,,,,,
FHIL,2026-08-06,25.16,25.36,0.007949125596184325,2026-08-07,,,,,,,,
FHLC,2026-08-06,79.84,80.67,0.01039579158316628,2026-08-07,,,,,,,,
FHN,2026-08-06,25.49,25.46,-0.0011769321302470548,2026-08-07,,,,,,,,
FHTX,2026-08-06,5.57,6.07,0.08976660682226201,2026-08-07,,,,,,,,
FHYS,2026-08-06,22.99,23.05,0.002609830361026688,2026-08-07,,,,,,,,
FIAT,2026-08-06,21.35,20.46,-0.041686182669789296,2026-08-07,,,,,,,,
FIAX,2026-08-06,17.45,17.47,0.0011461318051575464,2026-08-07,,,,,,,,
FIBK,2026-08-06,37.42,37.53,0.0029396044895777518,2026-08-07,,,,,,,,
FICO,2026-08-06,1031.89,1041.4,0.009216098615162371,2026-08-07,,,,,,,,
FICS,2026-08-06,42.95,43.19,0.005587892898719415,2026-08-07,,,,,,,,
FID,2026-08-06,22.64,22.85,0.00927561837455837,2026-08-07,,,,,,,,
FIDI,2026-08-06,29.14,29.32,0.0061770761839397,2026-08-07,,,,,,,,
FIDU,2026-08-06,98.17,98.61,0.0044820209840072955,2026-08-07,,,,,,,,
FIEE,2026-08-06,3.29,3.32,0.00911854103343468,2026-08-07,,,,,,,,
FIG,2026-08-06,23.97,23.29,-0.028368794326241176,2026-08-07,,,,,,,,
FIGB,2026-08-06,42.26,42.37,0.0026029342167535052,2026-08-07,,,,,,,,
FIGG,2026-08-06,21.89,20.76,-0.05162174508908168,2026-08-07,,,,,,,,
FIGR,2026-08-06,28.6,28.62,0.0006993006993005757,2026-08-07,,,,,,,,
FIGS,2026-08-06,11.24,14.26,0.2686832740213523,2026-08-07,,,,,,,,
FIGX,2026-08-06,10.27,10.28,0.0009737098344693162,2026-08-07,,,,,,,,
FIIG,2026-08-06,20.45,20.48,0.0014669926650368037,2026-08-07,,,,,,,,
FIMU,2026-08-06,19.82,19.84,0.0010090817356205317,2026-08-07,,,,,,,,
FINA,2026-08-06,25.73,25.93,0.007773027594248028,2026-08-07,,,,,,,,
FINS,2026-08-06,12.52,12.59,0.005591054313099031,2026-08-07,,,,,,,,
FINT,2026-08-06,36.44,36.72,0.007683863885839859,2026-08-07,,,,,,,,
FINV,2026-08-06,4.82,4.86,0.008298755186721962,2026-08-07,,,,,,,,
FINW,2026-08-06,14.24,14.27,0.002106741573033588,2026-08-07,,,,,,,,
FINX,2026-08-06,26.07,26.02,-0.001917913310318431,2026-08-07,,,,,,,,
FINY,2026-08-06,25.6,25.54,-0.002343750000000089,2026-08-07,,,,,,,,
FIP,2026-08-06,4.05,4.27,0.05432098765432092,2026-08-07,,,,,,,,
FIRY,2026-08-06,10.0,10.45,0.04499999999999993,2026-08-07,,,,,,,,
FIS,2026-08-06,42.81,42.77,-0.0009343611305769883,2026-08-07,,,,,,,,
FISI,2026-08-06,41.96,41.65,-0.007387988560533909,2026-08-07,,,,,,,,
FISN,2026-08-06,9.22,8.99,-0.024945770065075923,2026-08-07,,,,,,,,
FISR,2026-08-06,25.22,25.28,0.0023790642347343294,2026-08-07,,,,,,,,
FISV,2026-08-06,54.11,52.41,-0.031417482905193195,2026-08-07,,,,,,,,
FITB,2026-08-06,56.96,57.09,0.002282303370786609,2026-08-07,,,,,,,,
FITE,2026-08-06,113.57,115.93,0.02078013559919012,2026-08-07,,,,,,,,
FITZ,2026-08-06,25.13,25.53,0.015917230401910176,2026-08-07,,,,,,,,
FIVA,2026-08-06,39.8,40.14,0.00854271356783931,2026-08-07,,,,,,,,
FIVE,2026-08-06,231.12,244.37,0.05732952578746975,2026-08-07,,,,,,,,
FIVN,2026-08-06,28.37,33.99,0.1980965808953119,2026-08-07,,,,,,,,
FIW,2026-08-06,112.72,113.55,0.007363378282469801,2026-08-07,,,,,,,,
FIX,2026-08-06,1713.6,1694.55,-0.011116946778711445,2026-08-07,,,,,,,,
FIXD,2026-08-06,42.99,43.08,0.0020935101186321248,2026-08-07,,,,,,,,
FIXP,2026-08-06,19.8,19.87,0.0035353535353535026,2026-08-07,,,,,,,,
FIXT,2026-08-06,37.23,37.26,0.0008058017727639033,2026-08-07,,,,,,,,
FIYY,2026-08-06,24.47,24.48,0.000408663669799747,2026-08-07,,,,,,,,
FIZY,2026-08-06,25.74,26.12,0.014763014763014892,2026-08-07,,,,,,,,
FIZZ,2026-08-06,31.96,32.13,0.005319148936170359,2026-08-07,,,,,,,,
FJAN,2026-08-06,56.22,56.36,0.0024902170046245953,2026-08-07,,,,,,,,
FJDIU,2026-08-06,9.95,9.95,0.0,2026-08-07,,,,,,,,
FJET,2026-08-06,3.8,3.99,0.050000000000000044,2026-08-07,,,,,,,,
FJP,2026-08-06,76.49,77.62,0.01477317296378633,2026-08-07,,,,,,,,
FJUL,2026-08-06,61.14,61.32,0.0029440628066732533,2026-08-07,,,,,,,,
FJUN,2026-08-06,61.12,61.29,0.002781413612565453,2026-08-07,,,,,,,,
FKU,2026-08-06,56.44,56.93,0.008681785967399103,2026-08-07,,,,,,,,
FKWL,2026-08-06,2.27,2.29,0.008810572687224738,2026-08-07,,,,,,,,
FLAG,2026-08-06,28.78,28.88,0.0034746351633077044,2026-08-07,,,,,,,,
FLAO,2026-08-06,28.52,28.53,0.0003506311360448322,2026-08-07,,,,,,,,
FLAU,2026-08-06,36.03,36.39,0.009991673605328932,2026-08-07,,,,,,,,
FLAX,2026-08-06,35.44,35.72,0.007900677200902928,2026-08-07,,,,,,,,
FLBL,2026-08-06,23.0,23.0,0.0,2026-08-07,,,,,,,,
FLBR,2026-08-06,22.3,21.99,-0.013901345291479905,2026-08-07,,,,,,,,
FLC,2026-08-06,16.72,16.78,0.0035885167464115852,2026-08-07,,,,,,,,
FLCA,2026-08-06,54.11,54.63,0.009610053594529822,2026-08-07,,,,,,,,
FLCB,2026-08-06,21.07,21.1,0.0014238253440912452,2026-08-07,,,,,,,,
FLCC,2026-08-06,36.81,37.02,0.005704971475142706,2026-08-07,,,,,,,,
FLCE,2026-08-06,31.94,32.13,0.005948653725735831,2026-08-07,,,,,,,,
FLCG,2026-08-06,35.08,35.32,0.0068415051311288,2026-08-07,,,,,,,,
FLCH,2026-08-06,22.17,22.38,0.009472259810554773,2026-08-07,,,,,,,,
FLCO,2026-08-06,20.99,21.02,0.0014292520247738416,2026-08-07,,,,,,,,
FLCV,2026-08-06,37.42,37.63,0.005611972207375748,2026-08-07,,,,,,,,
FLD,2026-08-06,0.5,0.49,-0.020000000000000018,2026-08-07,,,,,,,,
FLDB,2026-08-06,50.27,50.34,0.001392480604734514,2026-08-07,,,,,,,,
FLDR,2026-08-06,50.05,50.07,0.0003996003996005193,2026-08-07,,,,,,,,
FLDZ,2026-08-06,32.28,32.97,0.021375464684014744,2026-08-07,,,,,,,,
FLEE,2026-08-06,39.96,40.26,0.007507507507507505,2026-08-07,,,,,,,,
FLEU,2026-08-06,36.72,36.99,0.007352941176470784,2026-08-07,,,,,,,,
FLEX,2026-08-06,122.65,121.35,-0.010599266204647462,2026-08-07,,,,,,,,
FLG,2026-08-06,14.16,13.95,-0.014830508474576343,2026-08-07,,,,,,,,
FLGB,2026-08-06,37.2,37.45,0.006720430107526987,2026-08-07,,,,,,,,
FLGR,2026-08-06,33.9,34.32,0.012389380530973604,2026-08-07,,,,,,,,
FLGT,2026-08-06,18.55,19.14,0.031805929919137554,2026-08-07,,,,,,,,
FLGV,2026-08-06,19.95,19.99,0.002005012531328232,2026-08-07,,,,,,,,
FLHY,2026-08-06,24.09,24.16,0.002905770029057786,2026-08-07,,,,,,,,
FLIA,2026-08-06,20.33,20.37,0.00196753566158403,2026-08-07,,,,,,,,
FLIN,2026-08-06,36.01,36.18,0.0047209108580950065,2026-08-07,,,,,,,,
FLJH,2026-08-06,45.41,45.95,0.01189165382074453,2026-08-07,,,,,,,,
FLJJ,2026-08-06,34.32,34.41,0.002622377622377492,2026-08-07,,,,,,,,
FLJP,2026-08-06,40.58,41.24,0.016264169541646112,2026-08-07,,,,,,,,
FLKR,2026-08-06,54.37,55.04,0.012322972227331253,2026-08-07,,,,,,,,
FLL,2026-08-06,2.19,2.43,0.1095890410958904,2026-08-07,,,,,,,,
FLLA,2026-08-06,27.45,27.32,-0.004735883424408005,2026-08-07,,,,,,,,
FLMB,2026-08-06,23.43,23.52,0.003841229193341844,2026-08-07,,,,,,,,
FLMI,2026-08-06,24.65,24.73,0.0032454361054767844,2026-08-07,,,,,,,,
FLMX,2026-08-06,37.27,37.7,0.011537429568017066,2026-08-07,,,,,,,,
FLN,2026-08-06,25.16,25.71,0.021860095389507173,2026-08-07,,,,,,,,
FLNA,2026-08-06,0.96,1.0,0.04166666666666674,2026-08-07,,,,,,,,
FLNC,2026-08-06,13.21,13.19,-0.0015140045420137804,2026-08-07,,,,,,,,
FLNG,2026-08-06,31.02,30.84,-0.005802707930367523,2026-08-07,,,,,,,,
FLNT,2026-08-06,3.81,4.04,0.06036745406824151,2026-08-07,,,,,,,,
FLO,2026-08-06,7.24,7.4,0.022099447513812098,2026-08-07,,,,,,,,
FLOC,2026-08-06,20.95,21.79,0.04009546539379483,2026-08-07,,,,,,,,
FLOT,2026-08-06,50.92,50.93,0.00019638648860964558,2026-08-07,,,,,,,,
FLOW,2026-08-06,42.2,42.97,0.018246445497630326,2026-08-07,,,,,,,,
FLQL,2026-08-06,79.09,79.68,0.007459855860412201,2026-08-07,,,,,,,,
FLQM,2026-08-06,61.07,61.47,0.00654986081545772,2026-08-07,,,,,,,,
FLQS,2026-08-06,50.26,50.61,0.0069637883008357715,2026-08-07,,,,,,,,
FLR,2026-08-06,48.75,57.0,0.1692307692307693,2026-08-07,,,,,,,,
FLRG,2026-08-06,42.58,42.86,0.006575857209957681,2026-08-07,,,,,,,,
FLRN,2026-08-06,30.75,30.76,0.00032520325203266864,2026-08-07,,,,,,,,
FLRT,2026-08-06,46.74,46.75,0.00021394950791608913,2026-08-07,,,,,,,,
FLS,2026-08-06,78.64,79.95,0.016658189216683716,2026-08-07,,,,,,,,
FLSA,2026-08-06,32.38,32.41,0.0009264978381715583,2026-08-07,,,,,,,,
FLSP,2026-08-06,28.13,28.12,-0.0003554923569142332,2026-08-07,,,,,,,,
FLSW,2026-08-06,44.18,44.68,0.011317338162064372,2026-08-07,,,,,,,,
FLTB,2026-08-06,49.97,50.05,0.0016009605763458445,2026-08-07,,,,,,,,
FLTR,2026-08-06,25.52,25.54,0.0007836990595611049,2026-08-07,,,,,,,,
FLTW,2026-08-06,98.34,99.02,0.006914785438275395,2026-08-07,,,,,,,,
FLUD,2026-08-06,24.96,24.97,0.0004006410256409687,2026-08-07,,,,,,,,
FLUT,2026-08-06,93.01,94.74,0.018600150521449255,2026-08-07,,,,,,,,
FLUX,2026-08-06,0.53,0.54,0.018867924528301883,2026-08-07,,,,,,,,
FLV,2026-08-06,86.84,87.36,0.0059880239520957446,2026-08-07,,,,,,,,
FLWS,2026-08-06,4.03,4.02,-0.002481389578163906,2026-08-07,,,,,,,,
FLX,2026-08-06,2.11,2.08,-0.01421800947867291,2026-08-07,,,,,,,,
FLXI,2026-08-06,48.88,48.92,0.0008183306055646877,2026-08-07,,,,,,,,
FLXN,2026-08-06,24.86,24.91,0.00201126307321009,2026-08-07,,,,,,,,
FLXR,2026-08-06,38.84,38.9,0.001544799176107059,2026-08-07,,,,,,,,
FLXS,2026-08-06,76.89,76.19,-0.00910391468331384,2026-08-07,,,,,,,,
FLY,2026-08-06,24.06,26.71,0.11014131338320876,2026-08-07,,,,,,,,
FLYD,2026-08-06,39.25,37.06,-0.05579617834394901,2026-08-07,,,,,,,,
FLYE,2026-08-06,1.72,1.73,0.005813953488372103,2026-08-07,,,,,,,,
FLYT,2026-08-06,6.49,7.86,0.2110939907550078,2026-08-07,,,,,,,,
FLYU,2026-08-06,52.54,55.55,0.05728968405024748,2026-08-07,,,,,,,,
FLYW,2026-08-06,18.2,17.78,-0.023076923076922995,2026-08-07,,,,,,,,
FLYX,2026-08-06,1.23,1.2,-0.024390243902439046,2026-08-07,,,,,,,,
FLZH,2026-08-06,1.37,1.37,0.0,2026-08-07,,,,,,,,
FMAC,2026-08-06,10.02,10.04,0.001996007984031989,2026-08-07,,,,,,,,
FMAG,2026-08-06,36.95,36.96,0.00027063599458720944,2026-08-07,,,,,,,,
FMAO,2026-08-06,34.28,34.92,0.018669778296382722,2026-08-07,,,,,,,,
FMAR,2026-08-06,53.11,53.19,0.001506307663340145,2026-08-07,,,,,,,,
FMAT,2026-08-06,59.55,60.48,0.015617128463476071,2026-08-07,,,,,,,,
FMAY,2026-08-06,57.34,57.52,0.0031391698639693377,2026-08-07,,,,,,,,
FMB,2026-08-06,50.47,50.61,0.00277392510402219,2026-08-07,,,,,,,,
FMBH,2026-08-06,51.9,51.17,-0.014065510597302433,2026-08-07,,,,,,,,
FMC,2026-08-06,10.55,10.59,0.0037914691943126133,2026-08-07,,,,,,,,
FMCE,2026-08-06,28.79,29.03,0.008336227856894807,2026-08-07,,,,,,,,
FMCX,2026-08-06,37.11,37.5,0.010509296685529579,2026-08-07,,,,,,,,
FMDE,2026-08-06,41.76,42.29,0.012691570881226077,2026-08-07,,,,,,,,
FMED,2026-08-06,28.98,29.87,0.030710835058661123,2026-08-07,,,,,,,,
FMET,2026-08-06,38.2,38.89,0.018062827225130862,2026-08-07,,,,,,,,
FMF,2026-08-06,50.11,50.14,0.0005986828976252134,2026-08-07,,,,,,,,
FMFC,2026-08-06,0.3,0.29,-0.033333333333333326,2026-08-07,,,,,,,,
FMHI,2026-08-06,47.74,47.88,0.0029325513196480912,2026-08-07,,,,,,,,
FMKT,2026-08-06,22.32,22.49,0.007616487455196941,2026-08-07,,,,,,,,
FMN,2026-08-06,11.07,11.19,0.010840108401083848,2026-08-07,,,,,,,,
FMNB,2026-08-06,15.81,15.69,-0.007590132827324569,2026-08-07,,,,,,,,
FMNY,2026-08-06,26.4,26.46,0.002272727272727426,2026-08-07,,,,,,,,
FMQQ,2026-08-06,12.69,12.6,-0.007092198581560294,2026-08-07,,,,,,,,
FMS,2026-08-06,24.1,24.27,0.007053941908713668,2026-08-07,,,,,,,,
FMST,2026-08-06,1.42,1.41,-0.007042253521126751,2026-08-07,,,,,,,,
FMTL,2026-08-06,35.06,36.04,0.02795208214489442,2026-08-07,,,,,,,,
FMTM,2026-08-06,38.67,39.19,0.013447116627876898,2026-08-07,,,,,,,,
FMUB,2026-08-06,50.79,50.96,0.003347115573931969,2026-08-07,,,,,,,,
FMUN,2026-08-06,49.52,49.64,0.0024232633279481774,2026-08-07,,,,,,,,
FMX,2026-08-06,122.18,122.46,0.002291700769356586,2026-08-07,,,,,,,,
FMY,2026-08-06,11.44,11.55,0.009615384615384803,2026-08-07,,,,,,,,
FN,2026-08-06,543.95,562.38,0.033881790605754025,2026-08-07,,,,,,,,
FNB,2026-08-06,18.97,18.97,0.0,2026-08-07,,,,,,,,
FNCL,2026-08-06,82.28,82.03,-0.0030384054448225895,2026-08-07,,,,,,,,
FND,2026-08-06,59.99,62.69,0.04500750125020825,2026-08-07,,,,,,,,
FNDA,2026-08-06,37.76,38.22,0.012182203389830448,2026-08-07,,,,,,,,
FNDB,2026-08-06,31.43,31.58,0.004772510340439018,2026-08-07,,,,,,,,
FNDC,2026-08-06,50.43,51.0,0.011302795954788891,2026-08-07,,,,,,,,
FNDE,2026-08-06,41.46,41.67,0.005065123010130179,2026-08-07,,,,,,,,
FNDF,2026-08-06,54.63,55.19,0.010250777960827184,2026-08-07,,,,,,,,
FNDX,2026-08-06,32.18,32.31,0.004039776258545791,2026-08-07,,,,,,,,
FNF,2026-08-06,52.54,50.18,-0.044918157594213914,2026-08-07,,,,,,,,
FNG,2026-08-06,9.79,10.39,0.0612870275791626,2026-08-07,,,,,,,,
FNGD,2026-08-06,27.87,26.56,-0.04700394689630438,2026-08-07,,,,,,,,
FNGG,2026-08-06,259.14,267.73,0.03314810527128209,2026-08-07,,,,,,,,
FNGO,2026-08-06,147.91,153.15,0.035426948820228565,2026-08-07,,,,,,,,
FNGR,2026-08-06,0.35,0.3,-0.1428571428571428,2026-08-07,,,,,,,,
FNGS,2026-08-06,79.43,80.78,0.016996097192496507,2026-08-07,,,,,,,,
FNGU,2026-08-06,32.04,33.53,0.04650436953807757,2026-08-07,,,,,,,,
FNK,2026-08-06,63.94,64.2,0.004066312167657182,2026-08-07,,,,,,,,
FNKO,2026-08-06,5.28,5.88,0.11363636363636354,2026-08-07,,,,,,,,
FNLC,2026-08-06,35.31,35.38,0.0019824412347777542,2026-08-07,,,,,,,,
FNOV,2026-08-06,59.49,59.67,0.00302571860816947,2026-08-07,,,,,,,,
FNRN,2026-08-06,17.81,16.59,-0.06850084222346986,2026-08-07,,,,,,,,
FNUC,2026-08-06,1.64,1.7,0.03658536585365857,2026-08-07,,,,,,,,
FNV,2026-08-06,231.08,238.65,0.03275921758698286,2026-08-07,,,,,,,,
FNWB,2026-08-06,11.02,10.95,-0.006352087114337546,2026-08-07,,,,,,,,
FNWD,2026-08-06,44.46,44.51,0.0011246063877641266,2026-08-07,,,,,,,,
FNX,2026-08-06,145.49,146.76,0.008729122276444956,2026-08-07,,,,,,,,
FNY,2026-08-06,105.17,106.97,0.017115146905010814,2026-08-07,,,,,,,,
FOA,2026-08-06,22.05,22.12,0.0031746031746031633,2026-08-07,,,,,,,,
FOCL,2026-08-06,6.1,6.22,0.01967213114754096,2026-08-07,,,,,,,,
FOCT,2026-08-06,53.3,53.46,0.0030018761726080534,2026-08-07,,,,,,,,
FOF,2026-08-06,13.57,13.68,0.008106116433308719,2026-08-07,,,,,,,,
FOFO,2026-08-06,2.37,2.45,0.03375527426160341,2026-08-07,,,,,,,,
FOMG,2026-08-06,6.41,6.59,0.02808112324492984,2026-08-07,,,,,,,,
FOPC,2026-08-06,25.21,25.25,0.001586671955573049,2026-08-07,,,,,,,,
FOR,2026-08-06,29.21,29.64,0.014720985963710964,2026-08-07,,,,,,,,
FORH,2026-08-06,24.53,25.03,0.02038320423970652,2026-08-07,,,,,,,,
FORM,2026-08-06,115.21,117.39,0.018921968579116433,2026-08-07,,,,,,,,
FORR,2026-08-06,11.99,11.74,-0.020850708924103456,2026-08-07,,,,,,,,
FORTY,2026-08-06,107.0,108.75,0.016355140186915973,2026-08-07,,,,,,,,
FOSL,2026-08-06,5.82,5.38,-0.0756013745704468,2026-08-07,,,,,,,,
FOTO,2026-08-06,20.96,21.3,0.016221374045801484,2026-08-07,,,,,,,,
FOUR,2026-08-06,43.36,41.26,-0.048431734317343156,2026-08-07,,,,,,,,
FOWF,2026-08-06,36.5,36.95,0.012328767123287676,2026-08-07,,,,,,,,
FOX,2026-08-06,55.37,57.03,0.02998013364637897,2026-08-07,,,,,,,,
FOXA,2026-08-06,61.79,64.03,0.03625182068295851,2026-08-07,,,,,,,,
FOXF,2026-08-06,18.86,21.13,0.12036055143160129,2026-08-07,,,,,,,,
FOXX,2026-08-06,2.5,2.6,0.040000000000000036,2026-08-07,,,,,,,,
FOXY,2026-08-06,28.24,28.24,0.0,2026-08-07,,,,,,,,
FPA,2026-08-06,47.6,48.31,0.014915966386554569,2026-08-07,,,,,,,,
FPAA,2026-08-06,25.83,25.92,0.0034843205574914826,2026-08-07,,,,,,,,
FPAG,2026-08-06,42.67,42.94,0.00632763065385511,2026-08-07,,,,,,,,
FPAS,2026-08-06,24.52,24.58,0.002446982055464897,2026-08-07,,,,,,,,
FPE,2026-08-06,17.83,17.87,0.002243409983174516,2026-08-07,,,,,,,,
FPEI,2026-08-06,19.18,19.2,0.0010427528675702735,2026-08-07,,,,,,,,
FPF,2026-08-06,17.55,17.67,0.006837606837606813,2026-08-07,,,,,,,,
FPFD,2026-08-06,21.26,21.28,0.0009407337723423836,2026-08-07,,,,,,,,
FPH,2026-08-06,5.15,5.22,0.013592233009708687,2026-08-07,,,,,,,,
FPI,2026-08-06,9.94,9.9,-0.004024144869215207,2026-08-07,,,,,,,,
FPRO,2026-08-06,25.2,25.31,0.00436507936507935,2026-08-07,,,,,,,,
FPS,2026-08-06,37.72,38.71,0.02624602332979853,2026-08-07,,,,,,,,
FPSX,2026-08-06,4.87,5.1,0.047227926078028615,2026-08-07,,,,,,,,
FPWR,2026-08-06,36.76,36.8,0.0010881392818280489,2026-08-07,,,,,,,,
FPX,2026-08-06,179.68,181.41,0.00962822796081908,2026-08-07,,,,,,,,
FPXE,2026-08-06,34.12,34.33,0.006154747948417416,2026-08-07,,,,,,,,
FPXI,2026-08-06,71.56,72.54,0.013694801565120152,2026-08-07,,,,,,,,
FQAL,2026-08-06,84.41,85.04,0.007463570666982777,2026-08-07,,,,,,,,
FR,2026-08-06,63.39,63.63,0.003786086133459543,2026-08-07,,,,,,,,
FRA,2026-08-06,10.83,10.86,0.0027700831024930483,2026-08-07,,,,,,,,
FRAF,2026-08-06,63.04,62.32,-0.011421319796954266,2026-08-07,,,,,,,,
FRBA,2026-08-06,18.79,18.63,-0.00851516764236293,2026-08-07,,,,,,,,
FRBT,2026-08-06,19.08,19.08,0.0,2026-08-07,,,,,,,,
FRD,2026-08-06,37.72,43.91,0.16410392364793203,2026-08-07,,,,,,,,
FRDM,2026-08-06,66.54,66.67,0.0019537120529005136,2026-08-07,,,,,,,,
FREI,2026-08-06,24.88,24.93,0.002009646302250756,2026-08-07,,,,,,,,
FREL,2026-08-06,29.8,29.91,0.003691275167785113,2026-08-07,,,,,,,,
FRGN,2026-08-06,31.3,31.61,0.009904153354632461,2026-08-07,,,,,,,,
FRGT,2026-08-06,3.0,2.74,-0.08666666666666656,2026-08-07,,,,,,,,
FRHC,2026-08-06,147.48,148.98,0.010170870626525552,2026-08-07,,,,,,,,
FRI,2026-08-06,32.03,32.15,0.0037464876678112713,2026-08-07,,,,,,,,
FRIZ,2026-08-06,27.55,27.63,0.0029038112522685733,2026-08-07,,,,,,,,
FRME,2026-08-06,42.8,42.59,-0.004906542056074659,2026-08-07,,,,,,,,
FRMI,2026-08-06,6.19,6.18,-0.001615508885298933,2026-08-07,,,,,,,,
FRMM,2026-08-06,6.1,6.02,-0.013114754098360715,2026-08-07,,,,,,,,
FRNM,2026-08-06,10.91,11.15,0.021998166819431786,2026-08-07,,,,,,,,
FRNW,2026-08-06,22.66,22.94,0.012356575463371655,2026-08-07,,,,,,,,
FRO,2026-08-06,39.56,39.74,0.0045500505561173465,2026-08-07,,,,,,,,
FROG,2026-08-06,83.04,89.52,0.07803468208092479,2026-08-07,,,,,,,,
FRPH,2026-08-06,21.2,21.92,0.03396226415094361,2026-08-07,,,,,,,,
FRPT,2026-08-06,66.73,66.91,0.0026974374344370666,2026-08-07,,,,,,,,
FRSH,2026-08-06,11.59,11.84,0.021570319240724833,2026-08-07,,,,,,,,
FRST,2026-08-06,16.29,16.25,-0.0024554941682013443,2026-08-07,,,,,,,,
FRSX,2026-08-06,1.24,1.22,-0.016129032258064502,2026-08-07,,,,,,,,
FRT,2026-08-06,117.91,118.69,0.006615214994487362,2026-08-07,,,,,,,,
FRTT,2026-08-06,0.99,1.0,0.010101010101010166,2026-08-07,,,,,,,,
FRTY,2026-08-06,22.86,23.18,0.013998250218722585,2026-08-07,,,,,,,,
FRVO,2026-08-06,23.0,25.85,0.12391304347826093,2026-08-07,,,,,,,,
FRWD,2026-08-06,31.84,32.2,0.011306532663316604,2026-08-07,,,,,,,,
FSBC,2026-08-06,46.45,46.08,-0.007965554359526505,2026-08-07,,,,,,,,
FSBW,2026-08-06,43.27,43.06,-0.004853247053385745,2026-08-07,,,,,,,,
FSCC,2026-08-06,35.88,36.2,0.008918617614269708,2026-08-07,,,,,,,,
FSCO,2026-08-06,4.97,5.03,0.012072434607645954,2026-08-07,,,,,,,,
FSCS,2026-08-06,38.17,38.46,0.007597589730154564,2026-08-07,,,,,,,,
FSEA,2026-08-06,17.08,17.11,0.0017564402810306134,2026-08-07,,,,,,,,
FSEC,2026-08-06,43.38,43.49,0.0025357307514983773,2026-08-07,,,,,,,,
FSEG,2026-08-06,27.66,28.03,0.013376717281272654,2026-08-07,,,,,,,,
FSEP,2026-08-06,56.21,56.32,0.001956947162426559,2026-08-07,,,,,,,,
FSEV,2026-08-06,27.09,27.32,0.008490217792543442,2026-08-07,,,,,,,,
FSGS,2026-08-06,33.25,33.76,0.015338345864661651,2026-08-07,,,,,,,,
FSHP,2026-08-06,11.2,11.2,0.0,2026-08-07,,,,,,,,
FSI,2026-08-06,5.04,5.03,-0.001984126984126977,2026-08-07,,,,,,,,
FSIG,2026-08-06,18.81,18.85,0.0021265284423179764,2026-08-07,,,,,,,,
FSK,2026-08-06,11.88,12.44,0.047138047138046923,2026-08-07,,,,,,,,
FSLR,2026-08-06,244.14,250.05,0.024207421971000453,2026-08-07,,,,,,,,
FSLY,2026-08-06,22.68,22.96,0.012345679012345734,2026-08-07,,,,,,,,
FSM,2026-08-06,9.56,10.39,0.08682008368200833,2026-08-07,,,,,,,,
FSMB,2026-08-06,19.94,19.96,0.0010030090270811698,2026-08-07,,,,,,,,
FSMD,2026-08-06,51.9,52.38,0.009248554913294793,2026-08-07,,,,,,,,
FSML,2026-08-06,30.51,30.82,0.01016060308095712,2026-08-07,,,,,,,,
FSOL,2026-08-06,8.59,8.73,0.016298020954598424,2026-08-07,,,,,,,,
FSP,2026-08-06,0.45,0.45,0.0,2026-08-07,,,,,,,,
FSPC,2026-08-06,20.06,20.68,0.030907278165503538,2026-08-07,,,,,,,,
FSS,2026-08-06,127.83,128.21,0.002972698114683592,2026-08-07,,,,,,,,
FSSL,2026-08-06,11.28,11.38,0.00886524822695045,2026-08-07,,,,,,,,
FSTA,2026-08-06,53.77,53.87,0.0018597731076808177,2026-08-07,,,,,,,,
FSTB,2026-08-06,20.0,20.0,0.0,2026-08-07,,,,,,,,
FSTR,2026-08-06,41.88,41.27,-0.014565425023877698,2026-08-07,,,,,,,,
FSUN,2026-08-06,39.77,39.68,-0.002263012320844915,2026-08-07,,,,,,,,
FSV,2026-08-06,142.77,143.91,0.007984870771170272,2026-08-07,,,,,,,,
FSYD,2026-08-06,48.35,48.46,0.002275077559462213,2026-08-07,,,,,,,,
FSZ,2026-08-06,82.83,83.34,0.00615718942412169,2026-08-07,,,,,,,,
FT,2026-08-06,7.82,7.83,0.0012787723785165905,2026-08-07,,,,,,,,
FTA,2026-08-06,101.77,102.17,0.0039304313648422795,2026-08-07,,,,,,,,
FTAG,2026-08-06,29.36,29.53,0.005790190735694978,2026-08-07,,,,,,,,
FTAI,2026-08-06,221.23,216.24,-0.02255571125073441,2026-08-07,,,,,,,,
FTBD,2026-08-06,48.55,48.65,0.002059732234809486,2026-08-07,,,,,,,,
FTBI,2026-08-06,21.82,21.91,0.004124656278643446,2026-08-07,,,,,,,,
FTC,2026-08-06,181.64,183.93,0.012607355208104076,2026-08-07,,,,,,,,
FTCA,2026-08-06,7.28,7.28,0.0,2026-08-07,,,,,,,,
FTCB,2026-08-06,20.58,20.61,0.001457725947521915,2026-08-07,,,,,,,,
FTCE,2026-08-06,27.51,27.75,0.00872410032715365,2026-08-07,,,,,,,,
FTCI,2026-08-06,2.75,2.72,-0.010909090909090868,2026-08-07,,,,,,,,
FTCS,2026-08-06,99.91,100.17,0.0026023421078971154,2026-08-07,,,,,,,,
FTDR,2026-08-06,89.92,90.83,0.010120106761565717,2026-08-07,,,,,,,,
FTDS,2026-08-06,65.22,65.28,0.0009199632014720294,2026-08-07,,,,,,,,
FTEC,2026-08-06,285.45,289.84,0.015379225783850092,2026-08-07,,,,,,,,
FTEK,2026-08-06,1.37,1.4,0.021897810218977964,2026-08-07,,,,,,,,
FTF,2026-08-06,5.73,5.76,0.005235602094240788,2026-08-07,,,,,,,,
FTFT,2026-08-06,0.84,0.79,-0.05952380952380942,2026-08-07,,,,,,,,
FTGC,2026-08-06,28.77,28.91,0.0048661800486617945,2026-08-07,,,,,,,,
FTGS,2026-08-06,39.44,39.72,0.007099391480730244,2026-08-07,,,,,,,,
FTH,2026-08-06,24.48,24.39,-0.003676470588235281,2026-08-07,,,,,,,,
FTHA,2026-08-06,9.95,9.95,0.0,2026-08-07,,,,,,,,
FTHF,2026-08-06,45.29,45.5,0.004636785162287493,2026-08-07,,,,,,,,
FTHI,2026-08-06,23.88,23.96,0.003350083752093891,2026-08-07,,,,,,,,
FTHM,2026-08-06,0.75,0.76,0.01333333333333342,2026-08-07,,,,,,,,
FTHY,2026-08-06,13.5,13.54,0.002962962962962834,2026-08-07,,,,,,,,
FTI,2026-08-06,69.62,69.62,0.0,2026-08-07,,,,,,,,
FTIF,2026-08-06,27.95,28.07,0.004293381037567157,2026-08-07,,,,,,,,
FTK,2026-08-06,36.43,35.42,-0.027724402964589556,2026-08-07,,,,,,,,
FTKI,2026-08-06,20.21,20.23,0.0009896091044037103,2026-08-07,,,,,,,,
FTLF,2026-08-06,10.21,10.03,-0.01762977473065641,2026-08-07,,,,,,,,
FTLS,2026-08-06,75.61,75.9,0.0038354714984791816,2026-08-07,,,,,,,,
FTMA,2026-08-06,8.94,8.96,0.0022371364653246406,2026-08-07,,,,,,,,
FTMH,2026-08-06,11.58,11.62,0.003454231433505983,2026-08-07,,,,,,,,
FTMN,2026-08-06,8.72,8.75,0.0034403669724769603,2026-08-07,,,,,,,,
FTMS,2026-08-06,9.89,9.89,0.0,2026-08-07,,,,,,,,
FTMU,2026-08-06,7.77,7.77,0.0,2026-08-07,,,,,,,,
FTNJ,2026-08-06,8.68,8.69,0.0011520737327188613,2026-08-07,,,,,,,,
FTNT,2026-08-06,160.11,159.64,-0.0029354818562240537,2026-08-07,,,,,,,,
FTNY,2026-08-06,7.79,7.81,0.0025673940949935137,2026-08-07,,,,,,,,
FTOH,2026-08-06,8.32,8.36,0.004807692307692291,2026-08-07,,,,,,,,
FTPA,2026-08-06,8.58,8.6,0.002331002331002363,2026-08-07,,,,,,,,
FTQI,2026-08-06,22.09,22.22,0.005885015844273367,2026-08-07,,,,,,,,
FTRA,2026-08-06,9.87,9.87,0.0,2026-08-07,,,,,,,,
FTRB,2026-08-06,24.79,24.82,0.0012101653892699904,2026-08-07,,,,,,,,
FTRE,2026-08-06,17.69,18.43,0.0418315432447709,2026-08-07,,,,,,,,
FTRI,2026-08-06,17.17,17.56,0.022714036109493074,2026-08-07,,,,,,,,
FTRK,2026-08-06,0.32,0.3,-0.0625,2026-08-07,,,,,,,,
FTS,2026-08-06,55.92,56.1,0.0032188841201716833,2026-08-07,,,,,,,,
FTSD,2026-08-06,89.95,90.01,0.0006670372429127269,2026-08-07,,,,,,,,
FTSL,2026-08-06,44.89,44.91,0.0004455335263977567,2026-08-07,,,,,,,,
FTSM,2026-08-06,59.76,59.78,0.00033467202141901353,2026-08-07,,,,,,,,
FTV,2026-08-06,60.87,61.71,0.013799901429275563,2026-08-07,,,,,,,,
FTW,2026-08-06,11.44,11.39,-0.004370629370629264,2026-08-07,,,,,,,,
FTWO,2026-08-06,45.02,45.69,0.014882274544646634,2026-08-07,,,,,,,,
FTXG,2026-08-06,22.77,22.78,0.0004391743522178526,2026-08-07,,,,,,,,
FTXH,2026-08-06,39.15,39.53,0.009706257982120103,2026-08-07,,,,,,,,
FTXL,2026-08-06,230.55,236.49,0.025764476252439827,2026-08-07,,,,,,,,
FTXN,2026-08-06,36.49,36.18,-0.008495478213209173,2026-08-07,,,,,,,,
FTXO,2026-08-06,42.87,42.91,0.000933053417308205,2026-08-07,,,,,,,,
FTXR,2026-08-06,44.81,45.08,0.006025440749832578,2026-08-07,,,,,,,,
FUBO,2026-08-06,8.99,9.26,0.030033370411568283,2026-08-07,,,,,,,,
FUFU,2026-08-06,1.29,1.3,0.007751937984496138,2026-08-07,,,,,,,,
FUL,2026-08-06,59.17,61.07,0.032110866993408704,2026-08-07,,,,,,,,
FULC,2026-08-06,3.77,3.89,0.03183023872679058,2026-08-07,,,,,,,,
FULT,2026-08-06,24.4,24.24,-0.006557377049180357,2026-08-07,,,,,,,,
FUMB,2026-08-06,20.07,20.08,0.0004982561036370736,2026-08-07,,,,,,,,
FUN,2026-08-06,15.75,16.37,0.03936507936507949,2026-08-07,,,,,,,,
FUNC,2026-08-06,45.3,44.74,-0.012362030905077148,2026-08-07,,,,,,,,
FUND,2026-08-06,10.16,10.28,0.011811023622047223,2026-08-07,,,,,,,,
FURY,2026-08-06,0.57,0.6,0.05263157894736836,2026-08-07,,,,,,,,
FUSB,2026-08-06,16.7,16.5,-0.0119760479041916,2026-08-07,,,,,,,,
FUSD,2026-08-06,25.05,25.05,0.0,2026-08-07,,,,,,,,
FUSE,2026-08-06,0.85,0.86,0.0117647058823529,2026-08-07,,,,,,,,
FUSI,2026-08-06,50.32,50.44,0.0023847376788552754,2026-08-07,,,,,,,,
FUTG,2026-08-06,3.82,4.16,0.08900523560209428,2026-08-07,,,,,,,,
FUTU,2026-08-06,104.52,109.02,0.04305396096440872,2026-08-07,,,,,,,,
FUTY,2026-08-06,55.99,56.36,0.006608322914806175,2026-08-07,,,,,,,,
FV,2026-08-06,71.23,72.58,0.01895268847395748,2026-08-07,,,,,,,,
FVAL,2026-08-06,82.7,83.35,0.007859733978234473,2026-08-07,,,,,,,,
FVAV,2026-08-06,10.35,10.25,-0.009661835748792202,2026-08-07,,,,,,,,
FVC,2026-08-06,41.12,41.85,0.017752918287937902,2026-08-07,,,,,,,,
FVCB,2026-08-06,18.73,18.52,-0.011211959423385043,2026-08-07,,,,,,,,
FVD,2026-08-06,50.64,50.84,0.003949447077409296,2026-08-07,,,,,,,,
FVN,2026-08-06,11.29,11.8,0.04517271922054933,2026-08-07,,,,,,,,
FVR,2026-08-06,19.54,19.83,0.014841351074718512,2026-08-07,,,,,,,,
FVRR,2026-08-06,9.2,9.42,0.023913043478260843,2026-08-07,,,,,,,,
FWAC,2026-08-06,9.89,9.89,0.0,2026-08-07,,,,,,,,
FWD,2026-08-06,130.8,132.43,0.012461773700305878,2026-08-07,,,,,,,,
FWDI,2026-08-06,4.16,4.33,0.04086538461538458,2026-08-07,,,,,,,,
FWONA,2026-08-06,91.26,93.96,0.029585798816567976,2026-08-07,,,,,,,,
FWONK,2026-08-06,99.69,102.85,0.03169826462032299,2026-08-07,,,,,,,,
FWRD,2026-08-06,17.8,19.35,0.0870786516853932,2026-08-07,,,,,,,,
FWRG,2026-08-06,12.45,12.42,-0.002409638554216831,2026-08-07,,,,,,,,
FXA,2026-08-06,69.6,69.98,0.005459770114942586,2026-08-07,,,,,,,,
FXAC,2026-08-06,10.04,10.03,-0.0009960159362549792,2026-08-07,,,,,,,,
FXB,2026-08-06,129.27,129.7,0.003326371161135544,2026-08-07,,,,,,,,
FXC,2026-08-06,69.7,70.06,0.005164992826398818,2026-08-07,,,,,,,,
FXD,2026-08-06,70.88,71.76,0.012415349887133331,2026-08-07,,,,,,,,
FXE,2026-08-06,106.3,106.68,0.0035747883349013243,2026-08-07,,,,,,,,
FXED,2026-08-06,17.46,17.52,0.0034364261168384758,2026-08-07,,,,,,,,
FXF,2026-08-06,108.44,109.12,0.0062707488011803925,2026-08-07,,,,,,,,
FXG,2026-08-06,64.97,64.97,0.0,2026-08-07,,,,,,,,
FXH,2026-08-06,127.59,130.97,0.02649110431852031,2026-08-07,,,,,,,,
FXHO,2026-08-06,10.11,9.28,-0.08209693372898119,2026-08-07,,,,,,,,
FXI,2026-08-06,35.95,36.17,0.006119610570236356,2026-08-07,,,,,,,,
FXL,2026-08-06,211.75,216.75,0.023612750885478206,2026-08-07,,,,,,,,
FXN,2026-08-06,21.54,21.44,-0.004642525533890329,2026-08-07,,,,,,,,
FXNC,2026-08-06,31.8,31.78,-0.0006289308176100628,2026-08-07,,,,,,,,
FXO,2026-08-06,66.64,66.52,-0.0018007202881152873,2026-08-07,,,,,,,,
FXP,2026-08-06,19.68,19.44,-0.012195121951219412,2026-08-07,,,,,,,,
FXR,2026-08-06,91.04,91.7,0.0072495606326890005,2026-08-07,,,,,,,,
FXU,2026-08-06,47.85,48.08,0.00480668756530811,2026-08-07,,,,,,,,
FXY,2026-08-06,57.89,58.24,0.006045949214026569,2026-08-07,,,,,,,,
FXZ,2026-08-06,80.73,82.95,0.02749907097733173,2026-08-07,,,,,,,,
FYC,2026-08-06,122.23,123.05,0.0067086639941094095,2026-08-07,,,,,,,,
FYEE,2026-08-06,30.02,30.12,0.0033311125916055673,2026-08-07,,,,,,,,
FYLD,2026-08-06,39.3,39.69,0.00992366412213741,2026-08-07,,,,,,,,
FYT,2026-08-06,72.45,72.96,0.00703933747412,2026-08-07,,,,,,,,
FYX,2026-08-06,144.2,145.02,0.005686546463245623,2026-08-07,,,,,,,,
G,2026-08-06,36.16,34.29,-0.051714601769911384,2026-08-07,,,,,,,,
GAA,2026-08-06,35.21,35.41,0.0056802044873613955,2026-08-07,,,,,,,,
GAB,2026-08-06,5.66,5.74,0.014134275618374659,2026-08-07,,,,,,,,
GABC,2026-08-06,50.79,50.5,-0.005709785390824895,2026-08-07,,,,,,,,
GABF,2026-08-06,45.93,45.92,-0.00021772262138031184,2026-08-07,,,,,,,,
GAEM,2026-08-06,26.82,26.87,0.0018642803877704228,2026-08-07,,,,,,,,
GAIA,2026-08-06,1.9,1.91,0.0052631578947368585,2026-08-07,,,,,,,,
GAIN,2026-08-06,16.86,16.59,-0.016014234875444844,2026-08-07,,,,,,,,
GAL,2026-08-06,53.49,53.79,0.005608524957936067,2026-08-07,,,,,,,,
GALT,2026-08-06,3.22,3.45,0.0714285714285714,2026-08-07,,,,,,,,
GALX,2026-08-06,25.19,25.67,0.019055180627232993,2026-08-07,,,,,,,,
GAM,2026-08-06,66.69,67.13,0.006597690808217038,2026-08-07,,,,,,,,
GAME,2026-08-06,0.36,0.36,0.0,2026-08-07,,,,,,,,
GAMR,2026-08-06,96.32,98.07,0.01816860465116288,2026-08-07,,,,,,,,
GANX,2026-08-06,1.78,1.82,0.022471910112359605,2026-08-07,,,,,,,,
GAP,2026-08-06,20.52,20.47,-0.002436647173489348,2026-08-07,,,,,,,,
GAPR,2026-08-06,42.28,42.36,0.0018921475875117721,2026-08-07,,,,,,,,
GARA,2026-08-06,27.68,27.81,0.004696531791907432,2026-08-07,,,,,,,,
GARP,2026-08-06,82.61,83.44,0.010047209780898125,2026-08-07,,,,,,,,
GARY,2026-08-06,26.67,27.15,0.017997750281214753,2026-08-07,,,,,,,,
GASS,2026-08-06,8.67,8.59,-0.009227220299884653,2026-08-07,,,,,,,,
GASZ,2026-08-06,23.5,23.48,-0.0008510638297871687,2026-08-07,,,,,,,,
GATX,2026-08-06,178.79,177.71,-0.006040606297891271,2026-08-07,,,,,,,,
GAU,2026-08-06,1.95,2.06,0.05641025641025643,2026-08-07,,,,,,,,
GAUG,2026-08-06,41.9,41.92,0.0004773269689737347,2026-08-07,,,,,,,,
GAUZ,2026-08-06,0.43,0.43,0.0,2026-08-07,,,,,,,,
GAVA,2026-08-06,15.66,15.6,-0.003831417624521105,2026-08-07,,,,,,,,
GBAB,2026-08-06,13.93,14.07,0.01005025125628145,2026-08-07,,,,,,,,
GBCI,2026-08-06,48.5,48.75,0.005154639175257714,2026-08-07,,,,,,,,
GBDC,2026-08-06,13.06,13.17,0.008422664624808451,2026-08-07,,,,,,,,
GBF,2026-08-06,102.11,102.3,0.0018607384193516374,2026-08-07,,,,,,,,
GBFH,2026-08-06,20.85,20.88,0.0014388489208632116,2026-08-07,,,,,,,,
GBHI,2026-08-06,25.22,25.25,0.0011895321173671647,2026-08-07,,,,,,,,
GBIL,2026-08-06,99.93,99.97,0.00040028019613713717,2026-08-07,,,,,,,,
GBLI,2026-08-06,27.97,28.02,0.001787629603146268,2026-08-07,,,,,,,,
GBND,2026-08-06,49.74,49.8,0.0012062726176114147,2026-08-07,,,,,,,,
GBR,2026-08-06,0.69,0.68,-0.014492753623188248,2026-08-07,,,,,,,,
GBTC,2026-08-06,49.88,50.3,0.008420208500400816,2026-08-07,,,,,,,,
GBTG,2026-08-06,9.43,9.46,0.0031813361611878754,2026-08-07,,,,,,,,
GBUG,2026-08-06,44.34,47.58,0.07307171853856542,2026-08-07,,,,,,,,
GBX,2026-08-06,47.68,47.22,-0.009647651006711389,2026-08-07,,,,,,,,
GCAD,2026-08-06,56.09,56.47,0.006774826172223136,2026-08-07,,,,,,,,
GCAL,2026-08-06,50.49,50.65,0.0031689443454148147,2026-08-07,,,,,,,,
GCBC,2026-08-06,34.5,34.57,0.0020289855072463947,2026-08-07,,,,,,,,
GCC,2026-08-06,24.41,24.59,0.007374027038099085,2026-08-07,,,,,,,,
GCDT,2026-08-06,0.41,0.44,0.07317073170731714,2026-08-07,,,,,,,,
GCGR,2026-08-06,10.15,10.14,-0.0009852216748768017,2026-08-07,,,,,,,,
GCL,2026-08-06,0.52,0.51,-0.019230769230769273,2026-08-07,,,,,,,,
GCMG,2026-08-06,13.48,13.58,0.007418397626112627,2026-08-07,,,,,,,,
GCO,2026-08-06,38.49,37.98,-0.013250194855806807,2026-08-07,,,,,,,,
GCOR,2026-08-06,40.48,40.56,0.001976284584980448,2026-08-07,,,,,,,,
GCOW,2026-08-06,46.63,46.97,0.0072914432768602655,2026-08-07,,,,,,,,
GCSH,2026-08-06,50.06,50.08,0.0003995205753095643,2026-08-07,,,,,,,,
GCT,2026-08-06,52.4,53.25,0.016221374045801484,2026-08-07,,,,,,,,
GCTK,2026-08-06,0.47,0.43,-0.08510638297872342,2026-08-07,,,,,,,,
GCTS,2026-08-06,2.37,2.55,0.07594936708860756,2026-08-07,,,,,,,,
GCV,2026-08-06,4.63,4.7,0.015118790496760237,2026-08-07,,,,,,,,
GD,2026-08-06,386.92,392.05,0.01325855473999793,2026-08-07,,,,,,,,
GDC,2026-08-06,1.7,1.72,0.0117647058823529,2026-08-07,,,,,,,,
GDDY,2026-08-06,90.35,91.07,0.007969009407858385,2026-08-07,,,,,,,,
GDE,2026-08-06,65.68,67.33,0.02512180267965891,2026-08-07,,,,,,,,
GDEC,2026-08-06,40.44,40.51,0.0017309594460930278,2026-08-07,,,,,,,,
GDEV,2026-08-06,13.23,13.48,0.01889644746787611,2026-08-07,,,,,,,,
GDHG,2026-08-06,1.33,1.32,-0.007518796992481258,2026-08-07,,,,,,,,
GDIV,2026-08-06,19.06,19.11,0.002623294858342007,2026-08-07,,,,,,,,
GDL,2026-08-06,8.43,8.43,0.0,2026-08-07,,,,,,,,
GDLC,2026-08-06,29.01,29.25,0.008273009307135482,2026-08-07,,,,,,,,
GDMA,2026-08-06,42.44,42.69,0.005890669180018904,2026-08-07,,,,,,,,
GDMN,2026-08-06,83.53,89.58,0.0724290674009338,2026-08-07,,,,,,,,
GDO,2026-08-06,10.29,10.29,0.0,2026-08-07,,,,,,,,
GDOC,2026-08-06,36.52,36.92,0.010952902519167473,2026-08-07,,,,,,,,
GDOG,2026-08-06,8.07,8.18,0.013630731102850069,2026-08-07,,,,,,,,
GDOT,2026-08-06,13.39,13.15,-0.017923823749066536,2026-08-07,,,,,,,,
GDRX,2026-08-06,3.72,3.68,-0.010752688172043001,2026-08-07,,,,,,,,
GDS,2026-08-06,31.84,31.98,0.0043969849246230375,2026-08-07,,,,,,,,
GDT,2026-08-06,34.8,35.63,0.023850574712643846,2026-08-07,,,,,,,,
GDTC,2026-08-06,0.8,0.82,0.02499999999999991,2026-08-07,,,,,,,,
GDV,2026-08-06,30.15,30.39,0.007960199004975133,2026-08-07,,,,,,,,
GDX,2026-08-06,83.92,89.89,0.07113918017159193,2026-08-07,,,,,,,,
GDXD,2026-08-06,31.94,25.15,-0.21258609893550418,2026-08-07,,,,,,,,
GDXJ,2026-08-06,109.4,117.62,0.07513711151736735,2026-08-07,,,,,,,,
GDXU,2026-08-06,107.57,130.43,0.21251278237426807,2026-08-07,,,,,,,,
GDXW,2026-08-06,39.22,42.5,0.08363080061193262,2026-08-07,,,,,,,,
GDXY,2026-08-06,10.53,11.05,0.049382716049382935,2026-08-07,,,,,,,,
GDYN,2026-08-06,7.58,7.58,0.0,2026-08-07,,,,,,,,
GE,2026-08-06,374.55,370.08,-0.011934321185422592,2026-08-07,,,,,,,,
GECC,2026-08-06,5.73,5.88,0.02617801047120416,2026-08-07,,,,,,,,
GEF,2026-08-06,89.18,88.68,-0.005606638259699537,2026-08-07,,,,,,,,
GEG,2026-08-06,2.23,2.21,-0.008968609865470878,2026-08-07,,,,,,,,
GEHC,2026-08-06,70.31,71.77,0.020765182762053636,2026-08-07,,,,,,,,
GEL,2026-08-06,15.18,15.08,-0.006587615283267456,2026-08-07,,,,,,,,
GELS,2026-08-06,0.57,0.56,-0.01754385964912264,2026-08-07,,,,,,,,
GEM,2026-08-06,49.74,50.3,0.01125854443104135,2026-08-07,,,,,,,,
GEMD,2026-08-06,41.65,41.73,0.0019207683073227955,2026-08-07,,,,,,,,
GEME,2026-08-06,42.12,42.45,0.007834757834757955,2026-08-07,,,,,,,,
GEMG,2026-08-06,6.88,7.22,0.04941860465116288,2026-08-07,,,,,,,,
GEMI,2026-08-06,3.98,4.09,0.027638190954773822,2026-08-07,,,,,,,,
GEN,2026-08-06,28.1,29.17,0.03807829181494671,2026-08-07,,,,,,,,
GENB,2026-08-06,13.89,14.35,0.03311735061195087,2026-08-07,,,,,,,,
GENC,2026-08-06,14.45,14.47,0.0013840830449827202,2026-08-07,,,,,,,,
GEND,2026-08-06,13.1,13.2,0.007633587786259444,2026-08-07,,,,,,,,
GENI,2026-08-06,7.83,7.59,-0.03065134099616862,2026-08-07,,,,,,,,
GENK,2026-08-06,2.07,1.96,-0.05314009661835739,2026-08-07,,,,,,,,
GENM,2026-08-06,10.19,10.22,0.0029440628066732533,2026-08-07,,,,,,,,
GENT,2026-08-06,10.16,10.18,0.0019685039370078705,2026-08-07,,,,,,,,
GENW,2026-08-06,15.56,15.62,0.00385604113110527,2026-08-07,,,,,,,,
GENZ,2026-08-06,37.93,39.2,0.033482731347218575,2026-08-07,,,,,,,,
GEO,2026-08-06,30.14,30.69,0.018248175182481674,2026-08-07,,,,,,,,
GEOS,2026-08-06,6.82,5.85,-0.14222873900293265,2026-08-07,,,,,,,,
GEQ,2026-08-06,52.13,52.46,0.006330328026088683,2026-08-07,,,,,,,,
GERN,2026-08-06,1.57,1.48,-0.05732484076433131,2026-08-07,,,,,,,,
GETY,2026-08-06,0.44,0.44,0.0,2026-08-07,,,,,,,,
GEV,2026-08-06,1000.3,990.32,-0.009977006897930574,2026-08-07,,,,,,,,
GEVC,2026-08-06,20.79,20.4,-0.018759018759018753,2026-08-07,,,,,,,,
GEVG,2026-08-06,25.18,24.71,-0.01866560762509928,2026-08-07,,,,,,,,
GEVO,2026-08-06,1.44,1.57,0.0902777777777779,2026-08-07,,,,,,,,
GEVX,2026-08-06,19.78,19.5,-0.014155712841253831,2026-08-07,,,,,,,,
GEW,2026-08-06,56.72,57.16,0.007757404795486478,2026-08-07,,,,,,,,
GF,2026-08-06,11.56,11.56,0.0,2026-08-07,,,,,,,,
GFAI,2026-08-06,0.32,0.35,0.09375,2026-08-07,,,,,,,,
GFEB,2026-08-06,44.63,44.71,0.001792516244678355,2026-08-07,,,,,,,,
GFF,2026-08-06,106.3,107.22,0.00865475070555033,2026-08-07,,,,,,,,
GFGF,2026-08-06,36.73,36.84,0.0029948271167983265,2026-08-07,,,,,,,,
GFI,2026-08-06,37.34,40.82,0.09319764327798596,2026-08-07,,,,,,,,
GFL,2026-08-06,41.55,41.32,-0.005535499398315213,2026-08-07,,,,,,,,
GFLW,2026-08-06,33.05,33.71,0.0199697428139185,2026-08-07,,,,,,,,
GFR,2026-08-06,6.43,6.15,-0.043545878693623585,2026-08-07,,,,,,,,
GFS,2026-08-06,50.36,53.93,0.0708895949166004,2026-08-07,,,,,,,,
GFSG,2026-08-06,4.34,4.92,0.13364055299539168,2026-08-07,,,,,,,,
GFUZ,2026-08-06,9.13,9.25,0.013143483023001057,2026-08-07,,,,,,,,
GGAL,2026-08-06,46.73,46.18,-0.011769741065696504,2026-08-07,,,,,,,,
GGB,2026-08-06,5.04,4.94,-0.01984126984126977,2026-08-07,,,,,,,,
GGG,2026-08-06,83.05,83.54,0.005900060204696134,2026-08-07,,,,,,,,
GGLL,2026-08-06,110.53,108.4,-0.019270786211888158,2026-08-07,,,,,,,,
GGLS,2026-08-06,56.3,56.81,0.009058614564831258,2026-08-07,,,,,,,,
GGM,2026-08-06,31.21,31.34,0.004165331624479407,2026-08-07,,,,,,,,
GGME,2026-08-06,62.22,63.48,0.020250723240115676,2026-08-07,,,,,,,,
GGN,2026-08-06,5.13,5.24,0.02144249512670582,2026-08-07,,,,,,,,
GGOV,2026-08-06,50.19,50.24,0.000996214385335703,2026-08-07,,,,,,,,
GGR,2026-08-06,2.64,2.55,-0.03409090909090917,2026-08-07,,,,,,,,
GGRP,2026-08-06,0.87,0.86,-0.011494252873563204,2026-08-07,,,,,,,,
GGRW,2026-08-06,38.29,38.48,0.004962131104726986,2026-08-07,,,,,,,,
GGT,2026-08-06,4.14,4.16,0.004830917874396157,2026-08-07,,,,,,,,
GGTL,2026-08-06,38.65,38.75,0.002587322121604174,2026-08-07,,,,,,,,
GGUS,2026-08-06,67.08,67.69,0.009093619558735888,2026-08-07,,,,,,,,
GGZ,2026-08-06,16.56,16.64,0.004830917874396157,2026-08-07,,,,,,,,
GH,2026-08-06,157.58,168.48,0.06917121462114473,2026-08-07,,,,,,,,
GHC,2026-08-06,1195.16,1185.71,-0.007906891127547833,2026-08-07,,,,,,,,
GHG,2026-08-06,1.14,1.12,-0.01754385964912264,2026-08-07,,,,,,,,
GHI,2026-08-06,5.78,5.75,-0.005190311418685201,2026-08-07,,,,,,,,
GHM,2026-08-06,104.96,111.68,0.0640243902439026,2026-08-07,,,,,,,,
GHRS,2026-08-06,30.64,30.27,-0.01207571801566587,2026-08-07,,,,,,,,
GHTA,2026-08-06,30.82,31.08,0.00843608046722899,2026-08-07,,,,,,,,
GHXIU,2026-08-06,10.15,10.15,0.0,2026-08-07,,,,,,,,
GHY,2026-08-06,11.74,11.79,0.004258943781942026,2026-08-07,,,,,,,,
GHYB,2026-08-06,44.47,44.6,0.002923319091522325,2026-08-07,,,,,,,,
GHYG,2026-08-06,45.13,45.24,0.0024374030578329098,2026-08-07,,,,,,,,
GIAX,2026-08-06,15.76,16.03,0.017131979695431454,2026-08-07,,,,,,,,
GIB,2026-08-06,74.17,74.74,0.007685047863017269,2026-08-07,,,,,,,,
GIBO,2026-08-06,30.4,29.3,-0.03618421052631571,2026-08-07,,,,,,,,
GIC,2026-08-06,39.68,39.13,-0.013860887096774133,2026-08-07,,,,,,,,
GIEQ,2026-08-06,42.77,43.18,0.009586158522328692,2026-08-07,,,,,,,,
GIFT,2026-08-06,0.9,0.88,-0.022222222222222254,2026-08-07,,,,,,,,
GIGB,2026-08-06,45.0,45.06,0.0013333333333334085,2026-08-07,,,,,,,,
GIGL,2026-08-06,49.64,49.72,0.0016116035455278066,2026-08-07,,,,,,,,
GIGM,2026-08-06,1.43,1.48,0.034965034965035,2026-08-07,,,,,,,,
GII,2026-08-06,75.31,75.17,-0.0018589828708006628,2026-08-07,,,,,,,,
GIII,2026-08-06,35.77,35.46,-0.008666480290746459,2026-08-07,,,,,,,,
GIL,2026-08-06,58.17,57.5,-0.011517964586556628,2026-08-07,,,,,,,,
GILD,2026-08-06,130.86,133.21,0.017958123185083164,2026-08-07,,,,,,,,
GILT,2026-08-06,11.29,11.23,-0.005314437555358653,2026-08-07,,,,,,,,
GIND,2026-08-06,25.0,25.05,0.0020000000000000018,2026-08-07,,,,,,,,
GINN,2026-08-06,80.84,82.01,0.014473033151904957,2026-08-07,,,,,,,,
GINX,2026-08-06,36.41,36.62,0.005767646251029879,2026-08-07,,,,,,,,
GIPR,2026-08-06,0.75,0.72,-0.040000000000000036,2026-08-07,,,,,,,,
GIS,2026-08-06,36.07,36.89,0.022733573606875446,2026-08-07,,,,,,,,
GISC,2026-08-06,50.0,49.99,-0.00019999999999997797,2026-08-07,,,,,,,,
GITS,2026-08-06,2.09,2.14,0.02392344497607679,2026-08-07,,,,,,,,
GIW,2026-08-06,10.12,10.12,0.0,2026-08-07,,,,,,,,
GIX,2026-08-06,9.96,9.97,0.0010040160642570406,2026-08-07,,,,,,,,
GJAN,2026-08-06,45.69,45.82,0.0028452615451959318,2026-08-07,,,,,,,,
GJUL,2026-08-06,44.41,44.53,0.00270209412294542,2026-08-07,,,,,,,,
GJUN,2026-08-06,41.86,41.97,0.00262780697563314,2026-08-07,,,,,,,,
GK,2026-08-06,29.35,29.48,0.004429301533219743,2026-08-07,,,,,,,,
GKAT,2026-08-06,45.22,45.24,0.0004422821760283746,2026-08-07,,,,,,,,
GKOS,2026-08-06,170.99,180.02,0.052810105854143474,2026-08-07,,,,,,,,
GL,2026-08-06,186.02,183.85,-0.011665412321255841,2026-08-07,,,,,,,,
GLAD,2026-08-06,19.51,19.73,0.011276268580215243,2026-08-07,,,,,,,,
GLAM,2026-08-06,28.43,29.08,0.022863172704889134,2026-08-07,,,,,,,,
GLAS,2026-08-06,9.68,10.13,0.046487603305785274,2026-08-07,,,,,,,,
GLBE,2026-08-06,41.02,42.32,0.03169185763042415,2026-08-07,,,,,,,,
GLBL,2026-08-06,28.68,28.81,0.004532775453277571,2026-08-07,,,,,,,,
GLBS,2026-08-06,3.17,3.19,0.006309148264984188,2026-08-07,,,,,,,,
GLCR,2026-08-06,24.45,24.66,0.008588957055214674,2026-08-07,,,,,,,,
GLD,2026-08-06,389.67,398.47,0.022583211435317052,2026-08-07,,,,,,,,
GLDB,2026-08-06,20.42,20.88,0.022526934378060526,2026-08-07,,,,,,,,
GLDG,2026-08-06,0.96,1.02,0.0625,2026-08-07,,,,,,,,
GLDI,2026-08-06,146.12,147.96,0.012592389816589167,2026-08-07,,,,,,,,
GLDM,2026-08-06,84.03,85.95,0.022848982506247895,2026-08-07,,,,,,,,
GLDN,2026-08-06,15.36,16.24,0.05729166666666652,2026-08-07,,,,,,,,
GLDW,2026-08-06,42.4,43.54,0.02688679245283021,2026-08-07,,,,,,,,
GLE,2026-08-06,0.35,0.35,0.0,2026-08-07,,,,,,,,
GLED,2026-08-06,9.96,9.97,0.0010040160642570406,2026-08-07,,,,,,,,
GLGG,2026-08-06,3.4,3.62,0.06470588235294117,2026-08-07,,,,,,,,
GLIBA,2026-08-06,24.42,24.6,0.0073710073710073765,2026-08-07,,,,,,,,
GLIBK,2026-08-06,23.95,24.0,0.0020876826722338038,2026-08-07,,,,,,,,
GLIN,2026-08-06,45.76,46.02,0.005681818181818343,2026-08-07,,,,,,,,
GLIX,2026-08-06,27.46,27.59,0.004734158776402042,2026-08-07,,,,,,,,
GLL,2026-08-06,23.97,22.91,-0.04422194409678759,2026-08-07,,,,,,,,
GLMD,2026-08-06,0.6,0.6,0.0,2026-08-07,,,,,,,,
GLND,2026-08-06,2.21,2.34,0.05882352941176472,2026-08-07,,,,,,,,
GLNG,2026-08-06,51.02,50.43,-0.011564092512740154,2026-08-07,,,,,,,,
GLNK,2026-08-06,7.27,7.26,-0.0013755158184318717,2026-08-07,,,,,,,,
GLO,2026-08-06,5.97,6.02,0.008375209380234505,2026-08-07,,,,,,,,
GLOB,2026-08-06,37.25,37.4,0.00402684563758382,2026-08-07,,,,,,,,
GLOF,2026-08-06,60.58,61.09,0.008418620006602984,2026-08-07,,,,,,,,
GLOO,2026-08-06,3.41,3.59,0.05278592375366564,2026-08-07,,,,,,,,
GLOW,2026-08-06,34.97,35.27,0.008578781812982772,2026-08-07,,,,,,,,
GLP,2026-08-06,48.52,50.18,0.0342126957955482,2026-08-07,,,,,,,,
GLPI,2026-08-06,43.86,44.14,0.006383948928408545,2026-08-07,,,,,,,,
GLQ,2026-08-06,8.28,8.42,0.01690821256038655,2026-08-07,,,,,,,,
GLRE,2026-08-06,15.64,15.51,-0.00831202046035806,2026-08-07,,,,,,,,
GLRY,2026-08-06,41.17,41.44,0.006558173427252845,2026-08-07,,,,,,,,
GLSI,2026-08-06,14.24,14.36,0.008426966292134797,2026-08-07,,,,,,,,
GLTR,2026-08-06,191.51,196.02,0.023549684089603673,2026-08-07,,,,,,,,
GLU,2026-08-06,19.22,19.32,0.005202913631633832,2026-08-07,,,,,,,,
GLUE,2026-08-06,15.71,15.88,0.010821133036282626,2026-08-07,,,,,,,,
GLV,2026-08-06,6.32,6.29,-0.004746835443038,2026-08-07,,,,,,,,
GLW,2026-08-06,157.18,165.68,0.0540781269881665,2026-08-07,,,,,,,,
GLWG,2026-08-06,15.12,16.74,0.1071428571428572,2026-08-07,,,,,,,,
GLX,2026-08-06,10.32,10.8,0.04651162790697683,2026-08-07,,,,,,,,
GLXG,2026-08-06,1.03,1.12,0.08737864077669921,2026-08-07,,,,,,,,
GLXU,2026-08-06,3.98,4.22,0.06030150753768848,2026-08-07,,,,,,,,
GLXY,2026-08-06,19.54,20.17,0.03224155578300936,2026-08-07,,,,,,,,
GM,2026-08-06,86.94,87.58,0.007361398665746588,2026-08-07,,,,,,,,
GMAB,2026-08-06,29.83,31.25,0.0476030841434798,2026-08-07,,,,,,,,
GMAR,2026-08-06,44.81,44.89,0.0017853157777281137,2026-08-07,,,,,,,,
GMAY,2026-08-06,43.81,43.94,0.0029673590504450953,2026-08-07,,,,,,,,
GME,2026-08-06,19.23,19.16,-0.003640145605824263,2026-08-07,,,,,,,,
GMEC,2026-08-06,18.54,18.1,-0.023732470334411948,2026-08-07,,,,,,,,
GMED,2026-08-06,81.08,82.35,0.01566354218056243,2026-08-07,,,,,,,,
GMEU,2026-08-06,5.94,5.86,-0.013468013468013518,2026-08-07,,,,,,,,
GMEX,2026-08-06,1.27,1.24,-0.023622047244094557,2026-08-07,,,,,,,,
GMEY,2026-08-06,24.28,24.24,-0.0016474464579901982,2026-08-07,,,,,,,,
GMF,2026-08-06,155.26,156.55,0.008308643565631879,2026-08-07,,,,,,,,
GMHS,2026-08-06,0.81,0.77,-0.04938271604938271,2026-08-07,,,,,,,,
GMM,2026-08-06,3.08,2.93,-0.04870129870129869,2026-08-07,,,,,,,,
GMMA,2026-08-06,21.96,22.03,0.0031876138433515333,2026-08-07,,,,,,,,
GMMF,2026-08-06,100.28,100.3,0.00019944156362172727,2026-08-07,,,,,,,,
GMNY,2026-08-06,49.63,49.72,0.0018134193028409573,2026-08-07,,,,,,,,
GMOC,2026-08-06,50.15,50.12,-0.0005982053838484713,2026-08-07,,,,,,,,
GMOD,2026-08-06,27.9,28.03,0.00465949820788536,2026-08-07,,,,,,,,
GMOI,2026-08-06,40.7,41.03,0.008108108108108025,2026-08-07,,,,,,,,
GMOM,2026-08-06,36.95,37.2,0.006765899864682012,2026-08-07,,,,,,,,
GMOV,2026-08-06,32.06,32.23,0.005302557704304212,2026-08-07,,,,,,,,
GMRS,2026-08-06,12.17,12.58,0.033689400164338634,2026-08-07,,,,,,,,
GMTL,2026-08-06,11.56,11.55,-0.0008650519031141446,2026-08-07,,,,,,,,
GMUB,2026-08-06,50.76,50.83,0.001379038613081196,2026-08-07,,,,,,,,
GNE,2026-08-06,14.74,14.55,-0.012890094979647215,2026-08-07,,,,,,,,
GNK,2026-08-06,25.13,25.33,0.007958615200954977,2026-08-07,,,,,,,,
GNL,2026-08-06,9.07,9.23,0.01764057331863289,2026-08-07,,,,,,,,
GNLN,2026-08-06,1.96,1.95,-0.005102040816326481,2026-08-07,,,,,,,,
GNLX,2026-08-06,2.7,2.66,-0.014814814814814836,2026-08-07,,,,,,,,
GNMA,2026-08-06,43.53,43.61,0.0018378130025269446,2026-08-07,,,,,,,,
GNMX,2026-08-06,30.59,31.68,0.03563255966001955,2026-08-07,,,,,,,,
GNOM,2026-08-06,55.71,58.17,0.0441572428648358,2026-08-07,,,,,,,,
GNOV,2026-08-06,42.38,42.48,0.0023596035865973697,2026-08-07,,,,,,,,
GNPX,2026-08-06,4.44,4.27,-0.03828828828828845,2026-08-07,,,,,,,,
GNR,2026-08-06,73.42,74.04,0.008444565513484159,2026-08-07,,,,,,,,
GNRC,2026-08-06,211.18,212.22,0.004924708779240339,2026-08-07,,,,,,,,
GNS,2026-08-06,0.15,0.16,0.06666666666666665,2026-08-07,,,,,,,,
GNSS,2026-08-06,1.76,1.74,-0.011363636363636354,2026-08-07,,,,,,,,
GNT,2026-08-06,8.48,8.63,0.017688679245283057,2026-08-07,,,,,,,,
GNTA,2026-08-06,1.31,1.3,-0.007633587786259555,2026-08-07,,,,,,,,
GNTX,2026-08-06,23.54,24.08,0.022939677145284554,2026-08-07,,,,,,,,
GNW,2026-08-06,9.71,9.69,-0.002059732234809597,2026-08-07,,,,,,,,
GO,2026-08-06,9.69,9.91,0.02270381836945301,2026-08-07,,,,,,,,
GOAI,2026-08-06,1.77,1.77,0.0,2026-08-07,,,,,,,,
GOAU,2026-08-06,41.53,44.44,0.07006982903924874,2026-08-07,,,,,,,,
GOCT,2026-08-06,42.15,42.18,0.000711743772241924,2026-08-07,,,,,,,,
GOEX,2026-08-06,78.76,84.25,0.06970543423057385,2026-08-07,,,,,,,,
GOF,2026-08-06,10.57,10.66,0.008514664143803197,2026-08-07,,,,,,,,
GOGL,2026-08-06,26.26,25.7,-0.021325209444021387,2026-08-07,,,,,,,,
GOGO,2026-08-06,3.64,3.63,-0.0027472527472528485,2026-08-07,,,,,,,,
GOIB,2026-08-06,25.96,25.76,-0.007704160246533087,2026-08-07,,,,,,,,
GOLD,2026-08-06,42.02,43.51,0.03545930509281292,2026-08-07,,,,,,,,
GOLF,2026-08-06,93.85,93.29,-0.005966968566861852,2026-08-07,,,,,,,,
GOLI,2026-08-06,12.77,13.02,0.019577133907595856,2026-08-07,,,,,,,,
GOLS,2026-08-06,26.58,26.77,0.007148231753197898,2026-08-07,,,,,,,,
GOLY,2026-08-06,26.14,26.84,0.026778882938025994,2026-08-07,,,,,,,,
GOOD,2026-08-06,12.91,12.95,0.0030983733539891034,2026-08-07,,,,,,,,
GOOG,2026-08-06,356.62,353.47,-0.008832931411586475,2026-08-07,,,,,,,,
GOOGL,2026-08-06,357.75,354.3,-0.009643605870020888,2026-08-07,,,,,,,,
GOOL,2026-08-06,13.95,13.63,-0.022939068100358284,2026-08-07,,,,,,,,
GOOP,2026-08-06,38.24,37.94,-0.007845188284518967,2026-08-07,,,,,,,,
GOOS,2026-08-06,8.57,8.77,0.023337222870478236,2026-08-07,,,,,,,,
GOOW,2026-08-06,65.61,64.71,-0.013717421124828655,2026-08-07,,,,,,,,
GOOX,2026-08-06,79.21,78.04,-0.014770862264865348,2026-08-07,,,,,,,,
GOOY,2026-08-06,12.72,12.66,-0.004716981132075526,2026-08-07,,,,,,,,
GOP,2026-08-06,44.61,44.78,0.0038108047522977806,2026-08-07,,,,,,,,
GORO,2026-08-06,2.12,2.53,0.19339622641509413,2026-08-07,,,,,,,,
GOSS,2026-08-06,0.18,0.18,0.0,2026-08-07,,,,,,,,
GOTU,2026-08-06,1.9,1.83,-0.03684210526315779,2026-08-07,,,,,,,,
GOU,2026-08-06,27.96,27.36,-0.02145922746781126,2026-08-07,,,,,,,,
GOVI,2026-08-06,26.47,26.52,0.0018889308651304226,2026-08-07,,,,,,,,
GOVM,2026-08-06,24.83,24.87,0.001610954490535832,2026-08-07,,,,,,,,
GOVT,2026-08-06,22.45,22.49,0.0017817371937638438,2026-08-07,,,,,,,,
GOVX,2026-08-06,0.72,0.77,0.06944444444444442,2026-08-07,,,,,,,,
GOVZ,2026-08-06,33.73,33.88,0.0044470797509637006,2026-08-07,,,,,,,,
GP,2026-08-06,1.47,1.55,0.054421768707483054,2026-08-07,,,,,,,,
GPAC,2026-08-06,10.05,10.05,0.0,2026-08-07,,,,,,,,
GPAT,2026-08-06,10.94,11.16,0.02010968921389411,2026-08-07,,,,,,,,
GPC,2026-08-06,132.79,135.63,0.02138715264703661,2026-08-07,,,,,,,,
GPCR,2026-08-06,52.62,53.14,0.009882174078297279,2026-08-07,,,,,,,,
GPGI,2026-08-06,14.98,14.99,0.0006675567423231055,2026-08-07,,,,,,,,
GPI,2026-08-06,270.82,266.47,-0.016062329222361615,2026-08-07,,,,,,,,
GPIQ,2026-08-06,56.68,57.29,0.010762173606210235,2026-08-07,,,,,,,,
GPIX,2026-08-06,56.11,56.38,0.0048119764747818206,2026-08-07,,,,,,,,
GPK,2026-08-06,11.87,12.1,0.019376579612468525,2026-08-07,,,,,,,,
GPMT,2026-08-06,1.25,1.27,0.016000000000000014,2026-08-07,,,,,,,,
GPN,2026-08-06,87.69,86.12,-0.017903979929296265,2026-08-07,,,,,,,,
GPOR,2026-08-06,158.45,162.76,0.027201009782265695,2026-08-07,,,,,,,,
GPRE,2026-08-06,15.2,14.65,-0.03618421052631571,2026-08-07,,,,,,,,
GPRF,2026-08-06,49.49,49.52,0.0006061830672863255,2026-08-07,,,,,,,,
GPRK,2026-08-06,9.51,9.43,-0.008412197686645695,2026-08-07,,,,,,,,
GPRO,2026-08-06,0.73,0.73,0.0,2026-08-07,,,,,,,,
GPT,2026-08-06,34.13,34.36,0.006738939349545836,2026-08-07,,,,,,,,
GPTY,2026-08-06,42.24,42.8,0.01325757575757569,2026-08-07,,,,,,,,
GPUS,2026-08-06,0.12,0.12,0.0,2026-08-07,,,,,,,,
GPZ,2026-08-06,24.56,24.74,0.0073289902280129215,2026-08-07,,,,,,,,
GQGU,2026-08-06,26.7,26.78,0.002996254681647992,2026-08-07,,,,,,,,
GQI,2026-08-06,60.05,60.27,0.0036636136552874454,2026-08-07,,,,,,,,
GQQQ,2026-08-06,35.83,36.13,0.008372871895060197,2026-08-07,,,,,,,,
GQRE,2026-08-06,64.4,64.74,0.005279503105589889,2026-08-07,,,,,,,,
GRAB,2026-08-06,3.67,3.66,-0.0027247956403269047,2026-08-07,,,,,,,,
GRAG,2026-08-06,6.32,6.29,-0.004746835443038,2026-08-07,,,,,,,,
GRAL,2026-08-06,63.4,69.48,0.09589905362776041,2026-08-07,,,,,,,,
GRAN,2026-08-06,1.48,1.37,-0.07432432432432423,2026-08-07,,,,,,,,
GRBK,2026-08-06,71.44,72.9,0.02043673012318048,2026-08-07,,,,,,,,
GRC,2026-08-06,84.58,83.79,-0.009340269567273518,2026-08-07,,,,,,,,
GRCE,2026-08-06,2.12,2.13,0.004716981132075304,2026-08-07,,,,,,,,
GRDN,2026-08-06,39.47,43.83,0.1104636432733721,2026-08-07,,,,,,,,
GRDX,2026-08-06,2.88,2.74,-0.04861111111111105,2026-08-07,,,,,,,,
GREK,2026-08-06,81.19,81.79,0.00739007266904812,2026-08-07,,,,,,,,
GRF,2026-08-06,10.58,10.47,-0.010396975425330801,2026-08-07,,,,,,,,
GRFS,2026-08-06,7.83,7.94,0.01404853128991057,2026-08-07,,,,,,,,
GRI,2026-08-06,1.55,1.47,-0.05161290322580647,2026-08-07,,,,,,,,
GRID,2026-08-06,185.59,186.43,0.004526105932431745,2026-08-07,,,,,,,,
GRIN,2026-08-06,32.81,33.41,0.01828710758914953,2026-08-07,,,,,,,,
GRML,2026-08-06,0.18,0.19,0.05555555555555558,2026-08-07,,,,,,,,
GRMN,2026-08-06,301.87,310.89,0.029880412097922804,2026-08-07,,,,,,,,
GRN,2026-08-06,32.59,33.23,0.019637925744093065,2026-08-07,,,,,,,,
GRNB,2026-08-06,23.82,23.84,0.0008396305625524292,2026-08-07,,,,,,,,
GRND,2026-08-06,17.15,16.58,-0.033236151603498576,2026-08-07,,,,,,,,
GRNI,2026-08-06,20.97,21.1,0.006199332379589917,2026-08-07,,,,,,,,
GRNJ,2026-08-06,29.72,30.76,0.0349932705248992,2026-08-07,,,,,,,,
GRNQ,2026-08-06,10.0,11.27,0.127,2026-08-07,,,,,,,,
GRNT,2026-08-06,4.66,4.88,0.04721030042918439,2026-08-07,,,,,,,,
GRNY,2026-08-06,27.72,27.84,0.0043290043290042934,2026-08-07,,,,,,,,
GRO,2026-08-06,2.13,2.18,0.023474178403755985,2026-08-07,,,,,,,,
GROV,2026-08-06,1.12,1.08,-0.0357142857142857,2026-08-07,,,,,,,,
GROW,2026-08-06,3.1,3.1,0.0,2026-08-07,,,,,,,,
GROY,2026-08-06,2.87,3.03,0.05574912891986061,2026-08-07,,,,,,,,
GROZ,2026-08-06,33.15,33.39,0.007239819004524861,2026-08-07,,,,,,,,
GRPM,2026-08-06,140.18,143.28,0.02211442431159938,2026-08-07,,,,,,,,
GRPN,2026-08-06,25.15,25.03,-0.004771371769383581,2026-08-07,,,,,,,,
GRPZ,2026-08-06,33.68,33.62,-0.0017814726840855721,2026-08-07,,,,,,,,
GRRR,2026-08-06,12.38,13.15,0.06219709208400648,2026-08-07,,,,,,,,
GRSD,2026-08-06,1.89,1.9,0.005291005291005346,2026-08-07,,,,,,,,
GRVY,2026-08-06,61.13,68.12,0.11434647472599391,2026-08-07,,,,,,,,
GRW,2026-08-06,32.57,32.68,0.003377341111452159,2026-08-07,,,,,,,,
GRWG,2026-08-06,1.48,1.51,0.020270270270270396,2026-08-07,,,,,,,,
GRX,2026-08-06,9.76,9.88,0.012295081967213184,2026-08-07,,,,,,,,
GS,2026-08-06,1032.58,1039.61,0.006808189195994574,2026-08-07,,,,,,,,
GSAT,2026-08-06,83.24,83.4,0.001922152811148603,2026-08-07,,,,,,,,
GSBC,2026-08-06,81.42,80.65,-0.009457135838860209,2026-08-07,,,,,,,,
GSBD,2026-08-06,9.09,9.75,0.0726072607260726,2026-08-07,,,,,,,,
GSC,2026-08-06,67.79,68.09,0.004425431479569308,2026-08-07,,,,,,,,
GSEE,2026-08-06,67.15,67.71,0.008339538346984199,2026-08-07,,,,,,,,
GSEP,2026-08-06,41.56,41.64,0.0019249278152069227,2026-08-07,,,,,,,,
GSEU,2026-08-06,50.24,50.58,0.006767515923566725,2026-08-07,,,,,,,,
GSEW,2026-08-06,96.72,97.78,0.010959470636890067,2026-08-07,,,,,,,,
GSG,2026-08-06,31.07,31.09,0.0006437077566785465,2026-08-07,,,,,,,,
GSGO,2026-08-06,44.64,45.1,0.010304659498207913,2026-08-07,,,,,,,,
GSHD,2026-08-06,66.66,65.2,-0.021902190219021844,2026-08-07,,,,,,,,
GSHR,2026-08-06,10.52,10.5,-0.0019011406844106071,2026-08-07,,,,,,,,
GSIB,2026-08-06,64.38,64.6,0.0034172103137619647,2026-08-07,,,,,,,,
GSID,2026-08-06,77.59,78.43,0.010826137388838752,2026-08-07,,,,,,,,
GSIE,2026-08-06,47.73,48.26,0.011104127383197104,2026-08-07,,,,,,,,
GSIT,2026-08-06,6.63,6.72,0.013574660633484115,2026-08-07,,,,,,,,
GSIW,2026-08-06,17.46,16.65,-0.046391752577319756,2026-08-07,,,,,,,,
GSJY,2026-08-06,54.03,55.11,0.019988895058300926,2026-08-07,,,,,,,,
GSK,2026-08-06,52.17,52.96,0.015142802376844955,2026-08-07,,,,,,,,
GSKH,2026-08-06,72.31,73.29,0.013552758954501476,2026-08-07,,,,,,,,
GSL,2026-08-06,42.8,42.44,-0.008411214953271018,2026-08-07,,,,,,,,
GSLC,2026-08-06,146.65,147.87,0.008319127173542551,2026-08-07,,,,,,,,
GSM,2026-08-06,4.13,4.49,0.0871670702179177,2026-08-07,,,,,,,,
GSOL,2026-08-06,5.49,5.6,0.02003642987249532,2026-08-07,,,,,,,,
GSPY,2026-08-06,42.2,42.4,0.004739336492890933,2026-08-07,,,,,,,,
GSRF,2026-08-06,10.17,10.16,-0.000983284169124854,2026-08-07,,,,,,,,
GSRV,2026-08-06,9.85,9.84,-0.0010152284263958977,2026-08-07,,,,,,,,
GSSC,2026-08-06,91.15,91.95,0.008776741634668017,2026-08-07,,,,,,,,
GSST,2026-08-06,50.42,50.44,0.00039666798889315125,2026-08-07,,,,,,,,
GSUI,2026-08-06,9.78,9.77,-0.0010224948875255935,2026-08-07,,,,,,,,
GSUN,2026-08-06,0.54,0.47,-0.12962962962962976,2026-08-07,,,,,,,,
GSUS,2026-08-06,106.11,106.83,0.006785411365564098,2026-08-07,,,,,,,,
GSWO,2026-08-06,65.39,65.9,0.0077993576999542125,2026-08-07,,,,,,,,
GSY,2026-08-06,50.19,50.2,0.00019924287706718502,2026-08-07,,,,,,,,
GT,2026-08-06,6.76,6.44,-0.047337278106508784,2026-08-07,,,,,,,,
GTBP,2026-08-06,0.3,0.32,0.06666666666666665,2026-08-07,,,,,,,,
GTE,2026-08-06,9.47,8.96,-0.053854276663146794,2026-08-07,,,,,,,,
GTEC,2026-08-06,0.53,0.54,0.018867924528301883,2026-08-07,,,,,,,,
GTEK,2026-08-06,57.06,58.39,0.023308797756747213,2026-08-07,,,,,,,,
GTEN,2026-08-06,10.5,10.57,0.006666666666666599,2026-08-07,,,,,,,,
GTERA,2026-08-06,10.4,10.4,0.0,2026-08-07,,,,,,,,
GTES,2026-08-06,28.59,28.25,-0.01189227002448412,2026-08-07,,,,,,,,
GTIM,2026-08-06,1.42,1.47,0.035211267605633756,2026-08-07,,,,,,,,
GTIP,2026-08-06,47.56,47.65,0.0018923465096718495,2026-08-07,,,,,,,,
GTLB,2026-08-06,35.68,38.97,0.09220852017937209,2026-08-07,,,,,,,,
GTM,2026-08-06,4.14,4.18,0.009661835748792313,2026-08-07,,,,,,,,
GTN,2026-08-06,4.28,5.37,0.25467289719626174,2026-08-07,,,,,,,,
GTND,2026-08-06,25.52,25.73,0.008228840125391823,2026-08-07,,,,,,,,
GTO,2026-08-06,46.26,46.32,0.0012970168612191912,2026-08-07,,,,,,,,
GTOC,2026-08-06,24.73,24.78,0.002021835826930829,2026-08-07,,,,,,,,
GTOH,2026-08-06,25.3,25.33,0.0011857707509881354,2026-08-07,,,,,,,,
GTOP,2026-08-06,49.28,49.75,0.009537337662337553,2026-08-07,,,,,,,,
GTOQ,2026-08-06,22.3,22.36,0.0026905829596413078,2026-08-07,,,,,,,,
GTOS,2026-08-06,24.92,24.93,0.00040128410914919144,2026-08-07,,,,,,,,
GTPE,2026-08-06,61.55,62.24,0.011210398050365722,2026-08-07,,,,,,,,
GTR,2026-08-06,27.6,27.72,0.004347826086956497,2026-08-07,,,,,,,,
GTX,2026-08-06,30.47,29.85,-0.020347883163767566,2026-08-07,,,,,,,,
GTY,2026-08-06,33.25,33.39,0.004210526315789442,2026-08-07,,,,,,,,
GUAC,2026-08-06,9.93,9.95,0.002014098690835908,2026-08-07,,,,,,,,
GUG,2026-08-06,15.46,15.49,0.0019404915912031306,2026-08-07,,,,,,,,
GUMI,2026-08-06,50.29,50.31,0.00039769337840533936,2026-08-07,,,,,,,,
GUNR,2026-08-06,52.64,53.02,0.007218844984802519,2026-08-07,,,,,,,,
GURE,2026-08-06,3.15,3.15,0.0,2026-08-07,,,,,,,,
GURU,2026-08-06,69.0,69.73,0.010579710144927645,2026-08-07,,,,,,,,
GUSA,2026-08-06,66.47,66.94,0.007070859034150834,2026-08-07,,,,,,,,
GUSE,2026-08-06,46.16,46.36,0.004332755632582286,2026-08-07,,,,,,,,
GUSH,2026-08-06,35.47,35.24,-0.006484352974344465,2026-08-07,,,,,,,,
GUT,2026-08-06,6.23,6.24,0.0016051364365969878,2026-08-07,,,,,,,,
GUTS,2026-08-06,0.69,0.7,0.01449275362318847,2026-08-07,,,,,,,,
GV,2026-08-06,0.14,0.14,0.0,2026-08-07,,,,,,,,
GVA,2026-08-06,121.6,128.32,0.0552631578947369,2026-08-07,,,,,,,,
GVAL,2026-08-06,37.92,38.0,0.002109704641350074,2026-08-07,,,,,,,,
GVH,2026-08-06,0.98,0.99,0.010204081632652962,2026-08-07,,,,,,,,
GVI,2026-08-06,105.24,105.42,0.0017103762827823665,2026-08-07,,,,,,,,
GVIP,2026-08-06,173.35,175.25,0.010960484568791395,2026-08-07,,,,,,,,
GVLE,2026-08-06,49.09,49.41,0.006518639234059709,2026-08-07,,,,,,,,
GVLU,2026-08-06,28.45,28.8,0.012302284710017597,2026-08-07,,,,,,,,
GVUS,2026-08-06,65.69,66.08,0.005936976708783792,2026-08-07,,,,,,,,
GWAV,2026-08-06,4.3,4.18,-0.027906976744186074,2026-08-07,,,,,,,,
GWH,2026-08-06,0.68,0.64,-0.05882352941176472,2026-08-07,,,,,,,,
GWRE,2026-08-06,160.03,170.53,0.06561269761919641,2026-08-07,,,,,,,,
GWRS,2026-08-06,7.46,7.6,0.018766756032171594,2026-08-07,,,,,,,,
GWW,2026-08-06,1282.58,1277.55,-0.0039217826568322955,2026-08-07,,,,,,,,
GWX,2026-08-06,45.21,45.63,0.00928998009289983,2026-08-07,,,,,,,,
GXAI,2026-08-06,0.85,0.85,0.0,2026-08-07,,,,,,,,
GXC,2026-08-06,91.54,92.61,0.011688879178501033,2026-08-07,,,,,,,,
GXDW,2026-08-06,23.88,24.33,0.018844221105527525,2026-08-07,,,,,,,,
GXIG,2026-08-06,24.42,24.44,0.0008190008190007703,2026-08-07,,,,,,,,
GXLC,2026-08-06,92.38,93.0,0.006711409395973256,2026-08-07,,,,,,,,
GXO,2026-08-06,47.01,48.23,0.025951925122314368,2026-08-07,,,,,,,,
GXPC,2026-08-06,30.21,30.17,-0.001324064879179021,2026-08-07,,,,,,,,
GXPD,2026-08-06,26.71,27.07,0.013478098090602852,2026-08-07,,,,,,,,
GXPE,2026-08-06,34.03,33.61,-0.012342051131354781,2026-08-07,,,,,,,,
GXPS,2026-08-06,26.75,26.75,0.0,2026-08-07,,,,,,,,
GXPT,2026-08-06,33.62,34.09,0.013979773944081009,2026-08-07,,,,,,,,
GXRP,2026-08-06,20.07,19.83,-0.011958146487294541,2026-08-07,,,,,,,,
GXUS,2026-08-06,63.89,64.51,0.009704179057755669,2026-08-07,,,,,,,,
GYGY,2026-08-06,3.13,3.05,-0.025559105431309903,2026-08-07,,,,,,,,
GYLD,2026-08-06,14.45,14.28,-0.0117647058823529,2026-08-07,,,,,,,,
GYRE,2026-08-06,6.4,6.67,0.04218749999999982,2026-08-07,,,,,,,,
GYRO,2026-08-06,5.4,5.39,-0.0018518518518519933,2026-08-07,,,,,,,,
H,2026-08-06,178.88,177.71,-0.006540697674418561,2026-08-07,,,,,,,,
HACK,2026-08-06,113.19,115.42,0.019701387048325802,2026-08-07,,,,,,,,
HACQ,2026-08-06,10.07,10.07,0.0,2026-08-07,,,,,,,,
HAE,2026-08-06,85.02,87.84,0.03316866619618919,2026-08-07,,,,,,,,
HAFC,2026-08-06,32.18,31.91,-0.008390304536979531,2026-08-07,,,,,,,,
HAFN,2026-08-06,7.55,7.51,-0.005298013245033095,2026-08-07,,,,,,,,
HAIL,2026-08-06,37.29,38.51,0.03271654599088225,2026-08-07,,,,,,,,
HAIN,2026-08-06,0.59,0.6,0.016949152542372836,2026-08-07,,,,,,,,
HAKY,2026-08-06,30.46,31.06,0.019697964543663682,2026-08-07,,,,,,,,
HAL,2026-08-06,32.51,31.89,-0.019071055059981412,2026-08-07,,,,,,,,
HALO,2026-08-06,85.76,103.12,0.2024253731343284,2026-08-07,,,,,,,,
HALX,2026-08-06,25.32,25.45,0.005134281200631863,2026-08-07,,,,,,,,
HAO,2026-08-06,0.15,0.15,0.0,2026-08-07,,,,,,,,
HAP,2026-08-06,72.13,72.84,0.00984333841674756,2026-08-07,,,,,,,,
HAPI,2026-08-06,46.12,46.4,0.006071118820468291,2026-08-07,,,,,,,,
HAPN,2026-08-06,19.71,19.37,-0.017250126839167934,2026-08-07,,,,,,,,
HAPS,2026-08-06,37.98,38.39,0.010795155344918372,2026-08-07,,,,,,,,
HARD,2026-08-06,30.19,30.01,-0.005962239152037085,2026-08-07,,,,,,,,
HAS,2026-08-06,91.69,93.52,0.019958556003926153,2026-08-07,,,,,,,,
HASI,2026-08-06,38.24,40.68,0.06380753138075312,2026-08-07,,,,,,,,
HAUG,2026-08-06,25.17,25.18,0.00039729837107649324,2026-08-07,,,,,,,,
HAUS,2026-08-06,18.74,18.9,0.008537886872998834,2026-08-07,,,,,,,,
HAUZ,2026-08-06,22.97,23.17,0.008707009142359778,2026-08-07,,,,,,,,
HAVA,2026-08-06,10.14,10.15,0.0009861932938854956,2026-08-07,,,,,,,,
HAWK,2026-08-06,24.71,25.19,0.019425333872926,2026-08-07,,,,,,,,
HAWX,2026-08-06,45.74,46.09,0.007651945780498437,2026-08-07,,,,,,,,
HAYW,2026-08-06,15.67,15.82,0.00957243139757491,2026-08-07,,,,,,,,
HBAN,2026-08-06,17.36,17.55,0.010944700460829626,2026-08-07,,,,,,,,
HBB,2026-08-06,27.0,31.42,0.16370370370370368,2026-08-07,,,,,,,,
HBCP,2026-08-06,71.99,71.88,-0.0015279899986109235,2026-08-07,,,,,,,,
HBDC,2026-08-06,24.68,24.73,0.0020259319286872746,2026-08-07,,,,,,,,
HBIO,2026-08-06,6.19,6.47,0.045234248788368125,2026-08-07,,,,,,,,
HBM,2026-08-06,26.31,27.61,0.04941087039148617,2026-08-07,,,,,,,,
HBMX,2026-08-06,23.27,23.44,0.007305543618392862,2026-08-07,,,,,,,,
HBNB,2026-08-06,5.47,5.51,0.007312614259597838,2026-08-07,,,,,,,,
HBNC,2026-08-06,20.48,20.42,-0.002929687499999889,2026-08-07,,,,,,,,
HBR,2026-08-06,9.29,9.22,-0.007534983853605848,2026-08-07,,,,,,,,
HBT,2026-08-06,36.25,36.35,0.0027586206896552667,2026-08-07,,,,,,,,
HBTA,2026-08-06,32.3,32.44,0.004334365325077361,2026-08-07,,,,,,,,
HBTC,2026-08-06,17.76,17.88,0.006756756756756577,2026-08-07,,,,,,,,
HCA,2026-08-06,408.89,413.36,0.010932035510773153,2026-08-07,,,,,,,,
HCAC,2026-08-06,10.07,10.08,0.0009930486593843213,2026-08-07,,,,,,,,
HCAI,2026-08-06,4.59,4.42,-0.03703703703703698,2026-08-07,,,,,,,,
HCAT,2026-08-06,2.31,1.73,-0.25108225108225113,2026-08-07,,,,,,,,
HCC,2026-08-06,89.62,91.97,0.026221825485382766,2026-08-07,,,,,,,,
HCI,2026-08-06,180.89,188.69,0.04312012825474043,2026-08-07,,,,,,,,
HCIC,2026-08-06,9.99,9.99,0.0,2026-08-07,,,,,,,,
HCKT,2026-08-06,11.12,11.53,0.036870503597122406,2026-08-07,,,,,,,,
HCM,2026-08-06,11.83,12.51,0.057480980557903516,2026-08-07,,,,,,,,
HCMA,2026-08-06,10.27,10.28,0.0009737098344693162,2026-08-07,,,,,,,,
HCMT,2026-08-06,41.33,42.09,0.018388579724171406,2026-08-07,,,,,,,,
HCOW,2026-08-06,25.6,25.72,0.004687499999999956,2026-08-07,,,,,,,,
HCRB,2026-08-06,34.56,34.6,0.0011574074074074403,2026-08-07,,,,,,,,
HCSG,2026-08-06,22.05,22.23,0.008163265306122325,2026-08-07,,,,,,,,
HCTI,2026-08-06,1.19,1.25,0.050420168067226934,2026-08-07,,,,,,,,
HCWB,2026-08-06,3.41,3.41,0.0,2026-08-07,,,,,,,,
HCWC,2026-08-06,0.2,0.3,0.4999999999999998,2026-08-07,,,,,,,,
HD,2026-08-06,349.52,355.62,0.017452506294346692,2026-08-07,,,,,,,,
HDB,2026-08-06,23.77,23.63,-0.005889777029869592,2026-08-07,,,,,,,,
HDEF,2026-08-06,33.83,34.12,0.008572273130357688,2026-08-07,,,,,,,,
HDG,2026-08-06,54.69,54.86,0.0031084293289449505,2026-08-07,,,,,,,,
HDGE,2026-08-06,14.54,14.27,-0.018569463548830822,2026-08-07,,,,,,,,
HDL,2026-08-06,13.1,12.8,-0.022900763358778553,2026-08-07,,,,,,,,
HDLB,2026-08-06,17.55,17.87,0.018233618233618243,2026-08-07,,,,,,,,
HDMV,2026-08-06,39.21,39.46,0.006375924509053776,2026-08-07,,,,,,,,
HDRN,2026-08-06,1.67,1.72,0.029940119760479167,2026-08-07,,,,,,,,
HDSN,2026-08-06,5.66,5.59,-0.012367491166077826,2026-08-07,,,,,,,,
HDUS,2026-08-06,73.93,74.44,0.00689841742188535,2026-08-07,,,,,,,,
HDV,2026-08-06,28.72,28.78,0.002089136490250665,2026-08-07,,,,,,,,
HE,2026-08-06,12.49,12.4,-0.007205764611689314,2026-08-07,,,,,,,,
HEAL,2026-08-06,27.42,28.59,0.04266958424507661,2026-08-07,,,,,,,,
HECA,2026-08-06,27.44,27.61,0.006195335276967917,2026-08-07,,,,,,,,
HECO,2026-08-06,64.48,64.24,-0.003722084367245748,2026-08-07,,,,,,,,
HEDG,2026-08-06,30.5,30.55,0.0016393442622950616,2026-08-07,,,,,,,,
HEDJ,2026-08-06,57.97,58.13,0.002760048300845419,2026-08-07,,,,,,,,
HEEM,2026-08-06,41.4,41.73,0.007971014492753614,2026-08-07,,,,,,,,
HEFA,2026-08-06,47.22,47.64,0.008894536213468918,2026-08-07,,,,,,,,
HEFT,2026-08-06,26.29,26.4,0.004184100418409997,2026-08-07,,,,,,,,
HEGD,2026-08-06,27.17,27.31,0.005152741994847165,2026-08-07,,,,,,,,
HEI,2026-08-06,363.29,367.58,0.011808747832310118,2026-08-07,,,,,,,,
HEI-A,2026-08-06,263.93,266.31,0.00901754253021636,2026-08-07,,,,,,,,
HELE,2026-08-06,28.82,29.77,0.03296321998612073,2026-08-07,,,,,,,,
HELO,2026-08-06,69.69,69.86,0.002439374372219749,2026-08-07,,,,,,,,
HELP,2026-08-06,11.1,11.61,0.04594594594594592,2026-08-07,,,,,,,,
HELS,2026-08-06,24.09,24.3,0.008717310087173136,2026-08-07,,,,,,,,
HELX,2026-08-06,39.82,41.33,0.03792064289301855,2026-08-07,,,,,,,,
HEMI,2026-08-06,42.34,42.47,0.0030703826169105053,2026-08-07,,,,,,,,
HEPS,2026-08-06,2.92,2.77,-0.05136986301369861,2026-08-07,,,,,,,,
HEQ,2026-08-06,11.49,11.63,0.012184508268059169,2026-08-07,,,,,,,,
HEQQ,2026-08-06,61.07,61.25,0.0029474373669560183,2026-08-07,,,,,,,,
HEQT,2026-08-06,34.37,34.45,0.0023276112889150102,2026-08-07,,,,,,,,
HERD,2026-08-06,50.81,51.69,0.01731942530997821,2026-08-07,,,,,,,,
HERE,2026-08-06,1.91,1.89,-0.010471204188481686,2026-08-07,,,,,,,,
HERO,2026-08-06,26.44,27.39,0.03593040847201201,2026-08-07,,,,,,,,
HERZ,2026-08-06,15.77,15.78,0.0006341154090043766,2026-08-07,,,,,,,,
HESM,2026-08-06,39.94,39.8,-0.0035052578868303153,2026-08-07,,,,,,,,
HEWJ,2026-08-06,63.98,64.71,0.011409815567364756,2026-08-07,,,,,,,,
HEZU,2026-08-06,50.17,50.27,0.0019932230416583874,2026-08-07,,,,,,,,
HF,2026-08-06,22.64,22.74,0.004416961130741859,2026-08-07,,,,,,,,
HFBL,2026-08-06,23.5,23.5,0.0,2026-08-07,,,,,,,,
HFEQ,2026-08-06,24.46,24.76,0.0122649223221587,2026-08-07,,,,,,,,
HFFG,2026-08-06,1.46,1.56,0.06849315068493156,2026-08-07,,,,,,,,
HFGM,2026-08-06,31.0,31.0,0.0,2026-08-07,,,,,,,,
HFGO,2026-08-06,29.51,30.03,0.017621145374449254,2026-08-07,,,,,,,,
HFMF,2026-08-06,21.41,21.2,-0.009808500700607237,2026-08-07,,,,,,,,
HFND,2026-08-06,24.49,24.63,0.005716619028174774,2026-08-07,,,,,,,,
HFRO,2026-08-06,7.32,7.34,0.002732240437158362,2026-08-07,,,,,,,,
HFSI,2026-08-06,34.89,34.99,0.002866150759530006,2026-08-07,,,,,,,,
HFSP,2026-08-06,13.28,13.2,-0.0060240963855421326,2026-08-07,,,,,,,,
HFWA,2026-08-06,29.65,29.5,-0.005059021922428242,2026-08-07,,,,,,,,
HFXI,2026-08-06,37.85,38.21,0.009511228533685578,2026-08-07,,,,,,,,
HG,2026-08-06,35.55,35.91,0.010126582278481067,2026-08-07,,,,,,,,
HGBL,2026-08-06,1.04,1.06,0.019230769230769162,2026-08-07,,,,,,,,
HGER,2026-08-06,32.35,32.65,0.009273570324574765,2026-08-07,,,,,,,,
HGLB,2026-08-06,7.5,7.52,0.002666666666666595,2026-08-07,,,,,,,,
HGRO,2026-08-06,30.88,31.0,0.0038860103626943143,2026-08-07,,,,,,,,
HGTY,2026-08-06,13.49,13.61,0.008895478131949464,2026-08-07,,,,,,,,
HGV,2026-08-06,46.44,45.66,-0.016795865633075002,2026-08-07,,,,,,,,
HHH,2026-08-06,68.05,67.48,-0.00837619397501832,2026-08-07,,,,,,,,
HHS,2026-08-06,2.28,2.27,-0.004385964912280604,2026-08-07,,,,,,,,
HIBL,2026-08-06,103.0,108.17,0.05019417475728161,2026-08-07,,,,,,,,
HIBS,2026-08-06,19.97,19.02,-0.04757135703555326,2026-08-07,,,,,,,,
HIDE,2026-08-06,24.29,24.35,0.002470152326060182,2026-08-07,,,,,,,,
HIDV,2026-08-06,91.92,92.75,0.009029590948651078,2026-08-07,,,,,,,,
HIFS,2026-08-06,299.42,301.57,0.007180549061518882,2026-08-07,,,,,,,,
HIG,2026-08-06,144.51,143.28,-0.008511521694000379,2026-08-07,,,,,,,,
HIGH,2026-08-06,21.83,21.94,0.005038937242327179,2026-08-07,,,,,,,,
HIHO,2026-08-06,1.02,1.1,0.07843137254901977,2026-08-07,,,,,,,,
HII,2026-08-06,321.76,324.48,0.008453505718547971,2026-08-07,,,,,,,,
HIMC,2026-08-06,16.67,18.75,0.12477504499100167,2026-08-07,,,,,,,,
HIMS,2026-08-06,29.66,31.59,0.06507080242751173,2026-08-07,,,,,,,,
HIMU,2026-08-06,48.5,48.67,0.003505154639175334,2026-08-07,,,,,,,,
HIMX,2026-08-06,13.76,14.61,0.06177325581395343,2026-08-07,,,,,,,,
HIMZ,2026-08-06,30.9,34.88,0.1288025889967639,2026-08-07,,,,,,,,
HIND,2026-08-06,2.14,2.16,0.009345794392523477,2026-08-07,,,,,,,,
HIO,2026-08-06,3.54,3.57,0.008474576271186418,2026-08-07,,,,,,,,
HIPO,2026-08-06,33.39,32.62,-0.023060796645702375,2026-08-07,,,,,,,,
HIPS,2026-08-06,11.62,11.72,0.008605851979346157,2026-08-07,,,,,,,,
HIS,2026-08-06,26.35,26.56,0.00796963946869056,2026-08-07,,,,,,,,
HISF,2026-08-06,43.93,44.01,0.0018210789893011725,2026-08-07,,,,,,,,
HIT,2026-08-06,1.12,1.12,0.0,2026-08-07,,,,,,,,
HITI,2026-08-06,2.29,2.3,0.004366812227074135,2026-08-07,,,,,,,,
HIVE,2026-08-06,2.76,2.84,0.02898550724637694,2026-08-07,,,,,,,,
HIW,2026-08-06,31.48,31.45,-0.000952986022871749,2026-08-07,,,,,,,,
HIX,2026-08-06,3.92,3.94,0.005102040816326481,2026-08-07,,,,,,,,
HIYY,2026-08-06,12.92,13.63,0.054953560371516996,2026-08-07,,,,,,,,
HJLY,2026-08-06,25.37,25.39,0.0007883326763893361,2026-08-07,,,,,,,,
HJUN,2026-08-06,25.19,25.22,0.0011909487892018955,2026-08-07,,,,,,,,
HKD,2026-08-06,1.67,1.7,0.017964071856287456,2026-08-07,,,,,,,,
HKIT,2026-08-06,3.44,3.04,-0.11627906976744184,2026-08-07,,,,,,,,
HKPD,2026-08-06,0.41,0.42,0.024390243902439046,2026-08-07,,,,,,,,
HL,2026-08-06,15.86,16.85,0.06242118537200514,2026-08-07,,,,,,,,
HLAL,2026-08-06,72.63,73.14,0.007021891780256251,2026-08-07,,,,,,,,
HLF,2026-08-06,11.51,12.35,0.07298001737619453,2026-08-07,,,,,,,,
HLI,2026-08-06,127.58,129.0,0.011130271202382858,2026-08-07,,,,,,,,
HLIO,2026-08-06,82.32,83.39,0.012998056365403299,2026-08-07,,,,,,,,
HLIT,2026-08-06,11.68,11.84,0.013698630136986356,2026-08-07,,,,,,,,
HLLY,2026-08-06,3.01,3.17,0.05315614617940212,2026-08-07,,,,,,,,
HLMN,2026-08-06,9.07,9.22,0.016538037486218293,2026-08-07,,,,,,,,
HLN,2026-08-06,10.03,10.03,0.0,2026-08-07,,,,,,,,
HLNE,2026-08-06,98.44,101.03,0.026310442909386555,2026-08-07,,,,,,,,
HLP,2026-08-06,1.29,1.3,0.007751937984496138,2026-08-07,,,,,,,,
HLT,2026-08-06,321.98,317.6,-0.013603329399341613,2026-08-07,,,,,,,,
HLTH,2026-08-06,26.23,27.15,0.035074342356080646,2026-08-07,,,,,,,,
HLX,2026-08-06,9.81,9.6,-0.021406727828746308,2026-08-07,,,,,,,,
HLXC,2026-08-06,10.94,10.68,-0.023765996343692808,2026-08-07,,,,,,,,
HMAY,2026-08-06,25.3,25.31,0.00039525691699604515,2026-08-07,,,,,,,,
HMC,2026-08-06,30.73,31.82,0.03547022453628368,2026-08-07,,,,,,,,
HMH,2026-08-06,19.93,19.65,-0.014049172102358343,2026-08-07,,,,,,,,
HMN,2026-08-06,54.12,52.22,-0.03510716925351065,2026-08-07,,,,,,,,
HMOP,2026-08-06,38.64,38.82,0.004658385093167627,2026-08-07,,,,,,,,
HMR,2026-08-06,1.22,1.26,0.032786885245901676,2026-08-07,,,,,,,,
HMY,2026-08-06,18.05,19.7,0.09141274238227148,2026-08-07,,,,,,,,
HMYY,2026-08-06,6.18,6.15,-0.004854368932038722,2026-08-07,,,,,,,,
HNDL,2026-08-06,22.65,22.72,0.003090507726269287,2026-08-07,,,,,,,,
HNGE,2026-08-06,80.08,89.33,0.11550949050949044,2026-08-07,,,,,,,,
HNI,2026-08-06,48.89,49.7,0.016567805277152736,2026-08-07,,,,,,,,
HNNA,2026-08-06,9.92,9.93,0.0010080645161290036,2026-08-07,,,,,,,,
HNRG,2026-08-06,14.82,14.76,-0.004048582995951455,2026-08-07,,,,,,,,
HNST,2026-08-06,5.42,5.46,0.007380073800737907,2026-08-07,,,,,,,,
HNVR,2026-08-06,27.1,26.95,-0.005535055350553542,2026-08-07,,,,,,,,
HODL,2026-08-06,18.21,18.35,0.007688083470620555,2026-08-07,,,,,,,,
HODO,2026-08-06,0.57,0.55,-0.0350877192982455,2026-08-07,,,,,,,,
HODU,2026-08-06,9.56,10.08,0.05439330543933041,2026-08-07,,,,,,,,
HOFT,2026-08-06,15.16,15.43,0.01781002638522433,2026-08-07,,,,,,,,
HOG,2026-08-06,25.7,26.01,0.0120622568093387,2026-08-07,,,,,,,,
HOLA,2026-08-06,56.52,56.97,0.007961783439490278,2026-08-07,,,,,,,,
HOLD,2026-08-06,31.88,32.16,0.008782936010037545,2026-08-07,,,,,,,,
HOLO,2026-08-06,1.55,1.62,0.04516129032258065,2026-08-07,,,,,,,,
HOMB,2026-08-06,30.83,30.81,-0.0006487187804087302,2026-08-07,,,,,,,,
HOMZ,2026-08-06,46.66,47.41,0.016073724817831092,2026-08-07,,,,,,,,
HON,2026-08-06,240.74,246.21,0.02272160837417969,2026-08-07,,,,,,,,
HONA,2026-08-06,156.47,168.51,0.0769476576979613,2026-08-07,,,,,,,,
HONG,2026-08-06,16.57,17.32,0.04526252263126129,2026-08-07,,,,,,,,
HOOC,2026-08-06,14.9,15.69,0.053020134228187965,2026-08-07,,,,,,,,
HOOD,2026-08-06,90.71,93.29,0.02844228861206055,2026-08-07,,,,,,,,
HOOG,2026-08-06,23.11,24.39,0.0553872782345306,2026-08-07,,,,,,,,
HOOW,2026-08-06,23.46,24.19,0.03111679454390459,2026-08-07,,,,,,,,
HOOX,2026-08-06,26.2,27.6,0.05343511450381677,2026-08-07,,,,,,,,
HOOY,2026-08-06,25.29,25.57,0.011071569790431113,2026-08-07,,,,,,,,
HOOZ,2026-08-06,13.4,12.62,-0.0582089552238807,2026-08-07,,,,,,,,
HOPE,2026-08-06,13.96,13.99,0.0021489971346704273,2026-08-07,,,,,,,,
HOUR,2026-08-06,1.84,1.94,0.05434782608695654,2026-08-07,,,,,,,,
HOV,2026-08-06,134.63,137.78,0.0233974597043749,2026-08-07,,,,,,,,
HOVR,2026-08-06,1.95,2.01,0.03076923076923066,2026-08-07,,,,,,,,
HOWL,2026-08-06,0.4,0.4,0.0,2026-08-07,,,,,,,,
HOYY,2026-08-06,5.12,5.07,-0.009765625,2026-08-07,,,,,,,,
HP,2026-08-06,37.07,37.1,0.0008092797410306218,2026-08-07,,,,,,,,
HPAI,2026-08-06,0.47,0.47,0.0,2026-08-07,,,,,,,,
HPE,2026-08-06,52.43,53.22,0.015067709326721301,2026-08-07,,,,,,,,
HPEL,2026-08-06,16.46,16.91,0.027339003645200366,2026-08-07,,,,,,,,
HPF,2026-08-06,15.87,15.92,0.003150598613736566,2026-08-07,,,,,,,,
HPI,2026-08-06,16.1,16.16,0.003726708074534013,2026-08-07,,,,,,,,
HPK,2026-08-06,6.86,7.2,0.04956268221574334,2026-08-07,,,,,,,,
HPP,2026-08-06,13.44,14.36,0.06845238095238093,2026-08-07,,,,,,,,
HPQ,2026-08-06,28.18,30.05,0.06635911994322208,2026-08-07,,,,,,,,
HPS,2026-08-06,14.23,14.25,0.0014054813773716202,2026-08-07,,,,,,,,
HQ,2026-08-06,14.35,14.13,-0.015331010452961591,2026-08-07,,,,,,,,
HQGO,2026-08-06,67.21,67.99,0.011605415860735047,2026-08-07,,,,,,,,
HQH,2026-08-06,22.83,23.04,0.009198423127463995,2026-08-07,,,,,,,,
HQI,2026-08-06,12.75,13.28,0.04156862745098033,2026-08-07,,,,,,,,
HQL,2026-08-06,20.21,20.62,0.02028698664027706,2026-08-07,,,,,,,,
HQY,2026-08-06,103.44,104.63,0.011504253673627174,2026-08-07,,,,,,,,
HR,2026-08-06,20.2,19.97,-0.011386138613861396,2026-08-07,,,,,,,,
HRB,2026-08-06,45.95,46.19,0.005223068552774546,2026-08-07,,,,,,,,
HRI,2026-08-06,168.14,167.9,-0.0014273819436182444,2026-08-07,,,,,,,,
HRL,2026-08-06,25.09,25.02,-0.002789956157831841,2026-08-07,,,,,,,,
HRMY,2026-08-06,38.75,38.41,-0.008774193548387155,2026-08-07,,,,,,,,
HROW,2026-08-06,39.92,40.44,0.013026052104208263,2026-08-07,,,,,,,,
HRSK,2026-08-06,25.73,25.86,0.005052467936261129,2026-08-07,,,,,,,,
HRTG,2026-08-06,35.21,32.74,-0.07015052541891509,2026-08-07,,,,,,,,
HRTS,2026-08-06,36.92,37.26,0.009209100758396538,2026-08-07,,,,,,,,
HRTX,2026-08-06,0.5,0.49,-0.020000000000000018,2026-08-07,,,,,,,,
HRZN,2026-08-06,4.58,4.64,0.013100436681222627,2026-08-07,,,,,,,,
HSAI,2026-08-06,17.75,19.22,0.08281690140845055,2026-08-07,,,,,,,,
HSBC,2026-08-06,102.56,103.73,0.011407956318252754,2026-08-07,,,,,,,,
HSBH,2026-08-06,112.26,113.21,0.008462497773026767,2026-08-07,,,,,,,,
HSCS,2026-08-06,2.0,2.02,0.010000000000000009,2026-08-07,,,,,,,,
HSCZ,2026-08-06,43.71,43.95,0.0054907343857242275,2026-08-07,,,,,,,,
HSDT,2026-08-06,1.68,1.69,0.005952380952380931,2026-08-07,,,,,,,,
HSHP,2026-08-06,15.52,15.87,0.022551546391752497,2026-08-07,,,,,,,,
HSIC,2026-08-06,88.23,88.13,-0.0011334013374136864,2026-08-07,,,,,,,,
HSLV,2026-08-06,4.89,5.2,0.06339468302658502,2026-08-07,,,,,,,,
HSMV,2026-08-06,39.43,39.5,0.0017752979964493765,2026-08-07,,,,,,,,
HST,2026-08-06,23.38,23.29,-0.0038494439692043914,2026-08-07,,,,,,,,
HSTM,2026-08-06,28.12,28.72,0.021337126600284417,2026-08-07,,,,,,,,
HSY,2026-08-06,183.02,182.35,-0.003660802098131466,2026-08-07,,,,,,,,
HTAB,2026-08-06,18.89,18.95,0.0031762837480147077,2026-08-07,,,,,,,,
HTAX,2026-08-06,24.43,24.54,0.004502660663119107,2026-08-07,,,,,,,,
HTB,2026-08-06,51.62,50.8,-0.01588531576908181,2026-08-07,,,,,,,,
HTCO,2026-08-06,3.35,3.2,-0.04477611940298509,2026-08-07,,,,,,,,
HTCR,2026-08-06,2.57,2.74,0.0661478599221792,2026-08-07,,,,,,,,
HTD,2026-08-06,25.33,25.41,0.0031583103039873883,2026-08-07,,,,,,,,
HTEC,2026-08-06,39.64,40.62,0.02472250252270425,2026-08-07,,,,,,,,
HTFL,2026-08-06,27.19,28.82,0.059948510481794726,2026-08-07,,,,,,,,
HTGC,2026-08-06,17.05,17.25,0.011730205278592365,2026-08-07,,,,,,,,
HTH,2026-08-06,39.34,39.04,-0.007625826131164359,2026-08-07,,,,,,,,
HTHT,2026-08-06,42.8,42.37,-0.01004672897196257,2026-08-07,,,,,,,,
HTLD,2026-08-06,12.29,12.34,0.00406834825061031,2026-08-07,,,,,,,,
HTLM,2026-08-06,1.85,1.85,0.0,2026-08-07,,,,,,,,
HTO,2026-08-06,61.78,62.66,0.014244091939138892,2026-08-07,,,,,,,,
HTOO,2026-08-06,2.45,2.43,-0.008163265306122436,2026-08-07,,,,,,,,
HTRB,2026-08-06,33.25,33.33,0.002406015037593967,2026-08-07,,,,,,,,
HTT,2026-08-06,2.48,2.52,0.016129032258064502,2026-08-07,,,,,,,,
HTUS,2026-08-06,45.72,45.89,0.003718285214348249,2026-08-07,,,,,,,,
HTZ,2026-08-06,2.02,2.27,0.12376237623762387,2026-08-07,,,,,,,,
HUBB,2026-08-06,507.73,513.99,0.012329387666673242,2026-08-07,,,,,,,,
HUBC,2026-08-06,0.97,0.89,-0.08247422680412364,2026-08-07,,,,,,,,
HUBG,2026-08-06,46.23,47.8,0.03396063162448626,2026-08-07,,,,,,,,
HUBS,2026-08-06,202.43,210.45,0.039618633601738784,2026-08-07,,,,,,,,
HUDI,2026-08-06,0.69,0.72,0.04347826086956519,2026-08-07,,,,,,,,
HUHU,2026-08-06,5.55,5.25,-0.05405405405405406,2026-08-07,,,,,,,,
HUIZ,2026-08-06,1.21,1.66,0.37190082644628086,2026-08-07,,,,,,,,
HULL,2026-08-06,26.16,26.26,0.003822629969419067,2026-08-07,,,,,,,,
HUM,2026-08-06,367.24,385.0,0.04836074501688259,2026-08-07,,,,,,,,
HUMA,2026-08-06,0.71,0.72,0.014084507042253502,2026-08-07,,,,,,,,
HUMN,2026-08-06,32.43,33.14,0.021893308664816535,2026-08-07,,,,,,,,
HUN,2026-08-06,10.14,10.12,-0.0019723865877713243,2026-08-07,,,,,,,,
HURA,2026-08-06,2.12,2.13,0.004716981132075304,2026-08-07,,,,,,,,
HURC,2026-08-06,21.9,22.06,0.007305936073059405,2026-08-07,,,,,,,,
HURN,2026-08-06,150.1,152.05,0.012991339107262023,2026-08-07,,,,,,,,
HUSV,2026-08-06,41.52,41.56,0.0009633911368014392,2026-08-07,,,,,,,,
HUT,2026-08-06,90.65,88.59,-0.0227247655819085,2026-08-07,,,,,,,,
HUTG,2026-08-06,15.9,15.14,-0.04779874213836477,2026-08-07,,,,,,,,
HUYA,2026-08-06,2.41,2.43,0.008298755186721962,2026-08-07,,,,,,,,
HVAC,2026-08-06,36.08,36.07,-0.00027716186252768615,2026-08-07,,,,,,,,
HVII,2026-08-06,10.52,10.52,0.0,2026-08-07,,,,,,,,
HVMC,2026-08-06,10.22,10.28,0.005870841487279677,2026-08-07,,,,,,,,
HVT,2026-08-06,28.89,29.09,0.00692281066112832,2026-08-07,,,,,,,,
HWAY,2026-08-06,38.05,38.05,0.0,2026-08-07,,,,,,,,
HWBK,2026-08-06,40.22,40.31,0.0022376926902039074,2026-08-07,,,,,,,,
HWC,2026-08-06,77.35,77.6,0.003232062055591456,2026-08-07,,,,,,,,
HWH,2026-08-06,1.46,1.49,0.020547945205479534,2026-08-07,,,,,,,,
HWIV,2026-08-06,26.7,26.85,0.005617977528090012,2026-08-07,,,,,,,,
HWKN,2026-08-06,130.03,129.91,-0.0009228639544720529,2026-08-07,,,,,,,,
HWM,2026-08-06,289.72,281.88,-0.027060610244374006,2026-08-07,,,,,,,,
HWO,2026-08-06,26.45,26.88,0.01625708884688093,2026-08-07,,,,,,,,
HWSM,2026-08-06,31.79,32.07,0.008807801195344522,2026-08-07,,,,,,,,
HXHX,2026-08-06,0.47,0.46,-0.02127659574468077,2026-08-07,,,,,,,,
HXL,2026-08-06,102.98,103.43,0.0043697805399107725,2026-08-07,,,,,,,,
HY,2026-08-06,36.94,37.09,0.004060638873849554,2026-08-07,,,,,,,,
HYBB,2026-08-06,46.39,46.51,0.002586764388876839,2026-08-07,,,,,,,,
HYBI,2026-08-06,49.13,49.21,0.001628332994097148,2026-08-07,,,,,,,,
HYBL,2026-08-06,27.91,27.94,0.001074883554281758,2026-08-07,,,,,,,,
HYBX,2026-08-06,29.43,29.5,0.0023785253143051577,2026-08-07,,,,,,,,
HYD,2026-08-06,50.28,50.48,0.003977724741447863,2026-08-07,,,,,,,,
HYDB,2026-08-06,46.32,46.42,0.0021588946459412117,2026-08-07,,,,,,,,
HYDR,2026-08-06,43.27,43.56,0.006702103073723098,2026-08-07,,,,,,,,
HYDW,2026-08-06,46.5,46.54,0.0008602150537633246,2026-08-07,,,,,,,,
HYEM,2026-08-06,20.0,20.02,0.0009999999999998899,2026-08-07,,,,,,,,
HYFI,2026-08-06,37.11,37.18,0.0018862840204796338,2026-08-07,,,,,,,,
HYFM,2026-08-06,1.84,1.6,-0.13043478260869568,2026-08-07,,,,,,,,
HYFT,2026-08-06,1.28,1.31,0.0234375,2026-08-07,,,,,,,,
HYG,2026-08-06,79.46,79.61,0.0018877422602567862,2026-08-07,,,,,,,,
HYGH,2026-08-06,86.36,86.46,0.0011579434923574272,2026-08-07,,,,,,,,
HYGM,2026-08-06,24.55,24.57,0.0008146639511201759,2026-08-07,,,,,,,,
HYGV,2026-08-06,40.01,40.09,0.001999500124968856,2026-08-07,,,,,,,,
HYGW,2026-08-06,28.86,28.89,0.0010395010395010118,2026-08-07,,,,,,,,
HYHG,2026-08-06,64.73,64.71,-0.00030897574540411643,2026-08-07,,,,,,,,
HYI,2026-08-06,10.51,10.51,0.0,2026-08-07,,,,,,,,
HYIN,2026-08-06,14.17,14.42,0.017642907551164377,2026-08-07,,,,,,,,
HYLB,2026-08-06,36.25,36.34,0.0024827586206896957,2026-08-07,,,,,,,,
HYLN,2026-08-06,3.95,3.87,-0.020253164556962022,2026-08-07,,,,,,,,
HYLS,2026-08-06,40.65,40.73,0.0019680196801967753,2026-08-07,,,,,,,,
HYMB,2026-08-06,24.87,24.98,0.004422999597909039,2026-08-07,,,,,,,,
HYMC,2026-08-06,23.8,26.54,0.1151260504201681,2026-08-07,,,,,,,,
HYNE,2026-08-06,16.17,16.22,0.0030921459492885273,2026-08-07,,,,,,,,
HYNX,2026-08-06,18.74,17.25,-0.07950907150480246,2026-08-07,,,,,,,,
HYP,2026-08-06,25.93,26.43,0.019282684149633633,2026-08-07,,,,,,,,
HYPD,2026-08-06,2.67,2.7,0.011235955056179803,2026-08-07,,,,,,,,
HYPG,2026-08-06,19.85,19.32,-0.026700251889168802,2026-08-07,,,,,,,,
HYPR,2026-08-06,0.98,0.95,-0.030612244897959218,2026-08-07,,,,,,,,
HYS,2026-08-06,92.7,92.83,0.001402373247033406,2026-08-07,,,,,,,,
HYSA,2026-08-06,14.83,14.84,0.0006743088334457692,2026-08-07,,,,,,,,
HYSD,2026-08-06,20.03,20.06,0.0014977533699449541,2026-08-07,,,,,,,,
HYT,2026-08-06,8.41,8.41,0.0,2026-08-07,,,,,,,,
HYTI,2026-08-06,18.94,18.98,0.002111932418162654,2026-08-07,,,,,,,,
HYTR,2026-08-06,21.31,21.36,0.002346316283434957,2026-08-07,,,,,,,,
HYUP,2026-08-06,41.4,41.48,0.0019323671497584183,2026-08-07,,,,,,,,
HYXF,2026-08-06,46.42,46.45,0.0006462731581216019,2026-08-07,,,,,,,,
HYZD,2026-08-06,22.61,22.67,0.0026536930561700256,2026-08-07,,,,,,,,
HZO,2026-08-06,35.13,35.68,0.015656134358098317,2026-08-07,,,,,,,,
IACO,2026-08-06,9.95,9.95,0.0,2026-08-07,,,,,,,,
IACQ,2026-08-06,9.97,9.92,-0.005015045135406293,2026-08-07,,,,,,,,
IAE,2026-08-06,8.61,8.66,0.005807200929152323,2026-08-07,,,,,,,,
IAF,2026-08-06,13.2,13.3,0.007575757575757791,2026-08-07,,,,,,,,
IAG,2026-08-06,16.03,18.32,0.1428571428571428,2026-08-07,,,,,,,,
IAGG,2026-08-06,49.96,50.03,0.0014011208967172895,2026-08-07,,,,,,,,
IAI,2026-08-06,187.05,188.25,0.006415396952686336,2026-08-07,,,,,,,,
IAK,2026-08-06,149.49,148.08,-0.00943206903471805,2026-08-07,,,,,,,,
IALT,2026-08-06,28.72,28.9,0.0062674094707519945,2026-08-07,,,,,,,,
IAPR,2026-08-06,33.91,34.1,0.005603066941905155,2026-08-07,,,,,,,,
IART,2026-08-06,17.1,17.25,0.008771929824561209,2026-08-07,,,,,,,,
IAT,2026-08-06,64.26,64.24,-0.00031123560535339934,2026-08-07,,,,,,,,
IAU,2026-08-06,79.87,81.68,0.022661825466382846,2026-08-07,,,,,,,,
IAUG,2026-08-06,30.77,30.94,0.005524861878453136,2026-08-07,,,,,,,,
IAUI,2026-08-06,50.55,51.23,0.013452027695351143,2026-08-07,,,,,,,,
IAUM,2026-08-06,42.33,43.29,0.0226789510985117,2026-08-07,,,,,,,,
IAUX,2026-08-06,1.52,1.62,0.06578947368421062,2026-08-07,,,,,,,,
IBAC,2026-08-06,10.81,10.81,0.0,2026-08-07,,,,,,,,
IBAT,2026-08-06,40.19,40.68,0.012192087583976274,2026-08-07,,,,,,,,
IBB,2026-08-06,192.97,197.71,0.02456340363787124,2026-08-07,,,,,,,,
IBBQ,2026-08-06,33.11,33.72,0.01842343702808824,2026-08-07,,,,,,,,
IBCA,2026-08-06,25.11,25.15,0.0015929908403027326,2026-08-07,,,,,,,,
IBCB,2026-08-06,24.62,24.67,0.002030869212022779,2026-08-07,,,,,,,,
IBCP,2026-08-06,38.5,38.03,-0.012207792207792223,2026-08-07,,,,,,,,
IBD,2026-08-06,23.64,23.62,-0.0008460236886632666,2026-08-07,,,,,,,,
IBDR,2026-08-06,24.18,24.19,0.0004135649296941324,2026-08-07,,,,,,,,
IBDS,2026-08-06,24.14,24.16,0.0008285004142500885,2026-08-07,,,,,,,,
IBDT,2026-08-06,25.14,25.16,0.0007955449482894839,2026-08-07,,,,,,,,
IBDU,2026-08-06,23.01,23.06,0.0021729682746629564,2026-08-07,,,,,,,,
IBDV,2026-08-06,21.59,21.63,0.0018527095877720612,2026-08-07,,,,,,,,
IBDW,2026-08-06,20.6,20.65,0.0024271844660193054,2026-08-07,,,,,,,,
IBDX,2026-08-06,24.85,24.9,0.002012072434607548,2026-08-07,,,,,,,,
IBDY,2026-08-06,25.35,25.4,0.001972386587770991,2026-08-07,,,,,,,,
IBDZ,2026-08-06,25.6,25.64,0.0015624999999999112,2026-08-07,,,,,,,,
IBEX,2026-08-06,36.96,37.25,0.007846320346320379,2026-08-07,,,,,,,,
IBFR,2026-08-06,51.15,51.29,0.002737047898338174,2026-08-07,,,,,,,,
IBG,2026-08-06,1.08,1.01,-0.06481481481481488,2026-08-07,,,,,,,,
IBGA,2026-08-06,23.53,23.58,0.0021249468763280266,2026-08-07,,,,,,,,
IBGB,2026-08-06,23.47,23.52,0.0021303792074989225,2026-08-07,,,,,,,,
IBGC,2026-08-06,24.04,24.1,0.0024958402662229595,2026-08-07,,,,,,,,
IBGK,2026-08-06,22.33,22.39,0.002686968204209661,2026-08-07,,,,,,,,
IBGL,2026-08-06,22.95,23.01,0.002614379084967311,2026-08-07,,,,,,,,
IBGM,2026-08-06,23.85,23.92,0.002935010482180367,2026-08-07,,,,,,,,
IBHF,2026-08-06,22.49,22.5,0.0004446420631392112,2026-08-07,,,,,,,,
IBHG,2026-08-06,21.93,21.96,0.001367989056087593,2026-08-07,,,,,,,,
IBHH,2026-08-06,23.41,23.39,-0.0008543357539513297,2026-08-07,,,,,,,,
IBHI,2026-08-06,23.27,23.27,0.0,2026-08-07,,,,,,,,
IBHJ,2026-08-06,26.27,26.35,0.0030452988199467512,2026-08-07,,,,,,,,
IBHK,2026-08-06,25.51,25.45,-0.0023520188161506583,2026-08-07,,,,,,,,
IBHL,2026-08-06,25.34,25.31,-0.0011838989739543226,2026-08-07,,,,,,,,
IBHM,2026-08-06,25.19,25.26,0.0027788805081381263,2026-08-07,,,,,,,,
IBIC,2026-08-06,25.59,25.6,0.00039077764751871413,2026-08-07,,,,,,,,
IBID,2026-08-06,25.7,25.72,0.0007782101167315147,2026-08-07,,,,,,,,
IBIE,2026-08-06,25.72,25.75,0.001166407465007735,2026-08-07,,,,,,,,
IBIF,2026-08-06,25.69,25.72,0.0011677695601399751,2026-08-07,,,,,,,,
IBIG,2026-08-06,25.6,25.65,0.001953124999999778,2026-08-07,,,,,,,,
IBIH,2026-08-06,25.6,25.64,0.0015624999999999112,2026-08-07,,,,,,,,
IBII,2026-08-06,25.25,25.31,0.0023762376237623783,2026-08-07,,,,,,,,
IBIJ,2026-08-06,25.23,25.28,0.0019817677368212383,2026-08-07,,,,,,,,
IBIK,2026-08-06,25.02,25.06,0.0015987210231813709,2026-08-07,,,,,,,,
IBIL,2026-08-06,24.77,24.81,0.0016148566814695453,2026-08-07,,,,,,,,
IBIM,2026-08-06,24.62,24.66,0.0016246953696181787,2026-08-07,,,,,,,,
IBIO,2026-08-06,1.39,1.41,0.014388489208633004,2026-08-07,,,,,,,,
IBIT,2026-08-06,36.49,36.8,0.008495478213208951,2026-08-07,,,,,,,,
IBKR,2026-08-06,86.02,87.83,0.02104161822831907,2026-08-07,,,,,,,,
IBLC,2026-08-06,43.03,43.69,0.01533813618405766,2026-08-07,,,,,,,,
IBM,2026-08-06,233.43,237.28,0.0164931671164803,2026-08-07,,,,,,,,
IBMO,2026-08-06,25.61,25.62,0.0003904724716907726,2026-08-07,,,,,,,,
IBMP,2026-08-06,25.36,25.35,-0.0003943217665614007,2026-08-07,,,,,,,,
IBMQ,2026-08-06,25.5,25.5,0.0,2026-08-07,,,,,,,,
IBMR,2026-08-06,25.26,25.26,0.0,2026-08-07,,,,,,,,
IBMS,2026-08-06,25.72,25.75,0.001166407465007735,2026-08-07,,,,,,,,
IBMT,2026-08-06,25.55,25.59,0.0015655577299411583,2026-08-07,,,,,,,,
IBMU,2026-08-06,25.05,25.11,0.0023952095808381646,2026-08-07,,,,,,,,
IBMV,2026-08-06,25.01,25.02,0.0003998400639744215,2026-08-07,,,,,,,,
IBMW,2026-08-06,24.84,24.91,0.0028180354267310914,2026-08-07,,,,,,,,
IBMX,2026-08-06,24.59,24.66,0.002846685644571023,2026-08-07,,,,,,,,
IBN,2026-08-06,30.48,30.22,-0.00853018372703418,2026-08-07,,,,,,,,
IBND,2026-08-06,31.12,31.29,0.005462724935732632,2026-08-07,,,,,,,,
IBO,2026-08-06,0.45,0.44,-0.022222222222222254,2026-08-07,,,,,,,,
IBOC,2026-08-06,75.11,73.55,-0.0207695380109173,2026-08-07,,,,,,,,
IBOT,2026-08-06,67.06,67.66,0.008947211452430492,2026-08-07,,,,,,,,
IBP,2026-08-06,241.97,244.05,0.00859610695540769,2026-08-07,,,,,,,,
IBRN,2026-08-06,38.57,38.86,0.007518796992481258,2026-08-07,,,,,,,,
IBRX,2026-08-06,7.32,7.64,0.043715846994535346,2026-08-07,,,,,,,,
IBTA,2026-08-06,35.96,38.42,0.0684093437152391,2026-08-07,,,,,,,,
IBTG,2026-08-06,22.84,22.84,0.0,2026-08-07,,,,,,,,
IBTH,2026-08-06,22.32,22.34,0.0008960573476701761,2026-08-07,,,,,,,,
IBTI,2026-08-06,22.06,22.08,0.0009066183136898776,2026-08-07,,,,,,,,
IBTJ,2026-08-06,21.52,21.55,0.0013940520446096283,2026-08-07,,,,,,,,
IBTK,2026-08-06,19.38,19.41,0.001547987616099089,2026-08-07,,,,,,,,
IBTL,2026-08-06,19.97,20.01,0.0020030045067602753,2026-08-07,,,,,,,,
IBTM,2026-08-06,22.42,22.47,0.00223015165031204,2026-08-07,,,,,,,,
IBTO,2026-08-06,23.78,23.84,0.002523128679562614,2026-08-07,,,,,,,,
IBTP,2026-08-06,24.98,25.03,0.0020016012810248895,2026-08-07,,,,,,,,
IBTQ,2026-08-06,24.62,24.68,0.002437043054427157,2026-08-07,,,,,,,,
IBTR,2026-08-06,24.43,24.49,0.0024559967253376946,2026-08-07,,,,,,,,
IBUF,2026-08-06,31.95,32.03,0.00250391236306724,2026-08-07,,,,,,,,
IBUY,2026-08-06,72.37,74.58,0.0305375155451153,2026-08-07,,,,,,,,
IBX,2026-08-06,17.58,18.1,0.029579067121729308,2026-08-07,,,,,,,,
ICAP,2026-08-06,28.66,29.19,0.01849267271458488,2026-08-07,,,,,,,,
ICCC,2026-08-06,11.02,11.0,-0.001814882032667886,2026-08-07,,,,,,,,
ICCM,2026-08-06,3.08,3.08,0.0,2026-08-07,,,,,,,,
ICE,2026-08-06,149.75,150.3,0.0036727879799667296,2026-08-07,,,,,,,,
ICF,2026-08-06,68.47,68.76,0.004235431575872806,2026-08-07,,,,,,,,
ICFI,2026-08-06,85.31,95.0,0.11358574610244987,2026-08-07,,,,,,,,
ICG,2026-08-06,0.8,0.87,0.08749999999999991,2026-08-07,,,,,,,,
ICHR,2026-08-06,65.33,68.32,0.04576764120618382,2026-08-07,,,,,,,,
ICL,2026-08-06,5.27,5.31,0.007590132827324458,2026-08-07,,,,,,,,
ICLN,2026-08-06,18.12,18.3,0.009933774834437026,2026-08-07,,,,,,,,
ICLO,2026-08-06,25.59,25.6,0.00039077764751871413,2026-08-07,,,,,,,,
ICLR,2026-08-06,161.17,164.51,0.02072345970093692,2026-08-07,,,,,,,,
ICMB,2026-08-06,0.85,0.84,-0.0117647058823529,2026-08-07,,,,,,,,
ICOI,2026-08-06,10.37,10.37,0.0,2026-08-07,,,,,,,,
ICON,2026-08-06,1.02,1.06,0.03921568627450989,2026-08-07,,,,,,,,
ICOP,2026-08-06,54.07,55.34,0.023488071019049483,2026-08-07,,,,,,,,
ICOW,2026-08-06,44.5,45.18,0.01528089887640438,2026-08-07,,,,,,,,
ICPI,2026-08-06,49.97,49.98,0.00020012007204317506,2026-08-07,,,,,,,,
ICPY,2026-08-06,13.16,13.18,0.001519756838905817,2026-08-07,,,,,,,,
ICRC,2026-08-06,17.42,17.42,0.0,2026-08-07,,,,,,,,
ICSH,2026-08-06,50.44,50.47,0.0005947660586835823,2026-08-07,,,,,,,,
ICU,2026-08-06,3.05,3.28,0.07540983606557372,2026-08-07,,,,,,,,
ICUI,2026-08-06,166.37,184.56,0.10933461561579616,2026-08-07,,,,,,,,
ICVT,2026-08-06,114.55,115.71,0.010126582278481067,2026-08-07,,,,,,,,
IDA,2026-08-06,140.91,141.84,0.0065999574196295985,2026-08-07,,,,,,,,
IDAC,2026-08-06,10.0,9.99,-0.0010000000000000009,2026-08-07,,,,,,,,
IDAI,2026-08-06,3.13,3.23,0.03194888178913735,2026-08-07,,,,,,,,
IDAU,2026-08-06,24.95,25.07,0.004809619238477003,2026-08-07,,,,,,,,
IDCC,2026-08-06,328.41,344.56,0.049176334459973825,2026-08-07,,,,,,,,
IDE,2026-08-06,13.02,13.08,0.004608294930875667,2026-08-07,,,,,,,,
IDEC,2026-08-06,35.15,35.31,0.004551920341394178,2026-08-07,,,,,,,,
IDEF,2026-08-06,34.5,34.95,0.013043478260869712,2026-08-07,,,,,,,,
IDEQ,2026-08-06,35.42,35.85,0.012140033879164402,2026-08-07,,,,,,,,
IDEV,2026-08-06,92.28,93.31,0.011161681837884796,2026-08-07,,,,,,,,
IDGT,2026-08-06,114.82,116.06,0.010799512280090573,2026-08-07,,,,,,,,
IDHQ,2026-08-06,44.98,45.59,0.013561582925744942,2026-08-07,,,,,,,,
IDIAU,2026-08-06,,,,2026-08-07,,,,,,,,
IDJL,2026-08-06,25.45,25.56,0.0043222003929273,2026-08-07,,,,,,,,
IDJN,2026-08-06,25.4,25.54,0.005511811023622082,2026-08-07,,,,,,,,
IDLV,2026-08-06,36.26,36.4,0.0038610038610038533,2026-08-07,,,,,,,,
IDMO,2026-08-06,62.05,62.74,0.011120064464141821,2026-08-07,,,,,,,,
IDMY,2026-08-06,25.58,25.72,0.005473025801407294,2026-08-07,,,,,,,,
IDN,2026-08-06,3.79,3.93,0.03693931398416894,2026-08-07,,,,,,,,
IDNA,2026-08-06,33.58,34.78,0.03573555687909469,2026-08-07,,,,,,,,
IDOG,2026-08-06,43.99,44.2,0.004773812230052243,2026-08-07,,,,,,,,
IDR,2026-08-06,32.53,35.24,0.08330771595450348,2026-08-07,,,,,,,,
IDRV,2026-08-06,36.12,37.25,0.03128460686600221,2026-08-07,,,,,,,,
IDT,2026-08-06,66.17,65.08,-0.016472721777240462,2026-08-07,,,,,,,,
IDU,2026-08-06,110.29,110.95,0.005984223411007239,2026-08-07,,,,,,,,
IDUB,2026-08-06,27.93,28.21,0.010025062656641603,2026-08-07,,,,,,,,
IDV,2026-08-06,44.43,44.61,0.004051316677920358,2026-08-07,,,,,,,,
IDVO,2026-08-06,42.83,43.06,0.005370067709549398,2026-08-07,,,,,,,,
IDVY,2026-08-06,27.07,27.35,0.010343553749538215,2026-08-07,,,,,,,,
IDVZ,2026-08-06,34.8,35.06,0.00747126436781631,2026-08-07,,,,,,,,
IDX,2026-08-06,11.2,11.48,0.025000000000000133,2026-08-07,,,,,,,,
IDXX,2026-08-06,590.0,586.67,-0.005644067796610197,2026-08-07,,,,,,,,
IDYA,2026-08-06,36.24,37.02,0.021523178807947074,2026-08-07,,,,,,,,
IDYN,2026-08-06,30.7,31.16,0.014983713355048778,2026-08-07,,,,,,,,
IE,2026-08-06,10.7,11.02,0.029906542056074903,2026-08-07,,,,,,,,
IEAG,2026-08-06,10.21,10.21,0.0,2026-08-07,,,,,,,,
IEDI,2026-08-06,56.93,57.36,0.007553135429474889,2026-08-07,,,,,,,,
IEF,2026-08-06,92.95,93.17,0.002366863905325367,2026-08-07,,,,,,,,
IEFA,2026-08-06,99.99,101.08,0.010901090109010969,2026-08-07,,,,,,,,
IEI,2026-08-06,116.33,116.55,0.0018911716668099654,2026-08-07,,,,,,,,
IEMG,2026-08-06,79.34,79.99,0.008192588858078942,2026-08-07,,,,,,,,
IEO,2026-08-06,119.84,119.28,-0.004672897196261738,2026-08-07,,,,,,,,
IEP,2026-08-06,7.63,7.45,-0.023591087811271283,2026-08-07,,,,,,,,
IESC,2026-08-06,768.43,762.71,-0.007443748942649209,2026-08-07,,,,,,,,
IETC,2026-08-06,108.56,110.31,0.01612011790714818,2026-08-07,,,,,,,,
IETH,2026-08-06,18.61,18.61,0.0,2026-08-07,,,,,,,,
IEUR,2026-08-06,77.69,78.34,0.008366585146093453,2026-08-07,,,,,,,,
IEUS,2026-08-06,73.26,73.81,0.007507507507507505,2026-08-07,,,,,,,,
IEV,2026-08-06,75.23,75.81,0.0077096902831317315,2026-08-07,,,,,,,,
IEX,2026-08-06,233.71,234.46,0.003209105301442028,2026-08-07,,,,,,,,
IEZ,2026-08-06,28.32,28.09,-0.008121468926553632,2026-08-07,,,,,,,,
IFBD,2026-08-06,1.05,1.08,0.028571428571428692,2026-08-07,,,,,,,,
IFEB,2026-08-06,31.93,32.12,0.005950516755402369,2026-08-07,,,,,,,,
IFED,2026-08-06,46.8,46.8,0.0,2026-08-07,,,,,,,,
IFF,2026-08-06,84.55,85.89,0.01584861028976947,2026-08-07,,,,,,,,
IFGL,2026-08-06,22.96,23.1,0.0060975609756097615,2026-08-07,,,,,,,,
IFLN,2026-08-06,18.22,18.26,0.002195389681668658,2026-08-07,,,,,,,,
IFLO,2026-08-06,35.38,36.01,0.017806670435273952,2026-08-07,,,,,,,,
IFLR,2026-08-06,54.35,54.58,0.004231830726770802,2026-08-07,,,,,,,,
IFN,2026-08-06,11.78,11.82,0.00339558573853993,2026-08-07,,,,,,,,
IFRA,2026-08-06,60.94,61.13,0.003117820807351679,2026-08-07,,,,,,,,
IFRX,2026-08-06,1.72,1.84,0.06976744186046524,2026-08-07,,,,,,,,
IFS,2026-08-06,58.97,58.94,-0.0005087332541970913,2026-08-07,,,,,,,,
IFV,2026-08-06,25.93,26.1,0.00655611261087552,2026-08-07,,,,,,,,
IG,2026-08-06,20.24,20.26,0.000988142292490224,2026-08-07,,,,,,,,
IGA,2026-08-06,10.2,10.3,0.009803921568627638,2026-08-07,,,,,,,,
IGAC,2026-08-06,10.04,10.05,0.0009960159362552012,2026-08-07,,,,,,,,
IGBH,2026-08-06,24.38,24.37,-0.0004101722723542922,2026-08-07,,,,,,,,
IGC,2026-08-06,0.25,0.26,0.040000000000000036,2026-08-07,,,,,,,,
IGCB,2026-08-06,44.93,45.0,0.0015579790785666958,2026-08-07,,,,,,,,
IGD,2026-08-06,6.55,6.56,0.0015267175572519776,2026-08-07,,,,,,,,
IGE,2026-08-06,60.25,60.6,0.0058091286307053736,2026-08-07,,,,,,,,
IGEB,2026-08-06,44.3,44.36,0.0013544018058690988,2026-08-07,,,,,,,,
IGF,2026-08-06,66.04,65.95,-0.0013628104179286282,2026-08-07,,,,,,,,
IGGY,2026-08-06,29.43,29.87,0.014950730547060864,2026-08-07,,,,,,,,
IGHG,2026-08-06,77.97,77.93,-0.0005130178273693442,2026-08-07,,,,,,,,
IGI,2026-08-06,15.75,15.83,0.005079365079365017,2026-08-07,,,,,,,,
IGIB,2026-08-06,52.29,52.38,0.001721170395869276,2026-08-07,,,,,,,,
IGIC,2026-08-06,27.0,27.06,0.0022222222222221255,2026-08-07,,,,,,,,
IGLB,2026-08-06,48.12,48.21,0.0018703241895261513,2026-08-07,,,,,,,,
IGLD,2026-08-06,21.3,21.63,0.015492957746478853,2026-08-07,,,,,,,,
IGM,2026-08-06,161.68,163.72,0.012617516081147917,2026-08-07,,,,,,,,
IGME,2026-08-06,22.82,22.82,0.0,2026-08-07,,,,,,,,
IGOV,2026-08-06,41.27,41.45,0.004361521686454983,2026-08-07,,,,,,,,
IGPT,2026-08-06,91.02,91.43,0.0045045045045046805,2026-08-07,,,,,,,,
IGR,2026-08-06,4.68,4.71,0.0064102564102563875,2026-08-07,,,,,,,,
IGRO,2026-08-06,92.35,93.35,0.010828370330265402,2026-08-07,,,,,,,,
IGSB,2026-08-06,52.06,52.13,0.001344602381867066,2026-08-07,,,,,,,,
IGV,2026-08-06,99.42,102.69,0.032890766445383246,2026-08-07,,,,,,,,
IH,2026-08-06,1.34,1.33,-0.007462686567164201,2026-08-07,,,,,,,,
IHAK,2026-08-06,64.44,65.58,0.017690875232774683,2026-08-07,,,,,,,,
IHD,2026-08-06,7.35,7.39,0.0054421768707482165,2026-08-07,,,,,,,,
IHDG,2026-08-06,53.65,53.8,0.002795899347623365,2026-08-07,,,,,,,,
IHE,2026-08-06,102.47,102.47,0.0,2026-08-07,,,,,,,,
IHF,2026-08-06,55.99,57.07,0.019289158778353244,2026-08-07,,,,,,,,
IHG,2026-08-06,159.3,157.51,-0.011236660389202902,2026-08-07,,,,,,,,
IHI,2026-08-06,54.11,54.38,0.004989835520236685,2026-08-07,,,,,,,,
IHRT,2026-08-06,3.8,3.86,0.015789473684210575,2026-08-07,,,,,,,,
IHS,2026-08-06,8.24,8.35,0.013349514563106624,2026-08-07,,,,,,,,
IHT,2026-08-06,1.72,1.7,-0.011627906976744207,2026-08-07,,,,,,,,
IHY,2026-08-06,21.6,21.68,0.0037037037037035425,2026-08-07,,,,,,,,
IIF,2026-08-06,23.26,23.35,0.0038693035253654084,2026-08-07,,,,,,,,
IIGD,2026-08-06,24.34,24.39,0.0020542317173377622,2026-08-07,,,,,,,,
III,2026-08-06,5.0,5.19,0.038000000000000034,2026-08-07,,,,,,,,
IIIN,2026-08-06,32.33,32.29,-0.0012372409526755224,2026-08-07,,,,,,,,
IIIV,2026-08-06,21.96,17.47,-0.2044626593806923,2026-08-07,,,,,,,,
IIM,2026-08-06,12.55,12.69,0.011155378486055634,2026-08-07,,,,,,,,
IINC,2026-08-06,25.9,26.04,0.00540540540540535,2026-08-07,,,,,,,,
IIPR,2026-08-06,58.35,59.16,0.013881748071979283,2026-08-07,,,,,,,,
IJAN,2026-08-06,38.85,39.01,0.00411840411840414,2026-08-07,,,,,,,,
IJH,2026-08-06,76.75,77.79,0.013550488599348709,2026-08-07,,,,,,,,
IJJ,2026-08-06,149.26,150.42,0.007771673589709316,2026-08-07,,,,,,,,
IJK,2026-08-06,115.15,117.38,0.019366044290056283,2026-08-07,,,,,,,,
IJR,2026-08-06,147.82,148.93,0.007509132728994894,2026-08-07,,,,,,,,
IJS,2026-08-06,137.86,139.19,0.009647468446249752,2026-08-07,,,,,,,,
IJT,2026-08-06,175.95,176.97,0.005797101449275477,2026-08-07,,,,,,,,
IJUL,2026-08-06,36.78,36.99,0.005709624796084833,2026-08-07,,,,,,,,
IJUN,2026-08-06,31.79,32.02,0.0072349795533188654,2026-08-07,,,,,,,,
IKT,2026-08-06,2.41,2.47,0.024896265560165887,2026-08-07,,,,,,,,
ILAG,2026-08-06,3.14,3.34,0.06369426751592355,2026-08-07,,,,,,,,
ILCB,2026-08-06,106.48,107.22,0.006949661908339566,2026-08-07,,,,,,,,
ILCG,2026-08-06,116.64,117.72,0.0092592592592593,2026-08-07,,,,,,,,
ILCV,2026-08-06,107.26,107.6,0.003169867611411359,2026-08-07,,,,,,,,
ILDR,2026-08-06,38.46,39.24,0.020280811232449292,2026-08-07,,,,,,,,
ILF,2026-08-06,34.91,34.62,-0.008307075336579706,2026-08-07,,,,,,,,
ILIT,2026-08-06,14.48,15.05,0.03936464088397784,2026-08-07,,,,,,,,
ILLR,2026-08-06,1.2,1.17,-0.025000000000000022,2026-08-07,,,,,,,,
ILLU,2026-08-06,9.92,9.94,0.002016129032258007,2026-08-07,,,,,,,,
ILMN,2026-08-06,193.72,187.96,-0.02973363617592395,2026-08-07,,,,,,,,
ILOW,2026-08-06,47.04,47.7,0.0140306122448981,2026-08-07,,,,,,,,
ILPT,2026-08-06,8.61,8.78,0.019744483159117365,2026-08-07,,,,,,,,
ILS,2026-08-06,19.91,19.91,0.0,2026-08-07,,,,,,,,
ILTB,2026-08-06,47.36,47.47,0.002322635135135087,2026-08-07,,,,,,,,
IMA,2026-08-06,5.63,5.69,0.010657193605683846,2026-08-07,,,,,,,,
IMAR,2026-08-06,31.13,31.31,0.00578220366206228,2026-08-07,,,,,,,,
IMAX,2026-08-06,49.73,48.49,-0.024934647094309148,2026-08-07,,,,,,,,
IMAY,2026-08-06,32.48,32.58,0.0030788177339902134,2026-08-07,,,,,,,,
IMC,2026-08-06,8.0,7.68,-0.040000000000000036,2026-08-07,,,,,,,,
IMCB,2026-08-06,98.75,99.69,0.009518987341772034,2026-08-07,,,,,,,,
IMCC,2026-08-06,0.12,0.12,0.0,2026-08-07,,,,,,,,
IMCG,2026-08-06,97.65,99.13,0.015156169994879676,2026-08-07,,,,,,,,
IMCR,2026-08-06,34.5,34.0,-0.01449275362318836,2026-08-07,,,,,,,,
IMCV,2026-08-06,96.32,96.72,0.004152823920265947,2026-08-07,,,,,,,,
IMDX,2026-08-06,4.8,4.83,0.006250000000000089,2026-08-07,,,,,,,,
IMF,2026-08-06,52.18,52.17,-0.00019164430816398514,2026-08-07,,,,,,,,
IMFL,2026-08-06,34.51,34.79,0.008113590263691739,2026-08-07,,,,,,,,
IMKTA,2026-08-06,86.71,88.11,0.01614577326721256,2026-08-07,,,,,,,,
IMMP,2026-08-06,0.38,0.39,0.026315789473684292,2026-08-07,,,,,,,,
IMMR,2026-08-06,7.4,7.6,0.027027027027026973,2026-08-07,,,,,,,,
IMMX,2026-08-06,10.06,9.72,-0.03379721669980118,2026-08-07,,,,,,,,
IMNM,2026-08-06,25.82,25.03,-0.03059643687064284,2026-08-07,,,,,,,,
IMNN,2026-08-06,1.58,1.61,0.018987341772152,2026-08-07,,,,,,,,
IMO,2026-08-06,126.29,124.95,-0.010610499643677329,2026-08-07,,,,,,,,
IMOM,2026-08-06,41.32,41.59,0.006534365924491858,2026-08-07,,,,,,,,
IMOS,2026-08-06,52.62,52.54,-0.0015203344735841284,2026-08-07,,,,,,,,
IMPP,2026-08-06,4.65,4.61,-0.008602150537634468,2026-08-07,,,,,,,,
IMRA,2026-08-06,14.59,14.59,0.0,2026-08-07,,,,,,,,
IMRN,2026-08-06,1.1,1.03,-0.06363636363636371,2026-08-07,,,,,,,,
IMRX,2026-08-06,4.46,4.51,0.011210762331838486,2026-08-07,,,,,,,,
IMSR,2026-08-06,5.36,5.82,0.08582089552238803,2026-08-07,,,,,,,,
IMST,2026-08-06,7.23,7.23,0.0,2026-08-07,,,,,,,,
IMTB,2026-08-06,42.97,43.01,0.0009308820107050142,2026-08-07,,,,,,,,
IMTE,2026-08-06,0.5,0.48,-0.040000000000000036,2026-08-07,,,,,,,,
IMTG,2026-08-06,48.45,48.56,0.00227038183694539,2026-08-07,,,,,,,,
IMTM,2026-08-06,53.07,53.56,0.009233088373845844,2026-08-07,,,,,,,,
IMTX,2026-08-06,9.42,9.65,0.02441613588110414,2026-08-07,,,,,,,,
IMUX,2026-08-06,14.54,14.3,-0.016506189821182793,2026-08-07,,,,,,,,
IMVP,2026-08-06,20.37,20.59,0.010800196367206638,2026-08-07,,,,,,,,
IMVT,2026-08-06,39.74,39.95,0.005284348263714156,2026-08-07,,,,,,,,
IMXI,2026-08-06,12.19,12.19,0.0,2026-08-07,,,,,,,,
INAB,2026-08-06,0.97,0.98,0.010309278350515427,2026-08-07,,,,,,,,
INAC,2026-08-06,10.33,10.33,0.0,2026-08-07,,,,,,,,
INBK,2026-08-06,29.26,29.21,-0.0017088174982912152,2026-08-07,,,,,,,,
INBS,2026-08-06,1.99,1.98,-0.005025125628140725,2026-08-07,,,,,,,,
INBX,2026-08-06,85.79,88.66,0.033453782492131934,2026-08-07,,,,,,,,
INCE,2026-08-06,68.58,69.0,0.006124234470691103,2026-08-07,,,,,,,,
INCM,2026-08-06,29.35,29.47,0.00408858603066431,2026-08-07,,,,,,,,
INCO,2026-08-06,62.13,62.96,0.013359085787864045,2026-08-07,,,,,,,,
INCR,2026-08-06,0.93,0.98,0.053763440860215006,2026-08-07,,,,,,,,
INCY,2026-08-06,118.38,120.56,0.01841527285014366,2026-08-07,,,,,,,,
IND,2026-08-06,23.31,23.37,0.002574002574002643,2026-08-07,,,,,,,,
INDA,2026-08-06,50.12,50.37,0.004988028731045535,2026-08-07,,,,,,,,
INDB,2026-08-06,83.98,83.73,-0.002976899261728949,2026-08-07,,,,,,,,
INDE,2026-08-06,30.03,30.21,0.005994005994006013,2026-08-07,,,,,,,,
INDH,2026-08-06,39.64,39.81,0.004288597376387537,2026-08-07,,,,,,,,
INDI,2026-08-06,3.43,4.04,0.17784256559766765,2026-08-07,,,,,,,,
INDL,2026-08-06,46.1,46.57,0.010195227765726678,2026-08-07,,,,,,,,
INDO,2026-08-06,2.78,2.8,0.007194244604316502,2026-08-07,,,,,,,,
INDP,2026-08-06,1.25,1.18,-0.05600000000000005,2026-08-07,,,,,,,,
INDQ,2026-08-06,26.71,26.91,0.007487832272557116,2026-08-07,,,,,,,,
INDS,2026-08-06,41.54,41.67,0.0031295137217139946,2026-08-07,,,,,,,,
INDV,2026-08-06,38.67,38.82,0.0038789759503490284,2026-08-07,,,,,,,,
INDY,2026-08-06,44.09,44.28,0.004309367203447545,2026-08-07,,,,,,,,
INDZ,2026-08-06,25.52,25.7,0.007053291536050166,2026-08-07,,,,,,,,
INEO,2026-08-06,0.62,0.6,-0.032258064516129115,2026-08-07,,,,,,,,
INEQ,2026-08-06,41.58,41.98,0.00962000962000964,2026-08-07,,,,,,,,
INFH,2026-08-06,6.53,7.45,0.1408882082695253,2026-08-07,,,,,,,,
INFL,2026-08-06,52.02,52.05,0.0005767012687427631,2026-08-07,,,,,,,,
INFO,2026-08-06,28.29,28.43,0.004948745139625288,2026-08-07,,,,,,,,
INFQ,2026-08-06,11.11,11.91,0.07200720072007205,2026-08-07,,,,,,,,
INFU,2026-08-06,11.87,12.49,0.05223251895534964,2026-08-07,,,,,,,,
INFY,2026-08-06,12.36,12.53,0.013754045307443397,2026-08-07,,,,,,,,
ING,2026-08-06,35.71,35.68,-0.0008401008120975106,2026-08-07,,,,,,,,
INGM,2026-08-06,28.55,28.4,-0.005253940455341555,2026-08-07,,,,,,,,
INGN,2026-08-06,6.49,6.05,-0.06779661016949157,2026-08-07,,,,,,,,
INGR,2026-08-06,102.93,104.33,0.013601476731759377,2026-08-07,,,,,,,,
INHD,2026-08-06,8.93,5.14,-0.4244120940649496,2026-08-07,,,,,,,,
INIO,2026-08-06,25.97,27.35,0.05313823642664617,2026-08-07,,,,,,,,
INKM,2026-08-06,34.61,34.73,0.0034672060098237534,2026-08-07,,,,,,,,
INKT,2026-08-06,11.0,10.95,-0.00454545454545463,2026-08-07,,,,,,,,
INLF,2026-08-06,5.44,4.51,-0.17095588235294124,2026-08-07,,,,,,,,
INLX,2026-08-06,5.38,5.38,0.0,2026-08-07,,,,,,,,
INM,2026-08-06,1.43,1.47,0.027972027972027913,2026-08-07,,,,,,,,
INMB,2026-08-06,1.91,2.09,0.09424083769633507,2026-08-07,,,,,,,,
INMD,2026-08-06,15.12,15.31,0.01256613756613767,2026-08-07,,,,,,,,
INMU,2026-08-06,23.83,23.92,0.003776751993285865,2026-08-07,,,,,,,,
INN,2026-08-06,6.68,6.49,-0.02844311377245501,2026-08-07,,,,,,,,
INNV,2026-08-06,10.98,11.18,0.01821493624772308,2026-08-07,,,,,,,,
INO,2026-08-06,0.67,0.67,0.0,2026-08-07,,,,,,,,
INOD,2026-08-06,65.48,62.33,-0.04810629199755656,2026-08-07,,,,,,,,
INOV,2026-08-06,37.73,37.98,0.0066260270341902405,2026-08-07,,,,,,,,
INQQ,2026-08-06,13.61,13.61,0.0,2026-08-07,,,,,,,,
INR,2026-08-06,12.74,12.98,0.01883830455259039,2026-08-07,,,,,,,,
INRO,2026-08-06,36.9,37.19,0.00785907859078594,2026-08-07,,,,,,,,
INSE,2026-08-06,6.62,6.65,0.0045317220543807935,2026-08-07,,,,,,,,
INSG,2026-08-06,5.3,5.51,0.039622641509434064,2026-08-07,,,,,,,,
INSM,2026-08-06,132.55,131.1,-0.010939268200679142,2026-08-07,,,,,,,,
INSP,2026-08-06,58.89,60.16,0.021565630837153904,2026-08-07,,,,,,,,
INSW,2026-08-06,93.21,92.41,-0.008582770089046177,2026-08-07,,,,,,,,
INT,2026-08-06,18.6,19.0,0.021505376344086002,2026-08-07,,,,,,,,
INTA,2026-08-06,36.36,37.73,0.03767876787678759,2026-08-07,,,,,,,,
INTC,2026-08-06,99.81,101.65,0.01843502655044582,2026-08-07,,,,,,,,
INTF,2026-08-06,42.63,43.07,0.010321369927281276,2026-08-07,,,,,,,,
INTG,2026-08-06,30.34,31.36,0.033618984838497123,2026-08-07,,,,,,,,
INTJ,2026-08-06,2.89,3.38,0.16955017301038056,2026-08-07,,,,,,,,
INTL,2026-08-06,30.85,31.18,0.010696920583468383,2026-08-07,,,,,,,,
INTM,2026-08-06,51.54,51.56,0.0003880481179667772,2026-08-07,,,,,,,,
INTR,2026-08-06,5.72,5.27,-0.07867132867132876,2026-08-07,,,,,,,,
INTS,2026-08-06,4.25,4.16,-0.02117647058823524,2026-08-07,,,,,,,,
INTT,2026-08-06,14.29,14.05,-0.01679496151154647,2026-08-07,,,,,,,,
INTU,2026-08-06,321.91,325.25,0.010375570811717472,2026-08-07,,,,,,,,
INTW,2026-08-06,23.41,24.31,0.03844510892780861,2026-08-07,,,,,,,,
INTZ,2026-08-06,0.76,0.76,0.0,2026-08-07,,,,,,,,
INUV,2026-08-06,1.02,1.03,0.009803921568627416,2026-08-07,,,,,,,,
INV,2026-08-06,3.48,3.43,-0.014367816091953922,2026-08-07,,,,,,,,
INVA,2026-08-06,21.11,20.51,-0.028422548555187,2026-08-07,,,,,,,,
INVE,2026-08-06,2.55,2.58,0.011764705882353121,2026-08-07,,,,,,,,
INVG,2026-08-06,24.99,25.02,0.0012004801920768582,2026-08-07,,,,,,,,
INVH,2026-08-06,30.37,30.37,0.0,2026-08-07,,,,,,,,
INVN,2026-08-06,24.66,25.44,0.031630170316301776,2026-08-07,,,,,,,,
INVX,2026-08-06,30.7,28.1,-0.08469055374592827,2026-08-07,,,,,,,,
INVZ,2026-08-06,0.41,0.39,-0.04878048780487798,2026-08-07,,,,,,,,
INYY,2026-08-06,40.84,41.17,0.008080313418217466,2026-08-07,,,,,,,,
IOCT,2026-08-06,37.77,37.92,0.003971405877680745,2026-08-07,,,,,,,,
ION,2026-08-06,50.33,52.06,0.03437313729386071,2026-08-07,,,,,,,,
IONC,2026-08-06,12.62,15.52,0.22979397781299538,2026-08-07,,,,,,,,
IOND,2026-08-06,58.65,63.12,0.0762148337595907,2026-08-07,,,,,,,,
IONL,2026-08-06,13.68,16.98,0.24122807017543857,2026-08-07,,,,,,,,
IONQ,2026-08-06,39.72,44.43,0.11858006042296076,2026-08-07,,,,,,,,
IONR,2026-08-06,3.49,3.5,0.002865329512893977,2026-08-07,,,,,,,,
IONS,2026-08-06,54.49,56.56,0.03798862176546147,2026-08-07,,,,,,,,
IONX,2026-08-06,25.26,31.39,0.242676167854315,2026-08-07,,,,,,,,
IONZ,2026-08-06,3.46,2.63,-0.2398843930635839,2026-08-07,,,,,,,,
IOO,2026-08-06,145.24,146.19,0.006540897824290681,2026-08-07,,,,,,,,
IOPP,2026-08-06,27.05,27.11,0.002218114602587695,2026-08-07,,,,,,,,
IOR,2026-08-06,20.75,20.75,0.0,2026-08-07,,,,,,,,
IOSP,2026-08-06,91.53,92.44,0.009942095487818214,2026-08-07,,,,,,,,
IOSX,2026-08-06,30.02,30.25,0.007661558960692982,2026-08-07,,,,,,,,
IOT,2026-08-06,38.22,40.88,0.0695970695970698,2026-08-07,,,,,,,,
IOTR,2026-08-06,2.88,2.87,-0.003472222222222099,2026-08-07,,,,,,,,
IOVA,2026-08-06,6.21,6.34,0.02093397745571668,2026-08-07,,,,,,,,
IOYY,2026-08-06,6.8,6.76,-0.00588235294117645,2026-08-07,,,,,,,,
IP,2026-08-06,40.53,41.58,0.025906735751295207,2026-08-07,,,,,,,,
IPAC,2026-08-06,84.9,86.15,0.01472320376914027,2026-08-07,,,,,,,,
IPAR,2026-08-06,119.0,122.97,0.03336134453781514,2026-08-07,,,,,,,,
IPAV,2026-08-06,32.36,32.66,0.009270704573547395,2026-08-07,,,,,,,,
IPAY,2026-08-06,51.31,50.5,-0.015786396413954407,2026-08-07,,,,,,,,
IPCX,2026-08-06,4.65,4.44,-0.04516129032258065,2026-08-07,,,,,,,,
IPDN,2026-08-06,0.43,0.42,-0.023255813953488413,2026-08-07,,,,,,,,
IPEX,2026-08-06,10.52,10.56,0.0038022813688214363,2026-08-07,,,,,,,,
IPFX,2026-08-06,10.1,10.11,0.000990099009900991,2026-08-07,,,,,,,,
IPGP,2026-08-06,86.7,90.23,0.04071510957324098,2026-08-07,,,,,,,,
IPHA,2026-08-06,1.78,1.73,-0.028089887640449507,2026-08-07,,,,,,,,
IPI,2026-08-06,34.92,34.85,-0.002004581901489111,2026-08-07,,,,,,,,
IPKW,2026-08-06,61.25,61.83,0.009469387755101977,2026-08-07,,,,,,,,
IPM,2026-08-06,1.82,1.85,0.016483516483516425,2026-08-07,,,,,,,,
IPO,2026-08-06,54.11,55.47,0.025133986324154423,2026-08-07,,,,,,,,
IPOS,2026-08-06,23.52,23.52,0.0,2026-08-07,,,,,,,,
IPSC,2026-08-06,1.9,2.0,0.05263157894736836,2026-08-07,,,,,,,,
IPST,2026-08-06,2.16,2.11,-0.02314814814814825,2026-08-07,,,,,,,,
IPVV,2026-08-06,9.81,9.81,0.0,2026-08-07,,,,,,,,
IPW,2026-08-06,0.38,3.71,8.763157894736842,2026-08-07,,,,,,,,
IPWR,2026-08-06,4.27,4.52,0.058548009367681564,2026-08-07,,,,,,,,
IPX,2026-08-06,23.87,25.09,0.051110180142438066,2026-08-07,,,,,,,,
IQ,2026-08-06,1.29,1.33,0.03100775193798455,2026-08-07,,,,,,,,
IQDF,2026-08-06,35.3,35.59,0.008215297450425041,2026-08-07,,,,,,,,
IQDG,2026-08-06,44.62,44.87,0.005602868668758365,2026-08-07,,,,,,,,
IQDY,2026-08-06,43.12,43.42,0.006957328385899908,2026-08-07,,,,,,,,
IQHI,2026-08-06,25.81,25.86,0.0019372336303757898,2026-08-07,,,,,,,,
IQI,2026-08-06,10.03,10.09,0.005982053838484491,2026-08-07,,,,,,,,
IQLT,2026-08-06,51.06,51.67,0.011946729338033757,2026-08-07,,,,,,,,
IQM,2026-08-06,106.77,107.93,0.010864475039805255,2026-08-07,,,,,,,,
IQMM,2026-08-06,100.1,100.11,9.990009990024085e-05,2026-08-07,,,,,,,,
IQMX,2026-08-06,9.13,9.35,0.02409638554216853,2026-08-07,,,,,,,,
IQQ,2026-08-06,24.18,24.46,0.011579818031431044,2026-08-07,,,,,,,,
IQQQ,2026-08-06,48.2,48.77,0.011825726141078796,2026-08-07,,,,,,,,
IQRA,2026-08-06,30.45,30.58,0.0042692939244664,2026-08-07,,,,,,,,
IQSI,2026-08-06,39.03,39.52,0.012554445298488481,2026-08-07,,,,,,,,
IQSM,2026-08-06,40.06,40.61,0.013729405891163227,2026-08-07,,,,,,,,
IQST,2026-08-06,1.07,1.06,-0.009345794392523366,2026-08-07,,,,,,,,
IQSU,2026-08-06,62.67,62.93,0.004148715493856647,2026-08-07,,,,,,,,
IQSZ,2026-08-06,32.33,32.56,0.007114135477884531,2026-08-07,,,,,,,,
IQV,2026-08-06,232.43,238.7,0.026975863700899216,2026-08-07,,,,,,,,
IR,2026-08-06,88.24,86.97,-0.014392565729827722,2026-08-07,,,,,,,,
IRAB,2026-08-06,9.93,9.93,0.0,2026-08-07,,,,,,,,
IRD,2026-08-06,3.72,3.66,-0.016129032258064502,2026-08-07,,,,,,,,
IRDM,2026-08-06,48.31,49.93,0.03353342993169117,2026-08-07,,,,,,,,
IRE,2026-08-06,9.08,10.66,0.17400881057268713,2026-08-07,,,,,,,,
IREC,2026-08-06,20.09,23.3,0.15978098556495768,2026-08-07,,,,,,,,
IREG,2026-08-06,7.3,8.59,0.17671232876712328,2026-08-07,,,,,,,,
IREN,2026-08-06,37.93,41.23,0.08700237279198508,2026-08-07,,,,,,,,
IREX,2026-08-06,12.96,15.2,0.17283950617283939,2026-08-07,,,,,,,,
IREZ,2026-08-06,14.85,12.25,-0.17508417508417506,2026-08-07,,,,,,,,
IRHO,2026-08-06,10.01,10.01,0.0,2026-08-07,,,,,,,,
IRIX,2026-08-06,0.84,0.83,-0.011904761904761862,2026-08-07,,,,,,,,
IRM,2026-08-06,121.96,121.15,-0.00664152181042954,2026-08-07,,,,,,,,
IRMD,2026-08-06,91.21,92.5,0.014143186054160761,2026-08-07,,,,,,,,
IROC,2026-08-06,50.62,50.68,0.0011853022520742496,2026-08-07,,,,,,,,
IRON,2026-08-06,77.44,77.44,0.0,2026-08-07,,,,,,,,
IRS,2026-08-06,14.78,14.94,0.010825439783491264,2026-08-07,,,,,,,,
IRT,2026-08-06,16.98,17.26,0.016489988221437102,2026-08-07,,,,,,,,
IRTC,2026-08-06,128.12,127.84,-0.0021854511395567044,2026-08-07,,,,,,,,
IRTR,2026-08-06,31.97,32.09,0.00375351892399145,2026-08-07,,,,,,,,
IRVH,2026-08-06,19.1,19.1,0.0,2026-08-07,,,,,,,,
IRWD,2026-08-06,4.26,4.32,0.014084507042253724,2026-08-07,,,,,,,,
ISBA,2026-08-06,40.81,39.77,-0.0254839500122519,2026-08-07,,,,,,,,
ISBG,2026-08-06,12.04,12.52,0.039867109634551534,2026-08-07,,,,,,,,
ISCB,2026-08-06,75.88,76.79,0.011992619926199488,2026-08-07,,,,,,,,
ISCF,2026-08-06,45.34,45.72,0.008381120423466948,2026-08-07,,,,,,,,
ISCG,2026-08-06,64.51,65.5,0.015346457913501643,2026-08-07,,,,,,,,
ISCV,2026-08-06,80.59,81.2,0.007569177317285014,2026-08-07,,,,,,,,
ISD,2026-08-06,12.53,12.58,0.003990422984836428,2026-08-07,,,,,,,,
ISEP,2026-08-06,35.38,35.42,0.0011305822498586249,2026-08-07,,,,,,,,
ISHG,2026-08-06,75.25,75.65,0.0053156146179402786,2026-08-07,,,,,,,,
ISHP,2026-08-06,36.31,36.87,0.015422748554117183,2026-08-07,,,,,,,,
ISMD,2026-08-06,49.93,50.32,0.007810935309433109,2026-08-07,,,,,,,,
ISMF,2026-08-06,27.95,28.03,0.002862254025044697,2026-08-07,,,,,,,,
ISNR,2026-08-06,9.86,9.82,-0.0040567951318457585,2026-08-07,,,,,,,,
ISOU,2026-08-06,10.18,10.42,0.023575638506876162,2026-08-07,,,,,,,,
ISPC,2026-08-06,2.2,2.22,0.009090909090909038,2026-08-07,,,,,,,,
ISPR,2026-08-06,1.66,1.71,0.030120481927710774,2026-08-07,,,,,,,,
ISPY,2026-08-06,48.6,48.87,0.005555555555555536,2026-08-07,,,,,,,,
ISRA,2026-08-06,65.58,66.85,0.01936566026227493,2026-08-07,,,,,,,,
ISRG,2026-08-06,373.71,378.81,0.013646945492494345,2026-08-07,,,,,,,,
ISSB,2026-08-06,17.46,17.79,0.018900343642611617,2026-08-07,,,,,,,,
ISSC,2026-08-06,20.51,20.17,-0.016577279375914133,2026-08-07,,,,,,,,
ISTB,2026-08-06,47.93,48.02,0.0018777383684540627,2026-08-07,,,,,,,,
ISTM,2026-08-06,30.49,30.6,0.003607740242702606,2026-08-07,,,,,,,,
ISTR,2026-08-06,30.12,30.06,-0.0019920318725100694,2026-08-07,,,,,,,,
ISUL,2026-08-06,14.16,14.55,0.02754237288135597,2026-08-07,,,,,,,,
ISVL,2026-08-06,53.3,53.7,0.0075046904315199114,2026-08-07,,,,,,,,
ISWN,2026-08-06,22.53,22.75,0.009764758100310633,2026-08-07,,,,,,,,
IT,2026-08-06,184.82,185.6,0.004220322475922522,2026-08-07,,,,,,,,
ITA,2026-08-06,249.99,250.75,0.00304012160486411,2026-08-07,,,,,,,,
ITAN,2026-08-06,43.85,44.48,0.014367160775370369,2026-08-07,,,,,,,,
ITB,2026-08-06,98.47,101.14,0.027114857316949292,2026-08-07,,,,,,,,
ITDB,2026-08-06,35.29,35.46,0.004817228676678997,2026-08-07,,,,,,,,
ITDC,2026-08-06,37.04,37.26,0.005939524838012966,2026-08-07,,,,,,,,
ITDD,2026-08-06,38.97,39.24,0.006928406466512715,2026-08-07,,,,,,,,
ITDE,2026-08-06,40.63,40.92,0.007137583066699538,2026-08-07,,,,,,,,
ITDF,2026-08-06,42.16,42.5,0.008064516129032251,2026-08-07,,,,,,,,
ITDG,2026-08-06,42.94,43.29,0.008150908244061617,2026-08-07,,,,,,,,
ITDH,2026-08-06,42.98,43.32,0.007910656119125337,2026-08-07,,,,,,,,
ITDI,2026-08-06,42.94,43.3,0.008383791336749047,2026-08-07,,,,,,,,
ITDJ,2026-08-06,33.39,33.67,0.008385744234800763,2026-08-07,,,,,,,,
ITEQ,2026-08-06,64.26,65.96,0.026455026455026287,2026-08-07,,,,,,,,
ITG,2026-08-06,13.33,13.61,0.021005251312828266,2026-08-07,,,,,,,,
ITGR,2026-08-06,126.07,125.27,-0.006345680970889167,2026-08-07,,,,,,,,
ITHA,2026-08-06,10.02,10.09,0.00698602794411185,2026-08-07,,,,,,,,
ITIC,2026-08-06,295.43,289.84,-0.01892157194597721,2026-08-07,,,,,,,,
ITM,2026-08-06,46.08,46.17,0.001953125,2026-08-07,,,,,,,,
ITOC,2026-08-06,0.29,0.29,0.0,2026-08-07,,,,,,,,
ITOT,2026-08-06,168.34,169.58,0.0073660449091126345,2026-08-07,,,,,,,,
ITP,2026-08-06,0.18,0.18,0.0,2026-08-07,,,,,,,,
ITRG,2026-08-06,2.41,2.57,0.0663900414937757,2026-08-07,,,,,,,,
ITRI,2026-08-06,102.82,103.75,0.009044932892433355,2026-08-07,,,,,,,,
ITRN,2026-08-06,54.36,52.95,-0.02593818984547458,2026-08-07,,,,,,,,
ITT,2026-08-06,214.41,213.13,-0.005969870808264499,2026-08-07,,,,,,,,
ITUB,2026-08-06,8.18,7.94,-0.02933985330073341,2026-08-07,,,,,,,,
ITW,2026-08-06,294.7,296.66,0.0066508313539193065,2026-08-07,,,,,,,,
ITWO,2026-08-06,46.15,46.66,0.011050920910075757,2026-08-07,,,,,,,,
IUS,2026-08-06,69.14,69.51,0.0053514608041655976,2026-08-07,,,,,,,,
IUSB,2026-08-06,45.45,45.54,0.001980198019801982,2026-08-07,,,,,,,,
IUSG,2026-08-06,192.83,194.19,0.007052844474407349,2026-08-07,,,,,,,,
IUSV,2026-08-06,113.66,114.29,0.005542847087805836,2026-08-07,,,,,,,,
IVA,2026-08-06,4.66,4.8,0.030042918454935563,2026-08-07,,,,,,,,
IVAL,2026-08-06,36.51,36.83,0.008764721993974156,2026-08-07,,,,,,,,
IVDA,2026-08-06,0.3,0.31,0.03333333333333344,2026-08-07,,,,,,,,
IVE,2026-08-06,234.62,235.78,0.004944165032819026,2026-08-07,,,,,,,,
IVEP,2026-08-06,26.62,26.88,0.009767092411720357,2026-08-07,,,,,,,,
IVES,2026-08-06,37.96,38.71,0.019757639620653356,2026-08-07,,,,,,,,
IVF,2026-08-06,1.04,1.06,0.019230769230769162,2026-08-07,,,,,,,,
IVLU,2026-08-06,44.0,44.44,0.010000000000000009,2026-08-07,,,,,,,,
IVOG,2026-08-06,143.59,146.25,0.018524966919701846,2026-08-07,,,,,,,,
IVOL,2026-08-06,17.42,17.46,0.0022962112514350874,2026-08-07,,,,,,,,
IVOO,2026-08-06,129.89,131.68,0.013780891523597072,2026-08-07,,,,,,,,
IVOV,2026-08-06,115.47,116.24,0.006668398718281843,2026-08-07,,,,,,,,
IVR,2026-08-06,7.4,7.48,0.010810810810810922,2026-08-07,,,,,,,,
IVRS,2026-08-06,32.05,32.78,0.022776911076443085,2026-08-07,,,,,,,,
IVSI,2026-08-06,29.85,30.21,0.012060301507537563,2026-08-07,,,,,,,,
IVSS,2026-08-06,30.89,30.88,-0.00032372936225322224,2026-08-07,,,,,,,,
IVSX,2026-08-06,25.55,25.87,0.012524461839530376,2026-08-07,,,,,,,,
IVT,2026-08-06,33.3,33.23,-0.0021021021021021546,2026-08-07,,,,,,,,
IVV,2026-08-06,772.13,776.73,0.005957546009091708,2026-08-07,,,,,,,,
IVVB,2026-08-06,35.37,35.5,0.0036754311563471642,2026-08-07,,,,,,,,
IVVD,2026-08-06,0.66,0.74,0.1212121212121211,2026-08-07,,,,,,,,
IVVM,2026-08-06,37.73,37.84,0.00291545189504383,2026-08-07,,,,,,,,
IVVW,2026-08-06,45.01,45.1,0.001999555654299101,2026-08-07,,,,,,,,
IVW,2026-08-06,141.11,142.1,0.007015803274041499,2026-08-07,,,,,,,,
IVZ,2026-08-06,31.69,31.58,-0.0034711265383402523,2026-08-07,,,,,,,,
IWB,2026-08-06,420.29,423.44,0.007494825001784333,2026-08-07,,,,,,,,
IWC,2026-08-06,196.47,199.11,0.013437165979538923,2026-08-07,,,,,,,,
IWD,2026-08-06,256.12,257.56,0.005622364516632894,2026-08-07,,,,,,,,
IWDL,2026-08-06,68.56,69.61,0.015315052508751315,2026-08-07,,,,,,,,
IWF,2026-08-06,123.5,124.6,0.00890688259109318,2026-08-07,,,,,,,,
IWFG,2026-08-06,55.26,55.41,0.002714440825190012,2026-08-07,,,,,,,,
IWFL,2026-08-06,59.82,60.89,0.017886994316282268,2026-08-07,,,,,,,,
IWL,2026-08-06,190.44,191.62,0.006196177273682046,2026-08-07,,,,,,,,
IWLG,2026-08-06,56.88,57.1,0.003867791842475432,2026-08-07,,,,,,,,
IWM,2026-08-06,298.25,301.56,0.01109807208717517,2026-08-07,,,,,,,,
IWMI,2026-08-06,52.73,53.14,0.00777545989000572,2026-08-07,,,,,,,,
IWML,2026-08-06,32.95,33.56,0.018512898330804273,2026-08-07,,,,,,,,
IWMW,2026-08-06,39.63,39.95,0.008074690890739422,2026-08-07,,,,,,,,
IWMY,2026-08-06,19.13,19.29,0.008363826450601186,2026-08-07,,,,,,,,
IWN,2026-08-06,223.83,225.52,0.007550373050976278,2026-08-07,,,,,,,,
IWO,2026-08-06,384.29,390.16,0.015274922584506578,2026-08-07,,,,,,,,
IWP,2026-08-06,140.66,144.12,0.02459832219536473,2026-08-07,,,,,,,,
IWR,2026-08-06,111.77,113.11,0.011988905788673287,2026-08-07,,,,,,,,
IWS,2026-08-06,169.87,171.2,0.007829516689232818,2026-08-07,,,,,,,,
IWV,2026-08-06,436.96,440.29,0.007620834859026093,2026-08-07,,,,,,,,
IWX,2026-08-06,112.12,112.64,0.004637887977167354,2026-08-07,,,,,,,,
IWY,2026-08-06,288.89,290.98,0.007234587559278749,2026-08-07,,,,,,,,
IX,2026-08-06,41.29,40.09,-0.02906272705255497,2026-08-07,,,,,,,,
IXC,2026-08-06,54.13,53.62,-0.009421762423794666,2026-08-07,,,,,,,,
IXG,2026-08-06,134.57,134.66,0.0006687969086720535,2026-08-07,,,,,,,,
IXHL,2026-08-06,3.11,3.15,0.012861736334405238,2026-08-07,,,,,,,,
IXJ,2026-08-06,101.27,102.28,0.009973338599782888,2026-08-07,,,,,,,,
IXN,2026-08-06,139.35,140.87,0.010907786149982224,2026-08-07,,,,,,,,
IXP,2026-08-06,117.69,117.99,0.002549069589599773,2026-08-07,,,,,,,,
IXUS,2026-08-06,96.37,97.34,0.01006537304140287,2026-08-07,,,,,,,,
IYC,2026-08-06,102.64,103.91,0.012373343725643027,2026-08-07,,,,,,,,
IYE,2026-08-06,61.91,61.23,-0.010983685995800352,2026-08-07,,,,,,,,
IYF,2026-08-06,136.8,136.86,0.00043859649122812705,2026-08-07,,,,,,,,
IYG,2026-08-06,97.04,96.84,-0.002061005770816138,2026-08-07,,,,,,,,
IYH,2026-08-06,69.24,70.0,0.010976314269208531,2026-08-07,,,,,,,,
IYJ,2026-08-06,168.49,168.38,-0.000652857736364254,2026-08-07,,,,,,,,
IYK,2026-08-06,74.55,74.45,-0.0013413816230717357,2026-08-07,,,,,,,,
IYLD,2026-08-06,22.21,22.29,0.0036019810895993043,2026-08-07,,,,,,,,
IYM,2026-08-06,184.42,188.46,0.021906517731265618,2026-08-07,,,,,,,,
IYR,2026-08-06,104.19,104.69,0.004798925040790936,2026-08-07,,,,,,,,
IYRI,2026-08-06,49.5,49.77,0.005454545454545601,2026-08-07,,,,,,,,
IYT,2026-08-06,86.25,87.23,0.01136231884057981,2026-08-07,,,,,,,,
IYW,2026-08-06,250.59,254.05,0.013807414501775916,2026-08-07,,,,,,,,
IYY,2026-08-06,187.12,188.55,0.00764215476699448,2026-08-07,,,,,,,,
IYZ,2026-08-06,43.4,43.6,0.004608294930875667,2026-08-07,,,,,,,,
IZEA,2026-08-06,3.37,3.5,0.03857566765578624,2026-08-07,,,,,,,,
IZM,2026-08-06,0.25,0.25,0.0,2026-08-07,,,,,,,,
IZRL,2026-08-06,29.9,29.96,0.0020066889632108786,2026-08-07,,,,,,,,
J,2026-08-06,144.03,145.07,0.007220717905991769,2026-08-07,,,,,,,,
JA,2026-08-06,50.04,50.08,0.0007993605115907965,2026-08-07,,,,,,,,
JAAA,2026-08-06,50.53,50.56,0.0005937067088859216,2026-08-07,,,,,,,,
JAB,2026-08-06,9.9,9.9,0.0,2026-08-07,,,,,,,,
JABRU,2026-08-06,10.08,10.06,-0.001984126984126977,2026-08-07,,,,,,,,
JABS,2026-08-06,49.85,49.82,-0.0006018054162487685,2026-08-07,,,,,,,,
JACK,2026-08-06,17.38,17.58,0.011507479861910141,2026-08-07,,,,,,,,
JACS,2026-08-06,10.71,10.71,0.0,2026-08-07,,,,,,,,
JADB,2026-08-06,26.13,26.19,0.0022962112514353095,2026-08-07,,,,,,,,
JADE,2026-08-06,77.74,78.06,0.004116285052740087,2026-08-07,,,,,,,,
JAGU,2026-08-06,1.71,1.7,-0.005847953216374324,2026-08-07,,,,,,,,
JAGX,2026-08-06,0.94,0.95,0.010638297872340496,2026-08-07,,,,,,,,
JAJL,2026-08-06,30.18,30.21,0.0009940357852882276,2026-08-07,,,,,,,,
JAKK,2026-08-06,25.47,25.63,0.006281900274833108,2026-08-07,,,,,,,,
JAN,2026-08-06,29.69,30.47,0.026271471876052388,2026-08-07,,,,,,,,
JANB,2026-08-06,27.74,27.81,0.0025234318673394984,2026-08-07,,,,,,,,
JANH,2026-08-06,24.96,24.97,0.0004006410256409687,2026-08-07,,,,,,,,
JANI,2026-08-06,26.28,26.49,0.007990867579908523,2026-08-07,,,,,,,,
JANJ,2026-08-06,24.88,24.89,0.00040192926045024,2026-08-07,,,,,,,,
JANM,2026-08-06,34.17,34.2,0.0008779631255486642,2026-08-07,,,,,,,,
JANP,2026-08-06,35.37,35.42,0.0014136273678260203,2026-08-07,,,,,,,,
JANT,2026-08-06,44.87,44.98,0.0024515266324938167,2026-08-07,,,,,,,,
JANU,2026-08-06,30.75,30.92,0.0055284552845529245,2026-08-07,,,,,,,,
JANW,2026-08-06,39.21,39.26,0.0012751849018106665,2026-08-07,,,,,,,,
JANX,2026-08-06,16.1,15.85,-0.015527950310559091,2026-08-07,,,,,,,,
JANZ,2026-08-06,41.8,42.02,0.0052631578947370805,2026-08-07,,,,,,,,
JAPN,2026-08-06,25.68,25.68,0.0,2026-08-07,,,,,,,,
JATT,2026-08-06,12.25,13.08,0.06775510204081625,2026-08-07,,,,,,,,
JAVA,2026-08-06,83.04,83.47,0.005178227360308263,2026-08-07,,,,,,,,
JAZZ,2026-08-06,256.65,256.56,-0.0003506721215662534,2026-08-07,,,,,,,,
JBBB,2026-08-06,47.31,47.32,0.00021137180300145886,2026-08-07,,,,,,,,
JBDI,2026-08-06,1.42,1.3,-0.08450704225352101,2026-08-07,,,,,,,,
JBGS,2026-08-06,12.14,12.16,0.0016474464579900872,2026-08-07,,,,,,,,
JBHT,2026-08-06,267.25,268.52,0.00475210477081367,2026-08-07,,,,,,,,
JBI,2026-08-06,5.57,5.55,-0.0035906642728905647,2026-08-07,,,,,,,,
JBIO,2026-08-06,22.24,21.96,-0.012589928057553879,2026-08-07,,,,,,,,
JBL,2026-08-06,344.67,341.22,-0.01000957437548955,2026-08-07,,,,,,,,
JBLG,2026-08-06,15.12,14.66,-0.030423280423280352,2026-08-07,,,,,,,,
JBLU,2026-08-06,6.19,6.07,-0.01938610662358642,2026-08-07,,,,,,,,
JBND,2026-08-06,52.67,52.76,0.0017087526105941109,2026-08-07,,,,,,,,
JBS,2026-08-06,13.69,14.23,0.039444850255661246,2026-08-07,,,,,,,,
JBSS,2026-08-06,83.47,83.16,-0.00371390918893022,2026-08-07,,,,,,,,
JBTM,2026-08-06,122.1,123.12,0.00835380835380839,2026-08-07,,,,,,,,
JCAL,2026-08-06,49.39,49.44,0.001012350678274876,2026-08-07,,,,,,,,
JCAP,2026-08-06,20.91,21.22,0.014825442372070619,2026-08-07,,,,,,,,
JCE,2026-08-06,16.91,16.95,0.0023654642223536193,2026-08-07,,,,,,,,
JCHI,2026-08-06,54.99,55.69,0.012729587197672254,2026-08-07,,,,,,,,
JCI,2026-08-06,154.55,152.21,-0.015140731154966058,2026-08-07,,,,,,,,
JCPB,2026-08-06,46.19,46.27,0.0017319766183157004,2026-08-07,,,,,,,,
JCPI,2026-08-06,47.37,47.46,0.0018999366687777464,2026-08-07,,,,,,,,
JCSE,2026-08-06,1.43,1.45,0.013986013986013957,2026-08-07,,,,,,,,
JCTC,2026-08-06,2.8,3.14,0.12142857142857144,2026-08-07,,,,,,,,
JD,2026-08-06,32.81,32.97,0.004876562023773179,2026-08-07,,,,,,,,
JDIV,2026-08-06,58.17,58.5,0.005673027333677139,2026-08-07,,,,,,,,
JDOC,2026-08-06,61.17,61.75,0.0094817721105116,2026-08-07,,,,,,,,
JDST,2026-08-06,31.19,26.58,-0.14780378326386667,2026-08-07,,,,,,,,
JDVI,2026-08-06,40.31,40.74,0.010667328206400484,2026-08-07,,,,,,,,
JDVL,2026-08-06,32.18,32.52,0.010565568676196513,2026-08-07,,,,,,,,
JDZG,2026-08-06,3.59,3.22,-0.10306406685236758,2026-08-07,,,,,,,,
JEDI,2026-08-06,27.83,29.48,0.059288537549407216,2026-08-07,,,,,,,,
JEF,2026-08-06,56.32,56.62,0.005326704545454586,2026-08-07,,,,,,,,
JELD,2026-08-06,1.77,1.89,0.06779661016949157,2026-08-07,,,,,,,,
JELH,2026-08-06,25.48,25.52,0.0015698587127157548,2026-08-07,,,,,,,,
JELM,2026-08-06,25.45,25.49,0.001571709233791685,2026-08-07,,,,,,,,
JEM,2026-08-06,4.72,4.56,-0.03389830508474578,2026-08-07,,,,,,,,
JEMA,2026-08-06,60.5,60.76,0.004297520661157073,2026-08-07,,,,,,,,
JEMB,2026-08-06,52.97,53.41,0.008306588635076384,2026-08-07,,,,,,,,
JENA,2026-08-06,10.36,10.36,0.0,2026-08-07,,,,,,,,
JEPI,2026-08-06,57.59,57.58,-0.00017364125716279322,2026-08-07,,,,,,,,
JEPQ,2026-08-06,59.34,59.74,0.006740815638692332,2026-08-07,,,,,,,,
JETD,2026-08-06,2.21,2.2,-0.004524886877827927,2026-08-07,,,,,,,,
JETS,2026-08-06,32.64,32.54,-0.0030637254901960675,2026-08-07,,,,,,,,
JETU,2026-08-06,38.34,38.54,0.005216484089723306,2026-08-07,,,,,,,,
JF,2026-08-06,0.91,0.96,0.05494505494505497,2026-08-07,,,,,,,,
JFB,2026-08-06,4.4,4.47,0.015909090909090873,2026-08-07,,,,,,,,
JFIN,2026-08-06,2.56,2.61,0.01953125,2026-08-07,,,,,,,,
JFLI,2026-08-06,53.65,53.99,0.006337371854613361,2026-08-07,,,,,,,,
JFLX,2026-08-06,49.92,49.95,0.0006009615384614531,2026-08-07,,,,,,,,
JFR,2026-08-06,7.72,7.78,0.007772020725388629,2026-08-07,,,,,,,,
JFU,2026-08-06,2.47,2.45,-0.0080971659919028,2026-08-07,,,,,,,,
JG,2026-08-06,4.78,5.0,0.046025104602510414,2026-08-07,,,,,,,,
JGH,2026-08-06,12.62,12.66,0.0031695721077655836,2026-08-07,,,,,,,,
JGLO,2026-08-06,73.94,74.45,0.0068974844468487895,2026-08-07,,,,,,,,
JGRO,2026-08-06,94.89,95.96,0.011276214564232223,2026-08-07,,,,,,,,
JGRW,2026-08-06,28.79,28.88,0.0031260854463355248,2026-08-07,,,,,,,,
JHAC,2026-08-06,15.74,15.81,0.004447268106734459,2026-08-07,,,,,,,,
JHAI,2026-08-06,33.95,34.37,0.01237113402061829,2026-08-07,,,,,,,,
JHCB,2026-08-06,20.83,20.86,0.001440230436869916,2026-08-07,,,,,,,,
JHCP,2026-08-06,24.78,24.83,0.0020177562550443007,2026-08-07,,,,,,,,
JHCR,2026-08-06,24.96,25.01,0.0020032051282050656,2026-08-07,,,,,,,,
JHDG,2026-08-06,28.48,28.57,0.003160112359550604,2026-08-07,,,,,,,,
JHDV,2026-08-06,47.53,47.84,0.006522196507469102,2026-08-07,,,,,,,,
JHEM,2026-08-06,39.0,39.31,0.007948717948718098,2026-08-07,,,,,,,,
JHHY,2026-08-06,25.54,25.59,0.0019577133907595634,2026-08-07,,,,,,,,
JHI,2026-08-06,13.34,13.38,0.0029985007496251548,2026-08-07,,,,,,,,
JHID,2026-08-06,44.0,44.44,0.010000000000000009,2026-08-07,,,,,,,,
JHLN,2026-08-06,24.59,24.63,0.0016266775111832832,2026-08-07,,,,,,,,
JHMB,2026-08-06,21.66,21.7,0.001846722068328699,2026-08-07,,,,,,,,
JHMD,2026-08-06,46.27,46.8,0.01145450615949839,2026-08-07,,,,,,,,
JHML,2026-08-06,91.08,91.68,0.006587615283267567,2026-08-07,,,,,,,,
JHMM,2026-08-06,75.71,76.48,0.010170387003038073,2026-08-07,,,,,,,,
JHMU,2026-08-06,25.9,25.96,0.0023166023166023564,2026-08-07,,,,,,,,
JHPI,2026-08-06,22.56,22.58,0.0008865248226950229,2026-08-07,,,,,,,,
JHS,2026-08-06,10.91,10.94,0.00274977085242889,2026-08-07,,,,,,,,
JHSC,2026-08-06,49.1,49.43,0.006720977596741395,2026-08-07,,,,,,,,
JHX,2026-08-06,28.0,30.23,0.07964285714285713,2026-08-07,,,,,,,,
JIDE,2026-08-06,52.28,52.81,0.010137719969395498,2026-08-07,,,,,,,,
JIG,2026-08-06,83.57,84.45,0.010530094531530532,2026-08-07,,,,,,,,
JIII,2026-08-06,49.51,49.65,0.0028277115734194336,2026-08-07,,,,,,,,
JILL,2026-08-06,18.74,18.92,0.009605122732123883,2026-08-07,,,,,,,,
JIRE,2026-08-06,84.74,85.72,0.011564786405475536,2026-08-07,,,,,,,,
JIVE,2026-08-06,96.74,97.36,0.0064089311556749795,2026-08-07,,,,,,,,
JJSF,2026-08-06,91.86,91.91,0.0005443065534509461,2026-08-07,,,,,,,,
JKHY,2026-08-06,156.94,155.95,-0.006308143239454611,2026-08-07,,,,,,,,
JKS,2026-08-06,16.18,17.01,0.05129789864029677,2026-08-07,,,,,,,,
JL,2026-08-06,5.4,5.5,0.01851851851851838,2026-08-07,,,,,,,,
JLCO,2026-08-06,26.08,26.16,0.0030674846625766694,2026-08-07,,,,,,,,
JLHL,2026-08-06,8.6,8.85,0.029069767441860517,2026-08-07,,,,,,,,
JLL,2026-08-06,363.69,362.38,-0.0036019687096153774,2026-08-07,,,,,,,,
JLQD,2026-08-06,40.48,40.54,0.0014822134387353358,2026-08-07,,,,,,,,
JLS,2026-08-06,17.28,17.3,0.0011574074074074403,2026-08-07,,,,,,,,
JLVP,2026-08-06,51.1,51.45,0.006849315068493178,2026-08-07,,,,,,,,
JMBS,2026-08-06,44.35,44.42,0.0015783540022547005,2026-08-07,,,,,,,,
JMEE,2026-08-06,77.89,78.96,0.013737321864167429,2026-08-07,,,,,,,,
JMHI,2026-08-06,49.63,49.66,0.0006044731009469118,2026-08-07,,,,,,,,
JMIA,2026-08-06,5.69,6.19,0.08787346221441128,2026-08-07,,,,,,,,
JMID,2026-08-06,31.6,32.38,0.0246835443037976,2026-08-07,,,,,,,,
JMKE,2026-08-06,22.89,22.91,0.00087374399300999,2026-08-07,,,,,,,,
JMM,2026-08-06,5.8,5.78,-0.0034482758620688614,2026-08-07,,,,,,,,
JMMF,2026-08-06,100.14,100.14,0.0,2026-08-07,,,,,,,,
JMOM,2026-08-06,83.43,84.27,0.01006832074793218,2026-08-07,,,,,,,,
JMSB,2026-08-06,23.35,23.32,-0.0012847965738758127,2026-08-07,,,,,,,,
JMSI,2026-08-06,49.51,49.64,0.0026257321753182516,2026-08-07,,,,,,,,
JMST,2026-08-06,50.88,50.89,0.00019654088050313767,2026-08-07,,,,,,,,
JMTG,2026-08-06,50.02,50.12,0.0019992003198718855,2026-08-07,,,,,,,,
JMUB,2026-08-06,49.78,49.93,0.0030132583366813126,2026-08-07,,,,,,,,
JNEU,2026-08-06,33.72,33.86,0.004151838671411667,2026-08-07,,,,,,,,
JNJ,2026-08-06,256.98,259.24,0.008794458712740205,2026-08-07,,,,,,,,
JNK,2026-08-06,95.61,95.81,0.00209183139838931,2026-08-07,,,,,,,,
JNUG,2026-08-06,144.5,166.14,0.14975778546712792,2026-08-07,,,,,,,,
JOB,2026-08-06,0.21,0.2,-0.04761904761904756,2026-08-07,,,,,,,,
JOBC,2026-08-06,25.32,27.48,0.08530805687203791,2026-08-07,,,,,,,,
JOBX,2026-08-06,14.34,15.62,0.0892608089260809,2026-08-07,,,,,,,,
JOBY,2026-08-06,8.23,8.64,0.049817739975698716,2026-08-07,,,,,,,,
JOE,2026-08-06,67.38,67.35,-0.00044523597506684887,2026-08-07,,,,,,,,
JOET,2026-08-06,46.37,46.61,0.005175760189777945,2026-08-07,,,,,,,,
JOF,2026-08-06,12.27,12.37,0.008149959250203676,2026-08-07,,,,,,,,
JOJO,2026-08-06,15.01,15.04,0.0019986675549632515,2026-08-07,,,,,,,,
JONEU,2026-08-06,9.93,9.93,0.0,2026-08-07,,,,,,,,
JOUL,2026-08-06,24.31,24.42,0.00452488687782826,2026-08-07,,,,,,,,
JOUT,2026-08-06,47.55,48.22,0.01409043112513153,2026-08-07,,,,,,,,
JOYT,2026-08-06,59.08,59.1,0.0003385240352065111,2026-08-07,,,,,,,,
JOYY,2026-08-06,74.73,74.44,-0.0038806369597217394,2026-08-07,,,,,,,,
JPAN,2026-08-06,42.74,43.4,0.015442208703790206,2026-08-07,,,,,,,,
JPC,2026-08-06,7.73,7.73,0.0,2026-08-07,,,,,,,,
JPEF,2026-08-06,82.32,82.9,0.00704567541302259,2026-08-07,,,,,,,,
JPEM,2026-08-06,65.34,65.89,0.008417508417508435,2026-08-07,,,,,,,,
JPFP,2026-08-06,50.9,51.13,0.0045186640471512884,2026-08-07,,,,,,,,
JPHY,2026-08-06,50.16,50.19,0.0005980861244019309,2026-08-07,,,,,,,,
JPIB,2026-08-06,47.99,48.03,0.0008335069806209017,2026-08-07,,,,,,,,
JPIE,2026-08-06,45.76,45.84,0.0017482517482518833,2026-08-07,,,,,,,,
JPIN,2026-08-06,76.12,77.0,0.01156069364161838,2026-08-07,,,,,,,,
JPLD,2026-08-06,51.93,51.98,0.0009628345850183351,2026-08-07,,,,,,,,
JPM,2026-08-06,356.3,357.52,0.003424080830760401,2026-08-07,,,,,,,,
JPMB,2026-08-06,39.64,39.73,0.002270433905146252,2026-08-07,,,,,,,,
JPME,2026-08-06,127.0,127.92,0.007244094488189079,2026-08-07,,,,,,,,
JPO,2026-08-06,14.57,14.71,0.009608785175017287,2026-08-07,,,,,,,,
JPRE,2026-08-06,53.07,53.32,0.004710759374411122,2026-08-07,,,,,,,,
JPRF,2026-08-06,49.83,49.88,0.0010034115994381754,2026-08-07,,,,,,,,
JPSE,2026-08-06,60.13,60.74,0.010144686512556067,2026-08-07,,,,,,,,
JPST,2026-08-06,50.4,50.44,0.0007936507936507908,2026-08-07,,,,,,,,
JPSV,2026-08-06,70.75,71.51,0.01074204946996482,2026-08-07,,,,,,,,
JPUS,2026-08-06,143.25,144.07,0.0057242582897032435,2026-08-07,,,,,,,,
JPXN,2026-08-06,102.21,104.03,0.01780647686136394,2026-08-07,,,,,,,,
JPY,2026-08-06,38.1,38.77,0.017585301837270473,2026-08-07,,,,,,,,
JQC,2026-08-06,4.77,4.81,0.008385744234800763,2026-08-07,,,,,,,,
JQUA,2026-08-06,73.88,74.53,0.008798050893340736,2026-08-07,,,,,,,,
JRE,2026-08-06,27.81,27.81,0.0,2026-08-07,,,,,,,,
JRI,2026-08-06,12.66,12.81,0.011848341232227444,2026-08-07,,,,,,,,
JRS,2026-08-06,8.45,8.5,0.00591715976331364,2026-08-07,,,,,,,,
JRSH,2026-08-06,5.03,5.0,-0.005964214711729698,2026-08-07,,,,,,,,
JRVR,2026-08-06,4.79,4.7,-0.018789144050104345,2026-08-07,,,,,,,,
JSCP,2026-08-06,46.84,46.88,0.0008539709649870719,2026-08-07,,,,,,,,
JSI,2026-08-06,51.09,51.21,0.0023487962419259656,2026-08-07,,,,,,,,
JSMD,2026-08-06,95.38,96.73,0.014153910673097236,2026-08-07,,,,,,,,
JSML,2026-08-06,90.61,91.37,0.008387595188169117,2026-08-07,,,,,,,,
JSPR,2026-08-06,0.65,0.71,0.0923076923076922,2026-08-07,,,,,,,,
JSTC,2026-08-06,22.83,23.15,0.014016644765659336,2026-08-07,,,,,,,,
JTAI,2026-08-06,1.94,1.95,0.005154639175257714,2026-08-07,,,,,,,,
JTEK,2026-08-06,99.12,102.03,0.029358353510895885,2026-08-07,,,,,,,,
JTNY,2026-08-06,49.31,49.43,0.0024335834516324706,2026-08-07,,,,,,,,
JUCY,2026-08-06,21.99,22.03,0.0018190086402911643,2026-08-07,,,,,,,,
JUDB,2026-08-06,26.24,26.31,0.0026676829268292845,2026-08-07,,,,,,,,
JUDO,2026-08-06,28.93,29.01,0.0027652955409609437,2026-08-07,,,,,,,,
JULB,2026-08-06,28.06,28.13,0.0024946543121882048,2026-08-07,,,,,,,,
JULC,2026-08-06,25.58,25.77,0.007427677873338645,2026-08-07,,,,,,,,
JULH,2026-08-06,25.12,25.15,0.0011942675159235527,2026-08-07,,,,,,,,
JULI,2026-08-06,25.54,25.75,0.008222396241190255,2026-08-07,,,,,,,,
JULJ,2026-08-06,24.96,24.98,0.0008012820512819374,2026-08-07,,,,,,,,
JULM,2026-08-06,34.88,34.92,0.0011467889908256534,2026-08-07,,,,,,,,
JULP,2026-08-06,33.25,33.36,0.0033082706766918157,2026-08-07,,,,,,,,
JULT,2026-08-06,48.73,48.9,0.003488610712087059,2026-08-07,,,,,,,,
JULU,2026-08-06,32.63,32.79,0.00490346307079359,2026-08-07,,,,,,,,
JULW,2026-08-06,41.37,41.46,0.002175489485134241,2026-08-07,,,,,,,,
JULZ,2026-08-06,46.31,46.53,0.004750593824228044,2026-08-07,,,,,,,,
JUNC,2026-08-06,25.4,25.47,0.00275590551181093,2026-08-07,,,,,,,,
JUNM,2026-08-06,35.33,35.36,0.0008491367110106118,2026-08-07,,,,,,,,
JUNP,2026-08-06,32.26,32.38,0.0037197768133914177,2026-08-07,,,,,,,,
JUNS,2026-08-06,0.08,5.1,62.74999999999999,2026-08-07,,,,,,,,
JUNT,2026-08-06,38.5,38.69,0.004935064935064792,2026-08-07,,,,,,,,
JUNW,2026-08-06,34.82,34.93,0.0031591039632394846,2026-08-07,,,,,,,,
JUNZ,2026-08-06,35.92,36.08,0.00445434298440972,2026-08-07,,,,,,,,
JUSA,2026-08-06,69.49,70.01,0.007483091092243654,2026-08-07,,,,,,,,
JUST,2026-08-06,110.85,111.41,0.005051871898962501,2026-08-07,,,,,,,,
JVA,2026-08-06,3.5,3.5,0.0,2026-08-07,,,,,,,,
JVAL,2026-08-06,59.27,59.89,0.010460604015522179,2026-08-07,,,,,,,,
JWEL,2026-08-06,1.63,1.55,-0.04907975460122693,2026-08-07,,,,,,,,
JXG,2026-08-06,7.27,7.97,0.0962861072902339,2026-08-07,,,,,,,,
JXI,2026-08-06,82.44,83.04,0.007278020378457262,2026-08-07,,,,,,,,
JXN,2026-08-06,133.34,129.96,-0.02534873256337178,2026-08-07,,,,,,,,
JXX,2026-08-06,31.6,32.0,0.012658227848101111,2026-08-07,,,,,,,,
JYD,2026-08-06,0.82,0.93,0.13414634146341475,2026-08-07,,,,,,,,
JYNT,2026-08-06,8.22,8.33,0.01338199513381988,2026-08-07,,,,,,,,
JZ,2026-08-06,2.53,2.76,0.09090909090909083,2026-08-07,,,,,,,,
JZXN,2026-08-06,1.56,1.54,-0.012820512820512886,2026-08-07,,,,,,,,
KAI,2026-08-06,334.64,337.63,0.008934974898398229,2026-08-07,,,,,,,,
KALA,2026-08-06,0.74,0.75,0.013513513513513598,2026-08-07,,,,,,,,
KALU,2026-08-06,170.98,184.75,0.0805357351737046,2026-08-07,,,,,,,,
KAMO,2026-08-06,24.59,24.66,0.002846685644571023,2026-08-07,,,,,,,,
KAPA,2026-08-06,0.39,0.39,0.0,2026-08-07,,,,,,,,
KAPR,2026-08-06,40.06,40.25,0.004742885671492614,2026-08-07,,,,,,,,
KARD,2026-08-06,20.36,20.5,0.006876227897838927,2026-08-07,,,,,,,,
KARO,2026-08-06,63.65,64.81,0.01822466614296947,2026-08-07,,,,,,,,
KARS,2026-08-06,30.1,30.85,0.024916943521594792,2026-08-07,,,,,,,,
KAT,2026-08-06,58.08,58.14,0.0010330578512396382,2026-08-07,,,,,,,,
KAUG,2026-08-06,29.11,29.27,0.005496392992099031,2026-08-07,,,,,,,,
KAZR,2026-08-06,2.13,2.3,0.07981220657277,2026-08-07,,,,,,,,
KB,2026-08-06,121.32,124.01,0.022172766238048203,2026-08-07,,,,,,,,
KBA,2026-08-06,33.65,33.98,0.00980683506686475,2026-08-07,,,,,,,,
KBAB,2026-08-06,9.15,9.38,0.025136612021857907,2026-08-07,,,,,,,,
KBDC,2026-08-06,13.88,14.12,0.01729106628242061,2026-08-07,,,,,,,,
KBDU,2026-08-06,17.38,17.51,0.007479861910241858,2026-08-07,,,,,,,,
KBE,2026-08-06,70.15,69.97,-0.0025659301496793185,2026-08-07,,,,,,,,
KBFR,2026-08-06,27.58,27.8,0.007976794778825402,2026-08-07,,,,,,,,
KBH,2026-08-06,56.95,58.59,0.028797190517998228,2026-08-07,,,,,,,,
KBON,2026-08-06,10.09,10.1,0.0009910802775023875,2026-08-07,,,,,,,,
KBR,2026-08-06,37.57,38.04,0.012509981368112877,2026-08-07,,,,,,,,
KBSX,2026-08-06,0.94,0.94,0.0,2026-08-07,,,,,,,,
KBUF,2026-08-06,27.53,27.74,0.007628042135851665,2026-08-07,,,,,,,,
KBWB,2026-08-06,97.47,97.61,0.001436339386477803,2026-08-07,,,,,,,,
KBWD,2026-08-06,12.37,12.63,0.021018593371059158,2026-08-07,,,,,,,,
KBWP,2026-08-06,136.8,135.85,-0.006944444444444531,2026-08-07,,,,,,,,
KBWY,2026-08-06,18.03,18.2,0.00942872989462007,2026-08-07,,,,,,,,
KC,2026-08-06,12.15,12.33,0.014814814814814836,2026-08-07,,,,,,,,
KCA-U,2026-08-06,10.15,10.15,0.0,2026-08-07,,,,,,,,
KCAC-U,2026-08-06,10.45,10.35,-0.009569377990430561,2026-08-07,,,,,,,,
KCAI,2026-08-06,32.63,32.71,0.002451731535396906,2026-08-07,,,,,,,,
KCCA,2026-08-06,17.15,17.18,0.001749271137026387,2026-08-07,,,,,,,,
KCE,2026-08-06,163.55,163.62,0.0004280036686028499,2026-08-07,,,,,,,,
KCHV,2026-08-06,10.41,10.4,-0.0009606147934677622,2026-08-07,,,,,,,,
KCOP,2026-08-06,24.34,24.41,0.002875924404272867,2026-08-07,,,,,,,,
KCSH,2026-08-06,25.06,25.07,0.0003990422984836428,2026-08-07,,,,,,,,
KD,2026-08-06,13.99,14.02,0.0021443888491778917,2026-08-07,,,,,,,,
KDEC,2026-08-06,28.66,28.81,0.005233775296580534,2026-08-07,,,,,,,,
KDEF,2026-08-06,42.01,43.12,0.02642228040942629,2026-08-07,,,,,,,,
KDK,2026-08-06,4.36,4.48,0.02752293577981657,2026-08-07,,,,,,,,
KDP,2026-08-06,30.37,30.01,-0.01185380309515971,2026-08-07,,,,,,,,
KDRN,2026-08-06,23.06,23.09,0.001300954032957602,2026-08-07,,,,,,,,
KDVD,2026-08-06,28.99,29.26,0.009313556398758305,2026-08-07,,,,,,,,
KE,2026-08-06,26.4,26.13,-0.010227272727272751,2026-08-07,,,,,,,,
KEAT,2026-08-06,33.5,33.81,0.009253731343283667,2026-08-07,,,,,,,,
KEEL,2026-08-06,3.82,3.88,0.015706806282722585,2026-08-07,,,,,,,,
KEEX,2026-08-06,38.91,40.42,0.038807504497558654,2026-08-07,,,,,,,,
KELYA,2026-08-06,15.62,15.19,-0.027528809218950068,2026-08-07,,,,,,,,
KEMQ,2026-08-06,26.0,26.16,0.006153846153846176,2026-08-07,,,,,,,,
KEMX,2026-08-06,49.0,49.48,0.009795918367346834,2026-08-07,,,,,,,,
KEN,2026-08-06,65.45,66.13,0.010389610389610171,2026-08-07,,,,,,,,
KEO,2026-08-06,24.77,25.22,0.018167137666531996,2026-08-07,,,,,,,,
KEP,2026-08-06,12.46,12.49,0.0024077046548955927,2026-08-07,,,,,,,,
KEQU,2026-08-06,37.88,37.08,-0.02111932418162632,2026-08-07,,,,,,,,
KEX,2026-08-06,132.93,131.29,-0.012337320394192552,2026-08-07,,,,,,,,
KEY,2026-08-06,22.66,22.73,0.0030891438658429138,2026-08-07,,,,,,,,
KEYG,2026-08-06,12.66,12.83,0.013428120063191162,2026-08-07,,,,,,,,
KEYS,2026-08-06,336.96,340.97,0.011900522317189077,2026-08-07,,,,,,,,
KEYX,2026-08-06,21.93,22.22,0.013223894208846287,2026-08-07,,,,,,,,
KEYY,2026-08-06,9.85,9.84,-0.0010152284263958977,2026-08-07,,,,,,,,
KF,2026-08-06,58.76,59.21,0.007658270932607181,2026-08-07,,,,,,,,
KFEB,2026-08-06,31.26,31.43,0.005438259756877839,2026-08-07,,,,,,,,
KFFB,2026-08-06,5.62,5.55,-0.01245551601423489,2026-08-07,,,,,,,,
KFII,2026-08-06,10.63,10.61,-0.0018814675446849893,2026-08-07,,,,,,,,
KFRC,2026-08-06,58.54,59.09,0.009395285275025644,2026-08-07,,,,,,,,
KFY,2026-08-06,82.67,84.07,0.016934801016087908,2026-08-07,,,,,,,,
KG,2026-08-06,8.91,8.82,-0.010101010101010055,2026-08-07,,,,,,,,
KGC,2026-08-06,25.62,27.64,0.0788446526151445,2026-08-07,,,,,,,,
KGEI,2026-08-06,5.1,5.09,-0.0019607843137254832,2026-08-07,,,,,,,,
KGLD,2026-08-06,27.01,27.71,0.0259163272861902,2026-08-07,,,,,,,,
KGRN,2026-08-06,23.81,24.16,0.014699706005879998,2026-08-07,,,,,,,,
KGS,2026-08-06,56.86,59.9,0.053464650017587045,2026-08-07,,,,,,,,
KHC,2026-08-06,24.96,25.32,0.014423076923076872,2026-08-07,,,,,,,,
KHPI,2026-08-06,26.25,26.34,0.0034285714285713365,2026-08-07,,,,,,,,
KHYB,2026-08-06,24.13,24.18,0.0020721094073767876,2026-08-07,,,,,,,,
KIDS,2026-08-06,22.83,22.77,-0.0026281208935610145,2026-08-07,,,,,,,,
KIDZ,2026-08-06,0.42,0.4,-0.04761904761904756,2026-08-07,,,,,,,,
KIE,2026-08-06,65.15,64.56,-0.009056024558710685,2026-08-07,,,,,,,,
KIM,2026-08-06,24.43,24.46,0.0012279983626688473,2026-08-07,,,,,,,,
KINS,2026-08-06,20.8,19.03,-0.08509615384615388,2026-08-07,,,,,,,,
KIO,2026-08-06,11.02,11.15,0.011796733212341204,2026-08-07,,,,,,,,
KIQQ,2026-08-06,24.72,24.94,0.008899676375404564,2026-08-07,,,,,,,,
KITT,2026-08-06,1.07,1.08,0.009345794392523477,2026-08-07,,,,,,,,
KJAN,2026-08-06,46.07,46.26,0.004124158888647589,2026-08-07,,,,,,,,
KJD,2026-08-06,22.71,22.91,0.008806693086745865,2026-08-07,,,,,,,,
KJUL,2026-08-06,34.02,34.22,0.005878894767783471,2026-08-07,,,,,,,,
KJUN,2026-08-06,29.94,30.07,0.004342017368069495,2026-08-07,,,,,,,,
KKR,2026-08-06,103.35,102.81,-0.005224963715529718,2026-08-07,,,,,,,,
KLAC,2026-08-06,193.22,198.11,0.025307939136735458,2026-08-07,,,,,,,,
KLAG,2026-08-06,28.11,29.49,0.0490928495197438,2026-08-07,,,,,,,,
KLAR,2026-08-06,20.26,19.9,-0.017769002961500635,2026-08-07,,,,,,,,
KLC,2026-08-06,5.11,5.17,0.011741682974559575,2026-08-07,,,,,,,,
KLIC,2026-08-06,90.66,91.31,0.007169644826825472,2026-08-07,,,,,,,,
KLIP,2026-08-06,24.23,24.28,0.0020635575732563805,2026-08-07,,,,,,,,
KLMN,2026-08-06,31.59,31.83,0.007597340930674212,2026-08-07,,,,,,,,
KLMT,2026-08-06,35.22,35.49,0.0076660988074959135,2026-08-07,,,,,,,,
KLRA,2026-08-06,18.87,18.66,-0.011128775834658211,2026-08-07,,,,,,,,
KLRS,2026-08-06,4.19,4.07,-0.02863961813842486,2026-08-07,,,,,,,,
KLTR,2026-08-06,1.72,1.75,0.01744186046511631,2026-08-07,,,,,,,,
KLXE,2026-08-06,2.15,2.06,-0.041860465116279055,2026-08-07,,,,,,,,
KMAR,2026-08-06,32.41,32.55,0.004319654427645814,2026-08-07,,,,,,,,
KMAY,2026-08-06,30.55,30.7,0.004909983633387904,2026-08-07,,,,,,,,
KMB,2026-08-06,108.66,109.68,0.009387078961899498,2026-08-07,,,,,,,,
KMCA,2026-08-06,17.84,18.03,0.01065022421524664,2026-08-07,,,,,,,,
KMDA,2026-08-06,7.14,7.27,0.0182072829131652,2026-08-07,,,,,,,,
KMEM,2026-08-06,16.74,16.36,-0.02270011947431294,2026-08-07,,,,,,,,
KMI,2026-08-06,31.28,30.85,-0.013746803069053737,2026-08-07,,,,,,,,
KMID,2026-08-06,25.4,25.6,0.007874015748031704,2026-08-07,,,,,,,,
KMLI,2026-08-06,9.36,9.41,0.005341880341880323,2026-08-07,,,,,,,,
KMLM,2026-08-06,28.61,28.21,-0.013981125480601153,2026-08-07,,,,,,,,
KMPR,2026-08-06,29.83,28.51,-0.04425075427422043,2026-08-07,,,,,,,,
KMRK,2026-08-06,1.23,1.24,0.008130081300812941,2026-08-07,,,,,,,,
KMT,2026-08-06,33.85,33.13,-0.021270310192023634,2026-08-07,,,,,,,,
KMTS,2026-08-06,25.27,26.4,0.04471705579738816,2026-08-07,,,,,,,,
KMX,2026-08-06,58.06,58.18,0.0020668274199104886,2026-08-07,,,,,,,,
KN,2026-08-06,39.39,39.08,-0.007870017771007931,2026-08-07,,,,,,,,
KNCT,2026-08-06,194.56,196.37,0.009303042763157965,2026-08-07,,,,,,,,
KNDI,2026-08-06,0.7,0.65,-0.07142857142857129,2026-08-07,,,,,,,,
KNF,2026-08-06,67.51,66.8,-0.010516960450303814,2026-08-07,,,,,,,,
KNG,2026-08-06,51.73,51.96,0.004446162768219741,2026-08-07,,,,,,,,
KNGZ,2026-08-06,41.9,42.62,0.017183770883054894,2026-08-07,,,,,,,,
KNO,2026-08-06,64.19,64.64,0.007010437762891453,2026-08-07,,,,,,,,
KNOP,2026-08-06,10.64,10.58,-0.005639097744360999,2026-08-07,,,,,,,,
KNOV,2026-08-06,32.1,32.2,0.0031152647975078995,2026-08-07,,,,,,,,
KNOW,2026-08-06,13.11,13.15,0.0030511060259343914,2026-08-07,,,,,,,,
KNRG,2026-08-06,25.69,25.68,-0.0003892565200467324,2026-08-07,,,,,,,,
KNRX,2026-08-06,0.37,0.38,0.027027027027026973,2026-08-07,,,,,,,,
KNSA,2026-08-06,76.51,76.06,-0.0058815841066527375,2026-08-07,,,,,,,,
KNSL,2026-08-06,376.37,373.76,-0.006934665355899816,2026-08-07,,,,,,,,
KNTK,2026-08-06,50.17,49.18,-0.01973290811241779,2026-08-07,,,,,,,,
KNX,2026-08-06,69.28,70.02,0.010681293302540418,2026-08-07,,,,,,,,
KO,2026-08-06,86.85,87.05,0.0023028209556708035,2026-08-07,,,,,,,,
KOCT,2026-08-06,37.79,37.88,0.0023815824292141574,2026-08-07,,,,,,,,
KOD,2026-08-06,45.4,45.37,-0.0006607929515418665,2026-08-07,,,,,,,,
KODK,2026-08-06,9.45,10.04,0.06243386243386251,2026-08-07,,,,,,,,
KOF,2026-08-06,109.26,110.44,0.010799926780157287,2026-08-07,,,,,,,,
KOID,2026-08-06,38.43,39.12,0.01795472287275568,2026-08-07,,,,,,,,
KOKU,2026-08-06,134.08,135.29,0.009024463007159644,2026-08-07,,,,,,,,
KOLD,2026-08-06,31.92,31.22,-0.021929824561403577,2026-08-07,,,,,,,,
KOMP,2026-08-06,69.09,70.59,0.021710811984368306,2026-08-07,,,,,,,,
KONG,2026-08-06,32.71,32.99,0.008560073372057442,2026-08-07,,,,,,,,
KOOL,2026-08-06,14.59,14.71,0.008224811514736086,2026-08-07,,,,,,,,
KOP,2026-08-06,52.33,51.24,-0.020829352188037387,2026-08-07,,,,,,,,
KOPN,2026-08-06,4.08,4.27,0.04656862745098023,2026-08-07,,,,,,,,
KORP,2026-08-06,45.9,45.99,0.0019607843137254832,2026-08-07,,,,,,,,
KORU,2026-08-06,16.81,17.36,0.03271861986912561,2026-08-07,,,,,,,,
KOS,2026-08-06,2.47,2.48,0.004048582995951344,2026-08-07,,,,,,,,
KOSS,2026-08-06,3.73,3.72,-0.002680965147452974,2026-08-07,,,,,,,,
KOYN,2026-08-06,10.2,10.22,0.0019607843137257053,2026-08-07,,,,,,,,
KPDD,2026-08-06,6.36,6.5,0.022012578616352085,2026-08-07,,,,,,,,
KPET,2026-08-06,10.05,10.05,0.0,2026-08-07,,,,,,,,
KPHO,2026-08-06,21.89,22.41,0.023755139333028863,2026-08-07,,,,,,,,
KPLT,2026-08-06,6.46,6.67,0.03250773993808043,2026-08-07,,,,,,,,
KPRO,2026-08-06,27.23,27.28,0.0018362100624311761,2026-08-07,,,,,,,,
KPRX,2026-08-06,2.56,2.64,0.03125,2026-08-07,,,,,,,,
KPTI,2026-08-06,1.95,2.12,0.08717948717948731,2026-08-07,,,,,,,,
KQQQ,2026-08-06,29.35,29.55,0.006814310051107331,2026-08-07,,,,,,,,
KR,2026-08-06,57.32,56.73,-0.010293091416608613,2026-08-07,,,,,,,,
KRAQ,2026-08-06,10.0,10.01,0.0009999999999998899,2026-08-07,,,,,,,,
KRBN,2026-08-06,34.1,34.52,0.012316715542522116,2026-08-07,,,,,,,,
KRC,2026-08-06,37.28,37.97,0.018508583690987068,2026-08-07,,,,,,,,
KRE,2026-08-06,76.49,76.21,-0.0036606092299646953,2026-08-07,,,,,,,,
KREF,2026-08-06,7.44,7.76,0.043010752688172005,2026-08-07,,,,,,,,
KRG,2026-08-06,26.71,26.75,0.0014975664545113787,2026-08-07,,,,,,,,
KRKR,2026-08-06,2.97,3.17,0.06734006734006726,2026-08-07,,,,,,,,
KRMD,2026-08-06,3.56,3.55,-0.002808988764045006,2026-08-07,,,,,,,,
KRMN,2026-08-06,55.14,58.23,0.05603917301414585,2026-08-07,,,,,,,,
KRNT,2026-08-06,16.65,17.08,0.02582582582582571,2026-08-07,,,,,,,,
KRNY,2026-08-06,9.59,9.52,-0.007299270072992692,2026-08-07,,,,,,,,
KRO,2026-08-06,8.23,8.59,0.04374240583232081,2026-08-07,,,,,,,,
KROP,2026-08-06,35.01,35.27,0.007426449585832717,2026-08-07,,,,,,,,
KROS,2026-08-06,10.65,11.15,0.04694835680751175,2026-08-07,,,,,,,,
KRP,2026-08-06,14.51,14.98,0.03239145416953826,2026-08-07,,,,,,,,
KRRO,2026-08-06,12.12,13.25,0.09323432343234339,2026-08-07,,,,,,,,
KRSP,2026-08-06,10.46,10.47,0.0009560229445506607,2026-08-07,,,,,,,,
KRT,2026-08-06,42.37,47.09,0.11139957517111188,2026-08-07,,,,,,,,
KRUS,2026-08-06,48.56,48.83,0.005560131795716572,2026-08-07,,,,,,,,
KRWX,2026-08-06,12.59,12.81,0.017474185861795055,2026-08-07,,,,,,,,
KRYP,2026-08-06,17.77,17.83,0.003376477208778761,2026-08-07,,,,,,,,
KRYS,2026-08-06,322.69,326.45,0.011652049955065191,2026-08-07,,,,,,,,
KSA,2026-08-06,37.65,37.65,0.0,2026-08-07,,,,,,,,
KSCP,2026-08-06,1.53,1.57,0.026143790849673332,2026-08-07,,,,,,,,
KSEP,2026-08-06,31.18,31.2,0.0006414368184732844,2026-08-07,,,,,,,,
KSLV,2026-08-06,25.74,26.52,0.030303030303030276,2026-08-07,,,,,,,,
KSPI,2026-08-06,91.8,90.3,-0.016339869281045805,2026-08-07,,,,,,,,
KSPY,2026-08-06,29.87,29.87,0.0,2026-08-07,,,,,,,,
KSS,2026-08-06,18.45,19.3,0.046070460704607186,2026-08-07,,,,,,,,
KSTR,2026-08-06,24.76,25.44,0.02746365105008075,2026-08-07,,,,,,,,
KT,2026-08-06,18.53,18.5,-0.0016189962223421839,2026-08-07,,,,,,,,
KTB,2026-08-06,78.8,77.05,-0.022208121827411165,2026-08-07,,,,,,,,
KTCC,2026-08-06,4.12,4.11,-0.0024271844660194164,2026-08-07,,,,,,,,
KTEC,2026-08-06,13.59,13.78,0.013980868285504044,2026-08-07,,,,,,,,
KTF,2026-08-06,8.94,8.98,0.004474272930648837,2026-08-07,,,,,,,,
KTOS,2026-08-06,57.41,60.77,0.05852638913081365,2026-08-07,,,,,,,,
KTTA,2026-08-06,0.44,0.51,0.15909090909090917,2026-08-07,,,,,,,,
KTUP,2026-08-06,7.92,8.82,0.11363636363636376,2026-08-07,,,,,,,,
KTWO,2026-08-06,9.96,10.03,0.007028112449799062,2026-08-07,,,,,,,,
KULR,2026-08-06,2.76,2.92,0.05797101449275366,2026-08-07,,,,,,,,
KURA,2026-08-06,9.28,9.57,0.03125,2026-08-07,,,,,,,,
KURE,2026-08-06,17.47,18.54,0.06124785346307959,2026-08-07,,,,,,,,
KUST,2026-08-06,1.28,1.21,-0.0546875,2026-08-07,,,,,,,,
KVAC,2026-08-06,11.51,11.51,0.0,2026-08-07,,,,,,,,
KVHI,2026-08-06,8.29,8.03,-0.03136308805790111,2026-08-07,,,,,,,,
KVLE,2026-08-06,29.1,29.36,0.008934707903780037,2026-08-07,,,,,,,,
KVUE,2026-08-06,19.18,19.23,0.002606882168926017,2026-08-07,,,,,,,,
KVYO,2026-08-06,16.73,16.62,-0.006575014943215773,2026-08-07,,,,,,,,
KWEB,2026-08-06,28.38,28.66,0.009866102889358741,2026-08-07,,,,,,,,
KWH,2026-08-06,25.03,25.28,0.009988014382740662,2026-08-07,,,,,,,,
KWIN,2026-08-06,25.72,25.75,0.001166407465007735,2026-08-07,,,,,,,,
KWM,2026-08-06,2.5,2.55,0.020000000000000018,2026-08-07,,,,,,,,
KWR,2026-08-06,167.31,169.95,0.015779092702169484,2026-08-07,,,,,,,,
KWT,2026-08-06,36.94,36.97,0.0008121277747699107,2026-08-07,,,,,,,,
KWY,2026-08-06,9.08,10.24,0.12775330396475781,2026-08-07,,,,,,,,
KXI,2026-08-06,69.26,69.54,0.004042737510828731,2026-08-07,,,,,,,,
KXIN,2026-08-06,5.44,5.3,-0.02573529411764719,2026-08-07,,,,,,,,
KYC,2026-08-06,26.45,26.28,-0.006427221172022657,2026-08-07,,,,,,,,
KYIV,2026-08-06,13.37,13.38,0.0007479431563202077,2026-08-07,,,,,,,,
KYLD,2026-08-06,20.94,21.04,0.0047755491881564804,2026-08-07,,,,,,,,
KYMR,2026-08-06,106.41,107.52,0.010431350436989062,2026-08-07,,,,,,,,
KYN,2026-08-06,14.29,14.17,-0.008397480755773179,2026-08-07,,,,,,,,
KYNB,2026-08-06,6.98,7.27,0.04154727793696256,2026-08-07,,,,,,,,
KYTX,2026-08-06,7.75,7.96,0.02709677419354839,2026-08-07,,,,,,,,
KZIA,2026-08-06,12.33,13.89,0.12652068126520688,2026-08-07,,,,,,,,
L,2026-08-06,115.98,115.53,-0.0038799793067770816,2026-08-07,,,,,,,,
LAB,2026-08-06,0.8,0.8,0.0,2026-08-07,,,,,,,,
LABD,2026-08-06,8.03,7.57,-0.0572851805728517,2026-08-07,,,,,,,,
LABT,2026-08-06,2.23,2.22,-0.004484304932735328,2026-08-07,,,,,,,,
LABU,2026-08-06,262.31,277.23,0.056879264991803735,2026-08-07,,,,,,,,
LABX,2026-08-06,14.51,14.73,0.015161957270847681,2026-08-07,,,,,,,,
LAC,2026-08-06,3.02,3.23,0.06953642384105962,2026-08-07,,,,,,,,
LACG,2026-08-06,2.86,2.86,0.0,2026-08-07,,,,,,,,
LAD,2026-08-06,375.78,375.63,-0.0003991697269678518,2026-08-07,,,,,,,,
LADM,2026-08-06,32.68,32.73,0.0015299877600978284,2026-08-07,,,,,,,,
LADR,2026-08-06,9.54,9.76,0.023060796645702375,2026-08-07,,,,,,,,
LAES,2026-08-06,2.49,2.57,0.032128514056224855,2026-08-07,,,,,,,,
LAFA,2026-08-06,10.13,10.12,-0.000987166831194597,2026-08-07,,,,,,,,
LAKE,2026-08-06,11.87,12.03,0.01347935973041281,2026-08-07,,,,,,,,
LALT,2026-08-06,24.21,24.16,-0.0020652622883106098,2026-08-07,,,,,,,,
LAMR,2026-08-06,160.0,160.93,0.005812499999999998,2026-08-07,,,,,,,,
LAND,2026-08-06,8.34,8.34,0.0,2026-08-07,,,,,,,,
LANV,2026-08-06,1.2,1.2,0.0,2026-08-07,,,,,,,,
LAPR,2026-08-06,25.29,25.31,0.0007908264136022858,2026-08-07,,,,,,,,
LAR,2026-08-06,6.59,6.94,0.05311077389984842,2026-08-07,,,,,,,,
LARK,2026-08-06,32.11,31.98,-0.004048582995951344,2026-08-07,,,,,,,,
LASC,2026-08-06,28.08,14.6,-0.48005698005698005,2026-08-07,,,,,,,,
LASE,2026-08-06,1.15,1.14,-0.008695652173913104,2026-08-07,,,,,,,,
LASR,2026-08-06,75.44,56.15,-0.25569989395546133,2026-08-07,,,,,,,,
LATA,2026-08-06,10.12,10.15,0.0029644268774704496,2026-08-07,,,,,,,,
LATR,2026-08-06,29.02,28.23,-0.02722260509993102,2026-08-07,,,,,,,,
LAUR,2026-08-06,37.31,38.34,0.027606539801661834,2026-08-07,,,,,,,,
LAW,2026-08-06,4.34,4.3,-0.009216589861751112,2026-08-07,,,,,,,,
LAZ,2026-08-06,43.32,44.2,0.02031394275161591,2026-08-07,,,,,,,,
LAZR,2026-08-06,43.57,45.84,0.05210006885471663,2026-08-07,,,,,,,,
LB,2026-08-06,80.4,75.4,-0.062189054726368154,2026-08-07,,,,,,,,
LBAY,2026-08-06,26.41,26.48,0.0026505111700114714,2026-08-07,,,,,,,,
LBGJ,2026-08-06,4.12,3.36,-0.18446601941747576,2026-08-07,,,,,,,,
LBO,2026-08-06,26.47,26.62,0.005666792595391046,2026-08-07,,,,,,,,
LBRDA,2026-08-06,37.09,35.93,-0.03127527635481275,2026-08-07,,,,,,,,
LBRDK,2026-08-06,37.04,35.88,-0.03131749460043187,2026-08-07,,,,,,,,
LBRT,2026-08-06,20.04,19.94,-0.00499001996007975,2026-08-07,,,,,,,,
LBRX,2026-08-06,48.18,48.0,-0.0037359900373599153,2026-08-07,,,,,,,,
LBTYA,2026-08-06,10.78,10.55,-0.021335807050092637,2026-08-07,,,,,,,,
LBTYK,2026-08-06,10.49,10.24,-0.023832221163012424,2026-08-07,,,,,,,,
LCAP,2026-08-06,33.79,34.01,0.006510802012429595,2026-08-07,,,,,,,,
LCCC,2026-08-06,10.48,10.49,0.000954198473282375,2026-08-07,,,,,,,,
LCDS,2026-08-06,74.09,74.39,0.004049129437170951,2026-08-07,,,,,,,,
LCF,2026-08-06,46.36,46.78,0.009059534081104381,2026-08-07,,,,,,,,
LCFY,2026-08-06,2.25,2.38,0.057777777777777706,2026-08-07,,,,,,,,
LCID,2026-08-06,6.98,7.04,0.008595988538681931,2026-08-07,,,,,,,,
LCII,2026-08-06,105.81,108.8,0.028258198657971745,2026-08-07,,,,,,,,
LCLG,2026-08-06,73.24,73.62,0.005188421627525974,2026-08-07,,,,,,,,
LCLN,2026-08-06,23.41,24.55,0.04869713797522435,2026-08-07,,,,,,,,
LCNB,2026-08-06,20.01,19.87,-0.006996501749125472,2026-08-07,,,,,,,,
LCO,2026-08-06,26.72,27.17,0.016841317365269504,2026-08-07,,,,,,,,
LCOW,2026-08-06,26.55,26.69,0.005273069679849307,2026-08-07,,,,,,,,
LCR,2026-08-06,40.22,40.54,0.007956240676280535,2026-08-07,,,,,,,,
LCTD,2026-08-06,59.76,60.41,0.010876840696117718,2026-08-07,,,,,,,,
LCTO,2026-08-06,25.38,25.54,0.0063041765169424835,2026-08-07,,,,,,,,
LCTU,2026-08-06,82.55,83.27,0.008721986674742555,2026-08-07,,,,,,,,
LCTX,2026-08-06,1.13,1.1,-0.0265486725663715,2026-08-07,,,,,,,,
LCUT,2026-08-06,8.7,9.19,0.056321839080459846,2026-08-07,,,,,,,,
LDDR,2026-08-06,77.19,77.29,0.001295504599041486,2026-08-07,,,,,,,,
LDEM,2026-08-06,60.43,60.97,0.008935958960781143,2026-08-07,,,,,,,,
LDI,2026-08-06,0.94,0.95,0.010638297872340496,2026-08-07,,,,,,,,
LDOS,2026-08-06,135.26,137.57,0.017078219724974142,2026-08-07,,,,,,,,
LDP,2026-08-06,20.55,20.65,0.0048661800486617945,2026-08-07,,,,,,,,
LDRC,2026-08-06,25.0,25.06,0.0023999999999999577,2026-08-07,,,,,,,,
LDRH,2026-08-06,24.47,24.51,0.00163465467919921,2026-08-07,,,,,,,,
LDRI,2026-08-06,24.94,24.98,0.001603849238171584,2026-08-07,,,,,,,,
LDRT,2026-08-06,24.93,24.96,0.001203369434416457,2026-08-07,,,,,,,,
LDRX,2026-08-06,36.73,36.98,0.0068064252654505,2026-08-07,,,,,,,,
LDSF,2026-08-06,18.86,18.88,0.0010604453870626251,2026-08-07,,,,,,,,
LDUR,2026-08-06,95.25,95.34,0.0009448818897637157,2026-08-07,,,,,,,,
LE,2026-08-06,12.92,13.12,0.015479876160990669,2026-08-07,,,,,,,,
LEA,2026-08-06,119.08,122.84,0.0315754114880753,2026-08-07,,,,,,,,
LECO,2026-08-06,278.91,281.96,0.010935427198737857,2026-08-07,,,,,,,,
LEDS,2026-08-06,2.13,2.21,0.03755868544600949,2026-08-07,,,,,,,,
LEE,2026-08-06,8.12,8.19,0.008620689655172376,2026-08-07,,,,,,,,
LEG,2026-08-06,9.6,9.62,0.002083333333333215,2026-08-07,,,,,,,,
LEGH,2026-08-06,28.9,29.2,0.01038062283737018,2026-08-07,,,,,,,,
LEGN,2026-08-06,19.28,20.75,0.07624481327800825,2026-08-07,,,,,,,,
LEGO,2026-08-06,9.98,9.98,0.0,2026-08-07,,,,,,,,
LEGR,2026-08-06,66.18,66.51,0.00498640072529466,2026-08-07,,,,,,,,
LEMB,2026-08-06,42.82,43.07,0.0058383932741710165,2026-08-07,,,,,,,,
LEN,2026-08-06,84.82,88.18,0.039613298750294845,2026-08-07,,,,,,,,
LEND,2026-08-06,24.84,24.9,0.0024154589371980784,2026-08-07,,,,,,,,
LENS,2026-08-06,42.18,42.92,0.01754385964912286,2026-08-07,,,,,,,,
LENZ,2026-08-06,5.22,5.36,0.026819923371647514,2026-08-07,,,,,,,,
LEO,2026-08-06,6.17,6.22,0.008103727714748654,2026-08-07,,,,,,,,
LESL,2026-08-06,1.52,1.17,-0.23026315789473695,2026-08-07,,,,,,,,
LEU,2026-08-06,178.03,191.37,0.07493119137224058,2026-08-07,,,,,,,,
LEUX,2026-08-06,13.1,14.84,0.13282442748091605,2026-08-07,,,,,,,,
LEVI,2026-08-06,24.3,24.41,0.004526748971193317,2026-08-07,,,,,,,,
LEXI,2026-08-06,40.85,41.13,0.006854345165238751,2026-08-07,,,,,,,,
LEXX,2026-08-06,5.34,5.27,-0.01310861423220977,2026-08-07,,,,,,,,
LFAC,2026-08-06,10.04,10.04,0.0,2026-08-07,,,,,,,,
LFAI,2026-08-06,145.78,146.1,0.0021950884895047817,2026-08-07,,,,,,,,
LFAO,2026-08-06,158.75,159.09,0.0021417322834644814,2026-08-07,,,,,,,,
LFAW,2026-08-06,169.19,169.56,0.0021868904781607856,2026-08-07,,,,,,,,
LFBE,2026-08-06,177.99,178.39,0.0022473172650148143,2026-08-07,,,,,,,,
LFCR,2026-08-06,4.84,5.01,0.03512396694214881,2026-08-07,,,,,,,,
LFDR,2026-08-06,178.09,178.52,0.0024145095176597575,2026-08-07,,,,,,,,
LFEQ,2026-08-06,61.13,61.46,0.005398331424832259,2026-08-07,,,,,,,,
LFGY,2026-08-06,19.23,19.27,0.002080083203328087,2026-08-07,,,,,,,,
LFMD,2026-08-06,3.4,3.56,0.04705882352941182,2026-08-07,,,,,,,,
LFS,2026-08-06,2.45,2.32,-0.053061224489796,2026-08-07,,,,,,,,
LFSC,2026-08-06,46.26,47.26,0.02161694768698652,2026-08-07,,,,,,,,
LFST,2026-08-06,10.66,10.84,0.016885553470919357,2026-08-07,,,,,,,,
LFT,2026-08-06,0.68,0.7,0.02941176470588225,2026-08-07,,,,,,,,
LFTO,2026-08-06,23.33,25.73,0.10287183883411921,2026-08-07,,,,,,,,
LFUS,2026-08-06,459.24,456.55,-0.005857503701768185,2026-08-07,,,,,,,,
LFVN,2026-08-06,6.58,6.76,0.027355623100303816,2026-08-07,,,,,,,,
LFWD,2026-08-06,7.4,7.68,0.03783783783783767,2026-08-07,,,,,,,,
LGCF,2026-08-06,37.71,37.94,0.006099177936886635,2026-08-07,,,,,,,,
LGCL,2026-08-06,1.32,1.22,-0.0757575757575758,2026-08-07,,,,,,,,
LGCY,2026-08-06,11.98,11.5,-0.04006677796327218,2026-08-07,,,,,,,,
LGDS,2026-08-06,49.79,50.13,0.006828680457923397,2026-08-07,,,,,,,,
LGDX,2026-08-06,25.81,25.96,0.005811700891127591,2026-08-07,,,,,,,,
LGH,2026-08-06,66.34,66.92,0.008742839915586442,2026-08-07,,,,,,,,
LGHL,2026-08-06,0.96,0.9,-0.06249999999999989,2026-08-07,,,,,,,,
LGHT,2026-08-06,8.81,9.06,0.028376844494892195,2026-08-07,,,,,,,,
LGI,2026-08-06,18.29,18.45,0.00874794969928927,2026-08-07,,,,,,,,
LGIH,2026-08-06,59.18,60.04,0.014531936465022044,2026-08-07,,,,,,,,
LGL,2026-08-06,7.35,7.1,-0.03401360544217691,2026-08-07,,,,,,,,
LGLV,2026-08-06,188.73,189.23,0.002649287341704998,2026-08-07,,,,,,,,
LGN,2026-08-06,63.57,64.34,0.012112631744533697,2026-08-07,,,,,,,,
LGND,2026-08-06,300.14,293.15,-0.023289131738522095,2026-08-07,,,,,,,,
LGO,2026-08-06,0.67,0.7,0.04477611940298498,2026-08-07,,,,,,,,
LGOV,2026-08-06,20.96,21.01,0.0023854961832061594,2026-08-07,,,,,,,,
LGPS,2026-08-06,0.91,0.9,-0.01098901098901095,2026-08-07,,,,,,,,
LGRO,2026-08-06,46.39,47.4,0.021771933606380633,2026-08-07,,,,,,,,
LGVN,2026-08-06,0.77,0.77,0.0,2026-08-07,,,,,,,,
LH,2026-08-06,316.53,319.17,0.008340441664297371,2026-08-07,,,,,,,,
LHAI,2026-08-06,0.84,0.82,-0.023809523809523836,2026-08-07,,,,,,,,
LHSW,2026-08-06,2.79,2.96,0.06093189964157708,2026-08-07,,,,,,,,
LHX,2026-08-06,289.53,286.67,-0.009878078264773826,2026-08-07,,,,,,,,
LI,2026-08-06,12.69,12.95,0.02048857368006307,2026-08-07,,,,,,,,
LIAE,2026-08-06,202.48,202.93,0.002222441722639301,2026-08-07,,,,,,,,
LIAM,2026-08-06,229.31,229.87,0.0024421089355022296,2026-08-07,,,,,,,,
LIAU,2026-08-06,253.31,253.98,0.00264498045872652,2026-08-07,,,,,,,,
LIBD,2026-08-06,268.37,269.11,0.0027573871893282753,2026-08-07,,,,,,,,
LICN,2026-08-06,1.19,1.21,0.01680672268907557,2026-08-07,,,,,,,,
LIDR,2026-08-06,1.22,1.32,0.08196721311475419,2026-08-07,,,,,,,,
LIEN,2026-08-06,9.38,9.5,0.012793176972281328,2026-08-07,,,,,,,,
LIF,2026-08-06,59.69,63.19,0.058636287485341,2026-08-07,,,,,,,,
LIFE,2026-08-06,29.81,31.61,0.06038242200603827,2026-08-07,,,,,,,,
LIFT,2026-08-06,22.59,22.61,0.0008853474988932408,2026-08-07,,,,,,,,
LII,2026-08-06,435.73,439.77,0.009271796754870998,2026-08-07,,,,,,,,
LILA,2026-08-06,8.7,8.51,-0.02183908045977001,2026-08-07,,,,,,,,
LILAK,2026-08-06,8.56,8.39,-0.01985981308411211,2026-08-07,,,,,,,,
LIME,2026-08-06,36.56,38.28,0.04704595185995619,2026-08-07,,,,,,,,
LIMI,2026-08-06,41.83,43.38,0.03705474539803988,2026-08-07,,,,,,,,
LIMN,2026-08-06,0.1,0.1,0.0,2026-08-07,,,,,,,,
LIN,2026-08-06,490.11,489.98,-0.00026524657729898315,2026-08-07,,,,,,,,
LINC,2026-08-06,39.33,40.99,0.04220696669209256,2026-08-07,,,,,,,,
LIND,2026-08-06,34.07,33.95,-0.0035221602582916622,2026-08-07,,,,,,,,
LINE,2026-08-06,40.64,42.36,0.042322834645669216,2026-08-07,,,,,,,,
LINK,2026-08-06,4.57,5.1,0.11597374179431053,2026-08-07,,,,,,,,
LINT,2026-08-06,119.93,124.04,0.03426999082798288,2026-08-07,,,,,,,,
LION,2026-08-06,12.93,12.97,0.0030935808197989356,2026-08-07,,,,,,,,
LIQT,2026-08-06,0.61,0.64,0.049180327868852514,2026-08-07,,,,,,,,
LIT,2026-08-06,72.41,74.01,0.02209639552548004,2026-08-07,,,,,,,,
LITB,2026-08-06,3.15,3.1,-0.015873015873015817,2026-08-07,,,,,,,,
LITC,2026-08-06,25.74,28.7,0.11499611499611495,2026-08-07,,,,,,,,
LITE,2026-08-06,838.06,890.17,0.06217931890318118,2026-08-07,,,,,,,,
LITL,2026-08-06,34.51,34.91,0.011590843233845183,2026-08-07,,,,,,,,
LITP,2026-08-06,10.69,11.18,0.04583723105706272,2026-08-07,,,,,,,,
LITS,2026-08-06,0.93,0.91,-0.021505376344086002,2026-08-07,,,,,,,,
LITU,2026-08-06,18.14,20.21,0.11411245865490627,2026-08-07,,,,,,,,
LITX,2026-08-06,28.97,32.52,0.12254055919917173,2026-08-07,,,,,,,,
LITZ,2026-08-06,11.49,10.07,-0.12358572671888601,2026-08-07,,,,,,,,
LIVE,2026-08-06,9.64,9.63,-0.0010373443983402453,2026-08-07,,,,,,,,
LIVN,2026-08-06,75.78,76.22,0.005806281340723141,2026-08-07,,,,,,,,
LJAN,2026-08-06,24.73,24.74,0.0004043671653861658,2026-08-07,,,,,,,,
LJUL,2026-08-06,23.95,23.97,0.0008350730688935215,2026-08-07,,,,,,,,
LKFN,2026-08-06,62.31,61.73,-0.009308297223559747,2026-08-07,,,,,,,,
LKFT,2026-08-06,26.13,27.0,0.033295063145809545,2026-08-07,,,,,,,,
LKOR,2026-08-06,40.24,40.32,0.001988071570576455,2026-08-07,,,,,,,,
LKQ,2026-08-06,24.47,24.86,0.015937883122190355,2026-08-07,,,,,,,,
LKSP,2026-08-06,10.18,10.19,0.0009823182711197198,2026-08-07,,,,,,,,
LLDR,2026-08-06,43.22,43.31,0.0020823692734845967,2026-08-07,,,,,,,,
LLY,2026-08-06,1191.94,1185.71,-0.005226773159722864,2026-08-07,,,,,,,,
LLYVA,2026-08-06,99.61,98.78,-0.008332496737275319,2026-08-07,,,,,,,,
LLYVK,2026-08-06,103.73,102.8,-0.008965583726983528,2026-08-07,,,,,,,,
LLYX,2026-08-06,26.7,26.36,-0.012734082397003688,2026-08-07,,,,,,,,
LMAT,2026-08-06,80.82,81.45,0.007795100222717233,2026-08-07,,,,,,,,
LMB,2026-08-06,47.93,48.7,0.01606509493010644,2026-08-07,,,,,,,,
LMBS,2026-08-06,49.59,49.64,0.001008267795926443,2026-08-07,,,,,,,,
LMND,2026-08-06,51.86,52.94,0.020825298881604226,2026-08-07,,,,,,,,
LMNR,2026-08-06,13.75,13.86,0.008000000000000007,2026-08-07,,,,,,,,
LMNX,2026-08-06,8.75,9.01,0.029714285714285582,2026-08-07,,,,,,,,
LMRI,2026-08-06,11.44,11.58,0.012237762237762295,2026-08-07,,,,,,,,
LMT,2026-08-06,582.85,587.95,0.008750107231706217,2026-08-07,,,,,,,,
LMTL,2026-08-06,38.92,39.56,0.016443987667009274,2026-08-07,,,,,,,,
LMUB,2026-08-06,49.76,50.0,0.004823151125401992,2026-08-07,,,,,,,,
LNAI,2026-08-06,2.42,2.41,-0.004132231404958553,2026-08-07,,,,,,,,
LNC,2026-08-06,46.67,46.03,-0.013713306192414842,2026-08-07,,,,,,,,
LND,2026-08-06,3.59,3.6,0.0027855153203342198,2026-08-07,,,,,,,,
LNG,2026-08-06,265.77,256.14,-0.03623433796139519,2026-08-07,,,,,,,,
LNGX,2026-08-06,41.83,41.58,-0.005976571838393507,2026-08-07,,,,,,,,
LNKS,2026-08-06,0.99,1.02,0.030303030303030276,2026-08-07,,,,,,,,
LNN,2026-08-06,114.65,116.06,0.012298299171391136,2026-08-07,,,,,,,,
LNOK,2026-08-06,30.17,29.97,-0.0066291017567120525,2026-08-07,,,,,,,,
LNSR,2026-08-06,5.74,6.04,0.05226480836236935,2026-08-07,,,,,,,,
LNT,2026-08-06,69.52,69.37,-0.0021576524741080405,2026-08-07,,,,,,,,
LNTH,2026-08-06,101.07,100.95,-0.001187295933511301,2026-08-07,,,,,,,,
LNZA,2026-08-06,6.13,6.29,0.02610114192495927,2026-08-07,,,,,,,,
LOAN,2026-08-06,4.12,4.12,0.0,2026-08-07,,,,,,,,
LOAR,2026-08-06,72.54,70.87,-0.023021781086297266,2026-08-07,,,,,,,,
LOB,2026-08-06,42.51,42.6,0.0021171489061397875,2026-08-07,,,,,,,,
LOBO,2026-08-06,0.69,0.69,0.0,2026-08-07,,,,,,,,
LOCL,2026-08-06,0.98,1.03,0.05102040816326525,2026-08-07,,,,,,,,
LOCO,2026-08-06,16.37,15.16,-0.07391569945021381,2026-08-07,,,,,,,,
LOCT,2026-08-06,23.9,23.9,0.0,2026-08-07,,,,,,,,
LODE,2026-08-06,3.09,3.23,0.04530744336569592,2026-08-07,,,,,,,,
LODI,2026-08-06,25.16,25.16,0.0,2026-08-07,,,,,,,,
LOEV,2026-08-06,15.98,16.19,0.013141426783479293,2026-08-07,,,,,,,,
LOFD,2026-08-06,13.12,9.01,-0.3132621951219512,2026-08-07,,,,,,,,
LOFF,2026-08-06,10.58,13.86,0.31001890359168227,2026-08-07,,,,,,,,
LOGI,2026-08-06,102.97,106.33,0.03263086335825971,2026-08-07,,,,,,,,
LOGO,2026-08-06,20.84,21.18,0.016314779270633295,2026-08-07,,,,,,,,
LOHA,2026-08-06,26.53,26.78,0.009423294383716474,2026-08-07,,,,,,,,
LOMA,2026-08-06,10.79,10.44,-0.0324374420759963,2026-08-07,,,,,,,,
LONA,2026-08-06,7.81,7.68,-0.016645326504481472,2026-08-07,,,,,,,,
LONZ,2026-08-06,49.08,49.12,0.0008149959250203231,2026-08-07,,,,,,,,
LOOP,2026-08-06,0.68,0.68,0.0,2026-08-07,,,,,,,,
LOPE,2026-08-06,148.74,152.53,0.025480704585182146,2026-08-07,,,,,,,,
LOPP,2026-08-06,38.37,38.78,0.010685431326557193,2026-08-07,,,,,,,,
LOT,2026-08-06,0.92,0.95,0.032608695652173836,2026-08-07,,,,,,,,
LOTI,2026-08-06,26.25,26.28,0.0011428571428571122,2026-08-07,,,,,,,,
LOUP,2026-08-06,89.47,93.43,0.04426064602660129,2026-08-07,,,,,,,,
LOVE,2026-08-06,17.22,17.82,0.03484320557491305,2026-08-07,,,,,,,,
LOW,2026-08-06,218.4,223.35,0.022664835164835084,2026-08-07,,,,,,,,
LOWV,2026-08-06,84.33,84.7,0.004387525198624509,2026-08-07,,,,,,,,
LPA,2026-08-06,2.94,2.99,0.017006802721088565,2026-08-07,,,,,,,,
LPAA,2026-08-06,10.75,10.82,0.006511627906976791,2026-08-07,,,,,,,,
LPBB,2026-08-06,10.77,10.77,0.0,2026-08-07,,,,,,,,
LPCN,2026-08-06,2.13,2.13,0.0,2026-08-07,,,,,,,,
LPCV,2026-08-06,10.01,10.04,0.0029970029970030065,2026-08-07,,,,,,,,
LPG,2026-08-06,44.38,45.76,0.0310950878774221,2026-08-07,,,,,,,,
LPL,2026-08-06,3.24,3.3,0.01851851851851838,2026-08-07,,,,,,,,
LPLA,2026-08-06,359.05,362.63,0.009970756162094307,2026-08-07,,,,,,,,
LPRE,2026-08-06,30.01,30.16,0.004998333888703632,2026-08-07,,,,,,,,
LPRO,2026-08-06,3.14,3.14,0.0,2026-08-07,,,,,,,,
LPSN,2026-08-06,2.21,2.62,0.18552036199095023,2026-08-07,,,,,,,,
LPTH,2026-08-06,12.01,13.06,0.08742714404662788,2026-08-07,,,,,,,,
LPX,2026-08-06,75.91,78.51,0.034251086813331666,2026-08-07,,,,,,,,
LQ,2026-08-06,23.74,23.85,0.004633529907329459,2026-08-07,,,,,,,,
LQAI,2026-08-06,45.26,45.51,0.005523641184268735,2026-08-07,,,,,,,,
LQD,2026-08-06,106.36,106.55,0.0017863858593456516,2026-08-07,,,,,,,,
LQDA,2026-08-06,89.42,90.22,0.00894654439722653,2026-08-07,,,,,,,,
LQDB,2026-08-06,84.82,84.93,0.001296863947182425,2026-08-07,,,,,,,,
LQDH,2026-08-06,92.39,92.36,-0.00032471046650073276,2026-08-07,,,,,,,,
LQDI,2026-08-06,25.77,25.82,0.0019402405898332198,2026-08-07,,,,,,,,
LQDM,2026-08-06,23.94,23.96,0.0008354218880535225,2026-08-07,,,,,,,,
LQDT,2026-08-06,42.01,42.06,0.0011901928112354465,2026-08-07,,,,,,,,
LQDW,2026-08-06,23.38,23.39,0.00042771599657842607,2026-08-07,,,,,,,,
LQID,2026-08-06,25.01,25.01,0.0,2026-08-07,,,,,,,,
LQTI,2026-08-06,18.73,18.76,0.0016017084890549427,2026-08-07,,,,,,,,
LRCC,2026-08-06,17.72,18.19,0.026523702031602925,2026-08-07,,,,,,,,
LRCU,2026-08-06,50.46,52.31,0.03666270313119302,2026-08-07,,,,,,,,
LRCX,2026-08-06,305.77,311.35,0.01824901069431295,2026-08-07,,,,,,,,
LRE,2026-08-06,1.25,1.33,0.06400000000000006,2026-08-07,,,,,,,,
LRGC,2026-08-06,87.56,87.98,0.0047967108268616165,2026-08-07,,,,,,,,
LRGE,2026-08-06,86.94,88.2,0.01449275362318847,2026-08-07,,,,,,,,
LRGF,2026-08-06,78.13,78.79,0.00844745936260094,2026-08-07,,,,,,,,
LRGG,2026-08-06,29.77,29.93,0.005374538125629824,2026-08-07,,,,,,,,
LRHC,2026-08-06,0.84,0.84,0.0,2026-08-07,,,,,,,,
LRMR,2026-08-06,4.2,4.16,-0.00952380952380949,2026-08-07,,,,,,,,
LRN,2026-08-06,80.0,82.51,0.03137500000000015,2026-08-07,,,,,,,,
LRND,2026-08-06,46.99,47.53,0.01149180676739725,2026-08-07,,,,,,,,
LRNX,2026-08-06,21.99,22.95,0.043656207366985056,2026-08-07,,,,,,,,
LRNZ,2026-08-06,61.6,63.59,0.03230519480519489,2026-08-07,,,,,,,,
LSAF,2026-08-06,55.42,56.08,0.011909058101768233,2026-08-07,,,,,,,,
LSAK,2026-08-06,4.7,4.89,0.04042553191489362,2026-08-07,,,,,,,,
LSAT,2026-08-06,45.98,46.36,0.008264462809917328,2026-08-07,,,,,,,,
LSBK,2026-08-06,17.15,17.05,-0.005830903790087327,2026-08-07,,,,,,,,
LSCC,2026-08-06,128.7,130.03,0.010334110334110358,2026-08-07,,,,,,,,
LSCP,2026-08-06,24.75,24.78,0.00121212121212122,2026-08-07,,,,,,,,
LSE,2026-08-06,4.55,4.41,-0.03076923076923066,2026-08-07,,,,,,,,
LSEQ,2026-08-06,32.3,32.86,0.017337461300309664,2026-08-07,,,,,,,,
LSF,2026-08-06,4.54,4.34,-0.04405286343612336,2026-08-07,,,,,,,,
LSGR,2026-08-06,44.5,44.92,0.009438202247191052,2026-08-07,,,,,,,,
LSPD,2026-08-06,10.23,10.46,0.022482893450635366,2026-08-07,,,,,,,,
LST,2026-08-06,47.53,48.01,0.010098884914790496,2026-08-07,,,,,,,,
LSTA,2026-08-06,1.07,1.06,-0.009345794392523366,2026-08-07,,,,,,,,
LSTB,2026-08-06,24.73,24.76,0.0012131014961584974,2026-08-07,,,,,,,,
LSTR,2026-08-06,177.06,182.99,0.03349147181746304,2026-08-07,,,,,,,,
LSVD,2026-08-06,35.92,36.29,0.0103006681514477,2026-08-07,,,,,,,,
LTAX,2026-08-06,24.82,24.9,0.003223207091055613,2026-08-07,,,,,,,,
LTBR,2026-08-06,9.15,9.47,0.0349726775956285,2026-08-07,,,,,,,,
LTC,2026-08-06,39.45,39.85,0.010139416983523386,2026-08-07,,,,,,,,
LTCC,2026-08-06,11.06,11.06,0.0,2026-08-07,,,,,,,,
LTGR,2026-08-06,9.9,9.91,0.0010101010101009056,2026-08-07,,,,,,,,
LTH,2026-08-06,43.48,43.81,0.007589696412143576,2026-08-07,,,,,,,,
LTL,2026-08-06,24.14,24.25,0.004556752278376042,2026-08-07,,,,,,,,
LTM,2026-08-06,57.45,56.72,-0.012706701479547555,2026-08-07,,,,,,,,
LTPZ,2026-08-06,47.81,47.98,0.0035557414766784756,2026-08-07,,,,,,,,
LTRN,2026-08-06,2.78,2.86,0.02877697841726623,2026-08-07,,,,,,,,
LTRX,2026-08-06,5.83,5.97,0.02401372212692965,2026-08-07,,,,,,,,
LTTI,2026-08-06,17.54,17.58,0.0022805017103761926,2026-08-07,,,,,,,,
LU,2026-08-06,1.49,1.5,0.006711409395973256,2026-08-07,,,,,,,,
LUCD,2026-08-06,0.95,0.97,0.021052631578947434,2026-08-07,,,,,,,,
LUCK,2026-08-06,6.68,6.68,0.0,2026-08-07,,,,,,,,
LUCY,2026-08-06,0.72,0.72,0.0,2026-08-07,,,,,,,,
LUD,2026-08-06,4.2,4.41,0.050000000000000044,2026-08-07,,,,,,,,
LULG,2026-08-06,7.05,7.49,0.06241134751773059,2026-08-07,,,,,,,,
LULU,2026-08-06,124.73,128.58,0.030866672011544916,2026-08-07,,,,,,,,
LUMA,2026-08-06,24.91,25.71,0.03211561621838621,2026-08-07,,,,,,,,
LUMN,2026-08-06,5.9,6.24,0.057627118644067776,2026-08-07,,,,,,,,
LUNG,2026-08-06,2.05,2.04,-0.004878048780487698,2026-08-07,,,,,,,,
LUNL,2026-08-06,4.22,5.05,0.19668246445497628,2026-08-07,,,,,,,,
LUNR,2026-08-06,14.93,16.4,0.09845947756195561,2026-08-07,,,,,,,,
LUV,2026-08-06,46.94,47.05,0.0023434171282488148,2026-08-07,,,,,,,,
LUXE,2026-08-06,8.05,8.1,0.006211180124223503,2026-08-07,,,,,,,,
LVDS,2026-08-06,60.66,60.87,0.0034619188921860555,2026-08-07,,,,,,,,
LVHD,2026-08-06,44.33,44.42,0.002030227836679499,2026-08-07,,,,,,,,
LVHI,2026-08-06,42.82,42.93,0.002568893040635123,2026-08-07,,,,,,,,
LVIG,2026-08-06,98.21,98.43,0.0022400977497201158,2026-08-07,,,,,,,,
LVLN,2026-08-06,24.64,24.75,0.004464285714285587,2026-08-07,,,,,,,,
LVLU,2026-08-06,17.34,18.26,0.053056516724336866,2026-08-07,,,,,,,,
LVO,2026-08-06,4.13,4.22,0.021791767554479424,2026-08-07,,,,,,,,
LVS,2026-08-06,46.11,45.77,-0.007373671654738567,2026-08-07,,,,,,,,
LVWR,2026-08-06,1.11,1.08,-0.027027027027027084,2026-08-07,,,,,,,,
LW,2026-08-06,52.05,52.27,0.0042267050912585535,2026-08-07,,,,,,,,
LWAC,2026-08-06,10.29,10.29,0.0,2026-08-07,,,,,,,,
LWAY,2026-08-06,31.06,31.5,0.014166130070830674,2026-08-07,,,,,,,,
LWLG,2026-08-06,7.59,8.11,0.06851119894598146,2026-08-07,,,,,,,,
LX,2026-08-06,1.45,1.46,0.006896551724137945,2026-08-07,,,,,,,,
LXEH,2026-08-06,1.6,1.71,0.06874999999999987,2026-08-07,,,,,,,,
LXEO,2026-08-06,4.55,4.81,0.05714285714285716,2026-08-07,,,,,,,,
LXFR,2026-08-06,17.09,17.1,0.0005851375073142595,2026-08-07,,,,,,,,
LXP,2026-08-06,60.55,60.56,0.00016515276630890696,2026-08-07,,,,,,,,
LXRX,2026-08-06,2.36,2.47,0.04661016949152552,2026-08-07,,,,,,,,
LXU,2026-08-06,9.69,9.62,-0.007223942208462342,2026-08-07,,,,,,,,
LYB,2026-08-06,61.44,59.59,-0.03011067708333326,2026-08-07,,,,,,,,
LYEL,2026-08-06,14.21,14.71,0.035186488388458725,2026-08-07,,,,,,,,
LYFT,2026-08-06,16.3,17.46,0.07116564417177917,2026-08-07,,,,,,,,
LYG,2026-08-06,6.19,6.28,0.01453957996768973,2026-08-07,,,,,,,,
LYLD,2026-08-06,32.39,32.57,0.005557270762581057,2026-08-07,,,,,,,,
LYTE,2026-08-06,25.34,26.37,0.04064719810576167,2026-08-07,,,,,,,,
LYTS,2026-08-06,24.86,25.17,0.01246983105390198,2026-08-07,,,,,,,,
LYV,2026-08-06,181.77,180.66,-0.006106618253837293,2026-08-07,,,,,,,,
LZ,2026-08-06,5.66,5.77,0.019434628975264934,2026-08-07,,,,,,,,
LZB,2026-08-06,40.64,42.14,0.03690944881889768,2026-08-07,,,,,,,,
LZM,2026-08-06,3.94,4.12,0.045685279187817285,2026-08-07,,,,,,,,
LZMH,2026-08-06,1.16,1.2,0.034482758620689724,2026-08-07,,,,,,,,
M,2026-08-06,25.13,25.4,0.010744130521289197,2026-08-07,,,,,,,,
MA,2026-08-06,575.95,562.95,-0.02257140376768818,2026-08-07,,,,,,,,
MAA,2026-08-06,133.63,134.96,0.00995285489785247,2026-08-07,,,,,,,,
MAAS,2026-08-06,18.91,18.75,-0.008461131676361755,2026-08-07,,,,,,,,
MAAY,2026-08-06,5.81,5.6,-0.03614457831325302,2026-08-07,,,,,,,,
MAC,2026-08-06,23.49,24.4,0.03873988931460204,2026-08-07,,,,,,,,
MACI,2026-08-06,10.99,10.92,-0.006369426751592355,2026-08-07,,,,,,,,
MADE,2026-08-06,38.21,38.52,0.008113059408531909,2026-08-07,,,,,,,,
MAGA,2026-08-06,57.13,57.42,0.0050761421319796,2026-08-07,,,,,,,,
MAGC,2026-08-06,20.43,20.67,0.011747430249632984,2026-08-07,,,,,,,,
MAGG,2026-08-06,19.92,19.92,0.0,2026-08-07,,,,,,,,
MAGN,2026-08-06,12.53,12.91,0.03032721468475663,2026-08-07,,,,,,,,
MAGS,2026-08-06,68.58,69.14,0.00816564596092162,2026-08-07,,,,,,,,
MAGX,2026-08-06,56.93,57.93,0.017565431231336692,2026-08-07,,,,,,,,
MAGY,2026-08-06,42.61,42.45,-0.003754987092231765,2026-08-07,,,,,,,,
MAIA,2026-08-06,1.42,1.42,0.0,2026-08-07,,,,,,,,
MAIN,2026-08-06,56.79,58.94,0.03785877795386505,2026-08-07,,,,,,,,
MAIR,2026-08-06,31.26,31.09,-0.005438259756877839,2026-08-07,,,,,,,,
MAKO,2026-08-06,8.66,9.54,0.10161662817551953,2026-08-07,,,,,,,,
MAKX,2026-08-06,70.63,71.68,0.014866204162537366,2026-08-07,,,,,,,,
MAMA,2026-08-06,18.31,17.91,-0.021845985800109102,2026-08-07,,,,,,,,
MAMB,2026-08-06,23.83,23.93,0.004196391103650887,2026-08-07,,,,,,,,
MAMO,2026-08-06,1.07,1.06,-0.009345794392523366,2026-08-07,,,,,,,,
MAN,2026-08-06,55.34,56.6,0.022768341163715178,2026-08-07,,,,,,,,
MANE,2026-08-06,108.65,114.39,0.05283018867924527,2026-08-07,,,,,,,,
MANH,2026-08-06,190.63,195.23,0.024130514609452813,2026-08-07,,,,,,,,
MANI,2026-08-06,25.87,25.9,0.0011596443757246888,2026-08-07,,,,,,,,
MANU,2026-08-06,21.91,21.63,-0.012779552715655007,2026-08-07,,,,,,,,
MAPP,2026-08-06,27.85,28.07,0.007899461400359131,2026-08-07,,,,,,,,
MAR,2026-08-06,359.67,353.91,-0.016014680123446423,2026-08-07,,,,,,,,
MARA,2026-08-06,10.65,10.09,-0.05258215962441315,2026-08-07,,,,,,,,
MARM,2026-08-06,34.36,34.41,0.0014551804423748038,2026-08-07,,,,,,,,
MARO,2026-08-06,4.44,4.21,-0.05180180180180194,2026-08-07,,,,,,,,
MARPS,2026-08-06,4.87,4.81,-0.012320328542094527,2026-08-07,,,,,,,,
MARS,2026-08-06,26.03,27.77,0.06684594698424884,2026-08-07,,,,,,,,
MART,2026-08-06,42.71,42.79,0.0018730976352141493,2026-08-07,,,,,,,,
MARU,2026-08-06,30.28,30.45,0.0056142668428005305,2026-08-07,,,,,,,,
MARW,2026-08-06,36.58,36.64,0.0016402405686168908,2026-08-07,,,,,,,,
MARZ,2026-08-06,37.5,37.68,0.0047999999999999154,2026-08-07,,,,,,,,
MAS,2026-08-06,75.47,77.51,0.027030608188684413,2026-08-07,,,,,,,,
MASK,2026-08-06,1.55,1.63,0.05161290322580636,2026-08-07,,,,,,,,
MASS,2026-08-06,8.3,8.88,0.06987951807228909,2026-08-07,,,,,,,,
MAT,2026-08-06,14.49,14.79,0.020703933747411973,2026-08-07,,,,,,,,
MATE,2026-08-06,31.05,31.18,0.004186795491143203,2026-08-07,,,,,,,,
MATH,2026-08-06,0.87,0.89,0.02298850574712641,2026-08-07,,,,,,,,
MATV,2026-08-06,11.68,12.89,0.10359589041095907,2026-08-07,,,,,,,,
MATW,2026-08-06,27.66,23.7,-0.14316702819956617,2026-08-07,,,,,,,,
MATX,2026-08-06,206.26,206.77,0.0024726073887326727,2026-08-07,,,,,,,,
MAUG,2026-08-06,33.22,33.31,0.002709211318483007,2026-08-07,,,,,,,,
MAVF,2026-08-06,141.39,142.26,0.0061531932951410795,2026-08-07,,,,,,,,
MAX,2026-08-06,12.34,13.4,0.0858995137763372,2026-08-07,,,,,,,,
MAXI,2026-08-06,9.05,9.13,0.008839779005524795,2026-08-07,,,,,,,,
MAXJ,2026-08-06,29.38,29.45,0.0023825731790334537,2026-08-07,,,,,,,,
MAYC,2026-08-06,26.07,26.12,0.001917913310318431,2026-08-07,,,,,,,,
MAYM,2026-08-06,33.16,33.19,0.000904704463208672,2026-08-07,,,,,,,,
MAYP,2026-08-06,33.06,33.18,0.003629764065335772,2026-08-07,,,,,,,,
MAYS,2026-08-06,40.0,38.75,-0.03125,2026-08-07,,,,,,,,
MAYT,2026-08-06,39.8,39.87,0.0017587939698493482,2026-08-07,,,,,,,,
MAYU,2026-08-06,34.81,35.0,0.005458201666187712,2026-08-07,,,,,,,,
MAYW,2026-08-06,35.27,35.36,0.0025517436915223346,2026-08-07,,,,,,,,
MAYZ,2026-08-06,36.89,37.07,0.004879371103279961,2026-08-07,,,,,,,,
MAZE,2026-08-06,28.53,28.65,0.004206098843322792,2026-08-07,,,,,,,,
MB,2026-08-06,3.75,8.92,1.3786666666666667,2026-08-07,,,,,,,,
MBAI,2026-08-06,1.43,1.41,-0.013986013986013957,2026-08-07,,,,,,,,
MBB,2026-08-06,93.01,93.27,0.0027953983442638997,2026-08-07,,,,,,,,
MBBA,2026-08-06,48.9,49.04,0.002862985685071484,2026-08-07,,,,,,,,
MBBB,2026-08-06,20.98,21.01,0.0014299332697806921,2026-08-07,,,,,,,,
MBBC,2026-08-06,15.13,15.1,-0.001982815598149501,2026-08-07,,,,,,,,
MBC,2026-08-06,9.0,9.37,0.0411111111111111,2026-08-07,,,,,,,,
MBCE,2026-08-06,38.36,38.94,0.015119916579770631,2026-08-07,,,,,,,,
MBGL,2026-08-06,20.73,19.7,-0.04968644476603956,2026-08-07,,,,,,,,
MBI,2026-08-06,5.28,5.11,-0.032196969696969724,2026-08-07,,,,,,,,
MBIN,2026-08-06,54.06,54.25,0.0035146133925267886,2026-08-07,,,,,,,,
MBIO,2026-08-06,0.58,0.6,0.034482758620689724,2026-08-07,,,,,,,,
MBLY,2026-08-06,8.42,8.73,0.03681710213776723,2026-08-07,,,,,,,,
MBND,2026-08-06,26.95,26.94,-0.00037105751391453,2026-08-07,,,,,,,,
MBOT,2026-08-06,1.8,1.89,0.04999999999999982,2026-08-07,,,,,,,,
MBOX,2026-08-06,42.17,42.33,0.003794166469053728,2026-08-07,,,,,,,,
MBRX,2026-08-06,0.38,0.41,0.07894736842105265,2026-08-07,,,,,,,,
MBS,2026-08-06,8.53,8.53,0.0,2026-08-07,,,,,,,,
MBSD,2026-08-06,20.38,20.42,0.001962708537782243,2026-08-07,,,,,,,,
MBSF,2026-08-06,25.62,25.61,-0.00039032006245132145,2026-08-07,,,,,,,,
MBSX,2026-08-06,27.59,26.38,-0.04385646973541146,2026-08-07,,,,,,,,
MBUU,2026-08-06,28.61,28.88,0.009437259699405898,2026-08-07,,,,,,,,
MBVI,2026-08-06,10.19,10.18,-0.0009813542688910104,2026-08-07,,,,,,,,
MBWM,2026-08-06,61.33,60.7,-0.010272297407467712,2026-08-07,,,,,,,,
MBX,2026-08-06,67.11,67.82,0.010579645358366863,2026-08-07,,,,,,,,
MC,2026-08-06,67.29,66.63,-0.009808292465448232,2026-08-07,,,,,,,,
MCAH,2026-08-06,9.97,9.95,-0.0020060180541626726,2026-08-07,,,,,,,,
MCB,2026-08-06,92.85,92.86,0.00010770059235332141,2026-08-07,,,,,,,,
MCBS,2026-08-06,35.88,35.74,-0.0039018952062430667,2026-08-07,,,,,,,,
MCD,2026-08-06,276.26,274.48,-0.00644320567581258,2026-08-07,,,,,,,,
MCDS,2026-08-06,68.67,69.31,0.009319935925440559,2026-08-07,,,,,,,,
MCFT,2026-08-06,24.39,24.36,-0.0012300123001230956,2026-08-07,,,,,,,,
MCGA,2026-08-06,10.24,10.23,-0.0009765625,2026-08-07,,,,,,,,
MCH,2026-08-06,28.75,29.28,0.018434782608695688,2026-08-07,,,,,,,,
MCHB,2026-08-06,16.79,16.64,-0.008933889219773561,2026-08-07,,,,,,,,
MCHG,2026-08-06,7.68,9.76,0.27083333333333326,2026-08-07,,,,,,,,
MCHI,2026-08-06,55.9,56.57,0.011985688729874822,2026-08-07,,,,,,,,
MCHP,2026-08-06,74.36,84.69,0.13891877353415816,2026-08-07,,,,,,,,
MCHS,2026-08-06,41.94,42.42,0.011444921316166035,2026-08-07,,,,,,,,
MCHU,2026-08-06,13.51,17.04,0.26128793486306434,2026-08-07,,,,,,,,
MCHX,2026-08-06,1.81,1.8,-0.0055248618784530246,2026-08-07,,,,,,,,
MCI,2026-08-06,16.69,16.77,0.004793289394847022,2026-08-07,,,,,,,,
MCK,2026-08-06,871.38,869.58,-0.0020656889072505624,2026-08-07,,,,,,,,
MCN,2026-08-06,5.58,5.64,0.010752688172043001,2026-08-07,,,,,,,,
MCO,2026-08-06,473.13,477.75,0.009764758100310633,2026-08-07,,,,,,,,
MCOW,2026-08-06,21.84,22.23,0.017857142857142794,2026-08-07,,,,,,,,
MCRB,2026-08-06,4.82,4.87,0.010373443983402453,2026-08-07,,,,,,,,
MCRI,2026-08-06,122.1,124.39,0.018755118755118705,2026-08-07,,,,,,,,
MCRP,2026-08-06,1.26,1.29,0.023809523809523725,2026-08-07,,,,,,,,
MCS,2026-08-06,30.63,30.65,0.0006529546196538671,2026-08-07,,,,,,,,
MCVT,2026-08-06,28.42,28.83,0.01442646023926808,2026-08-07,,,,,,,,
MCY,2026-08-06,107.44,109.5,0.01917349218168285,2026-08-07,,,,,,,,
MD,2026-08-06,26.51,27.08,0.021501320256506862,2026-08-07,,,,,,,,
MDA,2026-08-06,34.26,34.59,0.009632224168126147,2026-08-07,,,,,,,,
MDAA,2026-08-06,116.88,117.52,0.005475701574264136,2026-08-07,,,,,,,,
MDAI,2026-08-06,1.66,1.75,0.054216867469879526,2026-08-07,,,,,,,,
MDB,2026-08-06,370.0,398.8,0.07783783783783793,2026-08-07,,,,,,,,
MDBH,2026-08-06,2.99,2.92,-0.02341137123745829,2026-08-07,,,,,,,,
MDCR,2026-08-06,32.75,32.81,0.001832061068702373,2026-08-07,,,,,,,,
MDCX,2026-08-06,0.31,0.3,-0.032258064516129115,2026-08-07,,,,,,,,
MDEV,2026-08-06,20.55,20.91,0.01751824817518255,2026-08-07,,,,,,,,
MDGL,2026-08-06,510.36,510.04,-0.0006270083862371933,2026-08-07,,,,,,,,
MDIA,2026-08-06,1.01,0.95,-0.05940594059405946,2026-08-07,,,,,,,,
MDIV,2026-08-06,16.75,16.77,0.0011940298507462366,2026-08-07,,,,,,,,
MDLN,2026-08-06,34.51,35.23,0.02086351782092155,2026-08-07,,,,,,,,
MDLV,2026-08-06,31.43,31.52,0.002863506204263455,2026-08-07,,,,,,,,
MDLZ,2026-08-06,62.75,62.61,-0.002231075697211149,2026-08-07,,,,,,,,
MDPL,2026-08-06,28.97,29.18,0.007248878149810123,2026-08-07,,,,,,,,
MDRR,2026-08-06,11.51,11.39,-0.010425716768027726,2026-08-07,,,,,,,,
MDST,2026-08-06,29.08,28.74,-0.011691884456671242,2026-08-07,,,,,,,,
MDT,2026-08-06,85.92,87.16,0.014432029795158119,2026-08-07,,,,,,,,
MDU,2026-08-06,20.76,20.55,-0.010115606936416222,2026-08-07,,,,,,,,
MDV,2026-08-06,17.96,18.13,0.009465478841870656,2026-08-07,,,,,,,,
MDWD,2026-08-06,14.28,14.39,0.007703081232493192,2026-08-07,,,,,,,,
MDXG,2026-08-06,4.18,4.34,0.038277511961722466,2026-08-07,,,,,,,,
MDXH,2026-08-06,0.44,0.46,0.045454545454545414,2026-08-07,,,,,,,,
MDY,2026-08-06,699.57,709.16,0.013708420887116324,2026-08-07,,,,,,,,
MDYG,2026-08-06,109.89,112.06,0.019747019747019756,2026-08-07,,,,,,,,
MDYV,2026-08-06,95.93,96.66,0.007609715417491891,2026-08-07,,,,,,,,
MEAR,2026-08-06,50.14,50.17,0.0005983246908656259,2026-08-07,,,,,,,,
MEC,2026-08-06,24.83,24.18,-0.02617801047120416,2026-08-07,,,,,,,,
MED,2026-08-06,12.12,12.62,0.041254125412541365,2026-08-07,,,,,,,,
MEDI,2026-08-06,33.43,33.99,0.016751420879449697,2026-08-07,,,,,,,,
MEDP,2026-08-06,585.01,590.67,0.009675048289772725,2026-08-07,,,,,,,,
MEDS,2026-08-06,2.64,1.99,-0.24621212121212122,2026-08-07,,,,,,,,
MEDX,2026-08-06,35.33,35.62,0.008208321539767915,2026-08-07,,,,,,,,
MEGI,2026-08-06,15.13,15.21,0.005287508261731633,2026-08-07,,,,,,,,
MEGL,2026-08-06,1.23,1.2,-0.024390243902439046,2026-08-07,,,,,,,,
MEI,2026-08-06,16.49,16.67,0.010915706488781263,2026-08-07,,,,,,,,
MEIB,2026-08-06,24.83,25.08,0.01006846556584784,2026-08-07,,,,,,,,
MELI,2026-08-06,1830.0,1820.69,-0.005087431693989064,2026-08-07,,,,,,,,
MEM,2026-08-06,43.66,43.8,0.0032065964269354374,2026-08-07,,,,,,,,
MEMA,2026-08-06,30.19,30.44,0.008280887711162643,2026-08-07,,,,,,,,
MEME,2026-08-06,7.67,8.01,0.04432855280312897,2026-08-07,,,,,,,,
MEMS,2026-08-06,30.61,30.8,0.006207121855602793,2026-08-07,,,,,,,,
MEMX,2026-08-06,46.6,46.67,0.0015021459227468892,2026-08-07,,,,,,,,
MEMY,2026-08-06,17.28,17.37,0.005208333333333259,2026-08-07,,,,,,,,
MENS,2026-08-06,2.02,2.03,0.004950495049504955,2026-08-07,,,,,,,,
MEOH,2026-08-06,54.38,53.27,-0.02041191614564175,2026-08-07,,,,,,,,
MERC,2026-08-06,0.68,0.59,-0.13235294117647067,2026-08-07,,,,,,,,
MESH,2026-08-06,10.03,10.03,0.0,2026-08-07,,,,,,,,
MESO,2026-08-06,15.62,15.94,0.020486555697823317,2026-08-07,,,,,,,,
MET,2026-08-06,99.95,97.77,-0.02181090545272646,2026-08-07,,,,,,,,
META,2026-08-06,589.9,592.1,0.0037294456687575472,2026-08-07,,,,,,,,
METC,2026-08-06,9.59,10.24,0.0677789363920751,2026-08-07,,,,,,,,
METD,2026-08-06,16.27,16.19,-0.00491702519975401,2026-08-07,,,,,,,,
METG,2026-08-06,13.93,14.1,0.012203876525484603,2026-08-07,,,,,,,,
METL,2026-08-06,26.86,27.64,0.02903946388682055,2026-08-07,,,,,,,,
METU,2026-08-06,21.27,21.42,0.007052186177715303,2026-08-07,,,,,,,,
METV,2026-08-06,18.95,19.19,0.01266490765171513,2026-08-07,,,,,,,,
METW,2026-08-06,24.49,24.7,0.008574928542262272,2026-08-07,,,,,,,,
MEVO,2026-08-06,9.99,9.98,-0.0010010010010009784,2026-08-07,,,,,,,,
MEXX,2026-08-06,29.51,30.5,0.033547949847509306,2026-08-07,,,,,,,,
MF,2026-08-06,10.5,9.81,-0.06571428571428561,2026-08-07,,,,,,,,
MFA,2026-08-06,9.05,9.23,0.019889502762430844,2026-08-07,,,,,,,,
MFC,2026-08-06,44.58,44.32,-0.00583221175414983,2026-08-07,,,,,,,,
MFDX,2026-08-06,42.3,42.8,0.011820330969267046,2026-08-07,,,,,,,,
MFEB,2026-08-06,33.16,33.23,0.0021109770808203088,2026-08-07,,,,,,,,
MFEM,2026-08-06,27.62,27.77,0.005430847212165135,2026-08-07,,,,,,,,
MFG,2026-08-06,10.69,10.71,0.00187090739008422,2026-08-07,,,,,,,,
MFI,2026-08-06,7.54,8.01,0.06233421750663126,2026-08-07,,,,,,,,
MFIC,2026-08-06,9.71,9.76,0.005149330587023604,2026-08-07,,,,,,,,
MFIG,2026-08-06,20.97,21.47,0.023843586075345646,2026-08-07,,,,,,,,
MFIN,2026-08-06,10.84,10.9,0.005535055350553542,2026-08-07,,,,,,,,
MFLX,2026-08-06,16.98,16.98,0.0,2026-08-07,,,,,,,,
MFM,2026-08-06,5.39,5.44,0.00927643784786647,2026-08-07,,,,,,,,
MFMO,2026-08-06,23.22,23.64,0.01808785529715773,2026-08-07,,,,,,,,
MFP,2026-08-06,46.71,45.92,-0.016912866623849276,2026-08-07,,,,,,,,
MFSB,2026-08-06,24.65,24.7,0.0020283975659229903,2026-08-07,,,,,,,,
MFSG,2026-08-06,30.32,30.6,0.00923482849604218,2026-08-07,,,,,,,,
MFSI,2026-08-06,33.65,33.87,0.0065378900445765,2026-08-07,,,,,,,,
MFSM,2026-08-06,24.8,24.84,0.001612903225806317,2026-08-07,,,,,,,,
MFSV,2026-08-06,29.8,29.96,0.005369127516778427,2026-08-07,,,,,,,,
MFUL,2026-08-06,22.46,22.54,0.003561887800534125,2026-08-07,,,,,,,,
MFUS,2026-08-06,66.24,66.56,0.004830917874396157,2026-08-07,,,,,,,,
MFUT,2026-08-06,19.03,19.14,0.005780346820809301,2026-08-07,,,,,,,,
MFVL,2026-08-06,21.96,22.11,0.006830601092896016,2026-08-07,,,,,,,,
MG,2026-08-06,15.64,16.08,0.028132992327365658,2026-08-07,,,,,,,,
MGA,2026-08-06,67.82,70.36,0.03745207903273373,2026-08-07,,,,,,,,
MGC,2026-08-06,281.97,283.77,0.006383657835939749,2026-08-07,,,,,,,,
MGEE,2026-08-06,80.85,81.54,0.008534322820037188,2026-08-07,,,,,,,,
MGF,2026-08-06,2.84,2.83,-0.0035211267605632646,2026-08-07,,,,,,,,
MGIH,2026-08-06,1.49,1.52,0.020134228187919545,2026-08-07,,,,,,,,
MGK,2026-08-06,90.01,90.79,0.008665703810687653,2026-08-07,,,,,,,,
MGKX,2026-08-06,23.41,23.8,0.01665954720205054,2026-08-07,,,,,,,,
MGLD,2026-08-06,1.11,1.07,-0.03603603603603611,2026-08-07,,,,,,,,
MGM,2026-08-06,44.7,44.47,-0.0051454138702461405,2026-08-07,,,,,,,,
MGMT,2026-08-06,51.55,51.78,0.004461687681862392,2026-08-07,,,,,,,,
MGN,2026-08-06,0.11,0.1,-0.09090909090909083,2026-08-07,,,,,,,,
MGNI,2026-08-06,24.32,24.72,0.016447368421052655,2026-08-07,,,,,,,,
MGNR,2026-08-06,50.72,51.63,0.017941640378549062,2026-08-07,,,,,,,,
MGNX,2026-08-06,4.01,4.04,0.007481296758104827,2026-08-07,,,,,,,,
MGOV,2026-08-06,19.86,19.9,0.002014098690835908,2026-08-07,,,,,,,,
MGPI,2026-08-06,17.32,17.53,0.012124711316397363,2026-08-07,,,,,,,,
MGRC,2026-08-06,121.75,119.75,-0.01642710472279263,2026-08-07,,,,,,,,
MGRT,2026-08-06,95.5,94.85,-0.006806282722513157,2026-08-07,,,,,,,,
MGRX,2026-08-06,0.53,0.49,-0.07547169811320764,2026-08-07,,,,,,,,
MGTX,2026-08-06,12.79,13.07,0.0218921032056294,2026-08-07,,,,,,,,
MGV,2026-08-06,166.04,166.79,0.004516983859311097,2026-08-07,,,,,,,,
MGX,2026-08-06,1.24,1.23,-0.008064516129032251,2026-08-07,,,,,,,,
MGY,2026-08-06,24.75,25.08,0.013333333333333197,2026-08-07,,,,,,,,
MGYR,2026-08-06,19.09,19.05,-0.002095337873232017,2026-08-07,,,,,,,,
MH,2026-08-06,11.55,11.6,0.0043290043290042934,2026-08-07,,,,,,,,
MHD,2026-08-06,11.6,11.62,0.0017241379310344307,2026-08-07,,,,,,,,
MHF,2026-08-06,6.91,6.9,-0.0014471780028942893,2026-08-07,,,,,,,,
MHH,2026-08-06,7.98,7.76,-0.027568922305764465,2026-08-07,,,,,,,,
MHIG,2026-08-06,19.99,20.18,0.009504752376188197,2026-08-07,,,,,,,,
MHIP,2026-08-06,20.54,20.77,0.011197663096397248,2026-08-07,,,,,,,,
MHK,2026-08-06,132.42,136.06,0.02748829481951387,2026-08-07,,,,,,,,
MHM,2026-08-06,,,,2026-08-07,,,,,,,,
MHO,2026-08-06,146.83,151.99,0.03514268201321258,2026-08-07,,,,,,,,
MHX,2026-08-06,17.89,15.71,-0.1218557853549469,2026-08-07,,,,,,,,
MHY,2026-08-06,25.89,25.85,-0.0015449980687524123,2026-08-07,,,,,,,,
MI,2026-08-06,8.0,7.41,-0.07374999999999998,2026-08-07,,,,,,,,
MIACU,2026-08-06,9.98,9.97,-0.0010020040080159776,2026-08-07,,,,,,,,
MIAX,2026-08-06,45.46,44.23,-0.02705675318961731,2026-08-07,,,,,,,,
MIC,2026-08-06,11.5,11.5,0.0,2026-08-07,,,,,,,,
MICC,2026-08-06,18.92,19.27,0.0184989429175475,2026-08-07,,,,,,,,
MID,2026-08-06,68.63,69.41,0.011365292146291672,2026-08-07,,,,,,,,
MIDD,2026-08-06,133.28,134.5,0.009153661464585738,2026-08-07,,,,,,,,
MIDE,2026-08-06,38.51,38.95,0.011425603739288581,2026-08-07,,,,,,,,
MIDU,2026-08-06,72.61,75.59,0.041041178900977915,2026-08-07,,,,,,,,
MIG,2026-08-06,20.99,20.95,-0.0019056693663649371,2026-08-07,,,,,,,,
MIGO,2026-08-06,29.74,30.12,0.01277740416946882,2026-08-07,,,,,,,,
MILK,2026-08-06,24.19,24.23,0.0016535758577924664,2026-08-07,,,,,,,,
MILN,2026-08-06,45.8,46.62,0.017903930131004442,2026-08-07,,,,,,,,
MIMI,2026-08-06,1.94,2.04,0.05154639175257736,2026-08-07,,,,,,,,
MIN,2026-08-06,2.44,2.44,0.0,2026-08-07,,,,,,,,
MIND,2026-08-06,5.14,5.08,-0.011673151750972721,2026-08-07,,,,,,,,
MINE,2026-08-06,2.71,2.68,-0.011070110701106972,2026-08-07,,,,,,,,
MINN,2026-08-06,22.04,22.1,0.0027223230490018846,2026-08-07,,,,,,,,
MINO,2026-08-06,44.82,45.01,0.004239178937974097,2026-08-07,,,,,,,,
MINT,2026-08-06,100.56,100.58,0.00019888623707231545,2026-08-07,,,,,,,,
MINV,2026-08-06,49.13,49.45,0.006513331976389258,2026-08-07,,,,,,,,
MINY,2026-08-06,37.64,38.95,0.034803400637619664,2026-08-07,,,,,,,,
MIR,2026-08-06,15.02,15.71,0.04593874833555267,2026-08-07,,,,,,,,
MIRA,2026-08-06,0.68,0.74,0.08823529411764697,2026-08-07,,,,,,,,
MIRM,2026-08-06,94.11,100.65,0.06949314631813852,2026-08-07,,,,,,,,
MISL,2026-08-06,46.05,47.22,0.02540716612377847,2026-08-07,,,,,,,,
MIST,2026-08-06,1.18,1.22,0.033898305084745894,2026-08-07,,,,,,,,
MITK,2026-08-06,16.81,18.49,0.09994051160023787,2026-08-07,,,,,,,,
MITQ,2026-08-06,0.54,0.54,0.0,2026-08-07,,,,,,,,
MITT,2026-08-06,6.98,7.09,0.015759312320916763,2026-08-07,,,,,,,,
MIVL,2026-08-06,26.61,26.85,0.00901916572717032,2026-08-07,,,,,,,,
MIY,2026-08-06,12.12,12.19,0.005775577557755707,2026-08-07,,,,,,,,
MJ,2026-08-06,23.26,23.67,0.017626827171109305,2026-08-07,,,,,,,,
MJSC,2026-08-06,62.51,62.85,0.005439129739241766,2026-08-07,,,,,,,,
MJUN,2026-08-06,32.85,32.94,0.002739726027397138,2026-08-07,,,,,,,,
MKAM,2026-08-06,32.35,32.46,0.0034003091190109025,2026-08-07,,,,,,,,
MKC,2026-08-06,52.28,52.96,0.013006885998469775,2026-08-07,,,,,,,,
MKDW,2026-08-06,11.02,11.8,0.07078039927404722,2026-08-07,,,,,,,,
MKL,2026-08-06,1871.33,1875.05,0.001987890965249317,2026-08-07,,,,,,,,
MKLY,2026-08-06,10.22,10.23,0.0009784735812132794,2026-08-07,,,,,,,,
MKOR,2026-08-06,56.86,57.5,0.011255715793176302,2026-08-07,,,,,,,,
MKSI,2026-08-06,291.31,304.99,0.04696028286018339,2026-08-07,,,,,,,,
MKTN,2026-08-06,27.37,27.34,-0.001096090610157141,2026-08-07,,,,,,,,
MKTW,2026-08-06,21.34,20.25,-0.05107778819119024,2026-08-07,,,,,,,,
MKTX,2026-08-06,162.62,162.53,-0.0005534374615668858,2026-08-07,,,,,,,,
MKZR,2026-08-06,1.5,1.64,0.09333333333333327,2026-08-07,,,,,,,,
MLAA,2026-08-06,9.96,9.96,0.0,2026-08-07,,,,,,,,
MLAB,2026-08-06,101.01,102.65,0.016236016236016226,2026-08-07,,,,,,,,
MLCI,2026-08-06,3.01,3.03,0.006644518272425293,2026-08-07,,,,,,,,
MLCO,2026-08-06,5.52,5.52,0.0,2026-08-07,,,,,,,,
MLDR,2026-08-06,48.09,48.18,0.0018714909544603753,2026-08-07,,,,,,,,
MLEC,2026-08-06,6.82,7.19,0.05425219941348969,2026-08-07,,,,,,,,
MLGO,2026-08-06,4.02,4.17,0.03731343283582089,2026-08-07,,,,,,,,
MLI,2026-08-06,69.46,68.85,-0.00878203282464729,2026-08-07,,,,,,,,
MLKN,2026-08-06,23.68,24.49,0.03420608108108092,2026-08-07,,,,,,,,
MLM,2026-08-06,538.28,548.57,0.01911644497287668,2026-08-07,,,,,,,,
MLN,2026-08-06,17.4,17.5,0.005747126436781658,2026-08-07,,,,,,,,
MLP,2026-08-06,16.9,17.32,0.024852071005917242,2026-08-07,,,,,,,,
MLPA,2026-08-06,56.4,55.92,-0.008510638297872242,2026-08-07,,,,,,,,
MLPB,2026-08-06,30.43,30.02,-0.013473545842918155,2026-08-07,,,,,,,,
MLPD,2026-08-06,24.59,24.31,-0.01138674257828387,2026-08-07,,,,,,,,
MLPI,2026-08-06,53.4,52.92,-0.008988764044943753,2026-08-07,,,,,,,,
MLPR,2026-08-06,74.91,73.67,-0.016553197169937195,2026-08-07,,,,,,,,
MLPX,2026-08-06,74.02,72.92,-0.014860848419346095,2026-08-07,,,,,,,,
MLR,2026-08-06,54.41,54.54,0.002389266678919366,2026-08-07,,,,,,,,
MLSS,2026-08-06,0.47,0.48,0.02127659574468077,2026-08-07,,,,,,,,
MLTX,2026-08-06,18.03,18.26,0.012756516916250682,2026-08-07,,,,,,,,
MLYS,2026-08-06,26.99,27.35,0.013338273434605474,2026-08-07,,,,,,,,
MMA,2026-08-06,0.41,0.42,0.024390243902439046,2026-08-07,,,,,,,,
MMAR,2026-08-06,32.8,32.87,0.002134146341463472,2026-08-07,,,,,,,,
MMAX,2026-08-06,27.27,27.3,0.0011001100110010764,2026-08-07,,,,,,,,
MMAY,2026-08-06,33.2,33.26,0.0018072289156625398,2026-08-07,,,,,,,,
MMCA,2026-08-06,21.42,21.48,0.0028011204481792618,2026-08-07,,,,,,,,
MMD,2026-08-06,14.92,15.01,0.0060321715817694965,2026-08-07,,,,,,,,
MMED,2026-08-06,18.42,19.6,0.06406080347448428,2026-08-07,,,,,,,,
MMI,2026-08-06,31.69,31.48,-0.006626696118649411,2026-08-07,,,,,,,,
MMID,2026-08-06,27.31,27.55,0.008787989747345293,2026-08-07,,,,,,,,
MMIN,2026-08-06,23.68,23.78,0.004222972972973027,2026-08-07,,,,,,,,
MMIT,2026-08-06,24.0,24.06,0.0024999999999999467,2026-08-07,,,,,,,,
MMK,2026-08-06,100.07,100.1,0.0002997901468972941,2026-08-07,,,,,,,,
MMKT,2026-08-06,100.23,100.19,-0.00039908211114447756,2026-08-07,,,,,,,,
MMLP,2026-08-06,2.55,2.45,-0.039215686274509665,2026-08-07,,,,,,,,
MMM,2026-08-06,180.71,182.9,0.01211886447899957,2026-08-07,,,,,,,,
MMMA,2026-08-06,25.11,25.18,0.002787733970529782,2026-08-07,,,,,,,,
MMS,2026-08-06,58.33,59.19,0.014743699639979457,2026-08-07,,,,,,,,
MMSC,2026-08-06,28.36,28.67,0.01093088857545843,2026-08-07,,,,,,,,
MMSD,2026-08-06,25.25,25.27,0.0007920792079207928,2026-08-07,,,,,,,,
MMSI,2026-08-06,87.69,89.04,0.015395141977420534,2026-08-07,,,,,,,,
MMT,2026-08-06,4.38,4.44,0.013698630136986356,2026-08-07,,,,,,,,
MMTM,2026-08-06,306.6,308.09,0.004859752120025984,2026-08-07,,,,,,,,
MMTX,2026-08-06,10.1,10.11,0.000990099009900991,2026-08-07,,,,,,,,
MMU,2026-08-06,10.03,10.14,0.010967098703888567,2026-08-07,,,,,,,,
MMYT,2026-08-06,60.05,60.01,-0.0006661115736885659,2026-08-07,,,,,,,,
MNA,2026-08-06,36.68,36.68,0.0,2026-08-07,,,,,,,,
MNBD,2026-08-06,25.72,25.75,0.001166407465007735,2026-08-07,,,,,,,,
MNDO,2026-08-06,1.02,1.02,0.0,2026-08-07,,,,,,,,
MNDR,2026-08-06,1.77,1.77,0.0,2026-08-07,,,,,,,,
MNDY,2026-08-06,87.57,93.13,0.06349206349206349,2026-08-07,,,,,,,,
MNKD,2026-08-06,3.89,4.11,0.05655526992287929,2026-08-07,,,,,,,,
MNOV,2026-08-06,1.36,1.34,-0.014705882352941235,2026-08-07,,,,,,,,
MNPR,2026-08-06,120.21,119.21,-0.008318775476249929,2026-08-07,,,,,,,,
MNR,2026-08-06,13.32,12.96,-0.027027027027026973,2026-08-07,,,,,,,,
MNRO,2026-08-06,12.41,12.73,0.025785656728444906,2026-08-07,,,,,,,,
MNRS,2026-08-06,33.9,34.13,0.006784660766961714,2026-08-07,,,,,,,,
MNSB,2026-08-06,24.06,24.1,0.0016625103906899863,2026-08-07,,,,,,,,
MNSO,2026-08-06,12.56,12.55,-0.0007961783439490722,2026-08-07,,,,,,,,
MNST,2026-08-06,94.16,90.36,-0.04035683942225998,2026-08-07,,,,,,,,
MNSX,2026-08-06,24.74,22.76,-0.08003233629749384,2026-08-07,,,,,,,,
MNTK,2026-08-06,1.7,1.79,0.05294117647058827,2026-08-07,,,,,,,,
MNTN,2026-08-06,10.99,11.11,0.01091901728844391,2026-08-07,,,,,,,,
MNTS,2026-08-06,4.39,4.92,0.12072892938496582,2026-08-07,,,,,,,,
MNVR,2026-08-06,33.09,33.13,0.001208824418253318,2026-08-07,,,,,,,,
MNVT,2026-08-06,28.48,29.36,0.030898876404494402,2026-08-07,,,,,,,,
MNY,2026-08-06,0.92,0.92,0.0,2026-08-07,,,,,,,,
MNZL,2026-08-06,60.0,60.61,0.010166666666666657,2026-08-07,,,,,,,,
MO,2026-08-06,67.75,68.35,0.008856088560885489,2026-08-07,,,,,,,,
MOAT,2026-08-06,110.63,112.27,0.014824188737232236,2026-08-07,,,,,,,,
MOB,2026-08-06,5.78,5.91,0.02249134948096887,2026-08-07,,,,,,,,
MOBI,2026-08-06,12.32,12.24,-0.006493506493506551,2026-08-07,,,,,,,,
MOBX,2026-08-06,1.71,1.71,0.0,2026-08-07,,,,,,,,
MOD,2026-08-06,192.52,195.6,0.01599833783503013,2026-08-07,,,,,,,,
MODD,2026-08-06,2.03,2.2,0.08374384236453225,2026-08-07,,,,,,,,
MODL,2026-08-06,52.44,52.84,0.0076277650648362005,2026-08-07,,,,,,,,
MOG-A,2026-08-06,411.13,403.11,-0.019507211830807725,2026-08-07,,,,,,,,
MOGU,2026-08-06,1.87,1.87,0.0,2026-08-07,,,,,,,,
MOH,2026-08-06,191.88,196.45,0.023816968938920047,2026-08-07,,,,,,,,
MOLN,2026-08-06,4.05,4.12,0.01728395061728394,2026-08-07,,,,,,,,
MOMO,2026-08-06,5.79,5.86,0.012089810017271274,2026-08-07,,,,,,,,
MOO,2026-08-06,81.48,81.1,-0.004663721158566614,2026-08-07,,,,,,,,
MOOD,2026-08-06,43.87,44.01,0.003191246865739794,2026-08-07,,,,,,,,
MORN,2026-08-06,196.57,200.66,0.020806837258991795,2026-08-07,,,,,,,,
MORT,2026-08-06,9.68,9.89,0.02169421487603307,2026-08-07,,,,,,,,
MOS,2026-08-06,23.46,23.06,-0.017050298380221762,2026-08-07,,,,,,,,
MOTG,2026-08-06,41.03,41.6,0.013892273945893319,2026-08-07,,,,,,,,
MOTI,2026-08-06,36.97,37.51,0.014606437652150417,2026-08-07,,,,,,,,
MOTO,2026-08-06,62.48,63.57,0.0174455825864277,2026-08-07,,,,,,,,
MOV,2026-08-06,37.77,37.84,0.001853322742917607,2026-08-07,,,,,,,,
MOVE,2026-08-06,12.14,12.96,0.06754530477759468,2026-08-07,,,,,,,,
MP,2026-08-06,47.49,51.11,0.07622657401558208,2026-08-07,,,,,,,,
MPA,2026-08-06,11.06,11.1,0.0036166365280287938,2026-08-07,,,,,,,,
MPAA,2026-08-06,13.6,13.63,0.0022058823529411686,2026-08-07,,,,,,,,
MPB,2026-08-06,37.8,37.6,-0.005291005291005124,2026-08-07,,,,,,,,
MPC,2026-08-06,299.25,298.2,-0.0035087719298245723,2026-08-07,,,,,,,,
MPG,2026-08-06,3.95,4.57,0.15696202531645564,2026-08-07,,,,,,,,
MPL,2026-08-06,10.6,12.48,0.17735849056603792,2026-08-07,,,,,,,,
MPLT,2026-08-06,13.28,12.17,-0.08358433734939752,2026-08-07,,,,,,,,
MPLX,2026-08-06,60.42,58.85,-0.02598477325388948,2026-08-07,,,,,,,,
MPLY,2026-08-06,32.33,32.76,0.013300340241261921,2026-08-07,,,,,,,,
MPRO,2026-08-06,32.58,32.68,0.0030693677102517913,2026-08-07,,,,,,,,
MPT,2026-08-06,4.6,4.7,0.021739130434782705,2026-08-07,,,,,,,,
MPTI,2026-08-06,88.48,88.04,-0.00497287522603973,2026-08-07,,,,,,,,
MPU,2026-08-06,0.21,0.2,-0.04761904761904756,2026-08-07,,,,,,,,
MPV,2026-08-06,16.42,16.37,-0.003045066991473888,2026-08-07,,,,,,,,
MPWC,2026-08-06,24.68,25.77,0.044165316045380765,2026-08-07,,,,,,,,
MPWR,2026-08-06,1359.08,1401.54,0.031241722341583955,2026-08-07,,,,,,,,
MPWX,2026-08-06,15.81,16.46,0.041113219481340835,2026-08-07,,,,,,,,
MQ,2026-08-06,16.69,15.96,-0.043738765727980855,2026-08-07,,,,,,,,
MQQQ,2026-08-06,227.82,232.99,0.022693354402598676,2026-08-07,,,,,,,,
MQY,2026-08-06,11.3,11.37,0.00619469026548658,2026-08-07,,,,,,,,
MRA,2026-08-06,20.93,20.05,-0.04204491161012891,2026-08-07,,,,,,,,
MRAL,2026-08-06,37.21,33.17,-0.1085729642569202,2026-08-07,,,,,,,,
MRAM,2026-08-06,15.65,16.64,0.06325878594249201,2026-08-07,,,,,,,,
MRBK,2026-08-06,19.73,19.7,-0.001520527116066983,2026-08-07,,,,,,,,
MRCOU,2026-08-06,10.03,10.02,-0.0009970089730807485,2026-08-07,,,,,,,,
MRCP,2026-08-06,34.95,35.03,0.002288984263233207,2026-08-07,,,,,,,,
MRCY,2026-08-06,108.83,108.64,-0.001745842139115994,2026-08-07,,,,,,,,
MRDN,2026-08-06,13.74,14.42,0.04949053857350805,2026-08-07,,,,,,,,
MREO,2026-08-06,0.31,0.3,-0.032258064516129115,2026-08-07,,,,,,,,
MRGR,2026-08-06,45.47,45.46,-0.00021992522542335635,2026-08-07,,,,,,,,
MRK,2026-08-06,128.37,128.58,0.001635896237438761,2026-08-07,,,,,,,,
MRKR,2026-08-06,1.12,1.12,0.0,2026-08-07,,,,,,,,
MRLN,2026-08-06,4.25,4.44,0.04470588235294137,2026-08-07,,,,,,,,
MRM,2026-08-06,0.92,0.96,0.04347826086956519,2026-08-07,,,,,,,,
MRNA,2026-08-06,53.86,59.17,0.0985889342740438,2026-08-07,,,,,,,,
MRNO,2026-08-06,0.21,0.21,0.0,2026-08-07,,,,,,,,
MRNX,2026-08-06,23.26,27.92,0.2003439380911436,2026-08-07,,,,,,,,
MRNY,2026-08-06,14.22,15.24,0.07172995780590719,2026-08-07,,,,,,,,
MRP,2026-08-06,28.81,28.98,0.00590072891357174,2026-08-07,,,,,,,,
MRSH,2026-08-06,193.29,191.65,-0.008484660354907025,2026-08-07,,,,,,,,
MRSK,2026-08-06,39.65,39.74,0.0022698612862548373,2026-08-07,,,,,,,,
MRT,2026-08-06,1.79,1.75,-0.022346368715083775,2026-08-07,,,,,,,,
MRTN,2026-08-06,14.86,14.95,0.00605652759084796,2026-08-07,,,,,,,,
MRVI,2026-08-06,6.25,6.23,-0.0031999999999999806,2026-08-07,,,,,,,,
MRVL,2026-08-06,210.54,218.72,0.03885247458915164,2026-08-07,,,,,,,,
MRVU,2026-08-06,102.25,110.1,0.07677261613691932,2026-08-07,,,,,,,,
MRVX,2026-08-06,21.84,23.19,0.061813186813186816,2026-08-07,,,,,,,,
MRX,2026-08-06,62.34,60.81,-0.02454282964388832,2026-08-07,,,,,,,,
MS,2026-08-06,213.75,216.33,0.012070175438596564,2026-08-07,,,,,,,,
MSA,2026-08-06,193.96,194.19,0.001185811507527168,2026-08-07,,,,,,,,
MSAI,2026-08-06,5.11,5.32,0.041095890410958846,2026-08-07,,,,,,,,
MSB,2026-08-06,23.02,23.32,0.01303214596003488,2026-08-07,,,,,,,,
MSBI,2026-08-06,33.76,33.49,-0.007997630331753491,2026-08-07,,,,,,,,
MSBT,2026-08-06,18.46,18.62,0.008667388949079147,2026-08-07,,,,,,,,
MSC,2026-08-06,1.9,1.81,-0.047368421052631504,2026-08-07,,,,,,,,
MSCI,2026-08-06,567.23,563.17,-0.007157590395430513,2026-08-07,,,,,,,,
MSD,2026-08-06,7.31,7.33,0.002735978112175186,2026-08-07,,,,,,,,
MSDL,2026-08-06,15.45,15.43,-0.0012944983818770073,2026-08-07,,,,,,,,
MSEP,2026-08-06,32.6,32.64,0.0012269938650306678,2026-08-07,,,,,,,,
MSEX,2026-08-06,57.37,58.22,0.014816105978734617,2026-08-07,,,,,,,,
MSFC,2026-08-06,48.22,48.25,0.0006221484861053117,2026-08-07,,,,,,,,
MSFD,2026-08-06,10.3,10.3,0.0,2026-08-07,,,,,,,,
MSFL,2026-08-06,25.47,25.44,-0.0011778563015311105,2026-08-07,,,,,,,,
MSFO,2026-08-06,12.75,12.78,0.0023529411764704466,2026-08-07,,,,,,,,
MSFT,2026-08-06,499.86,499.99,0.0002600728203896452,2026-08-07,,,,,,,,
MSFU,2026-08-06,38.29,38.26,-0.0007834943849569509,2026-08-07,,,,,,,,
MSFW,2026-08-06,33.52,33.55,0.0008949880668256416,2026-08-07,,,,,,,,
MSFX,2026-08-06,25.31,25.32,0.00039510075069149053,2026-08-07,,,,,,,,
MSFY,2026-08-06,20.64,20.64,0.0,2026-08-07,,,,,,,,
MSGE,2026-08-06,76.67,76.55,-0.0015651493413330053,2026-08-07,,,,,,,,
MSGM,2026-08-06,3.89,4.1,0.05398457583547556,2026-08-07,,,,,,,,
MSGS,2026-08-06,391.56,389.99,-0.004009602615180241,2026-08-07,,,,,,,,
MSGY,2026-08-06,0.28,0.27,-0.0357142857142857,2026-08-07,,,,,,,,
MSI,2026-08-06,474.07,467.55,-0.013753243191933606,2026-08-07,,,,,,,,
MSIF,2026-08-06,11.8,12.48,0.057627118644067776,2026-08-07,,,,,,,,
MSIX,2026-08-06,36.11,35.14,-0.026862364995846044,2026-08-07,,,,,,,,
MSLC,2026-08-06,60.83,61.22,0.006411310208778609,2026-08-07,,,,,,,,
MSLE,2026-08-06,10.07,10.03,-0.003972194637537285,2026-08-07,,,,,,,,
MSM,2026-08-06,123.91,122.92,-0.007989669921717346,2026-08-07,,,,,,,,
MSMR,2026-08-06,34.76,34.96,0.005753739930955293,2026-08-07,,,,,,,,
MSN,2026-08-06,0.37,0.37,0.0,2026-08-07,,,,,,,,
MSOL,2026-08-06,19.73,20.02,0.014698428788646689,2026-08-07,,,,,,,,
MSOS,2026-08-06,4.35,4.38,0.006896551724137945,2026-08-07,,,,,,,,
MSOX,2026-08-06,2.34,2.36,0.008547008547008517,2026-08-07,,,,,,,,
MSR,2026-08-06,14.1,14.28,0.012765957446808418,2026-08-07,,,,,,,,
MSS,2026-08-06,1.35,1.27,-0.059259259259259345,2026-08-07,,,,,,,,
MSSE,2026-08-06,20.53,20.63,0.004870920603994078,2026-08-07,,,,,,,,
MSSM,2026-08-06,60.71,61.33,0.010212485587217879,2026-08-07,,,,,,,,
MSSS,2026-08-06,36.35,36.83,0.013204951856946368,2026-08-07,,,,,,,,
MSST,2026-08-06,22.74,23.3,0.02462620932277937,2026-08-07,,,,,,,,
MST,2026-08-06,8.35,8.76,0.049101796407185594,2026-08-07,,,,,,,,
MSTB,2026-08-06,44.0,44.38,0.008636363636363775,2026-08-07,,,,,,,,
MSTC,2026-08-06,30.05,31.88,0.06089850249584017,2026-08-07,,,,,,,,
MSTI,2026-08-06,20.18,20.19,0.0004955401387514158,2026-08-07,,,,,,,,
MSTP,2026-08-06,13.13,13.97,0.06397562833206405,2026-08-07,,,,,,,,
MSTQ,2026-08-06,38.72,39.2,0.012396694214876103,2026-08-07,,,,,,,,
MSTR,2026-08-06,96.85,100.01,0.032627774909654184,2026-08-07,,,,,,,,
MSTU,2026-08-06,1.88,2.0,0.06382978723404253,2026-08-07,,,,,,,,
MSTW,2026-08-06,3.3,3.43,0.03939393939393954,2026-08-07,,,,,,,,
MSTX,2026-08-06,8.59,9.13,0.06286379511059392,2026-08-07,,,,,,,,
MSTY,2026-08-06,12.53,12.82,0.02314445331205106,2026-08-07,,,,,,,,
MSTZ,2026-08-06,10.98,10.3,-0.06193078324225865,2026-08-07,,,,,,,,
MT,2026-08-06,73.22,73.29,0.0009560229445506607,2026-08-07,,,,,,,,
MTA,2026-08-06,8.4,8.75,0.04166666666666652,2026-08-07,,,,,,,,
MTAKU,2026-08-06,9.96,9.97,0.0010040160642570406,2026-08-07,,,,,,,,
MTAL,2026-08-06,10.17,10.15,-0.001966568338249708,2026-08-07,,,,,,,,
MTB,2026-08-06,250.14,250.45,0.0012393059886464108,2026-08-07,,,,,,,,
MTBA,2026-08-06,48.58,48.68,0.0020584602717168554,2026-08-07,,,,,,,,
MTC,2026-08-06,2.99,3.0,0.0033444816053511683,2026-08-07,,,,,,,,
MTCH,2026-08-06,36.61,37.26,0.01775471182736954,2026-08-07,,,,,,,,
MTD,2026-08-06,1421.24,1429.46,0.00578368185528122,2026-08-07,,,,,,,,
MTDR,2026-08-06,48.66,49.06,0.008220304151253632,2026-08-07,,,,,,,,
MTEK,2026-08-06,1.16,1.17,0.008620689655172376,2026-08-07,,,,,,,,
MTEN,2026-08-06,1.0,0.88,-0.12,2026-08-07,,,,,,,,
MTEX,2026-08-06,5.1,4.79,-0.06078431372549009,2026-08-07,,,,,,,,
MTG,2026-08-06,30.26,30.48,0.007270323859881023,2026-08-07,,,,,,,,
MTGP,2026-08-06,43.67,43.69,0.0004579803068467392,2026-08-07,,,,,,,,
MTH,2026-08-06,72.26,74.59,0.03224467201771386,2026-08-07,,,,,,,,
MTLS,2026-08-06,6.75,6.85,0.014814814814814836,2026-08-07,,,,,,,,
MTN,2026-08-06,146.71,148.83,0.01445027605480198,2026-08-07,,,,,,,,
MTNB,2026-08-06,0.27,0.28,0.03703703703703698,2026-08-07,,,,,,,,
MTNE,2026-08-06,9.87,9.87,0.0,2026-08-07,,,,,,,,
MTNE-U,2026-08-06,10.01,10.01,0.0,2026-08-07,,,,,,,,
MTR,2026-08-06,2.86,2.86,0.0,2026-08-07,,,,,,,,
MTRA,2026-08-06,26.94,27.24,0.011135857461024301,2026-08-07,,,,,,,,
MTRN,2026-08-06,278.26,290.05,0.0423704449076403,2026-08-07,,,,,,,,
MTRX,2026-08-06,11.73,11.91,0.01534526854219953,2026-08-07,,,,,,,,
MTSG,2026-08-06,7.8,8.21,0.0525641025641026,2026-08-07,,,,,,,,
MTSI,2026-08-06,301.64,310.82,0.030433629492109926,2026-08-07,,,,,,,,
MTUL,2026-08-06,55.03,55.2,0.003089224059603879,2026-08-07,,,,,,,,
MTUM,2026-08-06,308.17,309.32,0.0037317065256188275,2026-08-07,,,,,,,,
MTUS,2026-08-06,21.43,21.67,0.011199253383107788,2026-08-07,,,,,,,,
MTVA,2026-08-06,1.45,1.49,0.02758620689655178,2026-08-07,,,,,,,,
MTW,2026-08-06,14.21,18.81,0.323715693173821,2026-08-07,,,,,,,,
MTX,2026-08-06,75.32,75.29,-0.00039830058417400505,2026-08-07,,,,,,,,
MTYY,2026-08-06,18.36,18.28,-0.004357298474945481,2026-08-07,,,,,,,,
MTZ,2026-08-06,258.63,272.46,0.05347407493330225,2026-08-07,,,,,,,,
MU,2026-08-06,881.47,877.57,-0.004424427376995221,2026-08-07,,,,,,,,
MUA,2026-08-06,10.18,10.26,0.007858546168958647,2026-08-07,,,,,,,,
MUB,2026-08-06,105.66,105.94,0.0026500094643195915,2026-08-07,,,,,,,,
MUC,2026-08-06,10.62,10.71,0.00847457627118664,2026-08-07,,,,,,,,
MUD,2026-08-06,11.48,11.54,0.00522648083623678,2026-08-07,,,,,,,,
MUFG,2026-08-06,22.52,22.49,-0.001332149200710564,2026-08-07,,,,,,,,
MUIB,2026-08-06,27.23,27.02,-0.007712082262210873,2026-08-07,,,,,,,,
MUJ,2026-08-06,12.09,12.29,0.016542597187758412,2026-08-07,,,,,,,,
MULL,2026-08-06,18.8,18.54,-0.013829787234042601,2026-08-07,,,,,,,,
MULT,2026-08-06,24.95,25.01,0.0024048096192386126,2026-08-07,,,,,,,,
MUNA,2026-08-06,99.68,99.78,0.0010032102728732006,2026-08-07,,,,,,,,
MUNB,2026-08-06,100.1,100.23,0.0012987012987013546,2026-08-07,,,,,,,,
MUNC,2026-08-06,100.89,101.08,0.0018832391713747842,2026-08-07,,,,,,,,
MUND,2026-08-06,101.53,101.81,0.0027578055747070618,2026-08-07,,,,,,,,
MUNI,2026-08-06,51.79,51.91,0.00231704962347945,2026-08-07,,,,,,,,
MUNX,2026-08-06,24.74,24.82,0.003233629749393785,2026-08-07,,,,,,,,
MUNY,2026-08-06,102.05,102.25,0.0019598236158746563,2026-08-07,,,,,,,,
MUR,2026-08-06,33.04,33.37,0.009987893462469755,2026-08-07,,,,,,,,
MUSA,2026-08-06,536.18,520.07,-0.030045880114886625,2026-08-07,,,,,,,,
MUSE,2026-08-06,49.46,49.53,0.0014152850788515803,2026-08-07,,,,,,,,
MUSI,2026-08-06,43.1,43.16,0.0013921113689094877,2026-08-07,,,,,,,,
MUSQ,2026-08-06,25.56,25.81,0.009780907668231587,2026-08-07,,,,,,,,
MUST,2026-08-06,20.37,20.37,0.0,2026-08-07,,,,,,,,
MUU,2026-08-06,26.93,26.62,-0.011511325659116167,2026-08-07,,,,,,,,
MUX,2026-08-06,18.26,19.19,0.05093099671412915,2026-08-07,,,,,,,,
MUYY,2026-08-06,19.83,19.54,-0.014624306606152215,2026-08-07,,,,,,,,
MUZ,2026-08-06,11.6,11.69,0.00775862068965516,2026-08-07,,,,,,,,
MUZE,2026-08-06,9.99,9.99,0.0,2026-08-07,,,,,,,,
MVAL,2026-08-06,38.9,39.33,0.011053984575835507,2026-08-07,,,,,,,,
MVBF,2026-08-06,30.42,29.97,-0.0147928994082841,2026-08-07,,,,,,,,
MVFD,2026-08-06,30.65,30.62,-0.0009787928221859366,2026-08-07,,,,,,,,
MVFG,2026-08-06,35.29,35.55,0.007367526211391251,2026-08-07,,,,,,,,
MVIS,2026-08-06,3.26,3.38,0.036809815950920255,2026-08-07,,,,,,,,
MVLL,2026-08-06,25.2,27.11,0.07579365079365075,2026-08-07,,,,,,,,
MVO,2026-08-06,0.6,0.6,0.0,2026-08-07,,,,,,,,
MVPA,2026-08-06,36.46,36.94,0.013165112452002026,2026-08-07,,,,,,,,
MVPL,2026-08-06,44.59,45.11,0.011661807580174877,2026-08-07,,,,,,,,
MVRL,2026-08-06,12.86,13.25,0.03032659409020222,2026-08-07,,,,,,,,
MVST,2026-08-06,0.78,0.91,0.16666666666666674,2026-08-07,,,,,,,,
MVV,2026-08-06,90.47,92.95,0.02741240190118277,2026-08-07,,,,,,,,
MWA,2026-08-06,27.09,26.65,-0.01624215577703958,2026-08-07,,,,,,,,
MWC,2026-08-06,1.49,1.41,-0.05369127516778527,2026-08-07,,,,,,,,
MWG,2026-08-06,1.15,1.14,-0.008695652173913104,2026-08-07,,,,,,,,
MWH,2026-08-06,27.66,29.03,0.049530007230657924,2026-08-07,,,,,,,,
MWHS,2026-08-06,19.64,17.82,-0.0926680244399185,2026-08-07,,,,,,,,
MWYN,2026-08-06,0.72,0.71,-0.01388888888888895,2026-08-07,,,,,,,,
MX,2026-08-06,3.86,3.98,0.031088082901554515,2026-08-07,,,,,,,,
MXC,2026-08-06,9.45,9.31,-0.014814814814814725,2026-08-07,,,,,,,,
MXCT,2026-08-06,1.11,1.18,0.06306306306306286,2026-08-07,,,,,,,,
MXE,2026-08-06,13.16,13.55,0.029635258358662764,2026-08-07,,,,,,,,
MXF,2026-08-06,21.84,21.87,0.0013736263736263687,2026-08-07,,,,,,,,
MXI,2026-08-06,110.99,112.99,0.018019641409136034,2026-08-07,,,,,,,,
MXL,2026-08-06,70.2,74.98,0.068091168091168,2026-08-07,,,,,,,,
MYCF,2026-08-06,25.0,25.01,0.00039999999999995595,2026-08-07,,,,,,,,
MYCG,2026-08-06,24.91,24.93,0.0008028904054595554,2026-08-07,,,,,,,,
MYCH,2026-08-06,24.81,24.83,0.0008061265618701796,2026-08-07,,,,,,,,
MYCI,2026-08-06,24.64,24.67,0.0012175324675325339,2026-08-07,,,,,,,,
MYCJ,2026-08-06,24.44,24.49,0.0020458265139116083,2026-08-07,,,,,,,,
MYCK,2026-08-06,24.53,24.58,0.002038320423970452,2026-08-07,,,,,,,,
MYCL,2026-08-06,24.36,24.41,0.0020525451559934016,2026-08-07,,,,,,,,
MYCM,2026-08-06,24.27,24.31,0.0016481252575195615,2026-08-07,,,,,,,,
MYCN,2026-08-06,24.08,24.12,0.0016611295681063787,2026-08-07,,,,,,,,
MYCO,2026-08-06,24.05,24.06,0.0004158004158003603,2026-08-07,,,,,,,,
MYE,2026-08-06,35.02,34.37,-0.018560822387207465,2026-08-07,,,,,,,,
MYFW,2026-08-06,31.68,31.34,-0.010732323232323204,2026-08-07,,,,,,,,
MYGN,2026-08-06,3.18,3.26,0.025157232704402288,2026-08-07,,,,,,,,
MYHA,2026-08-06,24.87,24.89,0.0008041817450743505,2026-08-07,,,,,,,,
MYHB,2026-08-06,24.93,24.95,0.0008022462896108973,2026-08-07,,,,,,,,
MYHC,2026-08-06,25.04,25.08,0.0015974440894568342,2026-08-07,,,,,,,,
MYHD,2026-08-06,24.98,25.0,0.0008006405124099114,2026-08-07,,,,,,,,
MYHE,2026-08-06,24.82,24.88,0.00241740531829171,2026-08-07,,,,,,,,
MYI,2026-08-06,10.77,10.84,0.006499535747446661,2026-08-07,,,,,,,,
MYLD,2026-08-06,33.64,33.91,0.008026159334125982,2026-08-07,,,,,,,,
MYMF,2026-08-06,24.82,24.82,0.0,2026-08-07,,,,,,,,
MYMG,2026-08-06,24.58,24.61,0.0012205044751831817,2026-08-07,,,,,,,,
MYMH,2026-08-06,24.43,24.46,0.0012279983626688473,2026-08-07,,,,,,,,
MYMI,2026-08-06,24.56,24.58,0.0008143322475568926,2026-08-07,,,,,,,,
MYMJ,2026-08-06,24.66,24.68,0.0008110300081103361,2026-08-07,,,,,,,,
MYMK,2026-08-06,24.84,24.85,0.00040257648953301306,2026-08-07,,,,,,,,
MYN,2026-08-06,9.76,9.85,0.009221311475409832,2026-08-07,,,,,,,,
MYND,2026-08-06,0.37,0.41,0.10810810810810811,2026-08-07,,,,,,,,
MYO,2026-08-06,1.31,1.42,0.08396946564885477,2026-08-07,,,,,,,,
MYPS,2026-08-06,0.72,0.7,-0.02777777777777779,2026-08-07,,,,,,,,
MYRG,2026-08-06,331.12,337.42,0.019026334863493588,2026-08-07,,,,,,,,
MYSE,2026-08-06,2.43,2.53,0.04115226337448541,2026-08-07,,,,,,,,
MYSZ,2026-08-06,0.36,0.39,0.08333333333333348,2026-08-07,,,,,,,,
MYX,2026-08-06,9.97,9.94,-0.0030090270812438424,2026-08-07,,,,,,,,
MYY,2026-08-06,15.08,14.88,-0.013262599469495928,2026-08-07,,,,,,,,
MZTI,2026-08-06,110.29,113.48,0.028923746486535507,2026-08-07,,,,,,,,
MZYX,2026-08-06,9.92,9.92,0.0,2026-08-07,,,,,,,,
MZZ,2026-08-06,5.82,5.68,-0.024054982817869552,2026-08-07,,,,,,,,
NAAS,2026-08-06,3.33,3.46,0.039039039039038936,2026-08-07,,,,,,,,
NABL,2026-08-06,4.87,4.99,0.024640657084188833,2026-08-07,,,,,,,,
NAC,2026-08-06,11.76,11.84,0.006802721088435382,2026-08-07,,,,,,,,
NACP,2026-08-06,59.91,60.26,0.00584209647805034,2026-08-07,,,,,,,,
NAD,2026-08-06,11.79,11.89,0.008481764206955233,2026-08-07,,,,,,,,
NAGE,2026-08-06,3.04,3.12,0.026315789473684292,2026-08-07,,,,,,,,
NAII,2026-08-06,2.38,2.37,-0.004201680672268782,2026-08-07,,,,,,,,
NAIL,2026-08-06,41.85,45.03,0.07598566308243737,2026-08-07,,,,,,,,
NAK,2026-08-06,1.64,1.71,0.04268292682926833,2026-08-07,,,,,,,,
NAKA,2026-08-06,4.95,4.98,0.0060606060606061,2026-08-07,,,,,,,,
NAMI,2026-08-06,2.91,4.41,0.5154639175257731,2026-08-07,,,,,,,,
NAMM,2026-08-06,1.37,1.35,-0.014598540145985384,2026-08-07,,,,,,,,
NAMS,2026-08-06,27.67,27.96,0.010480664980122789,2026-08-07,,,,,,,,
NAN,2026-08-06,11.2,11.3,0.008928571428571619,2026-08-07,,,,,,,,
NANC,2026-08-06,51.67,52.16,0.009483259144571266,2026-08-07,,,,,,,,
NANR,2026-08-06,81.81,83.05,0.015157071262681843,2026-08-07,,,,,,,,
NAPR,2026-08-06,59.66,59.84,0.0030170968823333144,2026-08-07,,,,,,,,
NASA,2026-08-06,24.14,25.55,0.058409279204639564,2026-08-07,,,,,,,,
NAT,2026-08-06,6.4,6.46,0.009374999999999911,2026-08-07,,,,,,,,
NATH,2026-08-06,98.3,98.01,-0.0029501525940995865,2026-08-07,,,,,,,,
NATL,2026-08-06,46.54,46.58,0.0008594757198108205,2026-08-07,,,,,,,,
NATO,2026-08-06,43.03,43.36,0.00766906809202883,2026-08-07,,,,,,,,
NATR,2026-08-06,20.34,16.38,-0.19469026548672574,2026-08-07,,,,,,,,
NAUG,2026-08-06,32.53,32.69,0.004918536735321055,2026-08-07,,,,,,,,
NAUT,2026-08-06,0.89,0.9,0.011235955056179803,2026-08-07,,,,,,,,
NAVI,2026-08-06,9.49,9.08,-0.043203371970495286,2026-08-07,,,,,,,,
NAVN,2026-08-06,27.86,29.08,0.043790380473797574,2026-08-07,,,,,,,,
NAZ,2026-08-06,12.22,12.34,0.009819967266775809,2026-08-07,,,,,,,,
NB,2026-08-06,5.06,5.36,0.059288537549407216,2026-08-07,,,,,,,,
NBB,2026-08-06,15.3,15.4,0.006535947712418277,2026-08-07,,,,,,,,
NBBK,2026-08-06,22.75,22.58,-0.007472527472527579,2026-08-07,,,,,,,,
NBCE,2026-08-06,39.88,40.53,0.01629889669007012,2026-08-07,,,,,,,,
NBCM,2026-08-06,28.62,28.72,0.0034940600978337066,2026-08-07,,,,,,,,
NBCR,2026-08-06,34.62,34.82,0.005777007510109788,2026-08-07,,,,,,,,
NBDS,2026-08-06,40.82,41.65,0.020333170014698698,2026-08-07,,,,,,,,
NBET,2026-08-06,39.96,39.5,-0.01151151151151153,2026-08-07,,,,,,,,
NBFC,2026-08-06,50.58,50.66,0.0015816528272043495,2026-08-07,,,,,,,,
NBFR,2026-08-06,26.51,26.62,0.004149377593360981,2026-08-07,,,,,,,,
NBGX,2026-08-06,30.06,30.18,0.003992015968063978,2026-08-07,,,,,,,,
NBH,2026-08-06,10.15,10.27,0.011822660098522064,2026-08-07,,,,,,,,
NBHC,2026-08-06,42.85,42.62,-0.005367561260210096,2026-08-07,,,,,,,,
NBIC,2026-08-06,16.11,15.75,-0.022346368715083775,2026-08-07,,,,,,,,
NBIE,2026-08-06,27.45,27.73,0.010200364298724951,2026-08-07,,,,,,,,
NBIG,2026-08-06,13.86,13.56,-0.021645021645021578,2026-08-07,,,,,,,,
NBIL,2026-08-06,20.11,19.69,-0.0208851317752361,2026-08-07,,,,,,,,
NBIS,2026-08-06,189.88,187.97,-0.010058984621866385,2026-08-07,,,,,,,,
NBIX,2026-08-06,159.82,163.41,0.022462770616944017,2026-08-07,,,,,,,,
NBIZ,2026-08-06,17.17,17.53,0.020966802562609077,2026-08-07,,,,,,,,
NBJP,2026-08-06,36.35,36.7,0.009628610729023324,2026-08-07,,,,,,,,
NBN,2026-08-06,133.57,133.44,-0.0009732724414164284,2026-08-07,,,,,,,,
NBOS,2026-08-06,28.5,28.54,0.00140350877192974,2026-08-07,,,,,,,,
NBP,2026-08-06,1.7,1.75,0.02941176470588247,2026-08-07,,,,,,,,
NBR,2026-08-06,83.11,81.59,-0.018289014559018102,2026-08-07,,,,,,,,
NBRG,2026-08-06,9.97,9.99,0.0020060180541623396,2026-08-07,,,,,,,,
NBSD,2026-08-06,50.6,50.6,0.0,2026-08-07,,,,,,,,
NBSM,2026-08-06,29.08,29.23,0.005158184319119741,2026-08-07,,,,,,,,
NBTB,2026-08-06,52.91,52.66,-0.0047250047250047,2026-08-07,,,,,,,,
NBTR,2026-08-06,49.24,49.31,0.0014216084484159897,2026-08-07,,,,,,,,
NBTX,2026-08-06,37.79,38.22,0.01137867160624495,2026-08-07,,,,,,,,
NBXG,2026-08-06,15.04,15.26,0.0146276595744681,2026-08-07,,,,,,,,
NC,2026-08-06,42.89,42.37,-0.01212403823735142,2026-08-07,,,,,,,,
NCA,2026-08-06,9.04,9.11,0.007743362831858391,2026-08-07,,,,,,,,
NCDL,2026-08-06,12.53,12.82,0.02314445331205106,2026-08-07,,,,,,,,
NCEL,2026-08-06,3.34,3.31,-0.008982035928143617,2026-08-07,,,,,,,,
NCEW,2026-08-06,16.95,16.12,-0.048967551622418726,2026-08-07,,,,,,,,
NCI,2026-08-06,11.45,11.7,0.02183406113537112,2026-08-07,,,,,,,,
NCIQ,2026-08-06,16.0,16.14,0.008750000000000036,2026-08-07,,,,,,,,
NCLD,2026-08-06,22.38,22.75,0.016532618409293987,2026-08-07,,,,,,,,
NCLH,2026-08-06,19.37,19.25,-0.00619514713474445,2026-08-07,,,,,,,,
NCLO,2026-08-06,25.01,25.0,-0.0003998400639744215,2026-08-07,,,,,,,,
NCMI,2026-08-06,4.03,4.03,0.0,2026-08-07,,,,,,,,
NCNA,2026-08-06,1.36,1.47,0.0808823529411764,2026-08-07,,,,,,,,
NCNO,2026-08-06,18.99,19.17,0.009478672985782088,2026-08-07,,,,,,,,
NCO,2026-08-06,9.84,9.85,0.00101626016260159,2026-08-07,,,,,,,,
NCPB,2026-08-06,24.57,24.61,0.0016280016280016962,2026-08-07,,,,,,,,
NCPL,2026-08-06,0.42,0.41,-0.023809523809523836,2026-08-07,,,,,,,,
NCRA,2026-08-06,2.04,1.97,-0.03431372549019607,2026-08-07,,,,,,,,
NCSM,2026-08-06,48.64,47.75,-0.018297697368421018,2026-08-07,,,,,,,,
NCT,2026-08-06,3.52,3.5,-0.005681818181818232,2026-08-07,,,,,,,,
NCTY,2026-08-06,5.01,4.71,-0.059880239520958,2026-08-07,,,,,,,,
NCV,2026-08-06,17.07,17.25,0.010544815465729274,2026-08-07,,,,,,,,
NCZ,2026-08-06,15.71,15.83,0.007638446849140612,2026-08-07,,,,,,,,
NDAA,2026-08-06,24.24,24.41,0.0070132013201320564,2026-08-07,,,,,,,,
NDAQ,2026-08-06,94.7,94.59,-0.001161562829989471,2026-08-07,,,,,,,,
NDEC,2026-08-06,30.21,30.31,0.0033101621979476636,2026-08-07,,,,,,,,
NDIA,2026-08-06,27.67,27.89,0.007950849295265572,2026-08-07,,,,,,,,
NDIV,2026-08-06,33.32,33.32,0.0,2026-08-07,,,,,,,,
NDLS,2026-08-06,18.02,17.95,-0.0038845726970033745,2026-08-07,,,,,,,,
NDMO,2026-08-06,9.93,10.02,0.009063444108761365,2026-08-07,,,,,,,,
NDOW,2026-08-06,29.19,29.32,0.004453579993148216,2026-08-07,,,,,,,,
NDRA,2026-08-06,4.57,4.6,0.006564551422319376,2026-08-07,,,,,,,,
NDSN,2026-08-06,308.98,310.11,0.003657194640429795,2026-08-07,,,,,,,,
NE,2026-08-06,40.69,40.77,0.0019660850331777446,2026-08-07,,,,,,,,
NEA,2026-08-06,11.32,11.43,0.009717314487632356,2026-08-07,,,,,,,,
NEAR,2026-08-06,50.44,50.47,0.0005947660586835823,2026-08-07,,,,,,,,
NEBX,2026-08-06,20.71,20.24,-0.022694350555287457,2026-08-07,,,,,,,,
NECB,2026-08-06,26.94,26.68,-0.00965107646622132,2026-08-07,,,,,,,,
NEE,2026-08-06,84.6,84.65,0.0005910165484634966,2026-08-07,,,,,,,,
NEGG,2026-08-06,17.88,17.12,-0.042505592841163176,2026-08-07,,,,,,,,
NEHI,2026-08-06,26.95,27.15,0.007421150278293043,2026-08-07,,,,,,,,
NELS,2026-08-06,29.4,29.53,0.004421768707483009,2026-08-07,,,,,,,,
NEM,2026-08-06,105.43,112.98,0.07161149577919002,2026-08-07,,,,,,,,
NEMD,2026-08-06,52.67,52.8,0.0024681982153027526,2026-08-07,,,,,,,,
NEMG,2026-08-06,16.82,19.21,0.1420927467300832,2026-08-07,,,,,,,,
NEN,2026-08-06,56.3,56.3,0.0,2026-08-07,,,,,,,,
NEO,2026-08-06,15.56,16.57,0.06491002570694082,2026-08-07,,,,,,,,
NEOG,2026-08-06,11.3,11.47,0.01504424778761071,2026-08-07,,,,,,,,
NEON,2026-08-06,0.95,0.97,0.021052631578947434,2026-08-07,,,,,,,,
NEOV,2026-08-06,2.82,2.84,0.007092198581560183,2026-08-07,,,,,,,,
NEPH,2026-08-06,3.59,4.21,0.1727019498607243,2026-08-07,,,,,,,,
NERD,2026-08-06,21.64,22.37,0.03373382624768939,2026-08-07,,,,,,,,
NERV,2026-08-06,4.44,4.27,-0.03828828828828845,2026-08-07,,,,,,,,
NESR,2026-08-06,28.85,29.02,0.0058925476603119975,2026-08-07,,,,,,,,
NET,2026-08-06,284.43,300.27,0.055690328024469826,2026-08-07,,,,,,,,
NETG,2026-08-06,17.26,19.45,0.12688296639629182,2026-08-07,,,,,,,,
NETL,2026-08-06,26.76,26.82,0.0022421524663676085,2026-08-07,,,,,,,,
NEU,2026-08-06,893.28,889.71,-0.003996507254164339,2026-08-07,,,,,,,,
NEUP,2026-08-06,3.9,3.82,-0.02051282051282055,2026-08-07,,,,,,,,
NEWP,2026-08-06,5.91,6.33,0.07106598984771573,2026-08-07,,,,,,,,
NEWT,2026-08-06,14.95,13.53,-0.09498327759197323,2026-08-07,,,,,,,,
NEWZ,2026-08-06,29.98,30.03,0.0016677785190126748,2026-08-07,,,,,,,,
NEXA,2026-08-06,14.3,14.1,-0.013986013986014068,2026-08-07,,,,,,,,
NEXM,2026-08-06,2.23,2.34,0.049327354260089606,2026-08-07,,,,,,,,
NEXN,2026-08-06,10.95,10.9,-0.004566210045662045,2026-08-07,,,,,,,,
NEXR,2026-08-06,2.53,2.85,0.12648221343873534,2026-08-07,,,,,,,,
NEXT,2026-08-06,6.8,6.7,-0.014705882352941124,2026-08-07,,,,,,,,
NFE,2026-08-06,0.34,0.35,0.02941176470588225,2026-08-07,,,,,,,,
NFEB,2026-08-06,30.49,30.6,0.003607740242702606,2026-08-07,,,,,,,,
NFG,2026-08-06,80.63,80.54,-0.0011162098474511994,2026-08-07,,,,,,,,
NFGC,2026-08-06,1.58,1.67,0.056962025316455556,2026-08-07,,,,,,,,
NFJ,2026-08-06,15.35,15.42,0.004560260586319309,2026-08-07,,,,,,,,
NFLP,2026-08-06,17.83,17.99,0.008973639932697619,2026-08-07,,,,,,,,
NFLT,2026-08-06,22.85,22.83,-0.0008752735229761166,2026-08-07,,,,,,,,
NFLU,2026-08-06,17.11,17.27,0.009351256575102385,2026-08-07,,,,,,,,
NFLW,2026-08-06,16.28,16.4,0.007371007371007154,2026-08-07,,,,,,,,
NFLX,2026-08-06,73.69,74.14,0.006106663047903416,2026-08-07,,,,,,,,
NFLY,2026-08-06,7.58,7.61,0.003957783641161061,2026-08-07,,,,,,,,
NFRA,2026-08-06,65.54,65.76,0.0033567287152882486,2026-08-07,,,,,,,,
NFRX,2026-08-06,26.54,26.54,0.0,2026-08-07,,,,,,,,
NFTY,2026-08-06,55.06,55.14,0.0014529604068289625,2026-08-07,,,,,,,,
NFX,2026-08-06,22.98,23.32,0.014795474325500324,2026-08-07,,,,,,,,
NFXL,2026-08-06,16.2,16.37,0.010493827160493963,2026-08-07,,,,,,,,
NFXS,2026-08-06,20.79,20.65,-0.006734006734006814,2026-08-07,,,,,,,,
NG,2026-08-06,6.9,7.59,0.09999999999999987,2026-08-07,,,,,,,,
NGEN,2026-08-06,1.72,1.71,-0.005813953488372103,2026-08-07,,,,,,,,
NGG,2026-08-06,80.41,80.88,0.005845044148737655,2026-08-07,,,,,,,,
NGHT,2026-08-06,20.44,20.49,0.0024461839530331986,2026-08-07,,,,,,,,
NGL,2026-08-06,17.35,16.88,-0.02708933717579265,2026-08-07,,,,,,,,
NGNE,2026-08-06,35.6,35.69,0.0025280898876403057,2026-08-07,,,,,,,,
NGS,2026-08-06,36.4,37.01,0.0167582417582417,2026-08-07,,,,,,,,
NGVC,2026-08-06,32.46,28.39,-0.125385089340727,2026-08-07,,,,,,,,
NGVT,2026-08-06,77.34,77.82,0.006206361520558534,2026-08-07,,,,,,,,
NHC,2026-08-06,219.45,215.54,-0.017817270448849398,2026-08-07,,,,,,,,
NHI,2026-08-06,75.38,75.3,-0.0010612894667020312,2026-08-07,,,,,,,,
NHIC,2026-08-06,10.65,10.68,0.0028169014084507005,2026-08-07,,,,,,,,
NHIV,2026-08-06,10.15,10.1,-0.0049261083743843415,2026-08-07,,,,,,,,
NHP,2026-08-06,16.83,16.95,0.007130124777183555,2026-08-07,,,,,,,,
NHS,2026-08-06,6.07,6.1,0.0049423393739702615,2026-08-07,,,,,,,,
NHTC,2026-08-06,1.69,1.72,0.01775147928994092,2026-08-07,,,,,,,,
NHYB,2026-08-06,24.59,24.64,0.0020333468889792705,2026-08-07,,,,,,,,
NHYM,2026-08-06,24.66,24.8,0.005677210056772131,2026-08-07,,,,,,,,
NI,2026-08-06,43.38,42.61,-0.017750115260488752,2026-08-07,,,,,,,,
NIC,2026-08-06,173.89,172.54,-0.0077635286675483695,2026-08-07,,,,,,,,
NICE,2026-08-06,97.11,101.85,0.04881062712388018,2026-08-07,,,,,,,,
NICM,2026-08-06,6.0,6.24,0.040000000000000036,2026-08-07,,,,,,,,
NICO,2026-08-06,25.79,26.11,0.012407910042652182,2026-08-07,,,,,,,,
NIE,2026-08-06,26.21,26.4,0.007249141549027005,2026-08-07,,,,,,,,
NIHI,2026-08-06,52.75,53.1,0.006635071090047351,2026-08-07,,,,,,,,
NIKI,2026-08-06,9.29,8.99,-0.03229278794402568,2026-08-07,,,,,,,,
NIKL,2026-08-06,13.82,14.31,0.0354558610709117,2026-08-07,,,,,,,,
NIM,2026-08-06,9.33,9.36,0.003215434083601254,2026-08-07,,,,,,,,
NINE,2026-08-06,10.43,10.16,-0.025886864813039256,2026-08-07,,,,,,,,
NIO,2026-08-06,4.6,4.74,0.0304347826086957,2026-08-07,,,,,,,,
NIOG,2026-08-06,10.32,10.93,0.05910852713178283,2026-08-07,,,,,,,,
NIPG,2026-08-06,9.41,9.01,-0.04250797024442088,2026-08-07,,,,,,,,
NIQ,2026-08-06,11.67,11.68,0.0008568980291345785,2026-08-07,,,,,,,,
NISM,2026-08-06,25.5,25.59,0.003529411764705781,2026-08-07,,,,,,,,
NITE,2026-08-06,37.38,38.98,0.04280363830925604,2026-08-07,,,,,,,,
NIU,2026-08-06,2.45,2.46,0.004081632653061051,2026-08-07,,,,,,,,
NIVF,2026-08-06,0.57,0.63,0.10526315789473695,2026-08-07,,,,,,,,
NIXT,2026-08-06,34.1,34.5,0.011730205278592365,2026-08-07,,,,,,,,
NIXX,2026-08-06,0.56,0.56,0.0,2026-08-07,,,,,,,,
NJAN,2026-08-06,59.3,59.53,0.0038785834738617186,2026-08-07,,,,,,,,
NJNK,2026-08-06,20.0,20.02,0.0009999999999998899,2026-08-07,,,,,,,,
NJR,2026-08-06,54.47,55.02,0.010097301266752456,2026-08-07,,,,,,,,
NJUL,2026-08-06,76.62,77.17,0.007178282432785066,2026-08-07,,,,,,,,
NJUN,2026-08-06,32.49,32.75,0.008002462296091029,2026-08-07,,,,,,,,
NKE,2026-08-06,42.0,41.7,-0.0071428571428571175,2026-08-07,,,,,,,,
NKLR,2026-08-06,5.73,5.75,0.003490401396160525,2026-08-07,,,,,,,,
NKSH,2026-08-06,41.7,42.11,0.009832134292565797,2026-08-07,,,,,,,,
NKTR,2026-08-06,73.45,76.48,0.04125255275697759,2026-08-07,,,,,,,,
NKTX,2026-08-06,2.29,2.41,0.05240174672489095,2026-08-07,,,,,,,,
NKX,2026-08-06,12.25,12.3,0.004081632653061273,2026-08-07,,,,,,,,
NL,2026-08-06,6.3,6.49,0.030158730158730274,2026-08-07,,,,,,,,
NLOP,2026-08-06,11.67,11.57,-0.00856898029134534,2026-08-07,,,,,,,,
NLR,2026-08-06,113.87,117.82,0.03468868007376824,2026-08-07,,,,,,,,
NLSI,2026-08-06,53.72,53.86,0.002606105733432562,2026-08-07,,,,,,,,
NLY,2026-08-06,22.66,23.04,0.01676963812886134,2026-08-07,,,,,,,,
NMAD,2026-08-06,3.98,3.6,-0.09547738693467334,2026-08-07,,,,,,,,
NMAI,2026-08-06,14.29,14.5,0.01469559132260323,2026-08-07,,,,,,,,
NMAR,2026-08-06,32.38,32.52,0.004323656578134605,2026-08-07,,,,,,,,
NMAX,2026-08-06,8.56,8.97,0.04789719626168232,2026-08-07,,,,,,,,
NMAY,2026-08-06,29.51,29.69,0.006099627245001793,2026-08-07,,,,,,,,
NMB,2026-08-06,24.5,24.58,0.0032653061224490187,2026-08-07,,,,,,,,
NMBL,2026-08-06,20.94,21.18,0.011461318051575908,2026-08-07,,,,,,,,
NMCO,2026-08-06,10.51,10.55,0.0038058991436726863,2026-08-07,,,,,,,,
NMFC,2026-08-06,7.65,7.75,0.013071895424836555,2026-08-07,,,,,,,,
NMG,2026-08-06,1.32,1.38,0.045454545454545414,2026-08-07,,,,,,,,
NMI,2026-08-06,10.8,10.8,0.0,2026-08-07,,,,,,,,
NMIH,2026-08-06,44.05,44.63,0.013166855845630154,2026-08-07,,,,,,,,
NML,2026-08-06,10.07,10.16,0.00893743793445867,2026-08-07,,,,,,,,
NMM,2026-08-06,79.03,79.35,0.004049095280273196,2026-08-07,,,,,,,,
NMP,2026-08-06,10.32,10.33,0.0009689922480620172,2026-08-07,,,,,,,,
NMR,2026-08-06,9.92,9.95,0.003024193548387011,2026-08-07,,,,,,,,
NMRA,2026-08-06,1.64,1.63,-0.0060975609756097615,2026-08-07,,,,,,,,
NMRK,2026-08-06,15.01,14.81,-0.01332445036642238,2026-08-07,,,,,,,,
NMS,2026-08-06,11.48,11.58,0.008710801393728262,2026-08-07,,,,,,,,
NMT,2026-08-06,12.57,12.61,0.0031821797931581575,2026-08-07,,,,,,,,
NMTC,2026-08-06,1.55,1.63,0.05161290322580636,2026-08-07,,,,,,,,
NMZ,2026-08-06,10.24,10.29,0.0048828125,2026-08-07,,,,,,,,
NN,2026-08-06,15.0,16.31,0.08733333333333326,2026-08-07,,,,,,,,
NNBR,2026-08-06,3.87,3.77,-0.025839793281653756,2026-08-07,,,,,,,,
NNDM,2026-08-06,1.57,1.63,0.03821656050955413,2026-08-07,,,,,,,,
NNE,2026-08-06,17.61,18.85,0.07041453719477575,2026-08-07,,,,,,,,
NNI,2026-08-06,134.85,131.46,-0.025139043381534942,2026-08-07,,,,,,,,
NNN,2026-08-06,47.0,46.84,-0.0034042553191488967,2026-08-07,,,,,,,,
NNNN,2026-08-06,9.75,10.61,0.08820512820512816,2026-08-07,,,,,,,,
NNOV,2026-08-06,31.55,31.71,0.005071315372424667,2026-08-07,,,,,,,,
NNOX,2026-08-06,1.02,1.06,0.03921568627450989,2026-08-07,,,,,,,,
NNVC,2026-08-06,1.4,1.42,0.014285714285714235,2026-08-07,,,,,,,,
NNY,2026-08-06,8.24,8.31,0.008495145631068013,2026-08-07,,,,,,,,
NOA,2026-08-06,14.51,14.58,0.004824259131633424,2026-08-07,,,,,,,,
NOAH,2026-08-06,8.66,8.78,0.013856812933025209,2026-08-07,,,,,,,,
NOBL,2026-08-06,58.12,58.42,0.005161734342739255,2026-08-07,,,,,,,,
NOC,2026-08-06,567.74,571.58,0.006763659421566315,2026-08-07,,,,,,,,
NOCT,2026-08-06,63.03,63.25,0.003490401396160525,2026-08-07,,,,,,,,
NODE,2026-08-06,37.43,37.47,0.0010686615014694478,2026-08-07,,,,,,,,
NODK,2026-08-06,15.55,15.62,0.004501607717041667,2026-08-07,,,,,,,,
NOEM,2026-08-06,10.9,10.69,-0.019266055045871644,2026-08-07,,,,,,,,
NOEQ,2026-08-06,29.52,29.63,0.0037262872628727184,2026-08-07,,,,,,,,
NOG,2026-08-06,20.28,21.6,0.06508875739644981,2026-08-07,,,,,,,,
NOK,2026-08-06,9.43,9.36,-0.007423117709438043,2026-08-07,,,,,,,,
NOMA,2026-08-06,2.75,3.17,0.1527272727272726,2026-08-07,,,,,,,,
NOMD,2026-08-06,11.78,11.99,0.017826825127334578,2026-08-07,,,,,,,,
NORW,2026-08-06,35.06,35.33,0.007701083856246349,2026-08-07,,,,,,,,
NOV,2026-08-06,19.9,19.65,-0.012562814070351758,2026-08-07,,,,,,,,
NOVM,2026-08-06,34.02,34.04,0.0005878894767783471,2026-08-07,,,,,,,,
NOVP,2026-08-06,33.24,33.33,0.0027075812274366395,2026-08-07,,,,,,,,
NOVT,2026-08-06,163.32,166.37,0.018674993877051183,2026-08-07,,,,,,,,
NOVZ,2026-08-06,47.98,48.21,0.004793664026677913,2026-08-07,,,,,,,,
NOW,2026-08-06,117.35,124.88,0.06416702172986799,2026-08-07,,,,,,,,
NOWL,2026-08-06,5.8,6.53,0.12586206896551722,2026-08-07,,,,,,,,
NOWX,2026-08-06,26.74,30.18,0.12864622288706062,2026-08-07,,,,,,,,
NP,2026-08-06,32.83,32.02,-0.024672555589399847,2026-08-07,,,,,,,,
NPAC,2026-08-06,10.42,10.43,0.0009596928982724684,2026-08-07,,,,,,,,
NPB,2026-08-06,17.12,17.11,-0.0005841121495328006,2026-08-07,,,,,,,,
NPCE,2026-08-06,13.9,14.83,0.06690647482014378,2026-08-07,,,,,,,,
NPCT,2026-08-06,9.77,9.81,0.004094165813715467,2026-08-07,,,,,,,,
NPFD,2026-08-06,18.43,18.47,0.0021703743895822303,2026-08-07,,,,,,,,
NPFE,2026-08-06,28.59,28.88,0.010143406785589226,2026-08-07,,,,,,,,
NPFI,2026-08-06,25.92,25.94,0.0007716049382715529,2026-08-07,,,,,,,,
NPK,2026-08-06,137.74,137.99,0.0018150137941048694,2026-08-07,,,,,,,,
NPKI,2026-08-06,13.54,13.48,-0.004431314623338123,2026-08-07,,,,,,,,
NPO,2026-08-06,336.37,332.98,-0.01007818770996216,2026-08-07,,,,,,,,
NPT,2026-08-06,3.81,4.2,0.10236220472440949,2026-08-07,,,,,,,,
NPV,2026-08-06,10.86,10.96,0.009208103130755152,2026-08-07,,,,,,,,
NPWR,2026-08-06,1.5,1.52,0.01333333333333342,2026-08-07,,,,,,,,
NQLT,2026-08-06,25.91,26.01,0.003859513701273798,2026-08-07,,,,,,,,
NRC,2026-08-06,19.47,20.34,0.044684129429892305,2026-08-07,,,,,,,,
NRDS,2026-08-06,8.84,9.91,0.12104072398190047,2026-08-07,,,,,,,,
NRDY,2026-08-06,0.84,0.76,-0.09523809523809523,2026-08-07,,,,,,,,
NREF,2026-08-06,17.59,18.17,0.03297328027288238,2026-08-07,,,,,,,,
NRES,2026-08-06,33.3,33.62,0.00960960960960966,2026-08-07,,,,,,,,
NRG,2026-08-06,119.05,118.13,-0.00772784544309113,2026-08-07,,,,,,,,
NRGD,2026-08-06,21.27,21.86,0.027738598965679317,2026-08-07,,,,,,,,
NRGU,2026-08-06,39.25,38.46,-0.02012738853503182,2026-08-07,,,,,,,,
NRGV,2026-08-06,2.96,3.49,0.17905405405405417,2026-08-07,,,,,,,,
NRIM,2026-08-06,26.56,26.37,-0.007153614457831248,2026-08-07,,,,,,,,
NRIX,2026-08-06,25.22,25.53,0.012291831879460924,2026-08-07,,,,,,,,
NRK,2026-08-06,10.33,10.46,0.012584704743465736,2026-08-07,,,,,,,,
NRO,2026-08-06,2.96,3.0,0.013513513513513598,2026-08-07,,,,,,,,
NRP,2026-08-06,104.95,106.96,0.01915197713196748,2026-08-07,,,,,,,,
NRSH,2026-08-06,31.87,32.26,0.012237213680577286,2026-08-07,,,,,,,,
NRSN,2026-08-06,0.5,0.5,0.0,2026-08-07,,,,,,,,
NRT,2026-08-06,8.86,8.81,-0.005643340857787726,2026-08-07,,,,,,,,
NRXP,2026-08-06,3.09,3.58,0.15857605177993528,2026-08-07,,,,,,,,
NRXS,2026-08-06,6.93,7.09,0.023088023088023046,2026-08-07,,,,,,,,
NSC,2026-08-06,342.46,334.36,-0.02365239736027558,2026-08-07,,,,,,,,
NSCI,2026-08-06,25.16,25.16,0.0,2026-08-07,,,,,,,,
NSEP,2026-08-06,31.58,31.62,0.001266624445851905,2026-08-07,,,,,,,,
NSI,2026-08-06,37.95,38.15,0.005270092226613787,2026-08-07,,,,,,,,
NSIG,2026-08-06,25.12,25.32,0.0079617834394905,2026-08-07,,,,,,,,
NSIT,2026-08-06,149.19,149.32,0.0008713720758763976,2026-08-07,,,,,,,,
NSIV,2026-08-06,26.06,26.17,0.004221028396009352,2026-08-07,,,,,,,,
NSLR,2026-08-06,9.64,9.6,-0.004149377593361092,2026-08-07,,,,,,,,
NSP,2026-08-06,51.26,52.52,0.02458056964494748,2026-08-07,,,,,,,,
NSPR,2026-08-06,0.72,0.74,0.0277777777777779,2026-08-07,,,,,,,,
NSRX,2026-08-06,3.39,3.45,0.017699115044247815,2026-08-07,,,,,,,,
NSSC,2026-08-06,40.92,41.36,0.010752688172043001,2026-08-07,,,,,,,,
NSTS,2026-08-06,13.81,13.81,0.0,2026-08-07,,,,,,,,
NSYS,2026-08-06,14.32,15.43,0.07751396648044695,2026-08-07,,,,,,,,
NTAL,2026-08-06,33.13,32.51,-0.01871415635375806,2026-08-07,,,,,,,,
NTAP,2026-08-06,191.48,189.52,-0.010236055984959136,2026-08-07,,,,,,,,
NTB,2026-08-06,62.0,62.32,0.005161290322580614,2026-08-07,,,,,,,,
NTCL,2026-08-06,2.89,2.84,-0.01730103806228378,2026-08-07,,,,,,,,
NTCT,2026-08-06,40.13,38.44,-0.04211313231996028,2026-08-07,,,,,,,,
NTES,2026-08-06,130.36,132.22,0.014268180423442578,2026-08-07,,,,,,,,
NTGR,2026-08-06,24.3,23.67,-0.025925925925925908,2026-08-07,,,,,,,,
NTHI,2026-08-06,3.5,3.5,0.0,2026-08-07,,,,,,,,
NTIC,2026-08-06,8.19,8.42,0.028083028083028205,2026-08-07,,,,,,,,
NTIP,2026-08-06,1.62,1.59,-0.01851851851851849,2026-08-07,,,,,,,,
NTLA,2026-08-06,11.24,11.94,0.06227758007117434,2026-08-07,,,,,,,,
NTNX,2026-08-06,60.12,62.67,0.04241516966067871,2026-08-07,,,,,,,,
NTR,2026-08-06,66.76,64.42,-0.035050928699820294,2026-08-07,,,,,,,,
NTRA,2026-08-06,265.38,322.1,0.21373125329715892,2026-08-07,,,,,,,,
NTRB,2026-08-06,2.91,3.11,0.06872852233676974,2026-08-07,,,,,,,,
NTRL,2026-08-06,21.72,21.66,-0.0027624309392264568,2026-08-07,,,,,,,,
NTRP,2026-08-06,1.64,1.67,0.018292682926829285,2026-08-07,,,,,,,,
NTRS,2026-08-06,184.14,185.5,0.0073856848050397605,2026-08-07,,,,,,,,
NTSD,2026-08-06,48.05,48.55,0.010405827263267442,2026-08-07,,,,,,,,
NTSE,2026-08-06,45.35,45.74,0.008599779492833637,2026-08-07,,,,,,,,
NTSI,2026-08-06,48.19,48.75,0.01162066818842078,2026-08-07,,,,,,,,
NTSK,2026-08-06,13.48,14.87,0.10311572700296723,2026-08-07,,,,,,,,
NTST,2026-08-06,21.03,20.69,-0.016167379933428427,2026-08-07,,,,,,,,
NTSX,2026-08-06,60.05,60.6,0.00915903413821817,2026-08-07,,,,,,,,
NTWK,2026-08-06,4.37,4.26,-0.02517162471395884,2026-08-07,,,,,,,,
NTWO,2026-08-06,10.74,10.72,-0.0018621973929235924,2026-08-07,,,,,,,,
NTZ,2026-08-06,1.34,1.32,-0.014925373134328401,2026-08-07,,,,,,,,
NU,2026-08-06,14.12,13.84,-0.019830028328611804,2026-08-07,,,,,,,,
NUAG,2026-08-06,20.65,20.67,0.0009685230024214508,2026-08-07,,,,,,,,
NUAI,2026-08-06,5.16,5.28,0.023255813953488413,2026-08-07,,,,,,,,
NUBD,2026-08-06,21.8,21.83,0.0013761467889907841,2026-08-07,,,,,,,,
NUCL,2026-08-06,7.01,7.77,0.108416547788873,2026-08-07,,,,,,,,
NUDM,2026-08-06,41.22,41.6,0.009218825812712383,2026-08-07,,,,,,,,
NUDV,2026-08-06,33.88,34.06,0.005312868949232552,2026-08-07,,,,,,,,
NUE,2026-08-06,272.0,272.63,0.002316176470588127,2026-08-07,,,,,,,,
NUEM,2026-08-06,40.97,41.7,0.017817915547962082,2026-08-07,,,,,,,,
NUG,2026-08-06,9.68,9.28,-0.04132231404958686,2026-08-07,,,,,,,,
NUGO,2026-08-06,44.05,44.33,0.006356413166855868,2026-08-07,,,,,,,,
NUGT,2026-08-06,141.12,160.84,0.1397392290249433,2026-08-07,,,,,,,,
NUGY,2026-08-06,13.15,13.09,-0.004562737642585635,2026-08-07,,,,,,,,
NUHY,2026-08-06,21.23,21.27,0.0018841262364577283,2026-08-07,,,,,,,,
NUIF,2026-08-06,24.98,24.88,-0.004003202562049668,2026-08-07,,,,,,,,
NUKX,2026-08-06,36.67,37.77,0.029997272975184064,2026-08-07,,,,,,,,
NUKZ,2026-08-06,65.86,67.35,0.022623747342848333,2026-08-07,,,,,,,,
NULC,2026-08-06,55.68,56.03,0.006285919540229834,2026-08-07,,,,,,,,
NULG,2026-08-06,115.66,116.8,0.009856475877572102,2026-08-07,,,,,,,,
NULV,2026-08-06,53.11,53.43,0.0060252306533610245,2026-08-07,,,,,,,,
NUMG,2026-08-06,47.03,48.26,0.02615351903040608,2026-08-07,,,,,,,,
NUMI,2026-08-06,24.8,24.83,0.0012096774193548487,2026-08-07,,,,,,,,
NUMV,2026-08-06,45.23,45.62,0.00862259562237444,2026-08-07,,,,,,,,
NURE,2026-08-06,32.17,32.24,0.0021759403170655833,2026-08-07,,,,,,,,
NUS,2026-08-06,5.19,5.49,0.057803468208092346,2026-08-07,,,,,,,,
NUSA,2026-08-06,23.02,23.04,0.0008688097306690512,2026-08-07,,,,,,,,
NUSB,2026-08-06,25.19,25.19,0.0,2026-08-07,,,,,,,,
NUSC,2026-08-06,52.26,52.76,0.009567546880979716,2026-08-07,,,,,,,,
NUTX,2026-08-06,151.93,162.07,0.06674126242348444,2026-08-07,,,,,,,,
NUV,2026-08-06,9.03,9.1,0.007751937984496138,2026-08-07,,,,,,,,
NUVB,2026-08-06,6.11,6.6,0.0801963993453354,2026-08-07,,,,,,,,
NUW,2026-08-06,13.95,14.02,0.00501792114695343,2026-08-07,,,,,,,,
NUWE,2026-08-06,1.63,1.49,-0.08588957055214719,2026-08-07,,,,,,,,
NVA,2026-08-06,5.45,5.72,0.04954128440366956,2026-08-07,,,,,,,,
NVAX,2026-08-06,7.74,7.95,0.027131782945736482,2026-08-07,,,,,,,,
NVBT,2026-08-06,40.48,40.62,0.0034584980237153395,2026-08-07,,,,,,,,
NVBU,2026-08-06,31.48,31.66,0.00571791613723005,2026-08-07,,,,,,,,
NVBW,2026-08-06,36.17,36.24,0.0019353055017969911,2026-08-07,,,,,,,,
NVC,2026-08-06,30.43,31.67,0.04074926059809414,2026-08-07,,,,,,,,
NVCR,2026-08-06,15.69,16.39,0.04461440407903128,2026-08-07,,,,,,,,
NVCT,2026-08-06,18.83,18.95,0.006372809346787189,2026-08-07,,,,,,,,
NVD,2026-08-06,4.16,3.97,-0.04567307692307687,2026-08-07,,,,,,,,
NVDA,2026-08-06,218.99,223.96,0.022695100232887233,2026-08-07,,,,,,,,
NVDB,2026-08-06,32.59,34.07,0.04541270328321567,2026-08-07,,,,,,,,
NVDD,2026-08-06,30.82,30.13,-0.022388059701492602,2026-08-07,,,,,,,,
NVDG,2026-08-06,19.84,20.77,0.046875,2026-08-07,,,,,,,,
NVDL,2026-08-06,34.84,36.43,0.04563719862227322,2026-08-07,,,,,,,,
NVDQ,2026-08-06,9.48,9.03,-0.04746835443037989,2026-08-07,,,,,,,,
NVDS,2026-08-06,19.39,18.76,-0.032490974729241784,2026-08-07,,,,,,,,
NVDU,2026-08-06,138.85,145.01,0.0443644220381707,2026-08-07,,,,,,,,
NVDW,2026-08-06,37.89,38.85,0.025336500395882755,2026-08-07,,,,,,,,
NVDX,2026-08-06,19.74,20.61,0.04407294832826758,2026-08-07,,,,,,,,
NVDY,2026-08-06,12.78,13.0,0.017214397496087663,2026-08-07,,,,,,,,
NVEC,2026-08-06,129.43,125.94,-0.026964382291586264,2026-08-07,,,,,,,,
NVG,2026-08-06,12.39,12.52,0.010492332526230719,2026-08-07,,,,,,,,
NVGS,2026-08-06,20.87,20.67,-0.009583133684714862,2026-08-07,,,,,,,,
NVIB,2026-08-06,27.59,28.17,0.021022109459949423,2026-08-07,,,,,,,,
NVII,2026-08-06,24.82,25.33,0.020547945205479312,2026-08-07,,,,,,,,
NVIR,2026-08-06,38.94,39.06,0.0030816640986133237,2026-08-07,,,,,,,,
NVIT,2026-08-06,50.9,51.55,0.012770137524557912,2026-08-07,,,,,,,,
NVMI,2026-08-06,381.32,393.02,0.030682891010175073,2026-08-07,,,,,,,,
NVNI,2026-08-06,1.03,1.05,0.01941747572815533,2026-08-07,,,,,,,,
NVNO,2026-08-06,10.15,10.61,0.045320197044334876,2026-08-07,,,,,,,,
NVO,2026-08-06,45.97,47.26,0.028061779421361788,2026-08-07,,,,,,,,
NVOC,2026-08-06,21.18,22.4,0.0576015108593011,2026-08-07,,,,,,,,
NVOH,2026-08-06,24.78,25.41,0.025423728813559254,2026-08-07,,,,,,,,
NVOX,2026-08-06,14.25,14.99,0.05192982456140349,2026-08-07,,,,,,,,
NVPS,2026-08-06,22.54,22.58,0.0017746228926351915,2026-08-07,,,,,,,,
NVR,2026-08-06,6304.81,6390.14,0.013534111257912596,2026-08-07,,,,,,,,
NVRI,2026-08-06,22.41,22.07,-0.015171798304328465,2026-08-07,,,,,,,,
NVS,2026-08-06,154.21,156.33,0.013747487192789176,2026-08-07,,,,,,,,
NVST,2026-08-06,27.38,28.15,0.02812271731190652,2026-08-07,,,,,,,,
NVT,2026-08-06,163.3,164.69,0.008511941212492324,2026-08-07,,,,,,,,
NVTC,2026-08-06,14.77,18.19,0.2315504400812458,2026-08-07,,,,,,,,
NVTS,2026-08-06,12.4,13.89,0.1201612903225806,2026-08-07,,,,,,,,
NVTX,2026-08-06,19.78,24.67,0.24721941354903954,2026-08-07,,,,,,,,
NVX,2026-08-06,0.4,0.41,0.02499999999999991,2026-08-07,,,,,,,,
NVYY,2026-08-06,12.26,12.18,-0.006525285481239762,2026-08-07,,,,,,,,
NWAX,2026-08-06,10.16,10.17,0.0009842519685039353,2026-08-07,,,,,,,,
NWBI,2026-08-06,15.65,15.55,-0.006389776357827448,2026-08-07,,,,,,,,
NWE,2026-08-06,70.27,72.09,0.02590009961576789,2026-08-07,,,,,,,,
NWFL,2026-08-06,34.01,33.83,-0.005292561011467245,2026-08-07,,,,,,,,
NWG,2026-08-06,19.04,19.19,0.007878151260504396,2026-08-07,,,,,,,,
NWGL,2026-08-06,0.29,0.31,0.06896551724137945,2026-08-07,,,,,,,,
NWL,2026-08-06,6.02,6.01,-0.0016611295681062677,2026-08-07,,,,,,,,
NWN,2026-08-06,50.77,50.47,-0.005909001378767043,2026-08-07,,,,,,,,
NWPX,2026-08-06,118.5,119.72,0.010295358649788922,2026-08-07,,,,,,,,
NWS,2026-08-06,33.87,32.45,-0.041925007381163115,2026-08-07,,,,,,,,
NWSA,2026-08-06,29.67,28.52,-0.03875968992248069,2026-08-07,,,,,,,,
NWTG,2026-08-06,1.06,1.25,0.17924528301886777,2026-08-07,,,,,,,,
NX,2026-08-06,20.87,21.98,0.05318639195016761,2026-08-07,,,,,,,,
NXB,2026-08-06,2.18,2.16,-0.00917431192660556,2026-08-07,,,,,,,,
NXDR,2026-08-06,2.54,2.55,0.003937007874015741,2026-08-07,,,,,,,,
NXDT,2026-08-06,4.55,4.61,0.013186813186813362,2026-08-07,,,,,,,,
NXE,2026-08-06,10.23,10.43,0.019550342130987275,2026-08-07,,,,,,,,
NXG,2026-08-06,59.24,59.57,0.005570560432140326,2026-08-07,,,,,,,,
NXGL,2026-08-06,0.34,0.38,0.11764705882352944,2026-08-07,,,,,,,,
NXL,2026-08-06,0.34,0.35,0.02941176470588225,2026-08-07,,,,,,,,
NXP,2026-08-06,14.2,14.28,0.005633802816901401,2026-08-07,,,,,,,,
NXPG,2026-08-06,7.7,8.15,0.05844155844155852,2026-08-07,,,,,,,,
NXPI,2026-08-06,231.78,239.71,0.0342134782983865,2026-08-07,,,,,,,,
NXPL,2026-08-06,6.44,6.42,-0.0031055900621118626,2026-08-07,,,,,,,,
NXPX,2026-08-06,11.56,12.27,0.06141868512110715,2026-08-07,,,,,,,,
NXRT,2026-08-06,24.93,25.53,0.024067388688327362,2026-08-07,,,,,,,,
NXST,2026-08-06,187.97,193.78,0.030909187636324997,2026-08-07,,,,,,,,
NXT,2026-08-06,98.43,103.26,0.04907040536421814,2026-08-07,,,,,,,,
NXTC,2026-08-06,5.59,5.84,0.04472271914132375,2026-08-07,,,,,,,,
NXTE,2026-08-06,46.15,46.85,0.015167930660888507,2026-08-07,,,,,,,,
NXTG,2026-08-06,150.24,152.51,0.015109158679446066,2026-08-07,,,,,,,,
NXTI,2026-08-06,35.35,36.01,0.01867043847241856,2026-08-07,,,,,,,,
NXTS,2026-08-06,1.92,1.89,-0.015625,2026-08-07,,,,,,,,
NXTT,2026-08-06,0.07,0.06,-0.14285714285714302,2026-08-07,,,,,,,,
NXUS,2026-08-06,24.76,24.78,0.0008077544426494665,2026-08-07,,,,,,,,
NXXT,2026-08-06,0.27,0.29,0.07407407407407396,2026-08-07,,,,,,,,
NYAX,2026-08-06,68.27,69.06,0.011571700600556678,2026-08-07,,,,,,,,
NYC,2026-08-06,8.65,8.72,0.008092485549132888,2026-08-07,,,,,,,,
NYF,2026-08-06,52.97,53.08,0.002076647158769207,2026-08-07,,,,,,,,
NYM,2026-08-06,24.84,24.87,0.0012077294685990392,2026-08-07,,,,,,,,
NYNY,2026-08-06,27.42,27.56,0.0051057622173595885,2026-08-07,,,,,,,,
NYSX,2026-08-06,125.62,126.97,0.010746696385925736,2026-08-07,,,,,,,,
NYT,2026-08-06,64.77,63.54,-0.018990273274664182,2026-08-07,,,,,,,,
NYXH,2026-08-06,1.31,1.47,0.12213740458015265,2026-08-07,,,,,,,,
NYYY,2026-08-06,44.47,45.44,0.021812457836743793,2026-08-07,,,,,,,,
NZAC,2026-08-06,46.99,47.31,0.006809959565865054,2026-08-07,,,,,,,,
NZF,2026-08-06,12.37,12.46,0.007275666936136016,2026-08-07,,,,,,,,
O,2026-08-06,62.36,62.51,0.0024053880692751495,2026-08-07,,,,,,,,
OABI,2026-08-06,2.24,3.08,0.375,2026-08-07,,,,,,,,
OACC,2026-08-06,10.8,10.76,-0.0037037037037037646,2026-08-07,,,,,,,,
OACP,2026-08-06,22.42,22.47,0.00223015165031204,2026-08-07,,,,,,,,
OAEM,2026-08-06,47.33,47.26,-0.001478977392774139,2026-08-07,,,,,,,,
OAIM,2026-08-06,46.94,47.13,0.004047720494248175,2026-08-07,,,,,,,,
OAKG,2026-08-06,26.98,27.42,0.01630837657524098,2026-08-07,,,,,,,,
OAKI,2026-08-06,27.45,27.69,0.008743169398907069,2026-08-07,,,,,,,,
OAKM,2026-08-06,30.49,30.6,0.003607740242702606,2026-08-07,,,,,,,,
OALC,2026-08-06,41.94,42.22,0.0066762041010968165,2026-08-07,,,,,,,,
OARK,2026-08-06,28.18,29.13,0.03371185237757279,2026-08-07,,,,,,,,
OASC,2026-08-06,34.81,35.03,0.006320022981901818,2026-08-07,,,,,,,,
OBA,2026-08-06,10.29,10.29,0.0,2026-08-07,,,,,,,,
OBAI,2026-08-06,0.47,0.48,0.02127659574468077,2026-08-07,,,,,,,,
OBDC,2026-08-06,11.31,11.64,0.02917771883289122,2026-08-07,,,,,,,,
OBE,2026-08-06,9.58,9.91,0.034446764091857984,2026-08-07,,,,,,,,
OBIL,2026-08-06,50.01,50.06,0.0009998000399920048,2026-08-07,,,,,,,,
OBIO,2026-08-06,4.15,4.24,0.02168674698795181,2026-08-07,,,,,,,,
OBK,2026-08-06,53.98,53.84,-0.002593553167839824,2026-08-07,,,,,,,,
OBND,2026-08-06,25.42,25.44,0.0007867820613689513,2026-08-07,,,,,,,,
OBOR,2026-08-06,27.15,27.6,0.016574585635359185,2026-08-07,,,,,,,,
OBT,2026-08-06,38.39,38.61,0.005730659025787954,2026-08-07,,,,,,,,
OBTC,2026-08-06,20.7,20.88,0.008695652173912993,2026-08-07,,,,,,,,
OBX,2026-08-06,28.35,27.5,-0.029982363315696703,2026-08-07,,,,,,,,
OC,2026-08-06,150.6,157.1,0.0431606905710491,2026-08-07,,,,,,,,
OCAC,2026-08-06,9.9,9.92,0.002020202020202033,2026-08-07,,,,,,,,
OCAC-U,2026-08-06,10.23,10.23,0.0,2026-08-07,,,,,,,,
OCC,2026-08-06,15.63,16.25,0.03966730646193217,2026-08-07,,,,,,,,
OCCI,2026-08-06,2.5,2.55,0.020000000000000018,2026-08-07,,,,,,,,
OCDB,2026-08-06,26.25,26.32,0.002666666666666595,2026-08-07,,,,,,,,
OCFC,2026-08-06,19.52,19.42,-0.0051229508196720674,2026-08-07,,,,,,,,
OCG,2026-08-06,1.65,1.66,0.0060606060606061,2026-08-07,,,,,,,,
OCGN,2026-08-06,1.24,1.28,0.032258064516129004,2026-08-07,,,,,,,,
OCIO,2026-08-06,37.73,37.98,0.0066260270341902405,2026-08-07,,,,,,,,
OCLTU,2026-08-06,,9.98,,2026-08-07,,,,,,,,
OCNL,2026-08-06,24.37,24.79,0.017234304472712347,2026-08-07,,,,,,,,
OCS,2026-08-06,12.38,12.68,0.024232633279482885,2026-08-07,,,,,,,,
OCSL,2026-08-06,12.72,12.96,0.018867924528301883,2026-08-07,,,,,,,,
OCTB,2026-08-06,27.66,27.74,0.002892263195950706,2026-08-07,,,,,,,,
OCTH,2026-08-06,24.14,24.14,0.0,2026-08-07,,,,,,,,
OCTJ,2026-08-06,24.08,24.08,0.0,2026-08-07,,,,,,,,
OCTM,2026-08-06,33.91,33.93,0.0005897965202006361,2026-08-07,,,,,,,,
OCTP,2026-08-06,32.9,32.96,0.0018237082066869803,2026-08-07,,,,,,,,
OCTT,2026-08-06,47.57,47.69,0.0025225982762244747,2026-08-07,,,,,,,,
OCTU,2026-08-06,31.09,31.27,0.005789642972016784,2026-08-07,,,,,,,,
OCTV,2026-08-06,19.42,19.68,0.013388259526261548,2026-08-07,,,,,,,,
OCTW,2026-08-06,41.47,41.53,0.0014468290330360567,2026-08-07,,,,,,,,
OCTZ,2026-08-06,46.74,46.93,0.00406504065040636,2026-08-07,,,,,,,,
OCUL,2026-08-06,8.74,9.19,0.05148741418764291,2026-08-07,,,,,,,,
ODC,2026-08-06,96.55,92.79,-0.03894355256343851,2026-08-07,,,,,,,,
ODD,2026-08-06,13.52,14.12,0.044378698224851965,2026-08-07,,,,,,,,
ODDS,2026-08-06,24.89,25.41,0.020891924467657752,2026-08-07,,,,,,,,
ODDZ,2026-08-06,25.28,25.37,0.0035601265822784445,2026-08-07,,,,,,,,
ODFL,2026-08-06,211.41,216.36,0.02341421881651784,2026-08-07,,,,,,,,
ODHY,2026-08-06,9.94,9.95,0.001006036217303885,2026-08-07,,,,,,,,
ODTE,2026-08-06,25.88,26.08,0.007727975270479082,2026-08-07,,,,,,,,
ODTX,2026-08-06,21.55,21.17,-0.017633410672853733,2026-08-07,,,,,,,,
ODYS,2026-08-06,4.4,4.44,0.009090909090909038,2026-08-07,,,,,,,,
OEC,2026-08-06,7.6,7.24,-0.047368421052631504,2026-08-07,,,,,,,,
OEF,2026-08-06,381.18,383.05,0.004905818773282888,2026-08-07,,,,,,,,
OEFA,2026-08-06,36.25,36.79,0.014896551724137952,2026-08-07,,,,,,,,
OEI,2026-08-06,25.99,26.22,0.008849557522123908,2026-08-07,,,,,,,,
OESX,2026-08-06,17.58,19.7,0.12059158134243475,2026-08-07,,,,,,,,
OFAL,2026-08-06,0.75,0.72,-0.040000000000000036,2026-08-07,,,,,,,,
OFG,2026-08-06,52.89,52.3,-0.011155227831348147,2026-08-07,,,,,,,,
OFIX,2026-08-06,10.6,10.28,-0.030188679245283012,2026-08-07,,,,,,,,
OFLX,2026-08-06,30.95,30.92,-0.0009693053311792266,2026-08-07,,,,,,,,
OFRM,2026-08-06,17.43,17.93,0.028686173264486525,2026-08-07,,,,,,,,
OFS,2026-08-06,3.79,3.87,0.02110817941952514,2026-08-07,,,,,,,,
OGC,2026-08-06,26.25,28.11,0.07085714285714273,2026-08-07,,,,,,,,
OGE,2026-08-06,46.79,47.02,0.004915580252190743,2026-08-07,,,,,,,,
OGEN,2026-08-06,0.54,0.55,0.0185185185185186,2026-08-07,,,,,,,,
OGG,2026-08-06,2.64,2.8,0.06060606060606055,2026-08-07,,,,,,,,
OGI,2026-08-06,0.99,0.99,0.0,2026-08-07,,,,,,,,
OGIG,2026-08-06,48.91,50.57,0.03393988959313021,2026-08-07,,,,,,,,
OGN,2026-08-06,13.55,13.6,0.0036900369003689537,2026-08-07,,,,,,,,
OGS,2026-08-06,79.62,80.22,0.007535795026375247,2026-08-07,,,,,,,,
OGSP,2026-08-06,9.99,9.99,0.0,2026-08-07,,,,,,,,
OHAC,2026-08-06,9.94,9.94,0.0,2026-08-07,,,,,,,,
OHI,2026-08-06,48.68,48.46,-0.004519309778142966,2026-08-07,,,,,,,,
OI,2026-08-06,7.1,7.03,-0.00985915492957734,2026-08-07,,,,,,,,
OIA,2026-08-06,6.0,6.09,0.014999999999999902,2026-08-07,,,,,,,,
OIH,2026-08-06,392.08,388.28,-0.009691899612324084,2026-08-07,,,,,,,,
OII,2026-08-06,49.25,47.97,-0.025989847715736092,2026-08-07,,,,,,,,
OILD,2026-08-06,38.17,39.4,0.0322242598899658,2026-08-07,,,,,,,,
OILK,2026-08-06,49.43,49.24,-0.0038438195427877853,2026-08-07,,,,,,,,
OILT,2026-08-06,29.27,29.25,-0.0006832934745473196,2026-08-07,,,,,,,,
OILU,2026-08-06,41.7,40.53,-0.028057553956834624,2026-08-07,,,,,,,,
OIM,2026-08-06,10.15,10.17,0.0019704433497536034,2026-08-07,,,,,,,,
OIO,2026-08-06,1.88,1.84,-0.02127659574468077,2026-08-07,,,,,,,,
OIS,2026-08-06,8.31,8.14,-0.020457280385078214,2026-08-07,,,,,,,,
OKE,2026-08-06,87.93,86.42,-0.017172751051973245,2026-08-07,,,,,,,,
OKLC,2026-08-06,15.44,20.06,0.2992227979274611,2026-08-07,,,,,,,,
OKLL,2026-08-06,2.88,3.73,0.29513888888888884,2026-08-07,,,,,,,,
OKLO,2026-08-06,42.19,48.42,0.14766532353638318,2026-08-07,,,,,,,,
OKLS,2026-08-06,30.33,21.34,-0.2964061984833498,2026-08-07,,,,,,,,
OKTA,2026-08-06,143.51,148.32,0.03351682809560308,2026-08-07,,,,,,,,
OKTG,2026-08-06,30.4,32.37,0.06480263157894739,2026-08-07,,,,,,,,
OKUR,2026-08-06,4.15,4.14,-0.002409638554217053,2026-08-07,,,,,,,,
OKYO,2026-08-06,1.53,1.49,-0.02614379084967322,2026-08-07,,,,,,,,
OLB,2026-08-06,0.29,0.31,0.06896551724137945,2026-08-07,,,,,,,,
OLED,2026-08-06,87.25,91.19,0.045157593123209105,2026-08-07,,,,,,,,
OLLI,2026-08-06,77.97,81.64,0.04706938566115171,2026-08-07,,,,,,,,
OLMA,2026-08-06,11.8,12.05,0.021186440677966045,2026-08-07,,,,,,,,
OLN,2026-08-06,18.74,18.59,-0.008004268943436421,2026-08-07,,,,,,,,
OLOX,2026-08-06,3.38,3.2,-0.053254437869822424,2026-08-07,,,,,,,,
OLP,2026-08-06,24.16,24.16,0.0,2026-08-07,,,,,,,,
OM,2026-08-06,5.2,4.9,-0.05769230769230771,2026-08-07,,,,,,,,
OMAB,2026-08-06,111.21,110.44,-0.006923837784371889,2026-08-07,,,,,,,,
OMAH,2026-08-06,18.63,18.6,-0.0016103059581319412,2026-08-07,,,,,,,,
OMC,2026-08-06,82.51,85.24,0.03308689855775038,2026-08-07,,,,,,,,
OMCL,2026-08-06,36.16,36.81,0.01797566371681425,2026-08-07,,,,,,,,
OMDA,2026-08-06,19.54,23.67,0.21136131013306048,2026-08-07,,,,,,,,
OMER,2026-08-06,13.15,13.25,0.0076045627376426506,2026-08-07,,,,,,,,
OMEX,2026-08-06,0.75,0.88,0.17333333333333334,2026-08-07,,,,,,,,
OMF,2026-08-06,65.03,64.95,-0.0012302014454866894,2026-08-07,,,,,,,,
OMFL,2026-08-06,70.88,71.17,0.004091422121896171,2026-08-07,,,,,,,,
OMFS,2026-08-06,53.26,53.52,0.004881712354487533,2026-08-07,,,,,,,,
OMH,2026-08-06,0.09,0.1,0.11111111111111116,2026-08-07,,,,,,,,
OMSE,2026-08-06,4.39,4.41,0.004555808656036442,2026-08-07,,,,,,,,
ON,2026-08-06,78.33,81.17,0.036256861994127476,2026-08-07,,,,,,,,
ONB,2026-08-06,26.67,26.56,-0.004124484439445131,2026-08-07,,,,,,,,
ONC,2026-08-06,329.8,348.27,0.056003638568829395,2026-08-07,,,,,,,,
ONCH,2026-08-06,10.28,10.28,0.0,2026-08-07,,,,,,,,
ONCO,2026-08-06,0.9,0.89,-0.011111111111111072,2026-08-07,,,,,,,,
ONCY,2026-08-06,0.8,0.8,0.0,2026-08-07,,,,,,,,
OND,2026-08-06,35.12,36.23,0.03160592255125283,2026-08-07,,,,,,,,
ONDC,2026-08-06,27.93,30.18,0.08055853920515577,2026-08-07,,,,,,,,
ONDG,2026-08-06,3.3,3.6,0.09090909090909105,2026-08-07,,,,,,,,
ONDL,2026-08-06,8.48,9.19,0.08372641509433953,2026-08-07,,,,,,,,
ONDS,2026-08-06,8.74,9.11,0.042334096109839736,2026-08-07,,,,,,,,
ONDU,2026-08-06,5.32,5.76,0.08270676691729317,2026-08-07,,,,,,,,
ONEG,2026-08-06,1.03,1.03,0.0,2026-08-07,,,,,,,,
ONEH,2026-08-06,24.74,24.75,0.0004042037186742231,2026-08-07,,,,,,,,
ONEO,2026-08-06,155.62,157.2,0.010152936640534627,2026-08-07,,,,,,,,
ONEQ,2026-08-06,103.84,105.18,0.012904468412943126,2026-08-07,,,,,,,,
ONEV,2026-08-06,149.97,150.78,0.00540108021604313,2026-08-07,,,,,,,,
ONEW,2026-08-06,11.94,12.04,0.008375209380234505,2026-08-07,,,,,,,,
ONEY,2026-08-06,133.35,134.11,0.005699287589051583,2026-08-07,,,,,,,,
ONEZ,2026-08-06,28.11,28.3,0.0067591604411241235,2026-08-07,,,,,,,,
ONFO,2026-08-06,0.06,0.04,-0.33333333333333326,2026-08-07,,,,,,,,
ONG,2026-08-06,4.96,5.33,0.07459677419354849,2026-08-07,,,,,,,,
ONIT,2026-08-06,36.93,39.39,0.066612510154346,2026-08-07,,,,,,,,
ONL,2026-08-06,2.6,2.82,0.08461538461538454,2026-08-07,,,,,,,,
ONLN,2026-08-06,60.21,61.31,0.018269390466699953,2026-08-07,,,,,,,,
ONMD,2026-08-06,0.65,0.62,-0.04615384615384621,2026-08-07,,,,,,,,
ONOF,2026-08-06,40.99,41.27,0.006830934374237652,2026-08-07,,,,,,,,
ONON,2026-08-06,37.34,37.55,0.005623995715050789,2026-08-07,,,,,,,,
ONT,2026-08-06,15.09,16.51,0.09410205434062302,2026-08-07,,,,,,,,
ONTO,2026-08-06,268.7,308.3,0.14737625604763682,2026-08-07,,,,,,,,
ONTX,2026-08-06,15.8,19.74,0.2493670886075947,2026-08-07,,,,,,,,
ONX,2026-08-06,7.86,8.39,0.06743002544529264,2026-08-07,,,,,,,,
OOMA,2026-08-06,21.4,21.97,0.026635514018691575,2026-08-07,,,,,,,,
OOSP,2026-08-06,10.1,10.12,0.001980198019801982,2026-08-07,,,,,,,,
OPAD,2026-08-06,4.53,4.79,0.05739514348785857,2026-08-07,,,,,,,,
OPAL,2026-08-06,2.39,2.33,-0.025104602510460317,2026-08-07,,,,,,,,
OPBK,2026-08-06,15.63,15.63,0.0,2026-08-07,,,,,,,,
OPCH,2026-08-06,23.63,23.79,0.0067710537452390085,2026-08-07,,,,,,,,
OPEG,2026-08-06,2.19,2.24,0.022831050228310668,2026-08-07,,,,,,,,
OPEN,2026-08-06,3.44,3.48,0.011627906976744207,2026-08-07,,,,,,,,
OPER,2026-08-06,100.1,100.14,0.0003996003996005193,2026-08-07,,,,,,,,
OPEX,2026-08-06,8.68,8.9,0.025345622119815836,2026-08-07,,,,,,,,
OPFI,2026-08-06,9.76,9.4,-0.03688524590163933,2026-08-07,,,,,,,,
OPHC,2026-08-06,9.0,9.11,0.012222222222222134,2026-08-07,,,,,,,,
OPI,2026-08-06,18.62,19.05,0.02309344790547807,2026-08-07,,,,,,,,
OPK,2026-08-06,1.32,1.37,0.037878787878787845,2026-08-07,,,,,,,,
OPLN,2026-08-06,37.62,36.98,-0.017012227538543367,2026-08-07,,,,,,,,
OPP,2026-08-06,7.63,7.66,0.003931847968545288,2026-08-07,,,,,,,,
OPPE,2026-08-06,60.02,60.16,0.0023325558147282432,2026-08-07,,,,,,,,
OPPG,2026-08-06,37.15,37.57,0.011305518169582918,2026-08-07,,,,,,,,
OPPJ,2026-08-06,57.34,58.04,0.012207882804325054,2026-08-07,,,,,,,,
OPRA,2026-08-06,19.58,19.96,0.019407558733401498,2026-08-07,,,,,,,,
OPRT,2026-08-06,8.05,8.09,0.004968944099378758,2026-08-07,,,,,,,,
OPRX,2026-08-06,6.74,7.08,0.05044510385756684,2026-08-07,,,,,,,,
OPTH,2026-08-06,5.15,5.05,-0.019417475728155442,2026-08-07,,,,,,,,
OPTT,2026-08-06,0.18,0.18,0.0,2026-08-07,,,,,,,,
OPTU,2026-08-06,0.8,0.77,-0.03749999999999998,2026-08-07,,,,,,,,
OPTX,2026-08-06,7.4,7.79,0.05270270270270272,2026-08-07,,,,,,,,
OPTZ,2026-08-06,46.56,46.84,0.006013745704467333,2026-08-07,,,,,,,,
OPXS,2026-08-06,12.06,11.99,-0.005804311774461057,2026-08-07,,,,,,,,
OPY,2026-08-06,114.29,111.64,-0.023186630501356276,2026-08-07,,,,,,,,
OR,2026-08-06,32.15,33.08,0.02892690513219276,2026-08-07,,,,,,,,
ORA,2026-08-06,107.38,108.09,0.006612032035760995,2026-08-07,,,,,,,,
ORAC,2026-08-06,22.53,23.47,0.041722148246782,2026-08-07,,,,,,,,
ORBS,2026-08-06,0.67,0.69,0.02985074626865658,2026-08-07,,,,,,,,
ORBX,2026-08-06,43.58,46.77,0.07319871500688402,2026-08-07,,,,,,,,
ORC,2026-08-06,6.42,6.56,0.02180685358255441,2026-08-07,,,,,,,,
ORCL,2026-08-06,143.47,147.02,0.024743848888269415,2026-08-07,,,,,,,,
ORCS,2026-08-06,30.31,29.68,-0.020785219399538035,2026-08-07,,,,,,,,
ORCU,2026-08-06,7.57,7.94,0.04887714663143994,2026-08-07,,,,,,,,
ORCX,2026-08-06,21.14,22.16,0.04824976348155152,2026-08-07,,,,,,,,
ORCZ,2026-08-06,18.05,17.13,-0.05096952908587271,2026-08-07,,,,,,,,
ORGO,2026-08-06,2.41,1.86,-0.22821576763485474,2026-08-07,,,,,,,,
ORI,2026-08-06,43.45,43.03,-0.009666283084004634,2026-08-07,,,,,,,,
ORIC,2026-08-06,12.93,13.5,0.044083526682134666,2026-08-07,,,,,,,,
ORIO,2026-08-06,0.67,0.65,-0.02985074626865669,2026-08-07,,,,,,,,
ORIQ,2026-08-06,10.35,10.32,-0.0028985507246376274,2026-08-07,,,,,,,,
ORKA,2026-08-06,98.42,98.82,0.004064214590530302,2026-08-07,,,,,,,,
ORKT,2026-08-06,1.0,1.0,0.0,2026-08-07,,,,,,,,
ORLA,2026-08-06,9.44,9.44,0.0,2026-08-07,,,,,,,,
ORLG,2026-08-06,12.32,12.32,0.0,2026-08-07,,,,,,,,
ORLY,2026-08-06,93.37,93.53,0.0017136125093712984,2026-08-07,,,,,,,,
ORMP,2026-08-06,4.3,4.3,0.0,2026-08-07,,,,,,,,
ORN,2026-08-06,10.12,10.31,0.018774703557312478,2026-08-07,,,,,,,,
ORO,2026-08-06,18.01,18.12,0.0061077179344808386,2026-08-07,,,,,,,,
ORR,2026-08-06,39.52,39.43,-0.0022773279352227283,2026-08-07,,,,,,,,
ORRF,2026-08-06,42.96,42.62,-0.007914338919925545,2026-08-07,,,,,,,,
OSBC,2026-08-06,25.78,25.44,-0.013188518231186941,2026-08-07,,,,,,,,
OSCG,2026-08-06,30.91,30.91,0.0,2026-08-07,,,,,,,,
OSCR,2026-08-06,26.54,27.9,0.05124340617935186,2026-08-07,,,,,,,,
OSCV,2026-08-06,42.8,42.94,0.0032710280373831058,2026-08-07,,,,,,,,
OSCX,2026-08-06,81.86,90.09,0.10053750305399478,2026-08-07,,,,,,,,
OSEA,2026-08-06,30.76,31.04,0.00910273081924573,2026-08-07,,,,,,,,
OSG,2026-08-06,5.66,4.93,-0.12897526501766787,2026-08-07,,,,,,,,
OSIS,2026-08-06,237.1,236.23,-0.0036693378321384085,2026-08-07,,,,,,,,
OSK,2026-08-06,153.44,155.26,0.011861313868613,2026-08-07,,,,,,,,
OSPN,2026-08-06,16.24,16.78,0.03325123152709386,2026-08-07,,,,,,,,
OSPRU,2026-08-06,10.06,10.12,0.005964214711729587,2026-08-07,,,,,,,,
OSRH,2026-08-06,0.44,0.44,0.0,2026-08-07,,,,,,,,
OSS,2026-08-06,13.32,13.24,-0.006006006006005982,2026-08-07,,,,,,,,
OSSL,2026-08-06,9.08,9.02,-0.0066079295154185536,2026-08-07,,,,,,,,
OSTX,2026-08-06,1.63,1.6,-0.018404907975460016,2026-08-07,,,,,,,,
OSUR,2026-08-06,4.0,4.05,0.012499999999999956,2026-08-07,,,,,,,,
OSW,2026-08-06,26.53,26.21,-0.012061816811157144,2026-08-07,,,,,,,,
OTAI,2026-08-06,9.99,9.97,-0.002002002002001957,2026-08-07,,,,,,,,
OTEX,2026-08-06,25.66,24.94,-0.028059236165237644,2026-08-07,,,,,,,,
OTF,2026-08-06,11.33,11.7,0.032656663724624835,2026-08-07,,,,,,,,
OTGA,2026-08-06,10.2,10.21,0.0009803921568629637,2026-08-07,,,,,,,,
OTGL,2026-08-06,10.84,10.74,-0.009225092250922495,2026-08-07,,,,,,,,
OTIS,2026-08-06,73.83,73.99,0.0021671407287009448,2026-08-07,,,,,,,,
OTLK,2026-08-06,0.97,1.02,0.05154639175257736,2026-08-07,,,,,,,,
OTLY,2026-08-06,13.69,13.72,0.002191380569759094,2026-08-07,,,,,,,,
OTTR,2026-08-06,93.05,93.79,0.00795271359484162,2026-08-07,,,,,,,,
OUNZ,2026-08-06,40.83,41.74,0.022287533676218496,2026-08-07,,,,,,,,
OUSA,2026-08-06,62.18,62.22,0.0006432936635574205,2026-08-07,,,,,,,,
OUSL,2026-08-06,22.61,20.4,-0.09774436090225569,2026-08-07,,,,,,,,
OUSM,2026-08-06,49.69,49.97,0.005634936606963237,2026-08-07,,,,,,,,
OUST,2026-08-06,45.58,43.4,-0.0478279947345327,2026-08-07,,,,,,,,
OUT,2026-08-06,31.15,31.21,0.0019261637239165186,2026-08-07,,,,,,,,
OVB,2026-08-06,20.17,20.22,0.0024789291026274807,2026-08-07,,,,,,,,
OVBC,2026-08-06,43.73,43.56,-0.0038874914246511683,2026-08-07,,,,,,,,
OVF,2026-08-06,31.97,32.3,0.010322177040975822,2026-08-07,,,,,,,,
OVID,2026-08-06,2.65,2.63,-0.007547169811320753,2026-08-07,,,,,,,,
OVL,2026-08-06,57.77,58.16,0.00675090877618123,2026-08-07,,,,,,,,
OVLH,2026-08-06,42.62,42.83,0.00492726419521361,2026-08-07,,,,,,,,
OVLY,2026-08-06,33.25,33.45,0.00601503759398514,2026-08-07,,,,,,,,
OVM,2026-08-06,21.44,21.5,0.002798507462686617,2026-08-07,,,,,,,,
OVS,2026-08-06,42.13,42.51,0.009019700925706031,2026-08-07,,,,,,,,
OVT,2026-08-06,21.74,21.78,0.0018399264029440587,2026-08-07,,,,,,,,
OVV,2026-08-06,59.86,59.36,-0.0083528232542599,2026-08-07,,,,,,,,
OWL,2026-08-06,11.46,11.87,0.035776614310645494,2026-08-07,,,,,,,,
OWLS,2026-08-06,5.35,5.38,0.005607476635514086,2026-08-07,,,,,,,,
OWLT,2026-08-06,5.44,5.5,0.011029411764705843,2026-08-07,,,,,,,,
OWN,2026-08-06,24.94,25.25,0.012429831595829999,2026-08-07,,,,,,,,
OWNB,2026-08-06,16.86,16.99,0.007710557532621509,2026-08-07,,,,,,,,
OWNS,2026-08-06,17.09,17.13,0.002340550029256816,2026-08-07,,,,,,,,
OXBR,2026-08-06,1.33,1.33,0.0,2026-08-07,,,,,,,,
OXLC,2026-08-06,9.16,9.2,0.004366812227074135,2026-08-07,,,,,,,,
OXM,2026-08-06,37.5,36.99,-0.013599999999999945,2026-08-07,,,,,,,,
OXSQ,2026-08-06,1.49,1.49,0.0,2026-08-07,,,,,,,,
OXY,2026-08-06,56.04,55.91,-0.0023197715917202544,2026-08-07,,,,,,,,
OYSE,2026-08-06,10.33,10.34,0.0009680542110357404,2026-08-07,,,,,,,,
OZ,2026-08-06,47.44,46.9,-0.01138279932546371,2026-08-07,,,,,,,,
OZEM,2026-08-06,32.86,33.65,0.02404138770541686,2026-08-07,,,,,,,,
OZK,2026-08-06,51.59,51.41,-0.0034890482651678267,2026-08-07,,,,,,,,
P,2026-08-06,87.26,90.05,0.03197341278936494,2026-08-07,,,,,,,,
PAA,2026-08-06,23.52,22.81,-0.030187074829931992,2026-08-07,,,,,,,,
PAAA,2026-08-06,51.33,51.35,0.00038963569062921977,2026-08-07,,,,,,,,
PAAC,2026-08-06,9.94,9.94,0.0,2026-08-07,,,,,,,,
PAAS,2026-08-06,48.05,51.22,0.06597294484911553,2026-08-07,,,,,,,,
PAB,2026-08-06,41.55,41.65,0.002406738868832692,2026-08-07,,,,,,,,
PABD,2026-08-06,70.88,71.67,0.011145598194131079,2026-08-07,,,,,,,,
PABU,2026-08-06,78.18,79.0,0.010488616014325824,2026-08-07,,,,,,,,
PAC,2026-08-06,222.11,222.7,0.0026563414524334306,2026-08-07,,,,,,,,
PACB,2026-08-06,1.16,1.18,0.01724137931034475,2026-08-07,,,,,,,,
PACH,2026-08-06,10.3,10.29,-0.000970873786407922,2026-08-07,,,,,,,,
PACK,2026-08-06,5.43,5.51,0.014732965009208066,2026-08-07,,,,,,,,
PACS,2026-08-06,46.67,48.44,0.03792586243839713,2026-08-07,,,,,,,,
PAG,2026-08-06,216.4,216.41,4.621072088717426e-05,2026-08-07,,,,,,,,
PAGP,2026-08-06,25.38,24.74,-0.025216706067769934,2026-08-07,,,,,,,,
PAGS,2026-08-06,9.36,9.14,-0.02350427350427342,2026-08-07,,,,,,,,
PAHC,2026-08-06,35.5,34.29,-0.03408450704225352,2026-08-07,,,,,,,,
PAI,2026-08-06,11.93,11.96,0.0025146689019279744,2026-08-07,,,,,,,,
PAII,2026-08-06,10.24,10.26,0.001953125,2026-08-07,,,,,,,,
PAL,2026-08-06,7.08,7.34,0.03672316384180796,2026-08-07,,,,,,,,
PALC,2026-08-06,57.39,57.71,0.005575884300400791,2026-08-07,,,,,,,,
PALD,2026-08-06,10.95,10.8,-0.013698630136986134,2026-08-07,,,,,,,,
PALI,2026-08-06,2.09,2.11,0.009569377990430672,2026-08-07,,,,,,,,
PALL,2026-08-06,24.89,25.05,0.006428284451587052,2026-08-07,,,,,,,,
PALO,2026-08-06,9.95,9.94,-0.0010050251256281673,2026-08-07,,,,,,,,
PALU,2026-08-06,55.35,56.84,0.026919602529358766,2026-08-07,,,,,,,,
PAM,2026-08-06,82.85,82.36,-0.005914302957151452,2026-08-07,,,,,,,,
PAMC,2026-08-06,54.76,54.9,0.0025566106647187947,2026-08-07,,,,,,,,
PAMT,2026-08-06,15.06,14.18,-0.05843293492695889,2026-08-07,,,,,,,,
PANG,2026-08-06,34.08,34.88,0.023474178403755985,2026-08-07,,,,,,,,
PANL,2026-08-06,7.44,7.42,-0.0026881720430108613,2026-08-07,,,,,,,,
PANW,2026-08-06,359.49,363.86,0.012156110044785784,2026-08-07,,,,,,,,
PAPI,2026-08-06,27.62,27.67,0.001810282404055119,2026-08-07,,,,,,,,
PAPL,2026-08-06,1.16,1.1,-0.051724137931034364,2026-08-07,,,,,,,,
PAPR,2026-08-06,42.78,42.84,0.0014025245441795509,2026-08-07,,,,,,,,
PAR,2026-08-06,17.12,17.81,0.04030373831775691,2026-08-07,,,,,,,,
PARK,2026-08-06,21.42,21.16,-0.012138188608776912,2026-08-07,,,,,,,,
PARR,2026-08-06,68.94,66.29,-0.03843922251232945,2026-08-07,,,,,,,,
PASG,2026-08-06,4.4,4.4,0.0,2026-08-07,,,,,,,,
PASW,2026-08-06,0.13,0.13,0.0,2026-08-07,,,,,,,,
PATH,2026-08-06,14.0,15.05,0.07499999999999996,2026-08-07,,,,,,,,
PATK,2026-08-06,86.51,88.84,0.02693330250838044,2026-08-07,,,,,,,,
PATN,2026-08-06,35.2,35.54,0.009659090909090784,2026-08-07,,,,,,,,
PATX,2026-08-06,12.2,14.02,0.14918032786885238,2026-08-07,,,,,,,,
PAUG,2026-08-06,46.58,46.72,0.003005581794761625,2026-08-07,,,,,,,,
PAVE,2026-08-06,58.35,58.69,0.0058269065981146895,2026-08-07,,,,,,,,
PAVM,2026-08-06,4.94,4.74,-0.04048582995951422,2026-08-07,,,,,,,,
PAVS,2026-08-06,6.88,6.15,-0.10610465116279066,2026-08-07,,,,,,,,
PAWZ,2026-08-06,52.08,51.69,-0.00748847926267282,2026-08-07,,,,,,,,
PAX,2026-08-06,11.23,11.53,0.026714158504006935,2026-08-07,,,,,,,,
PAXS,2026-08-06,14.27,14.33,0.0042046250875964475,2026-08-07,,,,,,,,
PAY,2026-08-06,40.12,38.57,-0.03863409770687931,2026-08-07,,,,,,,,
PAYC,2026-08-06,215.97,214.94,-0.00476918090475531,2026-08-07,,,,,,,,
PAYH,2026-08-06,25.07,25.32,0.009972078181093025,2026-08-07,,,,,,,,
PAYM,2026-08-06,25.57,25.76,0.007430582714118117,2026-08-07,,,,,,,,
PAYO,2026-08-06,7.11,7.1,-0.0014064697609001975,2026-08-07,,,,,,,,
PAYP,2026-08-06,15.4,15.35,-0.0032467532467532756,2026-08-07,,,,,,,,
PAYR,2026-08-06,55.14,55.52,0.006891548784911272,2026-08-07,,,,,,,,
PAYS,2026-08-06,12.4,12.48,0.006451612903225712,2026-08-07,,,,,,,,
PAYX,2026-08-06,120.13,120.04,-0.0007491883792557497,2026-08-07,,,,,,,,
PB,2026-08-06,74.08,73.95,-0.0017548596112310078,2026-08-07,,,,,,,,
PBA,2026-08-06,48.0,47.5,-0.01041666666666663,2026-08-07,,,,,,,,
PBAM,2026-08-06,85.51,85.81,0.0035083615951350122,2026-08-07,,,,,,,,
PBAP,2026-08-06,31.36,31.4,0.0012755102040815647,2026-08-07,,,,,,,,
PBAU,2026-08-06,31.96,32.05,0.0028160200250311185,2026-08-07,,,,,,,,
PBD,2026-08-06,17.93,18.23,0.01673173452314569,2026-08-07,,,,,,,,
PBDC,2026-08-06,27.86,28.47,0.021895190236898676,2026-08-07,,,,,,,,
PBDE,2026-08-06,31.42,31.47,0.001591343093570785,2026-08-07,,,,,,,,
PBE,2026-08-06,91.12,92.76,0.017998244073748948,2026-08-07,,,,,,,,
PBEU,2026-08-06,35.67,35.89,0.006167647883375427,2026-08-07,,,,,,,,
PBF,2026-08-06,61.24,61.71,0.007674722403657741,2026-08-07,,,,,,,,
PBFB,2026-08-06,32.35,32.4,0.001545595054095683,2026-08-07,,,,,,,,
PBFR,2026-08-06,31.06,31.08,0.0006439150032195862,2026-08-07,,,,,,,,
PBFS,2026-08-06,17.27,17.32,0.0028951939779966462,2026-08-07,,,,,,,,
PBH,2026-08-06,54.43,54.85,0.007716332904648127,2026-08-07,,,,,,,,
PBHC,2026-08-06,16.53,16.5,-0.001814882032667997,2026-08-07,,,,,,,,
PBI,2026-08-06,17.95,17.42,-0.02952646239554302,2026-08-07,,,,,,,,
PBJ,2026-08-06,47.36,47.42,0.0012668918918918859,2026-08-07,,,,,,,,
PBJA,2026-08-06,32.72,32.79,0.0021393643031784038,2026-08-07,,,,,,,,
PBJL,2026-08-06,31.76,31.83,0.0022040302267001266,2026-08-07,,,,,,,,
PBJN,2026-08-06,31.3,31.39,0.002875399361022435,2026-08-07,,,,,,,,
PBK,2026-08-06,0.47,0.49,0.042553191489361764,2026-08-07,,,,,,,,
PBL,2026-08-06,33.95,34.02,0.0020618556701030855,2026-08-07,,,,,,,,
PBLS,2026-08-06,35.58,34.98,-0.016863406408094472,2026-08-07,,,,,,,,
PBM,2026-08-06,3.49,3.47,-0.005730659025787954,2026-08-07,,,,,,,,
PBMR,2026-08-06,32.5,32.55,0.0015384615384614886,2026-08-07,,,,,,,,
PBMY,2026-08-06,31.59,31.65,0.0018993352326686086,2026-08-07,,,,,,,,
PBNV,2026-08-06,31.46,31.52,0.0019071837253654689,2026-08-07,,,,,,,,
PBOC,2026-08-06,31.07,31.09,0.0006437077566785465,2026-08-07,,,,,,,,
PBOG,2026-08-06,32.88,32.56,-0.009732360097323589,2026-08-07,,,,,,,,
PBOT,2026-08-06,32.5,33.26,0.023384615384615337,2026-08-07,,,,,,,,
PBP,2026-08-06,23.31,23.36,0.0021450021450022394,2026-08-07,,,,,,,,
PBPH,2026-08-06,27.47,27.8,0.012013105205678887,2026-08-07,,,,,,,,
PBQQ,2026-08-06,31.55,31.7,0.004754358161648042,2026-08-07,,,,,,,,
PBR,2026-08-06,18.52,17.96,-0.030237580993520474,2026-08-07,,,,,,,,
PBR-A,2026-08-06,16.48,16.06,-0.02548543689320404,2026-08-07,,,,,,,,
PBRG,2026-08-06,35.56,33.5,-0.05793025871766033,2026-08-07,,,,,,,,
PBSC,2026-08-06,25.2,25.25,0.001984126984126977,2026-08-07,,,,,,,,
PBSE,2026-08-06,31.2,31.22,0.0006410256410256387,2026-08-07,,,,,,,,
PBT,2026-08-06,31.47,32.01,0.01715919923736897,2026-08-07,,,,,,,,
PBTP,2026-08-06,25.67,25.69,0.00077911959485788,2026-08-07,,,,,,,,
PBUS,2026-08-06,77.05,77.61,0.007268007787151198,2026-08-07,,,,,,,,
PBW,2026-08-06,33.64,34.81,0.03478002378121281,2026-08-07,,,,,,,,
PBYI,2026-08-06,8.12,8.91,0.09729064039408875,2026-08-07,,,,,,,,
PCAP,2026-08-06,10.32,10.33,0.0009689922480620172,2026-08-07,,,,,,,,
PCAR,2026-08-06,132.06,133.11,0.007950931394820726,2026-08-07,,,,,,,,
PCB,2026-08-06,28.12,27.87,-0.008890469416785174,2026-08-07,,,,,,,,
PCCE,2026-08-06,12.65,12.82,0.013438735177865535,2026-08-07,,,,,,,,
PCEB,2026-08-06,24.58,24.67,0.003661513425549323,2026-08-07,,,,,,,,
PCEF,2026-08-06,20.27,20.35,0.003946719289590561,2026-08-07,,,,,,,,
PCF,2026-08-06,5.35,5.34,-0.0018691588785045843,2026-08-07,,,,,,,,
PCFI,2026-08-06,22.38,22.38,0.0,2026-08-07,,,,,,,,
PCG,2026-08-06,17.0,17.46,0.027058823529411802,2026-08-07,,,,,,,,
PCGG,2026-08-06,11.46,11.5,0.003490401396160525,2026-08-07,,,,,,,,
PCHI,2026-08-06,24.14,24.19,0.0020712510356255542,2026-08-07,,,,,,,,
PCI,2026-08-06,49.25,49.33,0.0016243654822334364,2026-08-07,,,,,,,,
PCIG,2026-08-06,8.98,9.07,0.010022271714922093,2026-08-07,,,,,,,,
PCL,2026-08-06,47.94,48.02,0.0016687526074261605,2026-08-07,,,,,,,,
PCLA,2026-08-06,6.85,8.11,0.1839416058394161,2026-08-07,,,,,,,,
PCLC,2026-08-06,24.59,24.96,0.015046766978446646,2026-08-07,,,,,,,,
PCLG,2026-08-06,23.25,23.49,0.010322580645161228,2026-08-07,,,,,,,,
PCLN,2026-08-06,31.49,31.94,0.014290250873293164,2026-08-07,,,,,,,,
PCLO,2026-08-06,24.91,24.93,0.0008028904054595554,2026-08-07,,,,,,,,
PCM,2026-08-06,5.67,5.68,0.0017636684303350414,2026-08-07,,,,,,,,
PCMM,2026-08-06,49.77,49.7,-0.0014064697609001975,2026-08-07,,,,,,,,
PCN,2026-08-06,11.8,11.85,0.004237288135593209,2026-08-07,,,,,,,,
PCOR,2026-08-06,55.72,57.06,0.02404881550610205,2026-08-07,,,,,,,,
PCPI,2026-08-06,49.62,49.65,0.0006045949214026347,2026-08-07,,,,,,,,
PCPP,2026-08-06,26.65,26.7,0.0018761726078799779,2026-08-07,,,,,,,,
PCQ,2026-08-06,8.79,8.78,-0.0011376564277587597,2026-08-07,,,,,,,,
PCR,2026-08-06,19.56,19.98,0.021472392638036908,2026-08-07,,,,,,,,
PCRX,2026-08-06,25.58,25.02,-0.0218921032056294,2026-08-07,,,,,,,,
PCS,2026-08-06,49.77,49.82,0.001004621257785665,2026-08-07,,,,,,,,
PCSA,2026-08-06,2.3,2.57,0.11739130434782608,2026-08-07,,,,,,,,
PCSG,2026-08-06,23.01,23.32,0.013472403302911662,2026-08-07,,,,,,,,
PCT,2026-08-06,6.87,7.21,0.04949053857350805,2026-08-07,,,,,,,,
PCTY,2026-08-06,151.49,150.42,-0.007063172486632907,2026-08-07,,,,,,,,
PCVX,2026-08-06,58.89,58.07,-0.013924265579894679,2026-08-07,,,,,,,,
PCY,2026-08-06,21.16,21.27,0.0051984877126654006,2026-08-07,,,,,,,,
PCYO,2026-08-06,10.66,10.83,0.015947467166979257,2026-08-07,,,,,,,,
PD,2026-08-06,11.1,11.69,0.053153153153153054,2026-08-07,,,,,,,,
PDBA,2026-08-06,36.62,36.85,0.006280720917531513,2026-08-07,,,,,,,,
PDBC,2026-08-06,17.23,17.25,0.0011607661056296514,2026-08-07,,,,,,,,
PDC,2026-08-06,3.07,2.96,-0.03583061889250816,2026-08-07,,,,,,,,
PDCC,2026-08-06,8.94,9.0,0.006711409395973256,2026-08-07,,,,,,,,
PDD,2026-08-06,90.85,91.76,0.010016510731975847,2026-08-07,,,,,,,,
PDDL,2026-08-06,15.24,15.54,0.019685039370078705,2026-08-07,,,,,,,,
PDEC,2026-08-06,46.69,46.81,0.0025701434996787675,2026-08-07,,,,,,,,
PDEX,2026-08-06,65.48,65.56,0.0012217470983506562,2026-08-07,,,,,,,,
PDFS,2026-08-06,45.9,49.45,0.07734204793028332,2026-08-07,,,,,,,,
PDI,2026-08-06,16.06,16.08,0.001245330012453305,2026-08-07,,,,,,,,
PDLB,2026-08-06,20.15,20.07,-0.003970223325061917,2026-08-07,,,,,,,,
PDM,2026-08-06,9.43,9.48,0.005302226935312904,2026-08-07,,,,,,,,
PDN,2026-08-06,46.69,47.26,0.012208181623474035,2026-08-07,,,,,,,,
PDO,2026-08-06,13.07,13.08,0.0007651109410864443,2026-08-07,,,,,,,,
PDP,2026-08-06,137.48,138.6,0.008146639511201759,2026-08-07,,,,,,,,
PDS,2026-08-06,76.93,75.75,-0.015338619524242869,2026-08-07,,,,,,,,
PDSB,2026-08-06,0.75,0.78,0.040000000000000036,2026-08-07,,,,,,,,
PDT,2026-08-06,12.65,12.72,0.005533596837944632,2026-08-07,,,,,,,,
PDX,2026-08-06,21.6,21.59,-0.0004629629629629983,2026-08-07,,,,,,,,
PDYN,2026-08-06,5.89,5.99,0.01697792869269965,2026-08-07,,,,,,,,
PEB,2026-08-06,18.45,18.18,-0.014634146341463428,2026-08-07,,,,,,,,
PEBK,2026-08-06,43.04,43.05,0.00023234200743482702,2026-08-07,,,,,,,,
PEBO,2026-08-06,41.16,40.93,-0.0055879494655004525,2026-08-07,,,,,,,,
PECE,2026-08-06,9.95,9.91,-0.004020100502512447,2026-08-07,,,,,,,,
PECO,2026-08-06,40.72,40.75,0.0007367387033399009,2026-08-07,,,,,,,,
PED,2026-08-06,10.72,10.61,-0.010261194029850818,2026-08-07,,,,,,,,
PEG,2026-08-06,75.04,75.66,0.008262260127931631,2026-08-07,,,,,,,,
PEGA,2026-08-06,31.67,32.74,0.033785917271866195,2026-08-07,,,,,,,,
PEJ,2026-08-06,66.57,67.48,0.013669821240799296,2026-08-07,,,,,,,,
PEMX,2026-08-06,82.92,83.28,0.004341534008682979,2026-08-07,,,,,,,,
PEN,2026-08-06,324.86,324.66,-0.000615649818383246,2026-08-07,,,,,,,,
PENG,2026-08-06,56.26,58.43,0.038570920725204516,2026-08-07,,,,,,,,
PENN,2026-08-06,20.13,20.18,0.0024838549428713996,2026-08-07,,,,,,,,
PENU,2026-08-06,25.82,27.48,0.064291247095275,2026-08-07,,,,,,,,
PEO,2026-08-06,26.41,26.35,-0.0022718667171525153,2026-08-07,,,,,,,,
PEP,2026-08-06,138.44,139.02,0.004189540595203711,2026-08-07,,,,,,,,
PEPG,2026-08-06,2.41,2.85,0.18257261410788383,2026-08-07,,,,,,,,
PEPS,2026-08-06,32.81,32.91,0.0030478512648581813,2026-08-07,,,,,,,,
PERF,2026-08-06,1.92,1.92,0.0,2026-08-07,,,,,,,,
PERI,2026-08-06,9.67,9.81,0.014477766287487093,2026-08-07,,,,,,,,
PESI,2026-08-06,17.8,18.08,0.015730337078651457,2026-08-07,,,,,,,,
PETS,2026-08-06,1.97,1.98,0.0050761421319796,2026-08-07,,,,,,,,
PETZ,2026-08-06,1.53,1.59,0.03921568627450989,2026-08-07,,,,,,,,
PEVC,2026-08-06,31.51,31.95,0.013963821009203459,2026-08-07,,,,,,,,
PEW,2026-08-06,2.6,2.65,0.019230769230769162,2026-08-07,,,,,,,,
PEX,2026-08-06,23.74,24.08,0.0143218197135635,2026-08-07,,,,,,,,
PEXL,2026-08-06,72.4,72.97,0.007872928176795524,2026-08-07,,,,,,,,
PEY,2026-08-06,24.74,24.96,0.008892481810832686,2026-08-07,,,,,,,,
PEZ,2026-08-06,103.24,103.87,0.006102285935683849,2026-08-07,,,,,,,,
PFAI,2026-08-06,2.36,2.46,0.04237288135593231,2026-08-07,,,,,,,,
PFBC,2026-08-06,105.54,105.76,0.002084517718400569,2026-08-07,,,,,,,,
PFD,2026-08-06,11.33,11.39,0.005295675198587757,2026-08-07,,,,,,,,
PFDE,2026-08-06,28.58,28.74,0.005598320503848786,2026-08-07,,,,,,,,
PFE,2026-08-06,26.2,26.76,0.021374045801526798,2026-08-07,,,,,,,,
PFEB,2026-08-06,43.72,43.84,0.0027447392497714773,2026-08-07,,,,,,,,
PFF,2026-08-06,30.52,30.64,0.003931847968545288,2026-08-07,,,,,,,,
PFFA,2026-08-06,20.75,20.86,0.005301204819277094,2026-08-07,,,,,,,,
PFFD,2026-08-06,18.51,18.6,0.004862236628849326,2026-08-07,,,,,,,,
PFFL,2026-08-06,7.49,7.45,-0.005340453938584733,2026-08-07,,,,,,,,
PFFR,2026-08-06,17.54,17.62,0.004561003420752607,2026-08-07,,,,,,,,
PFFV,2026-08-06,21.97,22.02,0.002275830678197588,2026-08-07,,,,,,,,
PFG,2026-08-06,115.41,113.4,-0.01741616844294247,2026-08-07,,,,,,,,
PFGC,2026-08-06,114.58,114.9,0.002792808518065959,2026-08-07,,,,,,,,
PFI,2026-08-06,63.13,62.14,-0.01568192618406461,2026-08-07,,,,,,,,
PFIG,2026-08-06,23.72,23.74,0.0008431703204045959,2026-08-07,,,,,,,,
PFIS,2026-08-06,71.55,70.66,-0.01243885394828792,2026-08-07,,,,,,,,
PFIX,2026-08-06,50.73,50.3,-0.008476246796767173,2026-08-07,,,,,,,,
PFL,2026-08-06,7.8,7.8,0.0,2026-08-07,,,,,,,,
PFLD,2026-08-06,19.51,19.54,0.0015376729882110585,2026-08-07,,,,,,,,
PFLT,2026-08-06,7.3,7.52,0.03013698630136985,2026-08-07,,,,,,,,
PFM,2026-08-06,57.44,57.61,0.002959610027855275,2026-08-07,,,,,,,,
PFN,2026-08-06,7.12,7.13,0.001404494382022392,2026-08-07,,,,,,,,
PFO,2026-08-06,9.08,9.13,0.005506607929515406,2026-08-07,,,,,,,,
PFOE,2026-08-06,23.06,23.33,0.01170858629661753,2026-08-07,,,,,,,,
PFRL,2026-08-06,49.58,49.6,0.0004033884630900708,2026-08-07,,,,,,,,
PFS,2026-08-06,24.75,24.46,-0.011717171717171682,2026-08-07,,,,,,,,
PFSA,2026-08-06,0.94,0.96,0.02127659574468077,2026-08-07,,,,,,,,
PFSI,2026-08-06,77.02,77.41,0.005063619839002831,2026-08-07,,,,,,,,
PFX,2026-08-06,45.61,46.58,0.021267265950449366,2026-08-07,,,,,,,,
PFXF,2026-08-06,17.88,18.03,0.00838926174496657,2026-08-07,,,,,,,,
PG,2026-08-06,146.97,145.79,-0.008028849425052775,2026-08-07,,,,,,,,
PGAC,2026-08-06,10.75,10.69,-0.005581395348837281,2026-08-07,,,,,,,,
PGC,2026-08-06,45.99,45.8,-0.004131332898456241,2026-08-07,,,,,,,,
PGEN,2026-08-06,6.91,7.23,0.04630969609261948,2026-08-07,,,,,,,,
PGF,2026-08-06,13.54,13.58,0.002954209748892156,2026-08-07,,,,,,,,
PGHY,2026-08-06,19.69,19.74,0.002539360081259323,2026-08-07,,,,,,,,
PGJ,2026-08-06,25.37,25.58,0.008277493102089029,2026-08-07,,,,,,,,
PGNY,2026-08-06,30.21,28.1,-0.06984442237669641,2026-08-07,,,,,,,,
PGP,2026-08-06,8.65,8.64,-0.0011560693641617936,2026-08-07,,,,,,,,
PGR,2026-08-06,215.34,215.33,-4.643819076799449e-05,2026-08-07,,,,,,,,
PGRI,2026-08-06,26.85,27.16,0.011545623836126673,2026-08-07,,,,,,,,
PGRO,2026-08-06,47.38,47.71,0.006964964119881678,2026-08-07,,,,,,,,
PGX,2026-08-06,10.69,10.72,0.00280636108512633,2026-08-07,,,,,,,,
PGY,2026-08-06,21.42,21.28,-0.006535947712418277,2026-08-07,,,,,,,,
PGZ,2026-08-06,10.24,10.27,0.0029296875,2026-08-07,,,,,,,,
PH,2026-08-06,1069.8,1073.87,0.003804449429799961,2026-08-07,,,,,,,,
PHAR,2026-08-06,10.85,10.95,0.009216589861751112,2026-08-07,,,,,,,,
PHAT,2026-08-06,8.39,8.55,0.019070321811680557,2026-08-07,,,,,,,,
PHAXU,2026-08-06,,,,2026-08-07,,,,,,,,
PHDG,2026-08-06,41.67,41.91,0.005759539236861011,2026-08-07,,,,,,,,
PHEQ,2026-08-06,34.92,35.05,0.0037227949599081267,2026-08-07,,,,,,,,
PHG,2026-08-06,26.33,26.73,0.015191796429927962,2026-08-07,,,,,,,,
PHGE,2026-08-06,0.16,0.17,0.0625,2026-08-07,,,,,,,,
PHI,2026-08-06,20.0,20.03,0.0015000000000000568,2026-08-07,,,,,,,,
PHIN,2026-08-06,74.89,74.91,0.0002670583522499381,2026-08-07,,,,,,,,
PHIO,2026-08-06,1.06,1.04,-0.018867924528301883,2026-08-07,,,,,,,,
PHK,2026-08-06,4.71,4.72,0.002123142250530785,2026-08-07,,,,,,,,
PHM,2026-08-06,129.55,132.9,0.025858741798533424,2026-08-07,,,,,,,,
PHO,2026-08-06,72.77,73.31,0.007420640373780429,2026-08-07,,,,,,,,
PHOE,2026-08-06,19.1,19.35,0.01308900523560208,2026-08-07,,,,,,,,
PHR,2026-08-06,11.42,12.51,0.09544658493870406,2026-08-07,,,,,,,,
PHUN,2026-08-06,2.18,2.13,-0.022935779816513846,2026-08-07,,,,,,,,
PHVS,2026-08-06,34.45,34.91,0.013352685050798119,2026-08-07,,,,,,,,
PHYL,2026-08-06,34.72,34.82,0.002880184331797375,2026-08-07,,,,,,,,
PHYS,2026-08-06,32.2,32.87,0.02080745341614887,2026-08-07,,,,,,,,
PI,2026-08-06,171.91,183.36,0.06660461869582934,2026-08-07,,,,,,,,
PICB,2026-08-06,23.15,23.3,0.006479481641468832,2026-08-07,,,,,,,,
PICK,2026-08-06,62.25,63.64,0.022329317269076387,2026-08-07,,,,,,,,
PICS,2026-08-06,13.08,12.06,-0.07798165137614677,2026-08-07,,,,,,,,
PID,2026-08-06,23.0,23.06,0.002608695652173809,2026-08-07,,,,,,,,
PIE,2026-08-06,32.25,32.51,0.008062015503875974,2026-08-07,,,,,,,,
PIEL,2026-08-06,29.1,29.42,0.010996563573883122,2026-08-07,,,,,,,,
PIEQ,2026-08-06,36.63,36.67,0.001092001092001027,2026-08-07,,,,,,,,
PIFI,2026-08-06,93.11,93.24,0.0013961980453227607,2026-08-07,,,,,,,,
PII,2026-08-06,70.06,71.57,0.021552954610333908,2026-08-07,,,,,,,,
PIII,2026-08-06,10.89,11.58,0.06336088154269959,2026-08-07,,,,,,,,
PILL,2026-08-06,20.72,20.76,0.0019305019305020377,2026-08-07,,,,,,,,
PIM,2026-08-06,3.14,3.14,0.0,2026-08-07,,,,,,,,
PINC,2026-08-06,49.94,49.98,0.0008009611533841277,2026-08-07,,,,,,,,
PINE,2026-08-06,19.96,19.98,0.0010020040080160886,2026-08-07,,,,,,,,
PINK,2026-08-06,39.52,40.12,0.015182186234817596,2026-08-07,,,,,,,,
PINS,2026-08-06,23.33,23.68,0.015002143163309167,2026-08-07,,,,,,,,
PIO,2026-08-06,46.39,46.45,0.0012933821944385304,2026-08-07,,,,,,,,
PIPE,2026-08-06,29.89,29.52,-0.01237872198059553,2026-08-07,,,,,,,,
PIPR,2026-08-06,74.4,74.79,0.005241935483871085,2026-08-07,,,,,,,,
PIT,2026-08-06,72.93,72.96,0.0004113533525296198,2026-08-07,,,,,,,,
PIZ,2026-08-06,53.5,53.85,0.006542056074766434,2026-08-07,,,,,,,,
PJAN,2026-08-06,50.33,50.41,0.0015895092390223464,2026-08-07,,,,,,,,
PJFG,2026-08-06,118.58,119.63,0.008854781582054327,2026-08-07,,,,,,,,
PJFM,2026-08-06,67.03,67.85,0.012233328360435447,2026-08-07,,,,,,,,
PJFV,2026-08-06,101.79,101.87,0.0007859318204146426,2026-08-07,,,,,,,,
PJIO,2026-08-06,63.29,63.82,0.00837415073471326,2026-08-07,,,,,,,,
PJP,2026-08-06,124.17,124.85,0.005476363050656241,2026-08-07,,,,,,,,
PJT,2026-08-06,172.75,171.34,-0.008162083936324116,2026-08-07,,,,,,,,
PJUL,2026-08-06,49.65,49.72,0.0014098690835850913,2026-08-07,,,,,,,,
PJUN,2026-08-06,43.99,44.08,0.002045919527165152,2026-08-07,,,,,,,,
PJUS,2026-08-06,53.03,53.23,0.003771450122572073,2026-08-07,,,,,,,,
PK,2026-08-06,14.35,14.76,0.028571428571428692,2026-08-07,,,,,,,,
PKB,2026-08-06,103.92,105.53,0.01549268668206305,2026-08-07,,,,,,,,
PKBK,2026-08-06,34.29,34.4,0.0032079323417906203,2026-08-07,,,,,,,,
PKE,2026-08-06,37.23,37.67,0.011818426000537396,2026-08-07,,,,,,,,
PKG,2026-08-06,252.75,256.04,0.013016815034619267,2026-08-07,,,,,,,,
PKOH,2026-08-06,46.51,52.51,0.12900451515803057,2026-08-07,,,,,,,,
PKW,2026-08-06,148.78,149.28,0.003360666756284436,2026-08-07,,,,,,,,
PKX,2026-08-06,56.08,57.77,0.03013552068473624,2026-08-07,,,,,,,,
PL,2026-08-06,22.72,23.93,0.053257042253521236,2026-08-07,,,,,,,,
PLA,2026-08-06,25.82,26.24,0.016266460108443015,2026-08-07,,,,,,,,
PLAB,2026-08-06,31.9,32.65,0.023510971786833812,2026-08-07,,,,,,,,
PLAG,2026-08-06,0.59,0.56,-0.05084745762711851,2026-08-07,,,,,,,,
PLAY,2026-08-06,10.09,10.27,0.01783944499504453,2026-08-07,,,,,,,,
PLBC,2026-08-06,61.43,61.65,0.0035813120625101114,2026-08-07,,,,,,,,
PLBL,2026-08-06,5.92,5.7,-0.03716216216216217,2026-08-07,,,,,,,,
PLBY,2026-08-06,1.16,1.22,0.051724137931034475,2026-08-07,,,,,,,,
PLCE,2026-08-06,2.65,2.69,0.015094339622641506,2026-08-07,,,,,,,,
PLCIU,2026-08-06,9.97,9.97,0.0,2026-08-07,,,,,,,,
PLD,2026-08-06,139.14,140.16,0.007330746011211753,2026-08-07,,,,,,,,
PLG,2026-08-06,1.47,1.51,0.027210884353741527,2026-08-07,,,,,,,,
PLGI,2026-08-06,25.39,25.46,0.002756990941315429,2026-08-07,,,,,,,,
PLGO,2026-08-06,25.54,25.03,-0.019968676585747747,2026-08-07,,,,,,,,
PLIB,2026-08-06,30.84,33.06,0.07198443579766556,2026-08-07,,,,,,,,
PLMK,2026-08-06,10.58,10.57,-0.000945179584120992,2026-08-07,,,,,,,,
PLMR,2026-08-06,136.82,131.0,-0.04253764069580468,2026-08-07,,,,,,,,
PLNT,2026-08-06,51.21,50.01,-0.023432923257176386,2026-08-07,,,,,,,,
PLOW,2026-08-06,44.91,44.36,-0.012246715653529194,2026-08-07,,,,,,,,
PLPC,2026-08-06,460.75,466.82,0.013174172544764051,2026-08-07,,,,,,,,
PLRX,2026-08-06,1.05,1.05,0.0,2026-08-07,,,,,,,,
PLRZ,2026-08-06,11.49,11.59,0.00870322019147074,2026-08-07,,,,,,,,
PLSE,2026-08-06,38.24,42.41,0.10904811715481166,2026-08-07,,,,,,,,
PLSM,2026-08-06,3.43,3.31,-0.03498542274052485,2026-08-07,,,,,,,,
PLTA,2026-08-06,15.74,18.98,0.2058449809402796,2026-08-07,,,,,,,,
PLTD,2026-08-06,5.95,5.34,-0.10252100840336142,2026-08-07,,,,,,,,
PLTG,2026-08-06,14.64,17.64,0.20491803278688514,2026-08-07,,,,,,,,
PLTK,2026-08-06,3.29,2.94,-0.1063829787234043,2026-08-07,,,,,,,,
PLTL,2026-08-06,48.17,58.08,0.20572970728669282,2026-08-07,,,,,,,,
PLTM,2026-08-06,16.6,16.76,0.009638554216867545,2026-08-07,,,,,,,,
PLTR,2026-08-06,155.92,172.01,0.103193945613135,2026-08-07,,,,,,,,
PLTU,2026-08-06,41.14,49.6,0.20563928050559066,2026-08-07,,,,,,,,
PLTW,2026-08-06,21.97,24.57,0.11834319526627235,2026-08-07,,,,,,,,
PLTY,2026-08-06,34.98,38.13,0.09005145797598635,2026-08-07,,,,,,,,
PLTZ,2026-08-06,12.85,10.25,-0.2023346303501945,2026-08-07,,,,,,,,
PLU,2026-08-06,9.73,10.78,0.1079136690647482,2026-08-07,,,,,,,,
PLUG,2026-08-06,2.07,2.18,0.053140096618357724,2026-08-07,,,,,,,,
PLUL,2026-08-06,7.41,8.29,0.11875843454790802,2026-08-07,,,,,,,,
PLUN,2026-08-06,9.98,9.98,0.0,2026-08-07,,,,,,,,
PLUR,2026-08-06,1.81,1.82,0.005524861878453136,2026-08-07,,,,,,,,
PLUS,2026-08-06,90.35,89.58,-0.008522412838959603,2026-08-07,,,,,,,,
PLUT,2026-08-06,2.74,2.92,0.06569343065693412,2026-08-07,,,,,,,,
PLX,2026-08-06,2.44,2.46,0.008196721311475308,2026-08-07,,,,,,,,
PLXS,2026-08-06,268.49,270.35,0.006927632314052801,2026-08-07,,,,,,,,
PLYX,2026-08-06,2.22,2.26,0.018018018018017834,2026-08-07,,,,,,,,
PLYY,2026-08-06,8.52,8.52,0.0,2026-08-07,,,,,,,,
PM,2026-08-06,188.05,189.57,0.008082956660462548,2026-08-07,,,,,,,,
PMA,2026-08-06,1.33,1.3,-0.022556390977443663,2026-08-07,,,,,,,,
PMAP,2026-08-06,27.45,27.5,0.0018214936247722413,2026-08-07,,,,,,,,
PMAR,2026-08-06,48.49,48.62,0.002680965147453085,2026-08-07,,,,,,,,
PMAU,2026-08-06,26.89,26.92,0.0011156563778356166,2026-08-07,,,,,,,,
PMAX,2026-08-06,1.53,1.66,0.08496732026143783,2026-08-07,,,,,,,,
PMAY,2026-08-06,41.98,42.08,0.0023820867079562547,2026-08-07,,,,,,,,
PMBS,2026-08-06,48.56,48.67,0.0022652388797363976,2026-08-07,,,,,,,,
PMCB,2026-08-06,0.59,0.59,0.0,2026-08-07,,,,,,,,
PMDE,2026-08-06,26.07,26.08,0.00038358266206350855,2026-08-07,,,,,,,,
PMEC,2026-08-06,0.41,0.42,0.024390243902439046,2026-08-07,,,,,,,,
PMFB,2026-08-06,27.51,27.53,0.0007270083605961375,2026-08-07,,,,,,,,
PMI,2026-08-06,3.54,3.43,-0.031073446327683607,2026-08-07,,,,,,,,
PMIO,2026-08-06,50.4,50.44,0.0007936507936507908,2026-08-07,,,,,,,,
PMJA,2026-08-06,27.66,27.67,0.00036153289949392153,2026-08-07,,,,,,,,
PMJL,2026-08-06,26.86,26.89,0.0011169024571855424,2026-08-07,,,,,,,,
PMJN,2026-08-06,26.9,26.93,0.0011152416356878803,2026-08-07,,,,,,,,
PML,2026-08-06,7.36,7.42,0.008152173913043459,2026-08-07,,,,,,,,
PMM,2026-08-06,6.31,6.38,0.01109350237717921,2026-08-07,,,,,,,,
PMMF,2026-08-06,100.28,100.29,9.972078181097466e-05,2026-08-07,,,,,,,,
PMMR,2026-08-06,27.3,27.31,0.000366300366300365,2026-08-07,,,,,,,,
PMMY,2026-08-06,26.99,27.01,0.0007410151908116003,2026-08-07,,,,,,,,
PMN,2026-08-06,13.33,14.71,0.10352588147036768,2026-08-07,,,,,,,,
PMNV,2026-08-06,26.22,26.23,0.00038138825324196546,2026-08-07,,,,,,,,
PMO,2026-08-06,10.29,10.39,0.009718172983479212,2026-08-07,,,,,,,,
PMOC,2026-08-06,26.27,26.29,0.0007613247049866878,2026-08-07,,,,,,,,
PMSE,2026-08-06,26.52,26.53,0.00037707390648566985,2026-08-07,,,,,,,,
PMT,2026-08-06,9.34,9.65,0.03319057815845827,2026-08-07,,,,,,,,
PMTL,2026-08-06,22.77,24.34,0.06895037329819931,2026-08-07,,,,,,,,
PMTR,2026-08-06,10.49,10.4,-0.008579599618684486,2026-08-07,,,,,,,,
PMTS,2026-08-06,24.45,27.72,0.13374233128834345,2026-08-07,,,,,,,,
PMVP,2026-08-06,1.18,1.19,0.008474576271186418,2026-08-07,,,,,,,,
PN,2026-08-06,8.29,3.21,-0.6127864897466827,2026-08-07,,,,,,,,
PNBK,2026-08-06,1.14,1.16,0.01754385964912286,2026-08-07,,,,,,,,
PNC,2026-08-06,252.76,252.56,-0.0007912644405759783,2026-08-07,,,,,,,,
PNFP,2026-08-06,106.43,104.68,-0.016442732312317965,2026-08-07,,,,,,,,
PNI,2026-08-06,6.86,6.93,0.010204081632652962,2026-08-07,,,,,,,,
PNNT,2026-08-06,3.62,3.69,0.01933701657458564,2026-08-07,,,,,,,,
PNOV,2026-08-06,45.17,45.28,0.0024352446313924414,2026-08-07,,,,,,,,
PNQI,2026-08-06,50.81,51.78,0.0190907301712262,2026-08-07,,,,,,,,
PNR,2026-08-06,69.9,68.89,-0.014449213161659591,2026-08-07,,,,,,,,
PNRG,2026-08-06,182.74,184.3,0.008536718835504109,2026-08-07,,,,,,,,
PNTG,2026-08-06,39.06,39.0,-0.001536098310291889,2026-08-07,,,,,,,,
PNW,2026-08-06,100.82,101.03,0.002082920055544557,2026-08-07,,,,,,,,
POAS,2026-08-06,0.19,0.19,0.0,2026-08-07,,,,,,,,
POCI,2026-08-06,4.24,4.22,-0.004716981132075526,2026-08-07,,,,,,,,
POCT,2026-08-06,47.12,47.22,0.0021222410865875396,2026-08-07,,,,,,,,
PODC,2026-08-06,3.31,3.46,0.0453172205438066,2026-08-07,,,,,,,,
PODD,2026-08-06,139.3,141.17,0.013424264178032885,2026-08-07,,,,,,,,
POEL,2026-08-06,11.73,12.72,0.0843989769820972,2026-08-07,,,,,,,,
POET,2026-08-06,8.53,8.91,0.04454865181711609,2026-08-07,,,,,,,,
POLA,2026-08-06,1.87,1.78,-0.048128342245989386,2026-08-07,,,,,,,,
POLE,2026-08-06,10.81,10.81,0.0,2026-08-07,,,,,,,,
POM,2026-08-06,0.81,0.87,0.07407407407407396,2026-08-07,,,,,,,,
PONO,2026-08-06,10.0,10.02,0.0020000000000000018,2026-08-07,,,,,,,,
PONX,2026-08-06,19.22,21.0,0.0926118626430803,2026-08-07,,,,,,,,
PONY,2026-08-06,7.78,8.15,0.04755784061696655,2026-08-07,,,,,,,,
POOL,2026-08-06,201.08,206.31,0.026009548438432395,2026-08-07,,,,,,,,
POR,2026-08-06,48.54,49.05,0.010506798516687121,2026-08-07,,,,,,,,
POST,2026-08-06,90.23,78.69,-0.12789537847722499,2026-08-07,,,,,,,,
POW,2026-08-06,26.98,27.47,0.01816160118606369,2026-08-07,,,,,,,,
POWA,2026-08-06,92.66,93.43,0.008309950356140794,2026-08-07,,,,,,,,
POWI,2026-08-06,58.98,64.59,0.09511698880976605,2026-08-07,,,,,,,,
POWL,2026-08-06,207.36,211.56,0.02025462962962954,2026-08-07,,,,,,,,
POWR,2026-08-06,26.36,26.61,0.00948406676782998,2026-08-07,,,,,,,,
POWW,2026-08-06,2.16,2.13,-0.01388888888888895,2026-08-07,,,,,,,,
PPA,2026-08-06,181.96,183.78,0.010002198285337327,2026-08-07,,,,,,,,
PPBT,2026-08-06,1.41,1.43,0.014184397163120588,2026-08-07,,,,,,,,
PPC,2026-08-06,27.55,27.45,-0.003629764065335772,2026-08-07,,,,,,,,
PPCB,2026-08-06,1.36,1.2,-0.11764705882352955,2026-08-07,,,,,,,,
PPG,2026-08-06,117.16,119.72,0.021850460908159786,2026-08-07,,,,,,,,
PPH,2026-08-06,110.63,111.16,0.004790743921178731,2026-08-07,,,,,,,,
PPHC,2026-08-06,11.25,10.74,-0.04533333333333334,2026-08-07,,,,,,,,
PPI,2026-08-06,21.27,21.39,0.005641748942172065,2026-08-07,,,,,,,,
PPIH,2026-08-06,25.99,26.45,0.017699115044247815,2026-08-07,,,,,,,,
PPL,2026-08-06,34.62,35.46,0.024263431542461023,2026-08-07,,,,,,,,
PPLI,2026-08-06,42.94,41.58,-0.03167210060549608,2026-08-07,,,,,,,,
PPLT,2026-08-06,15.67,15.85,0.01148691767708998,2026-08-07,,,,,,,,
PPSI,2026-08-06,3.02,3.09,0.023178807947019875,2026-08-07,,,,,,,,
PPT,2026-08-06,3.44,3.43,-0.0029069767441859407,2026-08-07,,,,,,,,
PPTA,2026-08-06,22.83,24.72,0.08278580814717484,2026-08-07,,,,,,,,
PPTY,2026-08-06,33.96,34.08,0.0035335689045936647,2026-08-07,,,,,,,,
PQAP,2026-08-06,32.22,32.33,0.003414028553693438,2026-08-07,,,,,,,,
PQDI,2026-08-06,19.27,19.29,0.0010378827192527584,2026-08-07,,,,,,,,
PQJA,2026-08-06,31.89,32.02,0.0040765130134838845,2026-08-07,,,,,,,,
PQJL,2026-08-06,30.81,31.03,0.007140538786108541,2026-08-07,,,,,,,,
PQNT,2026-08-06,23.49,23.8,0.013197105151128152,2026-08-07,,,,,,,,
PQOC,2026-08-06,31.55,31.67,0.0038034865293186115,2026-08-07,,,,,,,,
PQUS,2026-08-06,28.66,28.83,0.005931612002791242,2026-08-07,,,,,,,,
PQV,2026-08-06,25.54,25.61,0.0027407987470633444,2026-08-07,,,,,,,,
PQX,2026-08-06,25.39,25.42,0.0011815675462780728,2026-08-07,,,,,,,,
PQXV,2026-08-06,25.32,25.34,0.0007898894154818592,2026-08-07,,,,,,,,
PQXX,2026-08-06,25.26,25.28,0.0007917656373712667,2026-08-07,,,,,,,,
PR,2026-08-06,20.28,20.15,-0.0064102564102564985,2026-08-07,,,,,,,,
PRAA,2026-08-06,18.15,19.79,0.09035812672176302,2026-08-07,,,,,,,,
PRAB,2026-08-06,24.86,24.88,0.0008045052292839916,2026-08-07,,,,,,,,
PRAE,2026-08-06,40.61,40.82,0.0051711401132725765,2026-08-07,,,,,,,,
PRAX,2026-08-06,370.16,360.76,-0.02539442403285075,2026-08-07,,,,,,,,
PRAY,2026-08-06,35.64,35.84,0.0056116722783390305,2026-08-07,,,,,,,,
PRCH,2026-08-06,15.44,15.85,0.026554404145077815,2026-08-07,,,,,,,,
PRCS,2026-08-06,29.69,29.83,0.004715392388009221,2026-08-07,,,,,,,,
PRCT,2026-08-06,20.03,20.41,0.0189715426859709,2026-08-07,,,,,,,,
PRDO,2026-08-06,32.45,33.85,0.04314329738058542,2026-08-07,,,,,,,,
PRE,2026-08-06,17.86,18.26,0.022396416573348343,2026-08-07,,,,,,,,
PREF,2026-08-06,18.83,18.86,0.0015932023366969084,2026-08-07,,,,,,,,
PRF,2026-08-06,55.65,55.92,0.004851752021563405,2026-08-07,,,,,,,,
PRFD,2026-08-06,50.58,50.64,0.0011862396204034287,2026-08-07,,,,,,,,
PRFX,2026-08-06,1.1,1.04,-0.054545454545454564,2026-08-07,,,,,,,,
PRFZ,2026-08-06,55.2,56.08,0.01594202898550723,2026-08-07,,,,,,,,
PRG,2026-08-06,43.44,42.85,-0.013581952117863616,2026-08-07,,,,,,,,
PRGO,2026-08-06,12.54,12.84,0.02392344497607657,2026-08-07,,,,,,,,
PRGS,2026-08-06,41.81,42.84,0.024635254723750277,2026-08-07,,,,,,,,
PRHI,2026-08-06,4.92,4.65,-0.05487804878048774,2026-08-07,,,,,,,,
PRI,2026-08-06,326.41,321.38,-0.015410067093532764,2026-08-07,,,,,,,,
PRIM,2026-08-06,80.22,82.63,0.03004238344552479,2026-08-07,,,,,,,,
PRIV,2026-08-06,24.76,24.8,0.001615508885298933,2026-08-07,,,,,,,,
PRIZ,2026-08-06,25.14,25.15,0.0003977724741446309,2026-08-07,,,,,,,,
PRK,2026-08-06,205.52,203.4,-0.010315297781237853,2026-08-07,,,,,,,,
PRKS,2026-08-06,44.26,45.03,0.017397198373249045,2026-08-07,,,,,,,,
PRLB,2026-08-06,87.91,88.91,0.011375270162666373,2026-08-07,,,,,,,,
PRLD,2026-08-06,4.68,4.9,0.047008547008547064,2026-08-07,,,,,,,,
PRM,2026-08-06,37.35,35.26,-0.05595716198125844,2026-08-07,,,,,,,,
PRMB,2026-08-06,23.91,23.57,-0.014219991635299079,2026-08-07,,,,,,,,
PRME,2026-08-06,2.95,3.08,0.04406779661016946,2026-08-07,,,,,,,,
PRMR,2026-08-06,28.5,28.8,0.010526315789473717,2026-08-07,,,,,,,,
PRN,2026-08-06,220.87,221.9,0.004663376646896422,2026-08-07,,,,,,,,
PRNT,2026-08-06,25.51,25.99,0.018816150529204156,2026-08-07,,,,,,,,
PROF,2026-08-06,7.94,7.41,-0.0667506297229219,2026-08-07,,,,,,,,
PROK,2026-08-06,1.64,1.64,0.0,2026-08-07,,,,,,,,
PROP,2026-08-06,0.75,0.8,0.06666666666666665,2026-08-07,,,,,,,,
PROV,2026-08-06,18.06,17.92,-0.007751937984495916,2026-08-07,,,,,,,,
PRPL,2026-08-06,9.03,9.58,0.06090808416389826,2026-08-07,,,,,,,,
PRPO,2026-08-06,23.46,23.97,0.021739130434782483,2026-08-07,,,,,,,,
PRQR,2026-08-06,1.9,1.88,-0.010526315789473717,2026-08-07,,,,,,,,
PRSD,2026-08-06,24.91,24.94,0.001204335608189444,2026-08-07,,,,,,,,
PRSO,2026-08-06,0.71,0.75,0.05633802816901423,2026-08-07,,,,,,,,
PRSU,2026-08-06,47.67,45.67,-0.041955108034403166,2026-08-07,,,,,,,,
PRT,2026-08-06,2.25,2.23,-0.008888888888888946,2026-08-07,,,,,,,,
PRTA,2026-08-06,8.58,8.76,0.020979020979021046,2026-08-07,,,,,,,,
PRTH,2026-08-06,5.38,5.39,0.0018587360594795044,2026-08-07,,,,,,,,
PRTO,2026-08-06,27.81,28.14,0.011866235167206085,2026-08-07,,,,,,,,
PRTS,2026-08-06,5.78,6.75,0.16782006920415227,2026-08-07,,,,,,,,
PRU,2026-08-06,121.5,121.28,-0.0018106995884773491,2026-08-07,,,,,,,,
PRVA,2026-08-06,22.0,22.45,0.020454545454545503,2026-08-07,,,,,,,,
PRVS,2026-08-06,33.34,33.53,0.005698860227954405,2026-08-07,,,,,,,,
PRVT,2026-08-06,22.83,22.91,0.003504161191414834,2026-08-07,,,,,,,,
PRXG,2026-08-06,40.16,40.47,0.007719123505976144,2026-08-07,,,,,,,,
PRXI,2026-08-06,25.74,25.98,0.009324009324009452,2026-08-07,,,,,,,,
PRXV,2026-08-06,35.84,35.99,0.004185267857142794,2026-08-07,,,,,,,,
PRZO,2026-08-06,0.54,0.55,0.0185185185185186,2026-08-07,,,,,,,,
PS,2026-08-06,37.61,37.88,0.007178941770805691,2026-08-07,,,,,,,,
PSA,2026-08-06,327.0,328.4,0.004281345565749106,2026-08-07,,,,,,,,
PSAI,2026-08-06,28.09,28.3,0.007475970096119555,2026-08-07,,,,,,,,
PSBD,2026-08-06,10.46,10.45,-0.0009560229445507717,2026-08-07,,,,,,,,
PSC,2026-08-06,69.22,69.83,0.008812481941635308,2026-08-07,,,,,,,,
PSCC,2026-08-06,37.05,37.23,0.004858299595141613,2026-08-07,,,,,,,,
PSCD,2026-08-06,120.52,122.22,0.01410554264852304,2026-08-07,,,,,,,,
PSCE,2026-08-06,56.94,57.16,0.0038637161924832686,2026-08-07,,,,,,,,
PSCF,2026-08-06,67.02,66.51,-0.007609668755595211,2026-08-07,,,,,,,,
PSCH,2026-08-06,54.01,54.99,0.018144788002221857,2026-08-07,,,,,,,,
PSCI,2026-08-06,184.14,185.34,0.00651678071032924,2026-08-07,,,,,,,,
PSCJ,2026-08-06,32.18,32.28,0.003107520198881275,2026-08-07,,,,,,,,
PSCM,2026-08-06,101.21,102.79,0.01561110562197432,2026-08-07,,,,,,,,
PSCQ,2026-08-06,31.75,31.77,0.0006299212598424031,2026-08-07,,,,,,,,
PSCT,2026-08-06,81.62,83.21,0.01948051948051943,2026-08-07,,,,,,,,
PSCU,2026-08-06,64.15,65.13,0.015276695245518113,2026-08-07,,,,,,,,
PSCW,2026-08-06,30.4,30.44,0.0013157894736843812,2026-08-07,,,,,,,,
PSCX,2026-08-06,33.19,33.26,0.0021090689966858367,2026-08-07,,,,,,,,
PSDM,2026-08-06,50.86,50.88,0.00039323633503740574,2026-08-07,,,,,,,,
PSEC,2026-08-06,2.21,2.33,0.05429864253393668,2026-08-07,,,,,,,,
PSEP,2026-08-06,46.62,46.65,0.0006435006435006052,2026-08-07,,,,,,,,
PSET,2026-08-06,80.9,81.41,0.006304079110012184,2026-08-07,,,,,,,,
PSF,2026-08-06,19.55,19.65,0.005115089514066362,2026-08-07,,,,,,,,
PSFD,2026-08-06,40.56,40.63,0.0017258382642997283,2026-08-07,,,,,,,,
PSFE,2026-08-06,7.52,7.32,-0.02659574468085102,2026-08-07,,,,,,,,
PSFF,2026-08-06,34.82,34.89,0.0020103388856977933,2026-08-07,,,,,,,,
PSFJ,2026-08-06,35.86,35.95,0.0025097601784718204,2026-08-07,,,,,,,,
PSFM,2026-08-06,35.37,35.42,0.0014136273678260203,2026-08-07,,,,,,,,
PSFO,2026-08-06,35.29,35.36,0.0019835647492207897,2026-08-07,,,,,,,,
PSH,2026-08-06,49.68,49.79,0.002214170692431461,2026-08-07,,,,,,,,
PSHG,2026-08-06,1.73,1.75,0.011560693641618602,2026-08-07,,,,,,,,
PSI,2026-08-06,144.65,148.42,0.0260629104735568,2026-08-07,,,,,,,,
PSIG,2026-08-06,1.18,1.18,0.0,2026-08-07,,,,,,,,
PSIL,2026-08-06,25.09,25.41,0.012754085292945305,2026-08-07,,,,,,,,
PSIX,2026-08-06,33.02,40.82,0.23622047244094468,2026-08-07,,,,,,,,
PSK,2026-08-06,29.9,29.97,0.00234113712374584,2026-08-07,,,,,,,,
PSKY,2026-08-06,9.06,9.19,0.014348785871964642,2026-08-07,,,,,,,,
PSL,2026-08-06,114.66,115.58,0.008023722309436598,2026-08-07,,,,,,,,
PSLV,2026-08-06,20.17,20.82,0.03222607833415947,2026-08-07,,,,,,,,
PSMD,2026-08-06,34.87,34.92,0.001433897332951073,2026-08-07,,,,,,,,
PSMJ,2026-08-06,34.37,34.47,0.0029095141111434852,2026-08-07,,,,,,,,
PSMO,2026-08-06,33.06,33.12,0.001814882032667775,2026-08-07,,,,,,,,
PSMR,2026-08-06,32.61,32.66,0.0015332720024532343,2026-08-07,,,,,,,,
PSMT,2026-08-06,178.12,177.05,-0.006007186166629208,2026-08-07,,,,,,,,
PSN,2026-08-06,47.91,47.55,-0.007514088916718786,2026-08-07,,,,,,,,
PSNL,2026-08-06,13.03,14.16,0.08672294704528016,2026-08-07,,,,,,,,
PSNY,2026-08-06,13.9,14.23,0.023741007194244546,2026-08-07,,,,,,,,
PSO,2026-08-06,16.57,16.46,-0.006638503319251643,2026-08-07,,,,,,,,
PSP,2026-08-06,62.5,63.19,0.011039999999999939,2026-08-07,,,,,,,,
PSQ,2026-08-06,25.8,25.53,-0.010465116279069764,2026-08-07,,,,,,,,
PSQA,2026-08-06,20.65,20.61,-0.0019370460048425686,2026-08-07,,,,,,,,
PSQH,2026-08-06,4.25,4.36,0.025882352941176467,2026-08-07,,,,,,,,
PSQO,2026-08-06,20.75,20.75,0.0,2026-08-07,,,,,,,,
PSR,2026-08-06,104.6,105.18,0.005544933078394099,2026-08-07,,,,,,,,
PST,2026-08-06,23.48,23.4,-0.0034071550255537764,2026-08-07,,,,,,,,
PSTL,2026-08-06,22.77,23.11,0.014931927975406323,2026-08-07,,,,,,,,
PSTP,2026-08-06,37.34,37.42,0.002142474558114671,2026-08-07,,,,,,,,
PSTR,2026-08-06,31.71,31.97,0.00819930621255116,2026-08-07,,,,,,,,
PSUS,2026-08-06,37.83,39.25,0.03753634681469742,2026-08-07,,,,,,,,
PSWD,2026-08-06,44.47,45.25,0.017539914549134172,2026-08-07,,,,,,,,
PSX,2026-08-06,205.52,203.91,-0.0078337874659401,2026-08-07,,,,,,,,
PTA,2026-08-06,18.97,19.05,0.004217185028993153,2026-08-07,,,,,,,,
PTAC,2026-08-06,9.95,9.95,0.0,2026-08-07,,,,,,,,
PTBD,2026-08-06,19.09,19.15,0.0031430068098479147,2026-08-07,,,,,,,,
PTC,2026-08-06,147.66,147.71,0.0003386157388596267,2026-08-07,,,,,,,,
PTCT,2026-08-06,70.85,73.31,0.034721242060691715,2026-08-07,,,,,,,,
PTEN,2026-08-06,10.05,9.87,-0.017910447761194215,2026-08-07,,,,,,,,
PTEU,2026-08-06,34.29,34.5,0.006124234470691103,2026-08-07,,,,,,,,
PTF,2026-08-06,105.81,108.17,0.022304130044419335,2026-08-07,,,,,,,,
PTGX,2026-08-06,146.18,145.87,-0.002120673142700813,2026-08-07,,,,,,,,
PTH,2026-08-06,58.91,60.36,0.02461381768799864,2026-08-07,,,,,,,,
PTHS,2026-08-06,29.45,28.36,-0.03701188455008486,2026-08-07,,,,,,,,
PTIN,2026-08-06,37.16,37.59,0.011571582346609377,2026-08-07,,,,,,,,
PTIR,2026-08-06,15.36,18.49,0.20377604166666652,2026-08-07,,,,,,,,
PTL,2026-08-06,286.23,288.62,0.008349928379275395,2026-08-07,,,,,,,,
PTLC,2026-08-06,59.91,60.28,0.006175930562510423,2026-08-07,,,,,,,,
PTLE,2026-08-06,9.9,9.9,0.0,2026-08-07,,,,,,,,
PTLO,2026-08-06,4.38,4.43,0.011415525114155223,2026-08-07,,,,,,,,
PTMC,2026-08-06,41.62,42.15,0.012734262373858662,2026-08-07,,,,,,,,
PTN,2026-08-06,7.87,7.77,-0.01270648030495558,2026-08-07,,,,,,,,
PTNQ,2026-08-06,86.22,87.22,0.0115982370679657,2026-08-07,,,,,,,,
PTNT,2026-08-06,24.91,25.08,0.006824568446406998,2026-08-07,,,,,,,,
PTON,2026-08-06,5.51,5.68,0.030852994555353952,2026-08-07,,,,,,,,
PTOR,2026-08-06,9.94,9.95,0.001006036217303885,2026-08-07,,,,,,,,
PTRB,2026-08-06,40.93,40.98,0.0012215978499876545,2026-08-07,,,,,,,,
PTRN,2026-08-06,22.09,22.05,-0.001810774105930224,2026-08-07,,,,,,,,
PTY,2026-08-06,11.83,11.84,0.0008453085376161074,2026-08-07,,,,,,,,
PUBM,2026-08-06,13.48,17.78,0.31899109792284874,2026-08-07,,,,,,,,
PUI,2026-08-06,45.14,45.34,0.004430660168365241,2026-08-07,,,,,,,,
PUK,2026-08-06,27.88,28.28,0.01434720229555242,2026-08-07,,,,,,,,
PUL,2026-08-06,30.11,31.95,0.06110926602457645,2026-08-07,,,,,,,,
PULM,2026-08-06,1.66,1.66,0.0,2026-08-07,,,,,,,,
PULS,2026-08-06,49.58,49.59,0.0002016942315450354,2026-08-07,,,,,,,,
PUMP,2026-08-06,10.95,10.98,0.00273972602739736,2026-08-07,,,,,,,,
PUR,2026-08-06,12.32,12.74,0.03409090909090917,2026-08-07,,,,,,,,
PURR,2026-08-06,6.67,6.81,0.020989505247376306,2026-08-07,,,,,,,,
PUSA,2026-08-06,3.05,3.45,0.1311475409836067,2026-08-07,,,,,,,,
PUSH,2026-08-06,50.35,50.38,0.000595829195630504,2026-08-07,,,,,,,,
PVAL,2026-08-06,54.09,54.26,0.0031429099648732084,2026-08-07,,,,,,,,
PVEX,2026-08-06,31.32,31.73,0.013090676883780406,2026-08-07,,,,,,,,
PVH,2026-08-06,86.55,87.58,0.011900635470826204,2026-08-07,,,,,,,,
PVI,2026-08-06,24.86,24.85,-0.0004022526146418848,2026-08-07,,,,,,,,
PVL,2026-08-06,1.71,1.73,0.011695906432748648,2026-08-07,,,,,,,,
PVLA,2026-08-06,154.93,157.77,0.01833085909765697,2026-08-07,,,,,,,,
PW,2026-08-06,7.89,7.74,-0.019011406844106404,2026-08-07,,,,,,,,
PWB,2026-08-06,159.09,159.7,0.0038343076246150076,2026-08-07,,,,,,,,
PWCM,2026-08-06,1.56,1.48,-0.05128205128205132,2026-08-07,,,,,,,,
PWER,2026-08-06,43.34,43.99,0.01499769266266715,2026-08-07,,,,,,,,
PWP,2026-08-06,17.06,17.5,0.02579132473622514,2026-08-07,,,,,,,,
PWR,2026-08-06,667.84,671.86,0.0060194058457114785,2026-08-07,,,,,,,,
PWRD,2026-08-06,111.99,112.24,0.002232342173408286,2026-08-07,,,,,,,,
PWRL,2026-08-06,10.89,11.66,0.07070707070707072,2026-08-07,,,,,,,,
PWRZ,2026-08-06,30.5,30.8,0.009836065573770592,2026-08-07,,,,,,,,
PWS,2026-08-06,32.76,32.93,0.005189255189255171,2026-08-07,,,,,,,,
PWV,2026-08-06,79.92,80.0,0.0010010010010010895,2026-08-07,,,,,,,,
PWZ,2026-08-06,24.06,24.17,0.004571903574397407,2026-08-07,,,,,,,,
PXE,2026-08-06,36.51,36.45,-0.0016433853738699877,2026-08-07,,,,,,,,
PXED,2026-08-06,28.43,28.83,0.014069644741470322,2026-08-07,,,,,,,,
PXF,2026-08-06,78.14,78.89,0.009598157153826392,2026-08-07,,,,,,,,
PXH,2026-08-06,29.15,29.3,0.005145797598627766,2026-08-07,,,,,,,,
PXI,2026-08-06,57.94,57.34,-0.010355540214014414,2026-08-07,,,,,,,,
PXJ,2026-08-06,42.64,42.31,-0.007739212007504603,2026-08-07,,,,,,,,
PXLW,2026-08-06,6.38,6.54,0.025078369905956244,2026-08-07,,,,,,,,
PXS,2026-08-06,4.89,5.03,0.02862985685071595,2026-08-07,,,,,,,,
PY,2026-08-06,57.13,57.47,0.0059513390512864195,2026-08-07,,,,,,,,
PYLD,2026-08-06,26.15,26.21,0.002294455066921719,2026-08-07,,,,,,,,
PYPD,2026-08-06,4.81,4.84,0.006237006237006293,2026-08-07,,,,,,,,
PYPG,2026-08-06,9.39,9.18,-0.022364217252396235,2026-08-07,,,,,,,,
PYPL,2026-08-06,59.78,59.07,-0.011876881900301117,2026-08-07,,,,,,,,
PYPU,2026-08-06,41.01,40.17,-0.02048280907095823,2026-08-07,,,,,,,,
PYPY,2026-08-06,30.6,30.43,-0.005555555555555647,2026-08-07,,,,,,,,
PYXS,2026-08-06,3.75,3.73,-0.005333333333333301,2026-08-07,,,,,,,,
PYZ,2026-08-06,125.24,127.56,0.018524433088470182,2026-08-07,,,,,,,,
PZA,2026-08-06,22.97,23.07,0.004353504571179778,2026-08-07,,,,,,,,
PZG,2026-08-06,1.39,1.44,0.03597122302158273,2026-08-07,,,,,,,,
PZIV,2026-08-06,30.24,30.45,0.00694444444444442,2026-08-07,,,,,,,,
PZLV,2026-08-06,31.03,31.26,0.007412181759587577,2026-08-07,,,,,,,,
PZT,2026-08-06,22.21,22.35,0.006303466906798727,2026-08-07,,,,,,,,
PZZA,2026-08-06,24.64,24.47,-0.006899350649350766,2026-08-07,,,,,,,,
Q,2026-08-06,133.37,138.0,0.03471545325035619,2026-08-07,,,,,,,,
QABA,2026-08-06,69.37,69.01,-0.005189563211763004,2026-08-07,,,,,,,,
QADR,2026-08-06,9.96,9.95,-0.0010040160642571516,2026-08-07,,,,,,,,
QAI,2026-08-06,36.35,36.5,0.004126547455295615,2026-08-07,,,,,,,,
QALT,2026-08-06,26.43,26.48,0.0018917896329928574,2026-08-07,,,,,,,,
QARP,2026-08-06,67.7,68.06,0.005317577548005881,2026-08-07,,,,,,,,
QAT,2026-08-06,17.74,17.78,0.0022547914317927464,2026-08-07,,,,,,,,
QAU,2026-08-06,25.36,25.5,0.005520504731861164,2026-08-07,,,,,,,,
QB,2026-08-06,48.72,48.93,0.004310344827586299,2026-08-07,,,,,,,,
QBER,2026-08-06,23.81,23.83,0.0008399832003360697,2026-08-07,,,,,,,,
QBF,2026-08-06,15.54,15.67,0.008365508365508312,2026-08-07,,,,,,,,
QBIF,2026-08-06,26.41,26.46,0.0018932222642937813,2026-08-07,,,,,,,,
QBIG,2026-08-06,41.83,42.2,0.008845326320822577,2026-08-07,,,,,,,,
QBIV,2026-08-06,27.25,27.38,0.004770642201834763,2026-08-07,,,,,,,,
QBKF,2026-08-06,26.2,26.27,0.0026717557251909607,2026-08-07,,,,,,,,
QBKV,2026-08-06,27.6,27.81,0.007608695652173925,2026-08-07,,,,,,,,
QBQF,2026-08-06,25.95,26.03,0.003082851637765005,2026-08-07,,,,,,,,
QBQV,2026-08-06,26.73,26.92,0.007108118219229409,2026-08-07,,,,,,,,
QBSF,2026-08-06,27.27,27.31,0.0014668133480013612,2026-08-07,,,,,,,,
QBSV,2026-08-06,27.17,27.24,0.0025763709974235827,2026-08-07,,,,,,,,
QBTS,2026-08-06,19.41,20.76,0.06955177743431218,2026-08-07,,,,,,,,
QBTX,2026-08-06,8.57,9.75,0.13768961493582266,2026-08-07,,,,,,,,
QBTZ,2026-08-06,3.46,2.98,-0.138728323699422,2026-08-07,,,,,,,,
QBUF,2026-08-06,30.7,30.86,0.005211726384364734,2026-08-07,,,,,,,,
QBUL,2026-08-06,24.22,24.27,0.002064409578860449,2026-08-07,,,,,,,,
QBY,2026-08-06,6.75,6.7,-0.007407407407407418,2026-08-07,,,,,,,,
QCAP,2026-08-06,24.98,25.07,0.0036028823058447124,2026-08-07,,,,,,,,
QCJA,2026-08-06,23.52,23.57,0.002125850340136015,2026-08-07,,,,,,,,
QCJL,2026-08-06,25.5,25.63,0.005098039215686301,2026-08-07,,,,,,,,
QCLN,2026-08-06,51.55,52.82,0.024636275460717894,2026-08-07,,,,,,,,
QCLR,2026-08-06,28.06,28.24,0.006414825374198241,2026-08-07,,,,,,,,
QCLS,2026-08-06,2.8,2.92,0.04285714285714293,2026-08-07,,,,,,,,
QCMD,2026-08-06,18.68,17.84,-0.04496788008565311,2026-08-07,,,,,,,,
QCML,2026-08-06,14.4,15.71,0.09097222222222223,2026-08-07,,,,,,,,
QCMU,2026-08-06,17.9,19.48,0.08826815642458108,2026-08-07,,,,,,,,
QCOC,2026-08-06,24.11,24.17,0.002488593944421469,2026-08-07,,,,,,,,
QCOM,2026-08-06,160.39,167.86,0.04657397593366186,2026-08-07,,,,,,,,
QCRH,2026-08-06,104.34,103.87,-0.0045045045045044585,2026-08-07,,,,,,,,
QDEC,2026-08-06,35.77,35.98,0.005870841487279677,2026-08-07,,,,,,,,
QDEF,2026-08-06,90.75,91.44,0.007603305785123915,2026-08-07,,,,,,,,
QDEL,2026-08-06,16.32,12.28,-0.24754901960784315,2026-08-07,,,,,,,,
QDF,2026-08-06,92.81,93.27,0.004956362460941666,2026-08-07,,,,,,,,
QDIV,2026-08-06,40.01,40.2,0.00474881279680095,2026-08-07,,,,,,,,
QDPL,2026-08-06,46.45,46.73,0.006027987082884767,2026-08-07,,,,,,,,
QDTE,2026-08-06,29.34,29.69,0.01192910702113159,2026-08-07,,,,,,,,
QDTY,2026-08-06,39.38,39.78,0.010157440325037959,2026-08-07,,,,,,,,
QDVO,2026-08-06,29.96,30.08,0.004005340453938411,2026-08-07,,,,,,,,
QEFA,2026-08-06,100.58,101.6,0.010141181149333933,2026-08-07,,,,,,,,
QEMM,2026-08-06,79.55,80.3,0.009428032683846732,2026-08-07,,,,,,,,
QETA,2026-08-06,11.59,11.59,0.0,2026-08-07,,,,,,,,
QETH,2026-08-06,19.0,19.08,0.004210526315789442,2026-08-07,,,,,,,,
QEW,2026-08-06,29.74,30.25,0.01714862138533957,2026-08-07,,,,,,,,
QFF,2026-08-06,25.42,25.46,0.0015735641227379027,2026-08-07,,,,,,,,
QFHD,2026-08-06,27.7,27.89,0.006859205776173383,2026-08-07,,,,,,,,
QFIN,2026-08-06,13.02,13.24,0.016897081413210557,2026-08-07,,,,,,,,
QFLR,2026-08-06,35.52,35.55,0.0008445945945945166,2026-08-07,,,,,,,,
QFRD,2026-08-06,28.7,29.25,0.019163763066202044,2026-08-07,,,,,,,,
QGEN,2026-08-06,41.73,42.3,0.013659237958303372,2026-08-07,,,,,,,,
QGRD,2026-08-06,29.4,29.65,0.008503401360544283,2026-08-07,,,,,,,,
QGRO,2026-08-06,116.93,117.87,0.008038997690926086,2026-08-07,,,,,,,,
QGRW,2026-08-06,67.81,68.34,0.00781595634862109,2026-08-07,,,,,,,,
QH,2026-08-06,4.53,4.39,-0.030905077262693315,2026-08-07,,,,,,,,
QHY,2026-08-06,45.77,45.85,0.001747869783701006,2026-08-07,,,,,,,,
QID,2026-08-06,14.25,13.94,-0.021754385964912304,2026-08-07,,,,,,,,
QIDX,2026-08-06,11.95,11.96,0.0008368200836821327,2026-08-07,,,,,,,,
QIG,2026-08-06,43.67,43.74,0.0016029310739638092,2026-08-07,,,,,,,,
QINT,2026-08-06,72.23,73.1,0.012044856707739138,2026-08-07,,,,,,,,
QIS,2026-08-06,9.5,9.54,0.004210526315789442,2026-08-07,,,,,,,,
QJL,2026-08-06,25.02,25.18,0.006394884092725928,2026-08-07,,,,,,,,
QJN,2026-08-06,24.63,24.8,0.006902151847340665,2026-08-07,,,,,,,,
QJUN,2026-08-06,33.3,33.57,0.008108108108108247,2026-08-07,,,,,,,,
QLC,2026-08-06,92.79,93.39,0.0064662140316844585,2026-08-07,,,,,,,,
QLD,2026-08-06,90.13,92.21,0.023077776544990547,2026-08-07,,,,,,,,
QLDY,2026-08-06,42.32,42.72,0.009451795841209698,2026-08-07,,,,,,,,
QLEP,2026-08-06,10.0,10.0,0.0,2026-08-07,,,,,,,,
QLTA,2026-08-06,46.54,46.6,0.0012892135797164528,2026-08-07,,,,,,,,
QLTI,2026-08-06,27.83,28.14,0.011139058569888727,2026-08-07,,,,,,,,
QLTY,2026-08-06,42.86,43.15,0.006766215585627622,2026-08-07,,,,,,,,
QLV,2026-08-06,79.54,79.74,0.0025144581342719796,2026-08-07,,,,,,,,
QLVD,2026-08-06,34.45,34.71,0.007547169811320753,2026-08-07,,,,,,,,
QLVE,2026-08-06,33.18,33.28,0.003013863773357439,2026-08-07,,,,,,,,
QLYS,2026-08-06,181.78,183.48,0.009351963912421546,2026-08-07,,,,,,,,
QMAG,2026-08-06,25.62,25.65,0.0011709601873535203,2026-08-07,,,,,,,,
QMAR,2026-08-06,37.44,37.67,0.006143162393162482,2026-08-07,,,,,,,,
QMCO,2026-08-06,11.68,12.04,0.03082191780821919,2026-08-07,,,,,,,,
QMFE,2026-08-06,24.42,24.5,0.003276003276003303,2026-08-07,,,,,,,,
QMID,2026-08-06,30.07,30.65,0.019288327236448133,2026-08-07,,,,,,,,
QMLS,2026-08-06,6.02,6.2,0.029900332225913706,2026-08-07,,,,,,,,
QMMY,2026-08-06,26.34,26.48,0.005315110098709219,2026-08-07,,,,,,,,
QMNV,2026-08-06,25.28,25.38,0.003955696202531556,2026-08-07,,,,,,,,
QMOM,2026-08-06,75.68,77.1,0.018763213530655243,2026-08-07,,,,,,,,
QMY,2026-08-06,25.77,25.93,0.0062087698874659925,2026-08-07,,,,,,,,
QNC,2026-08-06,2.17,2.23,0.02764976958525356,2026-08-07,,,,,,,,
QNCX,2026-08-06,29.54,30.2,0.022342586323629066,2026-08-07,,,,,,,,
QNDX,2026-08-06,24.2,24.49,0.011983471074380025,2026-08-07,,,,,,,,
QNME,2026-08-06,0.48,0.48,0.0,2026-08-07,,,,,,,,
QNRX,2026-08-06,4.57,4.79,0.04814004376367609,2026-08-07,,,,,,,,
QNST,2026-08-06,15.22,21.08,0.3850197109067015,2026-08-07,,,,,,,,
QNT,2026-08-06,58.88,58.71,-0.002887228260869623,2026-08-07,,,,,,,,
QNTM,2026-08-06,3.23,3.45,0.06811145510835925,2026-08-07,,,,,,,,
QNTU,2026-08-06,11.82,11.6,-0.01861252115059231,2026-08-07,,,,,,,,
QNXT,2026-08-06,31.28,31.77,0.01566496163682851,2026-08-07,,,,,,,,
QOWZ,2026-08-06,36.83,37.31,0.0130328536519142,2026-08-07,,,,,,,,
QPUX,2026-08-06,17.48,20.02,0.14530892448512578,2026-08-07,,,,,,,,
QPX,2026-08-06,49.03,49.57,0.011013665102998171,2026-08-07,,,,,,,,
QQA,2026-08-06,56.16,56.63,0.008368945868945987,2026-08-07,,,,,,,,
QQAU,2026-08-06,25.32,25.45,0.005134281200631863,2026-08-07,,,,,,,,
QQDN,2026-08-06,20.22,19.87,-0.017309594460929723,2026-08-07,,,,,,,,
QQEW,2026-08-06,159.22,161.99,0.017397311895490652,2026-08-07,,,,,,,,
QQH,2026-08-06,84.14,85.25,0.013192298550035675,2026-08-07,,,,,,,,
QQHG,2026-08-06,66.25,66.6,0.005283018867924483,2026-08-07,,,,,,,,
QQJL,2026-08-06,25.07,25.2,0.00518548065416824,2026-08-07,,,,,,,,
QQJN,2026-08-06,24.75,24.89,0.005656565656565693,2026-08-07,,,,,,,,
QQLV,2026-08-06,25.6,25.75,0.005859375,2026-08-07,,,,,,,,
QQMG,2026-08-06,49.92,50.42,0.01001602564102555,2026-08-07,,,,,,,,
QQMY,2026-08-06,25.83,25.92,0.0034843205574914826,2026-08-07,,,,,,,,
QQQ,2026-08-06,714.65,723.03,0.011726019729937809,2026-08-07,,,,,,,,
QQQA,2026-08-06,71.33,72.01,0.009533155754941847,2026-08-07,,,,,,,,
QQQD,2026-08-06,12.39,12.32,-0.005649717514124353,2026-08-07,,,,,,,,
QQQE,2026-08-06,120.03,121.96,0.01607931350495706,2026-08-07,,,,,,,,
QQQG,2026-08-06,30.29,30.59,0.009904258831297419,2026-08-07,,,,,,,,
QQQH,2026-08-06,54.55,54.87,0.0058661778185151725,2026-08-07,,,,,,,,
QQQI,2026-08-06,54.75,55.24,0.008949771689497732,2026-08-07,,,,,,,,
QQQJ,2026-08-06,45.18,46.27,0.024125719344842977,2026-08-07,,,,,,,,
QQQM,2026-08-06,294.26,297.7,0.011690341874532661,2026-08-07,,,,,,,,
QQQP,2026-08-06,218.05,223.35,0.02430635175418483,2026-08-07,,,,,,,,
QQQS,2026-08-06,43.54,44.36,0.01883325677537906,2026-08-07,,,,,,,,
QQQT,2026-08-06,17.95,18.12,0.009470752089136614,2026-08-07,,,,,,,,
QQQU,2026-08-06,57.41,58.15,0.01288974046333391,2026-08-07,,,,,,,,
QQQX,2026-08-06,30.3,30.51,0.006930693069306937,2026-08-07,,,,,,,,
QQQY,2026-08-06,22.7,22.91,0.009251101321585908,2026-08-07,,,,,,,,
QQUP,2026-08-06,64.75,65.86,0.017142857142857126,2026-08-07,,,,,,,,
QQWZ,2026-08-06,27.96,28.42,0.01645207439198848,2026-08-07,,,,,,,,
QQXL,2026-08-06,54.9,55.86,0.017486338797814138,2026-08-07,,,,,,,,
QQXT,2026-08-06,101.04,102.55,0.014944576405383936,2026-08-07,,,,,,,,
QRED,2026-08-06,10.0,10.0,0.0,2026-08-07,,,,,,,,
QRHC,2026-08-06,1.27,1.5,0.1811023622047243,2026-08-07,,,,,,,,
QRMI,2026-08-06,15.23,15.29,0.003939592908732692,2026-08-07,,,,,,,,
QRVO,2026-08-06,95.33,99.08,0.03933703975663483,2026-08-07,,,,,,,,
QS,2026-08-06,5.53,6.08,0.09945750452079571,2026-08-07,,,,,,,,
QSEA,2026-08-06,10.65,10.65,0.0,2026-08-07,,,,,,,,
QSI,2026-08-06,0.75,0.81,0.08000000000000007,2026-08-07,,,,,,,,
QSIG,2026-08-06,48.19,48.27,0.0016600954554888414,2026-08-07,,,,,,,,
QSIX,2026-08-06,42.26,42.72,0.010884997633696214,2026-08-07,,,,,,,,
QSML,2026-08-06,34.66,34.93,0.00778995960761697,2026-08-07,,,,,,,,
QSOL,2026-08-06,7.31,7.44,0.017783857729138264,2026-08-07,,,,,,,,
QSPT,2026-08-06,35.14,35.27,0.0036994877632328116,2026-08-07,,,,,,,,
QSR,2026-08-06,72.92,73.89,0.013302249040043845,2026-08-07,,,,,,,,
QSU,2026-08-06,6.31,7.51,0.19017432646592725,2026-08-07,,,,,,,,
QTAC,2026-08-06,24.2,24.61,0.01694214876033051,2026-08-07,,,,,,,,
QTAP,2026-08-06,51.73,51.95,0.0042528513435144966,2026-08-07,,,,,,,,
QTEC,2026-08-06,311.29,316.59,0.017025924379196145,2026-08-07,,,,,,,,
QTEX,2026-08-06,1.06,1.05,-0.009433962264150941,2026-08-07,,,,,,,,
QTI,2026-08-06,2.71,2.73,0.007380073800737907,2026-08-07,,,,,,,,
QTJA,2026-08-06,33.28,33.5,0.006610576923076872,2026-08-07,,,,,,,,
QTJL,2026-08-06,41.57,41.99,0.010103439980755358,2026-08-07,,,,,,,,
QTOC,2026-08-06,38.54,38.65,0.002854177477944919,2026-08-07,,,,,,,,
QTOP,2026-08-06,37.46,37.8,0.00907634810464475,2026-08-07,,,,,,,,
QTPI,2026-08-06,25.4,25.47,0.00275590551181093,2026-08-07,,,,,,,,
QTR,2026-08-06,34.03,34.35,0.009403467528651177,2026-08-07,,,,,,,,
QTRX,2026-08-06,3.83,4.03,0.052219321148825104,2026-08-07,,,,,,,,
QTTB,2026-08-06,16.2,15.6,-0.03703703703703698,2026-08-07,,,,,,,,
QTUM,2026-08-06,149.24,153.46,0.02827660144733324,2026-08-07,,,,,,,,
QTUP,2026-08-06,17.24,18.08,0.04872389791183296,2026-08-07,,,,,,,,
QTWO,2026-08-06,63.37,62.81,-0.00883698911156694,2026-08-07,,,,,,,,
QUA,2026-08-06,18.93,21.23,0.121500264131009,2026-08-07,,,,,,,,
QUAD,2026-08-06,9.99,10.18,0.019019019019018923,2026-08-07,,,,,,,,
QUAL,2026-08-06,224.97,225.69,0.0032004267235632433,2026-08-07,,,,,,,,
QUBT,2026-08-06,8.77,9.18,0.046750285062713726,2026-08-07,,,,,,,,
QUBX,2026-08-06,8.21,8.88,0.0816077953714982,2026-08-07,,,,,,,,
QUCY,2026-08-06,1.38,1.44,0.04347826086956519,2026-08-07,,,,,,,,
QUIK,2026-08-06,13.87,14.52,0.046863734679163604,2026-08-07,,,,,,,,
QUIZ,2026-08-06,29.51,29.87,0.012199254490003364,2026-08-07,,,,,,,,
QULL,2026-08-06,70.21,70.64,0.006124483691781979,2026-08-07,,,,,,,,
QUMS,2026-08-06,10.3,10.3,0.0,2026-08-07,,,,,,,,
QURE,2026-08-06,45.36,46.42,0.023368606701940076,2026-08-07,,,,,,,,
QUS,2026-08-06,193.54,194.51,0.005011883848299981,2026-08-07,,,,,,,,
QUSA,2026-08-06,18.39,18.45,0.0032626427406199365,2026-08-07,,,,,,,,
QVAL,2026-08-06,59.51,60.33,0.01377919677365158,2026-08-07,,,,,,,,
QVC,2026-08-06,,,,2026-08-07,,,,,,,,
QVML,2026-08-06,45.64,45.87,0.005039439088518671,2026-08-07,,,,,,,,
QVMM,2026-08-06,35.98,36.41,0.01195108393551969,2026-08-07,,,,,,,,
QVMS,2026-08-06,34.85,35.04,0.005451936872309826,2026-08-07,,,,,,,,
QVMT,2026-08-06,65.23,65.19,-0.000613214778476312,2026-08-07,,,,,,,,
QVOL,2026-08-06,100.14,101.53,0.013880567205911687,2026-08-07,,,,,,,,
QVOY,2026-08-06,29.61,29.8,0.0064167510976023134,2026-08-07,,,,,,,,
QWLD,2026-08-06,158.31,159.35,0.006569389173141316,2026-08-07,,,,,,,,
QXL,2026-08-06,4.71,4.6,-0.023354564755838747,2026-08-07,,,,,,,,
QXO,2026-08-06,15.18,16.16,0.064558629776021,2026-08-07,,,,,,,,
QXQ,2026-08-06,31.74,32.12,0.011972274732199084,2026-08-07,,,,,,,,
QYLD,2026-08-06,18.08,18.14,0.0033185840707965486,2026-08-07,,,,,,,,
QYLG,2026-08-06,29.5,29.7,0.006779661016949046,2026-08-07,,,,,,,,
R,2026-08-06,262.29,262.19,-0.0003812573868620106,2026-08-07,,,,,,,,
RA,2026-08-06,12.77,12.82,0.003915426781519349,2026-08-07,,,,,,,,
RAA,2026-08-06,29.83,29.99,0.005363727790814732,2026-08-07,,,,,,,,
RAAA,2026-08-06,25.0,25.02,0.0007999999999999119,2026-08-07,,,,,,,,
RAAR,2026-08-06,51.13,51.15,0.00039115978877357627,2026-08-07,,,,,,,,
RAAX,2026-08-06,40.18,40.54,0.008959681433549083,2026-08-07,,,,,,,,
RAC,2026-08-06,10.48,10.49,0.000954198473282375,2026-08-07,,,,,,,,
RACC,2026-08-06,24.62,24.8,0.007311129163281915,2026-08-07,,,,,,,,
RACD,2026-08-06,11.21,11.63,0.03746654772524538,2026-08-07,,,,,,,,
RACE,2026-08-06,407.28,412.26,0.012227460223924513,2026-08-07,,,,,,,,
RACK,2026-08-06,48.06,48.57,0.01061173533083637,2026-08-07,,,,,,,,
RADX,2026-08-06,2.79,2.8,0.0035842293906809264,2026-08-07,,,,,,,,
RAFE,2026-08-06,49.41,49.78,0.007488362679619609,2026-08-07,,,,,,,,
RAIL,2026-08-06,7.71,7.94,0.02983138780804162,2026-08-07,,,,,,,,
RAIN,2026-08-06,1.27,1.18,-0.07086614173228356,2026-08-07,,,,,,,,
RAL,2026-08-06,65.95,67.45,0.022744503411675554,2026-08-07,,,,,,,,
RAM,2026-08-06,10.72,10.38,-0.03171641791044777,2026-08-07,,,,,,,,
RAML,2026-08-06,11.14,10.72,-0.037701974865350096,2026-08-07,,,,,,,,
RAMP,2026-08-06,37.82,37.81,-0.00026441036488622505,2026-08-07,,,,,,,,
RAMZ,2026-08-06,22.28,22.8,0.02333931777378817,2026-08-07,,,,,,,,
RAND,2026-08-06,10.16,10.29,0.012795275590551158,2026-08-07,,,,,,,,
RANG,2026-08-06,10.73,10.73,0.0,2026-08-07,,,,,,,,
RANI,2026-08-06,0.78,0.79,0.012820512820512775,2026-08-07,,,,,,,,
RANK,2026-08-06,19.57,19.66,0.004598875830352567,2026-08-07,,,,,,,,
RAPP,2026-08-06,46.35,45.49,-0.01855447680690403,2026-08-07,,,,,,,,
RARE,2026-08-06,25.82,25.91,0.0034856700232377413,2026-08-07,,,,,,,,
RAUS,2026-08-06,30.15,30.31,0.005306799336650014,2026-08-07,,,,,,,,
RAVE,2026-08-06,3.13,3.14,0.0031948881789138905,2026-08-07,,,,,,,,
RAVI,2026-08-06,75.2,75.21,0.0001329787234041202,2026-08-07,,,,,,,,
RAY,2026-08-06,2.87,2.93,0.020905923344947785,2026-08-07,,,,,,,,
RAYA,2026-08-06,2.45,2.43,-0.008163265306122436,2026-08-07,,,,,,,,
RAYJ,2026-08-06,37.44,37.44,0.0,2026-08-07,,,,,,,,
RB,2026-08-06,47.1,47.28,0.003821656050955413,2026-08-07,,,,,,,,
RBA,2026-08-06,92.67,94.72,0.022121506420632375,2026-08-07,,,,,,,,
RBB,2026-08-06,26.81,26.8,-0.000372995151062927,2026-08-07,,,,,,,,
RBBN,2026-08-06,2.1,2.14,0.01904761904761898,2026-08-07,,,,,,,,
RBC,2026-08-06,566.61,567.25,0.0011295247171776435,2026-08-07,,,,,,,,
RBCAA,2026-08-06,99.62,99.19,-0.004316402328849667,2026-08-07,,,,,,,,
RBIL,2026-08-06,49.92,49.95,0.0006009615384614531,2026-08-07,,,,,,,,
RBKB,2026-08-06,12.52,12.42,-0.007987220447284282,2026-08-07,,,,,,,,
RBLD,2026-08-06,88.11,88.66,0.006242197253433224,2026-08-07,,,,,,,,
RBLU,2026-08-06,3.24,3.56,0.09876543209876543,2026-08-07,,,,,,,,
RBLX,2026-08-06,36.04,37.79,0.048557158712541515,2026-08-07,,,,,,,,
RBLY,2026-08-06,8.87,9.06,0.021420518602029537,2026-08-07,,,,,,,,
RBNE,2026-08-06,2.37,2.38,0.00421940928270037,2026-08-07,,,,,,,,
RBRK,2026-08-06,84.6,90.07,0.06465721040189121,2026-08-07,,,,,,,,
RBUF,2026-08-06,31.24,31.38,0.004481434058898781,2026-08-07,,,,,,,,
RC,2026-08-06,1.55,1.71,0.10322580645161294,2026-08-07,,,,,,,,
RCAT,2026-08-06,8.67,9.21,0.06228373702422152,2026-08-07,,,,,,,,
RCAX,2026-08-06,3.52,3.92,0.11363636363636354,2026-08-07,,,,,,,,
RCBC,2026-08-06,46.8,47.0,0.004273504273504258,2026-08-07,,,,,,,,
RCEL,2026-08-06,4.75,7.77,0.6357894736842105,2026-08-07,,,,,,,,
RCG,2026-08-06,2.9,2.99,0.031034482758620863,2026-08-07,,,,,,,,
RCGE,2026-08-06,31.35,31.6,0.00797448165869219,2026-08-07,,,,,,,,
RCI,2026-08-06,34.54,34.47,-0.002026635784597608,2026-08-07,,,,,,,,
RCKT,2026-08-06,3.54,3.61,0.0197740112994349,2026-08-07,,,,,,,,
RCKY,2026-08-06,49.71,49.23,-0.00965600482800244,2026-08-07,,,,,,,,
RCL,2026-08-06,320.55,320.0,-0.0017158009670878993,2026-08-07,,,,,,,,
RCLO,2026-08-06,24.8,24.83,0.0012096774193548487,2026-08-07,,,,,,,,
RCLR,2026-08-06,50.87,50.92,0.0009828975820720398,2026-08-07,,,,,,,,
RCMT,2026-08-06,28.53,29.38,0.029793200140203258,2026-08-07,,,,,,,,
RCON,2026-08-06,0.04,0.04,0.0,2026-08-07,,,,,,,,
RCS,2026-08-06,5.26,5.29,0.005703422053231932,2026-08-07,,,,,,,,
RCT,2026-08-06,0.21,0.21,0.0,2026-08-07,,,,,,,,
RCTR,2026-08-06,33.73,34.33,0.017788319003854136,2026-08-07,,,,,,,,
RCUS,2026-08-06,28.33,28.62,0.010236498411577921,2026-08-07,,,,,,,,
RDAC,2026-08-06,6.12,6.31,0.031045751633986818,2026-08-07,,,,,,,,
RDAG,2026-08-06,10.39,10.37,-0.0019249278152070337,2026-08-07,,,,,,,,
RDCM,2026-08-06,10.03,10.1,0.006979062811565351,2026-08-07,,,,,,,,
RDDC,2026-08-06,12.71,14.47,0.1384736428009441,2026-08-07,,,,,,,,
RDDT,2026-08-06,150.87,161.7,0.07178365480214755,2026-08-07,,,,,,,,
RDFI,2026-08-06,23.35,23.45,0.004282655246252487,2026-08-07,,,,,,,,
RDGT,2026-08-06,0.79,0.75,-0.05063291139240511,2026-08-07,,,,,,,,
RDHL,2026-08-06,0.58,0.61,0.051724137931034475,2026-08-07,,,,,,,,
RDI,2026-08-06,1.55,1.51,-0.02580645161290329,2026-08-07,,,,,,,,
RDIV,2026-08-06,62.36,62.64,0.004490057729313657,2026-08-07,,,,,,,,
RDN,2026-08-06,36.26,36.91,0.017926089354660668,2026-08-07,,,,,,,,
RDNT,2026-08-06,68.16,72.39,0.06205985915492973,2026-08-07,,,,,,,,
RDNW,2026-08-06,6.83,6.8,-0.004392386530014725,2026-08-07,,,,,,,,
RDOG,2026-08-06,40.86,41.13,0.006607929515418665,2026-08-07,,,,,,,,
RDTE,2026-08-06,28.57,28.92,0.012250612530626537,2026-08-07,,,,,,,,
RDTL,2026-08-06,13.77,15.69,0.13943355119825718,2026-08-07,,,,,,,,
RDTY,2026-08-06,37.54,37.94,0.010655301012253648,2026-08-07,,,,,,,,
RDVI,2026-08-06,29.83,29.83,0.0,2026-08-07,,,,,,,,
RDVT,2026-08-06,67.3,65.49,-0.026894502228826167,2026-08-07,,,,,,,,
RDVY,2026-08-06,83.22,83.32,0.0012016342225424914,2026-08-07,,,,,,,,
RDW,2026-08-06,11.83,13.59,0.14877430262045643,2026-08-07,,,,,,,,
RDWR,2026-08-06,27.91,28.3,0.013973486205661079,2026-08-07,,,,,,,,
RDWU,2026-08-06,8.2,10.58,0.2902439024390244,2026-08-07,,,,,,,,
RDY,2026-08-06,12.11,12.22,0.009083402146986108,2026-08-07,,,,,,,,
RDYY,2026-08-06,16.03,16.83,0.04990642545227675,2026-08-07,,,,,,,,
RDZN,2026-08-06,1.24,1.33,0.07258064516129048,2026-08-07,,,,,,,,
REA,2026-08-06,12.27,13.25,0.07986960065199677,2026-08-07,,,,,,,,
REAI,2026-08-06,21.5,21.59,0.0041860465116279055,2026-08-07,,,,,,,,
REAL,2026-08-06,12.77,12.3,-0.03680501174628026,2026-08-07,,,,,,,,
REAX,2026-08-06,1.99,2.14,0.07537688442211055,2026-08-07,,,,,,,,
REBN,2026-08-06,1.34,1.51,0.12686567164179108,2026-08-07,,,,,,,,
RECI,2026-08-06,20.21,20.29,0.003958436417615063,2026-08-07,,,,,,,,
RECS,2026-08-06,44.96,45.29,0.007339857651245563,2026-08-07,,,,,,,,
RECT,2026-08-06,1.2,1.24,0.03333333333333344,2026-08-07,,,,,,,,
REED,2026-08-06,0.77,0.85,0.10389610389610393,2026-08-07,,,,,,,,
REET,2026-08-06,28.09,28.23,0.0049839800640798515,2026-08-07,,,,,,,,
REF,2026-08-06,16.13,15.76,-0.02293862368257904,2026-08-07,,,,,,,,
REFA,2026-08-06,23.54,23.84,0.01274426508071369,2026-08-07,,,,,,,,
REFI,2026-08-06,10.09,10.27,0.01783944499504453,2026-08-07,,,,,,,,
REFR,2026-08-06,0.47,0.49,0.042553191489361764,2026-08-07,,,,,,,,
REG,2026-08-06,76.96,77.12,0.0020790020790022457,2026-08-07,,,,,,,,
REGL,2026-08-06,95.0,95.63,0.006631578947368322,2026-08-07,,,,,,,,
REGN,2026-08-06,772.11,784.36,0.01586561500304362,2026-08-07,,,,,,,,
REGS,2026-08-06,11.57,11.67,0.008643042350907404,2026-08-07,,,,,,,,
REI,2026-08-06,1.28,1.3,0.015625,2026-08-07,,,,,,,,
REIT,2026-08-06,30.6,30.73,0.00424836601307188,2026-08-07,,,,,,,,
REK,2026-08-06,15.46,15.39,-0.004527813712807305,2026-08-07,,,,,,,,
REKR,2026-08-06,0.65,0.67,0.030769230769230882,2026-08-07,,,,,,,,
RELL,2026-08-06,20.74,20.66,-0.0038572806171648377,2026-08-07,,,,,,,,
RELX,2026-08-06,35.75,35.52,-0.006433566433566296,2026-08-07,,,,,,,,
RELY,2026-08-06,25.93,24.42,-0.05823370613189349,2026-08-07,,,,,,,,
REM,2026-08-06,21.5,21.99,0.022790697674418547,2026-08-07,,,,,,,,
REMC,2026-08-06,23.2,23.45,0.010775862068965525,2026-08-07,,,,,,,,
REMG,2026-08-06,35.74,35.97,0.006435366536093889,2026-08-07,,,,,,,,
REMX,2026-08-06,73.42,77.04,0.04930536638518124,2026-08-07,,,,,,,,
RENT,2026-08-06,3.62,3.68,0.016574585635359185,2026-08-07,,,,,,,,
RENX,2026-08-06,1.92,1.95,0.015625,2026-08-07,,,,,,,,
REPL,2026-08-06,12.86,12.06,-0.06220839813374801,2026-08-07,,,,,,,,
REPX,2026-08-06,34.07,34.22,0.0044027003228646056,2026-08-07,,,,,,,,
RERE,2026-08-06,4.41,4.55,0.03174603174603163,2026-08-07,,,,,,,,
RES,2026-08-06,5.89,5.87,-0.003395585738539819,2026-08-07,,,,,,,,
RESM,2026-08-06,24.42,24.64,0.009009009009008917,2026-08-07,,,,,,,,
RETL,2026-08-06,9.56,9.83,0.028242677824267703,2026-08-07,,,,,,,,
RETO,2026-08-06,2.85,2.96,0.03859649122807007,2026-08-07,,,,,,,,
REVB,2026-08-06,1.12,1.14,0.01785714285714257,2026-08-07,,,,,,,,
REVS,2026-08-06,33.69,33.86,0.005046007717423695,2026-08-07,,,,,,,,
REW,2026-08-06,11.65,11.32,-0.02832618025751077,2026-08-07,,,,,,,,
REX,2026-08-06,43.29,42.8,-0.011319011319011363,2026-08-07,,,,,,,,
REXC,2026-08-06,17.65,18.67,0.05779036827195494,2026-08-07,,,,,,,,
REXR,2026-08-06,36.5,36.74,0.006575342465753531,2026-08-07,,,,,,,,
REYN,2026-08-06,26.29,26.52,0.008748573602129994,2026-08-07,,,,,,,,
REZ,2026-08-06,95.97,96.6,0.006564551422319376,2026-08-07,,,,,,,,
REZI,2026-08-06,26.07,26.08,0.00038358266206350855,2026-08-07,,,,,,,,
REZI-WI,2026-08-06,,,,2026-08-07,,,,,,,,
RF,2026-08-06,31.39,31.43,0.0012742911755336817,2026-08-07,,,,,,,,
RFAI,2026-08-06,11.09,11.06,-0.0027051397655545317,2026-08-07,,,,,,,,
RFAM,2026-08-06,9.91,9.99,0.008072653884964698,2026-08-07,,,,,,,,
RFCI,2026-08-06,22.09,22.1,0.00045269352648258376,2026-08-07,,,,,,,,
RFDA,2026-08-06,72.64,72.97,0.004542951541850249,2026-08-07,,,,,,,,
RFDI,2026-08-06,91.25,92.2,0.010410958904109702,2026-08-07,,,,,,,,
RFEM,2026-08-06,95.76,96.16,0.004177109440267168,2026-08-07,,,,,,,,
RFFC,2026-08-06,76.67,77.0,0.004304160688665792,2026-08-07,,,,,,,,
RFG,2026-08-06,61.58,63.11,0.024845729132835448,2026-08-07,,,,,,,,
RFI,2026-08-06,11.46,11.6,0.012216404886561838,2026-08-07,,,,,,,,
RFIL,2026-08-06,13.07,12.81,-0.019892884468247884,2026-08-07,,,,,,,,
RFIX,2026-08-06,36.81,36.81,0.0,2026-08-07,,,,,,,,
RFL,2026-08-06,2.02,2.05,0.014851485148514865,2026-08-07,,,,,,,,
RFLR,2026-08-06,32.91,33.13,0.0066848982072320595,2026-08-07,,,,,,,,
RFM,2026-08-06,14.57,14.91,0.02333562113932741,2026-08-07,,,,,,,,
RFMZ,2026-08-06,13.1,13.23,0.00992366412213741,2026-08-07,,,,,,,,
RFV,2026-08-06,149.79,149.97,0.0012016823552973843,2026-08-07,,,,,,,,
RGA,2026-08-06,236.31,246.33,0.042401929668655525,2026-08-07,,,,,,,,
RGC,2026-08-06,5.46,5.41,-0.009157509157509125,2026-08-07,,,,,,,,
RGCO,2026-08-06,21.94,21.87,-0.0031905195989061497,2026-08-07,,,,,,,,
RGEF,2026-08-06,35.31,35.47,0.004531294250920359,2026-08-07,,,,,,,,
RGEN,2026-08-06,159.44,163.9,0.02797290516808837,2026-08-07,,,,,,,,
RGLD,2026-08-06,218.11,229.92,0.05414699005089152,2026-08-07,,,,,,,,
RGLO,2026-08-06,33.83,33.99,0.004729530002956173,2026-08-07,,,,,,,,
RGNT,2026-08-06,1.97,1.89,-0.040609137055837574,2026-08-07,,,,,,,,
RGNX,2026-08-06,11.28,10.72,-0.049645390070921835,2026-08-07,,,,,,,,
RGP,2026-08-06,4.2,4.2,0.0,2026-08-07,,,,,,,,
RGR,2026-08-06,37.81,37.11,-0.01851362073525531,2026-08-07,,,,,,,,
RGS,2026-08-06,28.79,28.11,-0.02361931226120184,2026-08-07,,,,,,,,
RGT,2026-08-06,15.52,15.58,0.0038659793814432852,2026-08-07,,,,,,,,
RGTC,2026-08-06,26.81,31.14,0.1615069004102947,2026-08-07,,,,,,,,
RGTI,2026-08-06,16.53,17.94,0.08529945553539031,2026-08-07,,,,,,,,
RGTU,2026-08-06,12.73,14.78,0.16103692065985853,2026-08-07,,,,,,,,
RGTX,2026-08-06,11.82,13.76,0.16412859560067683,2026-08-07,,,,,,,,
RGTZ,2026-08-06,3.64,3.01,-0.17307692307692313,2026-08-07,,,,,,,,
RGYY,2026-08-06,6.76,6.72,-0.00591715976331364,2026-08-07,,,,,,,,
RH,2026-08-06,187.97,196.15,0.04351758259296701,2026-08-07,,,,,,,,
RHI,2026-08-06,40.68,42.74,0.05063913470993131,2026-08-07,,,,,,,,
RHLD,2026-08-06,128.59,129.45,0.0066879228555873915,2026-08-07,,,,,,,,
RHP,2026-08-06,124.23,120.84,-0.027288094663124873,2026-08-07,,,,,,,,
RHRX,2026-08-06,22.0,22.06,0.0027272727272726893,2026-08-07,,,,,,,,
RHTX,2026-08-06,20.23,20.45,0.010874938210578389,2026-08-07,,,,,,,,
RIBB,2026-08-06,10.84,10.84,0.0,2026-08-07,,,,,,,,
RICK,2026-08-06,26.24,28.07,0.06974085365853666,2026-08-07,,,,,,,,
RIET,2026-08-06,9.48,9.61,0.01371308016877637,2026-08-07,,,,,,,,
RIFR,2026-08-06,28.6,28.64,0.0013986013986013734,2026-08-07,,,,,,,,
RIG,2026-08-06,5.16,5.26,0.019379844961240345,2026-08-07,,,,,,,,
RIGL,2026-08-06,39.22,40.17,0.02422233554309039,2026-08-07,,,,,,,,
RIGS,2026-08-06,22.57,22.74,0.007532122286220577,2026-08-07,,,,,,,,
RILA,2026-08-06,12.29,12.43,0.011391375101708734,2026-08-07,,,,,,,,
RILY,2026-08-06,7.26,7.18,-0.011019283746556474,2026-08-07,,,,,,,,
RIME,2026-08-06,0.42,0.43,0.023809523809523725,2026-08-07,,,,,,,,
RINF,2026-08-06,32.63,32.62,-0.0003064664419247798,2026-08-07,,,,,,,,
RING,2026-08-06,72.38,78.02,0.07792207792207795,2026-08-07,,,,,,,,
RINT,2026-08-06,32.94,33.21,0.00819672131147553,2026-08-07,,,,,,,,
RIO,2026-08-06,99.65,101.1,0.014550928248870942,2026-08-07,,,,,,,,
RIOT,2026-08-06,21.21,20.52,-0.032531824611032545,2026-08-07,,,,,,,,
RIOX,2026-08-06,29.65,27.47,-0.07352445193929169,2026-08-07,,,,,,,,
RISE,2026-08-06,18.85,18.99,0.007427055702917684,2026-08-07,,,,,,,,
RISN,2026-08-06,31.41,31.58,0.00541228907991087,2026-08-07,,,,,,,,
RISR,2026-08-06,36.61,36.67,0.0016388964763727198,2026-08-07,,,,,,,,
RITA,2026-08-06,21.58,21.73,0.006950880444856367,2026-08-07,,,,,,,,
RITM,2026-08-06,9.94,10.19,0.02515090543259557,2026-08-07,,,,,,,,
RITR,2026-08-06,0.19,0.17,-0.10526315789473684,2026-08-07,,,,,,,,
RIV,2026-08-06,11.46,11.59,0.011343804537521818,2026-08-07,,,,,,,,
RIVC,2026-08-06,19.25,20.56,0.06805194805194792,2026-08-07,,,,,,,,
RIVN,2026-08-06,15.38,16.0,0.0403120936280883,2026-08-07,,,,,,,,
RIZE,2026-08-06,24.54,24.59,0.00203748981255103,2026-08-07,,,,,,,,
RJCA,2026-08-06,72.4,73.05,0.008977900552486151,2026-08-07,,,,,,,,
RJDI,2026-08-06,29.96,30.12,0.005340453938584844,2026-08-07,,,,,,,,
RJET,2026-08-06,21.28,21.39,0.005169172932330879,2026-08-07,,,,,,,,
RJF,2026-08-06,179.33,176.56,-0.01544638376177998,2026-08-07,,,,,,,,
RJMI,2026-08-06,25.14,25.19,0.0019888623707240427,2026-08-07,,,,,,,,
RJVI,2026-08-06,24.86,24.9,0.0016090104585679832,2026-08-07,,,,,,,,
RKDA,2026-08-06,0.72,0.7,-0.02777777777777779,2026-08-07,,,,,,,,
RKLB,2026-08-06,75.67,82.83,0.09462138231795958,2026-08-07,,,,,,,,
RKLX,2026-08-06,21.98,26.11,0.18789808917197437,2026-08-07,,,,,,,,
RKLZ,2026-08-06,3.45,2.76,-0.20000000000000007,2026-08-07,,,,,,,,
RKNG,2026-08-06,23.13,23.57,0.01902291396454836,2026-08-07,,,,,,,,
RKSG,2026-08-06,28.56,28.77,0.007352941176470562,2026-08-07,,,,,,,,
RKT,2026-08-06,13.22,13.72,0.03782148260211793,2026-08-07,,,,,,,,
RKTL,2026-08-06,8.88,9.3,0.04729729729729737,2026-08-07,,,,,,,,
RKTO,2026-08-06,0.79,0.76,-0.03797468354430378,2026-08-07,,,,,,,,
RKX,2026-08-06,13.5,15.94,0.18074074074074065,2026-08-07,,,,,,,,
RL,2026-08-06,395.83,395.53,-0.0007579011191674034,2026-08-07,,,,,,,,
RLAY,2026-08-06,19.75,19.77,0.0010126582278480178,2026-08-07,,,,,,,,
RLGT,2026-08-06,8.43,8.44,0.0011862396204032066,2026-08-07,,,,,,,,
RLI,2026-08-06,64.38,64.23,-0.002329916123019471,2026-08-07,,,,,,,,
RLJ,2026-08-06,11.92,11.13,-0.06627516778523479,2026-08-07,,,,,,,,
RLMD,2026-08-06,5.37,4.94,-0.08007448789571692,2026-08-07,,,,,,,,
RLTY,2026-08-06,15.76,15.84,0.0050761421319796,2026-08-07,,,,,,,,
RLX,2026-08-06,1.99,2.01,0.010050251256281229,2026-08-07,,,,,,,,
RLY,2026-08-06,36.17,36.32,0.004147083218136505,2026-08-07,,,,,,,,
RLYB,2026-08-06,16.19,16.16,-0.0018529956763434496,2026-08-07,,,,,,,,
RM,2026-08-06,33.05,32.79,-0.00786686838124051,2026-08-07,,,,,,,,
RMAX,2026-08-06,10.77,11.37,0.055710306406685284,2026-08-07,,,,,,,,
RMBC,2026-08-06,13.29,14.07,0.05869074492099324,2026-08-07,,,,,,,,
RMBI,2026-08-06,15.93,15.82,-0.0069052102950407646,2026-08-07,,,,,,,,
RMBS,2026-08-06,97.68,101.52,0.03931203931203919,2026-08-07,,,,,,,,
RMBX,2026-08-06,12.62,13.38,0.060221870047543646,2026-08-07,,,,,,,,
RMCA,2026-08-06,24.0,24.12,0.0050000000000001155,2026-08-07,,,,,,,,
RMCF,2026-08-06,0.84,0.83,-0.011904761904761862,2026-08-07,,,,,,,,
RMCO,2026-08-06,2.39,2.92,0.22175732217573207,2026-08-07,,,,,,,,
RMD,2026-08-06,223.24,211.94,-0.0506181687869558,2026-08-07,,,,,,,,
RMHY,2026-08-06,24.95,25.0,0.002004008016032177,2026-08-07,,,,,,,,
RMI,2026-08-06,15.73,15.77,0.002542911633820699,2026-08-07,,,,,,,,
RMIF,2026-08-06,24.11,24.11,0.0,2026-08-07,,,,,,,,
RMIX,2026-08-06,18.27,18.98,0.03886152162014245,2026-08-07,,,,,,,,
RMM,2026-08-06,14.42,14.69,0.018723994452149784,2026-08-07,,,,,,,,
RMME,2026-08-06,100.11,100.11,0.0,2026-08-07,,,,,,,,
RMMZ,2026-08-06,14.71,14.89,0.01223657375934728,2026-08-07,,,,,,,,
RMNI,2026-08-06,4.95,5.05,0.02020202020202011,2026-08-07,,,,,,,,
RMNY,2026-08-06,24.37,24.45,0.003282724661468839,2026-08-07,,,,,,,,
RMOP,2026-08-06,25.12,25.19,0.002786624203821697,2026-08-07,,,,,,,,
RMR,2026-08-06,18.8,19.45,0.034574468085106336,2026-08-07,,,,,,,,
RMRC,2026-08-06,25.73,25.85,0.004663816556548905,2026-08-07,,,,,,,,
RMSG,2026-08-06,0.41,0.38,-0.07317073170731703,2026-08-07,,,,,,,,
RMT,2026-08-06,14.04,14.23,0.013532763532763559,2026-08-07,,,,,,,,
RMTI,2026-08-06,7.16,7.14,-0.0027932960893854997,2026-08-07,,,,,,,,
RNA,2026-08-06,12.11,12.34,0.018992568125516085,2026-08-07,,,,,,,,
RNAC,2026-08-06,8.76,8.85,0.010273972602739656,2026-08-07,,,,,,,,
RNAZ,2026-08-06,4.27,3.96,-0.07259953161592503,2026-08-07,,,,,,,,
RND,2026-08-06,33.24,33.52,0.008423586040914532,2026-08-07,,,,,,,,
RNEM,2026-08-06,57.08,57.32,0.0042046250875964475,2026-08-07,,,,,,,,
RNG,2026-08-06,61.82,63.01,0.019249433840181185,2026-08-07,,,,,,,,
RNGR,2026-08-06,16.04,16.1,0.0037406483790525247,2026-08-07,,,,,,,,
RNGT,2026-08-06,10.14,10.14,0.0,2026-08-07,,,,,,,,
RNIN,2026-08-06,36.05,36.8,0.020804438280166426,2026-08-07,,,,,,,,
RNMN,2026-08-06,26.12,26.08,-0.0015313935681471325,2026-08-07,,,,,,,,
RNP,2026-08-06,20.41,20.61,0.009799118079372837,2026-08-07,,,,,,,,
RNR,2026-08-06,323.49,321.87,-0.005007882778447548,2026-08-07,,,,,,,,
RNRG,2026-08-06,34.31,34.58,0.00786942582337491,2026-08-07,,,,,,,,
RNST,2026-08-06,43.3,42.73,-0.013163972286374115,2026-08-07,,,,,,,,
RNTX,2026-08-06,0.79,0.82,0.03797468354430378,2026-08-07,,,,,,,,
RNTY,2026-08-06,49.4,49.64,0.004858299595141835,2026-08-07,,,,,,,,
RNW,2026-08-06,6.23,6.17,-0.009630818619582704,2026-08-07,,,,,,,,
RNXT,2026-08-06,1.15,1.12,-0.02608695652173898,2026-08-07,,,,,,,,
ROAD,2026-08-06,100.16,119.74,0.1954872204472844,2026-08-07,,,,,,,,
ROAM,2026-08-06,35.18,35.41,0.006537805571347199,2026-08-07,,,,,,,,
ROBN,2026-08-06,23.22,24.51,0.05555555555555558,2026-08-07,,,,,,,,
ROBO,2026-08-06,83.07,84.44,0.016492115083664327,2026-08-07,,,,,,,,
ROBT,2026-08-06,57.58,59.09,0.026224383466481482,2026-08-07,,,,,,,,
ROC,2026-08-06,4.91,4.41,-0.10183299389002032,2026-08-07,,,,,,,,
ROCK,2026-08-06,50.78,50.23,-0.010831035840882297,2026-08-07,,,,,,,,
ROCQ,2026-08-06,55.71,55.76,0.0008975049362771603,2026-08-07,,,,,,,,
ROCY,2026-08-06,55.27,55.45,0.0032567396417586547,2026-08-07,,,,,,,,
RODM,2026-08-06,41.98,42.26,0.006669842782277335,2026-08-07,,,,,,,,
ROE,2026-08-06,43.56,43.83,0.006198347107437829,2026-08-07,,,,,,,,
ROG,2026-08-06,133.73,134.49,0.005683092798923317,2026-08-07,,,,,,,,
ROIV,2026-08-06,35.12,36.34,0.034738041002278175,2026-08-07,,,,,,,,
ROK,2026-08-06,441.8,441.04,-0.0017202354006337073,2026-08-07,,,,,,,,
ROKT,2026-08-06,118.33,120.0,0.014113073607707305,2026-08-07,,,,,,,,
ROKU,2026-08-06,150.07,153.11,0.02025721330045993,2026-08-07,,,,,,,,
ROL,2026-08-06,36.83,37.74,0.02470811838175413,2026-08-07,,,,,,,,
ROLR,2026-08-06,6.28,6.19,-0.014331210191082744,2026-08-07,,,,,,,,
ROM,2026-08-06,144.45,148.36,0.027068189685012234,2026-08-07,,,,,,,,
ROMA,2026-08-06,9.24,8.9,-0.03679653679653683,2026-08-07,,,,,,,,
ROMO,2026-08-06,34.69,34.96,0.007783222830787029,2026-08-07,,,,,,,,
RONB,2026-08-06,21.71,23.26,0.07139567019806536,2026-08-07,,,,,,,,
ROOT,2026-08-06,50.51,51.5,0.019600079192239273,2026-08-07,,,,,,,,
ROP,2026-08-06,397.08,402.25,0.013020046338269475,2026-08-07,,,,,,,,
ROPE,2026-08-06,30.28,30.43,0.004953764861294507,2026-08-07,,,,,,,,
ROSC,2026-08-06,56.56,56.83,0.00477369165487973,2026-08-07,,,,,,,,
ROST,2026-08-06,254.31,255.23,0.0036176320239078574,2026-08-07,,,,,,,,
ROUS,2026-08-06,67.88,68.29,0.006040070713023038,2026-08-07,,,,,,,,
RPAR,2026-08-06,22.08,22.25,0.007699275362318847,2026-08-07,,,,,,,,
RPAY,2026-08-06,3.99,3.95,-0.010025062656641603,2026-08-07,,,,,,,,
RPC,2026-08-06,8.79,8.99,0.022753128555176527,2026-08-07,,,,,,,,
RPD,2026-08-06,10.38,11.57,0.11464354527938347,2026-08-07,,,,,,,,
RPG,2026-08-06,57.93,58.42,0.008458484377697362,2026-08-07,,,,,,,,
RPGL,2026-08-06,1.92,1.95,0.015625,2026-08-07,,,,,,,,
RPID,2026-08-06,2.08,1.73,-0.16826923076923084,2026-08-07,,,,,,,,
RPM,2026-08-06,115.65,117.36,0.01478599221789878,2026-08-07,,,,,,,,
RPRX,2026-08-06,57.26,56.77,-0.008557457212713837,2026-08-07,,,,,,,,
RPT,2026-08-06,12.12,12.06,-0.004950495049504844,2026-08-07,,,,,,,,
RPV,2026-08-06,119.74,120.2,0.003841656923333936,2026-08-07,,,,,,,,
RQI,2026-08-06,12.56,12.52,-0.0031847133757962887,2026-08-07,,,,,,,,
RR,2026-08-06,1.52,1.61,0.0592105263157896,2026-08-07,,,,,,,,
RRBI,2026-08-06,100.76,100.11,-0.006450972608177952,2026-08-07,,,,,,,,
RRC,2026-08-06,38.57,38.28,-0.007518796992481147,2026-08-07,,,,,,,,
RREV,2026-08-06,9.94,9.94,0.0,2026-08-07,,,,,,,,
RRGB,2026-08-06,8.44,8.2,-0.028436018957346043,2026-08-07,,,,,,,,
RRR,2026-08-06,62.91,61.88,-0.01637259577173733,2026-08-07,,,,,,,,
RRX,2026-08-06,179.02,178.0,-0.005697687409228047,2026-08-07,,,,,,,,
RS,2026-08-06,418.13,423.88,0.013751704015497523,2026-08-07,,,,,,,,
RSBA,2026-08-06,20.81,20.81,0.0,2026-08-07,,,,,,,,
RSBT,2026-08-06,18.74,18.7,-0.002134471718249653,2026-08-07,,,,,,,,
RSBY,2026-08-06,17.73,17.83,0.005640157924421851,2026-08-07,,,,,,,,
RSDE,2026-08-06,23.88,23.93,0.0020938023450587373,2026-08-07,,,,,,,,
RSEE,2026-08-06,39.31,39.75,0.011193080641058284,2026-08-07,,,,,,,,
RSF,2026-08-06,14.55,14.58,0.0020618556701030855,2026-08-07,,,,,,,,
RSG,2026-08-06,209.59,214.56,0.023712963404742604,2026-08-07,,,,,,,,
RSI,2026-08-06,25.08,24.88,-0.00797448165869219,2026-08-07,,,,,,,,
RSIT,2026-08-06,20.7,20.89,0.009178743961352653,2026-08-07,,,,,,,,
RSJN,2026-08-06,37.84,37.98,0.003699788583509278,2026-08-07,,,,,,,,
RSKD,2026-08-06,5.19,5.35,0.030828516377649162,2026-08-07,,,,,,,,
RSMC,2026-08-06,28.95,29.24,0.010017271157167551,2026-08-07,,,,,,,,
RSMR,2026-08-06,24.07,24.15,0.0033236393851265866,2026-08-07,,,,,,,,
RSMV,2026-08-06,28.95,28.98,0.0010362694300518616,2026-08-07,,,,,,,,
RSP,2026-08-06,218.58,220.09,0.006908225821209646,2026-08-07,,,,,,,,
RSPA,2026-08-06,54.26,54.54,0.005160339107998624,2026-08-07,,,,,,,,
RSPC,2026-08-06,36.54,36.4,-0.003831417624521105,2026-08-07,,,,,,,,
RSPD,2026-08-06,57.77,58.65,0.015232819802665665,2026-08-07,,,,,,,,
RSPE,2026-08-06,34.62,34.83,0.0060658578856152,2026-08-07,,,,,,,,
RSPF,2026-08-06,84.48,84.31,-0.0020123106060606633,2026-08-07,,,,,,,,
RSPG,2026-08-06,103.86,102.85,-0.009724629308684785,2026-08-07,,,,,,,,
RSPH,2026-08-06,35.13,35.54,0.011670936521491537,2026-08-07,,,,,,,,
RSPM,2026-08-06,40.09,40.58,0.012222499376403073,2026-08-07,,,,,,,,
RSPN,2026-08-06,64.36,64.78,0.006525792417650722,2026-08-07,,,,,,,,
RSPR,2026-08-06,36.63,36.85,0.006006006006005871,2026-08-07,,,,,,,,
RSPS,2026-08-06,30.99,31.1,0.0035495321071314923,2026-08-07,,,,,,,,
RSPT,2026-08-06,63.48,64.65,0.01843100189035929,2026-08-07,,,,,,,,
RSPU,2026-08-06,77.21,77.6,0.005051159176272524,2026-08-07,,,,,,,,
RSSB,2026-08-06,30.95,31.27,0.01033925686591286,2026-08-07,,,,,,,,
RSSE,2026-08-06,23.58,23.66,0.003392705682782049,2026-08-07,,,,,,,,
RSSL,2026-08-06,116.84,118.05,0.010356042451215242,2026-08-07,,,,,,,,
RSSS,2026-08-06,2.18,2.16,-0.00917431192660556,2026-08-07,,,,,,,,
RSST,2026-08-06,33.41,33.6,0.005686920083807445,2026-08-07,,,,,,,,
RSSX,2026-08-06,25.2,25.79,0.02341269841269833,2026-08-07,,,,,,,,
RSSY,2026-08-06,25.39,25.63,0.00945254037022436,2026-08-07,,,,,,,,
RSVR,2026-08-06,10.29,10.12,-0.016520894071914483,2026-08-07,,,,,,,,
RTAC,2026-08-06,10.48,10.47,-0.000954198473282375,2026-08-07,,,,,,,,
RTAI,2026-08-06,20.95,21.08,0.006205250596658773,2026-08-07,,,,,,,,
RTB,2026-08-06,15.91,17.0,0.06851037083595224,2026-08-07,,,,,,,,
RTH,2026-08-06,272.21,273.85,0.006024760295360254,2026-08-07,,,,,,,,
RTO,2026-08-06,24.46,24.21,-0.01022076860179888,2026-08-07,,,,,,,,
RTOO,2026-08-06,25.5,25.76,0.010196078431372602,2026-08-07,,,,,,,,
RTRE,2026-08-06,24.53,24.58,0.002038320423970452,2026-08-07,,,,,,,,
RTX,2026-08-06,223.25,223.03,-0.0009854423292273706,2026-08-07,,,,,,,,
RTXG,2026-08-06,30.38,30.28,-0.003291639236339572,2026-08-07,,,,,,,,
RTYY,2026-08-06,9.83,9.6,-0.023397761953204532,2026-08-07,,,,,,,,
RUBI,2026-08-06,2.34,2.25,-0.038461538461538436,2026-08-07,,,,,,,,
RULE,2026-08-06,30.11,30.13,0.0006642311524409639,2026-08-07,,,,,,,,
RUM,2026-08-06,6.2,6.39,0.030645161290322465,2026-08-07,,,,,,,,
RUN,2026-08-06,9.38,10.2,0.08742004264392311,2026-08-07,,,,,,,,
RUNN,2026-08-06,35.03,35.32,0.008278618327148157,2026-08-07,,,,,,,,
RUSC,2026-08-06,38.56,38.92,0.009336099585062207,2026-08-07,,,,,,,,
RUSHA,2026-08-06,79.73,80.08,0.004389815627743543,2026-08-07,,,,,,,,
RVER,2026-08-06,35.9,36.78,0.024512534818941667,2026-08-07,,,,,,,,
RVI,2026-08-06,27.37,28.19,0.02995981001096082,2026-08-07,,,,,,,,
RVLV,2026-08-06,24.63,24.27,-0.01461632155907433,2026-08-07,,,,,,,,
RVMD,2026-08-06,197.81,205.15,0.03710631413983112,2026-08-07,,,,,,,,
RVNL,2026-08-06,23.54,25.25,0.07264231096006801,2026-08-07,,,,,,,,
RVNU,2026-08-06,24.74,24.86,0.004850444624090677,2026-08-07,,,,,,,,
RVP,2026-08-06,0.68,0.67,-0.014705882352941235,2026-08-07,,,,,,,,
RVSB,2026-08-06,5.44,5.36,-0.014705882352941235,2026-08-07,,,,,,,,
RVSN,2026-08-06,4.39,4.76,0.08428246013667429,2026-08-07,,,,,,,,
RVT,2026-08-06,18.56,18.82,0.014008620689655249,2026-08-07,,,,,,,,
RVTY,2026-08-06,114.24,114.66,0.003676470588235281,2026-08-07,,,,,,,,
RW,2026-08-06,26.08,26.02,-0.0023006134969324465,2026-08-07,,,,,,,,
RWAY,2026-08-06,5.98,6.84,0.14381270903010024,2026-08-07,,,,,,,,
RWEM,2026-08-06,34.6,35.9,0.037572254335260125,2026-08-07,,,,,,,,
RWIN,2026-08-06,27.48,27.73,0.00909752547307141,2026-08-07,,,,,,,,
RWJ,2026-08-06,61.5,61.93,0.006991869918699267,2026-08-07,,,,,,,,
RWK,2026-08-06,150.64,151.55,0.006040892193308611,2026-08-07,,,,,,,,
RWL,2026-08-06,133.62,134.12,0.0037419547971859757,2026-08-07,,,,,,,,
RWLC,2026-08-06,38.4,38.56,0.004166666666666874,2026-08-07,,,,,,,,
RWM,2026-08-06,13.45,13.3,-0.011152416356877248,2026-08-07,,,,,,,,
RWO,2026-08-06,50.63,50.79,0.0031601817104482954,2026-08-07,,,,,,,,
RWR,2026-08-06,114.24,114.79,0.004814425770308217,2026-08-07,,,,,,,,
RWT,2026-08-06,4.56,4.73,0.037280701754386136,2026-08-07,,,,,,,,
RWX,2026-08-06,27.89,28.12,0.008246683399067756,2026-08-07,,,,,,,,
RXD,2026-08-06,15.87,15.65,-0.013862633900441068,2026-08-07,,,,,,,,
RXI,2026-08-06,203.31,206.01,0.013280212483399723,2026-08-07,,,,,,,,
RXL,2026-08-06,56.18,56.97,0.014061943752224915,2026-08-07,,,,,,,,
RXO,2026-08-06,20.24,21.7,0.0721343873517788,2026-08-07,,,,,,,,
RXRX,2026-08-06,3.18,3.22,0.012578616352201255,2026-08-07,,,,,,,,
RXST,2026-08-06,6.08,6.26,0.02960526315789469,2026-08-07,,,,,,,,
RXT,2026-08-06,4.82,4.9,0.016597510373443924,2026-08-07,,,,,,,,
RY,2026-08-06,211.45,211.08,-0.0017498226531094119,2026-08-07,,,,,,,,
RYAAY,2026-08-06,60.55,60.19,-0.005945499587118097,2026-08-07,,,,,,,,
RYAM,2026-08-06,9.16,9.02,-0.015283842794759916,2026-08-07,,,,,,,,
RYAN,2026-08-06,44.47,42.84,-0.036653923993703486,2026-08-07,,,,,,,,
RYDE,2026-08-06,0.84,0.83,-0.011904761904761862,2026-08-07,,,,,,,,
RYET,2026-08-06,1.05,1.05,0.0,2026-08-07,,,,,,,,
RYLD,2026-08-06,16.27,16.34,0.004302397049784856,2026-08-07,,,,,,,,
RYLG,2026-08-06,24.86,25.01,0.006033789219630048,2026-08-07,,,,,,,,
RYM,2026-08-06,22.08,22.5,0.01902173913043481,2026-08-07,,,,,,,,
RYN,2026-08-06,21.43,21.79,0.016798880074661682,2026-08-07,,,,,,,,
RYOJ,2026-08-06,4.85,4.94,0.01855670103092799,2026-08-07,,,,,,,,
RYTM,2026-08-06,112.1,115.63,0.03148974130240867,2026-08-07,,,,,,,,
RYZ,2026-08-06,26.9,28.08,0.04386617100371737,2026-08-07,,,,,,,,
RZG,2026-08-06,70.26,70.11,-0.002134927412468013,2026-08-07,,,,,,,,
RZLT,2026-08-06,4.7,4.69,-0.0021276595744680327,2026-08-07,,,,,,,,
RZLV,2026-08-06,2.64,2.73,0.03409090909090895,2026-08-07,,,,,,,,
RZV,2026-08-06,149.9,152.04,0.014276184122748337,2026-08-07,,,,,,,,
S,2026-08-06,20.76,21.4,0.030828516377649162,2026-08-07,,,,,,,,
SA,2026-08-06,29.01,31.13,0.0730782488796966,2026-08-07,,,,,,,,
SAA,2026-08-06,37.46,37.88,0.011211959423385043,2026-08-07,,,,,,,,
SAAQ,2026-08-06,10.15,10.15,0.0,2026-08-07,,,,,,,,
SABA,2026-08-06,8.38,8.34,-0.004773269689737569,2026-08-07,,,,,,,,
SABR,2026-08-06,2.24,2.07,-0.07589285714285732,2026-08-07,,,,,,,,
SABS,2026-08-06,3.85,3.9,0.01298701298701288,2026-08-07,,,,,,,,
SAC,2026-08-06,10.1,10.1,0.0,2026-08-07,,,,,,,,
SACH,2026-08-06,0.83,0.83,0.0,2026-08-07,,,,,,,,
SAFE,2026-08-06,15.99,16.29,0.018761726078799112,2026-08-07,,,,,,,,
SAFT,2026-08-06,103.5,103.5,0.0,2026-08-07,,,,,,,,
SAFX,2026-08-06,0.37,0.39,0.05405405405405417,2026-08-07,,,,,,,,
SAGP,2026-08-06,36.77,37.44,0.018221376121838384,2026-08-07,,,,,,,,
SAGT,2026-08-06,0.72,0.75,0.04166666666666674,2026-08-07,,,,,,,,
SAGU,2026-08-06,9.93,9.94,0.001007049345417954,2026-08-07,,,,,,,,
SAH,2026-08-06,84.89,82.44,-0.028860878784309096,2026-08-07,,,,,,,,
SAIA,2026-08-06,361.82,364.21,0.0066054944447515584,2026-08-07,,,,,,,,
SAIC,2026-08-06,124.28,126.54,0.018184744126166663,2026-08-07,,,,,,,,
SAIH,2026-08-06,21.5,20.82,-0.031627906976744224,2026-08-07,,,,,,,,
SAIL,2026-08-06,17.68,18.66,0.05542986425339369,2026-08-07,,,,,,,,
SAM,2026-08-06,183.05,186.61,0.019448238186287936,2026-08-07,,,,,,,,
SAMG,2026-08-06,10.14,10.21,0.006903353057199135,2026-08-07,,,,,,,,
SAMM,2026-08-06,30.91,31.31,0.012940795858945364,2026-08-07,,,,,,,,
SAMO-U,2026-08-06,9.94,9.94,0.0,2026-08-07,,,,,,,,
SAMT,2026-08-06,43.45,43.64,0.004372842347525774,2026-08-07,,,,,,,,
SAN,2026-08-06,14.65,14.7,0.0034129692832762792,2026-08-07,,,,,,,,
SANA,2026-08-06,3.41,3.52,0.032258064516129004,2026-08-07,,,,,,,,
SANG,2026-08-06,4.01,4.02,0.0024937655860348684,2026-08-07,,,,,,,,
SANM,2026-08-06,205.66,202.73,-0.014246815131770951,2026-08-07,,,,,,,,
SAP,2026-08-06,199.46,206.16,0.033590694876165506,2026-08-07,,,,,,,,
SAPH,2026-08-06,36.56,37.73,0.03200218818380729,2026-08-07,,,,,,,,
SAR,2026-08-06,19.49,20.01,0.02668034889687032,2026-08-07,,,,,,,,
SARK,2026-08-06,28.43,27.03,-0.049243756595145904,2026-08-07,,,,,,,,
SARO,2026-08-06,30.0,29.19,-0.026999999999999913,2026-08-07,,,,,,,,
SASS,2026-08-06,24.77,24.82,0.002018570851836987,2026-08-07,,,,,,,,
SATA,2026-08-06,98.8,99.47,0.006781376518218751,2026-08-07,,,,,,,,
SATL,2026-08-06,5.04,5.52,0.09523809523809512,2026-08-07,,,,,,,,
SATO,2026-08-06,15.52,15.74,0.014175257731958713,2026-08-07,,,,,,,,
SAUG,2026-08-06,28.01,28.04,0.001071046054980318,2026-08-07,,,,,,,,
SAWG,2026-08-06,24.69,24.8,0.0044552450384771625,2026-08-07,,,,,,,,
SAWS,2026-08-06,24.49,24.58,0.0036749693752551327,2026-08-07,,,,,,,,
SB,2026-08-06,7.67,7.6,-0.009126466753585416,2026-08-07,,,,,,,,
SBAC,2026-08-06,182.6,184.03,0.007831325301204783,2026-08-07,,,,,,,,
SBAR,2026-08-06,25.54,25.75,0.008222396241190255,2026-08-07,,,,,,,,
SBB,2026-08-06,22.2,22.05,-0.006756756756756688,2026-08-07,,,,,,,,
SBC,2026-08-06,2.97,3.06,0.030303030303030276,2026-08-07,,,,,,,,
SBCF,2026-08-06,34.53,34.55,0.0005792064871126268,2026-08-07,,,,,,,,
SBET,2026-08-06,6.29,6.43,0.022257551669316422,2026-08-07,,,,,,,,
SBEV,2026-08-06,0.45,0.43,-0.04444444444444451,2026-08-07,,,,,,,,
SBFG,2026-08-06,27.06,26.97,-0.003325942350332567,2026-08-07,,,,,,,,
SBFM,2026-08-06,1.4,1.23,-0.12142857142857133,2026-08-07,,,,,,,,
SBGI,2026-08-06,14.76,14.2,-0.03794037940379402,2026-08-07,,,,,,,,
SBH,2026-08-06,16.13,16.83,0.043397396156230617,2026-08-07,,,,,,,,
SBI,2026-08-06,7.62,7.67,0.006561679790026309,2026-08-07,,,,,,,,
SBIL,2026-08-06,100.13,100.13,0.0,2026-08-07,,,,,,,,
SBIO,2026-08-06,67.2,67.61,0.00610119047619051,2026-08-07,,,,,,,,
SBIT,2026-08-06,55.76,54.8,-0.017216642754662836,2026-08-07,,,,,,,,
SBLK,2026-08-06,28.59,28.9,0.010842952081147272,2026-08-07,,,,,,,,
SBMT,2026-08-06,6.78,6.9,0.017699115044247815,2026-08-07,,,,,,,,
SBND,2026-08-06,18.63,18.67,0.0021470746108429584,2026-08-07,,,,,,,,
SBR,2026-08-06,70.73,72.21,0.02092464300862429,2026-08-07,,,,,,,,
SBRA,2026-08-06,20.91,21.04,0.006217120994739256,2026-08-07,,,,,,,,
SBS,2026-08-06,5.37,5.31,-0.011173184357541999,2026-08-07,,,,,,,,
SBSI,2026-08-06,32.66,32.44,-0.006736068585425525,2026-08-07,,,,,,,,
SBSW,2026-08-06,9.89,10.64,0.07583417593528807,2026-08-07,,,,,,,,
SBTU,2026-08-06,2.42,2.52,0.04132231404958686,2026-08-07,,,,,,,,
SBU,2026-08-06,19.87,19.87,0.0,2026-08-07,,,,,,,,
SBUX,2026-08-06,105.16,105.58,0.003993914035754997,2026-08-07,,,,,,,,
SBXD,2026-08-06,10.85,10.82,-0.0027649769585252892,2026-08-07,,,,,,,,
SBXE,2026-08-06,10.11,10.11,0.0,2026-08-07,,,,,,,,
SCA,2026-08-06,21.4,22.36,0.04485981308411224,2026-08-07,,,,,,,,
SCAG,2026-08-06,0.37,0.37,0.0,2026-08-07,,,,,,,,
SCAP,2026-08-06,38.28,38.89,0.015935214211076243,2026-08-07,,,,,,,,
SCAU,2026-08-06,25.14,25.26,0.004773269689737569,2026-08-07,,,,,,,,
SCC,2026-08-06,14.2,13.77,-0.03028169014084503,2026-08-07,,,,,,,,
SCCO,2026-08-06,193.03,199.06,0.03123866756462723,2026-08-07,,,,,,,,
SCCR,2026-08-06,25.13,25.18,0.0019896538002388553,2026-08-07,,,,,,,,
SCD,2026-08-06,15.71,15.64,-0.004455760661998709,2026-08-07,,,,,,,,
SCDL,2026-08-06,58.82,59.52,0.011900714042842653,2026-08-07,,,,,,,,
SCDS,2026-08-06,76.83,77.45,0.008069764414942115,2026-08-07,,,,,,,,
SCDV,2026-08-06,28.27,28.37,0.0035373187124161376,2026-08-07,,,,,,,,
SCEC,2026-08-06,24.58,24.58,0.0,2026-08-07,,,,,,,,
SCEP,2026-08-06,25.52,25.65,0.005094043887147404,2026-08-07,,,,,,,,
SCHA,2026-08-06,34.43,34.83,0.011617775196050006,2026-08-07,,,,,,,,
SCHB,2026-08-06,29.67,29.9,0.007751937984495916,2026-08-07,,,,,,,,
SCHC,2026-08-06,50.09,50.68,0.011778798163305959,2026-08-07,,,,,,,,
SCHD,2026-08-06,33.7,33.9,0.005934718100890191,2026-08-07,,,,,,,,
SCHE,2026-08-06,36.61,36.99,0.010379677683693078,2026-08-07,,,,,,,,
SCHF,2026-08-06,27.94,28.23,0.010379384395132307,2026-08-07,,,,,,,,
SCHG,2026-08-06,35.42,35.78,0.010163749294183955,2026-08-07,,,,,,,,
SCHH,2026-08-06,24.01,24.11,0.004164931278633821,2026-08-07,,,,,,,,
SCHI,2026-08-06,22.26,22.31,0.002246181491464272,2026-08-07,,,,,,,,
SCHJ,2026-08-06,24.48,24.51,0.001225490196078427,2026-08-07,,,,,,,,
SCHK,2026-08-06,37.06,37.31,0.00674581759309234,2026-08-07,,,,,,,,
SCHL,2026-08-06,39.9,41.98,0.05213032581453625,2026-08-07,,,,,,,,
SCHM,2026-08-06,35.62,36.09,0.013194834362717733,2026-08-07,,,,,,,,
SCHO,2026-08-06,24.04,24.06,0.0008319467554076532,2026-08-07,,,,,,,,
SCHP,2026-08-06,25.91,25.96,0.001929756850636899,2026-08-07,,,,,,,,
SCHQ,2026-08-06,30.04,30.11,0.0023302263648468102,2026-08-07,,,,,,,,
SCHR,2026-08-06,24.39,24.43,0.0016400164001639794,2026-08-07,,,,,,,,
SCHV,2026-08-06,34.7,34.86,0.004610951008645392,2026-08-07,,,,,,,,
SCHW,2026-08-06,107.66,107.6,-0.0005573100501579109,2026-08-07,,,,,,,,
SCHX,2026-08-06,30.3,30.52,0.007260726072607193,2026-08-07,,,,,,,,
SCHY,2026-08-06,33.44,33.64,0.005980861244019309,2026-08-07,,,,,,,,
SCHZ,2026-08-06,22.77,22.82,0.002195871761089263,2026-08-07,,,,,,,,
SCI,2026-08-06,84.96,85.01,0.0005885122410547172,2026-08-07,,,,,,,,
SCII,2026-08-06,10.11,10.11,0.0,2026-08-07,,,,,,,,
SCIO,2026-08-06,20.57,20.58,0.00048614487117148997,2026-08-07,,,,,,,,
SCJ,2026-08-06,108.59,109.5,0.008380145501427405,2026-08-07,,,,,,,,
SCJL,2026-08-06,25.17,25.29,0.004767580452920139,2026-08-07,,,,,,,,
SCJN,2026-08-06,25.69,25.8,0.004281821720513834,2026-08-07,,,,,,,,
SCKT,2026-08-06,0.39,0.39,0.0,2026-08-07,,,,,,,,
SCL,2026-08-06,63.96,65.15,0.01860537836147591,2026-08-07,,,,,,,,
SCLX,2026-08-06,6.94,6.95,0.0014409221902016434,2026-08-07,,,,,,,,
SCLZ,2026-08-06,56.63,56.89,0.004591206074518794,2026-08-07,,,,,,,,
SCM,2026-08-06,8.46,8.41,-0.005910165484633634,2026-08-07,,,,,,,,
SCMB,2026-08-06,25.33,25.41,0.0031583103039873883,2026-08-07,,,,,,,,
SCMC,2026-08-06,24.92,24.94,0.0008025682182986049,2026-08-07,,,,,,,,
SCMY,2026-08-06,25.8,25.92,0.0046511627906977715,2026-08-07,,,,,,,,
SCNI,2026-08-06,0.26,0.25,-0.03846153846153855,2026-08-07,,,,,,,,
SCNM,2026-08-06,24.8,24.84,0.001612903225806317,2026-08-07,,,,,,,,
SCNX,2026-08-06,0.37,0.38,0.027027027027026973,2026-08-07,,,,,,,,
SCO,2026-08-06,29.31,29.41,0.003411804844762889,2026-08-07,,,,,,,,
SCOP,2026-08-06,11.55,11.55,0.0,2026-08-07,,,,,,,,
SCOR,2026-08-06,7.49,7.2,-0.03871829105473967,2026-08-07,,,,,,,,
SCOW,2026-08-06,23.28,23.53,0.010738831615120237,2026-08-07,,,,,,,,
SCPQ,2026-08-06,10.0,10.02,0.0020000000000000018,2026-08-07,,,,,,,,
SCSB,2026-08-06,24.81,24.85,0.0016122531237405813,2026-08-07,,,,,,,,
SCSC,2026-08-06,56.94,54.95,-0.034949069195644444,2026-08-07,,,,,,,,
SCTX,2026-08-06,25.41,26.0,0.023219205037386947,2026-08-07,,,,,,,,
SCUB,2026-08-06,25.0,25.02,0.0007999999999999119,2026-08-07,,,,,,,,
SCUS,2026-08-06,25.12,25.14,0.0007961783439489611,2026-08-07,,,,,,,,
SCWO,2026-08-06,2.23,2.15,-0.0358744394618834,2026-08-07,,,,,,,,
SCYB,2026-08-06,25.98,26.04,0.002309468822170757,2026-08-07,,,,,,,,
SCYX,2026-08-06,5.2,5.24,0.007692307692307665,2026-08-07,,,,,,,,
SCZ,2026-08-06,85.91,86.8,0.010359678733558475,2026-08-07,,,,,,,,
SCZM,2026-08-06,7.97,8.4,0.053952321204516984,2026-08-07,,,,,,,,
SD,2026-08-06,13.44,13.62,0.013392857142857206,2026-08-07,,,,,,,,
SDA,2026-08-06,0.79,0.85,0.07594936708860756,2026-08-07,,,,,,,,
SDCI,2026-08-06,28.44,28.55,0.003867791842475432,2026-08-07,,,,,,,,
SDCP,2026-08-06,25.55,25.56,0.00039138943248517855,2026-08-07,,,,,,,,
SDD,2026-08-06,8.07,7.96,-0.013630731102850069,2026-08-07,,,,,,,,
SDEM,2026-08-06,33.1,33.12,0.0006042296072505948,2026-08-07,,,,,,,,
SDEV,2026-08-06,1.04,1.03,-0.009615384615384581,2026-08-07,,,,,,,,
SDFI,2026-08-06,35.35,35.38,0.0008486562942009446,2026-08-07,,,,,,,,
SDG,2026-08-06,90.51,92.08,0.017346149596729532,2026-08-07,,,,,,,,
SDGR,2026-08-06,17.81,18.16,0.01965188096574977,2026-08-07,,,,,,,,
SDHC,2026-08-06,14.05,13.86,-0.013523131672597999,2026-08-07,,,,,,,,
SDHI,2026-08-06,10.5,10.48,-0.0019047619047618536,2026-08-07,,,,,,,,
SDHY,2026-08-06,16.1,16.25,0.009316770186335255,2026-08-07,,,,,,,,
SDIV,2026-08-06,24.56,24.81,0.0101791530944626,2026-08-07,,,,,,,,
SDMF,2026-08-06,25.72,25.71,-0.00038880248833583764,2026-08-07,,,,,,,,
SDOG,2026-08-06,71.45,72.26,0.011336599020294047,2026-08-07,,,,,,,,
SDOT,2026-08-06,12.7,12.09,-0.04803149606299206,2026-08-07,,,,,,,,
SDOW,2026-08-06,22.16,22.0,-0.0072202166064981865,2026-08-07,,,,,,,,
SDP,2026-08-06,23.6,23.3,-0.012711864406779738,2026-08-07,,,,,,,,
SDRL,2026-08-06,42.94,43.24,0.006986492780624243,2026-08-07,,,,,,,,
SDS,2026-08-06,53.95,53.35,-0.011121408711770142,2026-08-07,,,,,,,,
SDSI,2026-08-06,51.08,51.15,0.0013703993735316722,2026-08-07,,,,,,,,
SDST,2026-08-06,0.63,0.67,0.06349206349206349,2026-08-07,,,,,,,,
SDTY,2026-08-06,41.75,41.92,0.004071856287425124,2026-08-07,,,,,,,,
SDUR,2026-08-06,25.06,25.09,0.0011971268954509284,2026-08-07,,,,,,,,
SDVD,2026-08-06,23.79,23.83,0.0016813787305589578,2026-08-07,,,,,,,,
SDVY,2026-08-06,44.51,44.6,0.0020220175241518756,2026-08-07,,,,,,,,
SDY,2026-08-06,156.82,157.83,0.0064405050376228345,2026-08-07,,,,,,,,
SE,2026-08-06,111.0,113.43,0.021891891891892,2026-08-07,,,,,,,,
SEA,2026-08-06,18.17,18.3,0.007154650522839701,2026-08-07,,,,,,,,
SEAT,2026-08-06,7.88,7.6,-0.035532994923857864,2026-08-07,,,,,,,,
SEB,2026-08-06,4279.0,4240.64,-0.008964711381163726,2026-08-07,,,,,,,,
SECR,2026-08-06,25.13,25.11,-0.0007958615200954755,2026-08-07,,,,,,,,
SECT,2026-08-06,72.35,72.93,0.008016586040083151,2026-08-07,,,,,,,,
SECU,2026-08-06,49.56,49.53,-0.000605326876513379,2026-08-07,,,,,,,,
SECZ,2026-08-06,7.19,7.71,0.07232267037552154,2026-08-07,,,,,,,,
SEDG,2026-08-06,32.67,31.76,-0.027854300581573344,2026-08-07,,,,,,,,
SEED,2026-08-06,1.04,1.04,0.0,2026-08-07,,,,,,,,
SEEM,2026-08-06,38.12,38.48,0.009443861490031402,2026-08-07,,,,,,,,
SEER,2026-08-06,2.19,2.17,-0.0091324200913242,2026-08-07,,,,,,,,
SEF,2026-08-06,29.27,29.37,0.003416467372736598,2026-08-07,,,,,,,,
SEG,2026-08-06,27.01,28.25,0.045908922621251236,2026-08-07,,,,,,,,
SEGG,2026-08-06,2.59,2.53,-0.02316602316602323,2026-08-07,,,,,,,,
SEI,2026-08-06,57.01,57.96,0.016663743202946835,2026-08-07,,,,,,,,
SEIC,2026-08-06,104.69,104.7,9.552010698254954e-05,2026-08-07,,,,,,,,
SEIE,2026-08-06,36.76,37.21,0.012241566920565994,2026-08-07,,,,,,,,
SEIM,2026-08-06,54.7,55.07,0.006764168190127817,2026-08-07,,,,,,,,
SEIQ,2026-08-06,42.19,42.48,0.006873666745674356,2026-08-07,,,,,,,,
SEIS,2026-08-06,32.97,33.33,0.010919017288444133,2026-08-07,,,,,,,,
SEIV,2026-08-06,50.24,50.61,0.007364649681528501,2026-08-07,,,,,,,,
SEIX,2026-08-06,23.24,23.26,0.000860585197934638,2026-08-07,,,,,,,,
SELF,2026-08-06,5.28,5.15,-0.024621212121212155,2026-08-07,,,,,,,,
SELV,2026-08-06,34.8,34.8,0.0,2026-08-07,,,,,,,,
SEMG,2026-08-06,27.98,28.18,0.0071479628305932685,2026-08-07,,,,,,,,
SEMI,2026-08-06,38.53,38.83,0.007786140669608033,2026-08-07,,,,,,,,
SEMY,2026-08-06,14.05,13.89,-0.011387900355871894,2026-08-07,,,,,,,,
SENEA,2026-08-06,166.58,178.82,0.07347820866850752,2026-08-07,,,,,,,,
SENS,2026-08-06,5.15,7.02,0.36310679611650465,2026-08-07,,,,,,,,
SEPI,2026-08-06,28.68,28.69,0.0003486750348675738,2026-08-07,,,,,,,,
SEPM,2026-08-06,33.12,33.15,0.0009057971014492239,2026-08-07,,,,,,,,
SEPN,2026-08-06,39.53,38.83,-0.017708069820389638,2026-08-07,,,,,,,,
SEPP,2026-08-06,33.02,33.03,0.00030284675953962115,2026-08-07,,,,,,,,
SEPT,2026-08-06,38.17,38.22,0.0013099292638196758,2026-08-07,,,,,,,,
SEPU,2026-08-06,31.8,32.03,0.007232704402515777,2026-08-07,,,,,,,,
SEPW,2026-08-06,33.76,33.77,0.0002962085308058082,2026-08-07,,,,,,,,
SEPZ,2026-08-06,46.5,46.75,0.005376344086021501,2026-08-07,,,,,,,,
SER,2026-08-06,2.35,2.4,0.02127659574468077,2026-08-07,,,,,,,,
SERA,2026-08-06,2.0,2.07,0.03499999999999992,2026-08-07,,,,,,,,
SERV,2026-08-06,5.68,5.09,-0.10387323943661975,2026-08-07,,,,,,,,
SES,2026-08-06,0.51,0.56,0.0980392156862746,2026-08-07,,,,,,,,
SETH,2026-08-06,43.92,43.68,-0.005464480874316946,2026-08-07,,,,,,,,
SETM,2026-08-06,31.49,32.7,0.038424896792632834,2026-08-07,,,,,,,,
SEUS,2026-08-06,26.08,26.3,0.008435582822085896,2026-08-07,,,,,,,,
SEV,2026-08-06,2.12,2.23,0.05188679245283012,2026-08-07,,,,,,,,
SEVN,2026-08-06,7.72,7.69,-0.0038860103626942033,2026-08-07,,,,,,,,
SEZL,2026-08-06,178.53,118.02,-0.33893463283481773,2026-08-07,,,,,,,,
SF,2026-08-06,83.39,83.09,-0.003597553663508779,2026-08-07,,,,,,,,
SFBC,2026-08-06,46.75,46.5,-0.005347593582887722,2026-08-07,,,,,,,,
SFBS,2026-08-06,89.16,88.92,-0.0026917900403767847,2026-08-07,,,,,,,,
SFD,2026-08-06,25.08,25.4,0.012759170653907415,2026-08-07,,,,,,,,
SFEB,2026-08-06,26.43,26.56,0.004918653045781207,2026-08-07,,,,,,,,
SFGV,2026-08-06,36.34,36.59,0.006879471656576763,2026-08-07,,,,,,,,
SFHG,2026-08-06,2.39,2.31,-0.03347280334728031,2026-08-07,,,,,,,,
SFIX,2026-08-06,4.03,4.2,0.042183622828784184,2026-08-07,,,,,,,,
SFL,2026-08-06,12.07,12.07,0.0,2026-08-07,,,,,,,,
SFLO,2026-08-06,38.0,38.82,0.021578947368421142,2026-08-07,,,,,,,,
SFLR,2026-08-06,38.92,39.01,0.002312435765672971,2026-08-07,,,,,,,,
SFM,2026-08-06,87.2,85.86,-0.015366972477064311,2026-08-07,,,,,,,,
SFNC,2026-08-06,23.55,23.46,-0.003821656050955413,2026-08-07,,,,,,,,
SFST,2026-08-06,63.8,63.33,-0.007366771159874608,2026-08-07,,,,,,,,
SFTX,2026-08-06,30.89,31.17,0.009064422143088446,2026-08-07,,,,,,,,
SFTY,2026-08-06,31.77,31.96,0.005980484734025904,2026-08-07,,,,,,,,
SFWL,2026-08-06,0.91,0.89,-0.02197802197802201,2026-08-07,,,,,,,,
SFY,2026-08-06,151.93,153.43,0.009872967814124944,2026-08-07,,,,,,,,
SFYF,2026-08-06,61.7,62.89,0.019286871961102126,2026-08-07,,,,,,,,
SFYI,2026-08-06,24.6,24.94,0.0138211382113822,2026-08-07,,,,,,,,
SG,2026-08-06,5.87,5.4,-0.08006814310051102,2026-08-07,,,,,,,,
SGA,2026-08-06,9.53,10.04,0.053515215110178316,2026-08-07,,,,,,,,
SGC,2026-08-06,14.13,14.08,-0.0035385704175513455,2026-08-07,,,,,,,,
SGDJ,2026-08-06,85.05,91.63,0.07736625514403284,2026-08-07,,,,,,,,
SGDM,2026-08-06,69.58,74.78,0.0747341189997126,2026-08-07,,,,,,,,
SGHC,2026-08-06,12.99,13.05,0.004618937644341736,2026-08-07,,,,,,,,
SGHT,2026-08-06,7.09,7.47,0.05359661495063461,2026-08-07,,,,,,,,
SGI,2026-08-06,64.87,65.25,0.005857869585324416,2026-08-07,,,,,,,,
SGLC,2026-08-06,45.51,45.77,0.005713030103274175,2026-08-07,,,,,,,,
SGLY,2026-08-06,6.68,6.87,0.02844311377245523,2026-08-07,,,,,,,,
SGML,2026-08-06,10.78,11.38,0.0556586270871986,2026-08-07,,,,,,,,
SGMT,2026-08-06,8.74,9.06,0.03661327231121292,2026-08-07,,,,,,,,
SGOL,2026-08-06,40.45,41.35,0.02224969097651419,2026-08-07,,,,,,,,
SGOV,2026-08-06,100.46,100.48,0.00019908421262204712,2026-08-07,,,,,,,,
SGP,2026-08-06,24.75,25.31,0.02262626262626255,2026-08-07,,,,,,,,
SGRT,2026-08-06,31.71,31.36,-0.011037527593819041,2026-08-07,,,,,,,,
SGRW,2026-08-06,26.03,26.47,0.016903572800614608,2026-08-07,,,,,,,,
SGRY,2026-08-06,14.92,15.53,0.04088471849865938,2026-08-07,,,,,,,,
SGU,2026-08-06,12.76,12.87,0.008620689655172376,2026-08-07,,,,,,,,
SGVA,2026-08-06,100.54,100.57,0.00029838870101439596,2026-08-07,,,,,,,,
SGVT,2026-08-06,100.54,100.57,0.00029838870101439596,2026-08-07,,,,,,,,
SH,2026-08-06,32.24,32.07,-0.0052729528535980785,2026-08-07,,,,,,,,
SHAG,2026-08-06,47.22,47.26,0.0008470986869970609,2026-08-07,,,,,,,,
SHAK,2026-08-06,70.24,71.13,0.012670842824601403,2026-08-07,,,,,,,,
SHAZ,2026-08-06,52.15,49.79,-0.04525407478427612,2026-08-07,,,,,,,,
SHBI,2026-08-06,24.11,23.84,-0.011198672749896277,2026-08-07,,,,,,,,
SHC,2026-08-06,18.91,18.86,-0.0026441036488630276,2026-08-07,,,,,,,,
SHDG,2026-08-06,33.43,33.58,0.004486987735566883,2026-08-07,,,,,,,,
SHE,2026-08-06,158.89,160.03,0.007174775001573597,2026-08-07,,,,,,,,
SHEH,2026-08-06,64.54,63.49,-0.01626898047722347,2026-08-07,,,,,,,,
SHEL,2026-08-06,89.6,88.5,-0.012276785714285698,2026-08-07,,,,,,,,
SHEN,2026-08-06,13.41,13.48,0.005219985085756829,2026-08-07,,,,,,,,
SHFS,2026-08-06,0.18,0.17,-0.05555555555555547,2026-08-07,,,,,,,,
SHG,2026-08-06,74.25,75.81,0.021010101010101145,2026-08-07,,,,,,,,
SHIM,2026-08-06,4.18,4.42,0.05741626794258381,2026-08-07,,,,,,,,
SHIP,2026-08-06,17.24,16.86,-0.022041763341067222,2026-08-07,,,,,,,,
SHLD,2026-08-06,67.78,69.04,0.018589554440838096,2026-08-07,,,,,,,,
SHLS,2026-08-06,8.6,8.93,0.03837209302325584,2026-08-07,,,,,,,,
SHM,2026-08-06,47.67,47.75,0.0016782043213761089,2026-08-07,,,,,,,,
SHMD,2026-08-06,4.44,4.72,0.06306306306306286,2026-08-07,,,,,,,,
SHNY,2026-08-06,9.06,9.66,0.0662251655629138,2026-08-07,,,,,,,,
SHO,2026-08-06,11.29,11.08,-0.018600531443755508,2026-08-07,,,,,,,,
SHOC,2026-08-06,106.77,108.4,0.01526646061627801,2026-08-07,,,,,,,,
SHOE,2026-08-06,15.64,15.75,0.007033248081841359,2026-08-07,,,,,,,,
SHOO,2026-08-06,48.26,48.58,0.006630750103605587,2026-08-07,,,,,,,,
SHOP,2026-08-06,147.44,151.57,0.028011394465545347,2026-08-07,,,,,,,,
SHOT,2026-08-06,9.82,9.84,0.0020366598778003286,2026-08-07,,,,,,,,
SHOTU,2026-08-06,10.01,10.01,0.0,2026-08-07,,,,,,,,
SHPH,2026-08-06,4.38,4.36,-0.004566210045662045,2026-08-07,,,,,,,,
SHPP,2026-08-06,34.77,35.07,0.008628127696289845,2026-08-07,,,,,,,,
SHPU,2026-08-06,17.41,18.39,0.05628948879954043,2026-08-07,,,,,,,,
SHRD,2026-08-06,24.72,24.77,0.0020226537216829765,2026-08-07,,,,,,,,
SHRT,2026-08-06,6.45,6.42,-0.0046511627906976605,2026-08-07,,,,,,,,
SHRY,2026-08-06,46.8,47.05,0.005341880341880323,2026-08-07,,,,,,,,
SHV,2026-08-06,110.11,110.15,0.0003632730905458459,2026-08-07,,,,,,,,
SHW,2026-08-06,363.42,369.73,0.01736283088437629,2026-08-07,,,,,,,,
SHY,2026-08-06,81.8,81.92,0.0014669926650368037,2026-08-07,,,,,,,,
SHYD,2026-08-06,22.71,22.73,0.0008806693086744755,2026-08-07,,,,,,,,
SHYG,2026-08-06,42.08,42.15,0.0016634980988592396,2026-08-07,,,,,,,,
SHYL,2026-08-06,43.97,44.1,0.0029565612917898942,2026-08-07,,,,,,,,
SHYM,2026-08-06,22.08,22.14,0.0027173913043478937,2026-08-07,,,,,,,,
SI,2026-08-06,22.43,20.59,-0.08203299152920196,2026-08-07,,,,,,,,
SIBN,2026-08-06,18.14,18.61,0.025909592061742037,2026-08-07,,,,,,,,
SID,2026-08-06,0.94,0.93,-0.010638297872340274,2026-08-07,,,,,,,,
SIDU,2026-08-06,2.09,2.24,0.07177033492822993,2026-08-07,,,,,,,,
SIEB,2026-08-06,1.66,1.67,0.006024096385542244,2026-08-07,,,,,,,,
SIF,2026-08-06,28.23,28.09,-0.004959263195182473,2026-08-07,,,,,,,,
SIFI,2026-08-06,43.37,43.42,0.0011528706479133621,2026-08-07,,,,,,,,
SIFY,2026-08-06,15.79,15.8,0.0006333122229260635,2026-08-07,,,,,,,,
SIG,2026-08-06,93.88,96.91,0.03227524499360879,2026-08-07,,,,,,,,
SIGA,2026-08-06,3.12,3.05,-0.022435897435897578,2026-08-07,,,,,,,,
SIGI,2026-08-06,96.78,96.23,-0.0056829923537921045,2026-08-07,,,,,,,,
SIHY,2026-08-06,45.29,45.4,0.002428792227864962,2026-08-07,,,,,,,,
SII,2026-08-06,112.31,117.88,0.04959487133826013,2026-08-07,,,,,,,,
SIJ,2026-08-06,15.57,15.51,-0.003853564547206201,2026-08-07,,,,,,,,
SIL,2026-08-06,83.26,88.5,0.06293538313716063,2026-08-07,,,,,,,,
SILC,2026-08-06,41.52,42.09,0.013728323699421896,2026-08-07,,,,,,,,
SILJ,2026-08-06,27.48,29.14,0.06040756914119361,2026-08-07,,,,,,,,
SILO,2026-08-06,4.67,3.73,-0.20128479657387577,2026-08-07,,,,,,,,
SIM,2026-08-06,30.03,30.81,0.025974025974025983,2026-08-07,,,,,,,,
SIMA,2026-08-06,10.86,10.93,0.006445672191528473,2026-08-07,,,,,,,,
SIMAU,2026-08-06,10.95,10.92,-0.002739726027397249,2026-08-07,,,,,,,,
SIMO,2026-08-06,267.43,256.12,-0.04229144075085067,2026-08-07,,,,,,,,
SIMS,2026-08-06,45.88,46.21,0.007192676547515209,2026-08-07,,,,,,,,
SIMX,2026-08-06,14.93,13.66,-0.08506363027461483,2026-08-07,,,,,,,,
SIND,2026-08-06,15.91,15.82,-0.0056568196103079504,2026-08-07,,,,,,,,
SINT,2026-08-06,1.63,1.66,0.01840490797546024,2026-08-07,,,,,,,,
SIO,2026-08-06,25.41,25.45,0.0015741833923652582,2026-08-07,,,,,,,,
SION,2026-08-06,49.61,51.04,0.02882483370288247,2026-08-07,,,,,,,,
SIOO,2026-08-06,19.88,19.91,0.0015090543259557165,2026-08-07,,,,,,,,
SIRI,2026-08-06,29.88,29.91,0.0010040160642570406,2026-08-07,,,,,,,,
SITC,2026-08-06,3.13,3.15,0.006389776357827559,2026-08-07,,,,,,,,
SITE,2026-08-06,98.52,103.86,0.05420219244823388,2026-08-07,,,,,,,,
SITM,2026-08-06,687.5,725.28,0.054952727272727264,2026-08-07,,,,,,,,
SIVR,2026-08-06,58.69,60.46,0.030158459703527152,2026-08-07,,,,,,,,
SIXA,2026-08-06,57.09,57.44,0.006130670870555077,2026-08-07,,,,,,,,
SIXD,2026-08-06,31.41,31.5,0.002865329512893977,2026-08-07,,,,,,,,
SIXF,2026-08-06,35.01,35.07,0.001713796058269157,2026-08-07,,,,,,,,
SIXH,2026-08-06,43.44,43.62,0.004143646408839796,2026-08-07,,,,,,,,
SIXJ,2026-08-06,37.15,37.25,0.0026917900403768957,2026-08-07,,,,,,,,
SIXL,2026-08-06,39.96,40.05,0.0022522522522521182,2026-08-07,,,,,,,,
SIXO,2026-08-06,36.25,36.29,0.0011034482758620623,2026-08-07,,,,,,,,
SIXP,2026-08-06,34.28,34.31,0.0008751458576430338,2026-08-07,,,,,,,,
SIXS,2026-08-06,59.17,59.16,-0.00016900456312329837,2026-08-07,,,,,,,,
SIXZ,2026-08-06,32.08,32.14,0.0018703241895261513,2026-08-07,,,,,,,,
SIZE,2026-08-06,182.35,184.29,0.010638881272278633,2026-08-07,,,,,,,,
SJ,2026-08-06,0.91,0.9,-0.01098901098901095,2026-08-07,,,,,,,,
SJB,2026-08-06,15.18,15.15,-0.0019762845849802257,2026-08-07,,,,,,,,
SJCP,2026-08-06,25.07,25.09,0.0007977662544873532,2026-08-07,,,,,,,,
SJLD,2026-08-06,25.23,25.24,0.00039635354736411443,2026-08-07,,,,,,,,
SJM,2026-08-06,118.8,120.16,0.011447811447811373,2026-08-07,,,,,,,,
SJNK,2026-08-06,24.81,24.87,0.002418379685610761,2026-08-07,,,,,,,,
SJT,2026-08-06,2.46,2.53,0.028455284552845406,2026-08-07,,,,,,,,
SK,2026-08-06,18.65,17.19,-0.07828418230562983,2026-08-07,,,,,,,,
SKAIU,2026-08-06,,,,2026-08-07,,,,,,,,
SKDD,2026-08-06,14.35,15.45,0.0766550522648084,2026-08-07,,,,,,,,
SKE,2026-08-06,30.86,32.54,0.0544394037589111,2026-08-07,,,,,,,,
SKF,2026-08-06,22.5,22.67,0.007555555555555538,2026-08-07,,,,,,,,
SKHA,2026-08-06,23.99,22.05,-0.08086702792830336,2026-08-07,,,,,,,,
SKHL,2026-08-06,7.22,6.65,-0.07894736842105254,2026-08-07,,,,,,,,
SKHN,2026-08-06,20.94,22.61,0.07975167144221573,2026-08-07,,,,,,,,
SKHU,2026-08-06,14.75,13.54,-0.08203389830508478,2026-08-07,,,,,,,,
SKHX,2026-08-06,11.17,10.33,-0.07520143240823629,2026-08-07,,,,,,,,
SKHY,2026-08-06,143.53,137.91,-0.03915557723124086,2026-08-07,,,,,,,,
SKHZ,2026-08-06,13.16,13.68,0.03951367781155013,2026-08-07,,,,,,,,
SKIL,2026-08-06,8.04,9.1,0.13184079601990062,2026-08-07,,,,,,,,
SKIN,2026-08-06,0.77,0.66,-0.1428571428571428,2026-08-07,,,,,,,,
SKK,2026-08-06,4.61,4.8,0.04121475054229928,2026-08-07,,,,,,,,
SKM,2026-08-06,35.67,34.26,-0.03952901597981506,2026-08-07,,,,,,,,
SKOR,2026-08-06,47.96,48.03,0.0014595496246871953,2026-08-07,,,,,,,,
SKRE,2026-08-06,5.98,6.04,0.010033444816053505,2026-08-07,,,,,,,,
SKT,2026-08-06,39.32,39.31,-0.0002543234994912824,2026-08-07,,,,,,,,
SKUU,2026-08-06,18.65,17.15,-0.08042895442359255,2026-08-07,,,,,,,,
SKWD,2026-08-06,65.63,63.67,-0.02986439128447349,2026-08-07,,,,,,,,
SKY,2026-08-06,91.52,94.66,0.03430944055944063,2026-08-07,,,,,,,,
SKYA,2026-08-06,1.17,1.21,0.03418803418803429,2026-08-07,,,,,,,,
SKYE,2026-08-06,0.47,0.52,0.1063829787234043,2026-08-07,,,,,,,,
SKYH,2026-08-06,11.07,11.2,0.01174345076784089,2026-08-07,,,,,,,,
SKYQ,2026-08-06,3.86,3.5,-0.09326424870466321,2026-08-07,,,,,,,,
SKYT,2026-08-06,32.46,32.46,0.0,2026-08-07,,,,,,,,
SKYU,2026-08-06,44.71,47.92,0.07179601878774333,2026-08-07,,,,,,,,
SKYW,2026-08-06,113.44,111.84,-0.014104372355430161,2026-08-07,,,,,,,,
SKYX,2026-08-06,1.19,1.22,0.025210084033613578,2026-08-07,,,,,,,,
SKYY,2026-08-06,150.59,156.17,0.037054253270469406,2026-08-07,,,,,,,,
SLAB,2026-08-06,218.47,219.21,0.003387192749576551,2026-08-07,,,,,,,,
SLB,2026-08-06,51.54,50.53,-0.0195964299573147,2026-08-07,,,,,,,,
SLBT,2026-08-06,2.73,2.67,-0.02197802197802201,2026-08-07,,,,,,,,
SLDB,2026-08-06,8.71,8.39,-0.036739380022962176,2026-08-07,,,,,,,,
SLDE,2026-08-06,21.33,21.13,-0.00937646507266754,2026-08-07,,,,,,,,
SLDP,2026-08-06,2.19,2.33,0.06392694063926951,2026-08-07,,,,,,,,
SLDR,2026-08-06,49.56,49.63,0.0014124293785311437,2026-08-07,,,,,,,,
SLE,2026-08-06,2.77,2.89,0.04332129963898912,2026-08-07,,,,,,,,
SLF,2026-08-06,82.32,81.91,-0.004980563654032988,2026-08-07,,,,,,,,
SLG,2026-08-06,54.52,56.36,0.03374908290535572,2026-08-07,,,,,,,,
SLGB,2026-08-06,0.51,0.56,0.0980392156862746,2026-08-07,,,,,,,,
SLGL,2026-08-06,86.9,88.0,0.012658227848101111,2026-08-07,,,,,,,,
SLGN,2026-08-06,41.54,41.71,0.004092441020703053,2026-08-07,,,,,,,,
SLI,2026-08-06,2.27,2.37,0.04405286343612347,2026-08-07,,,,,,,,
SLJY,2026-08-06,28.66,29.9,0.04326587578506613,2026-08-07,,,,,,,,
SLM,2026-08-06,27.41,27.37,-0.0014593214155417256,2026-08-07,,,,,,,,
SLMT,2026-08-06,4.09,4.04,-0.012224938875305624,2026-08-07,,,,,,,,
SLN,2026-08-06,11.72,11.95,0.019624573378839383,2026-08-07,,,,,,,,
SLND,2026-08-06,0.61,0.58,-0.049180327868852514,2026-08-07,,,,,,,,
SLNG,2026-08-06,4.73,4.69,-0.008456659619450302,2026-08-07,,,,,,,,
SLNH,2026-08-06,1.16,1.17,0.008620689655172376,2026-08-07,,,,,,,,
SLNZ,2026-08-06,45.62,45.65,0.0006576063130205867,2026-08-07,,,,,,,,
SLON,2026-08-06,17.12,17.64,0.030373831775700966,2026-08-07,,,,,,,,
SLP,2026-08-06,18.34,18.32,-0.0010905125408942062,2026-08-07,,,,,,,,
SLQD,2026-08-06,50.06,50.11,0.0009988014382740218,2026-08-07,,,,,,,,
SLQT,2026-08-06,0.68,0.69,0.014705882352941124,2026-08-07,,,,,,,,
SLRC,2026-08-06,12.93,13.1,0.01314771848414531,2026-08-07,,,,,,,,
SLS,2026-08-06,11.7,12.01,0.026495726495726624,2026-08-07,,,,,,,,
SLSN,2026-08-06,1.03,1.07,0.03883495145631066,2026-08-07,,,,,,,,
SLSR,2026-08-06,7.9,8.02,0.015189873417721378,2026-08-07,,,,,,,,
SLTY,2026-08-06,21.65,21.38,-0.012471131639722799,2026-08-07,,,,,,,,
SLV,2026-08-06,55.85,57.5,0.029543419874664245,2026-08-07,,,,,,,,
SLVM,2026-08-06,37.78,41.07,0.08708311275807312,2026-08-07,,,,,,,,
SLVO,2026-08-06,66.04,67.78,0.02634766807995148,2026-08-07,,,,,,,,
SLVP,2026-08-06,33.92,36.16,0.06603773584905648,2026-08-07,,,,,,,,
SLVR,2026-08-06,54.6,57.94,0.06117216117216118,2026-08-07,,,,,,,,
SLVX,2026-08-06,14.36,15.21,0.05919220055710306,2026-08-07,,,,,,,,
SLVY,2026-08-06,21.09,21.64,0.026078710289236584,2026-08-07,,,,,,,,
SLWS,2026-08-06,101.11,101.17,0.0005934131144298416,2026-08-07,,,,,,,,
SLX,2026-08-06,108.8,110.02,0.011213235294117663,2026-08-07,,,,,,,,
SLXN,2026-08-06,1.79,1.87,0.04469273743016755,2026-08-07,,,,,,,,
SLYG,2026-08-06,117.41,118.08,0.005706498594668208,2026-08-07,,,,,,,,
SLYV,2026-08-06,110.02,111.0,0.008907471368841957,2026-08-07,,,,,,,,
SM,2026-08-06,28.7,28.88,0.006271777003484358,2026-08-07,,,,,,,,
SMA,2026-08-06,34.46,34.31,-0.004352872896111415,2026-08-07,,,,,,,,
SMAX,2026-08-06,28.12,28.15,0.001066856330014243,2026-08-07,,,,,,,,
SMAY,2026-08-06,28.49,28.65,0.005616005616005726,2026-08-07,,,,,,,,
SMB,2026-08-06,17.23,17.24,0.0005803830528148257,2026-08-07,,,,,,,,
SMBC,2026-08-06,77.91,77.15,-0.009754845334359996,2026-08-07,,,,,,,,
SMBK,2026-08-06,52.72,51.93,-0.014984825493171483,2026-08-07,,,,,,,,
SMBS,2026-08-06,24.97,25.0,0.0012014417300760805,2026-08-07,,,,,,,,
SMC,2026-08-06,30.71,30.35,-0.011722565939433438,2026-08-07,,,,,,,,
SMCC,2026-08-06,24.5,27.18,0.1093877551020408,2026-08-07,,,,,,,,
SMCF,2026-08-06,40.09,39.92,-0.004240458967323613,2026-08-07,,,,,,,,
SMCI,2026-08-06,29.38,31.13,0.0595643294758339,2026-08-07,,,,,,,,
SMCL,2026-08-06,11.02,12.31,0.11705989110707815,2026-08-07,,,,,,,,
SMCO,2026-08-06,30.43,30.58,0.004929346040091875,2026-08-07,,,,,,,,
SMCP,2026-08-06,25.99,26.17,0.006925740669488478,2026-08-07,,,,,,,,
SMCX,2026-08-06,7.96,8.89,0.1168341708542715,2026-08-07,,,,,,,,
SMCY,2026-08-06,4.53,4.72,0.04194260485651213,2026-08-07,,,,,,,,
SMCZ,2026-08-06,6.4,5.66,-0.11562499999999998,2026-08-07,,,,,,,,
SMDD,2026-08-06,7.62,7.32,-0.03937007874015741,2026-08-07,,,,,,,,
SMDV,2026-08-06,78.68,78.78,0.0012709710218605785,2026-08-07,,,,,,,,
SMDX,2026-08-06,27.13,27.45,0.01179506081828241,2026-08-07,,,,,,,,
SMFG,2026-08-06,25.73,25.74,0.00038865137971222374,2026-08-07,,,,,,,,
SMG,2026-08-06,62.06,62.91,0.013696422816628973,2026-08-07,,,,,,,,
SMH,2026-08-06,571.48,582.7,0.019633233009029194,2026-08-07,,,,,,,,
SMHB,2026-08-06,3.96,4.07,0.0277777777777779,2026-08-07,,,,,,,,
SMHC,2026-08-06,48.6,50.37,0.03641975308641965,2026-08-07,,,,,,,,
SMHD,2026-08-06,42.24,40.21,-0.048058712121212155,2026-08-07,,,,,,,,
SMHI,2026-08-06,9.45,9.52,0.007407407407407529,2026-08-07,,,,,,,,
SMHU,2026-08-06,28.7,29.97,0.044250871080139254,2026-08-07,,,,,,,,
SMHX,2026-08-06,58.76,59.88,0.019060585432266963,2026-08-07,,,,,,,,
SMID,2026-08-06,28.09,28.66,0.02029191883232473,2026-08-07,,,,,,,,
SMIG,2026-08-06,33.38,33.4,0.0005991611743558778,2026-08-07,,,,,,,,
SMIN,2026-08-06,71.54,71.89,0.004892367906066397,2026-08-07,,,,,,,,
SMIZ,2026-08-06,42.89,43.19,0.006994637444625695,2026-08-07,,,,,,,,
SMJF,2026-08-06,8.2,8.35,0.018292682926829285,2026-08-07,,,,,,,,
SMLF,2026-08-06,88.62,89.87,0.014105168133604185,2026-08-07,,,,,,,,
SMLL,2026-08-06,22.13,22.26,0.0058743786714867685,2026-08-07,,,,,,,,
SMLV,2026-08-06,160.88,160.99,0.0006837394331178359,2026-08-07,,,,,,,,
SMMD,2026-08-06,91.48,92.55,0.011696545693047566,2026-08-07,,,,,,,,
SMMT,2026-08-06,13.54,13.96,0.03101920236336797,2026-08-07,,,,,,,,
SMMU,2026-08-06,50.23,50.28,0.0009954210631097915,2026-08-07,,,,,,,,
SMMV,2026-08-06,47.2,47.42,0.004661016949152552,2026-08-07,,,,,,,,
SMN,2026-08-06,19.18,18.73,-0.023461939520333597,2026-08-07,,,,,,,,
SMOG,2026-08-06,137.73,140.25,0.018296667392724952,2026-08-07,,,,,,,,
SMOM,2026-08-06,28.65,28.75,0.003490401396160525,2026-08-07,,,,,,,,
SMOT,2026-08-06,40.32,40.77,0.011160714285714413,2026-08-07,,,,,,,,
SMOX,2026-08-06,30.57,30.87,0.00981354268891077,2026-08-07,,,,,,,,
SMP,2026-08-06,39.33,40.76,0.03635901347571835,2026-08-07,,,,,,,,
SMPL,2026-08-06,11.17,11.1,-0.006266786034019756,2026-08-07,,,,,,,,
SMR,2026-08-06,9.47,9.82,0.03695881731784589,2026-08-07,,,,,,,,
SMRF,2026-08-06,24.6,25.4,0.03252032520325199,2026-08-07,,,,,,,,
SMRI,2026-08-06,44.93,45.67,0.016470064544847673,2026-08-07,,,,,,,,
SMRT,2026-08-06,1.37,1.42,0.03649635036496335,2026-08-07,,,,,,,,
SMRX,2026-08-06,25.93,27.44,0.0582337061318936,2026-08-07,,,,,,,,
SMSI,2026-08-06,2.8,2.9,0.03571428571428581,2026-08-07,,,,,,,,
SMST,2026-08-06,55.04,51.6,-0.0625,2026-08-07,,,,,,,,
SMTC,2026-08-06,134.78,139.42,0.03442647277044064,2026-08-07,,,,,,,,
SMTG,2026-08-06,7.76,8.27,0.06572164948453607,2026-08-07,,,,,,,,
SMTH,2026-08-06,25.4,25.44,0.0015748031496063408,2026-08-07,,,,,,,,
SMTI,2026-08-06,34.09,34.1,0.00029334115576418185,2026-08-07,,,,,,,,
SMTK,2026-08-06,0.15,0.15,0.0,2026-08-07,,,,,,,,
SMU,2026-08-06,6.78,7.28,0.07374631268436582,2026-08-07,,,,,,,,
SMUP,2026-08-06,5.35,5.76,0.07663551401869162,2026-08-07,,,,,,,,
SMWB,2026-08-06,7.38,7.51,0.017615176151761558,2026-08-07,,,,,,,,
SMX,2026-08-06,16.79,15.99,-0.047647409172126176,2026-08-07,,,,,,,,
SMXT,2026-08-06,0.39,0.38,-0.02564102564102566,2026-08-07,,,,,,,,
SMYY,2026-08-06,6.23,6.16,-0.011235955056179803,2026-08-07,,,,,,,,
SMZ,2026-08-06,19.81,18.36,-0.07319535588086823,2026-08-07,,,,,,,,
SN,2026-08-06,179.93,185.52,0.03106763741455021,2026-08-07,,,,,,,,
SNA,2026-08-06,414.68,416.35,0.004027201697694549,2026-08-07,,,,,,,,
SNAG,2026-08-06,5.19,5.4,0.040462427745664664,2026-08-07,,,,,,,,
SNAL,2026-08-06,4.55,4.75,0.04395604395604402,2026-08-07,,,,,,,,
SNAP,2026-08-06,5.22,5.33,0.021072796934865856,2026-08-07,,,,,,,,
SNAV,2026-08-06,38.78,39.08,0.0077359463641051285,2026-08-07,,,,,,,,
SND,2026-08-06,4.42,4.52,0.02262443438914019,2026-08-07,,,,,,,,
SNDA,2026-08-06,40.36,40.3,-0.0014866204162538033,2026-08-07,,,,,,,,
SNDC,2026-08-06,5.26,4.86,-0.07604562737642573,2026-08-07,,,,,,,,
SNDG,2026-08-06,6.11,5.63,-0.07855973813420625,2026-08-07,,,,,,,,
SNDK,2026-08-06,1258.58,1212.21,-0.036843108900506794,2026-08-07,,,,,,,,
SNDL,2026-08-06,1.2,1.23,0.025000000000000133,2026-08-07,,,,,,,,
SNDQ,2026-08-06,27.8,29.82,0.07266187050359707,2026-08-07,,,,,,,,
SNDR,2026-08-06,35.22,35.63,0.011641113003975079,2026-08-07,,,,,,,,
SNDU,2026-08-06,15.5,14.16,-0.08645161290322578,2026-08-07,,,,,,,,
SNDX,2026-08-06,19.76,20.4,0.0323886639676112,2026-08-07,,,,,,,,
SNES,2026-08-06,1.27,1.29,0.015748031496062964,2026-08-07,,,,,,,,
SNEX,2026-08-06,66.72,65.84,-0.01318944844124692,2026-08-07,,,,,,,,
SNFCA,2026-08-06,9.63,9.64,0.0010384215991692258,2026-08-07,,,,,,,,
SNGX,2026-08-06,0.38,0.39,0.026315789473684292,2026-08-07,,,,,,,,
SNK,2026-08-06,30.83,21.0,-0.31884528057087247,2026-08-07,,,,,,,,
SNN,2026-08-06,29.69,30.11,0.014146177164028328,2026-08-07,,,,,,,,
SNOA,2026-08-06,1.25,1.44,0.1519999999999999,2026-08-07,,,,,,,,
SNOU,2026-08-06,62.34,67.37,0.08068655758742382,2026-08-07,,,,,,,,
SNOV,2026-08-06,27.36,27.44,0.0029239766081872176,2026-08-07,,,,,,,,
SNOW,2026-08-06,318.0,330.49,0.03927672955974848,2026-08-07,,,,,,,,
SNOY,2026-08-06,11.47,11.71,0.020924149956408122,2026-08-07,,,,,,,,
SNPD,2026-08-06,30.73,31.02,0.009437032216075503,2026-08-07,,,,,,,,
SNPE,2026-08-06,70.83,71.21,0.005364958350981164,2026-08-07,,,,,,,,
SNPG,2026-08-06,59.82,60.12,0.005015045135406071,2026-08-07,,,,,,,,
SNPS,2026-08-06,405.98,415.99,0.024656387014138526,2026-08-07,,,,,,,,
SNSR,2026-08-06,48.37,49.52,0.02377506719040734,2026-08-07,,,,,,,,
SNT,2026-08-06,1.86,1.85,-0.005376344086021501,2026-08-07,,,,,,,,
SNTG,2026-08-06,1.75,1.93,0.10285714285714276,2026-08-07,,,,,,,,
SNTH,2026-08-06,30.41,30.6,0.006247944755014778,2026-08-07,,,,,,,,
SNTI,2026-08-06,0.36,0.35,-0.02777777777777779,2026-08-07,,,,,,,,
SNTQ,2026-08-06,24.65,24.93,0.011359026369168301,2026-08-07,,,,,,,,
SNWV,2026-08-06,6.0,5.88,-0.020000000000000018,2026-08-07,,,,,,,,
SNX,2026-08-06,259.21,252.42,-0.026194977045638668,2026-08-07,,,,,,,,
SNXX,2026-08-06,9.84,9.11,-0.07418699186991873,2026-08-07,,,,,,,,
SNY,2026-08-06,42.89,43.46,0.013289811144788999,2026-08-07,,,,,,,,
SNYR,2026-08-06,0.16,0.17,0.0625,2026-08-07,,,,,,,,
SO,2026-08-06,92.9,92.69,-0.002260495156081843,2026-08-07,,,,,,,,
SOAR,2026-08-06,0.13,0.14,0.0769230769230771,2026-08-07,,,,,,,,
SOBO,2026-08-06,35.34,35.62,0.007923033389926282,2026-08-07,,,,,,,,
SOBR,2026-08-06,0.53,0.58,0.09433962264150941,2026-08-07,,,,,,,,
SOC,2026-08-06,4.79,4.75,-0.008350730688935326,2026-08-07,,,,,,,,
SOCA,2026-08-06,10.3,10.31,0.000970873786407811,2026-08-07,,,,,,,,
SOCL,2026-08-06,46.32,46.92,0.012953367875647714,2026-08-07,,,,,,,,
SOEZ,2026-08-06,12.58,12.8,0.01748807631160587,2026-08-07,,,,,,,,
SOFA,2026-08-06,14.52,14.94,0.02892561983471076,2026-08-07,,,,,,,,
SOFC,2026-08-06,22.55,23.13,0.025720620842571984,2026-08-07,,,,,,,,
SOFI,2026-08-06,18.1,18.38,0.015469613259668336,2026-08-07,,,,,,,,
SOFR,2026-08-06,100.32,100.2,-0.0011961722488037507,2026-08-07,,,,,,,,
SOFX,2026-08-06,9.79,10.09,0.0306435137895813,2026-08-07,,,,,,,,
SOGP,2026-08-06,12.74,12.62,-0.009419152276295195,2026-08-07,,,,,,,,
SOHU,2026-08-06,14.12,13.71,-0.029036827195467296,2026-08-07,,,,,,,,
SOLC,2026-08-06,14.61,14.85,0.01642710472279263,2026-08-07,,,,,,,,
SOLM,2026-08-06,7.85,8.02,0.021656050955414008,2026-08-07,,,,,,,,
SOLS,2026-08-06,62.18,60.96,-0.019620456738501102,2026-08-07,,,,,,,,
SOLT,2026-08-06,30.73,31.9,0.03807354376830463,2026-08-07,,,,,,,,
SOLV,2026-08-06,82.96,82.98,0.00024108003857303828,2026-08-07,,,,,,,,
SOLZ,2026-08-06,7.27,7.39,0.016506189821182904,2026-08-07,,,,,,,,
SON,2026-08-06,57.07,58.02,0.016646223935517845,2026-08-07,,,,,,,,
SONM,2026-08-06,3.96,3.78,-0.045454545454545525,2026-08-07,,,,,,,,
SONO,2026-08-06,15.45,15.64,0.012297734627831902,2026-08-07,,,,,,,,
SONY,2026-08-06,23.1,23.46,0.01558441558441559,2026-08-07,,,,,,,,
SOPH,2026-08-06,6.69,7.71,0.15246636771300448,2026-08-07,,,,,,,,
SOR,2026-08-06,46.58,46.79,0.004508372692142659,2026-08-07,,,,,,,,
SORA,2026-08-06,2.31,2.56,0.10822510822510822,2026-08-07,,,,,,,,
SORN,2026-08-06,10.04,10.06,0.0019920318725101804,2026-08-07,,,,,,,,
SOS,2026-08-06,0.8,0.81,0.012499999999999956,2026-08-07,,,,,,,,
SOTK,2026-08-06,5.42,5.27,-0.027675276752767597,2026-08-07,,,,,,,,
SOUL,2026-08-06,10.41,10.4,-0.0009606147934677622,2026-08-07,,,,,,,,
SOUN,2026-08-06,7.08,8.02,0.13276836158192085,2026-08-07,,,,,,,,
SOUX,2026-08-06,12.76,16.11,0.2625391849529781,2026-08-07,,,,,,,,
SOVF,2026-08-06,31.88,32.11,0.007214554579673793,2026-08-07,,,,,,,,
SOWG,2026-08-06,3.47,2.73,-0.21325648414985598,2026-08-07,,,,,,,,
SOXL,2026-08-06,132.33,140.25,0.05985037406483773,2026-08-07,,,,,,,,
SOXQ,2026-08-06,94.8,97.2,0.025316455696202667,2026-08-07,,,,,,,,
SOXS,2026-08-06,44.76,42.08,-0.05987488829311882,2026-08-07,,,,,,,,
SOXX,2026-08-06,532.52,543.27,0.020187035228723893,2026-08-07,,,,,,,,
SOXY,2026-08-06,92.14,93.55,0.015302800086824275,2026-08-07,,,,,,,,
SOYB,2026-08-06,25.03,25.05,0.0007990411506193507,2026-08-07,,,,,,,,
SPAB,2026-08-06,25.1,25.16,0.0023904382470119057,2026-08-07,,,,,,,,
SPAI,2026-08-06,4.39,4.57,0.0410022779043282,2026-08-07,,,,,,,,
SPAL,2026-08-06,10.63,13.97,0.31420507996237057,2026-08-07,,,,,,,,
SPAM,2026-08-06,43.79,44.48,0.015757022151176026,2026-08-07,,,,,,,,
SPAQ,2026-08-06,93.99,94.0,0.00010639429726566618,2026-08-07,,,,,,,,
SPAX,2026-08-06,6.36,8.39,0.3191823899371069,2026-08-07,,,,,,,,
SPB,2026-08-06,88.26,90.13,0.021187400861092165,2026-08-07,,,,,,,,
SPBC,2026-08-06,48.94,49.3,0.007355946056395668,2026-08-07,,,,,,,,
SPBO,2026-08-06,28.47,28.51,0.0014049877063577743,2026-08-07,,,,,,,,
SPBU,2026-08-06,30.83,31.04,0.006811547194291334,2026-08-07,,,,,,,,
SPBW,2026-08-06,29.11,29.16,0.00171762281003085,2026-08-07,,,,,,,,
SPBX,2026-08-06,29.7,29.75,0.0016835016835017313,2026-08-07,,,,,,,,
SPCB,2026-08-06,10.48,11.4,0.08778625954198471,2026-08-07,,,,,,,,
SPCE,2026-08-06,2.93,3.1,0.058020477815699634,2026-08-07,,,,,,,,
SPCF,2026-08-06,10.55,13.86,0.3137440758293837,2026-08-07,,,,,,,,
SPCG,2026-08-06,31.32,21.37,-0.3176883780332056,2026-08-07,,,,,,,,
SPCH,2026-08-06,6.3,8.28,0.3142857142857143,2026-08-07,,,,,,,,
SPCI,2026-08-06,23.23,24.59,0.05854498493327598,2026-08-07,,,,,,,,
SPCK,2026-08-06,22.08,22.02,-0.0027173913043477826,2026-08-07,,,,,,,,
SPCL,2026-08-06,25.47,30.36,0.19199057714958778,2026-08-07,,,,,,,,
SPCM,2026-08-06,10.79,14.18,0.314179796107507,2026-08-07,,,,,,,,
SPCQ,2026-08-06,23.05,15.8,-0.3145336225596529,2026-08-07,,,,,,,,
SPCT,2026-08-06,28.26,28.29,0.0010615711252652815,2026-08-07,,,,,,,,
SPCU,2026-08-06,8.44,11.11,0.31635071090047395,2026-08-07,,,,,,,,
SPCX,2026-08-06,114.92,133.11,0.15828402366863914,2026-08-07,,,,,,,,
SPD,2026-08-06,42.66,43.17,0.011954992967651235,2026-08-07,,,,,,,,
SPDF,2026-08-06,28.17,28.4,0.008164714235001647,2026-08-07,,,,,,,,
SPDG,2026-08-06,46.98,47.49,0.01085568326947639,2026-08-07,,,,,,,,
SPDN,2026-08-06,8.48,8.43,-0.005896226415094463,2026-08-07,,,,,,,,
SPDV,2026-08-06,40.38,40.8,0.010401188707280795,2026-08-07,,,,,,,,
SPDW,2026-08-06,51.11,51.65,0.01056544707493634,2026-08-07,,,,,,,,
SPE,2026-08-06,13.37,13.51,0.010471204188481797,2026-08-07,,,,,,,,
SPEG,2026-08-06,10.34,10.33,-0.0009671179883945502,2026-08-07,,,,,,,,
SPEM,2026-08-06,51.9,52.42,0.010019267822735989,2026-08-07,,,,,,,,
SPEU,2026-08-06,56.84,57.33,0.008620689655172376,2026-08-07,,,,,,,,
SPFF,2026-08-06,9.36,9.44,0.008547008547008517,2026-08-07,,,,,,,,
SPFI,2026-08-06,45.04,44.65,-0.00865896980461811,2026-08-07,,,,,,,,
SPG,2026-08-06,221.83,222.91,0.004868593066762683,2026-08-07,,,,,,,,
SPGI,2026-08-06,405.24,408.19,0.007279636758463992,2026-08-07,,,,,,,,
SPGM,2026-08-06,87.32,88.04,0.008245533669262617,2026-08-07,,,,,,,,
SPGP,2026-08-06,128.19,128.31,0.0009361104610343673,2026-08-07,,,,,,,,
SPH,2026-08-06,17.74,17.71,-0.0016910935738443378,2026-08-07,,,,,,,,
SPHB,2026-08-06,145.59,147.9,0.01586647434576549,2026-08-07,,,,,,,,
SPHD,2026-08-06,52.27,52.6,0.006313372871628031,2026-08-07,,,,,,,,
SPHL,2026-08-06,2.87,2.74,-0.04529616724738672,2026-08-07,,,,,,,,
SPHQ,2026-08-06,85.82,85.97,0.0017478443253322595,2026-08-07,,,,,,,,
SPHR,2026-08-06,154.23,159.54,0.03442909939700445,2026-08-07,,,,,,,,
SPHY,2026-08-06,23.23,23.28,0.002152389151958811,2026-08-07,,,,,,,,
SPIB,2026-08-06,33.11,33.16,0.0015101177891874151,2026-08-07,,,,,,,,
SPIN,2026-08-06,33.5,33.61,0.0032835820895522616,2026-08-07,,,,,,,,
SPIP,2026-08-06,25.04,25.09,0.0019968051118210983,2026-08-07,,,,,,,,
SPIR,2026-08-06,13.38,14.33,0.07100149476831086,2026-08-07,,,,,,,,
SPIT,2026-08-06,33.85,34.18,0.009748892171344226,2026-08-07,,,,,,,,
SPKL,2026-08-06,11.67,11.68,0.0008568980291345785,2026-08-07,,,,,,,,
SPLB,2026-08-06,21.48,21.53,0.002327746741154657,2026-08-07,,,,,,,,
SPLS,2026-08-06,55.69,55.97,0.005027832644999064,2026-08-07,,,,,,,,
SPLV,2026-08-06,76.26,76.21,-0.0006556517178076815,2026-08-07,,,,,,,,
SPMB,2026-08-06,21.96,22.03,0.0031876138433515333,2026-08-07,,,,,,,,
SPMC,2026-08-06,10.64,10.69,0.0046992481203007586,2026-08-07,,,,,,,,
SPMD,2026-08-06,67.25,68.17,0.013680297397769436,2026-08-07,,,,,,,,
SPMO,2026-08-06,149.1,149.69,0.003957075788061815,2026-08-07,,,,,,,,
SPNT,2026-08-06,23.64,23.03,-0.02580372250423013,2026-08-07,,,,,,,,
SPOG,2026-08-06,6.55,6.91,0.05496183206106875,2026-08-07,,,,,,,,
SPOK,2026-08-06,11.3,11.52,0.019469026548672552,2026-08-07,,,,,,,,
SPOT,2026-08-06,475.07,488.14,0.027511735112720315,2026-08-07,,,,,,,,
SPPL,2026-08-06,2.34,2.54,0.08547008547008561,2026-08-07,,,,,,,,
SPPP,2026-08-06,14.13,14.24,0.007784854918612805,2026-08-07,,,,,,,,
SPRB,2026-08-06,46.42,46.87,0.009694097371822474,2026-08-07,,,,,,,,
SPRC,2026-08-06,6.72,6.93,0.03125,2026-08-07,,,,,,,,
SPRE,2026-08-06,21.42,21.49,0.0032679738562089167,2026-08-07,,,,,,,,
SPRO,2026-08-06,1.27,1.26,-0.007874015748031482,2026-08-07,,,,,,,,
SPRU,2026-08-06,2.3,2.17,-0.05652173913043479,2026-08-07,,,,,,,,
SPRX,2026-08-06,46.92,48.82,0.04049445865302648,2026-08-07,,,,,,,,
SPRY,2026-08-06,5.55,6.16,0.1099099099099099,2026-08-07,,,,,,,,
SPSB,2026-08-06,29.87,29.91,0.0013391362571142373,2026-08-07,,,,,,,,
SPSC,2026-08-06,71.97,73.38,0.01959149645685687,2026-08-07,,,,,,,,
SPSK,2026-08-06,17.92,17.92,0.0,2026-08-07,,,,,,,,
SPSM,2026-08-06,57.5,57.91,0.007130434782608663,2026-08-07,,,,,,,,
SPT,2026-08-06,8.19,10.34,0.26251526251526247,2026-08-07,,,,,,,,
SPTB,2026-08-06,29.59,29.66,0.002365664075701268,2026-08-07,,,,,,,,
SPTE,2026-08-06,47.33,47.74,0.008662581871962782,2026-08-07,,,,,,,,
SPTI,2026-08-06,28.06,28.12,0.002138275124732747,2026-08-07,,,,,,,,
SPTL,2026-08-06,25.18,25.25,0.0027799841143765214,2026-08-07,,,,,,,,
SPTM,2026-08-06,93.26,93.89,0.006755307741797001,2026-08-07,,,,,,,,
SPTS,2026-08-06,28.9,28.92,0.0006920415224913601,2026-08-07,,,,,,,,
SPTU,2026-08-06,25.02,25.03,0.00039968025579550925,2026-08-07,,,,,,,,
SPTX,2026-08-06,23.09,23.62,0.022953659592897413,2026-08-07,,,,,,,,
SPUC,2026-08-06,50.22,50.44,0.004380724810832293,2026-08-07,,,,,,,,
SPUS,2026-08-06,58.68,59.16,0.008179959100204526,2026-08-07,,,,,,,,
SPUT,2026-08-06,28.63,28.79,0.005588543485854025,2026-08-07,,,,,,,,
SPUU,2026-08-06,226.3,229.05,0.012152010605391173,2026-08-07,,,,,,,,
SPVM,2026-08-06,77.28,77.35,0.0009057971014492239,2026-08-07,,,,,,,,
SPWH,2026-08-06,1.18,1.18,0.0,2026-08-07,,,,,,,,
SPWO,2026-08-06,32.83,33.19,0.010965580261955488,2026-08-07,,,,,,,,
SPWR,2026-08-06,0.24,0.27,0.12500000000000022,2026-08-07,,,,,,,,
SPXC,2026-08-06,214.16,215.68,0.007097497198356395,2026-08-07,,,,,,,,
SPXD,2026-08-06,29.47,29.64,0.00576857821513399,2026-08-07,,,,,,,,
SPXE,2026-08-06,82.85,83.39,0.006517803258901722,2026-08-07,,,,,,,,
SPXL,2026-08-06,291.2,296.33,0.017616758241758124,2026-08-07,,,,,,,,
SPXN,2026-08-06,84.1,84.71,0.007253269916765781,2026-08-07,,,,,,,,
SPXS,2026-08-06,24.37,23.96,-0.016823963890028715,2026-08-07,,,,,,,,
SPXT,2026-08-06,111.66,111.96,0.002686727565824887,2026-08-07,,,,,,,,
SPXU,2026-08-06,34.16,33.58,-0.016978922716627598,2026-08-07,,,,,,,,
SPXV,2026-08-06,84.35,84.91,0.00663900414937757,2026-08-07,,,,,,,,
SPXX,2026-08-06,18.89,19.15,0.01376389624139751,2026-08-07,,,,,,,,
SPY,2026-08-06,768.56,773.26,0.006115332570001186,2026-08-07,,,,,,,,
SPYA,2026-08-06,30.84,31.04,0.006485084306095956,2026-08-07,,,,,,,,
SPYC,2026-08-06,47.17,47.7,0.011235955056179803,2026-08-07,,,,,,,,
SPYD,2026-08-06,49.49,49.9,0.008284501919579634,2026-08-07,,,,,,,,
SPYG,2026-08-06,122.17,123.02,0.00695751821232693,2026-08-07,,,,,,,,
SPYH,2026-08-06,56.65,56.85,0.003530450132391838,2026-08-07,,,,,,,,
SPYI,2026-08-06,53.97,54.18,0.0038910505836575737,2026-08-07,,,,,,,,
SPYM,2026-08-06,90.47,91.01,0.005968829446225232,2026-08-07,,,,,,,,
SPYQ,2026-08-06,196.07,198.38,0.011781506604783942,2026-08-07,,,,,,,,
SPYT,2026-08-06,17.48,17.54,0.003432494279176135,2026-08-07,,,,,,,,
SPYU,2026-08-06,35.95,36.77,0.022809457579972214,2026-08-07,,,,,,,,
SPYV,2026-08-06,62.84,63.14,0.004774029280712799,2026-08-07,,,,,,,,
SPYX,2026-08-06,63.13,63.55,0.006652938381118245,2026-08-07,,,,,,,,
SQFT,2026-08-06,2.29,2.39,0.04366812227074246,2026-08-07,,,,,,,,
SQLT,2026-08-06,29.28,29.48,0.006830601092896238,2026-08-07,,,,,,,,
SQLV,2026-08-06,54.25,54.89,0.01179723502304153,2026-08-07,,,,,,,,
SQM,2026-08-06,72.45,71.95,-0.0069013112491372874,2026-08-07,,,,,,,,
SQMX,2026-08-06,34.62,34.67,0.0014442518775275026,2026-08-07,,,,,,,,
SQNS,2026-08-06,2.79,2.76,-0.010752688172043112,2026-08-07,,,,,,,,
SQQQ,2026-08-06,38.7,37.4,-0.033591731266150004,2026-08-07,,,,,,,,
SQS,2026-08-06,28.47,28.67,0.007024938531787983,2026-08-07,,,,,,,,
SR,2026-08-06,80.84,81.97,0.013978228599702991,2026-08-07,,,,,,,,
SRAD,2026-08-06,12.7,13.02,0.025196850393700787,2026-08-07,,,,,,,,
SRBK,2026-08-06,19.98,20.0,0.0010010010010010895,2026-08-07,,,,,,,,
SRCE,2026-08-06,89.34,88.01,-0.014886948735169048,2026-08-07,,,,,,,,
SRE,2026-08-06,84.35,83.88,-0.005572021339656175,2026-08-07,,,,,,,,
SRET,2026-08-06,22.24,22.45,0.009442446043165464,2026-08-07,,,,,,,,
SRFM,2026-08-06,0.81,0.86,0.061728395061728225,2026-08-07,,,,,,,,
SRG,2026-08-06,2.41,2.42,0.004149377593360981,2026-08-07,,,,,,,,
SRHQ,2026-08-06,49.27,49.8,0.010757052973411785,2026-08-07,,,,,,,,
SRHR,2026-08-06,59.36,59.71,0.005896226415094352,2026-08-07,,,,,,,,
SRI,2026-08-06,7.25,7.46,0.028965517241379413,2026-08-07,,,,,,,,
SRL,2026-08-06,5.68,5.72,0.007042253521126751,2026-08-07,,,,,,,,
SRLN,2026-08-06,40.4,40.44,0.000990099009900991,2026-08-07,,,,,,,,
SROI,2026-08-06,38.16,38.39,0.006027253668763111,2026-08-07,,,,,,,,
SRPT,2026-08-06,16.78,16.78,0.0,2026-08-07,,,,,,,,
SRRK,2026-08-06,52.64,52.92,0.005319148936170137,2026-08-07,,,,,,,,
SRS,2026-08-06,38.99,38.77,-0.005642472428827872,2026-08-07,,,,,,,,
SRTA,2026-08-06,5.59,5.79,0.035778175313059046,2026-08-07,,,,,,,,
SRTS,2026-08-06,2.98,3.07,0.030201342281879207,2026-08-07,,,,,,,,
SRTY,2026-08-06,21.88,21.2,-0.031078610603290646,2026-08-07,,,,,,,,
SRV,2026-08-06,46.5,46.37,-0.0027956989247311936,2026-08-07,,,,,,,,
SRVR,2026-08-06,31.49,31.79,0.009526833915528776,2026-08-07,,,,,,,,
SRXH,2026-08-06,1.43,1.59,0.1118881118881121,2026-08-07,,,,,,,,
SRZN,2026-08-06,21.64,25.62,0.18391866913123844,2026-08-07,,,,,,,,
SSAC,2026-08-06,10.04,10.04,0.0,2026-08-07,,,,,,,,
SSB,2026-08-06,108.55,108.12,-0.003961308152924836,2026-08-07,,,,,,,,
SSBI,2026-08-06,13.32,13.42,0.007507507507507505,2026-08-07,,,,,,,,
SSCP,2026-08-06,26.5,26.64,0.005283018867924483,2026-08-07,,,,,,,,
SSD,2026-08-06,193.44,198.29,0.02507237386269634,2026-08-07,,,,,,,,
SSEA,2026-08-06,10.31,10.31,0.0,2026-08-07,,,,,,,,
SSFI,2026-08-06,21.05,21.09,0.0019002375296912621,2026-08-07,,,,,,,,
SSG,2026-08-06,11.95,11.48,-0.03933054393305435,2026-08-07,,,,,,,,
SSII,2026-08-06,3.71,3.77,0.016172506738544534,2026-08-07,,,,,,,,
SSK,2026-08-06,9.82,9.97,0.015274949083503131,2026-08-07,,,,,,,,
SSL,2026-08-06,11.3,11.07,-0.020353982300885032,2026-08-07,,,,,,,,
SSM,2026-08-06,3.58,3.59,0.0027932960893854997,2026-08-07,,,,,,,,
SSMG,2026-08-06,26.7,27.39,0.02584269662921357,2026-08-07,,,,,,,,
SSMR,2026-08-06,15.43,16.07,0.04147764095917039,2026-08-07,,,,,,,,
SSNC,2026-08-06,79.84,79.23,-0.0076402805611222036,2026-08-07,,,,,,,,
SSO,2026-08-06,70.88,71.68,0.011286681715575675,2026-08-07,,,,,,,,
SSP,2026-08-06,2.95,3.32,0.12542372881355912,2026-08-07,,,,,,,,
SSPC,2026-08-06,18.63,12.81,-0.3123993558776167,2026-08-07,,,,,,,,
SSPY,2026-08-06,99.84,100.41,0.005709134615384581,2026-08-07,,,,,,,,
SSRM,2026-08-06,28.77,31.78,0.1046228710462287,2026-08-07,,,,,,,,
SSS,2026-08-06,20.59,20.69,0.004856726566294434,2026-08-07,,,,,,,,
SST,2026-08-06,1.66,1.67,0.006024096385542244,2026-08-07,,,,,,,,
SSTI,2026-08-06,7.76,7.92,0.020618556701030855,2026-08-07,,,,,,,,
SSTK,2026-08-06,5.91,5.96,0.008460236886632888,2026-08-07,,,,,,,,
SSUS,2026-08-06,56.16,56.49,0.005876068376068577,2026-08-07,,,,,,,,
SSXU,2026-08-06,36.13,36.52,0.010794353722668237,2026-08-07,,,,,,,,
SSYS,2026-08-06,8.75,8.91,0.01828571428571424,2026-08-07,,,,,,,,
ST,2026-08-06,46.33,46.67,0.007338657457371056,2026-08-07,,,,,,,,
STAA,2026-08-06,23.12,24.21,0.04714532871972321,2026-08-07,,,,,,,,
STAG,2026-08-06,36.8,37.3,0.013586956521739024,2026-08-07,,,,,,,,
STAK,2026-08-06,1.85,1.7,-0.08108108108108114,2026-08-07,,,,,,,,
STAX,2026-08-06,25.34,25.35,0.00039463299131803353,2026-08-07,,,,,,,,
STBA,2026-08-06,51.65,50.87,-0.015101645692158772,2026-08-07,,,,,,,,
STBF,2026-08-06,25.25,25.23,-0.0007920792079207928,2026-08-07,,,,,,,,
STBQ,2026-08-06,20.72,20.71,-0.0004826254826253429,2026-08-07,,,,,,,,
STC,2026-08-06,68.42,68.19,-0.003361590178310503,2026-08-07,,,,,,,,
STCE,2026-08-06,61.8,62.53,0.011812297734627997,2026-08-07,,,,,,,,
STDN,2026-08-06,8.2,8.44,0.029268292682926855,2026-08-07,,,,,,,,
STE,2026-08-06,231.78,237.47,0.024549141427215426,2026-08-07,,,,,,,,
STEM,2026-08-06,5.75,5.88,0.022608695652173827,2026-08-07,,,,,,,,
STEN,2026-08-06,28.22,28.32,0.003543586109142405,2026-08-07,,,,,,,,
STEP,2026-08-06,50.33,46.41,-0.07788595271210019,2026-08-07,,,,,,,,
STEW,2026-08-06,18.75,18.76,0.0005333333333334966,2026-08-07,,,,,,,,
STEX,2026-08-06,0.72,0.8,0.11111111111111116,2026-08-07,,,,,,,,
STFS,2026-08-06,3.6,3.51,-0.025000000000000133,2026-08-07,,,,,,,,
STG,2026-08-06,3.55,3.4,-0.04225352112676051,2026-08-07,,,,,,,,
STGW,2026-08-06,9.12,9.17,0.005482456140351033,2026-08-07,,,,,,,,
STHH,2026-08-06,10.79,11.3,0.04726598702502338,2026-08-07,,,,,,,,
STHO,2026-08-06,9.48,9.64,0.016877637130801704,2026-08-07,,,,,,,,
STI,2026-08-06,6.87,7.21,0.04949053857350805,2026-08-07,,,,,,,,
STIM,2026-08-06,2.25,2.38,0.057777777777777706,2026-08-07,,,,,,,,
STIP,2026-08-06,100.55,100.69,0.0013923421183490436,2026-08-07,,,,,,,,
STK,2026-08-06,51.51,52.42,0.01766647252960607,2026-08-07,,,,,,,,
STKE,2026-08-06,1.03,1.06,0.029126213592232997,2026-08-07,,,,,,,,
STKH,2026-08-06,2.55,1.88,-0.26274509803921564,2026-08-07,,,,,,,,
STKS,2026-08-06,1.72,1.68,-0.023255813953488413,2026-08-07,,,,,,,,
STLA,2026-08-06,5.55,5.52,-0.005405405405405461,2026-08-07,,,,,,,,
STLD,2026-08-06,261.48,262.45,0.003709652745907732,2026-08-07,,,,,,,,
STLN,2026-08-06,4.99,6.41,0.28456913827655317,2026-08-07,,,,,,,,
STLR,2026-08-06,18.9,19.06,0.00846560846560851,2026-08-07,,,,,,,,
STLU,2026-08-06,13.78,14.08,0.021770682148040787,2026-08-07,,,,,,,,
STM,2026-08-06,53.28,56.1,0.052927927927928,2026-08-07,,,,,,,,
STN,2026-08-06,73.11,73.51,0.005471207769115027,2026-08-07,,,,,,,,
STNC,2026-08-06,36.93,37.11,0.004874086108854536,2026-08-07,,,,,,,,
STNE,2026-08-06,11.08,10.6,-0.04332129963898923,2026-08-07,,,,,,,,
STNG,2026-08-06,76.38,76.08,-0.00392772977219169,2026-08-07,,,,,,,,
STOK,2026-08-06,31.93,32.71,0.024428437206388987,2026-08-07,,,,,,,,
STOT,2026-08-06,46.78,46.81,0.000641299700726794,2026-08-07,,,,,,,,
STOX,2026-08-06,32.13,32.28,0.00466853408029877,2026-08-07,,,,,,,,
STPZ,2026-08-06,52.54,52.59,0.0009516558812334708,2026-08-07,,,,,,,,
STRA,2026-08-06,82.46,84.88,0.029347562454523413,2026-08-07,,,,,,,,
STRC,2026-08-06,94.06,95.01,0.010099936210929306,2026-08-07,,,,,,,,
STRL,2026-08-06,536.08,547.06,0.020482017609311898,2026-08-07,,,,,,,,
STRN,2026-08-06,26.42,26.42,0.0,2026-08-07,,,,,,,,
STRO,2026-08-06,24.15,25.38,0.05093167701863366,2026-08-07,,,,,,,,
STRR,2026-08-06,11.48,11.3,-0.015679442508710784,2026-08-07,,,,,,,,
STRS,2026-08-06,19.77,19.32,-0.022761760242792084,2026-08-07,,,,,,,,
STRT,2026-08-06,86.82,86.39,-0.004952775858097169,2026-08-07,,,,,,,,
STRW,2026-08-06,14.44,14.17,-0.018698060941828243,2026-08-07,,,,,,,,
STRZ,2026-08-06,25.74,26.22,0.018648018648018683,2026-08-07,,,,,,,,
STSM,2026-08-06,18.17,18.01,-0.008805723720418324,2026-08-07,,,,,,,,
STT,2026-08-06,184.92,184.68,-0.0012978585334197934,2026-08-07,,,,,,,,
STTK,2026-08-06,7.16,7.27,0.015363128491620026,2026-08-07,,,,,,,,
STUB,2026-08-06,8.88,8.95,0.007882882882882747,2026-08-07,,,,,,,,
STVN,2026-08-06,20.29,20.27,-0.0009857072449481752,2026-08-07,,,,,,,,
STWD,2026-08-06,15.93,16.45,0.03264281230382915,2026-08-07,,,,,,,,
STX,2026-08-06,852.95,812.76,-0.0471188229087286,2026-08-07,,,,,,,,
STXD,2026-08-06,40.93,41.11,0.004397752259956089,2026-08-07,,,,,,,,
STXE,2026-08-06,47.57,48.03,0.00966996005886056,2026-08-07,,,,,,,,
STXF,2026-08-06,49.6,49.9,0.006048387096774244,2026-08-07,,,,,,,,
STXG,2026-08-06,56.53,56.99,0.008137272244825855,2026-08-07,,,,,,,,
STXK,2026-08-06,38.89,39.2,0.007971200822833646,2026-08-07,,,,,,,,
STXL,2026-08-06,34.07,30.73,-0.09803346052245376,2026-08-07,,,,,,,,
STXS,2026-08-06,1.36,1.42,0.04411764705882337,2026-08-07,,,,,,,,
STXT,2026-08-06,19.49,19.53,0.0020523345305285545,2026-08-07,,,,,,,,
STXU,2026-08-06,12.79,11.69,-0.08600469116497256,2026-08-07,,,,,,,,
STXV,2026-08-06,39.01,39.2,0.004870546013842736,2026-08-07,,,,,,,,
STXX,2026-08-06,42.53,38.5,-0.09475664237009174,2026-08-07,,,,,,,,
STYL,2026-08-06,27.34,27.54,0.007315288953913646,2026-08-07,,,,,,,,
STZ,2026-08-06,132.52,135.76,0.024449139752489968,2026-08-07,,,,,,,,
SU,2026-08-06,61.35,60.1,-0.02037489812550941,2026-08-07,,,,,,,,
SUB,2026-08-06,106.22,106.26,0.0003765769158350363,2026-08-07,,,,,,,,
SUGP,2026-08-06,1.96,2.08,0.061224489795918435,2026-08-07,,,,,,,,
SUI,2026-08-06,120.32,120.44,0.0009973404255319007,2026-08-07,,,,,,,,
SUIG,2026-08-06,0.9,0.85,-0.05555555555555558,2026-08-07,,,,,,,,
SUIL,2026-08-06,5.45,5.41,-0.007339449541284404,2026-08-07,,,,,,,,
SUIS,2026-08-06,17.5,17.48,-0.0011428571428571122,2026-08-07,,,,,,,,
SUJA,2026-08-06,6.35,6.26,-0.014173228346456623,2026-08-07,,,,,,,,
SUMA,2026-08-06,9.89,9.9,0.0010111223458038054,2026-08-07,,,,,,,,
SUN,2026-08-06,73.58,70.57,-0.040907855395488024,2026-08-07,,,,,,,,
SUNB,2026-08-06,80.92,81.08,0.001977261492832394,2026-08-07,,,,,,,,
SUNC,2026-08-06,73.05,70.61,-0.033401779603011605,2026-08-07,,,,,,,,
SUNE,2026-08-06,2.47,2.62,0.06072874493927127,2026-08-07,,,,,,,,
SUNS,2026-08-06,7.85,7.8,-0.006369426751592355,2026-08-07,,,,,,,,
SUPL,2026-08-06,46.55,47.0,0.009667024704618665,2026-08-07,,,,,,,,
SUPN,2026-08-06,46.76,47.64,0.018819503849444086,2026-08-07,,,,,,,,
SUPP,2026-08-06,82.91,83.48,0.006874924617054745,2026-08-07,,,,,,,,
SUPV,2026-08-06,8.72,8.6,-0.013761467889908396,2026-08-07,,,,,,,,
SUPX,2026-08-06,6.52,6.65,0.019938650306748684,2026-08-07,,,,,,,,
SURE,2026-08-06,151.17,151.54,0.0024475755771649066,2026-08-07,,,,,,,,
SURG,2026-08-06,0.32,0.29,-0.09375000000000011,2026-08-07,,,,,,,,
SURI,2026-08-06,18.27,18.36,0.004926108374384119,2026-08-07,,,,,,,,
SUSA,2026-08-06,157.79,158.79,0.00633753723303121,2026-08-07,,,,,,,,
SUSB,2026-08-06,24.82,24.86,0.0016116035455278066,2026-08-07,,,,,,,,
SUSC,2026-08-06,22.69,22.73,0.0017628911414719894,2026-08-07,,,,,,,,
SUSL,2026-08-06,137.13,137.93,0.005833880259607849,2026-08-07,,,,,,,,
SUZ,2026-08-06,8.25,8.22,-0.0036363636363635488,2026-08-07,,,,,,,,
SVAL,2026-08-06,43.53,44.0,0.01079715138984616,2026-08-07,,,,,,,,
SVAQ,2026-08-06,10.02,10.02,0.0,2026-08-07,,,,,,,,
SVC,2026-08-06,8.45,8.23,-0.026035502958579704,2026-08-07,,,,,,,,
SVCC,2026-08-06,10.62,10.62,0.0,2026-08-07,,,,,,,,
SVCO,2026-08-06,8.61,7.65,-0.11149825783972112,2026-08-07,,,,,,,,
SVIV,2026-08-06,10.2,10.2,0.0,2026-08-07,,,,,,,,
SVIX,2026-08-06,25.38,25.25,-0.005122143420015712,2026-08-07,,,,,,,,
SVM,2026-08-06,10.79,11.45,0.06116774791473589,2026-08-07,,,,,,,,
SVOL,2026-08-06,15.94,16.0,0.0037641154328733606,2026-08-07,,,,,,,,
SVRA,2026-08-06,5.79,5.83,0.006908462867012188,2026-08-07,,,,,,,,
SVRE,2026-08-06,3.86,3.7,-0.041450777202072464,2026-08-07,,,,,,,,
SVRN,2026-08-06,6.15,6.25,0.016260162601625883,2026-08-07,,,,,,,,
SVV,2026-08-06,10.91,12.22,0.12007332722273145,2026-08-07,,,,,,,,
SVXY,2026-08-06,59.5,59.36,-0.0023529411764705577,2026-08-07,,,,,,,,
SW,2026-08-06,46.93,48.28,0.028766247602812767,2026-08-07,,,,,,,,
SWAG,2026-08-06,1.98,1.96,-0.010101010101010055,2026-08-07,,,,,,,,
SWAN,2026-08-06,33.5,33.7,0.005970149253731405,2026-08-07,,,,,,,,
SWBI,2026-08-06,14.55,14.25,-0.020618556701030966,2026-08-07,,,,,,,,
SWIM,2026-08-06,7.22,7.48,0.03601108033241007,2026-08-07,,,,,,,,
SWK,2026-08-06,101.04,103.89,0.028206650831353874,2026-08-07,,,,,,,,
SWKS,2026-08-06,66.84,70.62,0.0565529622980252,2026-08-07,,,,,,,,
SWMR,2026-08-06,34.6,36.6,0.05780346820809257,2026-08-07,,,,,,,,
SWP,2026-08-06,29.1,29.26,0.005498281786941561,2026-08-07,,,,,,,,
SWVL,2026-08-06,1.41,1.37,-0.028368794326240954,2026-08-07,,,,,,,,
SWX,2026-08-06,92.4,92.09,-0.003354978354978333,2026-08-07,,,,,,,,
SWZ,2026-08-06,5.94,5.97,0.005050505050504972,2026-08-07,,,,,,,,
SXC,2026-08-06,9.6,9.39,-0.021874999999999867,2026-08-07,,,,,,,,
SXI,2026-08-06,337.63,340.12,0.007374937061280118,2026-08-07,,,,,,,,
SXQG,2026-08-06,33.12,33.44,0.009661835748792313,2026-08-07,,,,,,,,
SXT,2026-08-06,128.5,129.87,0.01066147859922184,2026-08-07,,,,,,,,
SXTC,2026-08-06,0.05,0.05,0.0,2026-08-07,,,,,,,,
SXTP,2026-08-06,1.15,1.12,-0.02608695652173898,2026-08-07,,,,,,,,
SY,2026-08-06,2.11,2.18,0.0331753554502372,2026-08-07,,,,,,,,
SYBT,2026-08-06,83.93,83.58,-0.00417014178482078,2026-08-07,,,,,,,,
SYF,2026-08-06,78.67,78.59,-0.001016906063302403,2026-08-07,,,,,,,,
SYFI,2026-08-06,35.58,35.66,0.0022484541877458852,2026-08-07,,,,,,,,
SYK,2026-08-06,337.43,339.03,0.004741724209465614,2026-08-07,,,,,,,,
SYLD,2026-08-06,84.38,84.82,0.0052145058070631745,2026-08-07,,,,,,,,
SYM,2026-08-06,39.6,40.18,0.014646464646464574,2026-08-07,,,,,,,,
SYNA,2026-08-06,102.1,106.19,0.04005876591576896,2026-08-07,,,,,,,,
SYNX,2026-08-06,1.07,1.02,-0.04672897196261683,2026-08-07,,,,,,,,
SYPR,2026-08-06,2.08,2.03,-0.024038461538461675,2026-08-07,,,,,,,,
SYRE,2026-08-06,103.42,104.91,0.014407271320827642,2026-08-07,,,,,,,,
SYSB,2026-08-06,87.19,87.36,0.0019497648812938362,2026-08-07,,,,,,,,
SYY,2026-08-06,84.35,84.29,-0.0007113218731474857,2026-08-07,,,,,,,,
SYZ,2026-08-06,30.75,31.06,0.010081300813008065,2026-08-07,,,,,,,,
SZK,2026-08-06,21.05,21.01,-0.0019002375296911511,2026-08-07,,,,,,,,
SZZL,2026-08-06,10.39,10.39,0.0,2026-08-07,,,,,,,,
T,2026-08-06,23.71,23.79,0.003374103753690294,2026-08-07,,,,,,,,
TABD,2026-08-06,24.66,24.7,0.0016220600162206722,2026-08-07,,,,,,,,
TAC,2026-08-06,12.48,12.43,-0.004006410256410353,2026-08-07,,,,,,,,
TACH,2026-08-06,10.44,10.45,0.0009578544061301653,2026-08-07,,,,,,,,
TACK,2026-08-06,32.17,32.29,0.003730183400683762,2026-08-07,,,,,,,,
TACN,2026-08-06,29.28,29.58,0.010245901639344135,2026-08-07,,,,,,,,
TACO,2026-08-06,10.44,10.44,0.0,2026-08-07,,,,,,,,
TACT,2026-08-06,5.68,5.7,0.0035211267605634866,2026-08-07,,,,,,,,
TACU,2026-08-06,28.12,28.31,0.006756756756756577,2026-08-07,,,,,,,,
TAFI,2026-08-06,25.04,25.08,0.0015974440894568342,2026-08-07,,,,,,,,
TAFL,2026-08-06,24.75,24.83,0.003232323232323253,2026-08-07,,,,,,,,
TAFM,2026-08-06,25.18,25.26,0.003177124702144596,2026-08-07,,,,,,,,
TAGG,2026-08-06,41.92,41.97,0.0011927480916029687,2026-08-07,,,,,,,,
TAGS,2026-08-06,25.05,25.4,0.013972055888223478,2026-08-07,,,,,,,,
TAIL,2026-08-06,10.35,10.36,0.0009661835748790981,2026-08-07,,,,,,,,
TAJX,2026-08-06,26.58,26.79,0.007900677200902928,2026-08-07,,,,,,,,
TAK,2026-08-06,17.02,17.45,0.02526439482961229,2026-08-07,,,,,,,,
TAL,2026-08-06,12.46,12.38,-0.006420545746388395,2026-08-07,,,,,,,,
TALK,2026-08-06,5.21,5.22,0.0019193857965451588,2026-08-07,,,,,,,,
TALO,2026-08-06,14.08,14.38,0.02130681818181812,2026-08-07,,,,,,,,
TALV,2026-08-06,29.29,29.45,0.005462615227040057,2026-08-07,,,,,,,,
TAN,2026-08-06,51.25,52.75,0.029268292682926855,2026-08-07,,,,,,,,
TANH,2026-08-06,0.42,0.42,0.0,2026-08-07,,,,,,,,
TAOP,2026-08-06,0.76,0.72,-0.052631578947368474,2026-08-07,,,,,,,,
TAOX,2026-08-06,3.44,3.37,-0.02034883720930225,2026-08-07,,,,,,,,
TAOZ,2026-08-06,90.81,92.19,0.015196564255038014,2026-08-07,,,,,,,,
TAP,2026-08-06,42.41,43.37,0.02263617071445423,2026-08-07,,,,,,,,
TAPR,2026-08-06,26.67,26.68,0.0003749531308585574,2026-08-07,,,,,,,,
TARA,2026-08-06,4.1,4.12,0.004878048780487809,2026-08-07,,,,,,,,
TARK,2026-08-06,41.27,45.28,0.09716501090380425,2026-08-07,,,,,,,,
TARS,2026-08-06,65.33,64.79,-0.008265727843257187,2026-08-07,,,,,,,,
TASK,2026-08-06,7.82,7.3,-0.06649616368286448,2026-08-07,,,,,,,,
TATT,2026-08-06,39.89,39.64,-0.006267234895963925,2026-08-07,,,,,,,,
TAVI,2026-08-06,10.68,10.68,0.0,2026-08-07,,,,,,,,
TAX,2026-08-06,31.58,32.04,0.014566181127295685,2026-08-07,,,,,,,,
TAXE,2026-08-06,50.53,50.62,0.0017811201266573207,2026-08-07,,,,,,,,
TAXF,2026-08-06,49.87,50.02,0.0030078203328656183,2026-08-07,,,,,,,,
TAXI,2026-08-06,50.67,50.76,0.001776198934280604,2026-08-07,,,,,,,,
TAXM,2026-08-06,49.6,49.71,0.0022177419354838523,2026-08-07,,,,,,,,
TAXS,2026-08-06,50.17,50.21,0.0007972892166632217,2026-08-07,,,,,,,,
TAXT,2026-08-06,50.83,50.96,0.002557544757033403,2026-08-07,,,,,,,,
TAXX,2026-08-06,50.44,50.48,0.0007930214115781098,2026-08-07,,,,,,,,
TAYD,2026-08-06,53.13,54.24,0.020892151326934005,2026-08-07,,,,,,,,
TBBB,2026-08-06,40.67,40.8,0.0031964593066140523,2026-08-07,,,,,,,,
TBBK,2026-08-06,70.75,69.64,-0.01568904593639575,2026-08-07,,,,,,,,
TBCH,2026-08-06,12.55,13.95,0.11155378486055767,2026-08-07,,,,,,,,
TBF,2026-08-06,25.31,25.24,-0.0027657052548399896,2026-08-07,,,,,,,,
TBFC,2026-08-06,29.41,29.52,0.0037402244134647766,2026-08-07,,,,,,,,
TBFG,2026-08-06,32.9,33.1,0.006079027355623268,2026-08-07,,,,,,,,
TBG,2026-08-06,38.28,38.53,0.0065308254963427625,2026-08-07,,,,,,,,
TBI,2026-08-06,10.2,10.2,0.0,2026-08-07,,,,,,,,
TBIL,2026-08-06,49.89,49.91,0.0004008819402685493,2026-08-07,,,,,,,,
TBJL,2026-08-06,19.0,19.05,0.0026315789473685403,2026-08-07,,,,,,,,
TBLA,2026-08-06,4.04,4.1,0.014851485148514865,2026-08-07,,,,,,,,
TBLD,2026-08-06,22.11,22.32,0.009497964721845387,2026-08-07,,,,,,,,
TBLL,2026-08-06,105.65,105.7,0.0004732607666824151,2026-08-07,,,,,,,,
TBLU,2026-08-06,52.76,52.97,0.003980288097043205,2026-08-07,,,,,,,,
TBN,2026-08-06,33.22,33.61,0.011739915713425697,2026-08-07,,,,,,,,
TBPH,2026-08-06,16.92,16.93,0.0005910165484632746,2026-08-07,,,,,,,,
TBT,2026-08-06,38.08,37.83,-0.006565126050420145,2026-08-07,,,,,,,,
TBUX,2026-08-06,49.83,49.85,0.00040136463977535897,2026-08-07,,,,,,,,
TBX,2026-08-06,28.77,28.73,-0.0013903371567605127,2026-08-07,,,,,,,,
TBXU,2026-08-06,35.64,36.58,0.026374859708192977,2026-08-07,,,,,,,,
TC,2026-08-06,1.96,1.91,-0.025510204081632626,2026-08-07,,,,,,,,
TCAF,2026-08-06,42.79,42.85,0.0014021967749475728,2026-08-07,,,,,,,,
TCAI,2026-08-06,46.9,47.25,0.007462686567164312,2026-08-07,,,,,,,,
TCAL,2026-08-06,23.01,23.1,0.003911342894393766,2026-08-07,,,,,,,,
TCAN,2026-08-06,16.05,15.58,-0.0292834890965733,2026-08-07,,,,,,,,
TCBI,2026-08-06,99.49,99.33,-0.0016082018293295253,2026-08-07,,,,,,,,
TCBK,2026-08-06,57.54,57.27,-0.004692387904066675,2026-08-07,,,,,,,,
TCBS,2026-08-06,17.43,17.43,0.0,2026-08-07,,,,,,,,
TCBX,2026-08-06,44.22,44.31,0.002035278154681297,2026-08-07,,,,,,,,
TCGX,2026-08-06,11.76,12.7,0.07993197278911568,2026-08-07,,,,,,,,
TCHI,2026-08-06,24.02,24.58,0.023313905079100694,2026-08-07,,,,,,,,
TCHP,2026-08-06,51.03,51.54,0.009994121105232123,2026-08-07,,,,,,,,
TCI,2026-08-06,40.14,36.77,-0.08395615346287988,2026-08-07,,,,,,,,
TCMD,2026-08-06,28.86,29.5,0.022176022176022103,2026-08-07,,,,,,,,
TCOM,2026-08-06,46.24,46.14,-0.0021626297577854725,2026-08-07,,,,,,,,
TCPB,2026-08-06,50.04,50.13,0.0017985611510791255,2026-08-07,,,,,,,,
TCPC,2026-08-06,3.9,4.11,0.05384615384615388,2026-08-07,,,,,,,,
TCRT,2026-08-06,1.99,1.99,0.0,2026-08-07,,,,,,,,
TCRX,2026-08-06,0.76,0.8,0.05263157894736836,2026-08-07,,,,,,,,
TCV,2026-08-06,32.85,33.39,0.016438356164383494,2026-08-07,,,,,,,,
TCX,2026-08-06,14.07,15.68,0.11442786069651745,2026-08-07,,,,,,,,
TD,2026-08-06,121.18,121.31,0.0010727842878361926,2026-08-07,,,,,,,,
TDAC,2026-08-06,10.87,10.86,-0.0009199632014719183,2026-08-07,,,,,,,,
TDAQ,2026-08-06,27.08,27.44,0.013293943870014813,2026-08-07,,,,,,,,
TDAX,2026-08-06,23.98,24.36,0.015846538782318564,2026-08-07,,,,,,,,
TDAY,2026-08-06,8.0,7.25,-0.09375,2026-08-07,,,,,,,,
TDC,2026-08-06,26.95,27.39,0.01632653061224487,2026-08-07,,,,,,,,
TDCL,2026-08-06,13.37,14.11,0.05534779356768893,2026-08-07,,,,,,,,
TDEC,2026-08-06,26.36,26.53,0.00644916540212459,2026-08-07,,,,,,,,
TDF,2026-08-06,10.92,11.13,0.019230769230769384,2026-08-07,,,,,,,,
TDG,2026-08-06,1262.07,1225.25,-0.029174293026535736,2026-08-07,,,,,,,,
TDI,2026-08-06,46.06,46.48,0.009118541033434457,2026-08-07,,,,,,,,
TDIC,2026-08-06,2.67,2.72,0.01872659176029967,2026-08-07,,,,,,,,
TDIV,2026-08-06,115.62,117.04,0.012281612177823975,2026-08-07,,,,,,,,
TDOC,2026-08-06,6.68,7.13,0.06736526946107779,2026-08-07,,,,,,,,
TDOG,2026-08-06,13.82,14.04,0.015918958031837738,2026-08-07,,,,,,,,
TDOT,2026-08-06,9.87,9.77,-0.010131712259371817,2026-08-07,,,,,,,,
TDS,2026-08-06,36.0,32.98,-0.08388888888888901,2026-08-07,,,,,,,,
TDSB,2026-08-06,24.61,24.74,0.005282405526208844,2026-08-07,,,,,,,,
TDSC,2026-08-06,28.04,28.24,0.007132667617689048,2026-08-07,,,,,,,,
TDTF,2026-08-06,23.29,23.33,0.0017174753112922936,2026-08-07,,,,,,,,
TDTH,2026-08-06,2.44,2.35,-0.03688524590163933,2026-08-07,,,,,,,,
TDTT,2026-08-06,23.51,23.54,0.0012760527435133895,2026-08-07,,,,,,,,
TDUP,2026-08-06,3.11,3.21,0.032154340836012985,2026-08-07,,,,,,,,
TDV,2026-08-06,102.76,104.0,0.012066952121448038,2026-08-07,,,,,,,,
TDVG,2026-08-06,50.53,50.64,0.002176924599248009,2026-08-07,,,,,,,,
TDVI,2026-08-06,31.63,32.01,0.012013910844135278,2026-08-07,,,,,,,,
TDW,2026-08-06,81.57,82.84,0.015569449552531589,2026-08-07,,,,,,,,
TDWD,2026-08-06,10.06,10.06,0.0,2026-08-07,,,,,,,,
TDY,2026-08-06,687.52,691.3,0.0054980218757272326,2026-08-07,,,,,,,,
TE,2026-08-06,5.55,5.85,0.054054054054053946,2026-08-07,,,,,,,,
TEAD,2026-08-06,0.7,0.69,-0.014285714285714346,2026-08-07,,,,,,,,
TEAM,2026-08-06,110.17,149.07,0.3530906780430243,2026-08-07,,,,,,,,
TEC,2026-08-06,33.21,33.81,0.01806684733513997,2026-08-07,,,,,,,,
TECB,2026-08-06,72.99,74.05,0.014522537333881314,2026-08-07,,,,,,,,
TECH,2026-08-06,71.9,72.29,0.0054242002781641485,2026-08-07,,,,,,,,
TECK,2026-08-06,66.12,66.47,0.005293405928614492,2026-08-07,,,,,,,,
TECL,2026-08-06,203.42,211.64,0.04040900599744379,2026-08-07,,,,,,,,
TECS,2026-08-06,62.87,60.22,-0.042150469222204556,2026-08-07,,,,,,,,
TECX,2026-08-06,30.22,30.98,0.025148908007941895,2026-08-07,,,,,,,,
TECY,2026-08-06,22.41,22.21,-0.008924587237840176,2026-08-07,,,,,,,,
TEI,2026-08-06,6.74,6.8,0.008902077151335286,2026-08-07,,,,,,,,
TEK,2026-08-06,38.1,38.6,0.013123359580052396,2026-08-07,,,,,,,,
TEKX,2026-08-06,65.2,65.0,-0.0030674846625767804,2026-08-07,,,,,,,,
TEKY,2026-08-06,44.55,45.27,0.016161616161616266,2026-08-07,,,,,,,,
TEL,2026-08-06,215.08,216.33,0.00581179096150275,2026-08-07,,,,,,,,
TELA,2026-08-06,0.86,0.87,0.011627906976744207,2026-08-07,,,,,,,,
TELG,2026-08-06,14.37,14.47,0.00695894224077942,2026-08-07,,,,,,,,
TELO,2026-08-06,1.17,1.16,-0.008547008547008517,2026-08-07,,,,,,,,
TEM,2026-08-06,46.12,52.05,0.12857762359063307,2026-08-07,,,,,,,,
TEMC,2026-08-06,13.41,16.93,0.2624906785980612,2026-08-07,,,,,,,,
TEMD,2026-08-06,24.76,24.85,0.003634894991922488,2026-08-07,,,,,,,,
TEMT,2026-08-06,14.56,18.41,0.26442307692307687,2026-08-07,,,,,,,,
TEMX,2026-08-06,35.69,35.77,0.0022415242364810517,2026-08-07,,,,,,,,
TEN,2026-08-06,39.06,39.14,0.0020481310803890374,2026-08-07,,,,,,,,
TENB,2026-08-06,36.17,36.38,0.005805916505391195,2026-08-07,,,,,,,,
TEND,2026-08-06,27.79,27.87,0.0028787333573228047,2026-08-07,,,,,,,,
TENJ,2026-08-06,28.22,28.31,0.003189227498228142,2026-08-07,,,,,,,,
TENM,2026-08-06,27.49,27.55,0.00218261185885793,2026-08-07,,,,,,,,
TENX,2026-08-06,13.31,13.44,0.009767092411720357,2026-08-07,,,,,,,,
TEO,2026-08-06,13.8,13.83,0.0021739130434781373,2026-08-07,,,,,,,,
TEQI,2026-08-06,52.67,52.85,0.003417505221188444,2026-08-07,,,,,,,,
TER,2026-08-06,384.89,379.31,-0.014497648678843289,2026-08-07,,,,,,,,
TERC,2026-08-06,23.89,22.96,-0.03892842193386348,2026-08-07,,,,,,,,
TERG,2026-08-06,43.85,42.76,-0.024857468643101566,2026-08-07,,,,,,,,
TESC,2026-08-06,16.92,17.83,0.05378250591016531,2026-08-07,,,,,,,,
TESL,2026-08-06,12.51,12.89,0.0303756994404476,2026-08-07,,,,,,,,
TEST,2026-08-06,35.35,36.07,0.020367751060820227,2026-08-07,,,,,,,,
TETH,2026-08-06,9.52,9.56,0.004201680672269115,2026-08-07,,,,,,,,
TEUP,2026-08-06,4.32,4.78,0.1064814814814814,2026-08-07,,,,,,,,
TEVA,2026-08-06,34.81,35.36,0.015800057454754324,2026-08-07,,,,,,,,
TEX,2026-08-06,65.35,67.73,0.03641928079571555,2026-08-07,,,,,,,,
TEXN,2026-08-06,32.17,32.37,0.006216972334472937,2026-08-07,,,,,,,,
TEXU,2026-08-06,37.58,36.66,-0.02448110697179351,2026-08-07,,,,,,,,
TEXX,2026-08-06,29.38,29.31,-0.0023825731790333426,2026-08-07,,,,,,,,
TFC,2026-08-06,52.59,52.35,-0.00456360524814603,2026-08-07,,,,,,,,
TFFI,2026-08-06,20.15,20.09,-0.0029776674937964653,2026-08-07,,,,,,,,
TFGZ,2026-08-06,37.07,37.59,0.014027515511195077,2026-08-07,,,,,,,,
TFI,2026-08-06,44.94,45.06,0.002670226969292422,2026-08-07,,,,,,,,
TFII,2026-08-06,137.53,140.46,0.021304442667054557,2026-08-07,,,,,,,,
TFIN,2026-08-06,75.78,76.01,0.003035101609923485,2026-08-07,,,,,,,,
TFJL,2026-08-06,18.85,18.86,0.0005305039787797394,2026-08-07,,,,,,,,
TFLO,2026-08-06,50.53,50.55,0.00039580447259046636,2026-08-07,,,,,,,,
TFLR,2026-08-06,50.62,50.65,0.0005926511260372358,2026-08-07,,,,,,,,
TFNS,2026-08-06,29.75,29.59,-0.005378151260504227,2026-08-07,,,,,,,,
TFPM,2026-08-06,32.11,32.62,0.015882902522578624,2026-08-07,,,,,,,,
TFPN,2026-08-06,29.37,29.59,0.0074906367041198685,2026-08-07,,,,,,,,
TFSL,2026-08-06,17.86,17.59,-0.01511758118701001,2026-08-07,,,,,,,,
TFX,2026-08-06,138.89,134.98,-0.028151774785801664,2026-08-07,,,,,,,,
TG,2026-08-06,7.75,8.89,0.1470967741935485,2026-08-07,,,,,,,,
TGB,2026-08-06,8.24,8.32,0.009708737864077666,2026-08-07,,,,,,,,
TGE,2026-08-06,0.93,0.95,0.021505376344086002,2026-08-07,,,,,,,,
TGEN,2026-08-06,3.73,3.89,0.04289544235924936,2026-08-07,,,,,,,,
TGHL,2026-08-06,0.83,0.82,-0.012048192771084376,2026-08-07,,,,,,,,
TGL,2026-08-06,2.88,3.09,0.07291666666666674,2026-08-07,,,,,,,,
TGLB,2026-08-06,30.38,30.57,0.006254114549045564,2026-08-07,,,,,,,,
TGLR,2026-08-06,41.25,41.4,0.0036363636363636598,2026-08-07,,,,,,,,
TGLS,2026-08-06,44.47,44.14,-0.007420733078479791,2026-08-07,,,,,,,,
TGRT,2026-08-06,46.68,47.18,0.010711225364181676,2026-08-07,,,,,,,,
TGRW,2026-08-06,47.83,48.18,0.0073175831068368336,2026-08-07,,,,,,,,
TGS,2026-08-06,29.08,28.79,-0.009972489683631292,2026-08-07,,,,,,,,
TGT,2026-08-06,147.08,149.7,0.01781343486537912,2026-08-07,,,,,,,,
TGTX,2026-08-06,49.55,49.76,0.0042381432896063664,2026-08-07,,,,,,,,
TH,2026-08-06,16.0,16.51,0.0318750000000001,2026-08-07,,,,,,,,
THC,2026-08-06,256.64,262.13,0.021391832917705855,2026-08-07,,,,,,,,
THCH,2026-08-06,1.78,1.77,-0.005617977528089901,2026-08-07,,,,,,,,
THD,2026-08-06,72.88,73.63,0.010290889132821057,2026-08-07,,,,,,,,
THEOU,2026-08-06,10.1,10.1,0.0,2026-08-07,,,,,,,,
THEQ,2026-08-06,30.4,30.51,0.0036184210526317706,2026-08-07,,,,,,,,
THFF,2026-08-06,82.46,81.49,-0.011763279165656115,2026-08-07,,,,,,,,
THG,2026-08-06,231.46,229.08,-0.010282554221031637,2026-08-07,,,,,,,,
THH,2026-08-06,0.23,0.23,0.0,2026-08-07,,,,,,,,
THIR,2026-08-06,34.53,34.62,0.0026064291920069316,2026-08-07,,,,,,,,
THLV,2026-08-06,32.66,32.81,0.0045927740355176105,2026-08-07,,,,,,,,
THM,2026-08-06,2.11,2.31,0.09478672985782,2026-08-07,,,,,,,,
THMR,2026-08-06,25.19,25.27,0.0031758634378720174,2026-08-07,,,,,,,,
THMZ,2026-08-06,34.88,35.13,0.007167431192660612,2026-08-07,,,,,,,,
THNQ,2026-08-06,88.18,90.54,0.026763438421410823,2026-08-07,,,,,,,,
THNR,2026-08-06,26.0,26.43,0.016538461538461613,2026-08-07,,,,,,,,
THO,2026-08-06,77.68,79.55,0.02407312049433563,2026-08-07,,,,,,,,
THOR,2026-08-06,26.22,26.31,0.003432494279176135,2026-08-07,,,,,,,,
THQ,2026-08-06,18.97,19.22,0.01317870321560366,2026-08-07,,,,,,,,
THRM,2026-08-06,40.4,41.26,0.021287128712871306,2026-08-07,,,,,,,,
THRO,2026-08-06,43.99,44.25,0.005910434189588587,2026-08-07,,,,,,,,
THRV,2026-08-06,24.16,24.17,0.00041390728476820016,2026-08-07,,,,,,,,
THRY,2026-08-06,2.46,2.44,-0.008130081300813052,2026-08-07,,,,,,,,
THTA,2026-08-06,15.68,15.67,-0.0006377551020407823,2026-08-07,,,,,,,,
THW,2026-08-06,13.47,13.66,0.01410541945063093,2026-08-07,,,,,,,,
THY,2026-08-06,21.6,21.64,0.0018518518518517713,2026-08-07,,,,,,,,
THYF,2026-08-06,51.39,51.46,0.001362132710644115,2026-08-07,,,,,,,,
THYM,2026-08-06,50.13,50.26,0.002593257530420834,2026-08-07,,,,,,,,
THYP,2026-08-06,32.4,31.64,-0.023456790123456694,2026-08-07,,,,,,,,
TIC,2026-08-06,8.68,10.06,0.15898617511520752,2026-08-07,,,,,,,,
TIER,2026-08-06,32.57,32.89,0.009824992324224846,2026-08-07,,,,,,,,
TIGO,2026-08-06,104.31,97.1,-0.06912088965583363,2026-08-07,,,,,,,,
TIGR,2026-08-06,4.74,4.82,0.016877637130801704,2026-08-07,,,,,,,,
TIH,2026-08-06,24.85,25.06,0.008450704225352101,2026-08-07,,,,,,,,
TII,2026-08-06,2.31,2.39,0.03463203463203457,2026-08-07,,,,,,,,
TIIV,2026-08-06,30.83,31.03,0.00648718780408708,2026-08-07,,,,,,,,
TIL,2026-08-06,7.28,7.41,0.017857142857142794,2026-08-07,,,,,,,,
TILC,2026-08-06,25.92,26.15,0.008873456790123413,2026-08-07,,,,,,,,
TILE,2026-08-06,35.1,38.29,0.09088319088319086,2026-08-07,,,,,,,,
TILL,2026-08-06,18.26,18.48,0.012048192771084265,2026-08-07,,,,,,,,
TILT,2026-08-06,283.62,285.62,0.007051688879486706,2026-08-07,,,,,,,,
TIMB,2026-08-06,18.52,18.43,-0.004859611231101457,2026-08-07,,,,,,,,
TIME,2026-08-06,26.84,27.08,0.008941877794336861,2026-08-07,,,,,,,,
TINS,2026-08-06,29.49,29.72,0.0077992539844014,2026-08-07,,,,,,,,
TINT,2026-08-06,40.69,41.76,0.026296387318751613,2026-08-07,,,,,,,,
TINY,2026-08-06,79.74,80.32,0.00727363932781544,2026-08-07,,,,,,,,
TIP,2026-08-06,106.87,107.08,0.00196500421072332,2026-08-07,,,,,,,,
TIPA,2026-08-06,98.57,98.67,0.0010145074566298984,2026-08-07,,,,,,,,
TIPB,2026-08-06,97.45,97.58,0.001334017444843516,2026-08-07,,,,,,,,
TIPC,2026-08-06,95.98,96.17,0.0019795790789747247,2026-08-07,,,,,,,,
TIPD,2026-08-06,94.32,94.54,0.002332485156912867,2026-08-07,,,,,,,,
TIPT,2026-08-06,17.92,18.12,0.01116071428571419,2026-08-07,,,,,,,,
TIPX,2026-08-06,18.59,18.61,0.0010758472296934496,2026-08-07,,,,,,,,
TIPZ,2026-08-06,50.99,51.08,0.0017650519709746515,2026-08-07,,,,,,,,
TISC,2026-08-06,23.74,24.03,0.012215669755686775,2026-08-07,,,,,,,,
TISI,2026-08-06,17.01,17.0,-0.0005878894767784582,2026-08-07,,,,,,,,
TITN,2026-08-06,19.24,19.09,-0.0077962577962576995,2026-08-07,,,,,,,,
TJAN,2026-08-06,28.42,28.4,-0.0007037297677693344,2026-08-07,,,,,,,,
TJGC,2026-08-06,3.66,3.65,-0.002732240437158584,2026-08-07,,,,,,,,
TJUL,2026-08-06,30.48,30.49,0.00032808398950123774,2026-08-07,,,,,,,,
TJUN,2026-08-06,22.47,22.61,0.006230529595015577,2026-08-07,,,,,,,,
TJX,2026-08-06,162.06,161.36,-0.0043193878810317,2026-08-07,,,,,,,,
TK,2026-08-06,11.27,11.32,0.004436557231588312,2026-08-07,,,,,,,,
TKC,2026-08-06,5.47,5.5,0.005484460694698434,2026-08-07,,,,,,,,
TKLF,2026-08-06,1.93,2.01,0.041450777202072464,2026-08-07,,,,,,,,
TKNO,2026-08-06,6.53,6.46,-0.01071975497702915,2026-08-07,,,,,,,,
TKNQ,2026-08-06,22.77,22.89,0.005270092226614009,2026-08-07,,,,,,,,
TKNS,2026-08-06,21.53,21.67,0.006502554575011699,2026-08-07,,,,,,,,
TKNZ,2026-08-06,24.2,24.28,0.0033057851239670644,2026-08-07,,,,,,,,
TKO,2026-08-06,187.29,186.56,-0.0038976987559399268,2026-08-07,,,,,,,,
TKR,2026-08-06,128.65,130.33,0.013058686358336624,2026-08-07,,,,,,,,
TKVA,2026-08-06,,,,2026-08-07,,,,,,,,
TLA,2026-08-06,22.91,23.36,0.01964207769532944,2026-08-07,,,,,,,,
TLCI,2026-08-06,27.68,27.98,0.010838150289017356,2026-08-07,,,,,,,,
TLDR,2026-08-06,25.01,25.03,0.000799680127948843,2026-08-07,,,,,,,,
TLF,2026-08-06,2.44,2.45,0.004098360655737876,2026-08-07,,,,,,,,
TLG,2026-08-06,27.99,28.38,0.013933547695605508,2026-08-07,,,,,,,,
TLH,2026-08-06,96.83,97.05,0.0022720231333264174,2026-08-07,,,,,,,,
TLIH,2026-08-06,5.76,5.71,-0.00868055555555558,2026-08-07,,,,,,,,
TLK,2026-08-06,14.98,15.1,0.008010680907877044,2026-08-07,,,,,,,,
TLN,2026-08-06,338.31,347.71,0.027785167449971837,2026-08-07,,,,,,,,
TLNC,2026-08-06,10.25,10.23,-0.0019512195121951237,2026-08-07,,,,,,,,
TLPH,2026-08-06,1.43,1.43,0.0,2026-08-07,,,,,,,,
TLRY,2026-08-06,4.44,4.57,0.029279279279279313,2026-08-07,,,,,,,,
TLS,2026-08-06,4.57,4.78,0.045951859956236296,2026-08-07,,,,,,,,
TLSA,2026-08-06,0.97,1.0,0.030927835051546504,2026-08-07,,,,,,,,
TLSI,2026-08-06,4.87,5.61,0.15195071868583176,2026-08-07,,,,,,,,
TLT,2026-08-06,82.52,82.76,0.002908385845855621,2026-08-07,,,,,,,,
TLTD,2026-08-06,103.16,104.44,0.012407910042652182,2026-08-07,,,,,,,,
TLTE,2026-08-06,74.85,75.37,0.006947227788911325,2026-08-07,,,,,,,,
TLTI,2026-08-06,43.85,43.98,0.0029646522234889616,2026-08-07,,,,,,,,
TLTP,2026-08-06,20.06,20.1,0.001994017946161719,2026-08-07,,,,,,,,
TLTW,2026-08-06,21.31,21.36,0.002346316283434957,2026-08-07,,,,,,,,
TLTX,2026-08-06,21.61,21.6,-0.0004627487274408981,2026-08-07,,,,,,,,
TLX,2026-08-06,10.64,11.52,0.08270676691729317,2026-08-07,,,,,,,,
TLYS,2026-08-06,4.12,4.19,0.016990291262136026,2026-08-07,,,,,,,,
TM,2026-08-06,187.49,190.09,0.01386740626166727,2026-08-07,,,,,,,,
TMAR,2026-08-06,25.81,25.98,0.006586594343277907,2026-08-07,,,,,,,,
TMAT,2026-08-06,28.96,29.62,0.02279005524861888,2026-08-07,,,,,,,,
TMB,2026-08-06,25.25,25.24,-0.0003960396039605074,2026-08-07,,,,,,,,
TMC,2026-08-06,4.12,4.57,0.10922330097087385,2026-08-07,,,,,,,,
TMCI,2026-08-06,4.38,4.76,0.08675799086757996,2026-08-07,,,,,,,,
TMCR,2026-08-06,5.66,5.9,0.042402826855123754,2026-08-07,,,,,,,,
TMDE,2026-08-06,0.73,0.72,-0.013698630136986356,2026-08-07,,,,,,,,
TMDV,2026-08-06,53.64,53.87,0.004287844891871728,2026-08-07,,,,,,,,
TMDX,2026-08-06,80.21,83.89,0.04587956613888555,2026-08-07,,,,,,,,
TME,2026-08-06,9.59,9.53,-0.006256517205422418,2026-08-07,,,,,,,,
TMED,2026-08-06,34.67,34.89,0.006345543697721334,2026-08-07,,,,,,,,
TMF,2026-08-06,31.22,31.43,0.0067264573991032695,2026-08-07,,,,,,,,
TMFC,2026-08-06,79.86,80.34,0.006010518407212562,2026-08-07,,,,,,,,
TMFE,2026-08-06,30.67,30.97,0.009781545484186305,2026-08-07,,,,,,,,
TMFG,2026-08-06,31.87,32.07,0.00627549419516793,2026-08-07,,,,,,,,
TMFM,2026-08-06,22.48,23.0,0.02313167259786475,2026-08-07,,,,,,,,
TMFS,2026-08-06,36.68,37.01,0.008996728462377312,2026-08-07,,,,,,,,
TMFX,2026-08-06,23.65,24.19,0.02283298097251607,2026-08-07,,,,,,,,
TMGN,2026-08-06,24.77,25.24,0.01897456600726688,2026-08-07,,,,,,,,
TMH,2026-08-06,49.56,49.91,0.007062146892655274,2026-08-07,,,,,,,,
TMHC,2026-08-06,72.45,72.45,0.0,2026-08-07,,,,,,,,
TMLP,2026-08-06,29.58,29.32,-0.008789722785665921,2026-08-07,,,,,,,,
TMNL,2026-08-06,49.66,49.83,0.003423278292388199,2026-08-07,,,,,,,,
TMNS,2026-08-06,49.85,49.88,0.0006018054162488795,2026-08-07,,,,,,,,
TMO,2026-08-06,580.02,594.0,0.02410261715113271,2026-08-07,,,,,,,,
TMP,2026-08-06,99.89,98.73,-0.011612774051456554,2026-08-07,,,,,,,,
TMQ,2026-08-06,3.6,3.8,0.05555555555555558,2026-08-07,,,,,,,,
TMS,2026-08-06,7.29,7.24,-0.006858710562414272,2026-08-07,,,,,,,,
TMSF,2026-08-06,50.11,50.21,0.0019956096587507854,2026-08-07,,,,,,,,
TMSL,2026-08-06,43.85,44.41,0.012770809578107167,2026-08-07,,,,,,,,
TMTS,2026-08-06,10.06,10.06,0.0,2026-08-07,,,,,,,,
TMUS,2026-08-06,179.97,177.19,-0.015447018947602364,2026-08-07,,,,,,,,
TMV,2026-08-06,42.1,41.79,-0.0073634204275534465,2026-08-07,,,,,,,,
TMVE,2026-08-06,17.99,18.14,0.008337965536409309,2026-08-07,,,,,,,,
TMYY,2026-08-06,23.32,23.08,-0.010291595197255643,2026-08-07,,,,,,,,
TNA,2026-08-06,72.33,74.68,0.03248997649661289,2026-08-07,,,,,,,,
TNC,2026-08-06,76.9,73.89,-0.03914174252275693,2026-08-07,,,,,,,,
TNDM,2026-08-06,18.79,22.38,0.1910590739755189,2026-08-07,,,,,,,,
TNET,2026-08-06,66.74,68.5,0.026370991908900354,2026-08-07,,,,,,,,
TNGX,2026-08-06,29.0,27.07,-0.06655172413793098,2026-08-07,,,,,,,,
TNGY,2026-08-06,10.21,10.13,-0.007835455435847183,2026-08-07,,,,,,,,
TNK,2026-08-06,77.09,77.25,0.0020754961733038257,2026-08-07,,,,,,,,
TNL,2026-08-06,77.33,76.7,-0.008146902883744978,2026-08-07,,,,,,,,
TNMG,2026-08-06,0.55,0.53,-0.036363636363636376,2026-08-07,,,,,,,,
TNON,2026-08-06,0.17,0.13,-0.23529411764705888,2026-08-07,,,,,,,,
TNUK,2026-08-06,24.11,24.55,0.018249688925757068,2026-08-07,,,,,,,,
TNXP,2026-08-06,11.65,12.03,0.032618025751072866,2026-08-07,,,,,,,,
TNXT,2026-08-06,28.09,28.4,0.01103595585617656,2026-08-07,,,,,,,,
TNYA,2026-08-06,0.73,0.73,0.0,2026-08-07,,,,,,,,
TOAK,2026-08-06,28.97,28.98,0.00034518467380051376,2026-08-07,,,,,,,,
TOAO,2026-08-06,27.17,27.3,0.004784688995215225,2026-08-07,,,,,,,,
TOCT,2026-08-06,27.25,27.28,0.0011009174311926717,2026-08-07,,,,,,,,
TOGA,2026-08-06,30.61,31.05,0.014374387455080129,2026-08-07,,,,,,,,
TOK,2026-08-06,154.83,155.9,0.006910805399470421,2026-08-07,,,,,,,,
TOL,2026-08-06,151.33,155.09,0.02484636225467507,2026-08-07,,,,,,,,
TOLL,2026-08-06,39.8,40.04,0.0060301507537690036,2026-08-07,,,,,,,,
TOLZ,2026-08-06,59.11,58.96,-0.002537641684994041,2026-08-07,,,,,,,,
TOMZ,2026-08-06,1.84,1.82,-0.010869565217391353,2026-08-07,,,,,,,,
TONT,2026-08-06,10.82,10.84,0.001848428835489857,2026-08-07,,,,,,,,
TONX,2026-08-06,2.84,2.99,0.052816901408450745,2026-08-07,,,,,,,,
TOON,2026-08-06,0.59,0.59,0.0,2026-08-07,,,,,,,,
TOP,2026-08-06,10.66,11.29,0.05909943714821764,2026-08-07,,,,,,,,
TOPC,2026-08-06,35.02,35.25,0.006567675613934787,2026-08-07,,,,,,,,
TOPP,2026-08-06,0.42,0.46,0.09523809523809534,2026-08-07,,,,,,,,
TOPS,2026-08-06,0.74,0.76,0.027027027027026973,2026-08-07,,,,,,,,
TOPT,2026-08-06,33.9,34.06,0.004719764011799521,2026-08-07,,,,,,,,
TOPW,2026-08-06,35.04,35.26,0.006278538812785284,2026-08-07,,,,,,,,
TORO,2026-08-06,5.33,5.52,0.03564727954971847,2026-08-07,,,,,,,,
TOS,2026-08-06,29.36,29.61,0.008514986376021882,2026-08-07,,,,,,,,
TOST,2026-08-06,34.72,34.48,-0.00691244239631339,2026-08-07,,,,,,,,
TOT,2026-08-06,24.23,24.41,0.007428807263722748,2026-08-07,,,,,,,,
TOTL,2026-08-06,38.78,38.83,0.0012893243940175214,2026-08-07,,,,,,,,
TOTR,2026-08-06,39.49,39.6,0.0027855153203342198,2026-08-07,,,,,,,,
TOUR,2026-08-06,5.15,5.12,-0.005825242718446644,2026-08-07,,,,,,,,
TOUS,2026-08-06,39.59,40.12,0.013387218994695527,2026-08-07,,,,,,,,
TOV,2026-08-06,32.37,32.58,0.006487488415199305,2026-08-07,,,,,,,,
TOVX,2026-08-06,0.22,0.22,0.0,2026-08-07,,,,,,,,
TOWN,2026-08-06,37.73,37.46,-0.007156109196925442,2026-08-07,,,,,,,,
TOXR,2026-08-06,10.06,9.95,-0.010934393638171058,2026-08-07,,,,,,,,
TOYO,2026-08-06,5.28,5.8,0.0984848484848484,2026-08-07,,,,,,,,
TPAY,2026-08-06,54.73,55.06,0.006029599853828005,2026-08-07,,,,,,,,
TPB,2026-08-06,84.99,86.86,0.022002588539828283,2026-08-07,,,,,,,,
TPC,2026-08-06,95.77,99.11,0.03487522188576797,2026-08-07,,,,,,,,
TPCS,2026-08-06,4.64,4.96,0.06896551724137945,2026-08-07,,,,,,,,
TPET,2026-08-06,0.24,0.23,-0.04166666666666663,2026-08-07,,,,,,,,
TPFC,2026-08-06,26.86,27.21,0.013030528667163033,2026-08-07,,,,,,,,
TPFG,2026-08-06,25.9,26.15,0.009652509652509744,2026-08-07,,,,,,,,
TPFI,2026-08-06,24.67,24.65,-0.0008107012565871097,2026-08-07,,,,,,,,
TPG,2026-08-06,48.51,48.99,0.009894867037724353,2026-08-07,,,,,,,,
TPHD,2026-08-06,43.43,43.46,0.0006907667510938076,2026-08-07,,,,,,,,
TPIF,2026-08-06,38.58,38.92,0.008812856402281133,2026-08-07,,,,,,,,
TPL,2026-08-06,355.64,340.65,-0.042149364525925104,2026-08-07,,,,,,,,
TPLC,2026-08-06,50.98,51.24,0.005100039231071163,2026-08-07,,,,,,,,
TPLS,2026-08-06,24.71,24.75,0.0016187778227438887,2026-08-07,,,,,,,,
TPLX,2026-08-06,22.1,20.4,-0.0769230769230771,2026-08-07,,,,,,,,
TPOR,2026-08-06,40.85,42.16,0.03206854345165233,2026-08-07,,,,,,,,
TPR,2026-08-06,162.0,162.36,0.0022222222222223476,2026-08-07,,,,,,,,
TPRY,2026-08-06,18.92,19.07,0.007928118393234707,2026-08-07,,,,,,,,
TPSC,2026-08-06,48.49,48.77,0.005774386471437465,2026-08-07,,,,,,,,
TPST,2026-08-06,0.9,0.92,0.022222222222222143,2026-08-07,,,,,,,,
TPUT,2026-08-06,25.18,25.17,-0.00039714058776796346,2026-08-07,,,,,,,,
TPVG,2026-08-06,5.23,5.2,-0.005736137667304075,2026-08-07,,,,,,,,
TPYP,2026-08-06,42.25,41.65,-0.014201183431952646,2026-08-07,,,,,,,,
TPZ,2026-08-06,21.2,21.08,-0.005660377358490565,2026-08-07,,,,,,,,
TQQQ,2026-08-06,72.03,74.47,0.033874774399555774,2026-08-07,,,,,,,,
TQQY,2026-08-06,12.35,12.32,-0.0024291497975708065,2026-08-07,,,,,,,,
TR,2026-08-06,39.75,39.63,-0.0030188679245282124,2026-08-07,,,,,,,,
TRAD,2026-08-06,9.99,10.04,0.005005005005005003,2026-08-07,,,,,,,,
TRAK,2026-08-06,8.67,8.74,0.008073817762399127,2026-08-07,,,,,,,,
TRAW,2026-08-06,0.54,0.53,-0.01851851851851849,2026-08-07,,,,,,,,
TRAX,2026-08-06,45.31,45.33,0.0004414036636504193,2026-08-07,,,,,,,,
TRBF,2026-08-06,48.81,48.82,0.00020487604998975506,2026-08-07,,,,,,,,
TRC,2026-08-06,16.46,16.69,0.0139732685297691,2026-08-07,,,,,,,,
TRDA,2026-08-06,6.87,6.87,0.0,2026-08-07,,,,,,,,
TREE,2026-08-06,31.85,32.13,0.00879120879120876,2026-08-07,,,,,,,,
TREX,2026-08-06,48.43,49.17,0.015279785257072076,2026-08-07,,,,,,,,
TRFK,2026-08-06,94.29,94.71,0.00445434298440972,2026-08-07,,,,,,,,
TRFM,2026-08-06,59.93,61.18,0.020857667278491476,2026-08-07,,,,,,,,
TRGP,2026-08-06,268.23,256.87,-0.04235171308205654,2026-08-07,,,,,,,,
TRGS,2026-08-06,9.93,9.92,-0.001007049345417954,2026-08-07,,,,,,,,
TRI,2026-08-06,100.15,101.83,0.01677483774338495,2026-08-07,,,,,,,,
TRIB,2026-08-06,11.64,12.43,0.06786941580756012,2026-08-07,,,,,,,,
TRIN,2026-08-06,17.6,18.05,0.02556818181818188,2026-08-07,,,,,,,,
TRIO,2026-08-06,65.88,66.07,0.0028840315725562338,2026-08-07,,,,,,,,
TRIP,2026-08-06,10.42,10.78,0.03454894433781175,2026-08-07,,,,,,,,
TRLV,2026-08-06,9.0,8.75,-0.02777777777777779,2026-08-07,,,,,,,,
TRMB,2026-08-06,58.55,59.51,0.01639624252775418,2026-08-07,,,,,,,,
TRMD,2026-08-06,29.49,29.49,0.0,2026-08-07,,,,,,,,
TRMK,2026-08-06,47.91,47.42,-0.010227509914422783,2026-08-07,,,,,,,,
TRN,2026-08-06,30.97,29.9,-0.03454956409428478,2026-08-07,,,,,,,,
TRND,2026-08-06,37.17,37.51,0.009147161689534444,2026-08-07,,,,,,,,
TRNO,2026-08-06,68.15,68.76,0.008950843727072666,2026-08-07,,,,,,,,
TRNR,2026-08-06,3.44,3.58,0.04069767441860472,2026-08-07,,,,,,,,
TRNS,2026-08-06,94.54,93.11,-0.015125872646498895,2026-08-07,,,,,,,,
TRON,2026-08-06,1.44,1.52,0.05555555555555558,2026-08-07,,,,,,,,
TROO,2026-08-06,1.95,1.95,0.0,2026-08-07,,,,,,,,
TROW,2026-08-06,113.62,114.02,0.0035205069530011013,2026-08-07,,,,,,,,
TROX,2026-08-06,6.95,6.51,-0.06330935251798564,2026-08-07,,,,,,,,
TRP,2026-08-06,63.9,63.23,-0.010485133020344262,2026-08-07,,,,,,,,
TRPA,2026-08-06,38.88,38.9,0.0005144032921808872,2026-08-07,,,,,,,,
TRS,2026-08-06,40.48,40.24,-0.005928853754940566,2026-08-07,,,,,,,,
TRSG,2026-08-06,1.43,1.46,0.020979020979021046,2026-08-07,,,,,,,,
TRST,2026-08-06,56.25,55.09,-0.02062222222222221,2026-08-07,,,,,,,,
TRSY,2026-08-06,30.14,30.15,0.00033178500331776384,2026-08-07,,,,,,,,
TRT,2026-08-06,10.79,11.15,0.03336422613531065,2026-08-07,,,,,,,,
TRTX,2026-08-06,7.89,8.05,0.020278833967046994,2026-08-07,,,,,,,,
TRTY,2026-08-06,31.1,31.22,0.0038585209003214604,2026-08-07,,,,,,,,
TRU,2026-08-06,79.2,80.02,0.010353535353535337,2026-08-07,,,,,,,,
TRUC,2026-08-06,25.5,25.49,-0.00039215686274518546,2026-08-07,,,,,,,,
TRUD,2026-08-06,26.48,26.86,0.014350453172205402,2026-08-07,,,,,,,,
TRUF,2026-08-06,30.12,30.01,-0.0036520584329349237,2026-08-07,,,,,,,,
TRUG,2026-08-06,0.87,0.91,0.04597701149425282,2026-08-07,,,,,,,,
TRUH,2026-08-06,28.66,28.87,0.007327285415212881,2026-08-07,,,,,,,,
TRUI,2026-08-06,26.43,26.5,0.0026485054861900004,2026-08-07,,,,,,,,
TRUM,2026-08-06,25.53,25.92,0.01527614571092828,2026-08-07,,,,,,,,
TRUN,2026-08-06,27.4,27.09,-0.011313868613138656,2026-08-07,,,,,,,,
TRUO,2026-08-06,25.65,25.67,0.000779727095516769,2026-08-07,,,,,,,,
TRUP,2026-08-06,28.16,26.99,-0.041548295454545525,2026-08-07,,,,,,,,
TRUR,2026-08-06,25.28,25.39,0.004351265822784889,2026-08-07,,,,,,,,
TRUT,2026-08-06,31.96,32.35,0.012202753441802328,2026-08-07,,,,,,,,
TRUU,2026-08-06,23.69,23.84,0.006331785563528758,2026-08-07,,,,,,,,
TRV,2026-08-06,386.0,384.31,-0.004378238341968932,2026-08-07,,,,,,,,
TRVG,2026-08-06,5.49,5.62,0.023679417122040025,2026-08-07,,,,,,,,
TRVI,2026-08-06,18.5,18.51,0.000540540540540535,2026-08-07,,,,,,,,
TRX,2026-08-06,0.98,1.05,0.0714285714285714,2026-08-07,,,,,,,,
TS,2026-08-06,53.4,53.04,-0.006741573033707815,2026-08-07,,,,,,,,
TSAT,2026-08-06,54.08,58.92,0.08949704142011838,2026-08-07,,,,,,,,
TSBK,2026-08-06,45.72,45.22,-0.010936132983377034,2026-08-07,,,,,,,,
TSCM,2026-08-06,20.73,21.1,0.017848528702363753,2026-08-07,,,,,,,,
TSCO,2026-08-06,34.09,34.56,0.013787034320915215,2026-08-07,,,,,,,,
TSCV,2026-08-06,32.29,32.48,0.005884174667079467,2026-08-07,,,,,,,,
TSDD,2026-08-06,10.77,10.18,-0.054781801299907174,2026-08-07,,,,,,,,
TSEC,2026-08-06,25.56,25.59,0.0011737089201877549,2026-08-07,,,,,,,,
TSEG,2026-08-06,7.6,9.52,0.2526315789473683,2026-08-07,,,,,,,,
TSEL,2026-08-06,28.63,28.92,0.010129235068110365,2026-08-07,,,,,,,,
TSEM,2026-08-06,224.7,252.49,0.12367601246105919,2026-08-07,,,,,,,,
TSEP,2026-08-06,26.25,26.39,0.005333333333333412,2026-08-07,,,,,,,,
TSES,2026-08-06,30.38,30.33,-0.001645819618169897,2026-08-07,,,,,,,,
TSEU,2026-08-06,16.42,20.22,0.2314250913520095,2026-08-07,,,,,,,,
TSHA,2026-08-06,6.34,6.56,0.034700315457413256,2026-08-07,,,,,,,,
TSI,2026-08-06,4.39,4.4,0.002277904328018332,2026-08-07,,,,,,,,
TSIB,2026-08-06,26.16,26.9,0.02828746177370034,2026-08-07,,,,,,,,
TSIC,2026-08-06,25.46,25.62,0.00628436763550666,2026-08-07,,,,,,,,
TSII,2026-08-06,12.12,12.46,0.028052805280528226,2026-08-07,,,,,,,,
TSL,2026-08-06,11.72,12.13,0.03498293515358353,2026-08-07,,,,,,,,
TSLA,2026-08-06,319.53,328.58,0.02832284918474004,2026-08-07,,,,,,,,
TSLG,2026-08-06,3.81,4.02,0.055118110236220375,2026-08-07,,,,,,,,
TSLI,2026-08-06,14.34,15.09,0.05230125523012563,2026-08-07,,,,,,,,
TSLL,2026-08-06,7.68,8.11,0.05598958333333326,2026-08-07,,,,,,,,
TSLP,2026-08-06,13.55,13.78,0.01697416974169741,2026-08-07,,,,,,,,
TSLQ,2026-08-06,25.59,24.15,-0.056271981242672964,2026-08-07,,,,,,,,
TSLR,2026-08-06,13.23,13.95,0.05442176870748283,2026-08-07,,,,,,,,
TSLS,2026-08-06,64.92,63.2,-0.026494146642020877,2026-08-07,,,,,,,,
TSLT,2026-08-06,10.72,11.32,0.05597014925373123,2026-08-07,,,,,,,,
TSLW,2026-08-06,16.27,16.86,0.03626306084818687,2026-08-07,,,,,,,,
TSLX,2026-08-06,18.69,19.1,0.02193686463349387,2026-08-07,,,,,,,,
TSLY,2026-08-06,21.33,21.55,0.01031411157993456,2026-08-07,,,,,,,,
TSLZ,2026-08-06,16.28,15.34,-0.057739557739557856,2026-08-07,,,,,,,,
TSM,2026-08-06,418.2,420.04,0.004399808703969388,2026-08-07,,,,,,,,
TSME,2026-08-06,49.83,50.39,0.01123820991370672,2026-08-07,,,,,,,,
TSMG,2026-08-06,37.56,37.87,0.008253461128860273,2026-08-07,,,,,,,,
TSMU,2026-08-06,67.61,68.21,0.008874426859931894,2026-08-07,,,,,,,,
TSMX,2026-08-06,77.7,78.33,0.008108108108108025,2026-08-07,,,,,,,,
TSMY,2026-08-06,15.33,15.42,0.005870841487279899,2026-08-07,,,,,,,,
TSMZ,2026-08-06,7.93,7.89,-0.0050441361916772065,2026-08-07,,,,,,,,
TSN,2026-08-06,58.54,58.04,-0.008541168431841495,2026-08-07,,,,,,,,
TSNF,2026-08-06,30.62,31.6,0.03200522534291306,2026-08-07,,,,,,,,
TSOL,2026-08-06,7.05,7.17,0.017021276595744705,2026-08-07,,,,,,,,
TSPA,2026-08-06,48.48,48.74,0.005363036303630553,2026-08-07,,,,,,,,
TSPX,2026-08-06,30.54,30.68,0.004584151931892544,2026-08-07,,,,,,,,
TSPY,2026-08-06,25.64,25.8,0.006240249609984483,2026-08-07,,,,,,,,
TSQ,2026-08-06,6.33,6.48,0.02369668246445511,2026-08-07,,,,,,,,
TSRS,2026-08-06,27.46,27.52,0.002184996358339353,2026-08-07,,,,,,,,
TSSD,2026-08-06,30.36,31.06,0.02305665349143604,2026-08-07,,,,,,,,
TSSI,2026-08-06,10.75,11.26,0.04744186046511634,2026-08-07,,,,,,,,
TSUI,2026-08-06,13.48,13.47,-0.0007418397626112183,2026-08-07,,,,,,,,
TSXD,2026-08-06,5.46,5.4,-0.01098901098901095,2026-08-07,,,,,,,,
TSXU,2026-08-06,57.06,57.5,0.007711181212758378,2026-08-07,,,,,,,,
TSYW,2026-08-06,41.65,41.76,0.002641056422568955,2026-08-07,,,,,,,,
TSYX,2026-08-06,23.68,23.82,0.005912162162162282,2026-08-07,,,,,,,,
TSYY,2026-08-06,20.36,20.33,-0.0014734774066798018,2026-08-07,,,,,,,,
TT,2026-08-06,478.66,482.31,0.007625454393515252,2026-08-07,,,,,,,,
TTAM,2026-08-06,15.72,16.01,0.018447837150127322,2026-08-07,,,,,,,,
TTAN,2026-08-06,85.59,85.83,0.00280406589554838,2026-08-07,,,,,,,,
TTC,2026-08-06,98.23,99.64,0.014354066985645897,2026-08-07,,,,,,,,
TTD,2026-08-06,17.67,13.8,-0.2190152801358235,2026-08-07,,,,,,,,
TTDU,2026-08-06,2.46,1.38,-0.4390243902439025,2026-08-07,,,,,,,,
TTE,2026-08-06,86.27,85.83,-0.005100266604845194,2026-08-07,,,,,,,,
TTEC,2026-08-06,2.6,2.55,-0.019230769230769384,2026-08-07,,,,,,,,
TTEK,2026-08-06,34.73,35.44,0.02044342067376914,2026-08-07,,,,,,,,
TTEQ,2026-08-06,41.27,42.0,0.01768839350617868,2026-08-07,,,,,,,,
TTGT,2026-08-06,4.31,3.84,-0.10904872389791176,2026-08-07,,,,,,,,
TTI,2026-08-06,8.59,8.51,-0.0093131548311991,2026-08-07,,,,,,,,
TTMI,2026-08-06,136.35,137.21,0.006307297396406453,2026-08-07,,,,,,,,
TTMX,2026-08-06,12.02,11.76,-0.021630615640598982,2026-08-07,,,,,,,,
TTOP,2026-08-06,15.09,15.19,0.0066269052352552205,2026-08-07,,,,,,,,
TTRX,2026-08-06,9.61,10.41,0.08324661810613954,2026-08-07,,,,,,,,
TTT,2026-08-06,74.95,74.63,-0.00426951300867251,2026-08-07,,,,,,,,
TTWO,2026-08-06,232.47,246.5,0.06035187336000347,2026-08-07,,,,,,,,
TTXD,2026-08-06,12.83,12.64,-0.014809041309430948,2026-08-07,,,,,,,,
TTXU,2026-08-06,34.73,35.32,0.016988194644399712,2026-08-07,,,,,,,,
TU,2026-08-06,9.81,9.72,-0.00917431192660545,2026-08-07,,,,,,,,
TUA,2026-08-06,20.29,20.39,0.00492853622474132,2026-08-07,,,,,,,,
TUG,2026-08-06,46.58,47.01,0.009231429798196578,2026-08-07,,,,,,,,
TUGN,2026-08-06,27.67,27.91,0.008673653776653412,2026-08-07,,,,,,,,
TULP,2026-08-06,3.49,3.41,-0.022922636103151928,2026-08-07,,,,,,,,
TUR,2026-08-06,38.8,38.75,-0.0012886597938143174,2026-08-07,,,,,,,,
TURB,2026-08-06,1.36,1.43,0.051470588235293935,2026-08-07,,,,,,,,
TURF,2026-08-06,33.08,33.37,0.008766626360338536,2026-08-07,,,,,,,,
TUSB,2026-08-06,50.42,50.46,0.0007933359777865245,2026-08-07,,,,,,,,
TUSI,2026-08-06,25.33,25.31,-0.0007895775759968471,2026-08-07,,,,,,,,
TUSK,2026-08-06,2.94,3.39,0.15306122448979598,2026-08-07,,,,,,,,
TUYA,2026-08-06,1.76,1.8,0.022727272727272707,2026-08-07,,,,,,,,
TV,2026-08-06,2.84,2.83,-0.0035211267605632646,2026-08-07,,,,,,,,
TVA,2026-08-06,10.53,10.53,0.0,2026-08-07,,,,,,,,
TVAI,2026-08-06,10.37,10.39,0.0019286403085825299,2026-08-07,,,,,,,,
TVAL,2026-08-06,43.31,43.42,0.002539829138767047,2026-08-07,,,,,,,,
TVGN,2026-08-06,6.48,6.47,-0.0015432098765433278,2026-08-07,,,,,,,,
TVIV,2026-08-06,9.92,9.9,-0.002016129032258007,2026-08-07,,,,,,,,
TVRD,2026-08-06,1.85,1.87,0.010810810810810922,2026-08-07,,,,,,,,
TVTX,2026-08-06,62.45,61.32,-0.018094475580464398,2026-08-07,,,,,,,,
TW,2026-08-06,103.32,102.62,-0.006775067750677377,2026-08-07,,,,,,,,
TWAV,2026-08-06,1.4,1.28,-0.08571428571428563,2026-08-07,,,,,,,,
TWFG,2026-08-06,28.56,29.07,0.017857142857143016,2026-08-07,,,,,,,,
TWG,2026-08-06,1.47,1.39,-0.054421768707483054,2026-08-07,,,,,,,,
TWI,2026-08-06,7.21,7.36,0.020804438280166426,2026-08-07,,,,,,,,
TWIN,2026-08-06,23.35,24.14,0.03383297644539618,2026-08-07,,,,,,,,
TWLO,2026-08-06,193.2,241.28,0.24886128364389237,2026-08-07,,,,,,,,
TWLV,2026-08-06,10.01,10.02,0.0009990009990010762,2026-08-07,,,,,,,,
TWM,2026-08-06,21.05,20.63,-0.01995249406175781,2026-08-07,,,,,,,,
TWN,2026-08-06,90.19,91.81,0.017962080053220975,2026-08-07,,,,,,,,
TWO,2026-08-06,12.03,12.12,0.007481296758104827,2026-08-07,,,,,,,,
TWOX,2026-08-06,29.86,29.98,0.004018754186202234,2026-08-07,,,,,,,,
TWSC,2026-08-06,22.11,22.23,0.005427408412483015,2026-08-07,,,,,,,,
TWST,2026-08-06,109.08,115.67,0.06041437477081035,2026-08-07,,,,,,,,
TX,2026-08-06,51.89,53.9,0.038735787242243136,2026-08-07,,,,,,,,
TXBC,2026-08-06,13.2,13.22,0.0015151515151516914,2026-08-07,,,,,,,,
TXG,2026-08-06,45.6,52.03,0.14100877192982453,2026-08-07,,,,,,,,
TXMD,2026-08-06,2.09,2.07,-0.009569377990430672,2026-08-07,,,,,,,,
TXN,2026-08-06,278.4,286.08,0.02758620689655178,2026-08-07,,,,,,,,
TXNM,2026-08-06,57.49,57.6,0.0019133762393459541,2026-08-07,,,,,,,,
TXNU,2026-08-06,44.99,47.32,0.051789286508112875,2026-08-07,,,,,,,,
TXO,2026-08-06,13.48,13.75,0.020029673590504338,2026-08-07,,,,,,,,
TXRH,2026-08-06,208.17,208.0,-0.0008166402459527378,2026-08-07,,,,,,,,
TXS,2026-08-06,41.5,41.74,0.005783132530120527,2026-08-07,,,,,,,,
TXT,2026-08-06,87.89,89.43,0.017521902377972465,2026-08-07,,,,,,,,
TXUE,2026-08-06,36.42,36.67,0.0068643602416254,2026-08-07,,,,,,,,
TXUG,2026-08-06,27.65,27.84,0.006871609403255041,2026-08-07,,,,,,,,
TXXD,2026-08-06,2.84,2.94,0.035211267605633756,2026-08-07,,,,,,,,
TXXH,2026-08-06,33.7,31.84,-0.05519287833827902,2026-08-07,,,,,,,,
TXXI,2026-08-06,50.07,50.18,0.002196924305971626,2026-08-07,,,,,,,,
TXXS,2026-08-06,19.01,19.02,0.0005260389268804122,2026-08-07,,,,,,,,
TY,2026-08-06,35.48,35.73,0.0070462232243517775,2026-08-07,,,,,,,,
TYA,2026-08-06,12.34,12.4,0.004862236628849326,2026-08-07,,,,,,,,
TYD,2026-08-06,22.8,22.91,0.004824561403508731,2026-08-07,,,,,,,,
TYG,2026-08-06,42.03,42.59,0.01332381632167512,2026-08-07,,,,,,,,
TYGO,2026-08-06,1.28,1.22,-0.046875,2026-08-07,,,,,,,,
TYL,2026-08-06,306.33,312.45,0.01997845460777592,2026-08-07,,,,,,,,
TYLD,2026-08-06,25.4,25.38,-0.0007874015748031704,2026-08-07,,,,,,,,
TYLG,2026-08-06,41.46,41.82,0.00868306801736618,2026-08-07,,,,,,,,
TYO,2026-08-06,14.61,14.53,-0.005475701574264247,2026-08-07,,,,,,,,
TYRA,2026-08-06,26.96,26.51,-0.01669139465875369,2026-08-07,,,,,,,,
TYYY,2026-08-06,34.32,35.24,0.026806526806526954,2026-08-07,,,,,,,,
TZA,2026-08-06,38.84,37.6,-0.03192584963954692,2026-08-07,,,,,,,,
TZOO,2026-08-06,7.14,7.33,0.02661064425770321,2026-08-07,,,,,,,,
U,2026-08-06,40.81,43.0,0.05366331781426115,2026-08-07,,,,,,,,
UA,2026-08-06,6.27,5.93,-0.054226475279106845,2026-08-07,,,,,,,,
UAA,2026-08-06,6.4,6.11,-0.04531249999999998,2026-08-07,,,,,,,,
UAC,2026-08-06,9.94,9.94,0.0,2026-08-07,,,,,,,,
UAE,2026-08-06,19.66,19.74,0.004069175991861629,2026-08-07,,,,,,,,
UAL,2026-08-06,129.12,129.56,0.0034076827757125727,2026-08-07,,,,,,,,
UAMY,2026-08-06,6.21,6.85,0.1030595813204509,2026-08-07,,,,,,,,
UAN,2026-08-06,126.5,126.57,0.00055335968379433,2026-08-07,,,,,,,,
UAPR,2026-08-06,35.58,35.66,0.0022484541877458852,2026-08-07,,,,,,,,
UAUG,2026-08-06,42.91,43.01,0.0023304591004427166,2026-08-07,,,,,,,,
UAVS,2026-08-06,0.72,0.92,0.2777777777777779,2026-08-07,,,,,,,,
UBCP,2026-08-06,15.76,16.15,0.024746192893400965,2026-08-07,,,,,,,,
UBER,2026-08-06,70.47,75.02,0.06456648219100325,2026-08-07,,,,,,,,
UBEW,2026-08-06,25.7,27.59,0.07354085603112837,2026-08-07,,,,,,,,
UBND,2026-08-06,21.48,21.41,-0.0032588454376164533,2026-08-07,,,,,,,,
UBOT,2026-08-06,24.17,25.12,0.039304923458833185,2026-08-07,,,,,,,,
UBR,2026-08-06,31.27,30.21,-0.03389830508474567,2026-08-07,,,,,,,,
UBRL,2026-08-06,13.97,15.76,0.1281317108088762,2026-08-07,,,,,,,,
UBS,2026-08-06,52.84,53.76,0.017411052233156532,2026-08-07,,,,,,,,
UBSI,2026-08-06,48.58,48.32,-0.00535199670646358,2026-08-07,,,,,,,,
UBT,2026-08-06,14.99,15.13,0.009339559706470935,2026-08-07,,,,,,,,
UCAR,2026-08-06,0.89,0.87,-0.022471910112359605,2026-08-07,,,,,,,,
UCB,2026-08-06,35.7,35.51,-0.005322128851540708,2026-08-07,,,,,,,,
UCC,2026-08-06,48.1,49.51,0.029313929313929288,2026-08-07,,,,,,,,
UCIB,2026-08-06,35.29,35.29,0.0,2026-08-07,,,,,,,,
UCL,2026-08-06,0.72,0.72,0.0,2026-08-07,,,,,,,,
UCO,2026-08-06,37.17,37.0,-0.004573580844767333,2026-08-07,,,,,,,,
UCON,2026-08-06,24.67,24.7,0.001216051884880276,2026-08-07,,,,,,,,
UCOP,2026-08-06,45.15,43.22,-0.04274640088593573,2026-08-07,,,,,,,,
UCRD,2026-08-06,21.24,21.18,-0.0028248587570620654,2026-08-07,,,,,,,,
UCTT,2026-08-06,83.14,87.25,0.049434688477267175,2026-08-07,,,,,,,,
UCTX,2026-08-06,9.29,10.09,0.08611410118406893,2026-08-07,,,,,,,,
UCYB,2026-08-06,86.53,89.12,0.02993181555529878,2026-08-07,,,,,,,,
UDEC,2026-08-06,42.39,42.5,0.0025949516395376016,2026-08-07,,,,,,,,
UDI,2026-08-06,36.78,36.93,0.004078303425774754,2026-08-07,,,,,,,,
UDIV,2026-08-06,61.62,62.04,0.006815968841285436,2026-08-07,,,,,,,,
UDN,2026-08-06,18.11,18.2,0.004969630038652584,2026-08-07,,,,,,,,
UDOW,2026-08-06,75.61,76.14,0.007009654807565102,2026-08-07,,,,,,,,
UDR,2026-08-06,38.14,38.41,0.007079181961195502,2026-08-07,,,,,,,,
UE,2026-08-06,21.54,21.63,0.00417827298050133,2026-08-07,,,,,,,,
UEC,2026-08-06,10.76,11.26,0.04646840148698894,2026-08-07,,,,,,,,
UECG,2026-08-06,3.98,4.34,0.09045226130653261,2026-08-07,,,,,,,,
UEIC,2026-08-06,4.8,4.76,-0.008333333333333304,2026-08-07,,,,,,,,
UEVM,2026-08-06,60.24,60.28,0.0006640106241699861,2026-08-07,,,,,,,,
UFCS,2026-08-06,54.93,54.47,-0.008374294556708572,2026-08-07,,,,,,,,
UFEB,2026-08-06,39.23,39.31,0.0020392556716799515,2026-08-07,,,,,,,,
UFG,2026-08-06,0.46,0.5,0.08695652173913038,2026-08-07,,,,,,,,
UFI,2026-08-06,6.9,7.19,0.04202898550724643,2026-08-07,,,,,,,,
UFIV,2026-08-06,47.88,48.0,0.0025062656641603454,2026-08-07,,,,,,,,
UFO,2026-08-06,46.6,48.13,0.03283261802575099,2026-08-07,,,,,,,,
UFOD,2026-08-06,25.17,25.96,0.03138657131505762,2026-08-07,,,,,,,,
UFOX,2026-08-06,84.32,86.79,0.029293168880455633,2026-08-07,,,,,,,,
UFPI,2026-08-06,91.86,94.04,0.02373176573045943,2026-08-07,,,,,,,,
UFPT,2026-08-06,311.87,314.01,0.006861833456247801,2026-08-07,,,,,,,,
UG,2026-08-06,7.24,7.29,0.006906077348066253,2026-08-07,,,,,,,,
UGA,2026-08-06,111.31,111.65,0.0030545323870272423,2026-08-07,,,,,,,,
UGE,2026-08-06,19.36,19.36,0.0,2026-08-07,,,,,,,,
UGI,2026-08-06,34.28,34.18,-0.0029171528588098905,2026-08-07,,,,,,,,
UGL,2026-08-06,48.53,50.69,0.04450855141149801,2026-08-07,,,,,,,,
UGLD,2026-08-06,21.4,22.3,0.0420560747663552,2026-08-07,,,,,,,,
UGP,2026-08-06,6.37,6.12,-0.039246467817896424,2026-08-07,,,,,,,,
UHAL,2026-08-06,75.1,75.27,0.0022636484687084124,2026-08-07,,,,,,,,
UHAL-B,2026-08-06,65.35,66.02,0.010252486610558664,2026-08-07,,,,,,,,
UHS,2026-08-06,169.72,173.54,0.02250765967475843,2026-08-07,,,,,,,,
UHT,2026-08-06,42.07,42.72,0.01545043974328486,2026-08-07,,,,,,,,
UI,2026-08-06,567.22,566.27,-0.0016748351609605638,2026-08-07,,,,,,,,
UIS,2026-08-06,2.88,2.97,0.03125,2026-08-07,,,,,,,,
UITB,2026-08-06,46.25,46.16,-0.0019459459459459927,2026-08-07,,,,,,,,
UIVM,2026-08-06,76.65,77.38,0.00952380952380949,2026-08-07,,,,,,,,
UJAN,2026-08-06,46.0,46.09,0.0019565217391304124,2026-08-07,,,,,,,,
UJB,2026-08-06,78.59,78.84,0.0031810662934215195,2026-08-07,,,,,,,,
UJUL,2026-08-06,41.35,41.47,0.002902055622732602,2026-08-07,,,,,,,,
UJUN,2026-08-06,39.18,39.24,0.0015313935681471325,2026-08-07,,,,,,,,
UK,2026-08-06,2.06,2.12,0.029126213592232997,2026-08-07,,,,,,,,
UL,2026-08-06,63.66,62.96,-0.010995915802701761,2026-08-07,,,,,,,,
ULBI,2026-08-06,5.32,6.35,0.1936090225563909,2026-08-07,,,,,,,,
ULCC,2026-08-06,7.58,7.38,-0.02638522427440637,2026-08-07,,,,,,,,
ULE,2026-08-06,12.54,12.65,0.00877192982456143,2026-08-07,,,,,,,,
ULH,2026-08-06,18.38,20.07,0.09194776931447235,2026-08-07,,,,,,,,
ULS,2026-08-06,76.86,78.21,0.017564402810304358,2026-08-07,,,,,,,,
ULST,2026-08-06,40.3,40.32,0.0004962779156327812,2026-08-07,,,,,,,,
ULTA,2026-08-06,538.79,565.15,0.048924441804784724,2026-08-07,,,,,,,,
ULTI,2026-08-06,7.56,7.57,0.001322751322751392,2026-08-07,,,,,,,,
ULTY,2026-08-06,26.87,27.31,0.016375139560848462,2026-08-07,,,,,,,,
ULVM,2026-08-06,109.43,109.64,0.0019190349995430456,2026-08-07,,,,,,,,
UMAC,2026-08-06,24.23,26.11,0.07758976475443657,2026-08-07,,,,,,,,
UMAL,2026-08-06,14.85,17.13,0.1535353535353534,2026-08-07,,,,,,,,
UMAR,2026-08-06,42.87,42.88,0.00023326335432716228,2026-08-07,,,,,,,,
UMAY,2026-08-06,38.56,38.66,0.002593360995850391,2026-08-07,,,,,,,,
UMBF,2026-08-06,145.13,145.6,0.0032384758492385313,2026-08-07,,,,,,,,
UMC,2026-08-06,19.2,18.72,-0.025000000000000022,2026-08-07,,,,,,,,
UMCX,2026-08-06,12.2,11.47,-0.059836065573770414,2026-08-07,,,,,,,,
UMDD,2026-08-06,36.59,37.99,0.03826182016944513,2026-08-07,,,,,,,,
UMH,2026-08-06,15.71,15.9,0.012094207511139432,2026-08-07,,,,,,,,
UMI,2026-08-06,59.91,59.05,-0.01435486563178101,2026-08-07,,,,,,,,
UMMA,2026-08-06,36.65,37.04,0.010641200545702612,2026-08-07,,,,,,,,
UN,2026-08-06,23.0,23.3,0.01304347826086949,2026-08-07,,,,,,,,
UNB,2026-08-06,23.58,23.55,-0.0012722646310431296,2026-08-07,,,,,,,,
UNCY,2026-08-06,5.05,5.07,0.003960396039603964,2026-08-07,,,,,,,,
UNF,2026-08-06,288.9,290.37,0.005088265835929473,2026-08-07,,,,,,,,
UNFI,2026-08-06,47.86,47.06,-0.01671541997492676,2026-08-07,,,,,,,,
UNG,2026-08-06,9.63,9.74,0.011422637590861928,2026-08-07,,,,,,,,
UNH,2026-08-06,403.97,407.08,0.007698591479565309,2026-08-07,,,,,,,,
UNHG,2026-08-06,21.1,21.4,0.0142180094786728,2026-08-07,,,,,,,,
UNHU,2026-08-06,51.46,52.11,0.012631169840652934,2026-08-07,,,,,,,,
UNHW,2026-08-06,49.99,50.39,0.008001600320064028,2026-08-07,,,,,,,,
UNIT,2026-08-06,9.61,9.54,-0.007284079084287187,2026-08-07,,,,,,,,
UNIY,2026-08-06,47.69,47.8,0.002306563220801028,2026-08-07,,,,,,,,
UNL,2026-08-06,5.8,5.89,0.01551724137931032,2026-08-07,,,,,,,,
UNM,2026-08-06,89.81,90.56,0.00835096314441608,2026-08-07,,,,,,,,
UNOV,2026-08-06,40.88,40.97,0.0022015655577298787,2026-08-07,,,,,,,,
UNP,2026-08-06,295.38,293.13,-0.007617306520414369,2026-08-07,,,,,,,,
UNTY,2026-08-06,60.1,59.66,-0.007321131447587392,2026-08-07,,,,,,,,
UNX,2026-08-06,90.12,99.73,0.10663559698180203,2026-08-07,,,,,,,,
UOCT,2026-08-06,41.78,41.84,0.0014360938247965915,2026-08-07,,,,,,,,
UONE,2026-08-06,5.22,5.16,-0.011494252873563093,2026-08-07,,,,,,,,
UP,2026-08-06,5.43,5.45,0.0036832412523020164,2026-08-07,,,,,,,,
UPAL,2026-08-06,27.49,27.74,0.00909421607857408,2026-08-07,,,,,,,,
UPAR,2026-08-06,16.0,16.11,0.0068749999999999645,2026-08-07,,,,,,,,
UPB,2026-08-06,6.87,7.25,0.055312954876273634,2026-08-07,,,,,,,,
UPBD,2026-08-06,19.51,19.83,0.016401845207585586,2026-08-07,,,,,,,,
UPC,2026-08-06,6.24,5.56,-0.10897435897435903,2026-08-07,,,,,,,,
UPGD,2026-08-06,83.21,84.2,0.011897608460521791,2026-08-07,,,,,,,,
UPGR,2026-08-06,24.58,25.18,0.024410089503661636,2026-08-07,,,,,,,,
UPLD,2026-08-06,4.28,5.25,0.22663551401869153,2026-08-07,,,,,,,,
UPLT,2026-08-06,24.55,25.11,0.02281059063136448,2026-08-07,,,,,,,,
UPRO,2026-08-06,152.43,155.06,0.017253821426228333,2026-08-07,,,,,,,,
UPS,2026-08-06,103.2,104.5,0.012596899224806224,2026-08-07,,,,,,,,
UPSC,2026-08-06,19.59,21.19,0.08167432363450744,2026-08-07,,,,,,,,
UPSD,2026-08-06,30.04,30.17,0.004327563249001409,2026-08-07,,,,,,,,
UPSG,2026-08-06,15.8,15.8,0.0,2026-08-07,,,,,,,,
UPST,2026-08-06,29.71,31.09,0.04644900706832722,2026-08-07,,,,,,,,
UPSX,2026-08-06,15.61,16.87,0.08071748878923768,2026-08-07,,,,,,,,
UPV,2026-08-06,105.51,107.15,0.015543550374372161,2026-08-07,,,,,,,,
UPW,2026-08-06,21.61,21.88,0.012494215640906914,2026-08-07,,,,,,,,
UPWK,2026-08-06,9.42,9.67,0.026539278131634925,2026-08-07,,,,,,,,
UPXI,2026-08-06,0.81,0.85,0.04938271604938271,2026-08-07,,,,,,,,
URA,2026-08-06,43.2,44.91,0.03958333333333308,2026-08-07,,,,,,,,
URAA,2026-08-06,24.03,25.82,0.07449022055763632,2026-08-07,,,,,,,,
URAN,2026-08-06,37.82,38.91,0.02882072977260708,2026-08-07,,,,,,,,
URBN,2026-08-06,77.67,76.92,-0.009656237929702605,2026-08-07,,,,,,,,
URE,2026-08-06,70.55,71.16,0.008646350106307654,2026-08-07,,,,,,,,
URG,2026-08-06,1.31,1.4,0.06870229007633566,2026-08-07,,,,,,,,
URGN,2026-08-06,45.6,46.96,0.029824561403508865,2026-08-07,,,,,,,,
URI,2026-08-06,1162.66,1162.84,0.00015481740147582634,2026-08-07,,,,,,,,
URNJ,2026-08-06,23.45,24.31,0.036673773987206726,2026-08-07,,,,,,,,
URNM,2026-08-06,53.06,54.53,0.02770448548812654,2026-08-07,,,,,,,,
UROY,2026-08-06,3.96,4.15,0.04797979797979801,2026-08-07,,,,,,,,
URSP,2026-08-06,51.36,52.05,0.013434579439252303,2026-08-07,,,,,,,,
URTH,2026-08-06,208.63,210.47,0.00881944111585109,2026-08-07,,,,,,,,
URTY,2026-08-06,84.14,86.88,0.03256477299738525,2026-08-07,,,,,,,,
USA,2026-08-06,5.99,6.01,0.0033388981636059967,2026-08-07,,,,,,,,
USAC,2026-08-06,26.08,25.82,-0.00996932515337412,2026-08-07,,,,,,,,
USAF,2026-08-06,27.88,28.05,0.0060975609756097615,2026-08-07,,,,,,,,
USAI,2026-08-06,45.95,45.42,-0.011534276387377584,2026-08-07,,,,,,,,
USAR,2026-08-06,17.41,19.33,0.1102814474439977,2026-08-07,,,,,,,,
USAS,2026-08-06,4.67,5.01,0.07280513918629539,2026-08-07,,,,,,,,
USAU,2026-08-06,15.04,15.62,0.03856382978723394,2026-08-07,,,,,,,,
USAX,2026-08-06,11.39,13.89,0.2194907813871818,2026-08-07,,,,,,,,
USB,2026-08-06,63.81,63.94,0.00203729822911769,2026-08-07,,,,,,,,
USBC,2026-08-06,0.35,0.34,-0.02857142857142847,2026-08-07,,,,,,,,
USCA,2026-08-06,45.59,45.92,0.007238429480149078,2026-08-07,,,,,,,,
USCB,2026-08-06,22.21,22.34,0.005853219270598675,2026-08-07,,,,,,,,
USCI,2026-08-06,99.8,99.89,0.0009018036072143687,2026-08-07,,,,,,,,
USCL,2026-08-06,86.62,87.27,0.007504040637266174,2026-08-07,,,,,,,,
USD,2026-08-06,90.54,93.67,0.03457035564391431,2026-08-07,,,,,,,,
USDE,2026-08-06,2.23,2.07,-0.07174887892376691,2026-08-07,,,,,,,,
USDU,2026-08-06,26.45,26.35,-0.003780718336483857,2026-08-07,,,,,,,,
USDX,2026-08-06,25.49,25.5,0.0003923107100824996,2026-08-07,,,,,,,,
USE,2026-08-06,31.03,30.86,-0.005478569126651678,2026-08-07,,,,,,,,
USEA,2026-08-06,2.72,2.71,-0.003676470588235392,2026-08-07,,,,,,,,
USEP,2026-08-06,41.85,41.88,0.0007168458781361409,2026-08-07,,,,,,,,
USEW,2026-08-06,56.62,56.97,0.006181561285764747,2026-08-07,,,,,,,,
USFD,2026-08-06,106.97,108.88,0.017855473497242258,2026-08-07,,,,,,,,
USFE,2026-08-06,36.56,36.85,0.007932166301969357,2026-08-07,,,,,,,,
USFR,2026-08-06,50.41,50.41,0.0,2026-08-07,,,,,,,,
USG,2026-08-06,33.5,33.98,0.014328358208955061,2026-08-07,,,,,,,,
USGG,2026-08-06,6.84,8.33,0.2178362573099415,2026-08-07,,,,,,,,
USGO,2026-08-06,8.47,8.64,0.02007083825265643,2026-08-07,,,,,,,,
USHY,2026-08-06,36.76,36.82,0.0016322089227420733,2026-08-07,,,,,,,,
USIG,2026-08-06,50.32,50.4,0.0015898251192367763,2026-08-07,,,,,,,,
USIN,2026-08-06,48.91,49.02,0.002249028828460675,2026-08-07,,,,,,,,
USIO,2026-08-06,2.31,2.32,0.0043290043290042934,2026-08-07,,,,,,,,
USL,2026-08-06,48.18,48.11,-0.001452885014528893,2026-08-07,,,,,,,,
USLM,2026-08-06,116.28,120.07,0.03259373925008591,2026-08-07,,,,,,,,
USLN,2026-08-06,50.44,50.49,0.0009912767644726372,2026-08-07,,,,,,,,
USLV,2026-08-06,14.9,15.82,0.06174496644295302,2026-08-07,,,,,,,,
USMC,2026-08-06,76.29,76.3,0.0001310787783457279,2026-08-07,,,,,,,,
USMD,2026-08-06,31.31,31.88,0.018205046311082773,2026-08-07,,,,,,,,
USMF,2026-08-06,53.5,53.84,0.006355140186915964,2026-08-07,,,,,,,,
USML,2026-08-06,46.2,46.77,0.012337662337662314,2026-08-07,,,,,,,,
USMV,2026-08-06,100.0,100.62,0.006199999999999983,2026-08-07,,,,,,,,
USNA,2026-08-06,14.89,15.47,0.03895231699126933,2026-08-07,,,,,,,,
USNG,2026-08-06,34.35,34.07,-0.008151382823871955,2026-08-07,,,,,,,,
USNZ,2026-08-06,48.71,49.07,0.007390679531923627,2026-08-07,,,,,,,,
USO,2026-08-06,118.87,117.98,-0.007487170858921477,2026-08-07,,,,,,,,
USOI,2026-08-06,44.96,45.05,0.0020017793594304667,2026-08-07,,,,,,,,
USOY,2026-08-06,6.77,6.75,-0.002954209748892156,2026-08-07,,,,,,,,
USPH,2026-08-06,76.46,80.05,0.04695265498299772,2026-08-07,,,,,,,,
USPX,2026-08-06,67.18,67.6,0.006251860672819021,2026-08-07,,,,,,,,
USRD,2026-08-06,37.24,37.24,0.0,2026-08-07,,,,,,,,
USRT,2026-08-06,67.07,67.38,0.004622036678097574,2026-08-07,,,,,,,,
USSE,2026-08-06,41.34,41.48,0.0033865505563617226,2026-08-07,,,,,,,,
USSG,2026-08-06,71.84,72.19,0.004871937639198132,2026-08-07,,,,,,,,
USSH,2026-08-06,50.2,50.26,0.0011952191235058418,2026-08-07,,,,,,,,
UST,2026-08-06,41.27,41.44,0.004119214926096237,2026-08-07,,,,,,,,
USTB,2026-08-06,50.52,50.42,-0.001979414093428389,2026-08-07,,,,,,,,
USVM,2026-08-06,110.47,110.63,0.001448357020005453,2026-08-07,,,,,,,,
USVN,2026-08-06,47.06,47.16,0.0021249468763280266,2026-08-07,,,,,,,,
USX,2026-08-06,25.27,25.61,0.013454689354966298,2026-08-07,,,,,,,,
USXF,2026-08-06,68.87,69.58,0.010309278350515427,2026-08-07,,,,,,,,
UTEN,2026-08-06,42.46,42.55,0.002119642016015,2026-08-07,,,,,,,,
UTES,2026-08-06,75.9,76.54,0.00843214756258237,2026-08-07,,,,,,,,
UTF,2026-08-06,27.25,27.23,-0.0007339449541283738,2026-08-07,,,,,,,,
UTG,2026-08-06,38.82,39.24,0.010819165378670892,2026-08-07,,,,,,,,
UTHR,2026-08-06,532.94,538.84,0.011070664615153714,2026-08-07,,,,,,,,
UTHY,2026-08-06,38.99,39.1,0.0028212362144139913,2026-08-07,,,,,,,,
UTI,2026-08-06,27.87,28.95,0.038751345532830994,2026-08-07,,,,,,,,
UTL,2026-08-06,53.8,53.73,-0.0013011152416356753,2026-08-07,,,,,,,,
UTMD,2026-08-06,69.97,70.83,0.012290981849363947,2026-08-07,,,,,,,,
UTRE,2026-08-06,48.9,48.96,0.0012269938650306678,2026-08-07,,,,,,,,
UTSI,2026-08-06,2.55,2.5,-0.019607843137254832,2026-08-07,,,,,,,,
UTSL,2026-08-06,39.41,39.94,0.013448363359553461,2026-08-07,,,,,,,,
UTWO,2026-08-06,47.9,47.95,0.0010438413361169019,2026-08-07,,,,,,,,
UTWY,2026-08-06,41.26,41.35,0.0021812893843917713,2026-08-07,,,,,,,,
UTZ,2026-08-06,14.16,14.11,-0.0035310734463277482,2026-08-07,,,,,,,,
UUP,2026-08-06,28.19,28.07,-0.004256828662646317,2026-08-07,,,,,,,,
UUPP,2026-08-06,25.08,25.1,0.0007974481658692412,2026-08-07,,,,,,,,
UUU,2026-08-06,3.58,3.5,-0.022346368715083775,2026-08-07,,,,,,,,
UUUC,2026-08-06,21.61,25.87,0.1971309578898659,2026-08-07,,,,,,,,
UUUG,2026-08-06,3.88,4.61,0.18814432989690744,2026-08-07,,,,,,,,
UUUU,2026-08-06,12.9,14.14,0.09612403100775202,2026-08-07,,,,,,,,
UVE,2026-08-06,45.08,44.15,-0.020629991126885572,2026-08-07,,,,,,,,
UVIX,2026-08-06,50.13,50.55,0.008378216636744318,2026-08-07,,,,,,,,
UVSP,2026-08-06,43.76,42.84,-0.02102376599634359,2026-08-07,,,,,,,,
UVV,2026-08-06,51.15,50.84,-0.006060606060605989,2026-08-07,,,,,,,,
UVXY,2026-08-06,21.56,21.62,0.002782931354360141,2026-08-07,,,,,,,,
UWM,2026-08-06,65.85,67.25,0.021260440394836877,2026-08-07,,,,,,,,
UWMC,2026-08-06,1.2,1.28,0.06666666666666665,2026-08-07,,,,,,,,
UX,2026-08-06,29.08,28.9,-0.0061898211829436445,2026-08-07,,,,,,,,
UXAP,2026-08-06,44.2,44.49,0.006561085972850655,2026-08-07,,,,,,,,
UXI,2026-08-06,62.59,62.86,0.004313788145070996,2026-08-07,,,,,,,,
UXIN,2026-08-06,1.01,1.28,0.26732673267326734,2026-08-07,,,,,,,,
UXJA,2026-08-06,39.17,39.43,0.006637732958897136,2026-08-07,,,,,,,,
UXJL,2026-08-06,37.39,37.63,0.006418828563787171,2026-08-07,,,,,,,,
UXOC,2026-08-06,40.36,40.63,0.006689791873141893,2026-08-07,,,,,,,,
UXRP,2026-08-06,9.42,9.22,-0.02123142250530774,2026-08-07,,,,,,,,
UYG,2026-08-06,98.52,97.87,-0.006597645148193165,2026-08-07,,,,,,,,
UYLD,2026-08-06,51.03,51.03,0.0,2026-08-07,,,,,,,,
UYM,2026-08-06,30.92,31.84,0.02975420439844756,2026-08-07,,,,,,,,
UYSC,2026-08-06,10.76,10.74,-0.0018587360594795044,2026-08-07,,,,,,,,
UZX,2026-08-06,0.23,0.23,0.0,2026-08-07,,,,,,,,
V,2026-08-06,370.47,362.5,-0.02151321294571762,2026-08-07,,,,,,,,
VABK,2026-08-06,46.89,47.91,0.021753039027511134,2026-08-07,,,,,,,,
VABS,2026-08-06,24.19,24.2,0.00041339396444795007,2026-08-07,,,,,,,,
VAC,2026-08-06,124.75,123.47,-0.010260521042084192,2026-08-07,,,,,,,,
VACI,2026-08-06,10.14,10.14,0.0,2026-08-07,,,,,,,,
VAIE,2026-08-06,24.88,25.12,0.009646302250803984,2026-08-07,,,,,,,,
VAL,2026-08-06,77.21,78.78,0.020334153607045824,2026-08-07,,,,,,,,
VALE,2026-08-06,14.72,14.71,-0.0006793478260869179,2026-08-07,,,,,,,,
VALG,2026-08-06,17.0,16.89,-0.006470588235294117,2026-08-07,,,,,,,,
VALN,2026-08-06,5.18,5.3,0.02316602316602312,2026-08-07,,,,,,,,
VALQ,2026-08-06,71.34,71.93,0.008270255116344272,2026-08-07,,,,,,,,
VALU,2026-08-06,36.14,38.47,0.06447149972329824,2026-08-07,,,,,,,,
VAMO,2026-08-06,36.22,36.37,0.004141358365543857,2026-08-07,,,,,,,,
VANI,2026-08-06,1.36,1.41,0.03676470588235281,2026-08-07,,,,,,,,
VATE,2026-08-06,7.41,12.11,0.6342780026990553,2026-08-07,,,,,,,,
VAVX,2026-08-06,13.38,13.38,0.0,2026-08-07,,,,,,,,
VAW,2026-08-06,232.97,236.41,0.014765849680216325,2026-08-07,,,,,,,,
VB,2026-08-06,301.96,306.09,0.013677308252748599,2026-08-07,,,,,,,,
VBCA,2026-08-06,75.49,75.51,0.00026493575307995343,2026-08-07,,,,,,,,
VBCB,2026-08-06,75.33,75.42,0.0011947431302270495,2026-08-07,,,,,,,,
VBCC,2026-08-06,75.13,75.24,0.0014641288433381305,2026-08-07,,,,,,,,
VBCD,2026-08-06,74.86,75.0,0.0018701576275714782,2026-08-07,,,,,,,,
VBCE,2026-08-06,74.81,74.95,0.0018714075658334828,2026-08-07,,,,,,,,
VBCF,2026-08-06,74.72,74.85,0.0017398286937901908,2026-08-07,,,,,,,,
VBCG,2026-08-06,74.32,74.42,0.0013455328310012504,2026-08-07,,,,,,,,
VBCH,2026-08-06,74.37,74.44,0.0009412397472097211,2026-08-07,,,,,,,,
VBCI,2026-08-06,74.21,74.3,0.0012127745586849592,2026-08-07,,,,,,,,
VBCJ,2026-08-06,74.03,74.09,0.0008104822369310316,2026-08-07,,,,,,,,
VBF,2026-08-06,14.76,14.78,0.0013550135501354532,2026-08-07,,,,,,,,
VBIL,2026-08-06,75.53,75.54,0.00013239772275919215,2026-08-07,,,,,,,,
VBIO,2026-08-06,0.27,0.29,0.07407407407407396,2026-08-07,,,,,,,,
VBK,2026-08-06,352.11,360.61,0.02414018346539426,2026-08-07,,,,,,,,
VBNB,2026-08-06,22.89,23.0,0.004805591961555278,2026-08-07,,,,,,,,
VBND,2026-08-06,43.03,43.15,0.0027887520334650695,2026-08-07,,,,,,,,
VBNK,2026-08-06,19.11,19.09,-0.0010465724751438366,2026-08-07,,,,,,,,
VBR,2026-08-06,248.41,249.9,0.005998148222696287,2026-08-07,,,,,,,,
VBX,2026-08-06,25.59,26.23,0.025009769441187935,2026-08-07,,,,,,,,
VC,2026-08-06,103.2,104.13,0.009011627906976738,2026-08-07,,,,,,,,
VCEB,2026-08-06,61.57,61.63,0.0009745005684587138,2026-08-07,,,,,,,,
VCEL,2026-08-06,44.75,45.09,0.007597765363128506,2026-08-07,,,,,,,,
VCHY,2026-08-06,74.88,75.04,0.002136752136752351,2026-08-07,,,,,,,,
VCIG,2026-08-06,0.3,0.29,-0.033333333333333326,2026-08-07,,,,,,,,
VCIT,2026-08-06,81.28,81.42,0.0017224409448819422,2026-08-07,,,,,,,,
VCLN,2026-08-06,28.44,28.35,-0.0031645569620253333,2026-08-07,,,,,,,,
VCLT,2026-08-06,72.24,72.36,0.0016611295681063787,2026-08-07,,,,,,,,
VCOB,2026-08-06,48.84,48.91,0.001433251433251348,2026-08-07,,,,,,,,
VCR,2026-08-06,397.38,403.04,0.01424329357290266,2026-08-07,,,,,,,,
VCRB,2026-08-06,75.96,76.08,0.0015797788309637184,2026-08-07,,,,,,,,
VCRE,2026-08-06,12.04,11.82,-0.01827242524916939,2026-08-07,,,,,,,,
VCRM,2026-08-06,75.02,75.18,0.0021327645961077835,2026-08-07,,,,,,,,
VCSH,2026-08-06,78.48,78.61,0.001656472986748092,2026-08-07,,,,,,,,
VCTR,2026-08-06,106.79,108.16,0.012828916565221338,2026-08-07,,,,,,,,
VCV,2026-08-06,10.58,10.63,0.004725897920605071,2026-08-07,,,,,,,,
VCX,2026-08-06,32.91,34.45,0.046794287450623084,2026-08-07,,,,,,,,
VCYT,2026-08-06,46.15,47.22,0.023185265438786518,2026-08-07,,,,,,,,
VDC,2026-08-06,230.79,231.22,0.0018631656484249248,2026-08-07,,,,,,,,
VDE,2026-08-06,164.12,162.37,-0.010662929563733825,2026-08-07,,,,,,,,
VDG,2026-08-06,80.88,81.85,0.011993076162215566,2026-08-07,,,,,,,,
VDI,2026-08-06,36.66,36.89,0.006273867975995717,2026-08-07,,,,,,,,
VDIG,2026-08-06,64.75,64.98,0.0035521235521236427,2026-08-07,,,,,,,,
VDV,2026-08-06,78.07,78.77,0.008966312283847921,2026-08-07,,,,,,,,
VEA,2026-08-06,72.12,72.89,0.010676650027731549,2026-08-07,,,,,,,,
VECA,2026-08-06,9.98,9.98,0.0,2026-08-07,,,,,,,,
VECO,2026-08-06,51.61,52.78,0.02267002518891692,2026-08-07,,,,,,,,
VEEA,2026-08-06,0.16,0.16,0.0,2026-08-07,,,,,,,,
VEEE,2026-08-06,9.19,8.5,-0.07508161044613704,2026-08-07,,,,,,,,
VEEV,2026-08-06,217.8,230.47,0.058172635445362664,2026-08-07,,,,,,,,
VEFA,2026-08-06,83.2,84.21,0.01213942307692295,2026-08-07,,,,,,,,
VEGA,2026-08-06,53.03,53.32,0.005468602677729528,2026-08-07,,,,,,,,
VEGI,2026-08-06,44.37,44.48,0.002479152580572519,2026-08-07,,,,,,,,
VEGN,2026-08-06,77.3,77.75,0.005821474773609392,2026-08-07,,,,,,,,
VEL,2026-08-06,18.21,18.46,0.013728720483251022,2026-08-07,,,,,,,,
VELL,2026-08-06,5.01,5.63,0.12375249500997998,2026-08-07,,,,,,,,
VELO,2026-08-06,13.22,14.16,0.07110438729198187,2026-08-07,,,,,,,,
VEM,2026-08-06,26.73,26.82,0.0033670033670034627,2026-08-07,,,,,,,,
VEMY,2026-08-06,28.62,28.72,0.0034940600978337066,2026-08-07,,,,,,,,
VENU,2026-08-06,2.0,2.02,0.010000000000000009,2026-08-07,,,,,,,,
VEON,2026-08-06,55.88,57.1,0.021832498210450968,2026-08-07,,,,,,,,
VERA,2026-08-06,32.02,32.89,0.027170518425983614,2026-08-07,,,,,,,,
VERI,2026-08-06,1.25,1.31,0.04800000000000004,2026-08-07,,,,,,,,
VERS,2026-08-06,71.71,73.45,0.02426439827081306,2026-08-07,,,,,,,,
VERU,2026-08-06,2.31,2.33,0.008658008658008587,2026-08-07,,,,,,,,
VERX,2026-08-06,11.57,11.94,0.03197925669835766,2026-08-07,,,,,,,,
VET,2026-08-06,10.97,10.86,-0.010027347310847867,2026-08-07,,,,,,,,
VETZ,2026-08-06,19.36,19.42,0.0030991735537191367,2026-08-07,,,,,,,,
VEU,2026-08-06,84.37,85.22,0.010074671091620191,2026-08-07,,,,,,,,
VEXC,2026-08-06,94.49,95.19,0.007408191342999304,2026-08-07,,,,,,,,
VFC,2026-08-06,14.75,14.99,0.01627118644067793,2026-08-07,,,,,,,,
VFF,2026-08-06,2.04,2.08,0.019607843137254832,2026-08-07,,,,,,,,
VFH,2026-08-06,141.39,140.9,-0.0034655916259989095,2026-08-07,,,,,,,,
VFLO,2026-08-06,50.34,51.46,0.022248708780294058,2026-08-07,,,,,,,,
VFMF,2026-08-06,183.49,184.76,0.006921358112158549,2026-08-07,,,,,,,,
VFMO,2026-08-06,230.52,232.7,0.009456880097171494,2026-08-07,,,,,,,,
VFMV,2026-08-06,145.71,146.58,0.005970763845995597,2026-08-07,,,,,,,,
VFQY,2026-08-06,175.46,176.95,0.008491963980394202,2026-08-07,,,,,,,,
VFS,2026-08-06,3.28,3.35,0.021341463414634276,2026-08-07,,,,,,,,
VFVA,2026-08-06,158.94,160.39,0.009122939474015324,2026-08-07,,,,,,,,
VG,2026-08-06,13.58,13.26,-0.02356406480117823,2026-08-07,,,,,,,,
VGAS,2026-08-06,1.34,1.34,0.0,2026-08-07,,,,,,,,
VGHY,2026-08-06,74.32,74.47,0.0020182992465016536,2026-08-07,,,,,,,,
VGI,2026-08-06,7.34,7.4,0.008174386920980936,2026-08-07,,,,,,,,
VGIT,2026-08-06,58.31,58.42,0.0018864688732636026,2026-08-07,,,,,,,,
VGK,2026-08-06,91.83,92.6,0.00838505934879663,2026-08-07,,,,,,,,
VGLT,2026-08-06,52.94,53.08,0.0026445032111825917,2026-08-07,,,,,,,,
VGM,2026-08-06,10.31,10.4,0.008729388942773975,2026-08-07,,,,,,,,
VGMS,2026-08-06,50.85,50.94,0.001769911504424737,2026-08-07,,,,,,,,
VGNT,2026-08-06,42.82,44.1,0.029892573563755187,2026-08-07,,,,,,,,
VGRO,2026-08-06,26.0,26.12,0.004615384615384688,2026-08-07,,,,,,,,
VGSH,2026-08-06,57.98,58.07,0.0015522593997931988,2026-08-07,,,,,,,,
VGSR,2026-08-06,11.53,11.59,0.005203816131829964,2026-08-07,,,,,,,,
VGT,2026-08-06,119.6,121.45,0.015468227424749292,2026-08-07,,,,,,,,
VGUS,2026-08-06,75.5,75.53,0.0003973509933774544,2026-08-07,,,,,,,,
VGVT,2026-08-06,74.17,74.24,0.0009437778077387993,2026-08-07,,,,,,,,
VGZ,2026-08-06,2.03,2.11,0.039408866995073843,2026-08-07,,,,,,,,
VHC,2026-08-06,16.01,15.08,-0.05808869456589638,2026-08-07,,,,,,,,
VHCP,2026-08-06,10.03,10.01,-0.001994017946161497,2026-08-07,,,,,,,,
VHI,2026-08-06,16.0,15.89,-0.0068749999999999645,2026-08-07,,,,,,,,
VHT,2026-08-06,309.02,312.12,0.010031713157724553,2026-08-07,,,,,,,,
VHUB,2026-08-06,0.68,0.69,0.014705882352941124,2026-08-07,,,,,,,,
VIA,2026-08-06,21.56,22.21,0.030148423005565972,2026-08-07,,,,,,,,
VIAG,2026-08-06,12.49,11.73,-0.06084867894315449,2026-08-07,,,,,,,,
VIAV,2026-08-06,40.59,39.14,-0.03572308450357242,2026-08-07,,,,,,,,
VICE,2026-08-06,33.48,33.54,0.0017921146953405742,2026-08-07,,,,,,,,
VICI,2026-08-06,26.54,26.74,0.007535795026375247,2026-08-07,,,,,,,,
VICR,2026-08-06,218.72,221.2,0.011338697878566117,2026-08-07,,,,,,,,
VIDA,2026-08-06,2.39,2.44,0.02092050209205021,2026-08-07,,,,,,,,
VIDI,2026-08-06,39.52,39.9,0.009615384615384581,2026-08-07,,,,,,,,
VIG,2026-08-06,244.37,245.23,0.003519253590866356,2026-08-07,,,,,,,,
VIGI,2026-08-06,98.47,99.6,0.011475576317660163,2026-08-07,,,,,,,,
VII,2026-08-06,9.83,9.81,-0.0020345879959308144,2026-08-07,,,,,,,,
VIK,2026-08-06,106.19,105.79,-0.003766833035125594,2026-08-07,,,,,,,,
VINP,2026-08-06,9.92,10.07,0.015120967741935498,2026-08-07,,,,,,,,
VIOG,2026-08-06,151.1,152.15,0.006949040370615611,2026-08-07,,,,,,,,
VIOO,2026-08-06,137.1,137.99,0.006491611962071486,2026-08-07,,,,,,,,
VIOT,2026-08-06,0.74,0.73,-0.013513513513513487,2026-08-07,,,,,,,,
VIOV,2026-08-06,118.38,119.48,0.009292110153742206,2026-08-07,,,,,,,,
VIP,2026-08-06,2.07,2.05,-0.009661835748792313,2026-08-07,,,,,,,,
VIPS,2026-08-06,15.41,15.68,0.017521090201167988,2026-08-07,,,,,,,,
VIR,2026-08-06,8.77,8.82,0.005701254275940704,2026-08-07,,,,,,,,
VIRC,2026-08-06,6.05,6.12,0.011570247933884392,2026-08-07,,,,,,,,
VIRT,2026-08-06,55.58,55.85,0.004857862540482261,2026-08-07,,,,,,,,
VIS,2026-08-06,355.45,356.83,0.003882402588268441,2026-08-07,,,,,,,,
VISN,2026-08-06,10.1,10.94,0.08316831683168324,2026-08-07,,,,,,,,
VIST,2026-08-06,66.31,65.96,-0.005278238576383765,2026-08-07,,,,,,,,
VITL,2026-08-06,12.51,12.24,-0.021582733812949617,2026-08-07,,,,,,,,
VIV,2026-08-06,12.08,12.01,-0.005794701986755024,2026-08-07,,,,,,,,
VIVK,2026-08-06,1.43,1.26,-0.11888111888111885,2026-08-07,,,,,,,,
VIVO,2026-08-06,3.83,4.04,0.05483028720626626,2026-08-07,,,,,,,,
VIVS,2026-08-06,0.33,0.47,0.4242424242424241,2026-08-07,,,,,,,,
VIXM,2026-08-06,14.17,14.35,0.01270289343683828,2026-08-07,,,,,,,,
VIXY,2026-08-06,19.53,19.56,0.001536098310291667,2026-08-07,,,,,,,,
VKI,2026-08-06,8.94,9.02,0.008948545861297452,2026-08-07,,,,,,,,
VKQ,2026-08-06,9.89,9.95,0.006066734074822833,2026-08-07,,,,,,,,
VKTX,2026-08-06,33.3,34.26,0.028828828828828756,2026-08-07,,,,,,,,
VLGEA,2026-08-06,43.22,43.17,-0.0011568718186024673,2026-08-07,,,,,,,,
VLLU,2026-08-06,26.9,26.95,0.0018587360594795044,2026-08-07,,,,,,,,
VLN,2026-08-06,1.68,1.74,0.03571428571428581,2026-08-07,,,,,,,,
VLO,2026-08-06,302.99,298.31,-0.015446054325225278,2026-08-07,,,,,,,,
VLOS,2026-08-06,10.77,10.74,-0.0027855153203342198,2026-08-07,,,,,,,,
VLRS,2026-08-06,8.05,8.17,0.014906832298136496,2026-08-07,,,,,,,,
VLT,2026-08-06,10.04,10.09,0.004980079681274896,2026-08-07,,,,,,,,
VLTO,2026-08-06,98.02,98.34,0.0032646398694144985,2026-08-07,,,,,,,,
VLU,2026-08-06,246.76,247.81,0.004255146701248158,2026-08-07,,,,,,,,
VLUE,2026-08-06,196.2,197.63,0.007288481141692227,2026-08-07,,,,,,,,
VLY,2026-08-06,14.47,14.55,0.005528680027643507,2026-08-07,,,,,,,,
VMAR,2026-08-06,0.72,0.66,-0.08333333333333326,2026-08-07,,,,,,,,
VMAX,2026-08-06,63.93,64.08,0.002346316283434957,2026-08-07,,,,,,,,
VMBS,2026-08-06,46.1,46.24,0.0030368763557484524,2026-08-07,,,,,,,,
VMC,2026-08-06,281.63,284.69,0.010865319745765767,2026-08-07,,,,,,,,
VMD,2026-08-06,9.52,9.73,0.02205882352941191,2026-08-07,,,,,,,,
VMET,2026-08-06,9.75,10.25,0.05128205128205132,2026-08-07,,,,,,,,
VMI,2026-08-06,491.91,493.64,0.0035169034986073378,2026-08-07,,,,,,,,
VMO,2026-08-06,9.79,9.83,0.0040858018386109585,2026-08-07,,,,,,,,
VMSB,2026-08-06,49.26,49.59,0.006699147381242554,2026-08-07,,,,,,,,
VNAM,2026-08-06,24.01,24.01,0.0,2026-08-07,,,,,,,,
VNCE,2026-08-06,6.86,6.76,-0.014577259475218707,2026-08-07,,,,,,,,
VNDA,2026-08-06,5.11,5.0,-0.021526418786692814,2026-08-07,,,,,,,,
VNET,2026-08-06,7.01,7.33,0.04564907275320973,2026-08-07,,,,,,,,
VNIE,2026-08-06,25.32,25.46,0.005529225908372792,2026-08-07,,,,,,,,
VNLA,2026-08-06,48.84,48.89,0.0010237510237509628,2026-08-07,,,,,,,,
VNM,2026-08-06,17.44,17.44,0.0,2026-08-07,,,,,,,,
VNME,2026-08-06,10.25,10.25,0.0,2026-08-07,,,,,,,,
VNO,2026-08-06,38.94,39.5,0.014381099126861807,2026-08-07,,,,,,,,
VNOM,2026-08-06,41.41,40.82,-0.01424776624003854,2026-08-07,,,,,,,,
VNQ,2026-08-06,98.04,98.43,0.00397796817625462,2026-08-07,,,,,,,,
VNQI,2026-08-06,45.9,46.23,0.007189542483660105,2026-08-07,,,,,,,,
VNRX,2026-08-06,0.77,0.78,0.012987012987013102,2026-08-07,,,,,,,,
VNSE,2026-08-06,42.69,42.81,0.0028109627547436844,2026-08-07,,,,,,,,
VNT,2026-08-06,35.28,35.09,-0.005385487528344557,2026-08-07,,,,,,,,
VNTG,2026-08-06,0.64,0.66,0.03125,2026-08-07,,,,,,,,
VO,2026-08-06,82.14,82.69,0.00669588507426333,2026-08-07,,,,,,,,
VOC,2026-08-06,2.98,3.05,0.02348993288590595,2026-08-07,,,,,,,,
VOD,2026-08-06,16.0,16.19,0.01187500000000008,2026-08-07,,,,,,,,
VOE,2026-08-06,206.64,207.1,0.002226093689508435,2026-08-07,,,,,,,,
VOLT,2026-08-06,38.08,38.09,0.0002626050420169168,2026-08-07,,,,,,,,
VONE,2026-08-06,347.75,350.17,0.006959022286125105,2026-08-07,,,,,,,,
VONG,2026-08-06,127.16,128.28,0.008807801195344522,2026-08-07,,,,,,,,
VONV,2026-08-06,112.31,112.97,0.00587659157688547,2026-08-07,,,,,,,,
VOO,2026-08-06,706.4,710.71,0.006101359003397588,2026-08-07,,,,,,,,
VOOG,2026-08-06,84.84,85.42,0.006836397925506832,2026-08-07,,,,,,,,
VOOV,2026-08-06,226.45,227.6,0.005078383749172133,2026-08-07,,,,,,,,
VOOX,2026-08-06,25.26,25.54,0.011084718923198622,2026-08-07,,,,,,,,
VOR,2026-08-06,23.7,23.67,-0.0012658227848100223,2026-08-07,,,,,,,,
VOT,2026-08-06,302.03,306.28,0.014071449855974638,2026-08-07,,,,,,,,
VOTE,2026-08-06,90.61,91.22,0.006732148769451385,2026-08-07,,,,,,,,
VOX,2026-08-06,186.32,187.52,0.006440532417346656,2026-08-07,,,,,,,,
VOXP,2026-08-06,39.74,40.13,0.009813789632612036,2026-08-07,,,,,,,,
VOXR,2026-08-06,4.97,5.04,0.014084507042253502,2026-08-07,,,,,,,,
VOYA,2026-08-06,101.5,101.4,-0.0009852216748768017,2026-08-07,,,,,,,,
VOYG,2026-08-06,38.31,41.85,0.09240407204385281,2026-08-07,,,,,,,,
VPC,2026-08-06,15.47,15.74,0.01745313510019386,2026-08-07,,,,,,,,
VPFF,2026-08-06,25.18,25.24,0.002382843526608447,2026-08-07,,,,,,,,
VPG,2026-08-06,68.05,68.59,0.007935341660543882,2026-08-07,,,,,,,,
VPL,2026-08-06,112.28,113.75,0.013092269326683281,2026-08-07,,,,,,,,
VPLS,2026-08-06,76.4,76.49,0.0011780104712040274,2026-08-07,,,,,,,,
VPU,2026-08-06,187.64,188.86,0.006501811980388128,2026-08-07,,,,,,,,
VPV,2026-08-06,10.91,11.16,0.0229147571035746,2026-08-07,,,,,,,,
VRA,2026-08-06,3.38,3.47,0.026627218934911268,2026-08-07,,,,,,,,
VRAI,2026-08-06,28.08,28.12,0.0014245014245015675,2026-08-07,,,,,,,,
VRAX,2026-08-06,2.77,2.98,0.07581227436823101,2026-08-07,,,,,,,,
VRC,2026-08-06,18.85,18.48,-0.019628647214854134,2026-08-07,,,,,,,,
VRCA,2026-08-06,5.36,5.08,-0.052238805970149294,2026-08-07,,,,,,,,
VRDN,2026-08-06,22.51,23.59,0.04797867614393603,2026-08-07,,,,,,,,
VREX,2026-08-06,12.25,12.41,0.013061224489795853,2026-08-07,,,,,,,,
VRIG,2026-08-06,25.08,25.09,0.0003987240829346206,2026-08-07,,,,,,,,
VRM,2026-08-06,9.23,9.2,-0.003250270855904791,2026-08-07,,,,,,,,
VRME,2026-08-06,0.7,0.7,0.0,2026-08-07,,,,,,,,
VRNS,2026-08-06,42.44,43.52,0.025447690857681504,2026-08-07,,,,,,,,
VRP,2026-08-06,24.23,24.27,0.0016508460586051044,2026-08-07,,,,,,,,
VRRM,2026-08-06,5.12,4.9,-0.04296875,2026-08-07,,,,,,,,
VRSK,2026-08-06,189.75,191.82,0.01090909090909098,2026-08-07,,,,,,,,
VRSN,2026-08-06,292.53,294.56,0.006939459200765885,2026-08-07,,,,,,,,
VRT,2026-08-06,275.17,272.4,-0.01006650434277001,2026-08-07,,,,,,,,
VRTL,2026-08-06,31.86,31.26,-0.01883239171374762,2026-08-07,,,,,,,,
VRTS,2026-08-06,163.5,165.16,0.010152905198776763,2026-08-07,,,,,,,,
VRTX,2026-08-06,484.03,496.07,0.024874491250542308,2026-08-07,,,,,,,,
VRXA,2026-08-06,1.86,1.99,0.06989247311827951,2026-08-07,,,,,,,,
VS,2026-08-06,1.31,1.31,0.0,2026-08-07,,,,,,,,
VSA,2026-08-06,3.05,3.8,0.24590163934426235,2026-08-07,,,,,,,,
VSAT,2026-08-06,81.99,80.38,-0.019636541041590405,2026-08-07,,,,,,,,
VSDA,2026-08-06,60.28,60.44,0.002654280026542777,2026-08-07,,,,,,,,
VSDB,2026-08-06,75.86,75.94,0.0010545742156604643,2026-08-07,,,,,,,,
VSDM,2026-08-06,76.09,76.16,0.0009199632014718073,2026-08-07,,,,,,,,
VSEC,2026-08-06,225.45,218.18,-0.03224661787536032,2026-08-07,,,,,,,,
VSEE,2026-08-06,0.05,0.05,0.0,2026-08-07,,,,,,,,
VSGX,2026-08-06,81.86,82.79,0.011360860004886453,2026-08-07,,,,,,,,
VSH,2026-08-06,32.78,35.41,0.0802318486882243,2026-08-07,,,,,,,,
VSHY,2026-08-06,21.7,21.73,0.0013824884792628112,2026-08-07,,,,,,,,
VSLU,2026-08-06,48.95,49.19,0.004902962206332795,2026-08-07,,,,,,,,
VSME,2026-08-06,1.28,1.2,-0.0625,2026-08-07,,,,,,,,
VSMV,2026-08-06,60.42,60.78,0.005958291956305928,2026-08-07,,,,,,,,
VSNT,2026-08-06,38.22,38.67,0.011773940345368938,2026-08-07,,,,,,,,
VSOL,2026-08-06,9.74,9.9,0.01642710472279263,2026-08-07,,,,,,,,
VSS,2026-08-06,157.16,158.68,0.009671672181216673,2026-08-07,,,,,,,,
VST,2026-08-06,141.38,140.59,-0.005587777620596923,2026-08-07,,,,,,,,
VSTL,2026-08-06,21.8,21.45,-0.016055045871559703,2026-08-07,,,,,,,,
VSTM,2026-08-06,5.91,6.74,0.14043993231810492,2026-08-07,,,,,,,,
VSTS,2026-08-06,13.85,14.21,0.02599277978339365,2026-08-07,,,,,,,,
VSXY,2026-08-06,93.52,98.54,0.053678357570573265,2026-08-07,,,,,,,,
VT,2026-08-06,159.92,161.3,0.008629314657328857,2026-08-07,,,,,,,,
VTAK,2026-08-06,0.27,0.28,0.03703703703703698,2026-08-07,,,,,,,,
VTC,2026-08-06,75.28,75.4,0.0015940488841659217,2026-08-07,,,,,,,,
VTEB,2026-08-06,49.67,49.81,0.0028186027783370093,2026-08-07,,,,,,,,
VTEC,2026-08-06,98.86,99.14,0.0028322880841593623,2026-08-07,,,,,,,,
VTEI,2026-08-06,99.22,99.59,0.0037290868776456154,2026-08-07,,,,,,,,
VTEL,2026-08-06,102.21,102.56,0.0034243224733392363,2026-08-07,,,,,,,,
VTES,2026-08-06,100.69,100.81,0.0011917767404907575,2026-08-07,,,,,,,,
VTEX,2026-08-06,4.29,4.18,-0.02564102564102566,2026-08-07,,,,,,,,
VTG,2026-08-06,74.19,74.29,0.0013478905512873673,2026-08-07,,,,,,,,
VTGN,2026-08-06,0.28,0.29,0.03571428571428559,2026-08-07,,,,,,,,
VTHR,2026-08-06,339.27,341.99,0.008017213428832548,2026-08-07,,,,,,,,
VTI,2026-08-06,379.07,381.78,0.007149075368665381,2026-08-07,,,,,,,,
VTIP,2026-08-06,49.63,49.67,0.0008059641345958823,2026-08-07,,,,,,,,
VTIX,2026-08-06,1.69,1.75,0.035502958579881616,2026-08-07,,,,,,,,
VTMX,2026-08-06,33.69,34.23,0.01602849510240434,2026-08-07,,,,,,,,
VTN,2026-08-06,11.26,11.43,0.015097690941385356,2026-08-07,,,,,,,,
VTOL,2026-08-06,45.01,45.76,0.016662963785825324,2026-08-07,,,,,,,,
VTP,2026-08-06,75.15,75.29,0.001862940785096523,2026-08-07,,,,,,,,
VTR,2026-08-06,92.26,93.36,0.011922826793843377,2026-08-07,,,,,,,,
VTRS,2026-08-06,16.29,16.43,0.008594229588704705,2026-08-07,,,,,,,,
VTS,2026-08-06,15.73,15.8,0.00445009535918639,2026-08-07,,,,,,,,
VTSI,2026-08-06,3.07,3.05,-0.006514657980456029,2026-08-07,,,,,,,,
VTV,2026-08-06,223.37,224.31,0.004208264314814025,2026-08-07,,,,,,,,
VTVT,2026-08-06,34.61,35.37,0.021958971395550364,2026-08-07,,,,,,,,
VTWG,2026-08-06,280.71,284.64,0.014000213743721401,2026-08-07,,,,,,,,
VTWO,2026-08-06,120.53,121.85,0.010951630299510517,2026-08-07,,,,,,,,
VTWV,2026-08-06,197.35,198.93,0.008006080567519724,2026-08-07,,,,,,,,
VUG,2026-08-06,88.68,89.4,0.008119079837618282,2026-08-07,,,,,,,,
VUS,2026-08-06,30.41,30.52,0.0036172311739559593,2026-08-07,,,,,,,,
VUSB,2026-08-06,49.64,49.66,0.00040290088638195165,2026-08-07,,,,,,,,
VUSE,2026-08-06,73.44,73.47,0.00040849673202614234,2026-08-07,,,,,,,,
VUSG,2026-08-06,65.25,66.35,0.01685823754789273,2026-08-07,,,,,,,,
VUSI,2026-08-06,50.17,50.22,0.0009966115208290827,2026-08-07,,,,,,,,
VUSV,2026-08-06,71.67,72.31,0.008929817217803837,2026-08-07,,,,,,,,
VUZI,2026-08-06,2.58,2.69,0.042635658914728536,2026-08-07,,,,,,,,
VV,2026-08-06,353.82,356.06,0.0063309027188966915,2026-08-07,,,,,,,,
VVOS,2026-08-06,0.32,0.32,0.0,2026-08-07,,,,,,,,
VVR,2026-08-06,2.96,2.95,-0.0033783783783782884,2026-08-07,,,,,,,,
VVV,2026-08-06,35.62,35.34,-0.007860752386299685,2026-08-07,,,,,,,,
VVX,2026-08-06,84.57,84.41,-0.0018919238500649804,2026-08-07,,,,,,,,
VWAV,2026-08-06,1.24,1.4,0.12903225806451601,2026-08-07,,,,,,,,
VWO,2026-08-06,59.96,60.47,0.008505670446964597,2026-08-07,,,,,,,,
VWOB,2026-08-06,66.03,66.21,0.0027260336210812586,2026-08-07,,,,,,,,
VXF,2026-08-06,243.05,247.31,0.017527257765891813,2026-08-07,,,,,,,,
VXUS,2026-08-06,86.32,87.21,0.010310472659870173,2026-08-07,,,,,,,,
VXX,2026-08-06,20.23,20.32,0.004448838358872997,2026-08-07,,,,,,,,
VXZ,2026-08-06,49.91,50.3,0.007814065317571561,2026-08-07,,,,,,,,
VYGR,2026-08-06,3.13,3.27,0.04472843450479247,2026-08-07,,,,,,,,
VYLD,2026-08-06,30.22,30.21,-0.0003309066843149022,2026-08-07,,,,,,,,
VYM,2026-08-06,164.77,165.63,0.005219396734842396,2026-08-07,,,,,,,,
VYMI,2026-08-06,104.38,105.05,0.006418854186625911,2026-08-07,,,,,,,,
VYX,2026-08-06,8.38,8.25,-0.015513126491646823,2026-08-07,,,,,,,,
VZ,2026-08-06,46.99,47.06,0.001489678655032911,2026-08-07,,,,,,,,
VZLA,2026-08-06,3.53,3.74,0.059490084985835745,2026-08-07,,,,,,,,
W,2026-08-06,104.07,106.6,0.02431056019986544,2026-08-07,,,,,,,,
WAB,2026-08-06,295.23,291.81,-0.01158418859871968,2026-08-07,,,,,,,,
WABC,2026-08-06,59.67,59.13,-0.009049773755656076,2026-08-07,,,,,,,,
WABF,2026-08-06,24.51,24.53,0.00081599347205219,2026-08-07,,,,,,,,
WAFD,2026-08-06,37.47,37.16,-0.008273285294902677,2026-08-07,,,,,,,,
WAFU,2026-08-06,1.41,1.44,0.02127659574468077,2026-08-07,,,,,,,,
WAGN,2026-08-06,14.78,14.8,0.0013531799729364913,2026-08-07,,,,,,,,
WAL,2026-08-06,81.33,81.33,0.0,2026-08-07,,,,,,,,
WALD,2026-08-06,1.44,1.39,-0.03472222222222221,2026-08-07,,,,,,,,
WAMA,2026-08-06,26.95,27.13,0.006679035250463761,2026-08-07,,,,,,,,
WANT,2026-08-06,42.71,44.45,0.04073987356590969,2026-08-07,,,,,,,,
WAR,2026-08-06,31.4,32.27,0.027707006369426912,2026-08-07,,,,,,,,
WARP,2026-08-06,20.71,22.22,0.07291163689039104,2026-08-07,,,,,,,,
WASH,2026-08-06,39.07,38.85,-0.005630918863578138,2026-08-07,,,,,,,,
WAT,2026-08-06,399.7,406.86,0.01791343507630727,2026-08-07,,,,,,,,
WATS,2026-08-06,20.62,21.27,0.03152279340446151,2026-08-07,,,,,,,,
WATT,2026-08-06,17.91,18.49,0.032384142936906724,2026-08-07,,,,,,,,
WAVE,2026-08-06,6.96,6.94,-0.002873563218390718,2026-08-07,,,,,,,,
WAY,2026-08-06,23.37,24.23,0.03679931536157466,2026-08-07,,,,,,,,
WB,2026-08-06,7.88,7.94,0.0076142131979695105,2026-08-07,,,,,,,,
WBD,2026-08-06,26.4,26.78,0.014393939393939403,2026-08-07,,,,,,,,
WBI,2026-08-06,32.72,32.0,-0.022004889975550057,2026-08-07,,,,,,,,
WBIF,2026-08-06,36.51,36.7,0.005204053683922405,2026-08-07,,,,,,,,
WBIG,2026-08-06,26.43,26.67,0.009080590238365494,2026-08-07,,,,,,,,
WBIL,2026-08-06,40.33,41.1,0.019092486982395407,2026-08-07,,,,,,,,
WBIY,2026-08-06,37.52,38.0,0.012793176972281328,2026-08-07,,,,,,,,
WBS,2026-08-06,78.78,79.03,0.003173394262503182,2026-08-07,,,,,,,,
WBTN,2026-08-06,8.71,8.93,0.025258323765786406,2026-08-07,,,,,,,,
WBUY,2026-08-06,0.91,0.9,-0.01098901098901095,2026-08-07,,,,,,,,
WBX,2026-08-06,3.44,3.38,-0.01744186046511631,2026-08-07,,,,,,,,
WCAP,2026-08-06,9.41,9.46,0.005313496280552776,2026-08-07,,,,,,,,
WCBR,2026-08-06,39.24,40.35,0.02828746177370034,2026-08-07,,,,,,,,
WCC,2026-08-06,371.77,363.74,-0.021599375958253675,2026-08-07,,,,,,,,
WCEO,2026-08-06,39.12,39.54,0.010736196319018454,2026-08-07,,,,,,,,
WCLD,2026-08-06,37.47,39.01,0.0410995463037096,2026-08-07,,,,,,,,
WCME,2026-08-06,18.71,18.77,0.003206841261357507,2026-08-07,,,,,,,,
WCMG,2026-08-06,21.6,21.72,0.005555555555555536,2026-08-07,,,,,,,,
WCMI,2026-08-06,19.54,19.64,0.005117707267144445,2026-08-07,,,,,,,,
WCN,2026-08-06,167.39,166.71,-0.004062369317163417,2026-08-07,,,,,,,,
WCPB,2026-08-06,25.1,25.14,0.0015936254980080111,2026-08-07,,,,,,,,
WCT,2026-08-06,0.82,0.84,0.024390243902439046,2026-08-07,,,,,,,,
WD,2026-08-06,44.26,44.43,0.0038409399005874256,2026-08-07,,,,,,,,
WDAF,2026-08-06,31.14,31.81,0.02151573538856777,2026-08-07,,,,,,,,
WDAI,2026-08-06,28.3,28.75,0.01590106007067127,2026-08-07,,,,,,,,
WDAY,2026-08-06,170.24,179.64,0.05521616541353369,2026-08-07,,,,,,,,
WDC,2026-08-06,451.52,434.3,-0.038137845499645606,2026-08-07,,,,,,,,
WDCC,2026-08-06,13.86,12.63,-0.08874458874458868,2026-08-07,,,,,,,,
WDCX,2026-08-06,18.29,16.91,-0.07545106615636954,2026-08-07,,,,,,,,
WDE,2026-08-06,25.03,25.05,0.0007990411506193507,2026-08-07,,,,,,,,
WDEF,2026-08-06,31.93,32.19,0.008142812402129662,2026-08-07,,,,,,,,
WDFC,2026-08-06,231.2,234.93,0.016133217993079763,2026-08-07,,,,,,,,
WDGF,2026-08-06,33.51,33.99,0.0143240823634736,2026-08-07,,,,,,,,
WDH,2026-08-06,1.0,1.0,0.0,2026-08-07,,,,,,,,
WDI,2026-08-06,13.06,13.12,0.004594180704440953,2026-08-07,,,,,,,,
WDIG,2026-08-06,44.24,45.85,0.03639240506329111,2026-08-07,,,,,,,,
WDIV,2026-08-06,83.66,84.45,0.009442983504661884,2026-08-07,,,,,,,,
WDNA,2026-08-06,20.3,20.87,0.028078817733990125,2026-08-07,,,,,,,,
WDRN,2026-08-06,27.9,28.43,0.018996415770609287,2026-08-07,,,,,,,,
WDS,2026-08-06,22.7,22.42,-0.012334801762114433,2026-08-07,,,,,,,,
WDTE,2026-08-06,29.9,29.99,0.003010033444815985,2026-08-07,,,,,,,,
WEA,2026-08-06,10.48,10.49,0.000954198473282375,2026-08-07,,,,,,,,
WEAT,2026-08-06,23.72,23.91,0.008010118043844994,2026-08-07,,,,,,,,
WEAV,2026-08-06,6.66,5.29,-0.20570570570570568,2026-08-07,,,,,,,,
WEBL,2026-08-06,27.67,29.37,0.06143838091796172,2026-08-07,,,,,,,,
WEBS,2026-08-06,15.52,14.56,-0.061855670103092675,2026-08-07,,,,,,,,
WEBX,2026-08-06,24.32,24.69,0.015213815789473673,2026-08-07,,,,,,,,
WEC,2026-08-06,107.97,107.63,-0.0031490228767250272,2026-08-07,,,,,,,,
WEED,2026-08-06,19.27,19.23,-0.002075765438505406,2026-08-07,,,,,,,,
WEEI,2026-08-06,23.77,23.59,-0.007572570466975126,2026-08-07,,,,,,,,
WEEK,2026-08-06,100.04,100.04,0.0,2026-08-07,,,,,,,,
WEEL,2026-08-06,20.4,20.52,0.00588235294117645,2026-08-07,,,,,,,,
WELD,2026-08-06,58.44,58.68,0.004106776180698102,2026-08-07,,,,,,,,
WELL,2026-08-06,236.0,236.92,0.0038983050847456457,2026-08-07,,,,,,,,
WEN,2026-08-06,7.39,7.69,0.040595399188092074,2026-08-07,,,,,,,,
WENC,2026-08-06,10.0,9.96,-0.0039999999999998925,2026-08-07,,,,,,,,
WENN,2026-08-06,10.35,10.39,0.0038647342995170586,2026-08-07,,,,,,,,
WEPN,2026-08-06,43.91,45.89,0.045092234115235774,2026-08-07,,,,,,,,
WERN,2026-08-06,36.87,37.51,0.017358285869270462,2026-08-07,,,,,,,,
WES,2026-08-06,46.96,46.62,-0.007240204429301622,2026-08-07,,,,,,,,
WEST,2026-08-06,8.09,8.23,0.017305315203955507,2026-08-07,,,,,,,,
WETH,2026-08-06,1.08,1.06,-0.01851851851851849,2026-08-07,,,,,,,,
WETO,2026-08-06,5.77,4.96,-0.14038128249566717,2026-08-07,,,,,,,,
WEX,2026-08-06,189.54,185.22,-0.022792022792022748,2026-08-07,,,,,,,,
WEYS,2026-08-06,43.91,46.17,0.05146891368708739,2026-08-07,,,,,,,,
WF,2026-08-06,70.35,72.62,0.03226723525231012,2026-08-07,,,,,,,,
WFC,2026-08-06,87.59,87.25,-0.0038817216577234914,2026-08-07,,,,,,,,
WFCF,2026-08-06,13.0,12.99,-0.0007692307692307443,2026-08-07,,,,,,,,
WFF,2026-08-06,2.72,2.3,-0.15441176470588247,2026-08-07,,,,,,,,
WFG,2026-08-06,69.85,72.14,0.03278453829634942,2026-08-07,,,,,,,,
WFRD,2026-08-06,88.96,86.82,-0.024055755395683498,2026-08-07,,,,,,,,
WGMI,2026-08-06,48.46,48.4,-0.0012381345439538283,2026-08-07,,,,,,,,
WGO,2026-08-06,31.29,32.16,0.0278044103547459,2026-08-07,,,,,,,,
WGS,2026-08-06,69.59,77.08,0.10763040666762458,2026-08-07,,,,,,,,
WH,2026-08-06,75.21,73.81,-0.018614545938040017,2026-08-07,,,,,,,,
WHD,2026-08-06,68.54,67.9,-0.009337613072658346,2026-08-07,,,,,,,,
WHF,2026-08-06,6.67,6.78,0.016491754122938573,2026-08-07,,,,,,,,
WHG,2026-08-06,19.48,19.88,0.02053388090349073,2026-08-07,,,,,,,,
WHK,2026-08-06,25.83,26.09,0.010065814943863716,2026-08-07,,,,,,,,
WHLR,2026-08-06,0.49,0.44,-0.10204081632653061,2026-08-07,,,,,,,,
WHR,2026-08-06,43.0,43.28,0.006511627906976791,2026-08-07,,,,,,,,
WHWK,2026-08-06,4.7,4.76,0.012765957446808418,2026-08-07,,,,,,,,
WIA,2026-08-06,7.96,7.98,0.002512562814070307,2026-08-07,,,,,,,,
WILC,2026-08-06,28.21,28.99,0.027649769585253337,2026-08-07,,,,,,,,
WIMA,2026-08-06,43.76,44.23,0.010740402193784249,2026-08-07,,,,,,,,
WIMI,2026-08-06,1.36,1.33,-0.022058823529411797,2026-08-07,,,,,,,,
WINA,2026-08-06,353.78,368.12,0.040533664989541585,2026-08-07,,,,,,,,
WING,2026-08-06,116.62,116.82,0.00171497170296675,2026-08-07,,,,,,,,
WINN,2026-08-06,33.76,34.06,0.008886255924170694,2026-08-07,,,,,,,,
WIP,2026-08-06,39.34,39.63,0.007371631926792022,2026-08-07,,,,,,,,
WISE,2026-08-06,37.02,38.12,0.029713668287411954,2026-08-07,,,,,,,,
WIT,2026-08-06,1.99,2.02,0.015075376884422065,2026-08-07,,,,,,,,
WIW,2026-08-06,8.36,8.38,0.0023923444976077235,2026-08-07,,,,,,,,
WIX,2026-08-06,60.88,60.2,-0.011169513797634645,2026-08-07,,,,,,,,
WK,2026-08-06,62.05,65.14,0.04979854955680918,2026-08-07,,,,,,,,
WKC,2026-08-06,37.23,36.43,-0.021488047273703903,2026-08-07,,,,,,,,
WKEY,2026-08-06,6.61,6.47,-0.021180030257186178,2026-08-07,,,,,,,,
WKHS,2026-08-06,3.23,3.33,0.03095975232198156,2026-08-07,,,,,,,,
WKSP,2026-08-06,0.71,0.69,-0.028169014084507116,2026-08-07,,,,,,,,
WLCOU,2026-08-06,9.99,9.99,0.0,2026-08-07,,,,,,,,
WLDN,2026-08-06,73.69,86.24,0.17030804722486081,2026-08-07,,,,,,,,
WLDR,2026-08-06,46.6,47.02,0.009012875536480669,2026-08-07,,,,,,,,
WLDS,2026-08-06,4.24,4.19,-0.011792452830188593,2026-08-07,,,,,,,,
WLDU,2026-08-06,17.81,18.1,0.01628298708590692,2026-08-07,,,,,,,,
WLFC,2026-08-06,63.92,61.05,-0.04489987484355451,2026-08-07,,,,,,,,
WLII,2026-08-06,10.28,10.28,0.0,2026-08-07,,,,,,,,
WLK,2026-08-06,77.47,77.47,0.0,2026-08-07,,,,,,,,
WLKP,2026-08-06,21.35,21.66,0.014519906323184895,2026-08-07,,,,,,,,
WLTG,2026-08-06,38.71,38.82,0.0028416429863085124,2026-08-07,,,,,,,,
WLTH,2026-08-06,9.63,9.7,0.007268951194184581,2026-08-07,,,,,,,,
WLY,2026-08-06,53.65,52.33,-0.0246039142590867,2026-08-07,,,,,,,,
WM,2026-08-06,229.01,227.68,-0.005807606654731123,2026-08-07,,,,,,,,
WMB,2026-08-06,71.76,70.4,-0.018952062430323324,2026-08-07,,,,,,,,
WMG,2026-08-06,26.44,26.39,-0.0018910741301059186,2026-08-07,,,,,,,,
WMK,2026-08-06,76.24,75.25,-0.012985309548793178,2026-08-07,,,,,,,,
WMS,2026-08-06,148.45,143.95,-0.030313236780060593,2026-08-07,,,,,,,,
WMSB,2026-08-06,24.95,24.97,0.0008016032064128709,2026-08-07,,,,,,,,
WMT,2026-08-06,112.07,111.85,-0.0019630588025341122,2026-08-07,,,,,,,,
WMTI,2026-08-06,21.06,21.02,-0.0018993352326684976,2026-08-07,,,,,,,,
WNC,2026-08-06,12.56,12.93,0.02945859872611467,2026-08-07,,,,,,,,
WNDR,2026-08-06,28.24,28.44,0.00708215297450443,2026-08-07,,,,,,,,
WNEB,2026-08-06,14.08,13.72,-0.025568181818181768,2026-08-07,,,,,,,,
WNTR,2026-08-06,25.89,25.37,-0.02008497489378136,2026-08-07,,,,,,,,
WNW,2026-08-06,2.73,2.6,-0.04761904761904756,2026-08-07,,,,,,,,
WOK,2026-08-06,2.07,2.12,0.024154589371980784,2026-08-07,,,,,,,,
WOLF,2026-08-06,27.59,32.87,0.19137368611815875,2026-08-07,,,,,,,,
WOMN,2026-08-06,44.99,45.35,0.008001778172927354,2026-08-07,,,,,,,,
WOOD,2026-08-06,72.5,73.54,0.014344827586207032,2026-08-07,,,,,,,,
WOOF,2026-08-06,2.77,2.78,0.0036101083032489267,2026-08-07,,,,,,,,
WOR,2026-08-06,57.89,58.42,0.009155294524097357,2026-08-07,,,,,,,,
WPAC,2026-08-06,10.02,10.02,0.0,2026-08-07,,,,,,,,
WPC,2026-08-06,71.85,71.81,-0.0005567153792622737,2026-08-07,,,,,,,,
WPM,2026-08-06,125.3,134.2,0.07102952913008775,2026-08-07,,,,,,,,
WPP,2026-08-06,25.95,27.55,0.06165703275529877,2026-08-07,,,,,,,,
WPRT,2026-08-06,1.85,1.88,0.01621621621621605,2026-08-07,,,,,,,,
WQTM,2026-08-06,33.53,34.6,0.03191172084700278,2026-08-07,,,,,,,,
WR,2026-08-06,26.27,26.33,0.0022839741149600634,2026-08-07,,,,,,,,
WRAP,2026-08-06,1.95,1.87,-0.04102564102564099,2026-08-07,,,,,,,,
WRB,2026-08-06,72.13,71.6,-0.007347844170248141,2026-08-07,,,,,,,,
WRBY,2026-08-06,26.96,26.46,-0.0185459940652819,2026-08-07,,,,,,,,
WRD,2026-08-06,5.9,6.3,0.06779661016949134,2026-08-07,,,,,,,,
WRLD,2026-08-06,190.03,187.13,-0.015260748302899585,2026-08-07,,,,,,,,
WRN,2026-08-06,2.33,2.41,0.03433476394849788,2026-08-07,,,,,,,,
WRND,2026-08-06,42.81,43.31,0.011679514132212132,2026-08-07,,,,,,,,
WRTH,2026-08-06,25.67,25.65,-0.00077911959485788,2026-08-07,,,,,,,,
WS,2026-08-06,37.04,38.26,0.032937365010799136,2026-08-07,,,,,,,,
WSBC,2026-08-06,41.73,41.69,-0.0009585430146177298,2026-08-07,,,,,,,,
WSBF,2026-08-06,20.88,20.84,-0.0019157088122604415,2026-08-07,,,,,,,,
WSBK,2026-08-06,12.99,13.0,0.0007698229407235857,2026-08-07,,,,,,,,
WSC,2026-08-06,25.82,24.37,-0.05615801704105339,2026-08-07,,,,,,,,
WSDB,2026-08-06,24.9,24.91,0.00040160642570286065,2026-08-07,,,,,,,,
WSE,2026-08-06,12.4,12.36,-0.003225806451612967,2026-08-07,,,,,,,,
WSFS,2026-08-06,81.67,81.27,-0.004897759275131697,2026-08-07,,,,,,,,
WSGE,2026-08-06,28.54,28.79,0.008759635599159044,2026-08-07,,,,,,,,
WSHP,2026-08-06,5.53,5.5,-0.005424954792043413,2026-08-07,,,,,,,,
WSM,2026-08-06,246.89,251.78,0.01980639151038921,2026-08-07,,,,,,,,
WSMD,2026-08-06,25.35,25.89,0.02130177514792897,2026-08-07,,,,,,,,
WSML,2026-08-06,35.44,35.8,0.010158013544018019,2026-08-07,,,,,,,,
WSO,2026-08-06,321.02,330.1,0.028284842065914972,2026-08-07,,,,,,,,
WSPC,2026-08-06,28.22,29.82,0.056697377746279365,2026-08-07,,,,,,,,
WST,2026-08-06,348.6,354.07,0.015691336775674136,2026-08-07,,,,,,,,
WSTN,2026-08-06,10.14,10.15,0.0009861932938854956,2026-08-07,,,,,,,,
WT,2026-08-06,21.48,21.25,-0.010707635009311045,2026-08-07,,,,,,,,
WTAI,2026-08-06,40.64,41.16,0.012795275590551158,2026-08-07,,,,,,,,
WTBA,2026-08-06,28.32,28.43,0.003884180790960423,2026-08-07,,,,,,,,
WTBN,2026-08-06,24.78,24.81,0.001210653753026536,2026-08-07,,,,,,,,
WTF,2026-08-06,2.98,2.88,-0.033557046979865834,2026-08-07,,,,,,,,
WTFC,2026-08-06,159.13,158.75,-0.0023879846666247095,2026-08-07,,,,,,,,
WTG,2026-08-06,10.47,10.49,0.0019102196752625034,2026-08-07,,,,,,,,
WTI,2026-08-06,3.34,3.43,0.026946107784431295,2026-08-07,,,,,,,,
WTIB,2026-08-06,22.64,23.07,0.018992932862190726,2026-08-07,,,,,,,,
WTID,2026-08-06,4.0,4.08,0.020000000000000018,2026-08-07,,,,,,,,
WTIP,2026-08-06,35.38,35.51,0.0036743923120405864,2026-08-07,,,,,,,,
WTIU,2026-08-06,17.25,17.0,-0.01449275362318836,2026-08-07,,,,,,,,
WTLS,2026-08-06,62.81,62.64,-0.002706575386085097,2026-08-07,,,,,,,,
WTM,2026-08-06,2141.09,2149.44,0.003899882769990981,2026-08-07,,,,,,,,
WTMF,2026-08-06,41.19,41.29,0.0024277737314881698,2026-08-07,,,,,,,,
WTMU,2026-08-06,25.33,25.4,0.0027635215159889093,2026-08-07,,,,,,,,
WTMY,2026-08-06,25.1,25.17,0.002788844621513853,2026-08-07,,,,,,,,
WTPI,2026-08-06,33.29,33.38,0.002703514568939802,2026-08-07,,,,,,,,
WTRE,2026-08-06,24.13,24.26,0.00538748445917947,2026-08-07,,,,,,,,
WTRG,2026-08-06,39.88,40.04,0.004012036108324901,2026-08-07,,,,,,,,
WTS,2026-08-06,377.12,392.23,0.04006682223165048,2026-08-07,,,,,,,,
WTTR,2026-08-06,20.7,20.23,-0.022705314009661803,2026-08-07,,,,,,,,
WTV,2026-08-06,106.48,107.42,0.008827948910593575,2026-08-07,,,,,,,,
WTW,2026-08-06,340.01,344.82,0.014146642745801685,2026-08-07,,,,,,,,
WU,2026-08-06,7.16,7.08,-0.011173184357541888,2026-08-07,,,,,,,,
WUGI,2026-08-06,84.01,85.32,0.015593381740268919,2026-08-07,,,,,,,,
WULF,2026-08-06,17.61,17.08,-0.030096536059057377,2026-08-07,,,,,,,,
WULX,2026-08-06,20.23,19.11,-0.05536332179930803,2026-08-07,,,,,,,,
WVE,2026-08-06,6.02,6.1,0.013289036544850585,2026-08-07,,,,,,,,
WVVI,2026-08-06,2.4,2.39,-0.004166666666666541,2026-08-07,,,,,,,,
WW,2026-08-06,16.88,18.12,0.07345971563981046,2026-08-07,,,,,,,,
WWD,2026-08-06,365.78,362.89,-0.007900924052709257,2026-08-07,,,,,,,,
WWJD,2026-08-06,40.43,40.65,0.0054415038337867205,2026-08-07,,,,,,,,
WWR,2026-08-06,0.41,0.77,0.878048780487805,2026-08-07,,,,,,,,
WWW,2026-08-06,19.04,18.93,-0.005777310924369727,2026-08-07,,,,,,,,
WX,2026-08-06,24.86,25.26,0.016090104585679832,2026-08-07,,,,,,,,
WXET,2026-08-06,19.35,19.77,0.021705426356589008,2026-08-07,,,,,,,,
WXM,2026-08-06,4.41,4.14,-0.061224489795918435,2026-08-07,,,,,,,,
WY,2026-08-06,25.45,25.58,0.0051080550098232536,2026-08-07,,,,,,,,
WYFI,2026-08-06,24.71,24.63,-0.0032375556454877774,2026-08-07,,,,,,,,
WYFL,2026-08-06,9.28,9.25,-0.003232758620689613,2026-08-07,,,,,,,,
WYHG,2026-08-06,9.83,4.43,-0.5493387589013226,2026-08-07,,,,,,,,
WYNN,2026-08-06,101.5,102.54,0.010246305418719182,2026-08-07,,,,,,,,
WYY,2026-08-06,10.72,11.56,0.07835820895522394,2026-08-07,,,,,,,,
WZRD,2026-08-06,0.5,0.61,0.21999999999999997,2026-08-07,,,,,,,,
XA,2026-08-06,38.63,39.57,0.024333419622055263,2026-08-07,,,,,,,,
XAGG,2026-08-06,49.76,49.85,0.001808681672025747,2026-08-07,,,,,,,,
XAGI,2026-08-06,18.97,19.92,0.05007907221929386,2026-08-07,,,,,,,,
XAIR,2026-08-06,5.56,5.36,-0.03597122302158262,2026-08-07,,,,,,,,
XAIX,2026-08-06,55.43,56.11,0.012267725058632495,2026-08-07,,,,,,,,
XAPR,2026-08-06,38.25,38.31,0.0015686274509805198,2026-08-07,,,,,,,,
XAR,2026-08-06,282.91,286.83,0.013855996606694454,2026-08-07,,,,,,,,
XAUG,2026-08-06,39.4,39.42,0.0005076142131981154,2026-08-07,,,,,,,,
XB,2026-08-06,38.94,39.02,0.0020544427324089565,2026-08-07,,,,,,,,
XBAP,2026-08-06,42.51,42.58,0.0016466713714420322,2026-08-07,,,,,,,,
XBB,2026-08-06,40.63,40.75,0.0029534826482893184,2026-08-07,,,,,,,,
XBCI,2026-08-06,31.55,31.89,0.010776545166402585,2026-08-07,,,,,,,,
XBFR,2026-08-06,26.88,26.89,0.000372023809523947,2026-08-07,,,,,,,,
XBI,2026-08-06,154.5,157.37,0.018576051779935376,2026-08-07,,,,,,,,
XBIL,2026-08-06,50.06,50.07,0.00019976028765467113,2026-08-07,,,,,,,,
XBIO,2026-08-06,2.85,3.17,0.11228070175438587,2026-08-07,,,,,,,,
XBIT,2026-08-06,2.28,2.27,-0.004385964912280604,2026-08-07,,,,,,,,
XBIX,2026-08-06,35.35,36.61,0.035643564356435675,2026-08-07,,,,,,,,
XBJA,2026-08-06,34.33,34.37,0.0011651616661811914,2026-08-07,,,,,,,,
XBJL,2026-08-06,40.66,40.81,0.0036891293654699453,2026-08-07,,,,,,,,
XBNB,2026-08-06,19.96,20.13,0.008517034068136198,2026-08-07,,,,,,,,
XBOC,2026-08-06,36.07,36.05,-0.0005544774050458834,2026-08-07,,,,,,,,
XBOX,2026-08-06,100.49,100.52,0.0002985371678774218,2026-08-07,,,,,,,,
XBP,2026-08-06,3.0,3.09,0.030000000000000027,2026-08-07,,,,,,,,
XBTY,2026-08-06,5.55,5.53,-0.003603603603603567,2026-08-07,,,,,,,,
XC,2026-08-06,32.48,32.67,0.0058497536945814055,2026-08-07,,,,,,,,
XCBE,2026-08-06,9.96,9.96,0.0,2026-08-07,,,,,,,,
XCCC,2026-08-06,35.88,36.05,0.004738015607580692,2026-08-07,,,,,,,,
XCEM,2026-08-06,48.93,49.56,0.012875536480686733,2026-08-07,,,,,,,,
XCH,2026-08-06,0.3,0.28,-0.06666666666666654,2026-08-07,,,,,,,,
XCHG,2026-08-06,27.84,27.96,0.004310344827586299,2026-08-07,,,,,,,,
XCLR,2026-08-06,28.11,28.25,0.004980434009249413,2026-08-07,,,,,,,,
XCNY,2026-08-06,32.99,33.22,0.006971809639284565,2026-08-07,,,,,,,,
XCOM,2026-08-06,22.13,22.22,0.004066877541798464,2026-08-07,,,,,,,,
XCOR,2026-08-06,88.92,89.47,0.006185335132703473,2026-08-07,,,,,,,,
XCUR,2026-08-06,1.35,1.35,0.0,2026-08-07,,,,,,,,
XDAT,2026-08-06,25.67,26.34,0.026100506427736647,2026-08-07,,,,,,,,
XDEC,2026-08-06,43.42,43.44,0.0004606172270842368,2026-08-07,,,,,,,,
XDEF,2026-08-06,23.85,24.04,0.007966457023060647,2026-08-07,,,,,,,,
XDIV,2026-08-06,31.36,31.54,0.005739795918367374,2026-08-07,,,,,,,,
XDQQ,2026-08-06,39.85,40.33,0.012045169385194399,2026-08-07,,,,,,,,
XDSQ,2026-08-06,44.22,44.4,0.004070556309362372,2026-08-07,,,,,,,,
XDTE,2026-08-06,39.19,39.46,0.006889512630773309,2026-08-07,,,,,,,,
XE,2026-08-06,20.82,22.65,0.08789625360230535,2026-08-07,,,,,,,,
XEL,2026-08-06,76.97,78.07,0.014291282317786091,2026-08-07,,,,,,,,
XELB,2026-08-06,1.07,1.1,0.028037383177570208,2026-08-07,,,,,,,,
XEMD,2026-08-06,44.48,44.56,0.0017985611510793476,2026-08-07,,,,,,,,
XEML,2026-08-06,26.59,26.86,0.010154193305754067,2026-08-07,,,,,,,,
XENE,2026-08-06,64.55,63.36,-0.018435321456235387,2026-08-07,,,,,,,,
XERS,2026-08-06,7.36,7.93,0.07744565217391286,2026-08-07,,,,,,,,
XES,2026-08-06,113.78,113.33,-0.0039550008788891144,2026-08-07,,,,,,,,
XEUR,2026-08-06,26.71,27.11,0.014975664545114231,2026-08-07,,,,,,,,
XEY,2026-08-06,19.81,19.67,-0.007067137809187107,2026-08-07,,,,,,,,
XFEB,2026-08-06,37.87,37.91,0.0010562450488513786,2026-08-07,,,,,,,,
XFIV,2026-08-06,48.09,48.19,0.0020794343938448367,2026-08-07,,,,,,,,
XFLH,2026-08-06,10.0,10.03,0.0029999999999998916,2026-08-07,,,,,,,,
XFLT,2026-08-06,18.6,18.95,0.018817204301075252,2026-08-07,,,,,,,,
XFLX,2026-08-06,22.71,22.74,0.0013210039630118242,2026-08-07,,,,,,,,
XFOR,2026-08-06,4.17,4.64,0.11270983213429253,2026-08-07,,,,,,,,
XGN,2026-08-06,6.59,6.87,0.04248861911987856,2026-08-07,,,,,,,,
XHB,2026-08-06,108.81,110.8,0.018288760224244083,2026-08-07,,,,,,,,
XHE,2026-08-06,91.25,92.89,0.017972602739726007,2026-08-07,,,,,,,,
XHG,2026-08-06,0.95,0.97,0.021052631578947434,2026-08-07,,,,,,,,
XHLD,2026-08-06,2.81,2.02,-0.28113879003558717,2026-08-07,,,,,,,,
XHLF,2026-08-06,50.19,50.21,0.00039848575413437004,2026-08-07,,,,,,,,
XHOA,2026-08-06,26.26,26.49,0.008758568164508596,2026-08-07,,,,,,,,
XHR,2026-08-06,19.73,19.41,-0.016218955904713672,2026-08-07,,,,,,,,
XHS,2026-08-06,131.82,135.36,0.02685480200273105,2026-08-07,,,,,,,,
XIDE,2026-08-06,30.33,30.35,0.0006594131223212063,2026-08-07,,,,,,,,
XIDV,2026-08-06,39.01,39.23,0.005639579594975519,2026-08-07,,,,,,,,
XIFR,2026-08-06,11.41,11.44,0.002629272567922891,2026-08-07,,,,,,,,
XIGV,2026-08-06,23.31,23.64,0.014157014157014203,2026-08-07,,,,,,,,
XIIIU,2026-08-06,10.45,10.45,0.0,2026-08-07,,,,,,,,
XIJN,2026-08-06,30.77,30.81,0.0012999675008125156,2026-08-07,,,,,,,,
XIMR,2026-08-06,31.39,31.4,0.0003185727938832539,2026-08-07,,,,,,,,
XISE,2026-08-06,30.37,30.38,0.0003292723081989024,2026-08-07,,,,,,,,
XITK,2026-08-06,197.13,205.4,0.04195201136306004,2026-08-07,,,,,,,,
XIWC,2026-08-06,25.57,26.29,0.028157997653500244,2026-08-07,,,,,,,,
XJAN,2026-08-06,38.91,38.96,0.0012850167052171901,2026-08-07,,,,,,,,
XJH,2026-08-06,52.06,52.76,0.01344602381867066,2026-08-07,,,,,,,,
XJR,2026-08-06,52.43,52.78,0.006675567423231055,2026-08-07,,,,,,,,
XJUL,2026-08-06,41.42,41.49,0.0016900048285852787,2026-08-07,,,,,,,,
XJUN,2026-08-06,45.06,45.15,0.001997336884154377,2026-08-07,,,,,,,,
XKRE,2026-08-06,29.81,29.56,-0.008386447500838612,2026-08-07,,,,,,,,
XLB,2026-08-06,52.17,52.86,0.01322599194939622,2026-08-07,,,,,,,,
XLBI,2026-08-06,24.05,24.23,0.007484407484407374,2026-08-07,,,,,,,,
XLBX,2026-08-06,25.08,25.73,0.025917065390749672,2026-08-07,,,,,,,,
XLC,2026-08-06,111.18,111.25,0.0006296096420219666,2026-08-07,,,,,,,,
XLCI,2026-08-06,23.52,23.58,0.0025510204081631294,2026-08-07,,,,,,,,
XLE,2026-08-06,58.16,57.5,-0.011348005502063163,2026-08-07,,,,,,,,
XLEI,2026-08-06,26.5,26.25,-0.009433962264150941,2026-08-07,,,,,,,,
XLEX,2026-08-06,24.75,24.14,-0.024646464646464583,2026-08-07,,,,,,,,
XLF,2026-08-06,57.81,57.6,-0.0036325895173845435,2026-08-07,,,,,,,,
XLFI,2026-08-06,24.29,24.28,-0.00041169205434321565,2026-08-07,,,,,,,,
XLFX,2026-08-06,30.96,30.73,-0.007428940568475428,2026-08-07,,,,,,,,
XLG,2026-08-06,62.95,63.3,0.005559968228752821,2026-08-07,,,,,,,,
XLI,2026-08-06,184.76,185.18,0.002273219311539343,2026-08-07,,,,,,,,
XLII,2026-08-06,26.28,26.25,-0.0011415525114155667,2026-08-07,,,,,,,,
XLIX,2026-08-06,27.49,27.59,0.0036376864314295876,2026-08-07,,,,,,,,
XLK,2026-08-06,185.33,187.97,0.01424486051907392,2026-08-07,,,,,,,,
XLKI,2026-08-06,26.44,26.68,0.009077155824508187,2026-08-07,,,,,,,,
XLKX,2026-08-06,21.04,21.55,0.024239543726235713,2026-08-07,,,,,,,,
XLO,2026-08-06,9.27,9.17,-0.010787486515641764,2026-08-07,,,,,,,,
XLP,2026-08-06,85.11,85.12,0.00011749500646218713,2026-08-07,,,,,,,,
XLPX,2026-08-06,26.77,26.82,0.0018677624206200338,2026-08-07,,,,,,,,
XLRE,2026-08-06,44.81,44.98,0.0037937960276723803,2026-08-07,,,,,,,,
XLRI,2026-08-06,23.6,23.72,0.005084745762711673,2026-08-07,,,,,,,,
XLSI,2026-08-06,23.42,23.47,0.002134927412467791,2026-08-07,,,,,,,,
XLSR,2026-08-06,66.29,66.66,0.005581535676572491,2026-08-07,,,,,,,,
XLU,2026-08-06,43.38,43.61,0.005301982480405698,2026-08-07,,,,,,,,
XLUI,2026-08-06,23.38,23.5,0.0051325919589393365,2026-08-07,,,,,,,,
XLUX,2026-08-06,24.17,24.5,0.013653289201489338,2026-08-07,,,,,,,,
XLV,2026-08-06,164.45,165.68,0.007479477044694649,2026-08-07,,,,,,,,
XLVI,2026-08-06,26.57,26.74,0.006398193451260692,2026-08-07,,,,,,,,
XLVX,2026-08-06,31.11,31.54,0.013821922211507465,2026-08-07,,,,,,,,
XLY,2026-08-06,118.1,119.86,0.014902624894157501,2026-08-07,,,,,,,,
XLYI,2026-08-06,22.93,23.17,0.010466637592673411,2026-08-07,,,,,,,,
XLYX,2026-08-06,24.66,25.37,0.0287915652879156,2026-08-07,,,,,,,,
XMAG,2026-08-06,25.96,26.17,0.008089368258859864,2026-08-07,,,,,,,,
XMAR,2026-08-06,43.18,43.24,0.0013895321908290459,2026-08-07,,,,,,,,
XMAX,2026-08-06,9.17,9.09,-0.008724100327153761,2026-08-07,,,,,,,,
XMAY,2026-08-06,36.63,36.71,0.002184002184002054,2026-08-07,,,,,,,,
XME,2026-08-06,110.35,115.74,0.04884458541005898,2026-08-07,,,,,,,,
XMHQ,2026-08-06,117.14,118.49,0.011524671333447145,2026-08-07,,,,,,,,
XMLV,2026-08-06,68.38,68.55,0.0024861070488446657,2026-08-07,,,,,,,,
XMMO,2026-08-06,159.44,161.98,0.01593075765178109,2026-08-07,,,,,,,,
XMPT,2026-08-06,21.54,21.72,0.008356545961002881,2026-08-07,,,,,,,,
XMTR,2026-08-06,87.09,93.14,0.0694683660581008,2026-08-07,,,,,,,,
XMVM,2026-08-06,74.19,74.34,0.002021835826930829,2026-08-07,,,,,,,,
XNAV,2026-08-06,91.81,92.86,0.011436662672911435,2026-08-07,,,,,,,,
XNCR,2026-08-06,20.0,20.81,0.04049999999999998,2026-08-07,,,,,,,,
XNDU,2026-08-06,10.39,11.0,0.05871029836381125,2026-08-07,,,,,,,,
XNDX,2026-08-06,8.83,9.76,0.10532276330690826,2026-08-07,,,,,,,,
XNET,2026-08-06,5.06,5.12,0.011857707509881577,2026-08-07,,,,,,,,
XNOV,2026-08-06,40.07,40.12,0.001247816321437334,2026-08-07,,,,,,,,
XNTK,2026-08-06,356.79,362.45,0.015863673309229442,2026-08-07,,,,,,,,
XOCT,2026-08-06,39.97,40.01,0.001000750562922148,2026-08-07,,,,,,,,
XOEF,2026-08-06,30.06,30.26,0.006653359946773296,2026-08-07,,,,,,,,
XOEX,2026-08-06,41.0,41.37,0.009024390243902447,2026-08-07,,,,,,,,
XOM,2026-08-06,154.84,153.04,-0.011624903125807329,2026-08-07,,,,,,,,
XOMO,2026-08-06,11.1,11.03,-0.006306306306306353,2026-08-07,,,,,,,,
XOMX,2026-08-06,43.74,42.67,-0.024462734339277592,2026-08-07,,,,,,,,
XONE,2026-08-06,49.25,49.29,0.0008121827411167182,2026-08-07,,,,,,,,
XOP,2026-08-06,167.05,166.4,-0.0038910505836575737,2026-08-07,,,,,,,,
XOS,2026-08-06,2.63,2.75,0.04562737642585546,2026-08-07,,,,,,,,
XOVL,2026-08-06,18.47,20.06,0.0860855441256092,2026-08-07,,,,,,,,
XOVR,2026-08-06,19.26,20.13,0.04517133956386288,2026-08-07,,,,,,,,
XP,2026-08-06,16.68,16.24,-0.026378896882494063,2026-08-07,,,,,,,,
XPAV,2026-08-06,25.67,25.95,0.01090767432800921,2026-08-07,,,,,,,,
XPAY,2026-08-06,54.03,54.35,0.005922635572829904,2026-08-07,,,,,,,,
XPEG,2026-08-06,3.9,4.21,0.07948717948717943,2026-08-07,,,,,,,,
XPEL,2026-08-06,47.68,50.07,0.050125838926174504,2026-08-07,,,,,,,,
XPER,2026-08-06,6.86,7.14,0.04081632653061207,2026-08-07,,,,,,,,
XPEV,2026-08-06,11.68,12.13,0.03852739726027399,2026-08-07,,,,,,,,
XPH,2026-08-06,70.34,70.52,0.002558999147000085,2026-08-07,,,,,,,,
XPL,2026-08-06,0.74,0.77,0.04054054054054057,2026-08-07,,,,,,,,
XPND,2026-08-06,39.55,40.09,0.013653603034134099,2026-08-07,,,,,,,,
XPO,2026-08-06,196.35,202.58,0.03172905525846703,2026-08-07,,,,,,,,
XPOF,2026-08-06,6.36,5.03,-0.20911949685534592,2026-08-07,,,,,,,,
XPON,2026-08-06,3.31,3.47,0.048338368580060465,2026-08-07,,,,,,,,
XPP,2026-08-06,21.84,22.05,0.009615384615384581,2026-08-07,,,,,,,,
XPRO,2026-08-06,16.99,16.96,-0.0017657445556208407,2026-08-07,,,,,,,,
XQQI,2026-08-06,48.81,49.5,0.0141364474492931,2026-08-07,,,,,,,,
XQTM,2026-08-06,15.24,16.59,0.0885826771653544,2026-08-07,,,,,,,,
XRAY,2026-08-06,13.17,12.12,-0.07972665148063784,2026-08-07,,,,,,,,
XRLX,2026-08-06,49.03,49.23,0.004079135223332475,2026-08-07,,,,,,,,
XRMI,2026-08-06,17.38,17.39,0.0005753739930955959,2026-08-07,,,,,,,,
XRN,2026-08-06,35.46,36.07,0.01720248166948668,2026-08-07,,,,,,,,
XRP,2026-08-06,11.57,11.42,-0.012964563526361328,2026-08-07,,,,,,,,
XRPC,2026-08-06,10.98,10.85,-0.011839708561020124,2026-08-07,,,,,,,,
XRPI,2026-08-06,5.66,5.59,-0.012367491166077826,2026-08-07,,,,,,,,
XRPM,2026-08-06,10.09,9.96,-0.012884043607532147,2026-08-07,,,,,,,,
XRPN,2026-08-06,10.46,10.47,0.0009560229445506607,2026-08-07,,,,,,,,
XRPR,2026-08-06,8.46,8.36,-0.011820330969267268,2026-08-07,,,,,,,,
XRPT,2026-08-06,20.7,20.26,-0.021256038647342934,2026-08-07,,,,,,,,
XRPZ,2026-08-06,11.23,11.1,-0.011576135351736516,2026-08-07,,,,,,,,
XRT,2026-08-06,89.85,90.82,0.010795770728992737,2026-08-07,,,,,,,,
XRTX,2026-08-06,2.03,2.13,0.049261083743842304,2026-08-07,,,,,,,,
XRX,2026-08-06,3.23,3.24,0.003095975232198178,2026-08-07,,,,,,,,
XSD,2026-08-06,520.42,544.67,0.046596979362822255,2026-08-07,,,,,,,,
XSEM,2026-08-06,18.92,19.5,0.030655391120507414,2026-08-07,,,,,,,,
XSEP,2026-08-06,44.9,44.92,0.00044543429844101645,2026-08-07,,,,,,,,
XSHD,2026-08-06,14.29,14.44,0.01049685094471653,2026-08-07,,,,,,,,
XSHP,2026-08-06,13.85,16.05,0.15884476534296033,2026-08-07,,,,,,,,
XSHQ,2026-08-06,49.37,49.4,0.0006076564715413735,2026-08-07,,,,,,,,
XSLL,2026-08-06,9.95,9.93,-0.0020100502512562235,2026-08-07,,,,,,,,
XSLV,2026-08-06,53.59,53.6,0.00018660197798103795,2026-08-07,,,,,,,,
XSMO,2026-08-06,88.34,88.7,0.004075164138555465,2026-08-07,,,,,,,,
XSOE,2026-08-06,46.25,46.7,0.009729729729729852,2026-08-07,,,,,,,,
XSPC,2026-08-06,21.66,23.32,0.07663896583564167,2026-08-07,,,,,,,,
XSPI,2026-08-06,49.99,50.21,0.004400880176035127,2026-08-07,,,,,,,,
XSVM,2026-08-06,70.75,70.72,-0.0004240282685512575,2026-08-07,,,,,,,,
XSVN,2026-08-06,46.47,46.58,0.0023671185711211518,2026-08-07,,,,,,,,
XSW,2026-08-06,190.57,195.76,0.027234087212048008,2026-08-07,,,,,,,,
XT,2026-08-06,81.69,82.84,0.014077610478638869,2026-08-07,,,,,,,,
XTAI,2026-08-06,21.26,21.68,0.019755409219190945,2026-08-07,,,,,,,,
XTAP,2026-08-06,46.21,46.25,0.000865613503570728,2026-08-07,,,,,,,,
XTEN,2026-08-06,44.35,44.43,0.001803833145433975,2026-08-07,,,,,,,,
XTIA,2026-08-06,1.5,1.53,0.020000000000000018,2026-08-07,,,,,,,,
XTJA,2026-08-06,34.72,34.81,0.00259216589861766,2026-08-07,,,,,,,,
XTJL,2026-08-06,42.08,42.26,0.004277566539923949,2026-08-07,,,,,,,,
XTL,2026-08-06,214.8,215.19,0.0018156424581003971,2026-08-07,,,,,,,,
XTLB,2026-08-06,2.87,2.94,0.024390243902439046,2026-08-07,,,,,,,,
XTN,2026-08-06,111.35,112.42,0.009609339919173898,2026-08-07,,,,,,,,
XTNT,2026-08-06,0.44,0.44,0.0,2026-08-07,,,,,,,,
XTOC,2026-08-06,36.75,36.83,0.002176870748299198,2026-08-07,,,,,,,,
XTR,2026-08-06,29.05,29.22,0.005851979345955272,2026-08-07,,,,,,,,
XTRE,2026-08-06,48.7,48.77,0.0014373716632443134,2026-08-07,,,,,,,,
XTWO,2026-08-06,48.76,48.81,0.001025430680886119,2026-08-07,,,,,,,,
XTWY,2026-08-06,35.37,35.5,0.0036754311563471642,2026-08-07,,,,,,,,
XUDV,2026-08-06,32.64,32.98,0.010416666666666519,2026-08-07,,,,,,,,
XUSP,2026-08-06,54.41,54.88,0.00863811799301617,2026-08-07,,,,,,,,
XV,2026-08-06,24.68,24.86,0.007293354943273878,2026-08-07,,,,,,,,
XVO,2026-08-06,26.05,26.39,0.01305182341650668,2026-08-07,,,,,,,,
XVUG,2026-08-06,23.72,24.09,0.015598650927487467,2026-08-07,,,,,,,,
XVV,2026-08-06,58.96,59.35,0.00661465400271366,2026-08-07,,,,,,,,
XW,2026-08-06,24.14,24.61,0.019469759734879855,2026-08-07,,,,,,,,
XWEL,2026-08-06,1.08,1.02,-0.05555555555555558,2026-08-07,,,,,,,,
XXI,2026-08-06,4.36,4.55,0.04357798165137594,2026-08-07,,,,,,,,
XXII,2026-08-06,4.32,4.29,-0.006944444444444531,2026-08-07,,,,,,,,
XXRP,2026-08-06,19.46,19.0,-0.023638232271325887,2026-08-07,,,,,,,,
XXV,2026-08-06,23.13,23.51,0.016428880242109978,2026-08-07,,,,,,,,
XXX,2026-08-06,20.09,20.04,-0.002488800398208091,2026-08-07,,,,,,,,
XYF,2026-08-06,5.21,5.3,0.017274472168905985,2026-08-07,,,,,,,,
XYL,2026-08-06,120.76,120.32,-0.0036435905929116386,2026-08-07,,,,,,,,
XYLD,2026-08-06,41.52,41.57,0.0012042389210018545,2026-08-07,,,,,,,,
XYLG,2026-08-06,29.55,29.66,0.0037225042301183286,2026-08-07,,,,,,,,
XYZ,2026-08-06,79.02,79.0,-0.00025310048089088877,2026-08-07,,,,,,,,
XYZG,2026-08-06,17.28,17.18,-0.0057870370370370905,2026-08-07,,,,,,,,
XYZY,2026-08-06,25.37,25.28,-0.0035474970437524567,2026-08-07,,,,,,,,
XZO,2026-08-06,16.29,15.5,-0.04849600982197666,2026-08-07,,,,,,,,
YAAS,2026-08-06,2.51,2.66,0.059760956175298974,2026-08-07,,,,,,,,
YALA,2026-08-06,5.38,5.48,0.01858736059479571,2026-08-07,,,,,,,,
YALL,2026-08-06,43.45,44.21,0.01749136939010354,2026-08-07,,,,,,,,
YANG,2026-08-06,27.42,26.96,-0.016776075857038664,2026-08-07,,,,,,,,
YARW,2026-08-06,41.63,41.43,-0.0048042277203940165,2026-08-07,,,,,,,,
YB,2026-08-06,13.67,13.94,0.01975128017556682,2026-08-07,,,,,,,,
YBIT,2026-08-06,18.47,18.47,0.0,2026-08-07,,,,,,,,
YBMN,2026-08-06,12.68,12.97,0.022870662460567903,2026-08-07,,,,,,,,
YBST,2026-08-06,12.67,12.73,0.0047355958958168465,2026-08-07,,,,,,,,
YBTC,2026-08-06,17.72,17.89,0.009593679458239412,2026-08-07,,,,,,,,
YBTY,2026-08-06,11.1,11.15,0.0045045045045044585,2026-08-07,,,,,,,,
YCBD,2026-08-06,0.57,0.56,-0.01754385964912264,2026-08-07,,,,,,,,
YCL,2026-08-06,18.11,18.36,0.013804527885146411,2026-08-07,,,,,,,,
YCLO,2026-08-06,25.17,25.18,0.00039729837107649324,2026-08-07,,,,,,,,
YCS,2026-08-06,54.16,53.55,-0.011262924667651442,2026-08-07,,,,,,,,
YCY,2026-08-06,10.2,10.2,0.0,2026-08-07,,,,,,,,
YDDL,2026-08-06,1.76,1.8,0.022727272727272707,2026-08-07,,,,,,,,
YDEC,2026-08-06,28.09,28.19,0.003559985760057005,2026-08-07,,,,,,,,
YDES,2026-08-06,2.36,2.3,-0.025423728813559365,2026-08-07,,,,,,,,
YDKG,2026-08-06,1.08,1.08,0.0,2026-08-07,,,,,,,,
YEAR,2026-08-06,50.2,50.24,0.0007968127490038945,2026-08-07,,,,,,,,
YELP,2026-08-06,25.04,25.56,0.02076677316293929,2026-08-07,,,,,,,,
YETH,2026-08-06,8.97,9.07,0.011148272017837302,2026-08-07,,,,,,,,
YETI,2026-08-06,51.88,52.2,0.006168080185042335,2026-08-07,,,,,,,,
YEXT,2026-08-06,5.57,5.73,0.02872531418312385,2026-08-07,,,,,,,,
YFFI,2026-08-06,9.88,9.9,0.002024291497975561,2026-08-07,,,,,,,,
YFYA,2026-08-06,9.78,9.79,0.0010224948875254825,2026-08-07,,,,,,,,
YGLD,2026-08-06,33.66,35.04,0.04099821746880572,2026-08-07,,,,,,,,
YHC,2026-08-06,2.0,1.79,-0.10499999999999998,2026-08-07,,,,,,,,
YHGJ,2026-08-06,3.12,3.0,-0.03846153846153855,2026-08-07,,,,,,,,
YHNA,2026-08-06,10.96,10.95,-0.0009124087591242391,2026-08-07,,,,,,,,
YI,2026-08-06,3.79,3.91,0.0316622691292876,2026-08-07,,,,,,,,
YIBO,2026-08-06,1.17,1.19,0.017094017094017033,2026-08-07,,,,,,,,
YICC,2026-08-06,9.91,9.93,0.0020181634712410634,2026-08-07,,,,,,,,
YINN,2026-08-06,30.98,31.5,0.016785022595222632,2026-08-07,,,,,,,,
YJ,2026-08-06,1.23,3.4,1.7642276422764227,2026-08-07,,,,,,,,
YJUN,2026-08-06,27.4,27.55,0.005474452554744547,2026-08-07,,,,,,,,
YLD,2026-08-06,18.92,18.97,0.0026427061310780875,2026-08-07,,,,,,,,
YLDE,2026-08-06,57.41,57.39,-0.00034837136387377843,2026-08-07,,,,,,,,
YLDW,2026-08-06,25.65,25.8,0.005847953216374435,2026-08-07,,,,,,,,
YMAG,2026-08-06,11.48,11.58,0.008710801393728262,2026-08-07,,,,,,,,
YMAR,2026-08-06,29.14,29.29,0.005147563486616269,2026-08-07,,,,,,,,
YMAT,2026-08-06,2.03,1.92,-0.054187192118226535,2026-08-07,,,,,,,,
YMAX,2026-08-06,7.58,7.7,0.0158311345646438,2026-08-07,,,,,,,,
YMM,2026-08-06,9.53,9.63,0.010493179433368471,2026-08-07,,,,,,,,
YMT,2026-08-06,0.36,0.35,-0.02777777777777779,2026-08-07,,,,,,,,
YNOT,2026-08-06,32.3,32.8,0.015479876160990669,2026-08-07,,,,,,,,
YOKE,2026-08-06,32.12,32.19,0.002179327521793395,2026-08-07,,,,,,,,
YOLO,2026-08-06,2.58,2.65,0.027131782945736482,2026-08-07,,,,,,,,
YORW,2026-08-06,31.61,31.7,0.002847200253084381,2026-08-07,,,,,,,,
YOU,2026-08-06,53.02,51.29,-0.03262919652961149,2026-08-07,,,,,,,,
YOUL,2026-08-06,0.4,0.42,0.04999999999999982,2026-08-07,,,,,,,,
YPF,2026-08-06,49.61,49.16,-0.009070751864543536,2026-08-07,,,,,,,,
YQ,2026-08-06,2.01,2.4,0.19402985074626877,2026-08-07,,,,,,,,
YQQQ,2026-08-06,9.8,9.71,-0.009183673469387754,2026-08-07,,,,,,,,
YRD,2026-08-06,1.23,1.26,0.024390243902439046,2026-08-07,,,,,,,,
YSAG,2026-08-06,61.71,63.39,0.0272241127856101,2026-08-07,,,,,,,,
YSAU,2026-08-06,42.45,43.46,0.023792697290930365,2026-08-07,,,,,,,,
YSEP,2026-08-06,28.17,28.19,0.0007099751508696794,2026-08-07,,,,,,,,
YSG,2026-08-06,3.24,3.4,0.04938271604938271,2026-08-07,,,,,,,,
YSPC,2026-08-06,42.84,47.72,0.1139122315592902,2026-08-07,,,,,,,,
YSPY,2026-08-06,14.99,14.98,-0.0006671114076050033,2026-08-07,,,,,,,,
YSS,2026-08-06,10.89,11.41,0.04775022956841135,2026-08-07,,,,,,,,
YSWY,2026-08-06,21.97,21.61,-0.016385980883022233,2026-08-07,,,,,,,,
YSXT,2026-08-06,0.98,1.03,0.05102040816326525,2026-08-07,,,,,,,,
YTRA,2026-08-06,0.9,0.85,-0.05555555555555558,2026-08-07,,,,,,,,
YUM,2026-08-06,152.28,150.76,-0.009981612818492303,2026-08-07,,,,,,,,
YUMC,2026-08-06,48.19,47.72,-0.009753060800996027,2026-08-07,,,,,,,,
YUNG,2026-08-06,28.99,29.15,0.0055191445325974975,2026-08-07,,,,,,,,
YXI,2026-08-06,21.54,21.4,-0.006499535747446661,2026-08-07,,,,,,,,
YXT,2026-08-06,7.95,5.98,-0.24779874213836472,2026-08-07,,,,,,,,
YYAI,2026-08-06,0.08,0.08,0.0,2026-08-07,,,,,,,,
YYGH,2026-08-06,1.15,1.12,-0.02608695652173898,2026-08-07,,,,,,,,
YYY,2026-08-06,11.36,11.42,0.005281690140845008,2026-08-07,,,,,,,,
YYYM,2026-08-06,19.58,19.71,0.006639427987742641,2026-08-07,,,,,,,,
Z,2026-08-06,33.43,33.61,0.00538438528268026,2026-08-07,,,,,,,,
ZALT,2026-08-06,34.38,34.43,0.0014543339150667745,2026-08-07,,,,,,,,
ZAP,2026-08-06,32.43,32.6,0.005242059821153333,2026-08-07,,,,,,,,
ZAPR,2026-08-06,26.84,26.87,0.0011177347242921076,2026-08-07,,,,,,,,
ZAUG,2026-08-06,27.86,27.88,0.00071787508973431,2026-08-07,,,,,,,,
ZBAO,2026-08-06,0.2,0.19,-0.050000000000000044,2026-08-07,,,,,,,,
ZBH,2026-08-06,97.19,96.55,-0.006585039613128951,2026-08-07,,,,,,,,
ZBIO,2026-08-06,32.17,32.43,0.008082064034814929,2026-08-07,,,,,,,,
ZBRA,2026-08-06,364.24,376.49,0.033631671425433884,2026-08-07,,,,,,,,
ZCBA,2026-08-06,48.83,48.87,0.0008191685439278285,2026-08-07,,,,,,,,
ZCBB,2026-08-06,48.67,48.76,0.0018491884117526336,2026-08-07,,,,,,,,
ZCBC,2026-08-06,48.62,48.72,0.002056766762649209,2026-08-07,,,,,,,,
ZCBE,2026-08-06,48.55,48.65,0.002059732234809486,2026-08-07,,,,,,,,
ZCBF,2026-08-06,48.44,48.56,0.0024772914946327163,2026-08-07,,,,,,,,
ZCBG,2026-08-06,48.41,48.53,0.002478826688700808,2026-08-07,,,,,,,,
ZCMD,2026-08-06,1.08,1.08,0.0,2026-08-07,,,,,,,,
ZD,2026-08-06,50.95,53.87,0.05731108930323825,2026-08-07,,,,,,,,
ZDAI,2026-08-06,1.73,1.84,0.06358381502890187,2026-08-07,,,,,,,,
ZDEK,2026-08-06,26.66,26.68,0.0007501875468867159,2026-08-07,,,,,,,,
ZDGE,2026-08-06,3.1,2.98,-0.03870967741935483,2026-08-07,,,,,,,,
ZECP,2026-08-06,38.59,38.66,0.001813941435604871,2026-08-07,,,,,,,,
ZENA,2026-08-06,1.38,1.65,0.19565217391304346,2026-08-07,,,,,,,,
ZEO,2026-08-06,0.52,0.58,0.1153846153846152,2026-08-07,,,,,,,,
ZEPP,2026-08-06,4.65,4.75,0.021505376344086002,2026-08-07,,,,,,,,
ZETA,2026-08-06,25.56,26.64,0.04225352112676073,2026-08-07,,,,,,,,
ZETX,2026-08-06,29.27,31.27,0.06832934745473174,2026-08-07,,,,,,,,
ZFEB,2026-08-06,26.19,26.21,0.0007636502481862539,2026-08-07,,,,,,,,
ZG,2026-08-06,33.76,33.95,0.005627962085308136,2026-08-07,,,,,,,,
ZGN,2026-08-06,14.8,14.91,0.007432432432432412,2026-08-07,,,,,,,,
ZH,2026-08-06,3.25,3.25,0.0,2026-08-07,,,,,,,,
ZHDG,2026-08-06,24.06,24.17,0.004571903574397407,2026-08-07,,,,,,,,
ZHOG,2026-08-06,51.06,51.1,0.0007833920877398093,2026-08-07,,,,,,,,
ZIG,2026-08-06,40.53,40.88,0.008635578583765069,2026-08-07,,,,,,,,
ZIM,2026-08-06,26.38,26.9,0.019711902956785377,2026-08-07,,,,,,,,
ZINC,2026-08-06,26.07,26.19,0.004602991944764101,2026-08-07,,,,,,,,
ZION,2026-08-06,70.58,70.32,-0.0036837631056957365,2026-08-07,,,,,,,,
ZIP,2026-08-06,4.68,5.14,0.09829059829059839,2026-08-07,,,,,,,,
ZJAN,2026-08-06,28.24,28.26,0.0007082152974504652,2026-08-07,,,,,,,,
ZJK,2026-08-06,1.66,1.78,0.07228915662650603,2026-08-07,,,,,,,,
ZJUL,2026-08-06,30.21,30.24,0.0009930486593843213,2026-08-07,,,,,,,,
ZJUN,2026-08-06,27.64,27.7,0.0021707670043413785,2026-08-07,,,,,,,,
ZJYL,2026-08-06,1.92,2.15,0.11979166666666674,2026-08-07,,,,,,,,
ZKH,2026-08-06,2.82,2.85,0.010638297872340496,2026-08-07,,,,,,,,
ZKIN,2026-08-06,1.06,1.08,0.018867924528301883,2026-08-07,,,,,,,,
ZKP,2026-08-06,9.98,9.98,0.0,2026-08-07,,,,,,,,
ZLAB,2026-08-06,20.88,23.32,0.11685823754789282,2026-08-07,,,,,,,,
ZM,2026-08-06,101.3,104.5,0.031589338598223105,2026-08-07,,,,,,,,
ZMAR,2026-08-06,28.46,28.49,0.0010541110330286596,2026-08-07,,,,,,,,
ZMAY,2026-08-06,26.22,26.23,0.00038138825324196546,2026-08-07,,,,,,,,
ZMUN,2026-08-06,49.99,50.03,0.0008001600320064473,2026-08-07,,,,,,,,
ZNB,2026-08-06,2.47,2.47,0.0,2026-08-07,,,,,,,,
ZNOV,2026-08-06,27.72,27.74,0.0007215007215006786,2026-08-07,,,,,,,,
ZNTL,2026-08-06,5.0,4.22,-0.15600000000000003,2026-08-07,,,,,,,,
ZOCT,2026-08-06,27.85,27.86,0.00035906642728900096,2026-08-07,,,,,,,,
ZONE,2026-08-06,0.38,0.37,-0.02631578947368418,2026-08-07,,,,,,,,
ZOOZ,2026-08-06,5.3,5.5,0.037735849056603765,2026-08-07,,,,,,,,
ZROZ,2026-08-06,58.72,59.02,0.005108991825613085,2026-08-07,,,,,,,,
ZS,2026-08-06,162.6,168.68,0.0373923739237394,2026-08-07,,,,,,,,
ZSB,2026-08-06,21.73,21.75,0.0009203865623561569,2026-08-07,,,,,,,,
ZSC,2026-08-06,29.9,30.07,0.005685618729097008,2026-08-07,,,,,,,,
ZSEP,2026-08-06,27.75,27.77,0.0007207207207207134,2026-08-07,,,,,,,,
ZSL,2026-08-06,27.23,25.64,-0.05839147998531036,2026-08-07,,,,,,,,
ZSQR,2026-08-06,3.94,4.04,0.025380710659898442,2026-08-07,,,,,,,,
ZSTK,2026-08-06,1.76,1.65,-0.0625,2026-08-07,,,,,,,,
ZTAX,2026-08-06,25.62,25.52,-0.0039032006245121043,2026-08-07,,,,,,,,
ZTEK,2026-08-06,0.65,0.67,0.030769230769230882,2026-08-07,,,,,,,,
ZTEN,2026-08-06,49.68,49.73,0.0010064412238324216,2026-08-07,,,,,,,,
ZTG,2026-08-06,10.05,9.2,-0.08457711442786087,2026-08-07,,,,,,,,
ZTO,2026-08-06,24.07,23.6,-0.019526381387619418,2026-08-07,,,,,,,,
ZTOP,2026-08-06,51.53,51.62,0.0017465554046185439,2026-08-07,,,,,,,,
ZTR,2026-08-06,6.75,6.78,0.004444444444444473,2026-08-07,,,,,,,,
ZTRE,2026-08-06,50.45,50.47,0.00039643211100082176,2026-08-07,,,,,,,,
ZTS,2026-08-06,77.27,72.66,-0.059660929209266245,2026-08-07,,,,,,,,
ZTWO,2026-08-06,50.37,50.35,-0.000397061743100946,2026-08-07,,,,,,,,
ZUMZ,2026-08-06,19.65,20.11,0.023409669211196027,2026-08-07,,,,,,,,
ZURA,2026-08-06,5.71,5.97,0.04553415061295962,2026-08-07,,,,,,,,
ZVIA,2026-08-06,1.47,1.44,-0.020408163265306145,2026-08-07,,,,,,,,
ZVOL,2026-08-06,7.92,7.87,-0.0063131313131312705,2026-08-07,,,,,,,,
ZVRA,2026-08-06,11.88,11.56,-0.026936026936026924,2026-08-07,,,,,,,,
ZWS,2026-08-06,51.84,51.42,-0.00810185185185186,2026-08-07,,,,,,,,
ZYBT,2026-08-06,2.09,1.89,-0.09569377990430616,2026-08-07,,,,,,,,
ZYME,2026-08-06,23.13,23.54,0.017725897103328947,2026-08-07,,,,,,,,
